source,sentence,label
10-bai-ke-trich-thap-gioi-co-hon-van.no.txt,偈嘆哴蔑瓶蔑鉢蔑袈裟耨於廛伽𨴦茹經㐌玊楼香論篆定退禪院俸磋花,Nom
10-bai-ke-trich-thap-gioi-co-hon-van.no.txt,身心瀝圭何有戒行𠳐隊教釋迦吶仍天堂共地獄法𣋀度特命些偈嘆哴損功𣈜𣎃煉丹砂方士尋制㡳禮󰕒朝斗熊熊真北月步虚永永㗂散󰒥玊清㧠性諸典薤露還󰄒侈吏隊律天尊度世度𠊛埃几度命些偈嘆哴貂璫岸岸𥜌紅紗明召恩封細󰕒傘葉䏾槐𩂏𩈘玊香汚𨤮栁淡󰈫󰒥,Nom
10-bai-ke-trich-thap-gioi-co-hon-van.no.txt,鯨鯨𥜌把連巾紗場屋歆埋㡳礼󰕒冷𠖭𦍛秋如案雪𣌝霜氽彂論鞋󰒥才髙欣女公孫策,Nom
10-bai-ke-trich-thap-gioi-co-hon-van.no.txt,運盛時衰讀每仍吶汵哴坦坦咍𠴜特𠊚些偈嘆哴牛黃竜腦免晨紗𩈘謹方牟積㡳󰕒針灸午咍尼脉絡束用驗别准󰒁華袖珍𦕳通𡗉症和叔方牟熟每髙𥰊埃埃調𦔳特𦔳𠊚𣋀𦔳命些,Nom
10-bai-ke-trich-thap-gioi-co-hon-van.no.txt,廊南𡉦少尼󰕒仃蔑𫃵黙紅謨粉悉銅錢咹㡳逴󰒥吝矧傷身幻化祝矇仍買事交惜春坤惜惜特𣈜㫾埃侯几待些偈嘆哴𣎀𣈜到到摆長沙𧵑改𧗱㡳秩󰕒𢚸𧋟筭筭堂勿詠𥚇𧋻窖了說文󰒥,Nom
10-bai-ke-trich-thap-gioi-co-hon-van.no.txt,𧵑非義𢧚渃𢚸不仁傳㡳沾倒𨋤袩固恪𠊚些吏半特𠊚些偈嘆哴鯨鯨𥜌把帽涼沙吝矧咍役󰕒曵𤳷盎夏𢀨盎㑹造烝廊栁細廊󰒥醝隊盎伴茶伴𨢇𢝙弹㗂唱㗂劄𠰘共饒哴歷事世間埃易几欣些,Nom
10_nu-tu-tri_no.txt,吀𦖑㛪分觧𠳒尼𢢇勾十女朱󰎾曰無㤙生養似乎𡽫泰捔𬚸昌庫𢚶報𡊰虎拱男子偪𨕭孝忠産湼魁元𤎔茄𢧚者特功吒󰒂媄會清平𢝙󰖘𢀭𨖅群命󰐥偪女娘㐌輸輸竒每塘息台蜍𠄩親𨇜式珍甘群命虎分紅顔𪽝蒸月老多端定分矣旦歲掑簮粉髮沛定皮家室西𥢆世芇拱沛󰐥坊女兒役夷拱𥉫𧗱𫯳竒,Nom
10_nu-tu-tri_no.txt,於爫牢朱𢚨䏾𫯳牢朱言行容工覩調道深情𨤰沛别恩𫺓朱吒媄來𦹳󰆙䝨𠄩𡨸貴欣𠦳鐄吒媄󰇕󰇕常朱㤕吒媄𠊚𠊚必妖當𫺓朱院特道常公姑𠄩󰁸沛傷如𫯳唒𣘃𥩯闹鍾𠦳駟或色才拱𠤆固驕世間𢗖抇㐌𡗉,Nom
10_nu-tu-tri_no.txt,女𢚸芇咹喝朱双䔲荄𠊚𠺥艱難,Nom
10_nu-tu-tri_no.txt,牢庄𢜝天廷𤐝察停停𠠩眜庄𥹰奴拱吏刧争權歇𢝙拱𫯳𠻵𠯦媄吒𡥵奴奴貴如花旦𣅶意慘愁䔲荄掩歲𫅷𠺥𠻵辱台道𡗶𨤰意初𫢩奴吏於虐吹𡗋革初媄拱朋𨑮碎意咍夷麻媄𠰺碎𫺓朱淹瀋吀辰𠯆𠫾﨤景意乙辰沛息,Nom
10_nu-tu-tri_no.txt,𫺓朱妯討敬妖沛𢧚推察仍調吶𨕭停扒隼泊顚𠎪意𥙩干𠬠役麻盘為𠬠𨤰媄吒生奴㤙斉𡗶奴女坡舖側之奴於𠓻𠁀始終𤳇失孝空平鳥獸吏𣸸推察𠬠勾空嘲空𠳨吏辰𢼂扦𢪀浪旦劍銭吀泊誓𠬠𠁀空𨖅旦壻,Nom
10_nu-tu-tri_no.txt,吏恨𡥵𥋳体𠊚外嘆浪别𫏾世辰固𡥵麻拱如空益夷他𤯰證吏辰固益唒肝鉄𥒥拱空淚凝罕責分𦟐紅泊抱况之吒媄𫯳𫢩乙𫯳拱𦛌肝他切𠰺𠳒吏沛𠰺檑𠿷不肯乙辰沛補𠿷𠅎吒媄劍𫢩特芇,Nom
10_nu-tu-tri_no.txt,意志仉英豪忠孝群如無𩑛仍𠊚傷𡥵妖𡞕忋遊深情󰓱被准天廷𥱬罪𤲂被𠊚塵世𠸍枚唒浪𢀨竒𠬠𠁀蒭𩑛鳥獸吏辰剣賖𡛔虚意油麻坤窖𥋳如徒𦹵𤈞昌枯𡅳𠊚淑女丈夫𡦂情𡦂孝於朱公平扺朱塊𢢆拱𠊚𫏾合道𡗶享福𨱽𥹰清󰖆執整󰋇勾埃𠸦拱隊唭𠑬辰唭,Nom
11_di-cho-tinh-tien_no.txt,吝巾如注半𪃴,Nom
11_di-cho-tinh-tien_no.txt,錢𥙪空半半𠀧𨒒銅𠫾𢄂併錢,Nom
11_di-cho-tinh-tien_no.txt,沒貫錢卒忙𠫾,Nom
11_di-cho-tinh-tien_no.txt,錢𥙪𥺊𥻻貝𠀧銅𦺓,Nom
11_di-cho-tinh-tien_no.txt,錢𥙪𠰳𦧘蔗蒌𨒒銅固之麻併庄通錢𥙪𥺊𥻮𦒹銅茶鮮,Nom
11_di-cho-tinh-tien_no.txt,𠀧𨒒銅𤄍払𠲖𠀧𨒒銅蜜𠄩𨒒銅鐄𠄩𥗜渃𩻐𤍊𤉜,Nom
11_di-cho-tinh-tien_no.txt,𨒒銅艿桎軫時沒貫别浪沒貫対𥙪𨒒錢,Nom
12_giao-tu-phu_no.txt,教子賦一切升沉生𩔗五濁爲𢚸爲胣傷丐傷𡥵𠺥庫𣎀𣈗㐌時時南争欣争舌𢆥𢆥掑局貪色貪財觸觸𢚸𢥈制排酒色貪仍荣華誇咹誇黙争人争我坤窖欣𠊛唐福唐仁𣜾爫沒拙名高徴世𣜾特包遲無常催速北南墓瓊要要𦹯撑黃壤偷𣈘𠊛呌𠊛哭,Nom
12_giao-tu-phu_no.txt,牛頭穿觸火爐焒焒焒𤈜毫光𤒛𤓢𠊛些寒氷喝喝這冷󰐞󰐞招𫴋沒欺魂漂魄落㹥銅𠰘数𫥨仍火煙𧼌𨄹隊番罪人覚落鉄驢鉄馬鉄獸鉄鷹哺哏𠊛些,Nom
12_giao-tu-phu_no.txt,黃泉欺意㗂哭停停准𠳿准呌偷𣈘哰嚛㐌𣩂吏生獄卒頂排㐌𣹓歹歹業風𠺙𦤾侈吏𢧚𠊛六勒沒欺吏穿吏觸閍𠦳地獄屍𣩂重重𠀲咀𠀲呌𠊛𢥈𠊛哭𥙩爫𣩂制罪人盧落𨉟𦣰地獄宇宇𣈘𣈗𠺥傷𠺥逼姉㛪庄𧡊𡥵丐𫨩𣋀𨉟庫𨉟傷埃𥋳埃朔課𫮋徴世𣜾特包遲𦤾𣩂平尼𠊛焳𠊛𤈠命𢀨命庫㗂哭泣凝嘆責身浪庄𫨩爫福包饒𧵑卒𡥵丐支饒,Nom
12_giao-tu-phu_no.txt,地獄囚牢沒𨉟𠺥𣩂𪽞娘𡗉𠃣停底朱𡥵資薦齋壇冥陽水陸争饒欣舌仉𠃣仉𡗉奇具𠊛咹兮之𦤾孛𢚸庄固討鋪㗂鋪名争我争人鋪名劄𠰘檜頭𠺥𣩂名高徴世吨仍𢀨𢀭扱准歐愁埃爲官聀朱𫨩羅丕,Nom
12_giao-tu-phu_no.txt,施𪽞施娘爫孛爫厨修仁忍辱貪仍荣華𣩂𫴋閻羅𨉟沙地獄𦤾平欺意㐱可羅傷落沛條形𦛌分𠃩曲買别源干宇宇𣈘愁吁噅㗂哭輪廻閍刼𣜾吏𢧚𠊛隂府陽間死生催速别特𢚸傷保眾𡥵𫨩於時爫福臨終𢼂歇朱矯輪廻念孛咹齋閻王買服油凢油聖勉特安閑施貧作福𩚵咹沛𩛷埃𩛜時朱扒𠰘吹𢚸每𠊛沒𡮍金剛常讀布施爫縁業與時除,Nom
12_giao-tu-phu_no.txt,鋪𠊛君子𨷑𠰘債𦖻係仉小人鳩𢚸毒悪埃埃貪利富貴𡗉皮扱沒𢬣空渚群盧凌爫害困民舍谷修身學隊翁莫仉𠓨囚落仍仉頑㐫,Nom
12_giao-tu-phu_no.txt,𠊛於天宮仍𠊛賢討𢚸傷𠰺保學道修行咹齋守戒盛衰否泰𡗉壻𡗉妯𡗉冤家女𡗉𡥵𡗉𡞕傘奇馭高些䀡平賊恩愛媄𤕔底禮出家報㤙買特係唐暴虐殺盗邪滛沛除沛扒隊恩𡗶坦𤕔媄生成朱急𠤆遲修行爫孛,Nom
13_tho-hong-kieu_no.txt,重簾不捲日昏黃絡繹啼來也斷腸幾度繫書君不答雁飛應未到衡陽象牙筠簟碧紗籠綽約佳人睡正濃半抹曉煙籠芍藥一泓秋水浸芙蓉神游蓬島三千界夢繞巫山十二峰,Nom
13_tho-hong-kieu_no.txt,誰把碁聲驚覺後起來香汗濕酥胸桂殿焚香酒半醒露花如水點銀屏含情欲訴心中事羞見牽牛織女星梨花寂寂鬭嬋娟銀漢斜臨繡戶前自愛焚香消永夜從來無事訴青天,Nom
13_tho-hong-kieu_no.txt,雲娥酷似董嬌嬈每到春來恨未消誰道蓬山天樣遠畫欄咫尺是紅橋芙蓉作帳錦重重比翼和鳴玉漏中共道瑤池春似海月明飛下一雙鴻一雙明月貼胸前紫晶葡萄碧玉圓夫婿調酥綺窗下金莖幾聲露珠懸香鬟三尺綰芙蓉翠聳巫山十二峯斜倚雨窻春色去鴉翎蟬翼半蓬鬆深深春水漾瓊瑤兩岸菰蒲長綠苗幾度踏青歸去晚却從燈火認紅橋素馨花發暗香飄一朶斜簪近翠翹寳馬未來新月上綠楊影裡倚紅橋玉堦凉露滴芭蕉獨倚屏山望斗杓爲惜碧瀾明月色鳳頭鞋子步紅橋桂輪斜炤粉樓空漏水丁丁燭影紅露濕暗香珠翠冷赤欄橋上待歸鴻橋畔千花照碧空美人遥隔水雲東一聲寳馬嘶明月驚起沙汀幾點鴻草花香煖醉春風郎去西湖水向東斜倚石欄頻悵望月明孤影笑飛鴻鐘情太甚人笑我到老也無休歇雲煙多是恨況與玉人離別軟語叮嚀柔情婉戀熔盡肝腸鐵岐亭把酒花謝水流時節軟語叮嚀柔情婉戀熔盡肝腸鐵應念翠袖籠香玉壺溫酒夜夜銀屏月蓄喜含嗔多少態海岳誓盟都設此去何之碧雲春樹合晚翠千疊圖將羈思歸來細與伊說鳳凰山下玉漏聲恨今宵容易歇一曲陽關歌未畢棲身烏啞催人別含怨吞聲兩行珠淚漬透千重鐵柔腸幾寸斷盡臨岐時節還憶浴罷畫眉夢囘攜手踏碎花間月漫道胸前懷豆蔻今日總成虛設桃葉渡頭河氷千里合凍雲疊疊寒燈旅邸熒熒與誰閒說記得紅橋少年游路雨緒雲情朝暮金鞍幾度歸來晚香笑臉迎朱戶斷腸處半醉微醒燈暗夜深語問情幾情應似吳蠶吐繭撩亂千萬縷別離處淡月乳鴉啼曙紅袖汗深淚痕深懷想何年了空寄錦囊詩句春欲去恨不得長纓系日留春住相思最苦莫道不消魂衷腸鐵石涕淚也如雨珠江江上送蘭橈長憶春纖折柳條歸夢不覺江路遠夜深和月到紅橋驪歌聲斷玉人遙孤館寒燈伴寂寥我有相思千點淚夜深和雨滴紅橋殘燈暗影別魂消淚濕鮫人玉線綃記得雲娥相送處淡煙斜月過紅橋春衫初試淡紅綃,Nom
13_tho-hong-kieu_no.txt,內家不遣同陵去音信何緣寄塞鴻玉筋雙垂滿頰紅關山何處寄書筒綠窗寂寞無人到海闊天空怨落鴻衾寒悲翠怯秋風郎在天南妾在東相見千回都是夢樓頭長日妒雙鴻半帘明月影瞳瞳照見鴛鴦錦帳中夢里玉人方下馬恨他天外一聲鴻一南一北似飄篷妾意君心恨不同他日歸來也無益夜台應少系書鴻柔腸百結淚懸河瘞玉埋香可奈何明月也知留玉玦曉風長怨畫青蛾僊魂己遂梨雲去人世空傳薤露歌自是忘情惟上智此生長抱怨情多濕雲如醉護輕塵黃蝶東風滿四鄰新綠只疑銷曉黛落紅猶記掩歌唇舞樓春去空殘月月榭香飄不見人欲覓梨雲仙夢遠坐臨芳詔獨傷神夢逐梨夢遠歌傳薤露愁只吟橋上水亦作斷腸流堆層簾𢷀𩄴陽斜䋎𦀼呌傷𨻫咄唓𠇍幅書迻信沕永,Nom
13_tho-hong-kieu_no.txt,衡陽固𨤧雁𣗓過重簾不捲日昏黃絡繹啼來也斷腸牀玡𥴜竹幅幔紅𠊛玉醝𨠴𥇒職醲𤐡𣋽𡛤闌𢮿芍藥渃秋没𠖰浸芙蓉神過蓬島包包𡎝魂窘巫山𠇍𠇍重咥𡂒碁埃摳醒𨠍𣳡洃參執㵣酥胸起來香汗濕酥胸焠香畑桂𤄍臧臧缾鉑滝令花淡霜唅䋦情終𢚸悶解𢢆拱織女貝牛織露花如水點銀屏羞見牽牛織女星㖫𠲥花梨𤯭𡲈鮮滝銀𠓅吻㫼軒梅焠香消遣𣎀𨱽意固役之兜沛𡄩𡗶妸董娘雲𡲈恪兜春𨖅𦓡𢠣咍群溇𡽫蓬埃𠸒如𡗶瀋𣃣塊构欄㐌細橋雲娥酷似董嬌嬈誰道蓬山天樣遠畫欄咫尺是紅橋幔𩂏繞錦朶芙蓉,Nom
13_tho-hong-kieu_no.txt,連𦑃呌蹺㗂湥𧍰春准瑤池羕𣷭𢌌𠁑𦝄𩙳𠁑没堆鴻比翼和鳴玉漏中共道瑤池春似海𩯀𩄲𠀧𡱩結芙蓉𠇍𦰟𡽫巫𡲈碧弄𩅹𤁕牟春𢭗𨷯數,Nom
13_tho-hong-kieu_no.txt,𦑃蟡𢚸𪇍𦇒蓬蓬翠聳巫山十二峯斜倚雨窻春色去鴉翎蟬翼半蓬鬆渃春羕玉𨔊𣳔溇坡𦹵𣙺𧀒綠染牟𣇜㧺青𧗱𡗶㐌𣋁畑賒蹺𤊡認坭橋深深春水漾瓊瑤却從燈火認紅橋素馨香倘買誇牟征𣄥葻簪察𠃅頭㗂樂群賒𦝄買𠊜吲𠽔𩃳柳𢭸城橋一朶斜簪近翠翹𡍞玉霜招桎𠇍槽𢭸𥆾𣋀斗𣄥𧗱兜𢞅牟𦝄泊印瀾碧鞋鳳寬寬𨄹𩈘橋楼花征𣄥暎𦝄𤄯𤊡𤒘紅𤐝點湥𧏵霂㵣潭香簪玉冷𢭸城橋𥪸待信鴻漏水丁丁燭影紅露濕暗香珠翠冷邊橋花𦬑𤊧層空𩄲渃𠊛賒隔𠇍重没㗂馭𠵙㘇𠁑月邊滝嚛嚛𠇍𡥵鴻美人遥隔水雲東花𦹵香迻𤐚吏燶西湖払虐渃𣵶東忱忱𢞂𢭸构欄𥒥唭𠁑𦝄青𥛭䏾鴻草花香煖醉春風郎去西湖水向東鐘情叱墨𠊛唭些𦤾𦓅吻群買蔑𤌋𥷻調䋦𢠣𦝄霂方之吏纙離別俐記丁寧浽情淶浪肝鉄燶沚歇場亭酌𡓥欺花殘渃沚浙𢧚𢘾襖翠香篭壼氷𤄍燶屏風𣎀待月別包𢜠𢜠𢠣𢠣指𡶀誓𡽫他切應念翠袖籠香玉壺溫酒夜夜銀屏月𫢩別𠫾兜𣘃春𩄲碧𡲈青𣊿𠦳疊耒抌農浽𦄾𦀾𠯇𦖻𠊛別此去何之碧云春樹合晚翠千疊一曲陽關歌未畢棲烏啞催人別,Nom
13_tho-hong-kieu_no.txt,挎𩍢逐馭𥊢𨖲橋玉鞭崔馬上紅橋橋紅𢘾吏塘西路欺馭払𧗱𦄾𠁑梗楊喻職夢梨雲和𠇍度幔絁𤭸錦春群妬郎馬來時系在垂楊樹漠漠梨雲和夢度錦屏翠幕留春住泣𩙍牀秋㗂惱憹𧆄湯紴𦁂𦰟畑𢴋𡑩北𣋚𣈕絶𨁪鴻牀頭絡𦆎泣秋風一點殘燈照藥籠𣷳汫𤭸淶信庄通𡽫𩄲眓𣋻𥊴𡶨峰𧝓纙𣼩透𧜖鴛冷𠿈𠯇更𣅙永喠鴻輕羅禫濕鴛鴦冷永𡲈房香襘冷㳥㙴秋湄𣳔𦲿梧桐園陵𠸠庄𠊛過吏坤𡑩通信𡥚塞鴻音信何緣寄塞鴻行淚堆边𦟐𧹻紅關山信息𨇒芇通双絁𣼽汔芇埃𥄭𡗶𣷭包羅痗𦑃鴻玉筋雙垂滿頰紅𧜖鸞𩙍律冷如銅払盡𡗶南妾𣷭東﨤𨔉𤾓吝調夢奇𨕭楼慳貝𥝥𫚳鴻衿寒翡翠怯秋風𡛤𦑃簾疎奉執廛幔鴛𥋸律暎𦝄𤄯𣊍𥊑當体埃𨄻馭愊浽𨕭𩄲冷㗂鴻北南𠄩我𡏡飄蓬𢞆浽堆些庄没𢚸𣈜恪固𧗱慛拱枉𤂬鐄坤𢭮幅書鴻他日歸來也無益淚涱𫆧担担𤾓帶𡏧玉撙香㐌罕耒𢘾𣅶𦝄𣌉㧅𥮋玉𢞂欺𩙍𣋽𡳒眉𧍋曉風長怨畫青蛾梨雲夢担拖散魄薤露歌傳仍咏𦖻買別忘情𥢅上智身呢群𥿁䋦愁𨱾僊魂己逐梨雲去氣㲸層𩄲𡏧庄蹤𧊉蹺朝𩙍𦑅𨒺塳疑派𡲈粉欺抪綠𢭮𢘾腜𣘈𣉳𣳔紅濕雲如醉護輕塵𠊛歌香倘閣𦝄𤄯㦖尋職夢梨雲𡳶𡎢𥋴湖蓮𨻫擲𢚸欲覓梨雲僊夢繞坐臨芳詔獨傷神,Nom
14_gia_huan_ca_no.txt,排歌𠰺𡞕𠰺𡥵撻卷册𢪱𢬣𦣰擬係爫𠊛𠰺妓時𢧚粉𪳔喻拯筆硯拱人心𧘇𧯶天理芇因從且錄𠓨國語爫排歌𠰺𡞕𠰺𡥵𠳒咹涅於朱坤拯𢧚多過多言𪨀芇咹纆𠤆美苗扯捽形容停--𥋴𥉫沒𣃣𠄩沛適中湥𨱽湥𥐇拱空係之欺-𡎢𠤆奚疎矧㗂辱牙女𥗾典𨉟曷湄丐分泠汀-𪳔鑿𥙩𡦂貞爫頭箕-几漏-節玉-鉄釘願𣅶焒箴𡥵賢爺媄亭心沒茄𦹳匿𠦳𢆥碑傳怒仍几渃願𡽫限𧡊味花𧊉-蜂嘲𠰘𠁀羝𠴕別包動𠚢國法辱𠓨家聲-𠊛𠠩𥙩𨉟搊吏坤𠀧𢆥停𢘽沒𣇞𢵋之𡃹𨢇勾詩茦牢唁辣渃棋濕高-頹㖼𠚢𠓨獜朔吏排夫三菊-丁妬𨑮-𥛭鬬荆祖𩵽轎𪮞-傾自𣋂𠫾--𠤆調--欺𣋚沁畑焒分明或欺會喝灵亭特𠳒𠰺旦時𨉟仕𠚢𠚢時固媄𫅷㛪𡮈停-𡊨-屡空能吶停珠𩈘珠眉𦖑𠚢噤--𠹽能芇𧵑秦便質招寒拫客-艚渚罕欣低拱停物渃古𣖖接賓祭礼羅𣈗-荒咹於𠤆恾𢚸頃刻-半停貂卓𢫝迻-停加滅過驢半停抪亦益些害𠊛渚忒𦄿𧵑𠊛劍-渚倒顛吶固爫空𢀭𢀨拱𠤆誇容別𨉟蔭分停𢚸輕埃庫巾𠤆勿奈怨悔歇否耒固𣉳泰來扲斤造化在𡗶𢀭𠀧户庫𠀧𠁀-埃停競-貪唎撻蠡利仉朱時害仉撝拯𢯐-女𢯦捱典同𥮊過𠲖荄䔲𡗉或汝少沛調領暫喻𠃣𡗉料𣌋併冲拯-迷唏銅戈吝朱卒時𢚸買-𫗁𠼽-𡎢耒補歇係調之吶𠃣買能鄰羅𢴑助𢴑-㐌虛功役吏-㗂沁役𢄂布斟斟最-𣇜半衝料倍𠚢衛𨷯茄𥋳朔𣌋𣌉收-收院每皮每衝防仍仉固𢚸姦勿段耒𠚢沒𠅎𨑮-惜忱-狠𡎢魚輸𢞂催吏覩朱在𡗶徐准於尼𡎢台貸-𣵵頭𥆾丕珍-埃𠓨-𣵵𨀈蹎鉢𪾝哉左襖𧜖𧀟床雖庫-𪧚-𦹳瀝固能之詔-𡏧-圖咹式𤍇朱𣃣常常𪧚𥙩--唁𫅜芸𩛄債潮清𨤔歷拱學寅𫗁格𠊛些-𫋿與-弹婆𪖫金𡮈抇買羅女工𣇫在家沛從父敎欺𥙩-𪧚道貞專𠠩羅孝買祖先係𣈗愈節空--茄圖供給香茶淨潔蹺禮儀-納寬台咹𡗉咹歇朱耒𠤆調𤴪冷-催吏衛唒內外𠄩皮拱丕停爭衡边𧘇边尼劬勞𠄩𡦂高𠫅沛-孝敬𣎀𣈗康康𨤼傷典買能-𠵩悶朱些𣌋-𠚢𠊛諄勤妓𩯀蹎𦖻-𢚸編底-𠳒鑿𥱬停𥘀弭㗂𨨲㗂苝停摓-𩈘-𩈘鯪固時𣌋進𣌆登粓唁粳𠮾朱平姉㛪喻拯固時淹沒分𠊛窮些𧯶恨些牢或欺𢗖-調芇,Nom
14_gia_huan_ca_no.txt,打滕𫔳𠠩𧼋𠓨𫔳𢖖欺蔭冷些侯𥋳朔-𥹙粓湯-每皮,Nom
14_gia_huan_ca_no.txt,𠚢𠓨𠽄𠳨容儀𠊛陀-事些時安心役報孝沛斟𪧚孝儉咍豐共料随時停調爭競𢺺杯𦖡𦖻廊渃底唭𣈕𢖖道𡞕-情溇義愛吏拯𢧚𩈘再𩈘三傳兜補帝朱淹停-边𧘇衛讒边些册固𡦂入家問諱欺吶能沛技𠶛-妙揚㗂順𠳒𣟮據𠳒-𠰺買淹𫔳茄𠤆𢧚𢚁𨉟些才色-吶𠚢--吱𠸦吶乾如於逼𨕭常欺動典祖先過𠳒干恨典事𠁀昂𠑕-撮𠚢湼𫔳荒茄𡦂随羅分彈婆柔媚底胣朱訛擱外喻磊分﨤𠊛酒色能﨤𠊛棋泊留連𡮈𡚢㗂𠴕𠳒圈寅𫅷捥買𢆨𣟮吏庄沛繩虐哏𪘵𠹾苦𠤆撔頭迎古舌身緣𢆨﨤𠎬文人熟句相敬如賓爫𢚸業畑册圈-什社㗂鷄鳴𢶢者-𣈗勸-𢖵典道柴雖浪物𡮈噲𠉞礼常印𥙩𡦂糟康之誼停恾勾妬忌之常----梗鐄𠠩払𫅠𩈘𢖖娘拖𢬣勾塘丐𠸗𠉞拱丕佳爫𢧚𥙩𦉱𥙩𠀧𥙩衛侯下茄些添槐㭁桂固羅𡥵埃拱䏧䏦拱𦖻眜世劍些𢧚粉翳花隈擬情咹競𦣰外蔭𩛂𢧚悴𥙩𠊛𠀧-世買沛法蜍夫子𧘇買羅道處諧和𡦂随𠱆曲宜家𨷈塘樁且沒茄𨤔榮箕仍𠀲𩈘常勾固客典茄𠳚㹥𠻵猫拮𠳒𥘀似--㐌𠚢--吏𠓨-𡥵客𧗱段𢜝-𠅎𥴜-𠚢塘拯矯𩈘-係𣈗伴友交遊差𠊛解𥴜-圖接𠚢喻𤾓恨時些底䏾,Nom
14_gia_huan_ca_no.txt,固重𠊛買重-些随𠊛設待𨢇茶𠳒浪𧵑𢭮-些𠫾塘𧘇羅院倫常朋友吏沛詳𥪝道姉㛪道姉時於𥉫𨖲道㛪𥉫-朱淹𫅠朝𠰳裴𠮾删超如沒欺𪱆湄蔭焠拖𢬣𠇍饒如鉢渃菭𦲿𫅜撢-䏾𣘃--道叔嫂沒茄明白另嫌疑心跡𤑟𤉜濫𥉫𩃳𤒘蕓長-名𠀧渃撩𦎛𨷈茄奇𥪝外拱羅彈𡥙䀡如𡥵腰-拯差銅--𥹘𣋚𣈕𠤆𢚸寅物𠤆𠳒招釘徐户莫朗-行笘拱於朱𥪝蔭外淹㗂嘲㗂𠳨朱𣟮拯輕埃拱拯嫌怨埃𧘇言行各𠳒恒𪧚吏謹調居處朱全係𣈗朔望晦弦買𣈗月信仕-𠴗-欺胎產關防--學古人訓自𥪝胎滛声𠤆底𥪝𦖻惡言𠤆𡮇動𠳒--自出入起居行動固禮儀嚴重端貞-𡎢正大光明朱平坦勢𠤆迎歷𨉟𠤆援高拱停恾𥘀停咹圖荄䔲粳-停咹歇𠤆咹𡗉餒徐𥪝胣塊調𢥈賒欺生𦬑泰和無事謹徐欺𥪝䏾外旬朝霜𠤆底襖裙頂頭沛澮𨀈蹎沛-尼𤇮壁停朱-焒𦰟畑花𠤆𠵩過言𠶛-𤾓事-𧷺𠠩𨉟安胣𢖖𡥵𠃣柴𣈗𡥵㐌別𨔈別𧼋停朱𨔈擒梞𨅹高停朱𨔈鈽𨔈刀𨔈𪿙𨔈焒𨔈鑣固𣈗撈朱瀝空能-渃咹朱𣃣停約高梁務冬𣎃夏適常停揞挹過停--𡥵𠰺徐𣇫駭群𤽸渃腰朱杶扒灼𥙩𠊛呈𠽔𠳐㖡-𡎢𡛔𥪝金𥿗𤳆外筆研𧵆墨顛𧵆畑時𤏬於瓢𧷺於甕時𨱽罗之𡥵固種埃福德在母羅𠳒世間爫媄𠤆咹乾於與,Nom
14_gia_huan_ca_no.txt,買𡥵停𠯽-過𠳒能之粗俗仍𠊛𣋚𠉞具具時𣈕婆-招㗂𠚢斷𣘃斷檜𨷑𠰘𠚢固𦰟固梗典𦖻勃拱空𫅜-𡥵輕婿世情𠸍𠶣𧘇仍𫗁𨕭𠁀訛𤵺坤時徐買沛𠎬𠊛生𡥵時𠰺時餒別塘沛債攄𠳒-𡂰𢆫奇坤定姻擇配,Nom
14_gia_huan_ca_no.txt,𢀭停貪庫𩟡𠤆泥妯賢壻討尋衛䀡宗䀡-矯迷𦓡𢗖處買婿沒𢚸敬重喻渚能停喠𠸍𣈕買妯𠰺𠸒沛𠳒扒寬扒抇別埃朱𣃣𦎛敎子讓迻𩈘認墨持家撻-恩威𫃚𠓨羅分奴婢𠰺嚴於討𠄩皮院𠄩固勾啻朝𠊛𥙩役拯呵𢧚遮𢷄𠊛些能時奴於𥹰𠚢渚時奴𨀈芇些伴之沒𠄩仉沛欺汝度固時朱拯固時催拯𢧚𠲔-𥘀𠳒飢寒侯易固埃悶之,Nom
14_gia_huan_ca_no.txt,𥪝家運盛衰固命道鬼神時敬逺之-湄解結固欺沛斟粓茦停迷骨柴茄拯--能固-㐌𧴤𠚢補--停高𢬣-仉固名符弁拯補邪精現𠓨推朱透邪芇犯正據聖經𢷀瀝異奇箕如仕道媒尼催旬供佛吏欺粓复南无佛遊移𠄩𡦂,Nom
14_gia_huan_ca_no.txt,道治家待客恪牟陳-沒墨-兜-𩔗蒲各別兜-之分羅𡛔衛爫妯奇役些斟-准祠堂𥙩𦰟蘋𦲿藻凄凉箕孝養成周家法宗族典仍欺忌臘䀡朋樣貴客嘉賓固𡦂浪道重親-易-欺𣇫冬如𣈗-𣅶祭畢-𠓨-𩜃茶頗設待接朱衝-常油-㙁墨𢚸欺固户䀡朱仔細渃㐌断𨢇連因体𠽖小侯𢫕𩜃接𠚢茄𠁑些買户弹婆𥋳朔𠳨弹𡥵弹𡥙空補率羅情腰-埃拯𠸦羅德夫人論𠁀𫅠𩈘夫君爲蒸主婦親親別調皮奉養堆边吒媄-沒欺跢覩蒲灰擬賒吹𢗼-𢗼𡎢𢚸拯想貪工惜役塘調護錢空𪾋惜墨夫君-役茦湯雙𦓡些㨢--扛調咹-𠳨𪡩随適𢚸𠊛約𪀄𪃿个䏦圖-咹油-拱謨随𠊛唹式𠮾式䣷仍嘉味懞朱進食䀡羣襖能-矯-𢚸腰親沛謹曾欺-𢚸𡗶坦証知妯賢固孝㗂𥱬底𠁀尼𡥵𡛔属衛坤道坤德柔湼𡛔妙揚沒堆欺蹎𨀈𠚢塘皮尊長時𢚸敬讓-拯沛羅些唏向義鄉鄰沛拮㗂朝朋𧡊𠊛頭泊歲高固-隊呈碎-拖時𠰘-吱𠾦埃女於𨕭𠁀𡛔於湼那𡥵賢𫅠𩈘媄吒-和腰𡮶户和敬終𠰺仍仉弹婆身𡛔﨤沛-棋泊𨢇茶𠉞翁絲婆月卒車緣分𧘇別爫牢特於羅沛尋謀解灼𠮾𠳒勸𥹰共能𦖑𣅶貧泊干𨢇醝-能粓𥹙論皮婦道𠤆𡞕硯-添珍罩如傳之焒𤈜油添拯朋欺𧜖蔭𥴜淹能𡅧𠰚塘坤-沛𣷭恩愛𡞕-羅義唒𢀭咹庫𠺥朱甘能之燕北雁南康康沒節朱甘所願道𡞕-羅緣金𦰦本𡗶生𣷭愛源恩箕埃浽陣風雲拱爲𡛔𡗉分𢗖-分𡥵𡛔𠃣塘敎誨𧡊-腰易𥙩爫憪𠰘差訛吶仍-乾䏾驕傲沒𣈗沒逞道媄吒陀空別敬皮英㛪吏拯能讓䣷-台仍性剛強埃羅𠀲𢀭𦓡𠺥丕塘家法空咹𠳒𠰺役敎刑旦沛𠚢𢬣虎身㗂泣東西農餒𧘇歇調坤窖勸仍客桃絲柳要𥙩爫𦎛𠤆扒灼之沒念敬順無違𠠩羅塊辱𡢐時𢧚名傷仍仉弹婆秩𠰺吏﨤-𢜝𡞕如魔責之𦓡拯腿驕訛仍驢競鋪𠼾爫智皮户莫空能敬𢘝擬奔𧿐錢鉑羅坤,Nom
14_gia_huan_ca_no.txt,塘家財空別援捹擬他切襖裙羅窖𪃿邀屋防鸞枉要𤇊眜𠚢㐌𤍊彙烏役中外器用各圖墨𡥵𡛔﨤-𢧚丕皮內助仍-𩔗𧘇福德箕羣吶爫之𠸦朱婆月窖𦀺英尼聘買姉箕當𣃣排歌𡞕勸-𡞕-些絲紅問𥿀因緣尼婆月窖𦀺呈英身妾𢜗衛腰時𢧚卒𠤆泥愚癡管包磊落參差牟清𨤔歷𪾋皮特兜妾𠳐𠳒𠰺𠠩𡢐願䀡杄錁-侯襖巾𠠩羅蜍奉先人𣌋𠽄最𠳨慇勤拖英𦊚方払駭經營椎-經史習情弓𥏌功名懞隊恩𨕭群中塵累駭吀酉牟𠳚呈侯𪾋勸兜色防傷腎𨢇瓢傷心妾吀払𠤆耽滛仍尼棋泊𠤆斟爫之世間𡗋仉顚迷襖裙蓝縷𠊛時如魔妾吀払另朱賒沒念忠孝底和立身閉𥹰仍待龍雲桃絲柳要𢭮身英雄𠸗𠉞𡛔隊恩-顯榮補𣅶粓𣑁𥹙𧁶恩𡗶功㐌特填払𢧚官奇妾𢧚侯婆排歌𠰺學徒於朱沛道芇羅仍仉學徒𦖑𠳒柴𠰺時𢗼所𨉟義吒生拱功媄養時𣎀𣈗思想𠤆𢣧𠄩功德𧘇𥘀台䀡朋𣷭𢌌𥋳齊𡗶高呈𠳐辭遜𠮾嗷𠫾衛疎啐𠚢𠓨𠽄-𩛄-个䏦粓羹𣌋-台𢫊底-罕灰-常𤼸𠮾𤼸裴㨢-嘲𠳨拯𨔈兜羅擬功庫辱餒些旦𣈗奇𢀲懞朱-𧷺計徐𣅶唉群胎孕典仍欺餒饢--𥘀泥𠃩𣎃鳩芒功生朋越𣷭𨖅渃𠊛断催𣅶𧘇𣃣耒挹揞乳-拯移𨕭𢬣懞朱別-別疑別傳別吼拯𢣧包𣉹𣈗𠨡渃𣇫癡疎包𣉹柴𤴪閉𣉹吏𢗼𢗼朱別-別蒲懞朱別-懞朱別𡎢断耒吏𢗼欺-痘群雉𡥵𡮈𡮤吁啊𠀧𢆥乳-𡥵疎計功吒媄別幾垠芇𡦂浪生我劬勞𣷭漊坤啻𡗶高坤皮如𦓡﨤𣇫平時錢𤾓鉑𨔿役之𢗼歐能羅﨤𫔳茄𢀭𧵑沉𧵑浽易侯𢗼之雙些本㐌寒微吏生𠚢沛﨤時干戈隊蹺劍𩟡切他半奔秦掃朱戈𣅶尼役茄役𫔳專𢬣𣎀時悁𥄭𣈗時悁咹虐吹-搏𤹘𤶑蹎𪅆蹎𪆧芇分寬台形容咹-雷催襖時捉尺袴-𡳪𩽸艱難隊段𡴯𧹅𦓡朱𡥵學固潮包容世間-仉固𢚸固功𡗶罕停功底徐悲徐乱落𠀧爲機𡗶乱渃𪱆湄羅常-𡥵學以文章固边仁義固塘顯榮乱耒吏固欺平欺平些咳𩵜鯨揚-醝-經史𠤆𢣧鉄-決𢖮固𣈗𢧚金買臣箕買羅肝蹽𡽫劍檜焠炭𢫊油𣷭聖漊固加功洡棱儒荄𥊣-衝坡𠀧𢆥秩杜魁科𡑝𧏵-馭塘花-旗陳平茄泊𫔳疎𩟡𩛂拯管㙁-拯泥讀書𠚢志男兒𢴇劉卒㐌六奇𢧚功-揚馭騎車容𣷭漊个奇捤摓捕欺𧘇羅𣇫𠠩男兒悲𣉹畑册𣌋𣌉世芇𡦂浪乱讀書高欺𢧚拱勢恪芇𠊛𠸗𪱆𥹰拱固欺湄𣙩-時吏特-泥之枚欺撩扁名題魁科吏﨤特時聖明祿𡗶爵渃顯榮報填德義養生閉-補欺𧹅庫䣷𨢟捕欺畑册捕𣈗艱迍陛𧏵𡱸-𠃩吝𥪝朝墨𡱩外民權衡,Nom
14_gia_huan_ca_no.txt,四端五敎朱全功生皮道德家庭沛講府天君光蕩精微理朱格物致知𥪝時養德外時養仁業四民沒浪𡦂士藝農商工賈坤搊道柴次一羅儒算醫理數𪾋𢵋聘排泣朝廷中外𨕭𠁑仍羅𠊛襖𢃱帶巾𠁀芇拱重芸文謀謨揲亂經綸𨷑𡋂鋪經史漏通業學准書堂曾讀𣋚𣈕官𢀨拯固𥢆埃道𡗶芇負仍𠊛讀書箕𠓀歇文人才子唒庫巾經史能專爫𢧚重職高權𥪝外埃拯羅𠸦堛賢-𥙩𦹵蒲編𦓡讀𤽗温舒志學買高払弘空册別-摱經𦓡學曰𠓨𤗖𥯌椎抌肺矯欺𢞂𥄭𤽗蘇秦志趣讀經𩯀撩梁𧘇王生底朱易𥅞學行更𣌉𣇫油歇册持𩃳月払孫卿𠺥𪶭𣎀冬怒𤽗卓胤油空繓包-𧍈伴共書齋𦠘-檜𡦂時𠰘讀朱買臣𢧚㗂名儒李生拯管工夫搷𤛠撩册沒鋪𨕭𧤁𧘇仍𠊛𠓀曾庫𤹘𡢐爫𢧚聀重官𢀨爫𤳆志氣昂藏𠤆浪危苦滯長爫之瑩𡮤𡮈歲時𢧚糁役讀書㐌𣌋精通老泉歲奇加功𠄩𨑮𦉱歲𢲫𢚸學儒晏神童歲𣃣𢧚𦉱杜状元㗂-𧵆賒翁梁㐌典歲𫅷糁𨑮𠄩買杜科大庭塘雲程-𡢐-𠓀𡦂功名埃劍之埃係𠊛固志固才𩙋搈墨-坤𢴐坤𢯦拯𢜝仉𡗋柴𡗉伵𧡊些𧹅𠚢事壻輕書中𡗋𨤔顯榮𨀎-侯下灵亭馭車拯𢜝仉𡗋錢𡗉穭擬𨉟浪固𧵑時欣書中金玉無萬菭溪鍾鼎-滇鉑鐄拯𢜝仉𠄼妻𦉱妾㐌罕浪卒𫅠欣埃書中固𡛔絶潙仍𠊛𩈘玉羅𠊛𨤔榮拯𢜝仉座昂圮-輕些浪寒屋凄凉書中峻宇彫墻樓𧏵閣鳳榾樑連𩄲,Nom
14_gia_huan_ca_no.txt,埃固志𣎀𣈗鍊習蹺𠊛𠸗朱立買𢧚學朱希聖希賢役之通別拯煩累埃准林藪-才-德泣𦊚方吨𠽋時名詔花高價玉𫅜車鸾固𣇫宫營固𣈗,Nom
15_ngoc_kieu_le_no.txt,𠦳初𥪝分侶堆欺𢧚𡗶拱朝𠊛朱𢧚朱浪吝木包番兜兜拱𢴑𦀊緣吏寅-之才子佳人𠄩边我浽銅斤買朋傳尼户白金陵於村錦石𠸛稱太玄甲科𤽸嫧冊畑太常𡲤預𡎢權正卿𥪝尼日白天青同朝-屡灰醒當權--𨆢𨁪村園𢚷公名𥙩林泉爫𢝙英㛪少几羅𤳆没㛪𡛔㐌嫁外山東没命𥍍儉𩃳樁玉𧕚𪨀渚應𥪝恬𫅜-𣈜求懇篤誠瑶池𢜠㐌没梗花淶囷𤍌𤒘吏没𠊚-芇𦘧特色才朱印達朱紅玉羅𠸛𢩣香--湄-𢪲-茄萓𦰟𦹵調囂吒昆𣋚𣌋慢調爫𢗃隊番𦘧月吟𩄲盤𡆫点坦泛-和韻桧𫅷扔朶花春探花挸撰𥪝尘渚埃仍羅𤀓没-𠄩歲-𠉞㐌細外𧷺𦝄朝廷扱𣇜兵興車鵉㵢-𨇒氷𡎝外新君景泰𨖲𡾵碎奸𣌋𫄓䋥𡗶坤容𡧲𡗶吏𤈜暈紅援𩄲𪱯泣細𥪝廣寒包饒碎𡳵退𫔮吏朱森合没團𥪝𩄲白公两慮念西歲尼㐌旦澄尼身名閉𥹰𣷭宦濛溟旦坡群想-𨉟女牢双麻恩渃別包當欺多事-芇爫清𡲤𥪝都會神京儉之才子底停攄緣行裝懺所𨖲鞍提携親眷𪱯沔京花細尼安准官衙針針據役國家𣎀𣈜-耒𧗱𠃅軒西没-親友吏𡆫詩歌𡗶秋扱𣇜淹和没𡑝菊𦬑𠄼花𡲈調賞花當𣇜逸迢外花𠄩位同朝細制没翁御史都臺蘇渊𠸛哙方回表称共𠊛原貫金陵𢼂科㐌改𧗱滕河南没翁侍講翰林吳珪𠸛正瑞庵𠸛常買白公共同鄉吏情戚眷吏行同科𠀧翁君子𢪊𠀧茄-𠫾吏本羅心交𢜠饒𠳨𠳨嘲嘲𨢇花驕祝𡃹桃菭潙當欺醒呐醝唭𪱯-𧡊御史臺户楊羅𠊛別籍建昌𠸛羅廷詔拱坊同年𡥵𠊛忌刻𡮈𡮫珥味道義𥘀边𢀨𢀭灰𦹳易固於兜麻外𦲿𩈘貝饒哙羅共𡎢𡴯-䀡花共𠓨𡃹節共-𢴝彈席醝--侯殘楊浪特𣇜偷𫔮易芇悲除詩興當豪共饒此浽韻騷没排白公𦖑㐌𢞂𦖻吳公𢘝意興𠳒浪𢧚共饒賞菊没篇白公𥄭𥇚厔軒𧵆𧵆小姐雖於房春別楊羅几小人仍𣈜樁堂𡨸性𥊣𣦍-欺結怨𢖖尼庄制遣𠊛𥋳濫特排草台吏遣底尼𠠩𢚸白公㐌醒職濃𧡊篇代笔𦊚𣳔没張吏添𤗖紙𠄩行𠄩勾𡨸𡮈寓塘箴規浪長安准是非吀停𥙩傳酒詩謨詧公㐌能意𠸕𠻀吏戈𠠩𥴜吳蘇共𡎢楊浪伴拱終𢝙爫之𤴪冷如𠊛仍仍翁浪勉強沛𠳐哙浪𨇜草敢浪賞花詞詩䠣-迻-秩命底笔森麻𥋳終䀡催几咏𠊛吟花鮮湼笔玉𣳔𠳒騷楊浪才敏-芇笔空𧡊曰詩牢俸耒白公---唭於低侯易借才埃低吳公-擬催-𡥙些庄矯爫𠳙翁𫅷𢪀催仍庄呐-唭-扔-㙴花吏唭楊強𠳨悔𠳨-傳制固-排外抌昂-芇嗔𠰺𤑟𤉜朱甘胣服矯𤞽𢚸-吳公吃-唭疎詩尼甥女小姐大題詩文𡥙本𨇜㛪曾此没𠄩期㐌咍𧡊白兄𣇜過醝𢜝𢚸各博拖𢬣朱𫅷楊浪如丕才花白兄嗔𠰺寔他朱明白公嗔𤋵真情寔如𠳒吶吳兄鬦芇蘇公𦖑吶𠸦劳才閨閣價風騷埃皮𠳒浪生女勿悲福-乙𧡊門楣固𣈜楊浪品𧘇才尼鬚眉渚易𠇍𢬣路羅拯咍包𢀲歲花詩桃㐌咏宜家渚詳翁浪滥𨁪書香歲𫅷設浽悶恾熊羆𢆨生没-女兒哙羅宇𦘧𥙩夷才名𠉞皮𨑮𦒹歲撑𩙌東渚動旦梗桃嫩,Nom
15_ngoc_kieu_le_no.txt,楊浪女嫁男婚爫吒沛料朱𡥵及時公侯門護儉之尋尼富貴定儀姻緣𠠩羅分𥘷特安吏添声-強𥾽親家落𦖻仍㗂辱牙吳公吏𢷣隣羅傳之共饒𡃹-𡃹-席殘分手調𧗱私家楊徐𧿨𨃴吏茄想才代笔𢪀麻𡃍牢𢪀命門户拱高茄尼-𧘇杜𠓨拱昂𢼂羅公子楊芳呐皮容貌堛常凌仍産𪤍襖-裙𦝄文章𡨸特𡨸庄蹺隊𢭄𢬣柴相𪧻𠳒𦘧撝浪志浪才誇-白公本別㗂芳吏曾排斫劍塘此䀡𠇍番𠴍𩵜𢭂𪀄公旹貞摘没念浪空楊強--鳩𢚸詧尼易隊𡗶終特芇徐欺動𣷭𣼽泑𪀄篭渚易-高𡴯𡗶旦皮趿役公差割𠊛北使逴𡾵上皇寔封𤼸没本章役尼固白太常可差九重頒-詔𡗶加銜工部欽差虜廷𠻵信調動𢚸驚蘇公倍旦叙情咀嘆催它𫄓沛謀奸別牢攑塊運难尼朱語羅志氣交孚連𦠘廊庙支吾渃茹拯-几正𠊚邪共冲伴友𨠳-餒尼公浪𨔍傳初𠉞正邪侯易没𣈜𨅸堆况之冲道爫碎㐌𠫆𩚵襖敢奈死生勉些院𡨸忠誠-𣜱冲胣囷撑𨕭頭嗔英庄路㧅愁耒低些吏趿饒倍之𧡊𠳒鉄石知知蘇強添重添爲𨑮分浪英-𨤮風塵群㛪𨅸吏没身牢停𥪝外拱役朝廷料机外補另命買安𦖑信掣浽驚惶𨃴蓮--湥湘湥洡哭浪𤾓事爲碎𪽝身翳分朱𠊚-奸底吒吝-関山𡋥淋油𣹘霜寒配坡𢪀之分𤘁𦑃花-爲塘詫埃麻咏𠽄𡲤𠲖狼子野心女欺阻𩈘易扲凭𢬣𠸠油𣌋別机尼旹甘𫔮逸如𣈜𠓀双爫之吝橘𡏧紅抌身臺阁振𥪝泥塗楊老夫楊老夫詧尼-旦𠦳秋唉群公浪固𪿒之𡥵𠊚𣦍𢭄㐌-𧷺察-爫碎朱院道碎𩈘芇吏扒斫𠊚謀身朱浪戎狄無親𥙩𠀧-𥚇捥寅拱衝身吒包管竜冬𪨀𢗼宇宇闺房身𡥵𨕭梗没𦰟桃嫩汝干𩙌秩湄𣻆用移沛尋寄托没尼𢭄𢬣住石振潙狂波群當𢗼併𧵆賒吳公皮𧡊細茄𠽄-𥘀边親義交情蹺𠳒珠淚浽-曾行哯𪘵-浽老楊勉饒挭𡨸綱常羅忠-凝翁買排𢚸𪨀群--役𥪝𫔸茄闭𥹰𥹰𡥵-吒𫅷悲除吒永別羅𢚁埃𥘀情𢧚敢𥘀𠳒-情傷特没𠄽分庄-凝吳買疎浪情箕義怒埃朋堆些𠄩茄拱体没茄𡥵英旹拱体羅𡥵碎役尼𠳐領𥙩𠳒料机𩂏𢶢防𠊚奸非菓梅𠀧𦉱當期𠳐尋吉士定義朱𡥵-英役渃朱𧷺停𢗼𢠯女渃𡽫添強特𠳒如𦬑𢚸鐄翁旹𨅸𠠩𠰺娘𡎢𢖖插饒爫礼叩頭義尼唒蕯𣷭溇坤填倍鐄吳買𨅸𨖲役茄路沛勤拳如埃共饒祝𡃹離杯扲𢬣咀-嘆𨱽少兜娘旹--㩒頭𦛌鵉𤉗-曷珠𣿌潭翁浪父子情深別離庄路傷心𣅶尼-𡥵歇道草𣦍奉蜍母舅拱齐母娘從權駭認嚴堂弼唏𡨸白𡨸紅㗂賒𠳐𠳒-𠠩㙴花轎花𨇍𨀈𨖅茄吳公役茄翁㐌停𢚸𢺺𢬣𨄹𣦎𨤮紅趂-芇咍廷詔賊𫅷歇-謀怒吏-斫尼算調-妬-低𢘾唏宫阃押-朱陳𩈘芇𨅸貝小人蘇-湖廣按巡省賒吳旹告假𧗱茄没團親眷埃麻別埃𠰘𤞻㐌脫塊外森𡆫枌梓清台琹棋特𠳒鄭重分岐𪧚牢朱論没皮始終想才闺秀女中尋-朱特英雄當堆新春趿拒淹𡗶𧵆沔固会看梅景㕑吳公乘興春遊没瓢景色印圖天然梗梅𤽸点紅氈錦𫃹𨤔歷𩙌-牟香習耀仍客文章疎題删察边墻少埃翁它固意𣥱𥋳𡳃墻𧡊固没排清高才尼窒品風騷笔尼-帖㳥𠓨劍兜𠊚尼庄訂陳朱旹楼花𧘇綉球待埃群𠲖渚特𧡊𠊛才冲別固如外尼空女欺科甲-功舌才闺女負𢚸眷兄䠣蹎𨄹泣終觥𡢐㕑落𧡊書生没坊𢪊𥆾𥪝固没払巾𣃱味碧襖長渃撑熙熙目秀眉清固兜潘𧗱群生旦-蹎停䏾𢪀𩈘-罕如𠊛𧘇才尼旹催𡄎𠸛落欵買耒浪蘇友白沛𠊛尼庄遣𠊛𨄹𠳨別澄別𠸛別歲別浪孤身別浪尼於拱𧵆別浪府考案文𠸛頭緣尼吏沛摱兜𠰺隊媒䋦𠓀𡢐𠸕詳浪些茄固沒娘闭𥹰排粉封香待除埋兜扱攑情期固蘇友白年皮銅斤吘𠳒𢚁貝氷人,Nom
15_ngoc_kieu_le_no.txt,吶𣋀淹𫅠𨑮分朱𢧚特𠳒𨇍𨃴楼軒拍𩄲𪱯濫𩃳仙洞桃想忱𠊛𧘇福芇蘇生別固聘𠓨特庄即旹止裊氷澄細尼趿𣇜賓朋當冬停蹎𨆢吏𨅸𪱯除欺清永買𠸣𡮈蘇原払友白户蘇於烏衣巷業儒本茄唤初李白才花達𠸛世意𡨸羅蓮仙𠄩𨑮當擢青年運茄沙淬身𪬡雷催固翁叔父方回旹它改籍隔潙渃滝没畑没冊没童没命鄰六萤窻𣈜𣈜𠾕番忖恜念西𡗶它生-澄尼-身道𠊛𥪝固五倫晨昏旹惜双身屈耒𠁑旹行雁𥛭雷意𠄩倫意舌催別包群-伴朋友之交拱𡗉面-易芇心知𤤰碎羅會可為𢧚功名拱固欺遭逢旦如𥪝道𡞕-𫅠緣香焒綏𣳔詩書沛朱𠄼𤀓𦉱-𢆨-拯𣌋旹𪱂倍咦仍從𩄲渃詫之牢朱才色𠄩皮院𠄩身尼麻拯﨤埃𡗶箕之底朱𠊛虛生仍羅命立志命鄰羅-孔𡑝程闭𥹰﨤期考案𠸛頭賓朋共旦𢜠饒哉𢱎𥹰𥹰埃乃調𨆢𨀈𠓨䋦㐌拮𠳒嘲疎唭-呐-勿潙浪吳公固小姐没娘𨓐-國色天香𤂬男渚趿東床𢭂絲拯咍趿攑包𣇞浪才浪貌浪皮侶堆朱𢧚𫅷吏迻𠳒𢯢-弹産-𠊛知音𧡊𠳒生唉疑心浪吳公位翰林當朝乘龍几重𠊛𢞅𥿗桃耽问𠓨𦼔𦹵棦固兜傾國傾城庄戈拱度才情逼中䋦浪呐沛𠳒空拯旹払此亙功没吝吳家固院賞春楼高阻-𠓀𡑝𧵆塘𣇜朝賞景拱常料机𥉰-𩃳𦎛矯浪𧡊𠳒合意倍𢜠𢴑𠳒䋦買移蹎-𧗱𪤾枚生𨇍𨀈𠫾边塘𥄭𧡊簾𦂛𨕭楼𨅸觥𠇍𠀲侍侯没娘托幅𥯋珠當𡎢香沉倘倘𠖤淶𠠩頭-玉花𦖻𤈜鐄𥹰-吏立另𦎛意埃妬庄沛娘小姐𣋀麻𥆾技丰姿劍边窈窕孟𢘾点粧丕旹拱堛常常𠸦埃國色天香達調埋麻扲凭𢬣掉挵𢬣𡮍女旹漂秩船天萬𥚇䋦渚信俸仍𢴑吏丐緣無情𧿨𧗱𡎢忍輸更責𠊛迻𥚇惜命𨻫蹎𢪀賒催吏𢪀𧵆吳公羅几名臣甲科㐌𢚸下顧旦些裊抌事意呐--𠊛料𠳒辞咥唻排債緣固-押奈特饒𢚸𥢆埃易別兜左𥯒媒䋦𣌋𡢐吏𠓨浪它運用斫高船漁蹥𨇒源桃透渚浪算用斫𩛷初吏𠲖不雅吏摸路唭媒𧗱𠳚𥛉𨕭𠊛兑身䕯浡𥘀𠳒渃𡽫𪨀群更更𢚸𣜱寒门北貝高门𢢆𢠅身名𡲤唉竜冬燶緣花燭𪸟𢚸書燈扒𠳒催路呐能𠱋傷咍責拱𠳐敢煩䋦浪窖--顛別修𠇍刼朱𢧚果尼𠊛仙𢴑吏盡𢬣猪-楛𥒥拯𢯦絲毫䋦強-切呐包生強没迍𨑮樔呐戈即命䋦買𨆢-速𨖅旦𠠩吳家呈排𧡊𠳒拱𨔍𨓡咍𠊛尼麻侶緣尼-安𢚁𢬣師友𠽖連㐌番呐湼吏番𠴗寅生強咥-陳-𥙩𠳒謙遜拖弹曾-吳公𧡊丕拱油據尼埃𥚯断兜麻疑原茄拱固小姐𠸛羅無艷歲疎外𨑮姻緣𣌋㐌定耒仍徐𣈜𣎃群𣾺星期産𪤍粉点鐄吹噲羅-苦固咦容顔特娘𣋚𣌋結團边㛪边姉㗂弹㗂歌娘旹鄭-餒茄分命𢭗-分𫅷賒侵強𢝙--宫琹拯知音拱知音矯麻欺旹𨕭阁䀡花-𢬣拱托幅纙𢝙鍾欺旹摱笔寫𢚸錦屏姅幅綉防没身沛欺無艷賞春𣃣欺友白外𡑝𥄭淋朱𢧚庄𡮍関心默埃呐蔑沕扲空𢯦無情埃𧴤麻咍吳公𨻫仍𣎀𣈜狐疑公文俸𧡊報𧗱没吝𠄩本咨移--没旹使事完成白公㐌𧿨𦰟旌𧗱朝㗂絲没𦲿華褒欽頒勅授公曹侍郎㤕情油𤋵風霜準朱由驛還鄉養𫅷没旹鄉會𧵆科攄𢬣翰苑底麻候差吳公限假㐌耒科期遵旨細尼院堂𢜠尼當𠇍𠦳鐄𠓨𥪝皮呐買娘特咍荣鄉𧡊𦲿旗𠖤-蹎迍逴-𢬣嘲唭隔𥹰瀉𢖵排𢝙傳塘-演傳𠊛儉溇白公浪𣇊𧗱朝楊些𧡊旦儈頭謝恩浪爲薦舉得人特陞光祿吏𧵆尊顔嗔傷𡮍義鐄-塊愚-㐌-散𠫾耒𧡊它知過旹催惜朱底丐椎唭𧗱𥹰吳浪年誼貝饒量春埃固執兜嫌詧催-庄路排路尼-固傳払蘇買奇頭𡳪引吏没欺欺旹扱攑欺旹䋦萌強番強没丁寧冰傾渚別意情爫-白公𦖑呐𠸦-丕旹𠊛意品高埃齐絲緣固-押-催旹役𡥙𡢐尼默㛪𡃹情拮達輸𣎀㐌殘䏾兔買淹職槐--南北分𢺺几-京國𠊛𧗱家園-它父子團圓群昂昂事姻緣掛強咍兜婆月絲王吝-拱𢬱暈𦎛吏𧷺蘇生自課辞婚役常幔董𫋻温搥埋𠫾𧗱螉𧊉默埃㨂房春吏待𠊛淑人𢪀浪-請鄉鄰𠊛仙兜-𨃴塵麻懞没番决沛亙功祸羅固扱𥪝𨦩長安𪿒顒袄呂粓韓𥪞霜埃几迻炭妬除嘆身悴分謹魚承差俸𧡊迻詞家親𠳨-買別原根羅蘇御史按巡回京冲書計𠲥事情餒茄迍蹇餒命孤单闭𥹰隔阻関山悲除因便役官𧵆沔江边注唉杜船𠰺𠊛親信朱𨖲逴払䀡書𢜠𢙲倍傍省親埋吏便塘求緣承差朱𠓀-船𠰺童勝馭𨀈連蹺𡢐侵侵-馭𨇒-台台落裊別兜羅坡秦銀旦壙我𠀧𠠩塘𧡊几𧼋-迍塘歇嘘歇海驚惶𠄩𢬣扲𥙩-綱庄-呌𨖲浪固低耒--朱領𥙩檑馭尼愕然𫅜-渚咍𨕭鞍倍𠳨奸𣦍-芇定神買𠳚消耗寒荆俸趿屡芇刧𠫾𧴤-浪裊三岐𣈜𣋚𠉞度申旹𧡊信趿𠊛騎馭少年丐檑馭意羅緣岧摓𠵩浪窖呐𨔍𨓡干之樾馭麻懞𧡊𠊛𠳚浪柴㐌𠸕耒係𠊛庄信𠳚𠳒朱明浪𠊛番意出行求緣-𥘀塊情𠫾低𠸦忱柴意買柴𠰺尋梗柳底台檑扲𪱯-洛𧡊荒林柳𫅷𢷀-陰森滕賒細尼𦖑固弹婆哭𠹚悁㗂切他動𢚸速𠓨呌破西東棍桄散歇𡞕-𧡊饒共饒𫏾馭叩頭祝𠊛緣卒庄求麻𢧚𠸦柴生買𠳨𠸛𠳚浪羅賽神仙哙常勾容准寓𥪞廊隔低澄没𡑖塘庄賒𦖑𠳒羕拱𪉽麻蹺船洛裊侶它旦低別𠊛群待麻咍拯旹𥊘吏𢘾柴没番𠓨低𠸠固絲緣朱停蹺住細沔神京念𥢆𥢆𢪀没命𨀒駒-蕩𨤮撑-𩂟𡽫兑皮唅暈烏边塘𪱯𧡊固㕑觀音駐蹎𢭗俸禅林固師和尚静心-𠶆房齊-待粓斎唤師道德白𠊛姓名景禅𨤔歷牟清𨕭座十殿𡄎幀三塗𡎢㕑因𠳨役㕑拯咍古跡新修㕑尼師浪拱渚𥹰𣈜澄𨑮糁𠃩𢆥𠉞旦𣉹興公固几崇修羅茄户白官居太常爲爻子媳闷恾㕑廛爫福畑香篤成福𠊛三宝証命桧𫅷𢜠𧡊𦬑梗茶縻度持感德慈悲常𣈜供養𠃣欺𪸟-唭浪窖呐荒唐没𤳆羅固𨑮娘計之師浪𠊛渚番皮裙釵堛意鬚眉𠇍𠊛色旹湼柳装梅𠁑𠁀丐這𨕭𡗶翁𣋀才旹書畫詩騷吐-錦鏽呐𠓨珠玑果修修仍包除拯-音妬群疑浪埃生𦖑-𩯀産荄如𠳒師𠰺意𠊛咍仙𢆥𠉞澄𠇍青年拯咍曷玉蓝田群冬師浪深瀋楼紅頭墻別𠇍𧊉螉哉排招求渚當没𠊛旦𠉞𨑮𦉱𢆥𡗶群空𪱯-俸月掑窻傳朱師-僧房𢪀宜没命払准房斎擬𠳒師呐徘徊曾干桧槐埃撻朱安托簾𥋴月𨄹園䀡花隔㕑澄姅-賒咏𦖑固㗂𠊛些呐唭提澄趁𨀈細尼没園楊柳𠄩𠊛𡎢𥪝停蹎納-𥊘𪱯𧡊朝咹默-𣳔儒冠-𢬣局𨢇交歡-蹎𡨸五結團英三勒盧几笑𠊛談𦖑-如苦當爫詩之𠊛浪英扔韻枝恪芇渃沚𩄲𠫾珍漏𠊛浪韻意𠓨兜如韻思買窒牟清台𠊛旹笔拮墨𥓄吟𠄼𦉱伴曰堆𠀧吝𠊛浪句結買神𪉽情感慨𠮾韻萧騷吟𠫾吟吏𠸦唠拮𨖲喠疏讀高全題𧡊𠊛月下吟詩-唏拯特弼肥唭𨖲𠄩𠊛𦖑㗂自然𠻀-夾𩈘𠳨連浪埃生浪枚𨀈𨄹制特𦖑佳作𠇍𠳒清新朱𢧚𢧚𢷵奇精神恕朱浪拱味文𡥵茄唤生靣貌才華浪𥪞𦊚海拱羅英㛪况之㗂應唏尋友生吏沛摱𪀄芇求撟𢬣𥪞席𠶆饒生浪㛪旦㐌𥹰𨅸外濫𦖑吟讀皮耒沛庄新柳意排佳章𠸦朱同道拱廊𣼽-弹隔堛墻𦖑-共饒名姓𠳨戈生旹蘇姓𠸛羅蓮仙没王卿意羅𠸛没軌如意𣳔傳户張𠄩𠊛供於同鄉張旹固㗂𥪞廊富家書楼𨷑𠠩園花貝王卿沕鄰羅常𣈜不期拱趿饒低几吟詩柳𠊛醝𡃹桃王浪𠇍几廊騷唱-易窖和𠓨庫吹𡄎䀡新柳没排㛪低㐌沛讓才張兄生浪才意㐌停拯咍原唱才情旦兜張浪固𫔯之饒𦲿書懞旦𣳔溝御橋𧵆低固白小嬌蕊桃厭-群撩𨕭梗固欺景永庵清𥋴𣑳新柳寓情筆花挸才𨖲扁開科𪧻牢朱律俸娥廣寒𨔍之才子紅顔𢧚㛪和此宫弹尼𥋳尼尼原唱全排唱尼和意䀡才芇欣生䀡𥪞胣然然才尼妸謝娘班拱讓張浪㐌別味香趿低此和没章𢢆夷特𠳒曼-𢬣題筆花没捤首詩㐌耒𧡊払才敏𨔍𠁀扲詩吟𢪀別兜志𢌌才高𥆾-湼卒讀𠓨𠰘-王浪尼當伴蘭两雄𨀐𨇒騷𡊨群埃生浪兜特如𠳒𨅸𠓨原唱群𠄽吝𡑝拯咍閣錁楼垠眜塵特𧡊𩄴春庄𠴔王浪𠊛玉價鐄厔西唉直暈陽俸-没篇兜㐌稱才思乘此亙没排女於旹𠳐枚𣌋㛪迻𠄩英拱吏𠄩詩納𠓨默𠊛取舍量芇分埃𠱋濕𠱋高默𡗶浪𦖑𡗶渚𢴑𠳒連𢬣吏和没排糁句𠄩𠊛--𩠓頭席𢝙皮满刻漏点𠀧生浪嗔暫𨆢-尼觀音寺意羅駐居𠓇枚嗔庄敢𪱂嗔浪止信罕如如𠳒張𡎢𢪀吏咀𨱽-𢝙窖俸𤘁𠿃-塘𢪀命粗陋堛常𨁪䕯別固𠓨𦎛粧臺𢪀命才貌院𨑮𦑃帆欺易迻吹阁滕悲除空錁吏𪘵𣈕低侯易呐浪-低王浪庄路𡎢癡斫溇㛪㐌𢗼𠳙𪿒夷之边𦖻𥊘吏忱旹撫𢬣浪斫用奇買高速𧗱𥙩鉑連𢭂王卿補襊隊𣋀𠫾連董郎尋特𠊛涓白家老僕本𠸛侯𧵆𠯇𦖻呐事求身𢭄𢬣出鬼入神轉𣒱𠄩篇和韻𢭂𢬣分明落欵𡢐尼𠄩𠸛没旹落欵蓮仙頭句論固𡦂穿初初没旹落欵軌如𡳃句論固𡨸思停停料牢朱律特鐄悲饒唉預謝情群𥹰𣴓𠳒𧿨吏書楼共饒𢭸𩄴𫔳楼待埃生徐𧿨𨃴房斎-情𫄓-魂梅貧神閉𥹰目下無人埃咍浪買𨀈蹎塊外佳人羕固沁唏㐌師𠰺傳吏𠊛引詩默埃𨉟庄別餘𢆨-旹拱羅-渚牢群𠲖園閬𡴯高𡥵螉別固律𠓨旦尼仍麻課𠠩天台旹刘阮拱羅𠊛世間𡬷𥢆陳濁更殘𤏬𣈜據𨇒𠠩園𨖅制共饒吏𢷣傳唭勾蒲勾㗂詼諧衮昂紅桃㐌産𠄩張詩埃乃曰𠀧章𠄩𠊛王浪庄路𡎢佳㛪羅𠊛𡧲𠳐陪𠄩兄特除惶道出行埃𢧚㛪共分荣𠃣𡗊攔𢬣指裊蓝橋𦰟春海海迻饒𨀈塘細尼外-前堂矧蜍皮𧡊老蒼𨅸外王卿𢬣指𠄩𠊛浪𠄩𠸛意固𠄽卷文𢚁𠓨𠳚旦大人-程朱𥊘𠠩𡑝鄧侯疎浪𠊛買𠫾兜卷文嗔領耒𡢐𠳚𠊛駐兜嗔𠸕別尼或欺𠊛固𠰺𠾕女庄𦖑𠳒𠸕指𤍊澄共𢭂詩柳吏氷𨤮槐𠸦謀老董買稽拮𠄩章意𫔯𠫾別形據如𠳒𠸕王生𥙩𠄩章𠠩底呈白公翁徐弭挭桑蓬𤗲身庄𡮍蓓紅播綿分𡥵群𡮍渚安因排詠柳𨷑篇和韻𠳒-落眜高人仍油爲餒擇姻𢢯-俸𥪞逺族固𠊛𥙩情養子𠳚𠊛孩兒頴郎𠸛意愚癡性乾八索𩈘離空湯族情公拱𪡇囊局油兜窖抌昂添油没𣋚𧡊董蒼頭和章𠄩幅𠠩楼𠳚申𨷑䀡没首云云没句羅没唭-没回思兜固思𨔍𠁀𠊛兜麻吏固𠊛吳倪𠸦朱肝𦛌𡃍稽䀡𠸛落欵𧡊題蓮仙次𠄩吏𨷑没篇起承㐌𧡊首聯新奇歛𢬣讀率全題撫案尼寔-詩盛唐囷兜埃𨯹𢧚鐄麝兜埃押𢧚香炸-䀡𠸛落欵軌如𢜠沈𥪞胣𠮾外𠶣𠾕娘-𠠩軒梅𥙩排和𠠩迻制朱娘領䀡底-倍傍𧵑兜辱㗂文章-𠁀領䀡排女次𠄩謫仙兜㐌𨕭𡗶降生-麻湼笔劍精𥆾-朱技如形債饒,Nom
15_ngoc_kieu_le_no.txt,敢嗔辨白鐄鍮矯欺魚目混珠庫𢚸公浪面試旹衝--埃易𫔯𥪝脿𤷍帖名没𦲿詞𩄲𠰺𠸛董老𠶆柴軌如𠳐𠳒尋旦楼書𠀧𠊛當𣇜論詩共𡎢𨀈𠓨迻帖呐唭𨷑䀡只𧡊没𠊛户張張䀡湼𩈘𦬑囊恪芇-禹榜鐄𧡊𠸛生䀡湼𩈘歐煩恪芇茄湥趿番湄𩆍王卿假格𠳨𪮨咍欺𤼸納固惏論庄𠄩𤽗沛𡃹氷傾没排底吏買𤼸没排董浪兜敢单差𨔍之試分學才初𠉞張浪事㐌讓尼㛪嗔失礼没𦀊𧗱侯𠓨𥪞𣳮𩈘扯頭坡味袄及淡牟香𠖤蹺蹎𡮈𡮈没𠄽忍-袄𦲿𧷺吹債桃没團𨀐𨇒𠮿嗃細尼董老𠠩𠓨𠳚信𠰺𠶆𠓨夢艸軒脱𪱯公㐌劍边𩈘𢜠群𠊛粗濁質恆固庄才主兜浪才人咍羅隐相藏神庄臨陣笔坤分雌雄主賓茶𦲿待同𣉹𥹰公買𢵱𣳔論文浪𫅷𡲤預官紳棱儒特接文人拱饒𠁑塵特𠇍才高𧡊才䝨契旹-秩𠊛陽春𠳐㐌𧡊耒吀添白雪没排新詩調兜𩄰打産稽告𤴬庄便吀𧗱庫𥋳𪱯𨖲絏笔産耒𡨸題新柳没排續吟𢞂𥢆俸化𢜠忱尼机-㩡埃扲朱𢧚𢖵𠊛吟和花園蘇生産固𠄩篇立成没旹命㐌題名群篇女駭寧寧属𢚸爫調吟-𪿒隅樣葫印産帖紅曰鮮𠄩章𤼸𠠩案𡎢敢吀尊笔𢌌𣰏-朱公䀡𤏣𨅸名儒呌𨖲浪寔𡗶朱几䝨意才七步成篇催旹尼寔眼前群-遣𠊛遞旦楼桃章尼油貶咍褒默娘娘徐特𧡊和章分𠸦才𨔍分-塊㘈欺張𡎢𠠩爫詩啂𡥵嫣素者盧䀡情丿𦀊吏𠳚分明敏才𦖑可粗形庫𥋳群當疎渚歇𠳒迻𠓨㐌𧡊没排續吟,Nom
15_ngoc_kieu_le_no.txt,娘䀡𠱊讀淋滛浪它靣試群惏女油疎牢清雅風流𠊛牢吏呐𠳒粗貝𠁀浪碎𥋴㐌-𨑮人䝨在貌固𠳒𠸠初𩈘埃麻果咍疎扒誓碎拱决㘈庄信如碎侯下分𪬡𠸠抌麻押𦀊緣庄噡况之羅價千金蓓荄牢女杜𪀄鳳凰敢吀審愼朱詳緣𤾓𢆥沛𡨸床庄制郎𦖑辛罕没𠳒𥋴𠓨湼笔買𠊛如印吸-𢢇分婵娟搊離埃女-緣朱停尾之没䋦絲𥯋𥘀功親舅絆情家嚴別包𣎃撰𢆥尋芇𠊛才貌唉沈沁唏悲除買特没𠊛想浪衝女侶堆自𣈙埃咍特妬秩低詩埃𨻫讀𠰘尼朱虛𥪞軒娘唉-魚外軒㐌餞軌如𧗱耒翁𠓨𠳨-唭-𡥵䀡㐌𤍊真才群疑娘浪才沛呐之才旹㐌丕𠊛旹称空功浪事寔𨔍𨓡没才没貌隔𨦩群賒娘䀡塢柳喂花朝𡥵翁拱𢪀麻関心浪如庄-知音没番尼女旹扲特精頴郎摱傳學行詔西暫請先生旦𡎢寅-仕料察𥋳寔虛𢖮拱𨑮𨒒𫔯芇娘浪斫意買高𥹰𣈜侯易𫔯芇特油傳張默几算𢗼張旹職仍逋-分命欺𧗱𢜠貝王卿續吟兜窖不情麻𢆨王浪咍寔羅咍防賒㛪㐌𢗼𣦍欺頭仍麻拱渚聀兜𢜠尼料沛𢗼𡢐買皮固庄留𥙩払蘇防欺緩急随机麻用撫𦠘𠸦斫寔通運籌尼當元功没位陶𧑒劍-管之尋𢬣济度速𠫾景廛生旹𨻫仍刀煩想𠊛元唱㐌𢧚才情-麻𡥵眜庄精𦘧埃旹杜𠸜命旹空如払世意麻衝惜朱𫅷挸𨻫功初𣈙惜命分闷緣迡補𠫾庄-𡎢低拱承張皮𧡊旦嘲𠽔恕朱調磊𩛷初失陪𢚸㛪𧯶沛如埃𪉽緣梅竹辣味芝蘭別饒㐌哏膠山悶朱舟塌盤桓共饒寒圍㐌産書楼兑腰吀渚𢪀兜短𨱽役娘生唉債𦖻産机𧵆近𠶀𩝇拱些𥘀傷𠳐領盛情啫師共吏書亭花園尼咹准寓㐌安𠀧𠊛終冊終畑爫𢝙没𣋚從且共𡎢𧡊𠸛董老細𠶆払張𨷑書䀡𧡊𤍊詳唉朱𧗱𠠩申呈浪𠳐𠳒謙喜色曾平想-佳景𧵆澄兜低驢生欺永窻𩄲王生𠸕歇㗂尼𠳒箕記𢚸咍意𪧚提辞行没席提携𢶿𨖅細尼嘲𠳨-讓尋尼静院達床舘西樑𪤍整篆翁柴詔花継-檜𩄲𥿥𨱽加功啂保歆枚也而者矣耶哉之乎𣎀𣈗-弩工夫懞朱發瀝棱儒及𠊛假朝經史鎚𥓄連欺温讀𠰺𠳒㗂沁家人𠇍几𠫾𠶀斫算𥙩𧵑爫欽𠴗𠊛斈徒特𠀲貪制𨔍之柴伵沛味醝饒欺𠠩斈𣇜他侯-唏絲𩅘𥊘頭-毛没歆𩙌静𦝄高紅梨𠇍朶香嗷-𠖤公共娘准軒西曲詞枚㕸𠽔柴咏制打唏路吏傳唏𦖑唏火速朱𠶆蘇生生當𡎢貝王卿𧡊信迻旦拮命𠫾𣦍迍𢜠把呂扲𢬣隔饒㐌𠇍𣈗𣈙𢖵饒𫔮談𡎢氣𥹰-浪㛪濫𥋴花楼没吝紅梨醝𨤔花春曲詞懞製𠇍韻賞花拉𠳒當擬𢷣-吏杉㗂學-呀边𦖻,Nom
15_ngoc_kieu_le_no.txt,𡲤藝曲調𠇍才想英欺拱固制藝尼㐌𢚸光顧旦低吔𠳒珠玉䀡𢬣詞翰無情埃別謀奸𣈕箕㐌𤊰𠓨岸蓬瀛庄緣拱哙羅情抌情𠳚貝𠇍梗紅梨浪𠳐兜敢𫔯藝墨淶𠇍湼𢬣題𠃩篇領䀡讀-𠸦-𠁑畑吟𡅷𫕰畑皮𣌉驢欺㛪妸聀槐林𠽍連𠰘属𥱬爫𢚸散更皮𣇜𤎜東草軒㐌𧡊信𥪞-𠶆𢜠忱秩吏𢗼𨱽防干疑陣少𠊛伏兵𦜞𡎢扲吏蘇生㛪吀暫別放情庄𥹰觥墻𠓨准軒楼主賓𠶆㕲渃𢀭呵唏浪因𧡊朶紅梨頭軒花𦬑𡳃𡏘香淶𥙩之賞景爫𢝙𢭄𢬣詞調𦘧撝樣花假調謙遜哙羅耒𠳐拮笔曰-𠃩題公䀡𥪞胣醝迷蔑埋𡃹設𥘀泥沁傷娘旹瀋-房香餒疑本唉多恾自𣈗𡬷𡬼仍屈𩄴𩄲𩈘牢特𧡊胣尼買安因欺永𨤔𠁑幔院書𨇍𨃴𡎢欄探𩝇隔花𥉰𤏣𫕰𠊛丐𣋀兜於𨕭𡗶買沙倍傍𨆢𨃴房花𢢊𡥵嫣素𨀈-乳詳浪如丰景張郎據兜喝嗨達塘-坡𩈘𠊛固語𩈘麻書亭群固埃麻浪埃𧡊娘𥘀弭仍𠳒卽命速𥊣没唏書亭庄羅原妸蘇生因欺張永𨄹觥𠃅墻𡥵嫣𪱯𤑟𩈘払討芇庄責浪娘𠵩些-蹎仕𠳨𠻀羅𠊛兜庄別牢麻旦低生𦖑拮𩈘𪱯𣦍𧡊牟咹默𡃍台侍婢𡥵𠊛姿色芳菲侯𥪞羕拱没𡾵䀡𧵆固兜特𧡊主春𥋳澄侍妾想吝拱-浪低呂𨀈賒茄羅蘇友白自羅蓮仙𪽝為新柳𠄩篇庄埋落第朱𢧚落𩑛浪䀡𠊛苦固才据牢名次律外孫山浪𥪞程度考官不才侯敢樊难特牢𨔍朱預中几芇祖宗積德別包饒𠁀浪𠊛渚堵𢼂𠊛別兜羅福固才旹𢧚𦲿楊𡭉律榜緣沛浪𡥵眜婵娟固惏浪催群敢多心惜功想濫𢞅忱闭𥹰𣥱包𩙌苦湄愁買探旦吘蓝梂唏-𢪀之分飲緣灰㤕埃没-憐才覩滝拮𠳒如紊旦𢚸㦖淶𠇍湥英雄𠠩花𧡊払哀怨切他㤕為拱遣𢚸花徘徊浪払如庄服才此抄原作𠄩排迻低為払料仕𠳚𠳙福承祸固群𢆨鼎芇-𥹰𢜠﨤干𩆍詞花抄劄𢬣𢭂倍傍情由渚及𠸕詳秩𦖑𧡊㗂払張㐌𧗱生旹𨇍𨀈-复笑談满席吏𧗱花園嫣旹𨆢𨃴楼軒𠠩幔引户呐𠸛--羅𠊛伴貝張生𠳒払𠸕吏每情曲催練迻原草𠄩排脱𥆾湼笔別𠊛才郎牢麻印𧵑払張事尼群固昂-边尼張它設帳於低𤝞兜吏滥哏𦀊𥾾猫推𥪞情𠃣𨤰𡗊柴張庄矯固調凌仍群當盤定呐能外軒𧡊幅紅陵迻𠓨𨷑䀡𠃩曲調高寔才芇固𡮍芇羅差如浪扱扔𧵑埃或排新柳傳外㐌𥹰排尼固𨤰扱饒丕旹埃罕輸兜麻浪絲兜窖𦇒庄庄𠄩边執吏朱朋沛㝹𧡊娘蜍矧湼桃浪催担𥰊𢵋高辱𢚸婵娟㐌趿英雄𢚸芇麻女𢴑𢚸朱當想如手調蘇郎払張北𠇍吝湯朱𣃣意形意貌㐌乘呐才羕拱特如𡥵𠊛吝𡢐払固吏制料机面試𠇍排旹-𠸦𠳒斫任謀賒𣈗-朱旦墻花𨅸懞㐌𡗊刻待-𪱯沁魚沈渃𩄴鴻屈𩄲生旹恜-𣎀𣈗欺𢝙詩柳欺醝𨢇桃𨀈塘𩙌振湄摷𫔳溇渚易-𠓨朱能没𣋚𠽄𠳨別浪固楊光祿特陞浙巡便塘𠓨貝故人白公留待慇勤𠶆-張旹陪席𠠩軒書亭𢌌詔花園永𠊛熾朝生買𨄹制边墻㐌𧡊㗂埃逴嘲𤑟𪱯𢜠𢙲掣包浪徐隔𩈘如-𦲿肝庄咍丐𤗖𦎛寒㐌曾𤐝旦𠁑幔朱渚浪𠳐𠳒𠰺小姐疎払牢貝軌如拱同秩𦖑生㐌別蒙粘封催默吏房𢫊名浪疎寔𧵑小生𠁑鐄固坦𨕭撑固𡗶嫣浪裊寔如𠳒旹紅梨曲𠃩排意牢生卞引傳𣈗芇想浪咏物寓𠓨-人埃咍丐𥿥𥿗-為埃𦄌産袄裙朱埃楼高𠸠庄信𠳒意𠳒群妬麻𠊛群低𧡊𠳒生呐麻醝𠸕浪徐妬速𣦍𧗱茄丿兜吏𧡊--浪催傳𠠩路羅堆𢮩寔鐄之管炭炉尼-筆紙各图産低房嚴𨁪𡨸曰台口傳𠳐唱題尼払𦖑送鴻題𥙩𡨸非-題迎燕𡨸棲爫韻𡲤𥪞礼奇婚姻声文沛𡨸情文爫頭八音𡨸底頭句疎旹朱𧡊𤑟牟意清領題𠸦意買精浪𠊛貞淑麻情清高節當春夏之交鴻𠫾燕吏切𠓨辰宜非羅送几奸非棲羅許几双棲唉除身尼渚豆梗絲特𠄩題意倣如豆耒-尼買計羅才-尼買計羅𠊛降生𢚸鮮𦰟筆強灵没干湄𩙌㐌驚鬼神𧡊払𤑟𩈘才人𥢆𢚸添敬鍾分濫傷浪𣉹𩄴鵶㐌鐄詩碎𠳐領𨃴払暫𨆢𣈗𣈕客-群𡎢𣌋𨖅𠳐仕領𠳒𠼽官生浪𢘾飭周全特𢧚功意敢涓義芇旦調啂歇𥰊高几𧗱准寓𠊛𠓨楼粧敢疎歇各每塘聰明世𧘇文章世尼𠄩章𤼸𠠩簾𩄲𨷑䀡㦖𧿆㦖𠖤曾囘尼尼曠世奇才才尼買称貝𠊛意朱徐𣈙㐌補工夫矯群想越𢠩胡隊番群𠲖卓𢷣-𢤞𥊘頭仕啂𡥵嫣攊𢬗儈頭𠳐領𥙩𠳒𠸦忱浪酌細𨆢買𫅷𠓇枚據例𣋚戈𧡊生㐌𨅸墻花祝蒙唭浪詩㐌𠓨-𢜠忱𣈙㐌當功萬全生浪𥘀義幹旋抌身丸塊捻𨖲𨕭座庄能案案理差訛意𥪞發落據-𨤰芇嫣浪路沛迍摷智高𣈙㐌𢗼高處和没羅嚴日法茹傳𥢆空𨤰抌-公呈𠄩羅两伴対明鳩嫌𠲖几生情𧗱𡢐两全定産斫牟-払另𨃴𠫾求氷人吳翰林意舅親特封書旦庄分芇𢯦張生𫄓𢪀於低𠫾𣎀𢖮拱固𣈗﨤麻𡃹-𢪀沛尋-旹𠊛空怨麻些特𧷺𦖑𠳒計窒墨坤唭浪妙算庄群-兜-欺𨀈-戈梂固埃拮-易侯呌冤嫣浪牢窖𢪀乾小姐𧯶沛揞弹如埃𥒥鐄㐌鑿没𠳒扲朋𥒥湼鐄派拱料催払庄路呐𡗊拱停濕倘習超之低燥𠳒没𣇜𣋚𠉞自枚悶𧡊𩈘尼群賒呐耒另𨀈㙴花生旹吏𧿨𧗱茹張生托辞別貝王卿吏留没帖辞行貝張雷催梗柳边塘想才想湼𢚸強如山湥情𢪀吏滇-想氷人意羅冤家命𡥵𠊛命㐌無情𡥵埃固𨤰𢚁萌䋦牢唒浪𠊛固量高仍命抌𩈘𪖫芇珍-閉𥹰買特没吝-絲窖-胡𧵆吏賒㕸算𧿨吏-花想𠳒𠸕世別羅𧡊埃-𣈗-馭趿𠊛𢘮尋神卜𠳨𠳒是非仍麻役庄沛疑𧴤-庄卒催𠫾牢仃况它固𡉦䋦萌唒牢牢拱振命尋𠫾𩈘𪠗眉惮麻之勉朱𧷺陣𢪀之賒吹-塘-仍想𠊛𫏾塘俸﨤没𠊛同窻𠸛友德𡨸言從拱羅同姓麻空族情趿生𠶆吏門庭渴饒祝𡃹弟兄藏-席耒生𢘮𨖲塘責浪牢窖倍傍役之生浪拱庄鬦之𢘮尋柯斧訂議竹梅唭浪役拱役𢝙英㛪𧯶沛如𠊛靣交𠊛兜𢘮𢚁䋦芇分歡嗔吘消耗特停𧡊𠳒根紊丁寧傳命呐歇𦰟梗比絲辞婚意傳初箕傳張星拔傳婢此舂-算印定所𢚸緣尼吏𢚁吳公作成浪𢜠扱攑緣𫅜惜朱吳老進京永耒生浪包管賒吹𨁪浪𠁑坦𨕭𡗶拱蹺浪𠳐英㐌𠰺調役𢜠固𨤰敢-吏低貝饒情義初𠉞白金𠄩笏迻𢬣哙羅𫏾羅𢜠𡨸宜家𡢐羅拖𣅶塘賒-𨱽𧡊𢚸重義輕財𢘝𢚸坤𨤰咥𠳒朱安謝辞拮梗𨖲鞍分停路費分𠸦交情𣦍𢚸命仍推命別兜浪偽浪誠䏾埃芇咍友德𡥵𠊛𢀭边財貨劍味詩書𦀊絲-仍包-𢘮算綏貝小姐仍𣈗𢘝棱庄敢動𦀊𢆨兜抌吏机尼皮-𦖑吳公課登程𪱆湄克𢯑丐命関山唉群調養鄉関進京達底𠳒奸貝払拱料𠇍两送裝𩢬埃另𨀈算塘冒名帖𠸜𠄩𡨸晚生𫔳軒𢚁几家丁𠳚呈皮欺-𩙌辣霜吳公㐌拉治装起行𫏾案𥋷𧡊帖名𠰺𠶆𠓨准小亭厔𥪞𨀈𠓨爫礼鞠躬𨦩𢬣𨅸𠃩排𢚸𠳚戈固𠊛族弟𥪞茹𠸛羅友白拱羅書生𫏾箕-隊高情𨔍之𣒣-歲撑坤咦啐它--𢚸痴舌身䕯𣼸負誼𣷭𣾺磊命欺別𢪀耒旹𦖑令爱㐌諧良姻磊初懞贖吏身-𢬣車李𢭗身𫔳桃濫𦖑甥女價高眜樵𥢆仍約泑䏾蟾𡮍群嫌濫𢜝𥢆𠀧春察吏𡬷念朱庄𧡊𠳒如𠽖干𢜠唭浪丐䋦赤绳矯制没𠊛𧯶沛浪𠄩𠊛悲除𠳨拱𠊛辞初托身引課閉除𢜠𠉞㐌﨤群徐欺㝹役尼催渚𪿒芇𫅷𠉞當倍𨀈𠓨京中并調两便朱衝𫅷𠫾底吏没封書尼迻𨖅𠳚吏𠊛咍係𢧚旹𣌋定𣈗成親𢭂書𠸕啂慇勤領書辞謝𫏾𡑝𨆢𧗱𢜠忱事窖不期朱咍𡗶拱咍隨𠊛些𫏾箕些唉𢪀賒𥪞書麻呐𤑟-𠸜芇旹些𥙩李台桃隊𠸜友白底𠓨问名埋兜𡗶吏-情,Nom
15_ngoc_kieu_le_no.txt,浪𠳐感-𢚸𠊛㦖親草花群別向春𡬷𡬼女負佳人朱停盧浪呐窖𠳒生桃唁群詫之梗槾咮𢞅花花㐌𡳜務誓花底𪸟香𢗼牢𢧚生浪牢敢負願沛𠊛特板半船咍牢两全㐌固斫高群𠲖闺阃𢚸芇固淹盧浪分𦰦緣金𢚸㛪㐌順㛪㛪拱𢚸群𠲖𢪲奇𠄩蓬別浪樛木固容葛藤生浪𠇍几端凝㐌浪淑女沛浪慳-埋-淡粉𧷺𦎛陛卢𢪲-英皇奇堆𢚸尼㐌呐-𠳒𨕭頭日月边𦠘鬼神盧𦖑漢許牟春自-親上加親買強𥪞𢬣産固私粧没堆金燭没長明珠浪尼物𡮮紅楼𠳚𠳒浪暫迻饒𡮍情敬-亙飭進京唉𢗼𠄩𡨸功名院全身𢧚-事拱𢧚係緣箕院旹緣尼𧷺停𢚸嗔渚倍𢞂-言㐌决多言之麻𢴑𠳒𨆢𨃴墻花𪱯蹺㐌屈𩄴娥𠇍吝生旹𡎢𨅸秦銀𧘇𠊛咍孛𧘇神咍仙占包兜𧡊眼前𧘇緣舟榻咍緣瑟琴没命貝俸𢪀忱𪱯𨖲𩄴鵶㐌𦣰𠃅𡢐行長㐌産少兜路羅辞別朱𥹰隊塘𢴑澄提裊𨤮長𣳔箕-怒-郎如潮緣初群沛呐牢緣尼兜窖𢴑𠓨俸埋貝英麻胣㐌-貝㛪𣈗恪別醝澄芇𡄎英撻柳他桃没囷乙拱分豪庄差𡄎英𢌌別-才没𡑝意拱𥠭𠊛兜賒𢝙𢚸弭𨀈塘花𠊛悁扱几差衙細𥆾𠳨-買訴根原浪蘇御史徐番囘程迍生待庄𧡊生差船阻𪖬京城移𠫾楊台別㗂是非山東省意皮欺按巡按堂低拱𧵆-生𦖑蹺𨃴移蹎細侯𨀈𠓨辞謝叩頭𠰺𡎢買𠳨𫏾𡢐役茹𢪀命寒苦悴車義羅注𡥙情羅吒𡥵固欺-咏晨昏錦屏𧡊幅湼𣘈批評和韻公買𠰺生𧵑命生買𠳚情頭𡳪𢜠浪家慶群𨱽湥眉山吏洃𣳢徐低室家𠳨傳初𠉞事娘生買計𣈗求緣公𢜠浪特妯䝨菊軒自𧡊没番代題浪如役意𢗼之嫧男兒唉者𠫾朱耒榜鐄𤑟𩈘甲魁𤒘花緣意没𠳒旹𢧚香科皮及秋天河南𥙩数投𠸛府堂想𠳒嚴訓𤑟𤉜窖咍拱合𠳒払夢梨𠁑軒領命-𠫾湥梧落度曾期霜淶京塲丿㐌細尼𠳨信吳老選才場賒𢞂𥢆沛強爫戈試期闹𠽋䀡花𢵋才秋鄉㐌占秋魁春𨖅連占榜梅甲二弊場因固役之推官生沛補𠫾州杭羅州属縣浙江過河南吏順塘金陵便塘生𥙩爫𢜠吏𦖑叔父𧵆澄來京𦠆除群渚起程﨤欺吳老事清𧗱朝𢪀信𢜠𠒦掣包鄉生没帖細侯-衙吳公欺𨷑数科異名同姓想-埃疑𧡊信迍逴嘲疎咏梅𤑟𩈘𠊛初仃仃𢜠朱斐志平生𠄩塘家室功名調𧷺生浪虎分寒门別身-罪辞婚仍𣈜餒命流落闭迡河南改籍引𣈜遇親分埋特弭-身分𥢆群𥘀女難𦝄花畑𡗶-隊𤐝賒嗔停𠰺㗂室家㤳㥬𧡊𠳒生呐-揚令兄引吏各塘議緣蓮錢𨯹㐌𠇍番焒香擬㐌院願𥹰𠉞生𦖑𧺃𩈘紫𫃷調兜吏固調尼木-𢚸𥢆可敢呈戈白家事意寔羅本心拱算-俸松林𢢆𥢆渚敢㗂沁代滕𡲤身单隻呂澄固埃親族麻浪堂兄計自友德交情欺留欵𣅶餞行頭𡳪䏾命仍想䏾𠊛別兜𩈘鬼𥉰𠊛麻𢵋催-𨫊㐌𠓨炉渃賒坤𨤰洗朱𪸟-公𦖑別事呂床𢪀命疏率𫄓塘險溇浪催拱庄𪿒兜白公𧯶沛眜鍮糊塗謀芇律特孫吳𪀄芇脱特塊𢲛意牢𠳨払意見羕芇欺謨庄半欺哰庄恾假魚買引傳娘生𦖑俸㘇別塘芇疎𠳚浪卒㐌𢘽初坤𡢐𢧚沛悲除旦低唭浪分𢢲緣𢆨默𫅷𢗼拖緣尼沛衝曰書没幅謹封特書如𦬑-𢚸登仙惜台別焒羅畑旹㘨粓㐌𠇍番𠃩-茹吳𦖑固小姐眜尼庄矯𣈜初𪱯惏氷傾边篆𢪀忱㗂車御史--細京𥛉催𠳚吏各情𢜠𡥵𣌋数功名斐願議親𢭂幅書箋辞行拮梗𢴑沔山東提澄園𡳵𥊣𨀐從人傳棟駐房没尼袄裙咍樣𢫊味形容吏據如𠊛𣈗初没命𨄹𨀈園盧木苗𦼔碧盧疎蓓紅𫔳墻丐錁𡥵封𦊚皮謹𩆪𢫕蓬𧡊埃尼-座𥒥尼𡎢𤑟𤉜景妬芇𠊛𠫾兜尼-金燭命珠埃兜麻底朱饒𧵑尼𠱋庄𢧚義𥢆西旹芇-義伴皮補𠫾群當綿木𠱋咦边園李老沛欺𨄹外𠊛涓扱𩈘嘲𠶆逴𧗱路傳呐唭𥹰𥹰生卞𢲛𠳨𫏾𡢐曾初𨄹𨀈边楼花園趿盧公子少年𨔍之同道化𢧚交情悲除牢𧡊永醒庄咍茹𫔳兵情爫牢浪茹𣳔𠼲𫔳高羅盧副使堛豪於低黃梁聀夢过醝夫人-捲没𢬣𣃲𧷺没娘歲过𦝄𧷺没払公子歲群-疎𦖑浪固几仇家夫人另𨀈𧗱茹江南朱𢧚封謹錁鐄役戈塘意𠳨爫之箕生𦖑𦛌𦇒皮-強𡎢𥹰買辞𠫾𨖲塘從人連産行装𨖲鞍命仍𢠩恾如-𠸦朱𢪀𢌌𢗼𠫆㐌𢗼後會仍𣈗別饒唹旹拱別𢗼𡢐旹停結𩯀班頭朱衝江南大族旹冬別-固𧡊𦎛夢麻咍𠳒鐄鄭𣅶分𢬣𢧚緣户白緣尼拱𣵶𢖵𠳒旹沛据𠳒料塘𫏾沛尋-白公公徐䋥撅奸妄康-只篤没𢚸尋生秋鄉查数題名河南旹固本城旹空庄戈姓合名重別兜浪跡浮蹤麻尋春𨖅節凈𡗶淹𢪀𡥵没歲没添強愁𦖑浪名勝杭州西湖准意景牟窒𢝙少之俊士文才皮算𨄹景尋𠊛定緣𫔳外矗𧡊迻信浪盧太太奇全家𨖅𠰺𠶆𠓨准-堂情親兄妹礼常舅甥娘旹接礼𫏾萌𨕭情姑𡥙𠁑情姉㛪公浪𡑩屈信沈役之緩急沛尋𨖅低浪因課任江西劾𠊛同幹化荄詧恨-𦖑東省督巡哯𪘵哏𢯟𦀊恨買催㛪旹媄化𡥵𪧄𡥙𤳆群𡮈𢚁埃妬-𨤮𠦳包管-湄𧗱低駐足特𢘾安身公浪𥪞局紅塵𨔍之天下奸人𠇍𠊛催旹逺祸旹催便𠉞英拱𢚁𥋳役茹英算𨄹𨃴塘賒固㛪𢆨特便𠀧𦊚塘浪𠳐義𥘀𦧘昌役𥪞寄托承當各其𡮍群没𡥙夢梨及笄歲㐌細期擇緣義初兑几九原情𡥵道𡥙敢煩𢺹傷浪䀡𡥙苦端荘工容㐌丕文章-芇疎浪性𡥙𨔍牢𦣰𡎢貝冊-𠓨仍詩,Nom
15_ngoc_kieu_le_no.txt,㛪旹濫別𣃣皮場文此𨷑陣旗考䀡公𢜠𠾕奇𫏾簾命題𠄩調换粘𠔭韻聘𦠘壓𦰟筆春浘𡓄没陣風雲拱耒公䀡𠸦奇和𠄩姉㛪尼買寔-姉㛪𠰺迻𠳙対共䀡姮娥𠇍課宫蟾固堆停𢚸公買𠫾制边𠳒叮嘱边𠳒餞装娘盧𣉹特𧡊娘責牢庄𣩂肝腸払蘇娘徐特𧡊盧姐𠊛兜皮窖悲徐羅𠄩𨔍之色渃香𡗶庄𢺹姅𩄴庄移𡬷蹎欺玩景𣅶𢝙春和弹𠁑月浽韻边花没𣋚娘買𡄎戈𨤔香論貝𩄴娥没牟梦梨𥋴𥊘勒頭品題拮筆𠇍句傳神𠸦𠳒俊逸清新𠸠如開府参軍没澜惜朱拱分紅顔固欺聚欺散舌催𠸠生身意羅𤳆身尼巾略論𠁀拱甘盧浪燕北雁南聚散旹拱常談計之㐌情-重𠦳為情麻悶聚埃旹禁垠娘浪悶聚朱𧵆固庄扒斫虞嬪課初𢚸尼𡨸特呿-群𠲖𢚸意固皮紊庄𢜠忱--唭浪𢚸尼牢𠺥庄朋𢚸埃群𠲖𡥵造嘹𤽗才郎埃几稱堆緣尼唭浪窖㗂柴𢯦才郎㐌捻𥪞𢬣意耒別兜壁庄固𦖻吏群氷扒𫔯𠊛朱當娘浪呐𡉦𦖑塘固欺𩄴𩙌傳払軌如唭浪傳意㐌餘丐路假冒添-計之別羅別旦仍欺韻棲迎燕韻非送鴻娘𦖑𧺃𩈘突𢚸厭𠳒唉此呐𠼾𠇍句浪如事意㐌𥹰盎𩄲𨁪鶴別兜羅𡗶別浪竹固徐梅車羝咍㐌𪉽味𣘛椥浪牢𠰺㗂是非英雄兜固負義婵娟梂蓝𠳨𡓃尋信𨀒駒蓓染㐌顛如𩆍秋𡆫㗂㐌𠽍-牢浪永𨁪沉沁仍𠳒娘浪科籍恪尼別浪固沛羅𠊛意空浪𦖑蹺籍叔翁﨤饒𣈗於山東抌𧗱固茹李老𧵆掑常欺呐傳㛪𦖑㐌詳娘𦖑確寔𤑟𤉜𠲶唭買𠳨技強䀡牢燕鴻信息𣈗芇据兜麻俸律𠓨旦𦖻事払𠫾𨅸細𨆢据兜麻別--分厘唭浪芇固𫔯之唭油𠳐𠺥𢪀旹𢧚傷𢪀命蒲柳分常𩄴樁冷𣱾花堂劍灰茹萱䏧㐌点瑁緣𤾓𢆥意𢚁埃主持挹𣘃𡨸分知-霜-𥘀湥群夷羅身埋欺扱几才人從權沛夾朱𧵆朱明計徐欺買趿生奇情改樣輦情双棲埋台𡗶拱窖車吹𢚸姉庄恪咦𢚸埃娘𦖑𠸦志拱𠁀麻𢬣權变此制拱𫅷惜𠊛奔走為些闭𥹰𩄲屈𦝄𤎎芇咍㐌𢚸㤕𦲿為𣘃信春牢闭饒𣈗唉渚𠳚浪志氣空皮于歸羕唉群除荣歸𡲤𣈗㛪𨀈--㐌朱寄信浪旹寓低悲除會試戈𣈗庄詳春榜固咍庄羅娘浪𢖵吏𣎀戈敬抄固錄登科謨𧗱無情拱庄𥋳之此朱𥙩吏共旹𥋳制𨷑䀡撫案𢝙唭榜梅趿度果梅當皮停𢚸聘𨃴楼疎屈𢬣𢆥待𨑮徐信生生旹--行程𧗱河南買𨖅城金陵細茹懺所曾𤇊𨄹𣈜𫏾唉𠽄澄朱咍唉迻𠄩幅箋𩄲耒低𠱊料定𣈗問名家人領命起行-𧗱𠳚吏分明各𠳒𠄩書𠳐㐌迻耒公它过𨀈𨄹制西湖碎它𠳨吏老奴旹浪𠊛永傳路貝埃生𦖑𢭸𫋻咀𨱽𦑃𪀄牢窖落𩔗氷傾山東箕㐌弼澄麻低𡬼𡬷金陵拱丕緣喂緣意𠊛尼群--掛旦𣈙貝緣㕸𨖅尋𡓃花園侍婢別固群𥆾女空㕸𨖅𦣰-白公𨀈蹎公事敢從且芇於旹𦖑丕䀡牢西湖旹拱属𠓨杭州和羅噋㩡﨤饒倍傍赴任𠽖𣭻登程呌春𠲢㗜喠情呢𡽫𠇍丐𪀄撑边塘細尼安准-堂朱尋𡳃𡉦頭廊各尼㐌曾霜最𦝄枚𠳨翁户白信唏絶𩂟拯羅公旦西湖-楊巡撫𠽄𠻀露信改称皇甫羅𠸛欺𨖲步𣅶-船遨遊欺旹対樣寒儒欺旹対樣江湖散人𠇍尼文会-蹎結情把呂䀡筋學行尼旹𦒹𦉱書生攔𢬣酒社詩亭打堆察-筆𥘀紙𨱽千家𠮩咾𠇍排本印尼旹𠀧𦊚青年誇-伴仍太玄吳圭察-𩈘伵𨆝婢謨名笔墨半藝劍咹窖台-湼𢥇垠点頭計萬打分旦𤾓𦖑咍禹穴山陰據沔多勝駸-𨄹尋𨃴𠊛如体昆𪀄別兜-櫗棱林尋-生徐尋庄𧡊𠊛戈𢞂照例蹺隊役衙𩸲簦坤𨤰越戈礼常進謁楊爺部堂𧡊生埃庄㤇當茹楊本固没娘小姐𢚁𠊛𠴍䋦𢭂書生浪埋隊福餘𫔳𠊛惜朱𡥵造狹徊金陵𣌋㐌訂耒陳朱悲除坤対約初察朱分𠁑特𢘾量𨕭𠇍尼押---𠄩𢬣𡨸㩫𡨸願呿-楊𦖑𡥵眜𪾦-壽楊𫗂-易除特兜皮算運用斫溇軌如兜㐌𠓨侯𫔳营原徐破案污名摱調應試另命劍尼貝楊曾㐌面陪抌頭𥛉六呌𠳒兑傷𠳨疎路傳更長別浪知-貝払蘇生边案咍-事情領𠳐帳院抌命𫔳蘇默埃猪罩𩈘模瀋兜湥渃𣷭湖詫牢-𠶆傳𡳶𠳨嘲𦲿幔𢷀𩄴𫔳高闭迡主人𦖑拱重柴𦑃鴻牢女另𠖤賒潙𠳚浪侯易𫔯𠊛-𥢆-㐌腰才𣈗初机兜促磊坤𩢬𤗖𦎛秋水俸-𩄴𥪞群之䋦俚麻懞𠾿哬𢧚沛𢴑𢚸-𠫾調兜𦖻-頭-曾𦖑意証病咦𣈗芇浪𦖑執齒𠮿嗃花箕懞結桧芇庄咍𨔍之𩙌𣇫霜𠖤易扲柳疗梅𤷍特油𡗶兜没陣霜𩂟𠇍柴旹拱断朱七情𧡊𠳒曲折分明拔忱渃眜紆-曲𢚸焒情熏𤈜同-浪情鍾拱羅鍾𫔯之身尼𣵰𣌋𨅹𣌉塘功名意拱為塘緣身𢧚緣俸拯𢧚旹料𣷭𠸕𡽫願貝身命随庄𣩂伯仁負情案意別垠芇散𠳚浪催路樊难瓶箕㐌𥓶坤算吏𫅜,Nom
15_ngoc_kieu_le_no.txt,𧯶浪𢭸𦑃連梗情外拱哙羅情世催別兜庄色庄才蘋繁當侶竹梅少之濫𦖑巡撫上司㐌饒書𦲿悶車𥿗桃事常-綏𢪀㝹特𢚸尊長院爻室家群茹旹拱群茹甲科旹拱甲科恪芇生浪域瀋𡗶高𡨸情箕㐌刻𠓨盡昌默埃勢奇権𢀨滑牢朱辣湼鐄意𠫾別情坤-轉移辞生張吏𧿨𧗱貝楊楊𦖑𢠣翥詧忙因埃分事扒塘日寬催𢯏案吏抅官追賍無主查冤空頭咍澄生吏添油𠁑㙴坤𨤰拮頭朱昂惜身金馬玉堂抌爫𤛠馭𥪞場簿書㕸算托病告辞代題別固如詞麻呌㕸算赧那戈朝𥹰𣈗庄矯劍調題参催旹負罪拱甘群王利錁名緘之低包饒役怒役尼申𨖲發-没𣈗凌-没柴没伵氷澄㕸提𡓃𡳶金陵捹船吏-蹺迍別信𦖑尼禹穴羅沔景清卽旹𢴑-步行边塘﨤固先生𧴤錢扁題𡨸賽神仙動𢚸𢖵事馬鞭𣈗芇𢪀命緣分劳刀𢘾柴没卦𥊘𠓨此𥋳柴𠳐招卦皮耒𧡊羅卦姤断𠊛求緣役尼㐌固根原眼前侈趿侈𢧚庫之内爻交動買期沒吝特奇𠄩位夫人-䀡卦象意神𠄩𠊛才色院全奇𠄩夾堆卦体麻𥋳外乾内巽𠄩𠊛同親雖空骨肉麻𧵆圭賒𠄩渃情親沒茹生浪客逻塘賒𠳒柴㐌丕別罗尋兜柴浪卦義冉牟姤罗遇也沛求兜車据𥪞卦義䀡-山隂𡑩意旹罗天台旦澄除午𣈗𣈕𧡊埃袄𤽸罗𠊛老人趿饒嘲𠳨慇懃役婚姻意-分-𢧚別兜𥪞事玄玄生群𢺹姅㘈信-𡎢叮嚀柴吏𠸕𠳒義𥪞伉儷罗𡗶㐌車勢芇𠊛拱𦖑𠫾𠸠群辞咥-欺呂讓啫柴生𨀈𨖲塘細山隂道鵶鐄皮𨆢改称罗柳秀才假名逺客尋尼駐停𣈕-𨄹𥋴景清江山易眷客情吟𢝙皮欺𨅸俸𩈘𡗶白袍俸趿沒𠊛老翁𧡊生眜卒眉𥪝翁䀡羕動𤗲𢚸兑傷𧡊翁䏧玉𩯀霜生䀡羕𥾾肝腸敬𢞅逻𨓡嘲𠳨𠇍調几𥆾𠊛𥋴如朝沛饒姅更澄㐌𥹰-翁卞𠳨𫏾𠊛兜疎𠊛共鍾𡽫渃𧵑𡗶興毫朱𥇚沒𠄽分鍾生浪渃卒𦝄-趣𢝙𢝙濫𪨀𢚸蹺嗷敢兜称特𡨸毫哙罗蹺𨃴几高𠃣𡗊梏松産𩄴長條隣羅-祝逸迢呐能𠳨-拱於金陵边浪皇甫边浪柳生同洲淒𪉽渃情𩙌春如𠺙牟清沈沱翁浪𫅷歲𫅷放心𢧚買𨄹-江湖払當滿滿春秋氐情家累逺遊牢仃生浪𠄩梏彫零房空本唉沒命郎湯𢖵𠊛毫傑昂藏渃𡽫氐㗂文章旦除才𪬡敢-几初𢚸醝𢧚買悲除旦低𧡊生逸思羕𨅥翁強添重添醝𨑮分生浪埋﨤高人拱州郡意𧗱隣里芇翁浪醜㗂園郊於村錦石夾𠓨山莊生浪固白侍郎共𥪞貴邑𠊛常涓空翁𦖑秩祝-𢚸浪𠊛親-拱𥪞户茹貝払交接包除本罗心契咍罗靣交生浪兜敢援高濫𦖑㗂奇恪芇𩆐-價𠊛𤽸玉𥪝𦎛惜朱--劍塘知人𦖑𠊛固𦑃花春蘂桃𠍵𠳚𠓨𡑝槐庭許馨特几虚名尊讓西席㕸名東床翁浪𡥵-語𦎛易兜吝論鍮鐄麻𤐝𥹰𦖑事意㐌耒篤𢚸思想沒𠊛户蘇罗友白拱罗同州庄咍払固交-庄罗-𢚸空𨤰呐-浪𠊛意拱本罗知交翁浪才品爫牢生浪拱庄恪芇晚生沒更仍傳無情𡗶--別寓亭皮衝生𦖑--𥪞𢚸白公拱別𥪞-固些-油𣌋固別-䋦萌吏沛兜賒-𢚸-命呂𨀈竜冬塊情-𥗾𠊛𥪝九泉山東旹拱秩信爫之顛倒倒顛闭𡗶想𠳒神卜-𢬗呐-呐-呐𠊛如依緣箕群渚𧡊咦緣芇俸吏趿之翁尼𦰟畑-𧺃店迡--尋寓吏𡆫忘年共饒詩酒留連渃𡽫收𣍊𠓨篇品題外𥪞試飭𨇜藝發棱李杜薩溪株程連饒𣈗刻𣈘更翁強𤏣透才情強迷蘇箕旹唉𦖻𦖑柳尼寔固劍咦井精𠊛尼補过爫青知人女易吱命浪愚沒命坤体旦𢵋边𡥵边𡥙擀朱边芇𡥵油𡥙吏嘹遥舅些群丕責牢常情𡥙油𡥵吏縱横吒些庄矯謨名避嫌亙功羕𢘮尋添𠊛兜麻吏群尋特𠄩払蘇旹永沁唏油朱固𧡊拱𨆢-分笘花它趿主春蕙蘭鍾𦬑沒𡑝當皮浪𫅷固𡮍傳私𨤰旹𢚁几𢭂詞𠴍㖇貝饒拱哙深知㐌浪肝脯泥之形骸白公㐌沛㗂唭𥒥箕㐌打易淶玉-固𠊛賤女親生貝𠊛甥女親情庄賒敢浪德𦊚從𠀧噡噡拱-𡥵茹白公梏喬懞𢭸𩄴鍾暈高別固𢷀𢚸旦庄生𦖑呐胣氷傾騐𠳒-卜寔浪前知𠳚浪虎分卑微㐌𢚸傷旦𨤰咦爫青𪨃群沒段鍾情敢吀𤋵𫏾高明𪹾共-蘋雖唉群空𣳔溝淬且萝紅堆尼沒旹蘂𦬑花煨𢚸芇𠁑月負𠊛𡽫滝沒𡗶旹𣷭溟濛曷珠合浦群懞度𧗱挭情群𥘀皮皮情芇麻女𢴑𠫾朱停翁浪𠳐重為情𡨸情𡨸孝重輕𨤰芇沒命係奇宗祧𠳒浪為大沛調呐制𦎛散坤執𤗖𡗶珠𧗱耒仕料排権宜兔兜渚𧡊𢴑𧗱㭲𣘃固𨤰𡎢掑𪦆牢生𦖑𡬷胣劳刀𢷣-添𦇒抶𠓨羕𤴬生成𢖵德高溇犯勾為大磊𡢐強𠫅𢪀忱𢖵吏𠳒柴権宜-𧡊𠳒尼拱通浪𠳐意𠰺㐌窮領𠳒吀唉𫂮𢚸自低𡧲塘坤𡨹特拪朱𧗱從且𠃣𣈗𠱊疎翁浪庄𣌋旹𪱅沒𠳒君子凭如𥒥鐄𫅷嗔𧗱𫏾家鄉錁園花待東皇逴春𨇜調珍重恩勤𠄩𣈜生拱蹺蹎𧿨掉,Nom
15_ngoc_kieu_le_no.txt,旹皮𧡊几同僚𠳐𠳒上憲朱蹺尋𠊛狭塘坤𨤰𨅸𨆢信𧗱㐌𧡊撫-細𣦍浪𢜠𢆨㐌﨤低𫏾箕吀恕𡢐尼吀傷𧡊楊怯納敬讓謝辞生据𡨺行属司楊浪礼意傕𠫾𢜠先生㐌改𧗱翰垣部咨𠳐固文傳倍鐄𠳐沛朱信逴𠊛歲𫅷𡮍分賒吹防欺㳥𩙌𢚁𠊛-𩂏扲拪揞-逴𧗱-尼別室常欺待𦖑𠳒生拱-𢚸弭身清要脱𨦩簿書情𥢅-唉菫魚--俸𧡊軌如旦侯𫗂𠁀--逻兜𢪀命𫏾拱伴瓢貝生庄戈荄孽為命福𠊛群兑旦情-交悲除望重價高撫堂群丕敢牢分𪬡庄旹摱𥙩塘緣报信𢜠𫏾𢭗権侞𡢐边-坎念儈頭浪𢜠浪謝𨷑-渃堆生浪窖窖-唭爲埃麻謝為埃麻𢜠𠳚浪𩄲固-層欺浪𩂟撟欺浪浄光謀謨仕𠳚傳楊傘蓮本唉-𦎛噤牟磊箕侯易質兜𢜠尼唉補--断腸調兜如𪭯肝鐄唭浪功罪𠄩塘抵消𠳚浪-隊𢚸腰𢪀命功𠃣罪饒虎𧯅役尼信使嗔當唒浪㕵雪咹箱管咦生浪特感𢚸為役尼𫏾㐌𠄩皮書封特英番-執功𨫊𣜱欺拱𢯦𢚸路埃領𠳒張-𨃴𨆢生𡎢𥢅𢪀羕𢝙羕𢞂緣尼𨑮𠃩㐌𧷺山隂裊意-群昂昂沒油-体𢗼量𠄩油易別性方法芇催油惜-義高芇𠳒断-占爻庄灵灵油緣意㐌停緣尼群𨤰岋𡹞旦兜緣尼麻惻阻饒旹緣金燭明珠群徐歐罗名帖沒詞祸𠊛處置-机局之連𢬣曰帖封皮粛呈皇甫-題柳生速𨖅呐貝張卿固𠊛契友附呈家書拱𥪞錦石村居𢚁英𠽄𠳨迻詞帖朱領詞張𨀈-渡-𣈜生拱馭𢂎蹺𡢐傳命仍想兜兜傳𥪞闺阃--買奇自番查録春-呵唏-𣌋琹詩寫情欺旹-䏾𦝄萌興𣑳連理賞梗合-欺旹終-終幔章樛吀㗂詩関綏韻沒𣋚𧡊几家人書封𠄩幅沒吝迻戈鍾𢬣拮𥙩--沒罗吳老沒罗蘇公吳旹引吏始終浪-買寔乘竜當𠊛蘇旹寫歇情-浪為注意定𠳒室家䀡--晋𢚸花夢梨仕-𨀈-𥛉𢜠娘浪窖窖凌仍𢜠鍾埃吏埃浪𢜠埃浪𢜠姉𫅠緣諧𠄩書情叙沒𠳒光明傳㛪罗傳隐情呐能𪭇𠰘䋦萌少𠊛情君油庄負𠳒沒吝固-𠳨--昂令-油𥘀𢚸傷𨤰兜沒𡃹達昂𠄩匙㐌咍恩姉提携役㛪㛪唉狐疑渚仃娘浪庄路𢗼觥家君庄沛世情如埃𠳒姑𡲤㐌𠹾𠳒固兜支沒支𠄩𫗂常油𠊛𢩿-刪香尋兜朱特𠄩払蘇生庄旹姉拱𤋵情唒牢牢拱特停買傕-為呂沒𡍚𠄩家君別固扱𠊛尼空𠄩塘疑惑渚衝信𧗱㐌𧡊白公𨀈𠓨奇茹迍迍嘲嘲公𡎢𢝙𨤔𠮿敲𢜠唭沒它尋特沒𠊛沒緣𠄩姉㛪𤽗調𧷺𡮍終義𡥙情𡥵産𢬣車産沒門瑟琹𠄩娘𦖑拱𢜠忱廬夫人拱停心𠳚排仍𢗼𡥙唉𠽔-藻蘋渚𨤰沒𢬣當頭特𣈙--𢭗饒𢚸㛪㐌斐約求閉𠉞趿兜𠊛意麻埋嗔朱𦖑歇傳𣈜出遊公浪𠊛拱本州柳生𠸜意名流𠁀尼計自欺𨄹湖西欺尼文会欺𣈜山隂歲尼𣈙㐌甘心盖棺𣈜恪唭忱拱𢝙娘𦖑拱祝𢢯𢢯𥉬𡥵嫣素呈𠄩幅詞䀡書翁拱-魚傕旹㐌-悲徐爫牢惜功-節𠄼遭惜𠊛待月徐-舌催卒它𠄩-沒𠳒𠰘尼沛𥒥麻𥓄特油𧡊𠳒決断--𢚸春-𠯪涅秋㤳旁𨆢蹎𧗱准書房嘆忱咀𢜗貝娘夢梨㤕埃情義𥘀泥付朱𣳔渃吹𧗱𣷭東𦑃兜執吏如空底𠊛迎燕送紅𢷣揚法茹分𡛔𠄩塘易麻𩈘𢥇眉-牢低浪𠳐𥢆-情𤷙双麻夾𩈘𢭂𢬣渚兮𢢇㛪𩈘聘𣘾掑𡓇𡎢𪮚𡬷𠳒誓𠄩𠀧船埃俸捇彈戈𫏾罗失節𡢐罗負心拱饒拔渃眜忱𧡊信吳老翰林細𡎢因為告假再回英㛪-𩈘旦制叙情隣罗𠳨傳蘇生星期㐌定緣𫅜咍牢公浪功𥘀義--𢚸下愛課芇朱𢣧惜朱書-㐌迡滝銀呂𨀈梂𩄲𠫾耒吳浪窖𠰺𠽋唭𢭂書㐌-𣎃𡗶旦𠉞𡲤它--闭迡初牢庫𠇍麻𣈙易牢外-群固𠊛芇扱兜麻俸結𠓨買稽公卞引傳仍欺欺𠫾扱𢷣欺𧗱𧡊書惜英渚𧡊包徐貝蘇欺拱執棋沒車吳浪𠳒𠰺庫𦖑𠊛𥪞郡固-𠫾𡉦芇敢浪㛪拱廣交-𥪞𢬣袄謹牢𪖬鑆惜英渚特扱𠊛柳箕欺拱讓𠄽分撐况它科甲功名庄欣𠊛咳𢭗命衡茅公浪𠊛貴品高甲科翰苑召芇塊𢬣𨃴塵沒𨀈湯𩄲旹塘事業㛪低坤皮𠄩塘捻吏招𠫾边旹誇柳边旹誇蘇仍罗-特-輸軌如俸𧡊--外㙴𠶆𠓨此𠳨傳䀡拱罗使喋信𪀄朱払𪉽麻㗂𠳚𠳒𠴔公強辞咥張強𠹚-公浪仕料𢗼筭張𡎢疎傳-談𥹰𥹰於低村𫏾村𡢐𦖑翁皇甫於兜村尼詞交固幅詞𩄲生曾𠽄𠳨𠇍𣈜庄-公浪意拱户茹底書低仕迻戈𪿒之交書張𧿨𨃴𧗱公𠓨𨷑幅書皮共𥋳𥪞書呐歇曲浽曷珠雖唉絶潙永信人琹旹沕依然庄戈差𫏾羅傳言差権宜𠳐唉-𠳒經権𠄩𨤰默𠊛𠰺牢信鴻因便㨳𠓨𠄽𣈗𠳐仕尋𠓨承顔䀡書公唉樊难事𠁀牢窖循環倒顛吳浪𢆨拱两全固𠳒意咥特緣𠉞停公浪惜几才名惜公吝惮惜情多恾歐羅唉待欺𨖅英㛪此仕决塘𢧚庄𠄩翁盘泊呐能𠄩娘𦖑濫姅𢜠姅𢗼盧旹懞痗𣌋𪱂家童信𫏾牢𣉹永𦖑長安固透𡉦槐咍塘𡗉-朱羝論𨦩庄羅沛𠀲家童𦖻外迎仰䏾𥪞寔-生旹㐌占魁科童旹据𠳨芇羅蘇郎生旹㐌任州杭童旹吏論𧗱塘金陵觥城𠫾吏吝-边𦖻永㗂哙浪蘇郎尋𠊛𠳨特技強羅蘇友德𥪞坊𠊛低𨔍之𠄩㗂𧵆咍𦖻𦖑㐌𤑟尋𣦍旦茹封書坎念迻戈脱𦖑友德別羅傳生𢪀命𣈗𫏾冒名卒它𥓶傳虎命辱牙𦖑生㐌杜甲科貝命𡲤吏義羅同窻吏欺送餞固𢚸役之𨢟傳荄蔠貝𠊛庄朋培摺朱耒隨方運用料𠳒𨷑恾𨷑書䀡歇𤑟𤉜梦梨友弟𠴍𠴔蘇兄計自石上訂盟旦欺避祸𢭗命白家忱𢜠机会庄賒迍𠊛些仕迻-𢜠𠊛傳𢜠吏扱傳𢝙𢞅些欺吏朋𨑮𣈜初埋咍皮趿信迻蘇生㐌指𦰟旗囘鄉衣冠直産边塘迍𢜠逴吏家堂欵生事箕生拱爫清謝𠳒厚惠排情旧遊没𣈗-𫗂阿誽𠄩𢬣𡃹酢𡃹酬𠶆-𢜠𠊛論院塘緣㐌沔錦石吏沔山東化竜連𧡊乘竜𠁟𠀧院𦉱斐𢚸平生𦖑𠳒生唉疑情傳山東意牢英特詳迻書𠱈𡁾𠳚𠴔啉𠸛世意落塘-箕㛪它咍意𢌌推認書功意𥙩咦謝㛪拮書生買𨷑䀡謝浪功德千金渚填傳𢝙𣴓𡃹-畑𢜠𣈗告別閣鞍𨖲塘悲除買𤑟-霜書兜窖特𡧲塘麻𢆨緣兜𠦳𨤮没𣈗弹兜紊奇𦊚𦀊没吝翁絲-窖磋運𠀧茹𦊚䋦𠄩親没廊恩𤤰𥙩濫絲王𠄩𢬣坤𨤰多恾特𡗉闭𥹰𩙌鎖湄摷氷傾信息占包立-敢浪边負边腰𨖅低𠳐𠰺料調䀡牢拉算撟𣦎𦰟桃照常礼帖𫏾𠓨白公姓名-㐌鋪崇女边皇甫庫𢚸𠽉怜庄旹唉改𨖅边皇甫厭情仕咍没團馭渃車𩄲𩙌𢜠撅-花醝也塘-音㕑𡳵㨳𨖅朱軍駐杜改粧如𣈗𪱯澄錦石𨖅𣦍頭廊没伵没柴-魚公它固意待徐遣𠊛迍妬仕迻信𠓨山陰𠊛𡳵恪芇家因𪱯𩈘迍嘲牢𣋀公𦖑𢜠焒掣包産尼別所𠶆𠓨東莊晚生執礼謙讓𠳚浪隊-𢚸鐄兑腰𡮍身-浽-䕯没番知-𠇍調叮寧卒它攔𢬢買情悲除坤𨤰對命特牢情書𫏾㐌𠳚𢭂群如處置量芇隊恩公浪敢接花翰𢜠朱𠊛買宫弹唉原𠊛兜朱別户𠸛㩡埋拱默-玄𢪀兜生浪事㐌到頭𣉹牢𫔯𫏾𩂏𡢐牢停始終計歇事情餒緣𢭄䋦餒命改𠸛公𦖑𤏣歇根原語埃庄拱蓮仙貴臺唭浪𠳐㐌固𠊛𫅷低敢讓敢奈敢爭𨅸𨖲--謝情謝𠊛盛德甘命負言公浪𢜠特緣𧷺餒𥢆𫅷拱𡮍群沛疎出遊𢷣吏傳初改名羅世迍徐羅低生𦖑哏没催迡𪱯饒唭𠹳攔𢬣共𠓨草軒傳𨷑席桃吳公𢜠迍𠳨芇柳生公浪尼意柳生芇蘇友白𧵑英兜除唭㘇引傳𩅘絲陣𩂟援-案疑𥓶-窖台浪白浪皇浪蘇浪柳没場籠蹤吳浪𡥵眜英雄別饒𥪞盎𦹵-牢公浪兜敢援高哙羅蹺𨃴𣈜芇咏梅生浪虎分不才敢當𠄩位老臺过𠸦𢝙饒𡃹-𡃹-梗梨㐌𢷀俸軒羅陀乘机𣅶永𠊛茹𨄾𧵆生買𠳚戈岳堂浪𠳐过𥘀-傷𡶀尼群敢𪱯昂𡶀芇㤕為﨤𨀈劳刀感𠊛義瀋情-坤𢢯山東引傳曲浽欺𠳒昆友欺𠳒絲羅耒-另𨃴方賒訂婚𣈜𫏾意羅𠊛初朗盧隔-阻湄姅塘𩛷怒埋皮𧡊信𠸕𠫾𠸕吏勤拳浪𠓨尊府根原旹詳特信本唉𥊚恾庄咍踪跡𤑟𤉜爫牢公𦖑羕固㝹-盧家吏固𠊛芇書生夢梨𠸛意女甥交情芇妬親情芇兜秦銀率没徐𥹰浪𠳐查𤑟耒𡢐復𠳒生浪嗔唉暫𨆢家人行李群外㕑賒公卞朱几𠽄戈共𠓨駐足尼茹東庄公𠓨𢜠呐貝娘傳盧引吏𠳒払群疑𢜠𢚸𥛉𫏾簾絁役㛪𠳚歇自欺從権緣𢆨𢜠特壻䝨敢嗔𨑜福周全奇堆𡥙𡥵鍾振和𠄩補功尋撮補𠳒丁寧公𦖑𠳒呐分明志高𠸦𡥙歲撑買豪𢚸尼㐌斐約泑吏刊緣柳扒𠓨朱蘇娘𠓨𠳚吏侯姑姉㛪攔𢬢傳路-昂公旹-准東莊浪盧公子㐌詳特信双群𫔯𩈘另𠸛𠴍𠳒浪役姻緣默𫅷惜𠳒𣈜𫏾呂-㐌𠄩固𨤰群𠀧特芇生浪公子𨅸豪令甥緣意結𠓨拱生唭浪役意㐌停生旹寔胣𣦍情別兜𢝙唭我言除𥹰吳公皮吏共饒盤桓双棲𦖑吏傳盤𠸦浪㐌當没團緣於路唭因𢷣傳初𡃍朱友德軌如𡥵𠊛生浪役𫏾㐌耒敢嗔量𣷭𢌌排包容公浪䏾拱英雄𢚸箕低拱没𢚸渚牢信𠶆𠄩𦲿帖桃𫏾𡢐調旦几嘲𠊛疎留連𨢇𣌋茶暏役生旹唉群徐蘇公白旹渚別京中𢖵払𢪀𪿒仍𪱯𢣂忱耒𦖑補聀翰林停𢚸𨁡𨃴袍簮固𠊛没章休致請囘𧗱河南㐌買移金陵生𦖑信息倍𢜠徐公暫別𧗱滕烏衣吒𡥵𢜠焒少之役緣𠳚歇分厘停-蘇公𦖑呐麻驚𣥱包局变買成局𢝙𢜠𡥵妥志爫𤳆𢜠茹餘澤群𨱽箕弓𡮍群餒於渚衝𥪞城喧闹庫𢚸𠓨-庄朋錦石村賒白家准意尋茹近鄰𫏾羅𠫾吏朱𧵆𡢐羅注特安身養𫔮役茹區處㐌安河南基址朱盤運𡢐共饒賒馬𨇒毛細茹白老𫏾楼軒書𨕭旹𠄩位嘲疎𠁑旹友德軌如𠄩払灵亭席玉𣙺鐄𠮿嗃絲竹焒𤉜冠紳特𣈜定礼成親主婚吳老大人没位𠄩員賛礼陪隨盧旹友德白旹軌如苔塘網迍車迻㗂鑼浽坦𩄴旗-𩄲𩄴仙簾轎𩙌𠖤会芇𢝙女会尼塵间礼耒賓主調散燭花𢺹姅𩄴幔𢷀堆𫏾𨖅边姉𢝙唭叙情繾綣𠄽𠳒渴滈边㛪𡢐吏𢝙嘲𢖵𠊛良友𠳨芇令兄𢢆舂唭𤋵真情討牢𣈜意䀡形㐌疑𠊛兜窖窖奇-強𠸦唠志強迷敏𢚸𠄩边義合情鍾計牢掣浽闺房𢝙𢺹公初𢖵几侍婢𠰺朱嫣素没位小星情𢝙𣎀𥐆五庚耒-備礼謝情各尼𥪞外區處㐌耒撰𣈗上任指潙京中便塘戈裊山東𢯢𢲲𪤍𡳵捹𢲣𡓳初𢖵𠊛李老鄰居共𠊛店主謝辞罕灰-朝𪧚院道碎恩𤤰瀋泣祿𡗶乘餘𢖵情友德軌如没𢬣拔舉拱𢘾奇堆楊徐𧡊度量𠊛嗔浪改悔捥𠳒贖身老吳歲㐌𦒹旬𤼸章休致𨆢蹎林泉共翁白老蘇渊伴仙𢝙貝𣈗仙𥹰𨱽生旹感德恩𠊛欺章請假欺𠳒问安福-流捋門庭桂槐特𦒹𦉱梗𦬑芃没朱承継蘇公没朱承継边𣳔白家群盧公子𥪞茹篤𢚸𠰺杜拱羅成身停𢚸太太夫人没茹凌礼冠紳撟𧗱-𧷺義怒情箕𠦳𫅜-卒𠀧皮𦊚边耒-國祿天年雲仍綏𨃴𫔳仙𠁀-買咍作合机𡗶默埃𩢬倒默埃詧恨呿-𪧚梗君親丐身𦉱𡱩羅身綱常緣𫅜羅義糟康𨫊𣘈兜扒斫從渃𩄲風流傳𡳵拱菭十全買𧡊傳尼羅𢝙圭務執整㗂𠁀欺𢝙啉惨讀制拱情窻𩄲因𣅶乘𫔮䀡𥪞才子固払雲仙欺𢝙拱氣奄奄欺𢞂吏計傳金雲翹,Nom
16_phat_bo_de_tam_van_no.txt,朝茹宋徳仁宗皇帝御題排賦𠰙𡾵僧寳論冲世間尼𠊛寔𢀨妬支朋捹補歇役𠁀𠫾修朋鄧濫翁柴修耒𣎏位人天供養鄧濫行弟子德如來鄧濫妑𡥵-先聖-𠓨準𨵣-役行藏冲寳殿𡥵白鹿箕吟華𤼸𡥵猿猴伮獻菓子務春𦖑㗂𪀄呌𣡝𢢲-天機務夏𦖑蟡呌準棱高兜咍羅燶𤎐務秋袩𨔈𦝄清𫕲𠖾𣋀湛映創務冬霜袩雪凍苔𡽫高𡓮𨕭蒲團𤋾卒默油𠊚波濤-浽些𢶢核錫杖寔逍遙油𦓡十大魔王𠫾姅𦖑名𡾵三寳伮沛歸從正道板打準雲堂些-供佛鍾打𨕭寳殿些𨖲諷經每役朋𢚸每物支調-𣎏𤯨低濫柴位人天𡢐耒鄧𢧚果佛-徳仁宗濫排偈呐濫弟子德王佛𣳔-𧵑德如來冲𨉟默襖百衲冲𠰘咹𠦳𥗜𩚵齋班𣎀𦣰丐樣無畏𣌋埋-眜徳彌陀朕朋鄧如-𠦳閍役支拱-釋迦佛祖如來降生冲世界中天竺渃迦琵羅衛茹𤤰凈飯欺意𠰃茹周昭王即位鄧-𨒒𦊚𢆥羅𢆥甲寅𣎃𦊛𣈜朦糁𣌋埋生--計𦥃中華民國-𨒒蔑𢆥羅𢆥壬申𣎃𦊛朦糁共-𠦳𠃩𤾓𦒹𨒒𢆥-壬申年六月十五日佛子釋慈風沐手薰香秉筆注演徳三藏法師法號省庵編文尼覺海寺孤雲釋慈風訂正演義敬勸-荘出家共𤳆苓𡛔信沛𣭻𤼵心濫佛些羅𠊛不肖柴凡𣎏祝點心慈悲哭血泪連珠𨆝頭哀告現前冲大衆當𠁀低𤳆苓𡛔信歇汰嗔𤼵𢚸慈悲𢪀察𨒒分嗔𦖑蔑分衆碎旬𦖑每𠊚悶𨀈𠓨茹佛沛𤼵心廣大濫頭育𠸗先聖𣎏呐核蔑暈箕𠽋夢辭欺--塘𠫾𠦳-𠓀沛𣎏蔑𨀈頭修行羅役勤急罷為𣈜𠉞𨉟𤯨低冲局𣈜-兜曉鄧𤾓𢆫𠍵如焒𥒥-蔑𠁀芇恪渃𩄎滇沛𣭻立大願濫先鋒立大願耒買度鄧𠊚𠁀𤼵心廣大耒道佛鄧𠓻𢧚𡀮空𤼵心廣大共立𢈱願堅固妬油修行𡗉刦如培塵箕依如𠓀𡓮車輪迴𠫾冲塘生死尼油𦓡修行堅固調寔𨻫枉-𠽖𢆥功夫修練初階若毁次步難登朱𢧚冲部華嚴經佛祖𣎏呐𠅳𠅎心濫佛妬𠡚修各役苓箕調寔丐業𧵑魔𠅳𠅎--台况支渚𤼵-諸位仁者共諸善男信女沛別悶學同堛徳如來箕𠓀欺沛𤼵朱-𢈱願位菩蕯妬空鄧踸---吏心願𠊚𠁀𠦳差閍恪空佣𡆁鄧𡗉拱如数恪𡀮如些空聲明辯白指𠼵-各翁別兜𦓡修行𠉞些-冲大衆呐-𠃣條𡢐尼𤼵願𣎏糁條𡊲噲邪正真偽大小偏圓濫牢呌羅邪正真偽大小偏圓-冲世間尼𣎏蔑品𠊚𤼵心願修行空察透心𨉟訴別役外𠁀或貪求役利養悶㗂𠊚屯𠰙或貪五欲樂現在共𪱯蒙果報𠁀未來𤼵心願如-呌羅邪修寔妑𡥵-魔鬼空沛弟子𧵑佛𨕭地求低𣎏蔑格𠊚𤼵心願修行如圍冲𢚸空蒙求役利養共羅㗂𠊚屯𠰙空貪五欲樂果報支歇-修脱塊塘生死濫𢧚𡾵佛𤼵心願如-呌羅正理修行冲天下尼𣎏蔑體𠊚𤼵心願修行每𣇞刻-𠓀求𢧚果佛𡢐姅每丐心𠰺𡁹𠊚𠁀𦖑呐道佛修𡗉刦買成心空辱戞--𫏓袩吏𠊚𠁀寔苦度空生𢚸啱痗如𠫾𨖲𡶀高閍丈𠫾窮細頂上如𨖲丐-𠃩層决𠫾朱細層崒𤼵心如-買噲𠊚真修冲海宇低𣎏蔑項𠊚𤼵心願修持如圍掑罪懷空補濫惏磊空𪡷冲𢚸濁亂倒顛外排現相柴修𠓀貞能𡢐怠惰雖𣎏𢚸卒被塘名利妬川-雖修各役苓吏掑罪業浘洳歇𤼵心願如-嚉濫堛沙門冲準博地尼𣎏蔑堛𠊚𤼵心願修行如圍度𠊚𠁀成佛歇耒心願碎買歇碎𢧚𡾵佛耒心願碎買𢧚𤼵心願如-買噲羅根器大乘冲宇宙低𣎏蔑樣𠊚𤼵心願修行如圍袩冲𠀧𡎝尼拱如丐所牢獄箕𫏓䀡被塘生死尼拱如冤家仇讐妬祇願度蔑𨉟𦓡崔空𣎏心慈悲濟度埃𤼵心願修行丐稿妬噲羅根性下劣小乘冲環球低𣎏蔑項𠊚𤼵心願修行如圍外丐身尼𧡊𤑟𣎏𠊚𠁀共羅各𩔗箕𧡊𣎏宗教道佛願度𠊚𠁀願朱𨉟成佛功奇妬𢖵懷空𠅳知見如-空補𤼵心願修持如-噲羅偏修冲𡎝塵世尼𣎏荘出家𤼵心願修持丐行尼別性𨉟𣎏衆生冲决𢚸願度朱歇別本性𨉟𣎏位佛𣄒冲决修願朱𢧚𡾵佛𧡊冲世間妬𠦳閍物支調差恪拱自丐心尼造化-修用心𨉟𡘯如𨕭虛空𤼵𢈱願𡘯如𨕭虚空立行如𨕭虚空證鄧果位佛𡘯如𨕭虚空空鄧執丐相𡘯虚空妬買鄧𤼵心願修行如-買稱羅大乘圓滿菩薩-荘出家𤳆苓𡛔信別糁𢈱願差恪如-耒沛𢪀察紀綱--𢈱願芇大利依𢈱願妬修行條芇損害妬除-別役利害𠼵耒買鄧𤼵心修行沛察𡊲些𤼵心修行冲糁條願尼分-邪修正修真修偽修大修小修偏修圓修𠾦𣇞沛除去條邪條偽條小條偏努力修行正修真修大修圓修𤼵心修願如-買噲𤼵心濫佛-正心濫佛尼羅檜㭲宗旨𤾓𠦳閍各役苓𠓀沛㑏濫𨒒條尼耒𤼵心菩提妬買鄧濫牢呌羅𨒒條條次壹沛𢖵徳重佛祖箕條次-沛𢖵恩義吒媄條次𠀧沛念恩位師長教育妬條次𦊛沛𢖵想恩𠊚施主箕條次𠄼沛切念恩𠊚𠁀共各𩔗箕條次𦒹沛𢖵朱-𨉟𠺥丐苦塘生死低條次罷𨉟沛尊重敬分靈魂條次糁沛𠡚除補業障冲𨉟條次𠃩勤急𣌋最一心念佛求衛西方條次𨒒沛祈願正法佛祖鄧住世数𨱽釋慈風訂正演義第壹文菩提尼敬勸-荘𠫾出家-𤳆苓𡛔信沛𢖵恩重佛祖箕佛祖些羅徳釋迦如來欺邦頭買𤼵心-辭補𡾵高宫殿九重獨-山河萬里妬良妻爱子國城象馬七珍-想如補蔑隻𨆡𫌕-傷衆些被𡓮冲車輪廻𠫾塘生死低佛修丐行六度菩薩別羅-𤾓刦甘心修苦行容鵲巢於頂上掛蛛綱於眉間𨒒-𢆥長欺衆些-業殺生-刧邪婬属衛身業呐嚉-𢈱-𥚇𠰘㑏属衛口業奸貪嗔恨癡迷属衛意業佛-目撃心傷別羅澄芇制立經律論方便教化衆些-迷甚至空別信𠺥𢈱佛𠰺妬罷意衆些沙墮𠓨地獄佛-𤴬壹別羅澄芇悶𠺥-丐苦朱衆些因位衆些-罪山業海罷-救-空鄧福-些鄧預𥪸人倫佛吏用方便戒律勸𠰺衆些補㑏濫苓𠁀𠁀刦刦-𢷮蹺衆些心佛始終空-浪佛傷悗衆些如妑慈母傷𡥵-冲時期佛降生救世衆些被沈淪-𪧍𠀧𡎝戈吏𦒹塘𣈜𠉞福鄧濫人身𡥵𠊚佛吏滅度收神歸位衆些掑罪支沛生冲𠁀末法低共-業障姨拯鄧𧡊金身佛-𣎏福支𣈜𠉞鄧出家修行濫福支鄧趿--低𢪀察-役如-𡀮如衆些𠁀𠓀空修念濫苓支𣈜𠉞兜鄧𦖑正法尼兜別𨉟沛𠺥恩徳佛-丐恩徳佛低𡽫高𡶀奇苦-朋-衆些空𤼵心廣大濫道菩薩-立役佛法-濟度歇汰𠊚𠁀油𦓡散𩩫湼𦧘𡊰畣空鄧如-買噲𤼵心濫佛釋慈風訂正演義第二文菩提敬勸-荘出家共檀越男女等濫牢沛𢖵恩情吒媄吒媄羅𡗶坦𧵑𡥵每𠊚生冲塵世低𨕭自𡾵天子𪧍以至四民士農工商渚𧡊𣎏蔑𠊚芇塊𣄒冲胎獄婦,Nom
16_phat_bo_de_tam_van_no.txt,女箕𢘾吒媄鑄造身尼-各緣箕羅坦渃焒-𦓡濫𢧚根命尼生鄧身-低恩義𥘀如𡽫高情養毓溇如𤅶瀋詩經𣎏呐哀哀父母生我劬勞欲報深恩昊天罔極𨒒𣎃鳩芒徳-𡗶𠀧𢆥捧揞恩齊坦-𡥵吏𡊲枯媄-戈𡊲約𠡚咹𠹽--𣎏-𠮾朱𡥵伮-吒媄厚待𡥵歇𢚸自始至終空𧡊𡊲芇泊待餒䀡𣃣鄧成人冲𡊲希望吒媄指蒙𡥵--香火宗門祀堂奉蜍春秋二祭𣈜𠉞衆些坤𡘯耒吒媄朱出家修行稱羅佛子𥪸冲堛沙門吒媄空供唤唁物卒支𦒹親箕拱㐌賒離清明重九-禮供妬空𣎏吒媄𤯨現在低空𣎏徒山珍海味膏良上食點𠓨誑𥚇吒媄縐紗𫃵繞空𣎏蔑𡬷-朱-身形吒媄𦥃𣈜對局死後耒空曉濫計支底神魂吒媄𡎝上界𥪸濫道人子--薄待吒媄如-沛察本身些低頭隊𡗶蹎𠫾坦蒸𪵟昂魯𪖫唷五關百骸人相具足何靣目底甘心濫𠊚𡥵不肖下陋吒媄造化身尼空沛濫丐架底𦓡-袄-裙咍羅丐桶鄧底積貯徒火食共羅𩚵渃妬生冲世間妬如-寔𥙩濫大損-如-荘出家修行沛朱曉主義宗旨出塵妬空出家鄧時崔空埃𠶟鄧𠉞濫蔑𠊚正使𧵑徳如來台𩈘傳賢經史排呐正法勸𠰺𠁀-𡊰恩徳朱佛買噲君恩臣可報父業子能承據-𠅳分責任妬阻-𢧚蔑局大害朱𠁀古徳𣎏呐善用人為天下利不善用人為天下害𣄒世情念空耒出家道念空全-塘調失歇罪重尼寔苦迍鄧𤯨窖油𣹕鄧法天廷托苦迍塊𠊚囚陰府𠾦𣇞低沛𢪀察想吏𤾓刦𠦳𠁀𠡚飭修行堅固與道佛𨒒方𠀧笠𠊚𠁀共各𩔗救度歇拯-吒媄蔑𠁀低多生父母調沛濟度歇拯沛吒媄蔑𠊚箕汰奇環球吒媄𧵑每𠊚分靈魂救度鄧超昇如-買噲𤼵心濫佛釋慈風訂正演義第三文菩提敬勸-荘出家清信男女濫牢沛𢖵恩位師長妬古徳𣎏呐生我者父母成我者師友吒媄𦝉餒身些鄧𡀮如冲世間低空𣎏位師長妬兜別鄧倫理三綱五常如空𣎏位師長出世衆些低兜𣎏曉鄧佛法經律衆些空別綱常倫理拱如-𦧘箕別𠫾死尸妬別𧼋𠊚出家空學三藏教海𣎏恪支𠊚俗箕最迷-鈍𠉞衆些別鄧祝𠃣倫常禮義冲佛法拱曉鄧蔑-分吏鄧丐衣袈裟-𠓨冲𨉟低添𣎏鄧戒律-𨉟傳朱-鎌智慧創𤊢如玉芒𠓨冲𨉟割斷䋥塵勞頒朱蘿甲忍辱-色𤈜𤊢默𠓨身躰鄧降伏𡥵魔煩惱扽㭲𤼵荄朱通塘奇--𥘶𩂁鄧𧡊𡗶撑生𦝉戒身慧命𢭂𢬗𢧚氣象佛如-恩徳尼自位師長妬𦓡鄧如𨉟修行求小果想吏度𨉟𦓡崔𠉞修細堛大乘願度歇汰師長出世師長世間-位師長妬調鄧利益如-拯負志氣𠊚𠫾出家-買噲𤼵心濫佛釋慈風訂正演義第四文菩提敬勸-荘出家共男婦老幼據牢沛𢖵恩𠊚施主箕歇汰衆些𠉞每𣈜咹用各物妬空沛飭𨉟濫𣎏-𨒒分--各徒物食餒身尼𤾓-支現𣎏閍役調空𢥈每𣈜𠀧時-𩚵襖裙綿-疾病𡊲用恒𣈜耗損冲身口妬別羅包饒損費如-自飭𠊚箕𦓡𣎏-冘衛朱𨉟用低蔑核檜蔑紇𥺊公濫-妬艱難𡗉廩蔑𡮈渃蔑-蒌𦼇冲欺濫-妬空沛羅-如𠊚農夫箕𠡚飭𦓿溇摡𣴓沁𩄎扯-𩈘𤈜𪵟-冒暑衝寒風塵勞苦別羅澄芇空𣎏-糊口衆些空動-𢬣𡓮安-受享咹用嘆餒-呐空朋𢙱沛-吏拯𢧚用丐𠰘不法咹紇𩚵尼枉冤-𠊚織女箕執絲-𦀿繞-空𧡊𣈜芇耒冲身形艱難痗-常𠺥竜竜衆些空濫細徒衣服默𣎏餘牢空別傷惜工夫𠊚織女妬底責丐-姅努力修身空鄧用丐身不法尼默徒衣服世間寔羅冤,Nom
16_phat_bo_de_tam_van_no.txt,枉廩如𠊚𠁀箕𣄒-𦱊寨蘿吵𠓀-𡢐危苦𠓻𠁀衆些𣄒時茹高𢌊𡘯畫棟彫樑-台逍遥快樂𥙩濫有幸用丐事--𧵑𠊚冘供朱衆些安享𠳨吏主心王𨉟役-安咍羅空安用䋦利𧵑𠊚𦓡餒身命些低逆理過兜𣎏順鄧空𢧚用丐頭不法隊丐茹冲𡗶妬察朱紀空稱當支𨉟空修行心慈悲福慧具足本道𢘾恩徳各𩔗箕鄧福蔑紇𥺊蔑𡬷𦀿沛𣎏蔑𣈜𡊰-𡀮如空芒𫅮隊𧤁拯塊芒鞍吟銫-果報㑏苦迍覺悟如-買噲羅𤼵心濫佛釋慈風訂正演義第五文菩提敬勸-荘出家-𤳆苓𡛔信沛𢖵恩徳𠊚𠁀共各𩔗箕衆些低-𠊚𠁀共各𩔗妬自𠁀無始朱𦥃𠉞每𠁀每刦台對娘杜-𡆁結濫吒媄--妑𡥵𠊚-些低調𣎏恩義妬雖𠉞隔別𡗉𠁀凡俗最迷兜𣎏別𡆁鄧𠉞用丐理茹佛推-兜空𡊰義妬-𡥵物芒𫅮隊𧤁些兜𣎏曉空沛𠁀𠓀伮寔羅𡥵𧵑些-如各𩔗蜅𩙻--些兜別伮拯旬濫吒媄𨉟咍牢些旬𧡊-幼雉箕隔別吒媄伮耒𦥃澄伮𡘯坤形容吒媄調𠅳况支隔別𡆁𡗉𠁀濫牢別鄧𠉞翁妑吒媄哭羅𣄒𪧍地獄妬陵-冲-餓鬼箕使鬼行𤴬壹嘆哭𡥵𡥙兜咍別𩟡𩚵-渃訴-埃些雖眜空𧡊𦖻空𦖑吒媄翁妑求些救-脱塊罪苦𠁑九泉𡀮如空𣎏經律埃別指陳各役尼空𣎏佛祖埃別兜呐訴𢈱尼-𠊚邪見兜別鄧朱別各位菩薩䀡物𩔗蝼蜆調寔吒媄𨉟𠁀過去空沛行諸佛𠁀未耒咍牢歇汰𠊚𠁀共𩔗蜅𩙻--調𣎏性佛𨉟悶濫佛修丐行蹺翁佛悶濫𠊚天堂光明洞達即是𠊚天堂𠊚卑污黑性地獄在業𨉟-造𣎏-𩔗尼𩔗箕餓鬼畜生𨉟-𥙩常𢖵念佛祇願𡊰-恩妬如-買噲𤼵心濫佛釋慈風訂正演義第六文菩提敬勸-荘𠫾出家-𤳆苓𡛔信沛𢖵身尼𣎏丐大苦𡓮車輪廻𠫾冲塘生死假如天皇地皇人皇夀算蔑閍糁𠦳𢆫拯塊被𡓮車輪廻伏羲神農黃帝堯舜迍拯鄧-字不死衆些-𠊚𠁀共各𩔗自𠁀無始𦥃𠉞沛被常常𡓮車輪廻𠫾冲塘生死尼空𣎏𣈜芇-塊鄧-台或投胎人間共準天上或世界尼共羅方恪-低𠓨箕冲𠦳閍刦-𪧍冲-眜-辱別羅澄芇冲𨵣黑暗𣌋𨀈-最阻𠓨冲𡎟鬼𣃣脱-塊-𨉟終吏姅鬼使捻釘鈀抌冲𨉟挄𨖲𡶀刀奇𨉟空--䏧媄𦝉或--核劍䏧𦧘--丸銫燶咹空拖𩟡鬼使𠰺-肝𫆧-斷渃銅𤐝-空拖渴夜叉𠊚𠰺-𣹕-冲𠰘屍骸銷散冘-行鋸𣃣徳-連吏如舊-業𠺙𦥃𣩂𠫾耒𤯨吏冲城焒㑏行罪魯𦖻拯𦬑𦖑仍㗂嘆哭鑊油爐焒行形𤴬壹哭羅如𩆷努㘇補罪人冲地獄寒冰𣃣特死尸𠊚罪如蓮撑結蕊𧖱𦧘-洟丐身尼如華蓮-𦬑蓬𠺥塘生死蔑𣎀𠁑地獄閍-𠺥役行拷𤴬疸蔑𣈜𨕭人間蔑𤾓𢆥-注鬼使煩悶役痗-廩-埃信𢈱徳閻主勸𠰺冲欺鬼使當行羅哭𤴬壹別嘆惜兜趿歇行𣃣捹𢬣-耒吏𠅳生事-罪業如舊欺覺推如𠊚訴悟觸對境支迷染如𠓀打𡥵-沚血-洟兜別媄𨉟𤴬壹妬騫𡥵㺧𦥃-濫𦧘兜咍翁𨉟羅哭-咹𦧘𡥵𦓡空別茄周𤤰文王-如-台𡓮車輪廻三族咹淪𡆁空曉𠊚凡埃埃拱如-𠁀𠓀--恩愛刦尼-𢧚團冤家債主𣈜𠓀妬羅𠊚冦讐𣈜𠉞阻𢧚情骨肉𠁀𠸗羅媄刦尼吏濫-刦𠓀翁内𠁀尼阻吏濫-鄧宿命通別妬互辱無窮鄧𡥵眜如皇天䀡𫀢識唭叱傷-𣄒冲𡊲污穢𨒒𣎃--每𠊚調苦𠳨𡊲妬冲-血濁𨒒𣎃-耒𫏓頭終虐--舒別兜東西空曉恪𡘯坤𣎏見識𢚸貪財色酒氣妬生無所不為無所不至𣈜戈𣎃吏碩-箔頭継接病患生-鬼無常進逼𦥃𠳨深𪱆-連連冲神識𦇒-精血𧵆歇耒外䏧𦧘瘖枯空蔑-𫅮芇拯被鋂金隻𠓨週身空𡊲芇塊--割𦥃𡥵龜濫𦧘咹伮補殻唉--神魂欺悶辭謝-塊身形些低乾苦欣𡥵龜妬十倍心些濫主閍形如𠊚𠫾喯半妬空𡊲芇拯𠫾𦥃身些低空-形尼如房茄𠉞--對冲大天世界尼丐身尼-𪧍戈吏空窮盡--冲𦊚𤅶---洡別兜掣計-渃眜別離尼𡻓𡻓質-𩩫欣𡽫高苔-屍㫵𡗉欣準大地𡀮如些極𦖑鄧𢈱佛𠰺役尼埃𧡊𦖑鄧渚䀡鄧經佛理如-埃兜訴別如𠊚芇依蹺業𠓀貪財沈色𨁡蹺性舊昏迷妬怍𠲖𠦳𠁀閍刦蔑𠁀尼惏𤾓刦落身𡥵𠊚苦鄧伮𠅎-蔑𠦳𢆥-核銫箕𣎏𣈜芇妬-華-過虛閧底朱𠅎人身𡢐耒苦尋鄧𠀧𡎝-𪧍𦒹塘戈吏冥蒙𢌌𣦰別兜𦓡尋-果報㑏𠺥苦𣄒冲𠀧塘𤴬怛呐空鄧埃兜台-苦尼古徳𣎏呐自作還自受他人-不得冲欺𢖵𦥃𢈱呐低兜空冷𧀞心朱𢧚衆些沛𣭻𣭻斷弋𣳔生死尼-𣇞悶絶塘生死空苦支役功名停念細姅局榮華富貴無心時鄧如生𢚸貪悗沛𠫾塘生死常懷心𨉟斷滅朱歇輪廻生死𨉟低-𠊚同𡆁𧗱境西方𡗉刦功奇箕在冲蔑𠁀尼𠡚舉事修行如-買噲𤼵心濫佛釋慈風訂正演義第七文菩提敬勸-荘𠫾出家冲善男信女濫牢沛重分靈魂𨉟低冲𠀧道特𠸜終伮呌羅真如本性茹佛徳釋迦呌羅本性彌陀儒家徳孔子呌羅天理仙家徳老子呌羅谷神經易呌羅太極特𠸜呌-雖𡗉拱同蔑真如本性𡗶坦渚分陰陽𠓀𣎏丐理尼耒𡢐𡗶坦壞湼銷歇雅拱依原-懷徳達麽𣎏呐些𣎏蔑物𣄒𠓀𡗶坦雅空𣎏形状支寔丐躰雅咏-牟冉濫翁主宰冲世間尼共羅閍物歇汰形状空佣蹺𦊚務糁節妬性靈些低𨕭𡗶𠁑坦低雅空佣物支空沛𣎏空沛羅空悶用時雅用朱空用雅自如如些現前低努力修行朱鄧一心不亂如如不動-𣇞低些共徳釋迦如來同𦢳𡆁空恪據-徳世尊𡗉刦𦥃𠉞-𢧚堛正覺佛覺,Nom
16_phat_bo_de_tam_van_no.txt,冲身心尼空外覺訴閍物支調空衆些低被𡥵鬼無明欲使濫役最迷虐傲調自𦒹䋦賊尼羅𡥵眜魯𦖻魯𪖫誑𥚇丐身丐意位被𦒹賊尼破茹虛靈朱𢧚--濫𠊚凡夫低徳佛世尊些𣎏-神通廣大智慧無量無邉功徳荘嚴𤊧焒衆些拱𣎏-無量無数業果煩惱問𦇒𠓨塘生死翁佛𠊚𡗶心性如些心凡如磁石引針𧡊物支吸唏𢯰歇攑空-𠊚覺悟𠊚最迷在妬𦓡隔別賒𡆁如𡗶-坦冲欺咏-𢖵𦥃妬性靈衆些如玉寳珠無價沙準湓-衆些䀡如躰塊坧空𣎏𢚸惜重-𣇞衆些沛𣭻𠡚飭修行歇汰各役苓對治銷歇業果無明煩惱修徳行𣎏功時性靈尼顯露如玉寳珠𣳮瀝𢭂𢬗底𨕭-高創-映𤊢泣-歇𨒒方濫-拯枉𢈱佛𠰺拯負分靈魂些低𠡚修行如-買噲𤼵心濫佛釋慈風訂正第八文菩提敬勸-荘𠫾出家共𤳆苓𡛔信沛𣭻弋除業障罪磊𠁀𠓀㐌苔頭禍害𠁀𡢐吏𠅎-𠉞沛𣭻𪡷罪𠓀改磊𡢐各役㑏-弋奉行各條苓𣎏苦支人欲一分消天理一分長𢚸人欲消歇耒性天理創泣冲梵網𣎏呐犯罪吉羅如𨕭𡎝𡗶四天王𥹰𠄼𤾓𢆥墮冲地獄吉羅羅罪𡮈---罪報如-台况支被罪重-果報妬苦呐衆些𠉞冲每𣈜𦊚威儀妬𠫾𥪸𦣰𡾵冲𡊲舉止常債規條戒律冲𣇞咹㕵調𣎏犯罪磊每𣈜-罪業如-况支𠓻𠁀𡗉刦𡊲犯罪業別兜掣計朱歇𠉞用𠄼戒律呐-與𢚸仁拯鄧殺生與𢚸義空鄧奸貪-劫與𢚸禮空鄧邪婬與𢚸智拯𢧚㕵𨢇與𢚸信誠空鄧呐嚉𢆥條律尼冲𨒒𠊚犯歇𠃩罪磊現露数𠃣𡊲隐匿-𡗉姅𠄼戒律尼𧵑-翁居士善男在家-與拯𧷺-台况支戒沙彌戒比丘戒菩薩拯-支論呐姅𠳨𦥃丐名稱𨉟羅柴比丘𠳨𦥃𡊲寔𢠩-嚧咾與拯-戒律如-翁居士在家牢空互𢢆諸位仁者尼沛朱別戒法茹佛關係最重拯受時崔空埃𠶟鄧受戒律耒空鄧毁齋犯戒空犯時崔犯時沛墮落三途如-𠓨冲渃焒箕濫牢朱塊𣩂鄧𡀮如空傷𨉟傷𠊚阻吏害𨉟害𦥃𠊚-荘出家沛𢖵本願尼毁形守志節割爱辭所親出家弘聖道誓度一切人𢖵𦥃耒身口朱切誠-泪空--𣇞低衆些共𠊚𠁀求嗔𪡷補業障如空𪡷補時𠦳𠁀閍刦-果報㑏苦迍如-買噲𤼵心濫佛釋慈風訂正演義第九文菩提敬勸-荘𠫾出家共𤳆苓𡛔信在家𤼵心正信𠡚𢖵𢈱佛𠰺壹心念佛求𧗱境方西𣄒𡎝娑婆五濁惡世𤾓𠦳閍役苦笘吏𠊚修行𠺥道-𨉟寔苦𢧚被冲局財色酒氣富貴功名物欲固蔽氣禀所抅朱𢧚道業難成沛𣭻切誠一心念佛求𧗱境西方成佛𣭻-如-蔑𠁀尼成佛如苦𡗉刦苦成朱𢧚各𥪸聖𠓀賢𠸗每位志心念佛求𧗱西方𠦳部經閍部論每部調指𠰺衆些鄧-台蔑𣈜𠡚𢖵念佛鄧功夫蔑𣇞修凈業修行冲𠁀末法尼空𣎏法支欣法念佛尼-吏冲經彌陀呐修塘福善𠃣拯鄧生𧗱西方修朱𡗉福徳買鄧𧗱境西方支朋句念佛尼呐修朱𡗉福苓空支欣𤼵心廣大朱𢧚𠊚念佛蔑-𣇞欣𠊚布施蔑𤾓𢆥𠊚𤼵心廣大濫佛超欣𠊚修行𡗉刦数羅𠊚念佛决求𢧚𡾵佛拯𤼵心廣大濫佛油𣎏念佛空利益支𤼵心廣大耒𡢐買修行空求願𧗱西方油𣎏𤼵心---如𨉟悶搖紇𥞖菩提𪧍沛用句念佛尼𦓿朱常道果佛自然每𣈜添𡘯功圓果满𡓮隻船大願直指𧗱𤅶無為凈土决鄧𧗱西方勝境如-買噲𤼵心濫佛釋慈風訂正演義第十文菩提敬勸大衆出家兒清信男女等沛𠡚祈願法寳鄧𥹰𨱽冲天下尼徳世尊些修行𡗉刦𦥃𠉞位傷衆些低𠡚修行丐行菩薩悶鄧位大乘菩薩沛願修𦒹法尼蔑羅𠡚修役布施絶歇心奸貪-羅與戒律空𣎏毁犯齋戒𠀧羅𠡚修行忍辱歇性癡迷嗔恨𦊚羅濫行精進空𣎏丐性變-𠄼羅濫鄧法禅定耒心神𨉟歇散乱𦒹羅學鄧智慧耒歇丐性幽迷愚鈍徳世尊些𡗉刦修苦行尼寔苦濫濫鄧寔苦忍忍鄧割𦧘救𡥵𪀄箕冘身尼餒𤜯𩟡被歌利王割-身躰佛祖决𢧚道𠅳𨉟因𧷺果-買鄧成佛鄧成佛耒住世敎化堛三乘共各聖糁𨒒𢆥-耒佛祖收神涅槃歸位𠁀正法蔑𠦳𢆥𠁀像法蔑𠦳𢆥-𠁀妬㐌戈耒自蔑𠦳𢆥笠𪧍低属𧗱𠁀末法佛寺經像巍峩徒-空𣎏位芇徳行修持邪正空曉鄧是非空埃辨白嘟--𡆁呐𨉟空埃欣求名貪利𨷑昆眜朱𢌌䀡-妬冲天下同如-形状𥞖𡥵佛安-底頭箔耗𠅎創最𡗶坦如-義羅身雖行道心道不行甘心𡓮--𫅷-𣩂空別翁佛羅埃妬拯曉冲三藏義理-拯別柴修羅𠸜支佛法衰殘寔羅甚至空-支呐姅每欺𢖵𦥃情状如-泪下連珠衆些𠉞㐌濫𡥵佛沛台𩈘朱佛排呐正法勸𠰺𠁀鄧𡊰恩-徳朱佛𢈱諺呐君恩臣可報父業子能承𡋂宗教空𠡚培-恩徳佛拯𢥈𡊰-𢚸胣--冲空利益朱身心尼拯勤學細戒定慧役功果空埃𢘾忌-外空利益支朱𠊚𠁀𤯨低空利益同胞社會枉𣄒冲世間奔南走北𧼋蔑回𦥃𣈜死後空利益支朱𠁀𡢐-懇歇-𡱩坦𡗶雖高𩂏丐罪碎拯歇坦油𠫆格--丐罪碎拯浽𠊚罪極重些低渚埃罷-𤴬壹呐空鄧空𣎏計支𦓡論沛𣭻𪡷補性愚迷鄙陋沛𤼵心菩提廣大雖冲-𣇞轉𠁀末運吏空鄧決蔑𢚸𢶢拖護持正法戈𠁀𡢐朱𢧚𣈜𠉞同各善友𠫾𠓨茹佛徧文懺悔尼建造法會尼𤼵𦊚𨒒糁𢈱大願每𢈱大願誓願度歇𠊚𠁀祈𤾓𠦳刦鄧心深信每丐心深信求鄧𢧚𡾵佛自蔑𣈜𠉞歇𠁀未來箕夀盡報終耒誓願𧗱鄧渃安養𡓮𨕭𠃩品蓮-耒阻吏𡎝娑婆低遣𩈘日茹佛-朗𨵣佛𨷑𢌌-姅𤅶僧衆㳥冲瀝𡎝尼教化人民歇𡎝東方刦運宗教鄧𥹰𨱽正法住世鄧長久文筆些徧低真寔苦心修行如-買噲羅𤼵心濫佛諸位仁者尼如-糁𢈱願呐𠓀諸位㐌周知耒𡢐𨒒條恩徳指𠰺呐訴-𠼵耒諸位條行-𣎏𨵣吘𨀈𠓨𠼵-𣎏坭𣎏𡊲衆些低-𡆁埋鄧人身尼𣎏福𣄒𡎝華夏低𦒹根空病患支身四大尼鄧輕安𣎏-丐心正信埋空𣎏魔鬼垠阻况支衆些𣎏福鄧出家吏吸-廛鄧受戒具足鄧𦖑正法𧵑佛吏鄧䀡仰金身佛別-𨉟𪡷磊𣎏福鄧吸位明師共-翁善友-各緣苓濫牢拯自𣇞尼𤼵大心大願𠫾底𪡷𣈜芇姅古徳𣎏呐人命無常過於山水今日雖存明日難保衆些𣎏身尼拯度底𪡷𠁀芇度身尼仰求冲大衆𡘯𡮈嗔感念碎羅蔑𠊚愚誠勞神苦志同立大願同𤼵大心如文𠓀呐妬如位芇渚𤼵大心立大願𣈜𠉞沛朱𣭻𤼵心願𠫾如𠊚芇𤼵心立願耒祈朱每𣈜増長精進渚底性始勤終怠沛接心-𡆁竜竜𠊚修行𣎏丐支苦見解胆量超欣閍閍𠊚尋常如𠸜咹-箕尋鄧丐心勇猛精進不怖不畏桃𡌢擼-𥙩𧵑𠊚-如阻𢬣𠉞衆些修行𠡚尋鄧精進精神如𠸜咹-妬空求成佛成佛𣎏餘𠼵怍苦嗕戞--𠼵呐-𦓡輕凌渚悶𣭻空鄧𥹰𨱽停-乃空𢚸-噷渚痗我𢚸孕吏空浽停-攄耒𦓡期𠻷渚呐𨉟愚鈍空心趨向修行渚呐根性𨉟淺薄空𣎏分修行譬諭𨉟悶-核箕買-㭲𣑶沛𣴓積年累月鄧深固根蒂拱如𢲪丐釖妬𢲪𥹰釖-阻𢧚𨰺渚呐𣑶𣴓𦓡空-默油伮枯𣩂渚呐伮-空𥕄底懷妬無用如𨉟呐役修行羅苦空別𨉟變--乃妬甚苦變-時安𢝙𣎏蔑𠁀𣈜箕𠺥苦𡗉刦况支𣎏句念佛尼濫船艚𢥈-𡊲--修行鄧忍力無生兜怍役艱難困苦如𨉟悶𪧍𤅶尋珠停怍役危險--况支𨉟悶成位佛怍-艱危苦行妬如蔑位文官大臣功夫十年燈火𣈜𠉞買鄧𥪸冲準朝廷金闕蔑位元戎武将妬臨危𤾓陣𣩂-𠉞買鄧公侯入手諸位仁者尼𠊚罪冲準地獄箕刦𠓀𣎏𤼵心菩提𠁀𠉞鄧預行人倫佛子空𤼵大心立大願-𠁀無始昏迷愚鈍局意戈耒拯論呐濫支𣈜𠉞別覺悟吏𡢐耒拱鄧成佛昔日夜叉頭今朝菩薩靣仍𠊚最迷渚-悟叱𢧚傷㤕傷台𠊚別拯-𢬣𥙩濫傷惜每𠊚調別𢥈怍塘罪苦𪧍地獄時丐心精進𤼵現凡每𠊚𢖵𦥃杆無常共𦓅病𢶢𣭻時丐心病變-空𤊥--𠉞吏用正法𧵑佛拘束-𨉟𣎏位明師翁善友摇𢩮𦀊-空唻𠓻𠁀娘蹺時空𣎏罪磊惏落退失支停呐心念𨉟𡮈-空𣎏丐支重空𢧚呐𢈱願嚉假無益𣎏心真誠時鄧每事寔古徳𣎏呐誠則明矣明則誠矣𢈱願𨉟𢌌𡘯丐行高溇𨕭虚空拯沛𡘯心王𨉟寔𡘯心包太浒量周沙界玉金剛空--𢈱願力𧵑𨉟-欣玉金剛𩠴嗔冲大衆渚執些羅𠊚微賤𦓡輕-正法渚呐些才疎徳薄輕𢈱些呐低𠉞大衆鄧誠心拯補𠅳𢈱些呐低依蹺正法低修行鄧如-寔大利大補𡢐耒鄧濫妑𡥵眷屬-佛自低團躰聯絡誓盟𠓨宗蓮社自𣈜𠉞結紩叱卒些祇願每𠊚夀盡報終耒同𧗱境西方凈土同-𡆁-眜徳彌陀慈父妬同𡆁勸化𠊚𠁀鄧𢧚堛正覺兜別𨉟𦥃𠁀未來鄧𠀧𨒒-丐相卒拯自𠓀𣈜𠉞𤼵心立願-些𠉞至誠心願朱冲大衆每𠊚𤼵心勇猛精進努力修行𥙩濫行甚-𠉞些訂正演義文菩提拱㐌-耒釋慈風演義文醒世尼論如根命𡥵𠊚似𡗶𩅀創𤇩𣭻如焒打𥒥苦底𥹰如花箕耒-空𣎏𣈜芇伮-吏丐梗妬姅如渃𨕭-沚𪧍𤅶空𣎏𣈜芇沚阻吏𠊚𠁀被𠫾塘生死𣩂𫅷𣩂-空同𠸗𠉞役妬平等閍物支汰調嚉假據牢空醒悟,Nom
16_phat_bo_de_tam_van_no.txt,数閍億冘蹺拱拯鄧凡生濫𡥵𠊚沛𣩂𣩂耒沛被𡓮車輪廻據-迷昧空曉𢪀察別包饒苦唏咀絶耒𩙻蹺-東屍骸尼𢝙𠁑坦妬台形對殻𠫾耒阻吏𠉞改頭尼-台𩈘恪空別-閍刦釋慈風演義文醒世至道生-安閑幽雅徳生-自心濕退𡮈-福𣎏-在𢚸清儉約命生-𡊲心平氣和病患生在𡗉心欲染磊生-自𨉟輕欺𠊚祸害生-自心貪罪業生-在心不人𡥵眜渚䀡役-𧵑𠊚丐𠰘渚呐磊-𧵑𠊚垠心𨉟渚喯篭性貪嗔沛-𨉟停蹺柴邪伴㑏𢈱呐無益空𢧚呐古徳𣎏呐一句非言悟損平生之徳每役支𫀢-空安拯𢧚濫嚀嚀嚀諸位神仙無数自丐嚀尼鄧位神仙容容容𠦳災閍禍支自容恕尼銷滅忍忍忍役債主冤家在丐忍尼斷絶崔崔崔功名富貴𠃣鄧享逍遥自在每𠊚調沛𢖵恩吒媄造化義重君臣敬悗堛尊長𠳐蜍𠊚𣎏徳行分別𠊚賢良共羅衆陋俗沛容恕𠊚不通事理濫𠊚𣎏見識通權達變不執安常而在應變時期渚𦥃停𪱯每役支㐌戈耒停𢖵物箕閍𦥃渚垠物妬𠫾-耒空𢧚追尋𠊚聰明-𡗉𡊲暗昧算信過失𡊲𣭻-悶損害𠊚阻吏害𨉟自恃權-禍害蹺𡢐𣄒𠁀空節儉朱𢧚歇茹濫官空鄧清廉沛被革勸𠊚𠁀與鄧素平生𢝙𢢲噒與丐役渚𧡊沛怍仍役渚𦖑𨕭頭𣎏位皇天照鍳𠁑低查察𣎏位地期冲陽世律形國家𫃚𨉟或濫役支-最𣎏鬼神蹺邊或呐-或濫聲三界聖賢調別沛與𢚸正直心𨉟拯𢧚嚉𩈘𡗶𥪸𣈖耒沛熾𦝄𧷺耒拱沛缺意羅丐道𡗶坦-冲世間尼局𢝙歇耒杆𢞂愁-細權-歇耒時衰微-笠細道濫𠊚沛𠺥理常妬𧼋兜朱塊-穌-㑏拯𠓻𣈜𩅹𡘯空𣎏理最𣈜道𡗶-如-况支濫𠊚兜塊盛衰否泰茹𣎏福錢鉑𡗉拯𢧚享歇享太過身尼沛𠺥危苦鄧-力空𢧚用歇用歇冤孼蹺𡢐𣎏福𨉟沛節儉𣎏鄧-權𨉟沛恭敬𠊚冲世間尼局𢀭𢀨妬𠓀𣎏享𡢐結局耒𧡊享役貧窮困苦佛祖呐命脉𡥵𠊚拱如-畑𡮈底𠓀頭--穌𨉟沛𢖵𣎏身尼丐身𡢐姅形骸尼暫𢭮𡎝塵低停-業冲丐業妬姅古徳𣎏呐業苓業㑏自心靈𧵑些善者福惡者祸理-當然直之昇屈之沈豈非謬矣𤑟𤎜-空差蔑-譬喻身𠫾冲頒𣈜或𠫾𥪸𦣰𡓮濫牢迍丐俸鄧𣄒𠁀𡗉役不明𡗶坦兜空𣎏條芇拯𣎏果報𠊚𠁀巧譎機謀格巧譎𧵑𡗶坦空支邏𣎏因果報應仰𪱯現前大衆歇汰各役㑏渚濫包饒條慈善𠳐濫歇釋慈風演義排歌閍役空𣎏每𠊚生世間低調沛被風塵劳苦東西南北陵-𩢦𩧍䀡紀刦浮生低結局耒拱-空躰𡗶坦終局耒銷散壞湼衛𡊲空𡥵𠊚共各𩔗--𣄒冲地球尼𩈘𡗶𩈘𦝄拱空𣎏---向東最𣵰衛向西𣎏埃兜計功𤐝創妬田園尼𨉟死後空𣎏畝芇数田園尼古金台𣌒別羅-𠦳閍翁主良妻愛子引蹺拱空鄧冲塘--包課趿鄧𡆁鉑-珠寶-空𣎏𣩂耒冲𢬣兜𣎏分两芇茹𨵣樓臺拱空𣎏轉眼輪瞳耒䀡外仝𧡊𦣰蔑埬𤤰主官僚支空𣎏命脉歇耒冤業怨恨妬無窮無盡車-車唏空𧡊丐芇物-妬主人兜空𧡊冲世間尼閍物支適意𢝙𢚸-戈𣌒吏調衛𡊲空䀡朱紀想吏𣎏蔑事寔每役濫苓身𡢐鄧享𠊚𠁀如𡥵螉尋花--𩙻戈向西𣋂𩙻吏向東尋鄧𤾓花𣎏蜜-耒𠺥塘危險-𠹽結局耒拱-空𨕭𡗶高䀡𤑟𦝄共𣋀湛冲人間𧡊𧵆低山奇水秀渃𦝄𣋀𡶀自然-懷𡥵𠊚改頭换面別-閍-如文𤼵願𠰺呐訴𠓀低些-冲大衆濫規矩朱𠁀𡢐-凡𣎏位芇或荘出家或居士在家念佛修福禮懺誦經仍𦥃濫鄧役苓支--調沛𤼵願求衛西方𣎏坭𡊲𠫾衛𦥃𣈜夀盡報終耒决鄧生𧗱境西方凈土-諸位仁者尼果如諸位與依鄧戒律尼𤼵鄧大心大願尼濫鄧行尼拯仍生衛境凈土𦓡崔拱拯𣄒地位緣覺聲聞鄧-境界位普賢𣦎𦥃𢧚𡾵佛-𠊚出家在家同𤼵願文尼衆生外無数誓願度歇煩惱外無盡誓願斷除三藏教海義理誓願學佛道無上誓願修朱成衆生冲性𨉟誓願度歇煩惱冲性𨉟誓願除斷三藏冲性𨉟誓願𠡚學翁佛冲性𨉟誓願成佛講道理-濫依躰道苦妄念除空鄧寔羅清閑役𠁀妬陵-垠阻𢚸道尋-𡽫高景咏𡓮𨻫枉出家-與全戒律寔苦心空正信𤼵願寔清閑戒齋空與浪費功修行油𣎏-𫙂𩯀寔羅𨻫枉修行-苦﨤鄧位明師空﨤鄧位明師寔清閑𢚁𨉟性聰明枉功修行修𥊖煉𪾤如-叱𨻫枉染役塵時-脱塵寔苦役塵斷拯鄧寔羅清閑性情蹺塵世耗費心力修拯𢧚道果𥙩濫𨻫枉,Nom
16_phat_bo_de_tam_van_no.txt,念佛-鄧心正信寔苦心口空-𡆁寔羅清閑𠰘念徳彌陀冲心散亂-𥚇痗𠰘修-寔𨻫枉學道-訴悟至道寔苦拯-𢬣修行寔羅清閑信𣎏佛空修行費功力論呐空空-寔叱𨻫枉徳潤禅師勸𠰺法-出家沛修法参禅参究訴𠓀欺渚生𦝉些𣈜芇些補鄧殻凡尼耒蔑點靈光些𩂏泣歇各位人天出家沛勤急念佛每念𠡚求衛西方極樂念𦥃𡊲空念𦓡念徳彌陀拯沛𣄒兜𦓡吏道在近而求諸逺事在易而求諸難出家努力持齋戒行戒律正令𧵑佛祖受戒法耒拯與法則沛𣎏蔑𣈜箕喪身失命出家沛尊重位師長蹺-力時期供養蔑𤾓役討餒拯朋𨉟敬順空𢧚𫏓頭吏𢮩句君雖不正臣禮宜恭出家沛訴別役因果蔑紇𥺊𠊚施主濫-辛苦咹耒聚頭空修行支輪廻-濫𤛠-鄧𡊰-𧵑意出家沛和睦冲大衆拯𢧚𣄒-𡆁鬦爭聚頭掑𦖻呐沛論-𨻫枉𣈖創最𧵑𡗶坦出家沛除丐病變-凡-𣎏役-𠓀施行各翁另𨉟𡓮朱安-拯塊龍神護法浽嗔兜𣎏擁護𨉟出家沛甘心受分淡泊咹㕵衣服𥄭𢪀𠀧役尼拯𢧚朱-渚嫌呐茶粗𩚵噷古徳學𠨪苦證𢧚果佛出家沛忍𠺥𠊚穢辱𨉟忍辱鄧耒天下太平和睦章忍辱尼佛祖真傳心忍辱尼成佛成祖出家沛正信佛法三藏教海沛𠡚-朱歇買別宗指佛祖高溇玄玅鄧芮-宗派佛祖𥹰𨱽論如𠊚𠫾出家分損害低朱𨉟𠺥-利養底讓朱𠊚如-買沛主義出家修行濫役支毒害朱𠊚鄧𢝙安身些低空沛真理濫𡥵佛-油𣎏慧業才能賞善罰惡分當各役是非不平敬讓𠊚𠓀𡢐細𨉟如-羅訴悟心慈悲行諸佛如𨉟悶朱𠊚𣩂底朱𨉟𤯨時債冲行六和上士𨉟濫蔑位住持沛與𢚸居仁由義感𨒒方釋子歸從如𩄎𩙻𣎏𢚸私欲蹺人情招牌𠸜㑏𩙻賒𠦳-濫位僧客𣎏𢚸恭敬與禮義𠊚仁義𠫾細兜身安閑𡀮算信心狂妄空義理支細兜-怨讐-𣈜𠉞埋鄧身濫𡥵𠊚有幸鄧出家修行-脱-𡌢焒閍丈挄賒䋥塵-𠦳-如𠊚囚-塊獄門如𡥵𪀄脱塊䋥籠娘拖道塲𣦆--玉𣄒座聖地罷寳逍遥天龍八部𠊚恭敬神鬼調歸降欽服衆些𠊚出家𢪀察吏𦓡𫀢空-柚餒蚕默徒衣服嗔卒空濫𤲌咹用香齋美味據-結怨-䋦利濫役非禮散-𧵑求名假拱如𧤁兔閉塞塘正𡎝人天貪祝利如躰𣭜龜鄧終𠓨𡎟溇地獄𠁀𠉞-結怨恨刦𡢐𠺥苦冲地獄油𦓡-鉑苔厢-𫃚危險朱身尼衣服縐沙錦繞苔茹-業朱𡥵𡥙鬦亂勤儉停奢侈空𣎏所逼丐心𨉟知足耒歇𢚸貪名𦹳𩙻-泣䖏或𣄒-菴或𠫾雲遊拯論呐磊𠶔𧵑𠊚常𣈜-察罪磊𨉟如𣎏荘才高慧業學訴悟𠀧藏教海仍𠊚見識淺薄冘五乘經典-課誦嗔停丐𠰘呐𢈱慈善冲䏾積貯刀鎗外排𠍵𢝙唭冲心隐底劍教𧡊𠊚𠨪苦𥘪嚧𧡊埃𦓅要空傷忘恩溇堆親生産餒㨢背徳重位師長摇𢩮𠰺𡁹𣎏意如-十方本道調沛退心濫役嚉假補塘真正𦊚𤅶賢者𦖑惹吱唭罷-朱𢧚𠀧番些𠶌叽勸𡁹紀綱精進修行凡𣎏位芇𦖑文尼耒掏𡏽-𡶀我慢妬位芇䀡文尼耒垃-歇𤅶昏迷停底埃埃-𤼵心正信𡀮迷信蹺外道邪魔空𣎏𣈜芇-塊車輪廻些𠉞求願每𠊚回心向善皈-修行努力修朱𠁀𡢐欣𠁀𠉞渚底𠁀𠉞欣𠁀𡢐𥙩濫危險廩敬勸現前大衆共當𠁀低凈信男女等沛𣭻𣭻回光返照覺悟修行先聖呐日月易邁若弗雲來生者不修死将奚具停底杆大限臨頭惜妬頭𣎏趿𣄒𡶀如𦎛𠸗凍培𥹰𠁀𣈜𠉞捞𢬗吏氣象買如𠸗𣵲洳瀝歇創現排-𤑟𤎜𠓀𩈘𧡊𠊚𠸗𠉞𣄒𡶀隱冲暈𩄎泊𠊚學道𠓀沛別丐心𧵑𨉟心𨉟放伮-包𠆳歇各法界悶收伮吏𡮈拯朋鋂金𣄒𡶀學道沛尋丐心𧵑𨉟陵-劍外兜鄧--𠫾衛西方寳所渚冘蘿𦼇---𣳔𣄒𡶀風景恪冲人間𩄎𪀄𩙻默油伮戈吏各物妬-些同蔑躰𨵣裊雖𣎏渚旬㨂𣄒𡶀𣈜芇𢝙卒廩茶粗𩚵噷度戈𣈜𣎃埃兜別些𠨪寔到底核佰𠓀𡑝暫假濫香𦓡焠𣄒𡶀空𣎏役支平論𩈘𡗶渚-些𢥈㨂𨵣𠓀局𢀭𢀨些-𠊚𠦳閍分趣清閑些享鄧-𠀧分𣄒𡶀風景𢝙𢢲機造化掣嘆𡎝閻浮尼𡗉役不平虐吹沛𠶔𡗉格利害吟𠰘吏戈耒𣈜𣎃𣄒𡶀別鄧心耒自然𢝙廩拯被各役𠁀假嚉拘束支古今𠀧道同蔑躰空沛柴修道士儒家支𣄒𡶀埋名隱跡娘杜塘生死兜𣎏期𠻷𣈜芇吲保共𤳆苓𡛔信𨷑𡥵眜朱𡘯沛𣭻-揲-頭-𣄒𡶀安閑局幽雅逍遥-歇𢥈享鄧分自由𠓀𡢐咏-情𠁀補歇𣈜𣎀安𠺵閍役-弋𣄒𡶀隱冲暈𩄎泊-𠺙松嘹如㗂𩆷法驚動冲𠁀-𠊚𥄭迷沛𣭻𨷑-𡥵眜停貧神諭預境西方古教徳世尊排呐東土𨷑宗呌號白蓮𣎏𨒒糁位大賢濫頭𠓀梂虎溪𠀧位唭傳𦥃𠉞境西方理大道玄玅功徳𡻓𡻓𢖵呐空鄧拯仍釋迦佛祖開塘指裊恒沙諸佛拱調呐排-境西方指𠰺法念佛𢘾徳牟尼佛祖行諸佛𠰙呐調別歇部十六觀經呐𠊚修行𠓀念徳彌陀境西方徳吒苓動𢚸傷㤕摇𢩮衆𡥵沛𣭻𠫾衛𡓮御𣄒𨕭臺蓮-停投胎凡世終冲子宫婦女境西方慧逺祖師別𠓀𠓨冲𡶀頂禮念佛𦒹時蔑𤾓-𨒒𠀧𠊚結白蓮社報終耒成佛直往西方境西方寔𢀭𢀨安閑𢝙卒寳衣玉食心悶排𠓀𩈘天上人間寔苦-鄧𡻓𡻓-𡓮𨕭臺蓮-境西方快落欣各𡎝𡗶命𤯨𥹰無窮享福無盡𠊚𠁀空信虐傲吱𠾦𣎏緣濫𡥵佛𡢐耒鄧趿境西方超欣仙蓬萊吸氣咹𩄎𩅜餒禍根渚修煉學法出神如𨉟悶核枯𠽋𣑳𦬑蕊兜𣎏鄧境西方富貴欣帝王侯王每-𤊧焒閍物𣎏-𦓅-𡛔𤳆𠡚念佛求衛西方𦒹塘輪廻斷歇境西方空呐𠨪𢀭拯論賢愚貴賤支空分別𦓅-𡛔𤳆空分𠊚出家在家𠊚冤𠊚親𣎏志修成佛境西方𠫾𨀈𨕭華蓮指塘低徳佛釋迦近叽𠀧番空呐役芇恪𠰺衆𡥵一心念佛鄧𠫾𧗱茹極樂境西方䀡-𡥵眜-𠄼色華蓮閍物珠寶調𤊧焒堛上善具會𧗱境西方空曉鄧如数-箕排文𤼵願𠓀低碎-冲大衆鄧濫規矩-凡𣎏位芇出家在家修福念佛妬或𥛉佛誦經仍𦥃濫鄧役苓支--調沛𤼵願求𧗱西方𣎏坭𡊲𠫾𧗱𦥃𣈜夀盡報終耒-鄧生𧗱境凈土-各位仁者尼果如與依鄧戒律尼𤼵鄧心願尼濫鄧行尼拯-鄧生𧗱𡎝凈土𦓡崔拱拯𣄒地位緣覺聲聞鄧-境界位普賢𣦎𦥃𢧚𡓮佛-𠊚出家在家同𤼵願文尼衆生無数誓願度歇心煩惱無量誓願斷除三藏教海誓願𠡚學道佛無上誓願修朱𢧚衆生冲性𨉟誓願度歇煩惱冲心𨉟誓願弋除經律冲性𨉟誓願學歇佛冲心𨉟誓願修成佛慈風法師偈浪心些如渃務秋箕如湖渃冲瀝漏漏世間空物支-朋些別呐濫牢朱鄧心些𡗶坦雅空𥞖雅拯沛𣎏拯沛空悶用時雅用蹺朱空用時雅自如如講道理-濫依正道苦妄念空除鄧寔羅清閑役𠁀箕陵-垠阻𢚸道尋-𡽫高景咏𡓮𨻫枉𠫾修-與全戒律寔苦空心正信𤼵願寔清閑戒齋空𠓻浪費功修行油𣎏-𫙂𩯀寔羅𨻫枉修行-尋鄧位明師苦空遇鄧位明師寔清閑自恃性聰明枉功修行修𥊖煉𪾤如-功𨻫枉染役塵-悶脱塵寔苦役塵勞拯斷寔羅清閑情意悗塵世浪費心力修空成道果叱𢧚𨻫枉念佛-鄧心正信寔苦心口空-𡆁寔羅清閑,Nom
16_phat_bo_de_tam_van_no.txt,𠰘念徳彌陀冲𢚸散亂-𥚇痗𠰘-寔羅𨻫枉學道-訴悟至道寔苦拯-𢬣修行寔羅清閑信𣎏佛空修行費功夫空空論呐-叱𢧚𨻫枉唐三藏玄奘啟奏𠊚𠁀執翁柴空徳行修行支𢧚輕-空信念佛求𧗱西方𥙩濫謬-執𠊚道士不肖輕欺𦥃徳老子-執儒家士人不肖輕-徳孔子𠊚智箕拯執𠊚不肖補𢈱呐先聖台况支𠉞執𠊚徒弟不肖輕欺𦥃徳教主-唐太宗皇帝呐-三藏玄奘如圍朕願供蔑壇齋僧祈超朱九玄七祖朕𧡊各柴修空𣎏位芇徳行信濫牢𠾦𣇞三藏玄奘啟奏𡽫崑𣎏玉拯沛全玉歇沛--共𥒥--台滝麗生産--拱沛-共𡎛-坦核-擼𢧚形位羅漢恭敬禮拜福如東海銅𨭡𨨲鐵𨯹𢧚位佛毁壞妬磊齊𡽫高𡥵𧍰朋𥑥箕雖羅伮行風行雨支拯鄧陛下祈雨沛細庙𡥵𧍰坦祈禱-翁柴凡降福朱埃鄧𠉞陛下悶濫祈超拔薦齋僧賑濟沛𠫾細-求𥛉-翁柴凡買𣎏福唐太宗𦖑呐恍驚朕自𣈜𠉞細𡢐䀡𧡊柴沙彌共各道童朕敬禮如佛冲時代妬冲朝外郡嘆喂太宗皇帝些𠁀𠓀-𥞖福𡗉𤯑𦖑徳柴玄奘講道理即時醒悟𣇜意每𠊚調𠰙徳柴玄奘啟奏寔咍古徳𣎏呐至理一言轉凡成聖徳潤禅師演𢈱如如居士呐低別號如如居士翁户顔𠸜丙編文尼敬勸𠊚𠁀𠡚念佛徳顔丙呐𨕭自𡓮天子𠁑𦥃堛四民埃埃每𠊚-調傷惜身穢濁尼-埃別丐身尼伮羅檜㭲𠦳閍役苦蔑-病患-埃埃-每𣇞每刻貪悶五欲快樂空曉鄧事快樂尼檜㭲苦底𠁀𡢐教主邊仙家徳老子𣎏呐吾有大患為吾有身吾苦無身何患之有刦浮生尼伮𣩂-兜𣎏鄧𣄒𥹰𡎝尼原殻尼精吒血媄𫃚幻空𥾽-支對局耒拱沛銷滅冲世間低𠊚長夀妬福埋鄧糁𠃩𠽖𢆫耒拱補命𠊚殺生害物-報短命𠄩𠀧𨒒𢆫拱被夭死吏𣎏𣈜𠉞空曉役𣈜-𣎏𠊚糁𠃩𣇞最-樣𦓡𥄭辭別堆𨃐𠁑樣𠀧𡬷唏咀-耒伮空阻吏𠓻寔𠦳𢆥離別先聖呐杳杳黄泉路冥冥地府關只見多人去不見一人還丐身尼𣎏𡊲芇寳重𣄒𠁀每𠊚沛被伮嚉𠶏筋-問罷𡱩𩩫枯如帒䏧𫋻蔑埬𩩫𦧘𣭜𩯀-𢬣𪘵𦛜渃眜𪖫痰渃𠰘笘吏如蔑埬坋涂欣茹厠務冬冷𣱾務复燶𤎐每𢆥𠊚𠊚調沛被病--𤯨𠃣𣈜𧋟蠓𧏶蠟-吏哏常𢆥--蹺邊𧋆虸身尼空𢧚-悗姅每𠊚𠡚念佛求願-塊滝迷𤅶苦據牢𠊚迷昧箕唉-喯聾性風流-𥊖𪾤生心顛倒𣎏𠊚-𨕭頭𩩫枯粧點𢩮簮華簮草𣎏𠊚邊帒䏧咴腿麝-香衝渃𦹳𢬗粉-郎歇堛縐繞𫃵錦𠆳-埬𧖱-綢繡-𨕭丐桶洳穢每𣈜調用心奸貪𤾓斫𠦳計算信𣄒𠁀𠦳閍𢆥古徳呐但顧前非慮後空曉丐頭壹𡥵眜矑空-羅徳閻主差𠊚探咏吏添𩯀華-𪘵聾唻拯-鬼無常𠳚信𠳨𣄒𡊲芇世間低每𠊚貪財沈色調寔蔑塘則喪身失命如茹夏𤤰桀被娘妹喜茹商𤤰紂被娘穌妲己茹周幽王被娘褒姒自女色妬喪身亡國每𣈜沈醝𨢇𦧘空沛羅-朱溇㭲地獄咍牢𠓀𡥵眜算信𢝙暢蔑𠁀兜曉身𡢐𠺥苦囚閍刦蔑埋根命悶絶耒身尼被業風𠺙如釖-割𠛌外時𢬣蹎--冲時肝𫆧𤴬壹斷膓油-𡥵傷惜空𣎏計支扲撞吏朱鄧油𦓡三族内外苔茹𣎏𠊚芇替命朱𨉟𠊚𤯨嘆哭𢞂愁別羅澄芇𠊚𣩂神魂𩢦𩧍逸𣇞蹺鬼使𠓀塘空𧡊映創支𥊚𥊚𨷑𡥵眜䀡朱紀-𡥵嬰㛪空𧡊鬼使引戈梂奈河𧡊每𠊚𩈘𪵟悲泪悽惨𨀈𠓨𨵣隘鬼使耒𠫾細妬䀡𧡊自然泪下辭塵𣃣鄧罷𣈜準陰府遊歷鄧-𨵣獄耒各曹官揞簿按-空𣎏情為𠊚芇牛頭鬼使捻釘鈀鈽銅𥪸候迎接𫀢-部靣伮空傷悗-𠊚凈信男女𣈜平生濫苓修徳𣈜𠉞𪧍妬閻主𠰺冘幢旛寳蓋仙童仙鶴-𧗱𡎝仙𡎝𡗶𡎝人間凶徒惡党在世-㑏時𣎏主獄接請朱預席享用鑊油𤐝爐焒𡶀刀𣈜𠓀𨕭𠁀𦖑埃呐役因果報應噲羅荒唐嚉假𦥃會尼結局買曉各調呐𠓀妬空差惏冲孼鏡臺每役苓役㑏現-𠼵-油誑𥚇-劍長苦-呌奈冲準夜臺每-徒形器𧡊𤴬壹𡃊𡄎𡶀-核劍咹空歇各-徒刑罪芒𣯡隊𧤁填-罪業空耒油茹-𣎏𡘯宻穌肝-拯塊細𠓀-住鬼使𨆝頭𠺥刑油埃謗佛毁僧不過姅-𠓀閻主𨆝跪𥛉如三千魂魄鬼使引𧗱坐獄陰司死屍𦣰冲棺材妬或底吏𠀧𣈜𠄼𣈜共底吏𦒹罷𣎃--𧋆虸𧖱-咴腿熏-𠺥空浽茹空錢𧵑支𤼵朱蔑烸焒焚化朱耒茹有力𣎏體靣妬尋龍點穴埋塟閍-荒山𣈜𠓀春色紅顔嵬梧嗔卒𤯑𦥃𣈜𠉞結局阻𢧚蔑埬-殘-𠓀-𡢐𩩫枯冷𣱾別羅澄芇化濫蔑塸坦自𣈜元配𦥃𠉞-𠽖秋餘--頭邑𢬣-恩愛𢭲𡆁𦥃𠉞陰陽隔別耒拱一塲空自𠓀累朝帝王歷大候主𠾦𣇞低𣎏𧡊位芇兜邊-𦹵葚孕蔑-𥒥牌冲準棱荒𠉜絏錢-鉑哭計𠃣㗂雷崔辭別各翁各妑想察細到頭結局-埃鄧脱塊-尼各善男信女𠾦𣇞低悶-朱塊車輪廻歇𠫾塘生死尼姅時沛歸投佛法尋師訪道精進修行買脱塊停𣄒冲𡎟鬼濫計𤯨沛別冲身些低𣎏蔑位真佛𣄒冲𠊚𤳆𠊚𡛔當𢧚修行𦓅-志向修行成佛沛𣭻尋塘生路𠡚飭修𢥈丐身𡢐停依蹺業舊濫𡗉條夢幻𣈜𠉞底𠻷戈𣈜-𨁮攄惏戈𣅶青春--遣朱𠁀𡢐哭計𠊚𠁀𡢐𡻓𡻓-高埬𩩫枯徳阿彌陀佛寔-念渚呐臺蓮-邊境西方羅嚉假徳閻君-空傷恄埃停-𦥃閻廷摳動釘鈀鈽銅危𤯑-補業㑏𠓀妬𠡚修役福徳咹齋念佛𠾦𣇞低趿衆-冲大衆勸教修行𧗱茹-茹妬𠰺役修行遣朱每𡊲調別覺悟𠰺每𠊚調鄧脱塊沈淪苦海佛呐𢈱-𨉟空信埃呐買信道佛𨉟空修道恪苦修請泣歇每𠊚沛𣭻𣭻努力修行古徳𣎏呐此身不向今生度更待何時度此身渚底刦尼𨻫戈𠾦𣇞孟-空𢥈修行對頭結局惜兜𣎏趿供養尊師祭文撩-陰陽𢚸華月空空色色迻渡造化裊輪廻去去來來頭𥒥-梗華𩙻-柴唉持句貝葉隻𨆡扲梗𦰤騎嘆柴它𧗱準天台𢖵徳柴𠸗憐憫𠀧𠦳世界虛明蔑-靈臺𤾓行唉𪯾𧷺性分姅點空--塵埃反妄-真頭佛仍𣈜--背塵合覺出家自課𨒒𠄩-道位𠮾唁惇罕塵緣𠺙俗𦀵菩提濫伴醯訶清凈趣𢝙娘梞金剛尋覺路𠦳重𡻓𡻓𨁡船般若另迷津-杖潙潙福度𠊚慧化𠊚𠊚福慧𦊚方屯待慈𢝙衆悲救衆衆慈悲蔑樣-𥕄過河澗吏東軒𤊧𤊧𧡊春山-紫𠓨溪崙-𡓁-漏漏䀡秋水𤎜𤊢觀音散佛手湯恩三藐待調𡘯閉濟生膏甘露飲徳大乘潤泣𡛔𤳆愛物羅𢚸恒𣎏傷𠊚苦海好生意徳存濟度衆凡堦𨁡教釋明心見性𠺥恩𤤰度牒龍牌𦎛智慧𤐝𢚸㐌𤎜粉君王-𩈘添鮮-崇徳𨁪𠸗平夀域伵柴蒙痗境凈邦準舊-玄途柴弗賒𨔈喂𠺵醝𤾓𢆫占包𥏿霜淡𠀧秋渃眜𨱽準禅堂咏𡲈冲外尼凈室--𡢐𠓀𡗶撑唉𩆪𩂟別埃𢭄-𩄎𥘶𩂁奇棱-葚𧅕別埃𢘾扽㭲𤼵-柴吏天堂埃底行苓排𠓀𩈘柴𧗱極樂埃吹𢈱道透𠓨𦖻道慈悲俸化愁悲-支噲兼悲崔㐌傷悲萬古𠊚仁義㐌𢧚斷義-支浪合義崔它義別千秋𠉞-低𧅕府幔圍𣎏欺𧡊𧡊𧜖𧡊香殘𤌋冷--妬𪿙濃-垃-支𥆾𥆾𧜖𥆾粉-崙-𠊚功徳𩛂鐃趿攑道伵柴包課𢢯-禮用單車𢚸謹念𠄩𡗶生毓𨉟冘弔祭胣極窮蔑-悲埃淡水粗茶潙酌𠀧旬尼殯室善男信女𩠴𤼸𦊚𥛉𠓀棺材樂羅器祭羅文𠀧鑊糁-姅𡮈芇通𠃩-戒於心齋於性𠃩𡗶𨒒坦蔑誠-塊𠀧災靈油證生-蔑席祝匪願本道衆碎伏維尚嚮中峰禅師濫排歌勸𠊚念佛𡎝娑婆尼𠺥苦呐空窮𠃣埃別察𡎝娑婆尼寔羅拯苦自天子以至四民用丐苦尼噲羅逍遥快樂拱如鵸籠--濫牢空怍-渃㵢似如𩵜域貪𠻽兜𣎏咍被塘--甘心𢝙𣄒𡊲苦𠨪𦣰冲子宫𧖱-終頭-餒朱𡘯病無明化𢧚蔑𡥵虫毒碩-𠀧𡬷唏歇阻化-蔑埬-殘-墫𠁑坦𦒹塘-𪧍空𣎏--𤾓𠦳閍刦𠺥各役𤴬疸𡎝娑婆尼𢖵精吒血娘𢧚形𦘱沛𣎏被役𦝉苦𡎝尼春生夏長秋收東殘𡥵𠊚每𣈜𦓅要欲細冲身四大苦調治𠉞燶-冷咍生各病患𡎝尼夀享罷𨒒𢆫𠃣𣎏𣈜𣎃如迻-杆無常𢶢-𡎝尼三族吒媄---悗沛𣎏𣈜支離分隔𡎝尼仇敵冤讐𣎏𣈜冤讐會吏不共戴天𡎝尼𠨪娘𩟡冷濫咹空-身形-奢咴腿𥊖跪𠸍-𦒹根--𡎝尼--被冲塘生死連塸-㙤𡌢核𦹵蔠荄濫棱坦𥒥𡶀𡽫滝𤅶瀝𤀖穢濁苦𣲆𡎝尼雙林寂滅耒會龍華箕渚𦥃徳觀音徳勢至柱求名號𡎝尼邪魔外道--𠊚修行真正女色嫩娜嚉𠰳𠊚修行𡎝尼虎狼獅子毒虫獸㑏魑魅𤊥--㗂邪諸位仁者尼如-沛𣭻勤-努力𠡚念徳阿彌陀佛辭者世界憂煩尼歇檜j㭲苦𡎝娑婆低,Nom
16_phat_bo_de_tam_van_no.txt,中峰禅獅編排歌勸𠊚念佛西方𢝙西方𢝙-埃別境西方局安𢝙無窮無盡冲國土人民受享逍遥快樂空分冷𣱾燶𤎐拱空輪廻三途六道𣄒冲花蓮𣃣露頭-魯𦖻連𦖑㗂法𢭲樂𡗶--𢢲𢝙玉琉璃濫坦映𤊢瀝𥿺𡏧洳珠寶鉑-孕𢧚濫楼臺宫殿仍徒衣寶卒物食珍饈玉饌高𢀨榮曜無窮夀命𤯨𥹰無数邉境西方華蓮𦝉𨉟-空𣎏役生𦝉困苦妬空𣎏-𩄎空丐苦𦓅要身躰𦹳𠮾空𣎏𤴬瘖病患支拱空𣎏丐苦𣩂境西方吒媄--拱空空𣎏丐苦傷悗𡆁耒分離妬𠊚堛上善俱會空丐苦冤仇笘吏境西方𠊚相好光明凭-冲𨉟𣾼毫光鄧果佛無生核寶-行楼高罷寳花蓮𦬑-𦊚色境西方徳阿彌陀佛現在𠾦𣇞當説法徳觀音-至伴苓-些西方𠊚佛全蔑-空𣎏鬼魔外道-𨁪鄧正報冲瀝𤊧焒空𣎏身形女人箕渃𪀄核棱呐哰㗂法牟冉世界西方𢝙卒呐計空窮-空呐朱歇諸位善男信女尼沛尋明師開心指教火速勤急𠡚念名號徳阿彌陀佛𡢐耒享局𢝙邉境西方妬隱語醒世文冲天下低𨕭自各𥪸帝王公侯相帥𠁑𦥃項四民士農工商男婦老幼歇汰調沛𣎏親近𠀧𠊚大善知識尼𠊚次壹𠸜羅至尊𠊚次𠄩𠸜羅至親𠊚次𠀧𠸜羅至愛衆些沛𠫾細𠀧𠊚妬疎呐拜別鄧辭塵因位刦𠓀衆碎-惡業溇𠫅𣈜𠉞沛被累𠫾冲塘生死杆大限㐌臨頭仰𪱯量𠀧位慈悲顧及助念迻衆碎-塘徳至尊呐如圍𣈜平生𠊚𠃣欺往來親近𢚸空𢛨情空納空醒覺囬心轉意照顧細些碩𦥃𣈜𠉞𠊚辭塵逝世𠊚𣎏福-鄧𠀧𨒒𠀧𡎝𡗶𠊚-沙𠓨十八層地獄些-𣎏心願慈悲威神-力𠫾𦥃助念役意𠊚塊疎呐徳至尊属𧗱分道徳𠊚至親呐如圍生平注被碎𦀾𫃚空鄧清閑自在沛濫蔑𠊚客風塵陵-芒𢥈愁𡗉役險危--塘罪磊溇𠫆位碎注被禍害呐計-坤掣注𢭲碎頭挹𢬣𢶒情深面熟𣈜𠉞注辭塵碎𠡚迻注細姅塘碎嗔辭別阻吏蔑𨀈姅碎空移𠊚至親属𧗱分-𡥵𠊚至愛呐如圍碎察吏冲世間尼空埃鄧𢚸胣如注𣄒𢭲碎自始至終厚待竜竜空欺芇𧡊-薄待注傷悗碎無窮無盡隔𩈘碎時注𢖵咏形碎時注𪱯塘𠫾隔阻千山萬水油𣎏苦-格姨注拱踖𨉟𨁮-尋-嗔鄧𧡊𩈘碎耒買匪𢚸注懷-𣈜𠉞注不行辭塵默油情注𠫾𣎏條律芇買𠰺碎沛𠫾迻注𠊚至愛尼属衛分-鉑家産古徳𣎏呐萬般将不去惟友業随身義羅終局耒閍物支調沛補想吏𣎏蔑分道徳苓㑏冘蹺鄧釋迦佛略史演義徳釋-佛祖血名悉達多𠊚羅太子𡾵𢀨𡥵𤤰首圖馱那即凈飯王在世界印度中天竺渃迦琵羅衛聖母𠸜羅摩耶夫人𣇞生𠊚-在冲園嵐琵尼時𣎏蔑位梵天帝釋即天主冘𪧍蔑丐天衣默𠓨朱徳太子生𠊚-耒週身𠓀肊現浽𣎏字卐共羅𠀧𨒒𠄩丐相卒糁逐法寶邏𠊚𠫾罷𨀈𤼵聲呐如圍𨕭𡗶共𠁑世間蔑𨉟些𥪸堛至尊徳聖母摩耶生太子鄧罷𣈜耒時聖母命終妑姨母𠸜羅摩訶波闍波提承接餒㨢太子坤𡘯性情清雅敬𠊚皮𨕭傷𠊚堛下受業學行共各荘賢儒冲渃役聰明𧵑-敏捷超欣各荘大家名士形象-武相武藝奇調精通凡冲世間尼或羅才能支共經史議論天文地理算術射御悉奇-調通曉五天印度破擛歇異端左道𣎏蔑𣈜妬太子啟奏𢭲父王朱法𡥵遊歷玩景城外父王𠊚準奏傳𠰺臣屬官僚護駕随從-𠫾-䀡𧡊-𠊚當𦓿𤲌辛勤暴露被𪱆染--𦡟冲身形湓坦-----咴沚-滛洟𦀊-時撞𠁑咽喉𧖱沚滛洟瀝𡋿䏧𦧘𦓿栗阻坦-耒𧍝虫蜅-陵-𠊚𦓿𠫾戈𣃣耒𪀄𩾷𩙻蹺𡢐㖼咹太子䀡𧡊每役如-耒冲𢚸乾添𢥈愁--𢪀𠁑世間尼𣎏各苦如-傳𠰺左右官僚𠫾戈塘𨵣城-東䀡𧡊蔑翁𦓅頭萡𪘵-䏧㘖用形容瘖顛𦡟-𠫾時-細我𨆢䏧包𩩫𢬣蹎-翌唏咀-冲皼𠺟-如㗂-鋸太子䀡𧡊-耒買𠳨左右𠊚支如-𣎏蔑𨉟雅如-咍羅歇汰奇世間拱同如-各官啟白𠊚形状如-噲羅翁𦓅歇汰奇𠊚𠁀𡢐啐耒拱同蔑躰太子吏𠳨身形些低𣈜𡢐𣎏𦓅如-咍空各官-𢈱拱𦓅如-太子傳令反駕衛朝𡓮--念𢪀想父王𦖑行各官述𡀯-耒吏--懺添徒五欲寔叱非常鄧朱適𢢲𢚸太子戈𡢐太子嗔法𠫾-𨔈𨵣城-南碩䀡𧡊蔑𠊚病銷𩩫露外䏧時黃疸唏咀時要𤷱臻阻呌嘆太子𧡊耒每各官-𢈱悉奇𦓅-𡛔𤳆調拯塊病無常尼太子𠰺左右反駕回宫𡓮-念𢪀想𡢐耒-𠰺𠫾戈𨵣城-西-𧡊外路𣎏蔑段迻迍送塟死屍局叱𢧚穌吒媄-𡥵嬰㛪三族六身眷屬圍-嘆哭𠊚時補𩯀捨𠊚時抌冲肊珠沈泪下如𩄎太子𦖑𧡊如-耒冲𢚸愁惨吏𠳨左右-𢈱呐𠊚尼伮補身命耒自低𧗱𡢐拯-𧡊吒媄嬰俺-𡥵支奇各役恩情蔑吝尼耒時離別𠦳秋拯欺芇𧡊𩈘𡆁姅朱𢧚呌羅死屍悉奇衆生杆大限箕-𦥃耒拱同如-太子𦖑呐-耒𠰺反駕回宫𡓮濫聲想如𠓀𡢐耒𠫾-𦥃𨵣城-北碩䀡𧡊蔑位禅師𫙂𩯀支㓤歇冲𨉟-丐衣僧伽黎排陳𦢳邉右𢬣𢶢核錫杖𦢳時芒𤭸鉢威儀凭-𠫾𨀈腫𣦎-台𥘪-細𠓀蔑尋拯兮䀡戈𥆁吏太子𨀈細疎𠳨禅師𣭻買-𢈱些寔羅柴比丘破散鄧𦒹-賊煩惱拯𣎏𠺥身形𡢐姅太子𦖑呐功徳出家如-冲𢚸快樂-太子呐寔羅寳重冲𡎝天人低翁禅師尼高𢀨寔寳重𣈜𠉞𢚸些决志出家修行訴透𡊲至道濫佛當時生太子-𣎏各位相師占相命徳太子𦓡呐如圍如太子𠊚𣄒在家治國時𥪸濫蔑位盟主連奇環球如𠊚出家修持-𣎏蔑丐相成佛父王𦖑耒𥙩濫𢥈愁太子𢆫𣃣𨒒罷父王𠊚𠫾𡠣-朱太子𠸜羅耶輸陀羅容顔窈窕資格端正聰明賢徳每𠊚𧡊調傷悗太子用真情夭𨁪𡢐生鄧蔑𠊚𡥵特𠸜羅羅侯羅𡢐耒選𡠣妑鹿王妑瞿夷-妑夫人姅充𠓨冲三宫父王𠊚建造添宫殿雄壮華麗巍峩共羅設立梨庭華園核𦹳𦹵卒-各類珍禽異獸底𠓨各境選攄芳菲青春彩女䏧如𢬗粉𢬣𠍵𦱊𡽫每𣈜調侯𧵆太子𢝙適𢚸胣鄧减扒精神修念凡冲世間尼各役五欲𢝙暢空𣎏物支吵太子雖羅享各役富貴高𢀨榮華如-搊--丐身𧵑-拱如𡥵𩵜鯨鯢箕挵冲𡊱埮妬拱如𪀄大鵬𣄒冲-𪀄蝼心志𧵑-悶𡊲高𢌌玲瓏如躰𡗶坦箕䀡紀訴各役𢝙暢𠓀𡥵眜低如-𩄎浽箕𧡊𧵆邉-仍羅𪵟蚕眜鳳𦟐粉𠻽崙想拱如蔑𠺵𪀄包妬-呐吏如圍冲世間低閍役支支𢝙暢妬調寔羅境非常嚉假如𡗶𩅀打𥒥焒-箕-眜耒戈𠁀恪當時太子𢆫𣃣𨒒𠃩𢆥壬申𣎃-𣈜蒙罷𢖵吏𦥃𣈜出家投佛𪡷細更-𣎀咏冲三宫六院眷屬冲朝外郡歇汰𠺵槐-唉醝迷𠦳核閍𦹵汰調咏-𠊚共物--如詞-𠰺車匿大臣𢩮𡥵-𤜬多--鞍𣃣耒-𨀈-𦡟-脱-塊宫殿自𨵣北門直指𣦎𠓨冲𡽫撑𩄎泊察透訴鄧𡊲真理𨁮𠫾細滝亞洛馬-鞍共徒敕服遣使交朱車匿衛朝拜謝父王自妬-𠫾步細渃妬呌羅摩謁陀丐府地頭呌羅拉蝦格利哈𡢐𨁮𠫾細丐𡶀烏毋威拉姅暈𩈘月䀡㐌𥪸頭𦹵核俸--𠺙松嘹猿吁蔑𨉟𣄒準𡽫高境咏渴時--源桃𩟡時蘿松拖胣𧡊躰如-埃拱斷膓-拱𥾽志𣄒妬-想修念學𢭲-柴隱士道教婆羅門-濫弟子𠃣𣈜𡢐𥹰耒-別羅外道異端無益-補𠫾姅當時𣎏𠄼𠊚𠫾蹺蔑憍陳如-摩訶男𠀧婆沙波𦊚阿説示𠄼跋提𠫾𦥃丐棱布烏達加觀想禅定鄧-𢆥--味艱難辛苦拯別𥙩支搊--苦行尼拱渚旬𧡊訴智玄玅英靈支渚透鄧玄機至道-自低-𣦎𡶀伽闍俗呌羅雪領山修行寔苦行𣄒預𧵆-滝尼連精進修梵行心清凈與戒法辭補𡾵高𢀨萬乘甘心𠺥苦𩟡冷𦒹𢆥-䏧包𩩫𩾷濫-𦝉𨕭頭-蝒𢬥䋥𠁑蒸𪵟-𦒹𢆥耒-𡓮-𢪀修行苦尼苦浽孕𢧚𡊲志道道脉𢘾役咹𠶖𦓡-大命尼𢘾役咹𠶖鄧𤯨低𠾦𣇞些沛咹𠶖𡢐耒買證果佛自𡊲𡓮妬-𥪸-𠫾𪧍滝尼連沁澮𣃣耒兜𣎏𦊚𠊚𡥵𡛔𤠶𤞨-𣳪𤍇冘𤼸朱菩薩自低𧗱𡢐稱-羅菩薩𠺥𠶖𣳪𣃣耒冲身心復倍精神快𡙁壮氣充足如-買濫𢧚道當時𣎏蔑位天主揞蔑抪𦹵𦹳冘細𤼸朱菩薩-𠺥拱𦹵耒𣦆--濫𡊲𡓮依蹺佛𠁀過去箕𡀮些拯𢧚堛正覺誓拯淶座𦹵尼-𡓮𠁑檜㭲菩提觀想-念考究尋訴𡊲至道-𤼵𢈱誓呐些朋渚𢧚道𡓮低空欺芇𥪸-𣎏蔑𣎀妬𣋀--㕲創-𤼵明𡊲玄妙哲學真理道心𧵑--𤎜拱如花蓮箕𦬑蓬𣎏光明神智-映心-修真悟道耒釋-佛忍辱修苦行𣄒𡽫雪嶺𨒒-𢆥指訴𠼵䋦大道冲世間印度䀡𧡊窮源哲學耒當時妬世界印度-破揲除歇風波左道異端鄧濟度𠊚𠁀-塊𡊲昏迷失性-下山説法教化計鄧𦊚𨒒𠃩𢆥南天竺北天竺東天竺西天竺中天竺世界五天印度冲同胞社會應現-𤎜放現-毫光真理𠁀妬稱羅五教蔑羅會華嚴-羅會方等𠀧羅會般若𦊚羅會法華𠄼羅會涅槃自低道佛-力威神大振起頭自𡎝印度冲理高溇牟-法中道法權法寔傳播泣-列國諸侯道佛尼𣎏-自徳釋-佛孕𢧚釋-佛降生救世-堛學冲𡎝印度歇汰雅調𡄎恄悶濫仍役穢辱朱佛冲社會人心汰調沛-雅𤀖冷愁惨別羅澄芇仍𦓡徳釋-佛慷愾-𠡚志挭-䋦道用理至道立教法冘聖徳-𠰺𠊚如𩈘𡗶箕𤑍㕲-天魔外道支汰調-𨁪朱𢧚國王世界印度鄧𨷑時運維新-冲時期意徳釋-佛祖春秋-鄧糁𨒒娘杜在城,Nom
16_phat_bo_de_tam_van_no.txt,拘尸那伽𣎏-核娑羅冲四衆天龍八部𠓀𡢐圍-戈𦥃𢆥癸酉𣎃-𣈜𦝃-入禅定𨕭丐𠍵琉璃罷寳𦣰硯邉右頭𩠴-方北蹎指𣦎方南靣部𥘪𧗱方西𦡟-衛方東徳釋-佛祖降生𢆥甲寅𣎃𦊛𣈜朦糁𦥃𢆥癸酉𣎃-𦝃𣈜時佛買收神涅槃歸位共計糁𨒒𢆥拯佛史略終覺海寺釋慈風倡明佛學編文佈告論朱訴冲𡊲至理時代古今拯同在據濫牢𦓡空同空支邏局世愈收愈下彩文明妬添𡗉罷意朱𢧚人心不古自𣈜𠉞苙細情状人物轉變細懷諸位和尚沛察朱紀綱-丐理沛-𢷮躰奇𡗶坦江山風景滄海桑田沛局𢷮台况支𠊚𠁀𠉞役學識𡊲知見𧵑𠊚㐌恪耒群如宗教佛些低依蹺如𠸗-苦浽成立冲正理宗教茹佛羅檜㭲奇𧵑萬靈--扶持人羣社會𦥃𣈜𠉞同胞社會調脱俗趨時進𤼵宗教佛寔羅原質𧵑-柴修各-拯𢖵句經者萬載之常權者一時之用不在守經而在行權拯濫鄧身男子時崔𠉞鄧𥪸濫荘男子𣈜沛-資格知時識務通權達變諸位𠅳主義妬時債逆冲時大-畑茹佛沛𥊚最當時低冲奇環球鼎新時代𫘑𡥵眜䀡朱紀歐州亜州各𥪸冲堛至人共羅-荘賢哲徳修業進𠡚修塘道徳業士農工商寔行進步𠊚歇𢚸𧗱事同胞𥙩冲真理𡊲至道冘-𫘑𢌌塲道徳智慧冲社會吧振準志氣後昆福利-同胞共乳每𠊚調各盡其聀彩文物各州映𤊢-文明列國𧼋霖霖役思想𧵑𠊚𠁀𠸗-𢭲𠊚𠁀𠉞隔別拱如𡗶𢭲坦原因在兜𦓡隔別如-空邏支𠊚𠁀𠸗吵飭經驗𠾦𣇞各支派些低悶朱𣭻𥘪𧡊局利益朱同胞福徳潤雅冲四民茹拱空㨂𨵣塘拯𢹦𧵑淶每茹安居樂業坐享太平快樂現在低朱𦥃𠁀未來箕想吏拯苦支有志事竟成苦心天不負諸山沛𢖵吏釋-佛祖高𢀨堛至尊𣄒𨕭地球尼擛補辭𡾵𤤰妬-番拜謝父皇共羅良妻愛子迍𨖲𡽫雪嶺隱修𨒒-𢆥研究訴透鄧𡊲至道耒用聖徳冘-濟度𠊚𠁀丐苦妬別羅澄芇𣈜𠉞高僧衆徳團-聯絡𢧚耒現出精神協力建立學堂自學堂尼時結果鄧先聖𣎏呐此之一學最妙最玄蔑役學尼濫頭𠓀三界聖賢諸山情同志合尊崇教法荘嚴𡾵三寳吏道佛傳播普通耒𤳆苓𡛔信𧡊-調𤼵心正信𢝙𢢲冲𡋂道徳宗教茹佛進𤼵乾添訴𤎜諸位沛𢪀察朱溇𠸗𠉞閍物支支自𡊲粗-箕積年累月轉造伮吏阻𢧚蔑物寶卒冲𠁀徳弘贊𣎏呐紇玉箕伮-拯伋鄧英良工伮沛𠺥濫蔑局𥒥-𥪸濫𡥵𠊚空學拱如-𦧘別𠫾死屍箕別𧼋譬如屏風鏡箕性質伮寔羅蔑物訴創𡀮如伮空𢘾飭𠊚-𢬗伮停𠺥濫没--坦檜㭲冲閍物丐理𧼋如-諸位轉眼力朱精神䀡紀宗教各州箕渚-鄧朱超常𦥃蔑𣈜𠉞𠊚整修吏立𢧚團躰結果鄧荘出家男女徒法服分別荘嚴𡊲舉止進退細行冲每處建立聖堂孕𢧚壮麗巍峩𤈜映雄飛冲天下徒--𥪸--蔑版圖𠉞研究-渚𧡊宗教芇朱超常補扒舊習共冲社會合同進步𣈜𠉞用冲時期𦓡論-妬宗教耶穌各位柴奇出現精神吐盡運轉振動𨕭地球各宗教苦皮-﨤雖--吏船艚唉群薄弱拯-飭支𦓡-𤅶論冲宗教茹佛些船艚寔叱𢧚穌奇-位-柴奇𧵑些空朱精神顯露-群如事運轉制度物支拙劣空-飭支-𤅶𠾦𣇞低宗教佛衆些羅蔑𠊚正使𧵑徳如來𠡚濫朱𧷺責任妬沛𣭻修整佛法吏應現蹺時代買適𢢲人情濫每役支-𣎏𡊲利渃福民-𢩮後來-塘光命𡀮如各-安-傾𢬣坐觀成敗盧盧戈𣇜時群姨𣈜𣇞𠼵𠺥𣄒冲茹黑暗𠾦𣇞低㐌𦥃時期倡明佛學群底-𪡷𣈜芇姅宗教本分𨉟責任拯曉鄧宗旨𣄒兜濫牢別鄧丐𠸜各宗教箕碎𠃩䀡各宗教性質-躰芇求朱鄧蔑宗教完全耒合共社會振𤼵買鄧𣎀-更-碎-𢪀𡀮底蔑𣈜戈蔑𣈜龍蛇雜亂苦浽分𠊚𠁀𧡊-𠃣埃信想如-衆些低生者無益於當時死者無益於後世冤枉㗂濫弟子佛損害尼𥙩濫甚至碎𧡊-條弊如-兜𦬑恬然坐視諸山禅徳沛察𢪀事不得已昆塘𠫾箕連朋卒碎兜𦬑北梂支𠊚𠁀空病患兜𣎏尋𤝞茦牟濫-𢚸碎切誠感念各荘後學群最迷別埃忌-𩄎𥘶𩂁𣎏埃𢘾-㭲𤼵-𠉞碎辨白𡗉𢈱利害分訴𠼵𥘶真理鄧摇𢩮笠𡢐進步先聖𣎏呐己欲立而立人己欲達而達人豈不快哉假使各-底位佛𨕭頭𦓡隊身尼濫樣朱佛𡓮𠫾-𠀧𠦳大千世界𡀮如空𠰺傳正法勸教濟度歇𠊚𠁀-塊車輪廻塘生死啐𡢐耒𣎏丐支𡊰-恩徳朱佛油濫寳-𨒒層蜍佛空𣎏利益支朱佛義羅物成有壞濫牢支朱朋傳𠰺𢭂正法妬𣎏𣈜芇壞鄧佛祖𣎏呐𠰺濟度𠊚𠁀成佛耒𡢐耒𨉟買證果佛冲準地獄箕渚歇誓空濫佛佛祖底𢈱訴𠰺如-衆些牢空依教奉行恨冲本分碎行麗徳薄空𣎏才慧辨支因位碎從事佛爺學道拱㐌深年碎平心𦓡公論空沛𣎏意-支朱𢧚吐𠃣𢈱-㘋渚-支鄧𢈱-𥒥伏望𨕭大徳共諸尊研究古語云大厦之成非一木之材東海之潤非一流之歸覺海寺釋慈風和尚演義覺林寺盛道和尚証明覺圓寺教授慈信印証重刻板𤼵菩提心文流在西寧省禪林寺仝合善男信女等仝奉供藏板堤岸覺海寺大老和尚禪林寺喜供銀七元督府黄氏子奉供弍百元文世祿十五元范氏財五元陳氏偶五元吳從騎十元李氏萬五元姑𠄼儒五元李氏孟三元李氏閍二元范氏堪二元馮氏𠄩二元謝氏恒一元西貢致和郡潘文收二元氏苓一元滀臻省大義村观音寺羯摩弘徳喜供五元鄧氏謂十元阮氏冉五元王氏𠃩五元梁氏营五元鄧氏意五元王氏誅五元雍氏英二元林氏雁二元阮玉苓一元阮氏蘭一元陳氏邏一元黄氏午一元范氏雲一元賴氏容一元謝氏玳二元西寧阮氏非三元郭氏敏三元天運己卯年十月十五日,Nom
3_tale-of-kieu_no.txt,𤾓𢆥𥪞𡎝𠊛些𫳘才𫳘命窖󰑼恄𠑬𣦰戈󰜋局𣷭橷仍調𬂙𧡊㐌𤴬疸𢚸𨓐咦彼嗇斯豐𡗶撑悁貝𦟐紅打慳稿𦹳吝󰇾𠓀畑風情固錄羣傳史撑浪𢆥嘉靖朝明𦊚方滂𣼽𠄩京凭鐄固茄員外户王家資𠉝拱常常堛中󰜋󰜩𡥵次𡦧𢚸王觀󰑼𫳘綏𣳔儒家頭𢚸𠄩婀嫊娥翠翹󰑼姉㛪󰑼翠雲梅骨格雪精神󰜋𠊛󰜋𨤔𨑮分院𨑮雲䀡莊重恪撝囷𦝄𣹓惮󰞺𧍋𦬑囊花唭玉呐端莊𩄲輸渃𩯀雪讓牟䏧翹強色巧𪉽麻搊皮才色吏󰑼分欣澜秋水𤵖春山花慳輸𧺀柳𢤞劍撑󰜋𠄩迎渃迎城色仃𠾕󰜋才仃和𠄩聰明本産資𡗶坡藝詩𪽗󰖌味歌吟宮商漏堛五音藝𥢅咹䋎胡琴󰜋張曲茄𢬣攄𢧚腔󰜋宮薄命吏強󰞽人風流窒墨紅裙春撑執齒細旬及筓淹念帳𢷀幔𩂏墻東螉𧊉𠫾𧗱默埃𣈜春𡥵燕迻梭韶光𠃩𨔿㐌外𦒹𨑮𦹵𡽫撑羨蹎𡗶梗梨𤽸點󰜋𠄽芃花清明𥪞節𣎃𠀧礼󰑼掃墓會󰑼踏青𧵆賒奴𠽋燕鸚姉㛪攕𢯢步行𨔈春習妙才子佳人馭車如渃襖裙如揇袞昂塸埬捁𨖲梭鐄𥿠𫽘烣錢絏𢒎斜斜𩃳我𧗱西姉㛪他矧𢬥𢬣𫥨𧗱𨀈寅蹺𦰟小溪吝䀡風景固皮清清㝹㝹𣳔渃捥𨒺揲梂儒𡮈𡳜𡌿北昂茌茌埝坦边塘油油𦰟𦹵姅鐄姅撑浪牢𥪞節清明麻低香𤌋永腥世麻王觀買引𧵆賒淡仙娘意𠸗󰑼󰞻兒浽名才色󰜋時𠮿嗃外󰘂󰣢咦燕鸚刧紅顔固蒙萌姅澄春脱技梗天香,Nom
3_tale-of-kieu_no.txt,固𠊛客於遠方賒𦖑拱𠽋㗂娘尋𨔈船情皮㨳細尼時佗簪技𤭸淶包𣇞𢩣空𣼽𠖯如祠𨁪車馭㐌𧄈矑𥊚撑哭嘆坤挈事情窖無緣󰋇󰑼命貝些㐌仃緣𠓀拯麻時之𡭧的噲󰑼緣𡢐攕生摄梓車珠𡏧紅󰜋埝默油𦹵花𣦰包兔吝鵶斜意墓無主埃麻𠶇𠶀𢚸兜産󰼲傷心脱𦖑翹㐌潭潭珠沙𤴬疸台分弹󰜏𠳒浪薄命拱󰑼𠳒終𢰺傍之󰋇化工𣈗撑󰍹痗𦟐紅配坡𤯨爫𡞕插𠊛些窖台𣨰𫴋爫魔空𫯳芇𠊛鳳乍鸾終芇𠊛惜綠貪紅󰑼埃㐌空几兑𠊛懷産低些劍󰜋𠄽𤓢香噲󰑼﨤𫽻𡧲塘和󰑼𠊛𤲂󰋞鐄別朱啉𠽍𭝫𠼯𡮈蘇𨀎𡓮𢽼𩠓𠓀墓𨀈𫥨󰜋𡓄𦹵曖𩃳斜𫗄休休𠺙󰜋𢽼芃𦰤隻簪産㩫𠃅頭拍䏧𣘃詠糝勾𦊚韻吏強迷𢠨心神吏強𥪸𨄷秦垠渚𫥨吏強塢𢝀󰞺花愁𣻆䋎綏珠沙𥐆𨱽雲浪姉拱𠽋唭窖餘渃眜哭𠊛古初浪紅顔自課𠸗丐條薄命固除埃兜餒念想旦麻𤴬𧡊𠊛𦣰妬別𡢐世芇觀浪姉呐𫨩牢󰜋𠳒󰑼󰜋運𠓨庫𦖑於低陰氣𥘀泥𩃳朝㐌我𨤵𧗱群賒翹浪仍𠎬才花𣨰󰑼体魄羣󰑼精英易台情吏﨤情除䀡乙𧡊顕灵悲𣇞󰜋𠳒呐渚及䜹丿兜陣𫗄捲旗旦𣦍𠯻𠯻拙祿𢫝𣘃於𥪞羕固香𢒎𠃣𡗉提澄𦰟𫗄吝蹺𨁪𩌂曾𨀈印𧄈伶伶𩈘𥆾埃乃調驚娘浪尼寔精誠拯賒有情些吏﨤些𠤆泥幽顯買󰑼姉㛪㐌𢚸顕現朱䀡謝𢚸娘吏𫃤添𠄽𠳒𢚸䜹淶𣼽徘徊㭲𣘃吏拍󰜋排古詩,Nom
3_tale-of-kieu_no.txt,用浪姅於姅𧗱樂鐄兜㐌㗂𦖑𧵆𧵆𬂙澄𧡊󰜋文人弄𢭾𢬣叩𨀈吝𨤵氷提携𠦻襊𫗄𦝄𡢐蹎蹺󰜋𠄽𠊟𡥵𡥵雪印色馭駒𣆱𦹵坡味襖染𡽫䏧𡗶𡑩賒買𤍊𩈘𠊛客它𫴋馭細坭敘情鞋文吝𨀈𨤵撑󰜋𡓄如体𣘃瓊梗瑤払王悁𩈘𫥨嘲𠄩喬𠲖戾納𠓨𤲂花原𠊛𨒺橘兜賒户金𠸜重本茄簪纓𡋂富厚堛才名文章󰞺坦聰明性𡗶丰姿才貌捽撝𠓨𥪞風雅𫥨外豪花終𨒺刎坦渃茄貝王觀𠓀刎󰑼窗親刎𦖑𦹳𠽋香鄰󰜋𡋂銅雀鎖春𠄩喬渃𡽫隔󰋇𢩣桃仍󰑼濫唒󰠐夭祝蒙枚台邂逅相逢﨤旬𧺃𦲿妥𢚸尋花𩃳紅落𧡊𡑩賒春蘭秋菊𪉽麻奇堆𠊛國色几天才情𥪞如㐌𩈘外羣𠲖執廛干醒干迷󰟱𡓮拯便𠞹𧗱㐱坤𩃳斜如𠽖干𢞂客它𨖲馭𠊛群𥊘蹺𤲂捄渃沚𤄯𤅜边捄絲柳𩃳朝󰑼他翹自𧿨𨃴帳花𩈘𡗶閣𡶀鉦它收空𤗖𦝄隻隻𥉰窗鐄招底渃𣘃篭𩃳𡑝海棠也𦰟東鄰湥霜撩󰠱梗春󰑼陀󰜋命𣼽𥋴𩃳娥𡀷塘𧵆貝餒賒排排𠊛麻旦世時催𠁀繁花拱󰑼𠁀補𠫾𠊛兜﨤𫽻爫之𤾓𫷜別固緣咦𫨩空袞昂𤾓䋦边𢚸𢧚勾絶妙寓𥪞性情征征𩃳月熾𢅆𢭸𢭗边篆󰜋命燒燒脱兜𧡊󰜋小嬌固朝風韻固朝清新霜印𩈘雪坡身蓮鐄朗蕩如𧵆如賒逴𢜠噋𠳨𠻀󰑼桃源落𫮇兜麻旦低𠽔浪声氣𠸗󰅒買共𠑬𣅶班𣈗㐌𫺴寒家於𠃅西阡𤲂𣳔渃沚边𨕭固捄󰋇𢚸下顧旦𠑬󰋇𠳒下賜捻珠招鐄𠳐呈會主䀡詳麻牢𥪞數斷腸固𠸜歐仃果刧因緣共𠊛󰜋會󰜋船兜賒尼𨑮排買買𫥨勾神吏摱筆花𤳰撝翹𠳐領意題排𢬣仙󰜋捤󰖌𨑮曲吟䀡詩𠽋𠴑𠸦󰠐價仃繡口錦心恪常啻󰝂𠓨集斷腸時撩解一之讓朱埃㙴花客㐌阻鞋娘羣扲吏󰜋𠄩敘情𫗄兜摳幅萌萌醒𫥨買別浪命占包𬂙蹺芇𧡊兜芇香乘󰟯唉𫥨𠓨兜低󰜋命量慮更迡塘賒𢪀餒𡢐尼麻驚花㵢䕯𣼸㐌仃別緣命別分命世催餒𥢅笠笠㳥𣼭𢪀𠾕干吏湥洡𠾕干𠰩嬌廛𠯇帳鵉茄萱秩醒𠳨干據咦據牢陳濁更𣅙牟花梨唉潭𣾸湥湄𠽔浪𡭧分𬏝疎養生堆女𩯀絲猪𡊰𣇜𣈜𨔈𡏢淡仙𥃱𠫾脱𧡊應連占包断腸󰑼数世芇排𫥨世意詠𠓨世箕據𥪞夢兆麻推身𡥵催固𫥨咦𣈕𡢐𠰺浪夢幻聀兜俸空模󰞽卓愁𢪀㝹𠳐𠳒勸解湿高渚双條𢪀吏𤁓脈湘外窗兔𠱈莺鐄腋墻芃柳𢒎𨖅󱇩𫣂軒斜搁𩃳迎迎餒𥢅𥢅𢤜𡬷𥢅󰜋命朱𫨩󰑼𥠭有情妬埃󰣞䋦絲萌朱双払金自吏書󰏻餒娘更更边𢚸怲𢚹愁𣁲強拔強𣹓𠀧秋扽吏󰜋𣈗𨱽𡃊𩄲秦錁謹󰏻𦂛𩃳紅料𡑩𠫾𧗱占包旬𦝄鈌𥒃油耗𩈘思想𩈘𢚸嗷喭𢚸𢩣文唏這如銅竹車𣰏兔絲重泛鵉𢅆湘拂拂𫗄弹香𨢟味𢖵茶看喠情啻庄緣𡢻𠀧生𢅆湘拂拂𫗄弹氷傾𢖵景𢖵𠊛𢖵坭奇遇倍移蹎𠫾󰜋澜𦹵木撑荑渃吟𤄯沕𧡊咦女兜𫗄朝如𢭮干愁芃𦰤休乙如牟摡嘹鄭𥢅想𠃣情𡗉侵侵提𡑩藍橋吝𨖅審嚴謹槓高墻𣴓𣳔𦲿𧺀𢴑塘𪀄撑盧䜹絲柳𢭾𢅆𡥵莺𭓇呐𨕭梗𠸍𠶣󰋇吝󰘂埬杄掑𣹓㙴花用別𠊛於兜秦垠𥪸𠁸𣇞𥹰𨄹𨒺秩𧡊𠃅𡢐固茄󰑼茄吳越商家𢩣空底妬𠊛賒猪𧗱𥙩條游𭓇𠳨𠾔襊弹𥝥冊提携撰𨖅固𣘃固跢産床固軒攬翠󰞺鐄渚派𢜠󰠐准意𫳘排𠀧生歐罕緣𡗶之低窗糊姅怯𦑃𩄲墻東𥊘眜𣈗𣈗恒𬂙𡬷𡬼洞錁原封絶𩂟芇𧡊𩃳紅𠓨𫥨忍自館客鄰󰑼旬𦝄點𦵛𫢩它噡𠄩隔墻沛𣇜淹𡗶𤲂桃󰟯固𩃳𠊛切他𡍙琴捉襖倍𫥨香羣𦹳𠽋𠊛它永腥吝蹺墻錦𨄹𨒺𨕭桃落𧡊󰜋梗金釵拁𢬣𢭲𥙩𧗱茄尼𥪞閨閣兜麻旦低𡄎歐𠊛意宝尼庄緣猪易𠓨𢬣埃扲連𢬣𥋴𥊘怲𬛩唉群倘倘香沉猪派散霜㐌𧡊𩃳𠊛𨒺墻𫥨意尋摧謹魚生它固意待除隔墻𨖲㗂賒迻懨𢚸釵尼扒特虚空別兜合浦麻懞珠𧗱㗂翹𦖑律边箕恩𢚸君子詫咦𧵑淶隻釵芇𧵑󰋇𨑮麻𢚸重義輕財挈包生浪鄰里𫥨𠓨𧵆低芇沛𠊛芇賒吹特𣈙𢘾𡭧𦹳淶計它少󰞽𢚸𠊛閉𫢩󰋇𥹰買特󰜋𣈗仃蹎𠴞𡭧念西噲󰑼倍𧗱添𥙩𧵑茄釧鐄堆隻巾𬗢󰜋𣃱堛𩄲䠣𨀈𦰟墻沛𠊛𣋚怒𤑟𤉜庄㖇𠶤𠼾󰇾意揬提几𥆾羨𩈘𠊛𠲖儈頭浪自偶尔﨤𠑬󰠐𬂙濫𢖵闭𥹰㐌𤶐𩩫梅并㐌輸󰍹吝𩢬埃別唉群𣋚󰅒𣎃𧷺如𠳚宮𩄲陳陳󰜋分挹𣘃㐌料便低吀󰜋𠄩條臺𦎛𤐝旦𨁪䕯朱庄垠魚娘買𠽔浪腿茄氷雪質恒菲葑油欺𦲿𧺀𥿗紅𢧚庄時拱在𢚸媄吒𥘀𢚸㤕柳為花𥘷疎㐌別兜麻監𠽔生浪𣈙𫗄𣈕湄𣈗春㐌易情期󰋇欺油庄𪹾𬌓情𬏝舌低麻固益咦旦埃𡭧之哏咘󰜋𠄩朱仃耒仕料排䋦萌囷𤍌油負𡬷誠拱料補過春撑󰜋𠁀量春油決狹𤞑功㧅󱁲拯舌𠻓𡗋油朗𦖑𠳒呐如游朝春易遣󰞺秋𪿒顒浪𥪞𣇜買𨓐𨓡𢘝𢚸固𨤰扲𢚸朱當㐌𢚸君子多忙󰜋𠳒𠳐鑿跢鐄始終特𠳒如𢶒𬌓𢚸󰇾金釵貝巾紅𢭂𢬣浪𤾓𢆥拱自低𧵑信噲󰜋𡭧尼爫𥱬産𢬣巾錦𦑗葵貝梗釵意即時𢬭𢭂󰜋𠳒皮哏漆膠𠃅𡢐󰟯固𠮿嗃㗂𠊛倍傍𦲿用花淶払𧗱院冊娘移樓粧自番跢別歲鐄情強審𤀏胣強謹魚滝湘󰜋解農𣻄边𬂙頭怒边除𡳜箕󰜋墻雪阻霜𩂏信春兜易𠫾𧗱朱能吝吝𣈗𫗄𣈘𦝄疎紅葚綠㐌澄春戈皮𣈗生日外家𨕭双堂𤲂女󰑼𠄩㛪熷𤇊攕𢯢襖袩芹𤼸󰜋礼賒󰝂𡬷誠茹蘭清永󰜋命𡄎机會遇㐌仃𣋚𠉞時珍式式産排𨃴蓮脱脱𨄹𣦍𠃅墻隔花仕𠱆㗂鐄𤲂花𧡊㐌固払𥪸懞責𢚸哬𠾿貝𢚸焒香祝底冷𣼰閉𥹰仍󰑼塔𢖵𢬭愁雪霜染姅𠃅頭花淫娘浪𫗄扒湄扲㐌甘弊貝知音闭迡永茹特𣇜𣋚𫢩𥙩𢚸噲𡭧𫥨低謝𢚸吝蹺𡶀假𠫾𥿺𡳜墻󰟯固𡑩通買樔趂𢬣𨷑錁洞桃𥘶𩄲𬂙𤑟𫮇𠓨天台強𥆾𩈘強添鮮边𠳒萬福边𠳒寒暄聘𦠘𧗱准書軒󱊫𠳒風月𥘀願𡽫滝𨕭㯊筆架詩筒淡清󰜋幅𢂰松撩𨖲風霜特𨤔天然𪉽𠸦󰞺筆強𥆾強鮮生浪樸𪽗皮耒品題吀󰜋𠄽𠳒添花𢬣仙𫗄匝湄沙曠𨕭仃筆草𢽼𦊚勾𠸦才𠾒玉噴珠娘班妸謝拱兜世丕刧修𠸗啻渚𠫆福芇𢩮特價尼朱昂娘浪濫𥉬容光拯𡑝玉佩拱坊金门𢪀命分𤘁𦑃𧋃囷撑別固𣃱𧷺麻𫨩𢖵自𫷜唉踈𬏝據𥪞相法𡗋柴吱𠾦英花𤼵洩𫥨外𠦳秋薄命󰜋𠁀才花𬂙𠊛吏𥋴𠓨些󰜋𠫅󰜋𤘁別󰑼固𢧚生浪邂逅󰑼緣𠸗𫢩人定勝天拱𡗉啻油解結旦條時󰝂鐄跢麻料朱身󰖌條衷曲殷勤𢚸春派派𡃹春藏藏𣈗𢝙𥐆拯𣹓𡬼𬂙𫥨鵶㐌唅𦎛𡽫兑永茄拯便𡓮佳吔払娘買急移窻紗旦茄皮𧡊信茄𠄩親羣󰇾席花渚𧗱󰘂外倍𢷀𢆁𦂛侵侵𨀰𡑩園𣅘󰜋命日踈𦎛燴頭梗𦰟畑𬂙律帳屏𫤾休生群𢭸案燒燒󰇾朝如醒󰇾朝如迷㗂蓮仕動聀槐𩃳𦝄㐌熾花梨吏𧵆冰傾頂󰣣𡽫神群󰣤聀夢𣈘春𢠩忙娘浪曠永𣈘長爲花𢧚沛打塘尋花悲𣇞𤑟𩈘堆些別兜耒女拯󰑼占包倍𢜠爫礼逴𠓨臺蓮𨁡蠟窻桃添香箋誓共草󰜋章𩯀𩄲󰜋󰼲刀鐄𢺹堆彙𦝄域域𡧲𡗶丁寧𠄩𩈘󰜋𠳒双双𩯀絲根紊𡬷𢚸𤾓𫷜鑿󰜋𡨸同旦𩩫𡃹霞聘喠瓊漿󰣥𬗢香論屏𦎛𩃳篭生浪𫗄沫𦝄𤄯閉𥹰𫢩󰜋𡭧𢚸渚甘𣖖霜渚搌梂藍𢜝吝巾過𫥨󰕔所庒娘浪紅葉赤绳󰜋𠳒拱㐌㗂浪相知吀條月怒花箕外𫥨埃吏惜咦貝埃浪𦖑浽㗂琴臺渃𡽫𨻫仍𦗏𦖻鍾期𠽔浪賤技詫之㐌𢚸𠰺旦𠰺時沛𠳐軒𡢐撩産琴𦝄倍傍生㐌𢬣𢪲昂眉娘浪藝闷𥢅西爫之朱𥘀𢚸尼𡗋申攄寅𦀊武𦀊文𦊚𦀊蘇𡮈蹺韻宮商曲兜漢楚戰場𦖑𫥨㗂鉄㗂鐄扦𠑬曲兜司馬鳳求𦖑𦋦如怨如愁沛庄稽康尼曲廣陵󰜋浪華嶽󰜋浪歸雲過𬮦尼曲昭君姅份恋主姅分思家𤄯如㗂鶴𢒎戈濁如渃󰋞買沙姅撝㗂寬如𫗄倘外㗂毛泣泣如𡗶睹湄𦰟畑欺𤍄欺𢠩遣𠊛𡓮妬拱魚謹愁欺𢭸襘欺儈頭欺紆𠃩曲欺𤶎堆𪵟浪𫨩時寔󰑼𫨩𦖑𫥨唅𡃻㖔𠹽世芇攄之仍堛蕭騷𢝀𢚸命拱㝹㝹𢚸𠊛浪悁𠅎󰞺𠫾耒粃𢝙催拱性𡗶別牢𠳒鐄𠳐領意高和寅寅扒𡭧芇特空𦰟蘭強𤍄式紅頭眉𡳪眜強濃𬌓夭㳥情󰟯㐌漂漂䀡𥪞歐厭固朝𣳮淶𠽔浪𣫲𥙩爫𨔈底朱𠽔歇󰜋𠳒㐌㝹𨤔咦󰜋朶夭桃園紅之監垠樔𪀄撑㐌朱𠓨堛布荆道從夫𥙩𡨸貞爫頭𫥨傱𨕭濮𥪞橷仍𡥵𠊛意埃求爫之沛條咹󰂤於時節𤾓𫷜𡝖補𠫾󰜋𣈗𡄎緣奇遇𠸗𫢩侶堆埃吏𬙾齊崔張𩄲湄打覩跢鐄過朝𠓀㐌󰇏𠴔燕鸚𥪞欺插𦑃連梗麻𢚸𥜤𥙓㐌𠴔󰜋边𠃅西底冷香願吹緣潭𧺀𫥨緣𢜢㥬招捘𠓀拯𡨹𢭩底𡢐𢧚𢢆共払𪽝埃倍咦柳押花奈群身群󰜋𡊰培固欺𧡊𠳒端正易𦖑払強添𢘝添為𨑮分𩃳艚皮𤁕𨤔銀信兜㐌𢫈󰘂垠噲𠓨娘時倍阻𢩣絩生時𨄹𨃴𡑝桃𨀈𫥨󰘂外皮吘杄花家童𠓨𢭮書茄買𨖅𨷑䀡手筆嚴堂𠴍浪叔父賒塘命終唉群寄葬遼東故鄕𣾺演𠦳重山溪𣈙迻灵櫬𧗱圭世芇𡥵拱沛𧗱護喪𠻵信挈餒驚惶冰命𨇍𠓀臺粧敘情𨃴頭每餒丁寧餒茄喪𩯀餒命賒吹事兜渚及堆回緣兜渚及󰜋𠳒𢭂絲𦝄誓群妬猪猪監賒吹𩈘麻䜹撻𢚸外𠦳𨤵祝𠀧冬䋦愁欺𫽻朱双群迡𢷹鐄𡨹玉朱𫨩朱仃𢚸几蹎𩄲𡳜𡗶𦖻𦖑𦛌󰑚排排及凝娘買𤋵𠳒𠓀𡢐翁絲㨴掛之𠑬渚𢝙森合㐌愁𢺺配共𠑬卒㐌𥘀𠳒唒𠊝𠃅𩯀監移𢚸絲管包𣎃待𫷜除𢪀𠊛咹𫗄𦣰湄㤕󰠐㐌願𠄩𡨸同心𤾓𢆥誓拯揞琴船埃群𡽫群渃群𨱽群𧗱群𢖵旦𠊛𣋚𫢩用浪渚𡝖移𢬣暈東𬂙㐌𥪸𬆄蓐茹𪿒顒󰜋𨀈󰜋賒󰜋𠳒珍重珠沙󰋇行𢯜鞍掛挭倍鐄䋦愁仕姅𨀈塘𢺹𠄩𢞂𬂙風景圭𠊛頭梗鵑日𡳜𡗶雁踈󰞽𠊛昛𫗄旬湄󰜋𣈗𥘀挭相思󰜋𣈗娘群𥪸𢭸軒西𠃩回问𥿀如圍䋦絲𬂙澄𤌋屹窻踈花㵢淖𧺀柳疏壳鐄秦垠𨄹𨃴樓粧󰜋團𢜠壽外鄕買𧗱寒暄渚及吔𠽮差衙俸𧡊𦊚皮哰嗃𠊛腋𡱩几𢬣刀頭𬌥𩈘馭𠯻𠯻如炊枷扛󰜋老󰜋󰜩󰜋𦀊無類𫃚𠄩深情𣹓茄㘇㗂𧋆撑用淶穹𦄅散晴襘𦁼圖細軟𧵑𥢅西瀝𥑥生𢪏朱𣹓襊貪條兜𢒎𫃚埃爫尼埃單𦂼迭緘俸仍𠳨𫥨𡢐買別浪沛𠸜稱出在绳半絲󰜋茄恍惚謹魚㗂冤𧻭坦案𪟽𤍶𩄲下詞𠹚𠳿𠁸𣈜𦖡𦖻憐恤𢰺𢬣摧殘樑高捽虐𦀊冤唒麻跢拱󰞺肝路𠊛𩈘𬂙𤴬疸用移冤尼群󰜋呌𡗶仍賒󰜋𣈗𨓐𩘬差衙爫朱酷害拯戈爲錢牢朱骨肉院全𥪞欺遇变從權別牢緣會遇德劬劳边情边孝边芇󰠱欣底𠳒誓海盟山爫𡥵𠓀沛𡊰恩生成決情娘買下情唉朱底妾半命贖吒,Nom
3_tale-of-kieu_no.txt,户終固几吏𦓅拱𥪞衙𭛣吏羅慈心𧡊娘孝重情深爲娘𢪀拱傷󰠐㤕𧹋併排律妬論低固𠀧𤾓兩𭛣尼買吹唉𧗱暫付監外吲娘規料𥪞堆𠀧𣈗傷情𡥵𥘷踈𬏝﨤干禍𢭮灾𢒎不期𤴬𢚸死別生離身群拯惜惜咦典緣曷湄詫𢪀分𠍦料󰝂𡬷𦹵決𡊰𠀧春事𢚸吘貝氷人󰛩霜吨代賒𧵆𠮿嗃𧵆沔固󰜋媒芇迻𠊛遠客尋𠓨问名𠳨𠸜浪馬監生𠳨圭浪縣臨清拱𧵆過年擢外四旬眉𩭶忍隊襖裙秉包𠓀柴𡢐伵劳嗃茄氷迻䋦逴𠓨楼粧槣𨕭𡓮卒𠴗床𢩣𥪞䋦㐌𠽖娘急𫥨餒命當即餒茄㙴花󰜋𨀈淚花󰋇行𪿒顒喕𫗄𠲖霜𥆾花𩃳𢢆𬂙𦎛𩈘𠫅䋦強援𩯀扒𢬣󰞺𢞂如菊調𤷍如梅坦𢵋斤色斤才押宮琴月此排𦑗詩𪉽濃󰜋𨤔󰜋於平𢚸客買隨機逸迢浪謨玉旦藍橋聘󰀩𠳐𠰺包饒朱詳䋦浪當價𠦳鐄歹茄𢘾量𠊛傷監奈𪂲掑扒󰜋添𠄩除𥹰我價𠹾外𦊚𤾓󰜋𠳒船㐌淹𢴏唉迻更帖𠓀扲爫𥱬定𣈗納采于歸錢𦝄㐌産𭛣咦拯双󰜋𠳒𢚁貝終公乞詞暫領王翁𧗱茄傷情𡥵𥘷吒𦓅𥆾娘翁仍𧖱沙𦛌油餒𡥵仍約𧗱𡢐𢭂絲沛侶招毬當坭𡗶爫之極󰋇𡗶尼埃誣託朱𠊛合散斧斤包管身殘女苔墮𥘷強冤酷𦓅󰜋吝𡢐𠓀拱󰑼催時𩈘屈庄他𢚸𤴬蹺𠳒強沚𣳔珠料命翁拉招頭墻𪿙倍傍几𡨹𠊛𥋳𡮈蘇娘吏尋𠳒𡅳干𨤔咦󰜋𤗖紅顔𩯀絲渚𡭧𡊰恩生成𤼸書㐌𢢆娘萦吏偷妸李半命𫨩牢𣑳椿歲鶴強高󰜋𣘃挭搏別包饒梗量𨕭油拯𢴑情𫗄湄歐罕散晴渃𡽫他浪料󰜋命𡥵花油也𦑃𦲿群撑𣘃分仃仃丕拱丕扲如拯杜仍𣈗群撑拱𣫲并窘算𨒺散茄󰑼󰜋舌命󰑼𠄩沛𠳒翁拱淹𦖻𥆾𠑬湥𥐆湥𨱽袞昂𠃅外户馬皮𨖅詞花㐌記斤鐄買𢭂𦝄𦓅毒地爫牢扲𦀊拯攄𫃚𠓨自然𥪞𢬣㐌産銅錢油𢚸𢬭𤽸𠊝顛庫咦户終𫥨飭執為礼心㐌達訟期拱双𭛣茄㐌暫從容星期逐也㐌懞度𧗱󰜋命娘𦰟畑𣅘襖淫湥𢣃𩯀𢺹𠃅愁分油油丕拱油𡭧𢚸㧅等闭𥹰󰜋𠳒功程計別󰋇𨑮為些慷𢝛朱𠊛󰇾揚誓花渚燥𡃹鐄磊誓催㐌負傍貝花𡗶遼𡽫渃包賒𢪀兜𥘶󰘂𢺹茄自碎別包緣𡢻誓賠刧尼催世󰑼催群咦再生渚𢴑香誓爫身𬌥馭𡊰󰒂竹梅𡢻情渚者朱埃塊情忙𫴋泉臺渚散餒𥢅𥢅仍盤桓油炵𤽸𥒃湥澜𧺀巾翠雲秩醒聀春𤲂畑𥊘旦殷勤𠳨𠻃機𡗶橷𣷭多端󰜋茄底姉𥢅冤󰜋命據之𡓮忍殘更餒𥢆群𫄓䋦情之低浪𢚸當忖恜𣹓絲緣群𥿁䋦尼渚双𠼯𠶣𫥨拱𢢆𢠅底𢚸時負𬌓𢚸貝埃𢚁㛪㛪固𠹾𠳒𡓮𨖲朱姉𥛉耒仕𠽔𡧲唐𠞹挭相思膠鸾执䋦絲乘默㛪計自欺﨤払金欺𣈗𦑗約欺𣈘𡃹誓事兜㳥𫗄不期孝情坤𨤰𠄩皮院𠄩𣈗春㛪唉群𨱽悴情𧖱𧗅𠊝𠳒渃𡽫姉油䏦󰞺𩩫𤷱吟唭𠃩󰋞唉群𦹳唻隻釵貝幅詞𩄲緣尼時𡨹物尼𧵑終油㛪𢧚𡞕𢧚𫯳㤕𠊛命薄乙𢚸拯𪬳𠅎𠊛群𡭧𧵑信泛彈貝𤗖香願𣈗𠸗𣈕𡢐油固包𣇞焠爐香意攄絲泛尼𬂙𫥨𦰟𦹵𦲿𣘃𧡊休休𫗄時𫨩姉𧗱魂羣忙𥘀𠳒誓󰞺身蒲柳𡊰󰒂竹梅夜臺隔𩈘屈𠳒𢱓吀𡃹渃朱𠊛𣨰冤悲𣇞𦎛𥖓𠊛散計爫牢挈𬮙萬爱恩𤾓𠦳𠳚𥛉情君絲緣𥐆𧸒固垠意催分牢分萡如𪿙㐌仃渃沚花㵢呂廊喂金郎咳金郎催催妾㐌負払自低𣴓𠳒魄散魂𢒎󰜋唏𣼽汔堆𢬣冷銅椿萱秩醒聀燶󰜋茄習納几𥪞𠊛外几湯𠊛茦排排買油干彙渚派湥紅𠳨牢𫥨事𨓐𨓡翹強𠽋𠴑𨷑空𫥨𠳒餒娘雲買𠯇𦖻隻釵尼貝詞賠於低尼吒爫磊緣𡮠催時餒意𡢐尼㐌㛪爲埃用𦰦淶金底𡥵䕯浽𩄲沉爲埃𠳒𡥵吲吏󰜋𠄩酉󰍹碑跢監差𡬷鐄𥛉催娘買練𠴔𢘾吒者特義払朱吹詫之身分碎𠾕唒浪𩩫𤽸圭𠊛管兜挈包計餒慘愁刻更㐌𠽖戍楼󰋇回轎花兜㐌旦外管絃兜㐌𠽖𠊛生離𤴬𢚸几於𠊛𠫾湥淶滲跢絲𢺹癒蚕𡗶𣋚𩄲撟最霪油油𦰟𦹵潭潭梗霜逴妯𧗱旦駐坊𢪀𢚸吏㤕車𢚸𠾕番及󰁇𢢆綠𠲖紅𢪀𢚸吏㤕車𢚸𠾕番品仙淶旦𢬣𠍦𢙇功𣌝𡨹湄𢷹貝埃別身旦𨀈洛類蕋桃他𢯏朱𠊛情鍾爲埃垠迍𫗄東舌𢚸欺於𤴬𢚸欺𠫾重逢油禍固欺身尼催固𫥨咦麻懞㐌生𫥨數竜冬群芒𥙩刧𦟐紅特牢𨕭㯊産固𡥵刀𨁪扲娘㐌襘𠓨𧝨巾防欺渃㐌旦蹎刀尼時料貝身𡢐尼𣈘愁󰜋刻󰜋迡氷傾如醒如醝󰜋命庄𪟽𡥚馬監生刎󰑼󰜋𠀲風情㐌悁過𨔈吏﨤回顛悁𠿃吏劍咹沔月花楼撑固𠋦秀󰜏廊𨔈㐌阻𧗱𦓅歇緣情期拯𭉑麻𢧚𩈘鋸𦲾䔲堆边󰜋坊終𦡟𨷑󰜋𡾵行𨒺𢆥奔粉半香㐌例𨄹尋泣𢄂時圭假名侯下𠰺藝咹𨔈󰏀𢆧歐拱事𡗶斷腸吏撰𩈘𠊛無緣㤕娘𡭧分婵娟梗花󰝂半𠓨船俚奔卯𩢬㐌𢹇𠓨囷聘儀𥜤價迎婚産𣈗𢜠󰠐旗㐌旦𢬣強𥆾𨤔玉強醝曲鐄㐌𢧚國色天香󰜋唭尼罕𠦳鐄庄訛𧗱低渃𠓀𢯏花王孫貴客乙󰑼𢵋𠑬罕𠀧𤾓兩劍兜拱它皮本群𡢐時唎𠰳唁掑旦羨坭本茄拱惜𧵑𠁀拱貪桃仙㐌𤊰𢬣凡時援梗𢵮朱甘事𠁀𥪞塵󰋇𩈘廊𨔈𨔈花㐌易󰋇𠊛別花渃𤿭榴𧖱芼𪃴摱牟招集吏󰑼群原𥄫𥊚打吝昆顛包饒拱闭饒錢𠅎之𠋦𦓅或固條咦料功𠅎󰜋𣇜跪麻催𡲤低塘舍賒吹麻些不動女𠊛生𪟽惜台󰜋朵茶蘼𡥵螉㐌𨷑塘𠫾𫮇𧗱󰜋干湄𫗄󰠱泥惜咦旦玉傷咦旦香𣈘春󰜋聀𢠩忙𤒘花底妬默娘𦣰猪湥𥢅潯瀉𣻆湄份㤌餒客份洳餒命從咦󰑼𥠭灰腥身𠦳鐄底污名𦟐紅催羣之女麻懞𠁀𠊛催世󰑼双󰜋𠁀恨緣𢣃分排排扲刀娘㐌算排捐生𢪀𠫾𢪀吏󰜋命󰜋情時𠤆𠄩情時牢𡢐油生事世芇追原拯矯累𠓨双親打料歐拱樣寅急迡催拱󰜋吝麻催仍󰑼𢵋担虐吹㗂𪃴𦖑㐌嘅𤉚𠃅墻樓𣈕皮㗜𧥇霜馬生𠽖也倍傍𫥨𠫾断腸台𣅶臨岐𨀒駒泣警𨋣車岌𡹡皮外𨑮𨤵長亭王翁挭席餞行迻蹺外茄主客逸迢𥪞茄萱貝󰜋翹於𥪞強𥆾強淤湥紅𠯇𦖻娘買𤉒𢚸湿高虎生𫥨分䜹桃功吒󰒂媄刧芇者双女廊渃濁𣻃𤄯𤾓𢆥底󰜋𬌓𢚸自低䀡𦎛𥪞閉饒𣈗身𡥵拯矯𢹇𢬣姂𦓅欺𧗱補永𥪞茄欺𠓨𣼭孕欺𫥨倍傍欺咹欺呐女廊欺柴欺伵䀡常䀡輕恪牟几貴𠊛清𥋴𫥨朱技如形𡥵奔催𡥵群呐之𡥵𤯨𢘾坦客𣨰墫圭𠊛王󰜏𦖑閉饒𠳒㗂冤㐌悶拍𡗶呌𨖲𠄽旬渚𣴓𡃹𡅳𠃅外󰀢㐌𠽖連󰖁𠫾㤕𡥵𢚸󰠱迡迡𠓀鞍翁㐌󱋔呢濕高𡭧身要柳䜹桃極茄旦餒𤄱𠓨碎󰎡自低𧣳𣷭边𡗶𣌝湄退退圭𠊛󰜋身𠦳尋𢘾𩃳松筠雪霜𩂏阻朱身葛藤𣴓𠳒客買䜹浪𫃚蹎催拱赤绳冉𢭂𣈕𡢐油旦世芇箕𦎛日月怒刀鬼神同同𫗄𠽖𩄲運󰜋車𥪞𡎝紅塵如𢒎𬂙撝拔淚𢺹𢬣𧣳𡗶瀋瀋𣈘𣈜㴷㴷娘時𨤵客賒侵泊𤽵梂𬰊顛霪岸𩄲葦𦰤察察唏枚󰜋𡗶秋底𥢅埃󰜋𠊛𨤵𣅘𩁶凈𩂟𣾺𧡊𦝄麻𢢆仍𠳒𡽫滝棱秋𤻼碧癋紅棱秋𤻼碧癋紅仍󰑼𨓐渃𨓐𡽫臨淄皮󰜋𣎃𡃋細坭車珠仃𨋣󰘂外簾𥪞㐌𧡊󰜋𠊛𨀈𫥨脱𬂙󰣦辣牟䏧咹之高𢀲悌它爫牢𠓀車把呂𠻃嘲𠳐𠳒娘買𨀈𠓨羨坭边時󰋇婀眉𧍋边時𡎦𦊚𠄼𠊛廊𨔈𡧲時香案罕灰𨕭撩󰜋像𤽸堆𣯡眉樓撑悁𡓃𠸗𫢩藝尼時𥙩翁尼先師香花𣋚𣋽奉蜍姑芇醜𡳺固踈䋦行𢶒襜律襖󰇏悜𠓀盘仕願𤗖香啉嗂𢬭花𢯰𫴋詔𦣰𧊉𠫾螉來喑喑四圍翹羣魚謹別之據𠳒𥛉𫴋𠋦時𭝫𣦍𨷑行奔半朱枚𣈘𣈘寒食𣈗𣈗元宵𬮙𠦳𠊛𧡊拱夭𠮿嗃鸚燕習妙竹梅信雁𢵼𦲿踈排迻𠊛󰘂𠓀逴𠊛󰘂𡢐𨓐𦖻𦖑渚別兜䀡情𫥨拱仍牟󰇾揚礼双香火祠堂秀󰜏𢪱𣷴𨖲床𡓮𣦍𠰺浪𡥵𥛉媄低𥛉耒𨖅𥛉舅𫵇边箕娘浪沛𨀈流離分𠍦𠳐㐌甘皮小星條兜𥙩燕爫鸚𬏝踈拯別󰑼名分咦󰖌條納采于歸㐌欺終乍吏欺𥪸𡓮𣇞𫥨𠊝堛𢬭𡾵監吀𠳚吏󰜋𠳒朱明𠋦𦖑娘呐𫨩情閉𣇞買浽三彭𠋦𨖲尼尼事㐌果然催它刧𤯨𫯳㒙𠫾耒𠶓浪𠫾𨄹𥙩𠊛󰝂𧗱逴客劍利麻咹傱無恥於不仁𢞂命𠓀㐌秦緡此𨔈牟糊㐌𠅎𠫾耒催催本另𠫾𠁀茄魔𡥵箕㐌半朱些𠓨茄沛據法茄𠋺低老箕固阻排𠾦拯挷𠓨𩈘麻𡮠仃𦖑據牢𠹾卒󰜋皮𡛔絲麻㐌𤻭藝𣋽牢沛爫朱別法𠋺秩皮鞭拉趂𠓨𫥨𢬣娘浪𡗶瀋坦𠫅身尼㐌補仍𣈗𫥨𠫾催催群固惜之産刀𢬣襖即時󰇾𫥨𢜝肝涅玉料花𠋦群𥆾𩈘娘它過𢬣傷喂才色堛尼󰜋刀冤孽𢴑𦀊風塵餒冤𥓅𥑁賒𧵆𥪞茄𠊛質󰜋吝如𢬧娘時弼弼聀仙𠋦時岌岌𩈘𥆾魂𢒎域娘𠓨准軒西割𠊛𥋳朔𬦳柴茦𧅬芇𫨩渚歇塵緣𥪞迷㐌𧡊淡仙𤑟𤉜𠶓浪因果󰇾揚㐌算遁𡢻断腸特牢數群󰠱業𦟐桃𠊛油闷另𡗶芇㐌朱唉吀撰刧柳蒲滝錢塘仕限㗅𧗱𡢐茦湯𠁸󰜋𣈗輸聀迷𦖑㐌油油皮散秀󰜏直産边幔妙𠳒𡅳解緡蛮攑吝󰜋𠊚易固󰋇身花春當𦭒𣈗春群𨱽拱󰑼汝󰜋𢗖𠄩跢鐄之𡝖押奈湄𩄲呂蹎卒㐌𠓨低錁𢩣春底待𣈗桃𡽫𠊛群時𧵑唉群尋坭稱當󰑼𡥵蓋茄爫之罪報冤家舌命麻害旦些𫨩咦掑𦖻󰋇餒鑔呢娘𦖑羕拱是非攊𢬗𡲤推神夢󰋇𠳒夙因歐拱固𡗶於𥪞刧尼𡢻者渚双爫之吏󰜋𡢻󰣆刧𡢐朗𦖑𡄎𢪀𨃴頭𠽔浪埃固闷兜世尼特如𠳒世󰑼枚罕浪𣈕固如𣈙朱庒𢜝欺螉𧊉代騰旦條𤯨濁牢朋𣨰𤄯𠋦浪𡥵唉從容沛條𢚸吏𢬭𢚸麻𨔈𣈕𡢐於拯如𠳒𨕭頭固𩃳𩈘𡗶創𤐝𧡊𠳒決断罕灰仃𢚸娘買仕𢢯𢢯寅𠓀樓凝碧錁春𨤔𡽫賒𬌓𦝄𧵆於終𦊚皮八咯撝𬂙洁鐄𡑱怒𣻃紅𨤮箕𢜢㥬𩄲𣋽畑𣅙姅情姅景如𢺺𬌓𢚸想𠊛𤲂月𡃹同󰛩霜𨻫唉𣈙懞𣈕除边𡗶𧣳𣷭巴為𬌓𣘈滑旦包𣇞朱派㤕𠊛𢭸󰘂𣋚𣈕𦑗燶塔冷仍埃妬𣇞𡑝萊隔󰋇𣌝湄固欺㭲梓㐌皮𠊛揞𢞂𬂙󰘂𣷭𧵆𣋚船埃濕倘𦑃帆賒賒𢞂𬂙𦰟渃買沙花㵢蛮漠別󰑼𧗱兜𢞂𬂙𦹵内油油蹎𩄲𩈘坦󰜋牟撑撑𢞂𬂙𫗄捲𩈘溋喑㗰㗂㳥呌𨒺槣𡓮終𨒺仍渃𡽫𠊛𤴬𢚸流落𢧚𠄽𦊚勾秦垠𥪸𢷀簾珠隔墻𦖑固㗂兜和韻󰜋払皮擢青春形容扯淬襖巾袞強𢪀浪拱脉書香𠳨𫥨買別浪払楚卿𩃳娥濕倘𤲂萌𬂙娘払拱𫥨情𨔈潙嘆喂色渃香𡗶惜朱兜俸落類旦低價仃𥪞月𨕭𩄲花牢花窖墮苔閉花息肝𥢅恨𡗶𦓅𢚸尼埃𤍊朱些唉𢚸婵娟啻別英䧺𫥨𢬣操櫃數籠如𨔈窻秋姅怯𦑃外𦖻群同望󰋇𠳒鉄釘𢪀𠊛催吏𢪀命感𢚸咮悴𤁕情猪爲仍󰑼吝呂𣌝湄刧風塵別包𣇞󰑼催打料𠴍󰜋𠄩𠳒𢘾𢬣濟度𢵼𠊛沉淪𤗖箋計歇賒𧵆餒茄报答餒身落類散霜皮𤏬𣈗𣈕便鴻娘買𠴍𠳒𠳚𨖅𡗶西朗蕩𩃳鐄復書㐌𧡊信払旦坭𨷑䀡󰜋幅箋梅伶伶昔越固𠄩𡨸題𥙩𥪞意思麻推𣈗𠄩𨑮󰜋戌時沛庄𪀄𣋚𨮑𭊕𧗱棱架茶𧃲㐌吟𦝄姅鑅墻東𢯦動𩃳梗𢩽窻㐌𧡊楚卿𨀈𠓨𠶤𠼾打惮𫥨嘲𥛉催娘買𠯇𢭂殷勤浪碎䕯渤𡭧身落弹忙𥙩𡢻㨢燕󰢒監𢘾骨肉死生群𡗉結𦹵吟鑅𧗱𡢐朗𦖑唚𡄎𩠓頭些低沛摱埃兜麻浪娘它別旦些庄𣷭沉淪拉朱平買催娘浪𬮙事恩𠊛世芇吀決󰜋排朱双浪些固馭追風固𠸜𤲂帳本𣳔健兒乘機𨇍𨀈𫥨𠫾𠀧𨑮𦒹斫斫之󰑼欣油欺𫗄急湄单固些低拱庄干據咦𦖑𠳒娘㐌生疑双它過𡑖管咦特身拱料𥃱𬑉迻蹎麻䀡𡥵造𡏦運旦兜共𠑬𨇍𨀈𫴋樓双双馭𠓀馭𡢐󰜋團𣈘秋刻渭更殘𫗄棱拙𦲿𦝄岸唅𦎛𫮇󰍹冽沫唏霜𢚸圭𠫾󰜋𨀈塘󰜋𤴬㗂𬷤嗃𠳗嘅毛㗂𠊛兜㐌𠃅𡢐𠰺𠲞娘強忖式肝鐄楚卿㐌𢶾𦀊綱𫮇芇󰜋命坤別爫牢𨤵棱𨀈𥰊𨀈高駭雄化兒舌固𡝖𢚸爫之𨃐紫紆紅𡗋㝹󰜋團睹旦𠓀𡢐𤔯兜𫴋坦𦑃兜𨖲𡗶秀󰜏速倘旦坭歆歆押調󰜋唏吏茄凶興庄𠳨庄查當𢬣󰜗柳拉花哉排䏦䏧埃拱󰑼𠊛𢚸芇紅用𧺀移庄𤴬歇𠳒首服懇求捥𦡟䏦睹拮頭𧖱沙浪碎𡭧分弹󰜏渃𡽫離󰘂離茄旦低悲𣇞𤯨𣨰於𢬣身尼㐌旦世尼時催仍碎固詫之碎分碎仃丕本𠊛底兜身𧐖包管壈頭𡭧𢚸貞白自𡢐拱除特𠳒𠋦買隨機扒𠊛保領爫詞供招排𦠘固妸馬嬌㤕娘𫥨買打料𠹾端𠋦強計日計寬迍樔旦墨燶𪹰買他域娘𠓨𠉝𥪞茄馬嬌吏吘意𫥨吲𠳒催它𢹇吝時催𠫾兜拯別𡥵𠊛楚卿薄情浽㗂樓撑󰜋𢬣墫別󰋇梗芙蓉拖刀拉産斫用𨓐咦󰜋骨󰜋僮初𫢩固𠀧𨑮兩𢭂𢬣空仍之固傳尼𠻀箕耒𫥨阻𩈘即時扒𠳒料𠤆嗔知舌𠁀娘浪誓説𥘀𠳒固兜麻吏𫥨𠊛險溇群當推𠓀𢪀𡢐𩈘𥀳㐌𧡊於兜引𠓨楚卿𨖲㗂嘹咬浪𦖑買固𡥵芇於低拋朱眷𫗄𫫵𩄲唉䀡固別𩈘尼󰑼埃娘浪催世時催浪空時拱𠳐𠳒浪空楚卿𠸓𠻵同同𨀈𠓨皮拉恃雄𫥨𢬣娘浪𡗶𠰚固𫨩眷󰢒𫫵燕事尼在埃𠶏𠊛𢩽𫴋汫𣾺呐耒耒吏咹𠳒特𣦍群箋昔越於𢬣𤑟𤉜𩈘意𩈘尼𠤆埃𠳒𣦍冬𩈘𥪞外几吱不義𠊛唭無良負情案㐌𤑟𤉜𬉣傱󰀢買劍塘操𨆢𢩣𥢅𥢅仍湥洡𢪀身麻吏吟𠿯朱身惜台𤄯𬰊𤽸銀旦風塵拱風塵如埃,Nom
3_tale-of-kieu_no.txt,量𨕭𬂙𫴋別𢚸固傷詫之柳𡉦花墻樓撑吏補𫥨坊楼撑吏強𬉣樣𤵺形仃身分妾𪿒名價払傷牢朱院時傷并牢朱論每塘時𠳐生浪𫨩呐提澄𢚸低𢚸帝渚曾𫨩牢塘賒𠤆𪿒吳𠈭𤾓條唉據𬂙𠓨󰜋些㐌𧵆之固條賒跢鐄㐌決風波拱料共𠑬根紊旦條指𡽫誓𣷭𥘀招旦𠳒𠰚𡽫𣎀𥐆情𨱽外軒兔㐌𡽫兑唅𦎛摱條竹院乘涼逴𧗱唉暫𨁪娘󰜋坭戰和拉産𠄩排𢚁𢬣柴𠏲摱𠊛𠻀󰑼𢏑󰛩旦𩈘秀󰜏輸機𠋦拱求和監牢𤑟𤉜𧵑引𢬣𢭂還良󰜋妾申𠓨󰘂公公私𠄩𨤰調双𨃴仙丿㐌脱𨦩塵埃󰜋茄森合竹梅強漊義𣷭強𨱽情滝香強󰣭焒強濃強𥺏𨤔玉強篭牟蓮姅𢆥唏㗂皮悁𡑝梧梗碧㐌擅𦲿鐄𥵙秋皮扔𣑳霜𢶒鞍㐌𧡊椿堂旦坭風雷󰜋陣排排󰠱𢚸𠲖邑并排分𢺹決𣦍辨白󰜋皮𠰺朱𦟐粉吏𧗱楼撑𧡊𠳒嚴訓伶伶打料生買𥙩情奈呌浪𡥵別罪㐌𡗉酉浪𩆐𩄰鈽鐐拱甘啐爲𢬣㐌𢴞藍𤵺耒群別坤爫牢低共𠑬𡲤㗂󰜋𣈗揞琴埃𡝖𢴑𦀊朱仃量𨕭油拯傷情萡顛催固惜命爫之𧡊𠳒鉄跢知知焠肝翁買申跪󰘂公坦平浽㳥同同府堂差𦲿票紅催查共𠑬蹺𨃴差衙双双𠓨𠓀𡑝花𢬢跪𬂙𨖲𩈘鉄顛仕立嚴𠓀㐌𫥨威𥘀𠳒𡥚箕𤵺󰞺𨔈排麻𡥵𠊛世𫥨𠊛𨒟迻傱咦花汰香乘摱牟𣘈粉打𩢬𡥵顛推𥪞情狀原单皮芇時拱渚安皮芇法公照案論𠓨固𠄩塘意悶牢默命󰜋󰑼據法加刑󰜋󰑼吏據楼撑付𧗱娘浪㐌決󰜋皮蝒尼王𥙩絲箕󰋇吝濁𤄯身拱󰑼身要疎𠳐𠹾𠓀𡑝雷霆𠰺浪據法加刑𠀧𣘃埬秩󰜋梗牡丹分仃之監呌冤桃𤶑疚𦟐柳散作眉󰜋𡑝淋洁也苔𦎛矑渃水梅𤷍𦄾𩩫𢪀情払束麻傷𡑩賒𬂙𧡊𢚸強㤕沙哭浪寃苦爲些固𦖑𠳒𠓀拯它累𡢐𣴓𢚸拯別𢪀溇底埃𦝄𢣃花愁爲埃府堂𦖑倘𠓨𦖻湥洡払買𠽔𣦍頭𡳪計吏事𣈗求親動𢚸吏𠲟旦𠳒𥢅西娘佗并歇賒𧵆自𠸗娘㐌別身固𣈙在碎𢷲𥙩󰜋𢬣抵娘朱旦餒尼爲碎𦖑𠳒呐拱傷𠳒擛威買𠰺𨷑排解𡆫浪如罕固世時𦝄花双拱是非別條生浪𡭧分浡䕯蹺𠾕𡲤拱𠃣𡗉筆研唭浪㐌世時𢧚木枷唉此󰜋篇呈藝娘𠳐筆拮𢬣題箋花呈𠓀案批䀡詳𠸦哴價笠盛唐才尼色意𠦳鐄渚斤寔󰑼才子佳人朱陳吏固朱陳芇欣催𣫲逴𭁈鳩𢤞爫之呂堞朱彈昂宮㐌迻旦𠓀󰘂公酉外󰑼法双𥪞󰑼情妯𡥵𥪞道家庭催時揲餒不平󰑼双急傳攕𢯢礼公轎花羶𩙌𤒘紅點𣋀排行鼓吹𠮿嗃双双迻細帳桃聘堆傷爲󰞺重爲才束翁催拱揲𠳒風波蕙蘭𠶗𠽋󰜋茄曾𠹽䔲吏𪉽麻欣𠸗莽𢝙𨢇𣋽茶𬁑桃它派𧺀蓮皮扔撐帳湖永𨤔𣎀清𠲖情娘買排情𥢅終分蒲自援𡨸從𢬭𠊝雁燕㐌𠸣𣹓年信茄𣈗󰜋永信𪉽情㵧藟𤁕願糟糠𢪀𫥨寔拱𢧚󰟯沁唏埃易𡨹𢬥朱些濫𦖑几奇𥪞茄於𠓨囷法呐𫥨䋦𦀚𠲖台仍胣非常易𠻀󰟱𣷭坤量底滝麻些啐󰜋𢆥𠖿世芇拱拯𨁪双特芇闭迡渚𤍊音耗或󰑼𥪞固爫牢庄󰑼吀払急料吏茄𠓀𠊛惵意𡢐些別情啻朋𡨹墨𨁪𨒺𣈙吝𣈕呂如形渚通𦖑𠳒勸啂從容忊𢚸払買決𢚸回裝𤏬𫥨𠳚旦椿堂束翁拱倍𠽖払寧家餞迻󰜋󱋓𬮦河春亭脱㐌𨄹𫥨皋亭滝秦󰜋𧞊𤄯撑𡀂𡀰坡柳󰋇梗陽𬮦扲𢬣𨱽咀𥐆嘆𢺹配凝󱋓合散喭𠳒娘浪𡽫渃賒𣾺牢朱𥪞廕時外買淹易麻壓󰣮𢳳金爫之𢬄眜扒𪀄庫𢚸堆些𡭧󰒂㧅𢸚旦茄𠓀料呐𠼾朱明酉欺㳥𫗄不情奇𫥨威奇碎忊分碎欣條𨁪虐𨁪吹吏忙仍𭛣齊𡗶旦𡢐傷𠑬吀𢖵𠳒𠑬𢆥迡拱拯𠫾兜麻迡󱋓迻𢖵𩛷𣋚𫢩󱋓𢜠吀待𩛷尼𢆥𡢐𠊛𨖲馭几𢺹袍棱楓秋㐌染牟𬮦山𨤵紅𣻃捲征鞍𬂙𠊛㐌屈󰋇岸橷撑𠊛𧗱隻𩃳𠄼更几𠫾𬮙𨤵󰜋命賒吹暈𦝄埃仕爫堆姅印襘隻姅𤐝𨤵長計之仍事唷塘𢩣𥪞尼餒主張於茄本𣳔户宦名家昆官吏部𠸜󰑼宦姐緣騰𣋽順𫗄迻共払結𩯀車絲仍𣈗於咹時󰞺拱𫨩呐條緘𥾾時𢬣拱𦓅自𦖑園買添花𠱄𠊛㐌𡗋信茄群空焒心強垃強燶責𠊛顛萡𦋦𢚸𦝄花啻朋首寔共些共容几𤲂買󰑼𠊛𨕭𤵺咦拯𡨹𥙩𡋂卒咦麻卓㗂慳𠓨命吏群𢬄捌𨁪𨒺爫之仍𩘬𥘷𩳊𠽋唭并浪隔𩈘屈𠳒𨁪些些拱料排𨁪朱𢗼咦𭛣意麻𢗼蜆𥪞𠰘󱋓吏𨆶𠫾兜爫朱𥆾拯特𠑬爫朱𣹓墮拮頭拯𨖲爫朱𬂙𧡊眼前朱𠊛貪板半船別𢬣餒𢚸謹拯埃𫨩外𦖻底默𫗄𢒎𠃅外旬𡢐俸固𠄩𠊛𫫗信㕸拱料排新功小姐浽恨同同𡃍𢬣絩𦄅𫥨𢚸撩𤽗𫯳𠋺芇沛如埃條尼罕𠰘仍𠊛是非倍傍爫𭁈𦋦威𠀲時抯𠰘𠀲時𢯏𪘵𥪞外謹櫗如𢬄芇埃群監呐能󰜋𠳒𢩣絩𣅙𣋽請台𫥨𠓨󰜋墨呐唭如空𣎀𣈗𢚸仍吲𢚸生它𧗱旦楼紅𫴋鞍𠳒散合餒寒暄𡨸情強𪉽𡨸緣強燶洗塵𢝙󱋓從容餒𢚸埃於𥪞𢚸麻𫥨払𧗱䀡意思茄事命拱㕸鄰󰑼𤉒排󰋇番唭醒呐醝𩯀絲不動𡮳枚事情𢪀它𢬄謹𠰘瓶芇埃固考麻命㐌稱仍󰑼𠲖邑用浪捽𦀊𢜝女動棱吏催固欺𢝙傳模唭小姐吏󰇾仍𠳒兜兜浪𥪞玉跢鐄鍮𨑮分些㐌信𠑬奇𨑮𡃍朱仍𠰘容𨱽𧊉螉吏噠仍𠳒怒箕妾油唪拯能推㐌洳䏾𢪀吏碑𠱄唭𧡊𠳒統請如𨔈順𠳒払拱呐吹拖杶仍󰑼唭粉𠹳𣘈畑𣅘鍾𩃳𦝄𡈺聘𦠘趣圭蓴䱛𤊰味汫鐄㐌用󰜋𠄽𦲿梧擲念𢖵景江湖󰜋牟𬮦塞󰋇務𫗄𦝄情𥢅渚監𠼯𪘵小姐𠓀㐌料澄啂戈隔𢆥𩄲泊賒賒臨淄拱沛并麻晨昏特𠳒如𨷑𡬷𣘈𨀒駒𥊢󰖁渃𡽫圭𠊛󰍡玲底渃印𡗶城磋𤌋碧𡽫披𩃳鐄檑駒皮𢶢𨤵長車香姐拱順塘歸寧𠽔茄萱歇每情餒払於萡餒命𠹾顛𢪀浪𤻭𤴪𪬡慳醜払麻固埃𠸦之命丕𢧚𥋓𩈘爫清謀高本㐌㕸名仍𣈗臨淄塘步𣎃迡麻塘海道𨖅𣦍時𧵆𢶿船攄𩈘家人唉󰝂𦀊𦀗𫃚蹎娘𧗱爫朱朱𤵺朱迷爫朱𤴬疸𠲖𠽮朱𥋳𠓀朱哺恄仍𠊛𡢐朱底󰜋𠻀唭𧗱𡢐夫人𠸦斫窒牟朝𡥵買𠰺默油𫥨𢬣𢯢𨖅帆𫗄橑𩄲犬鷹吏撰󰜋𠍣棍桄吲𠻀歇各每塘順風󰜋𦲿𣾼𨖅𣷭齊娘自隻𩃳窗𦂛塘箕餒怒如𢺹䋦愁𩃳橷㐌熾昂頭別兜廕冷別兜𠮾𫬍𩯀誓㐌譖昂𦠘芇𠳒𡽫渃芇𠳒鉄𣘈𦼛𦹴𡭧分𡥵𡥵囷緣別固𣃱𡃋朱庄身牢𡗉餒不平料如妸嫊宮𦝄𢪀芇𣎀秋𫗄𢯰窻桃姅鑅𦝄鈌𠀧𬁖𡧲𡗶𤓢香旦𠓀𫢋臺餒𢚸𭝫渚𣴓𠳒云云𤲂花𧻭𠎪惡人喑喑哭鬼驚神𧿆𫥨𣹓𡑝鎌捽𤏬𤍶失驚娘渚別󰑼爫牢茦迷兜㐌𢱓𠓨𢠩忙如聀占包別咦達𣦍𨖲馭即時房𬘏院冊𦊚皮焒炵産尸無主边滝󰝂𠓨底打吝𠼾埃𫨩碎𠾕魄落魂𢒎衝坡蓓𦹵㭲𣘃隱命束翁茄拱𧵆𨒺秩𬂙𦰟焒失驚用移伵柴𧼋𥊢旦坭𥯒排𢱓焒尋𠊛劳敲𫗄高𦰟焒強高碎𠾕尋󰖌娘芇𧡊兜𠖯虚𠖯海𥆾𠑬汫溇蓓葚𠓀𡢐尋咣𧼋𠓨准𡳵房香𥪞炭𧡊󰜋埬𩩫𤈜殘𣦍情埃別謀奸罕娘催吏固盤浪埃束翁洡湥𥐆𨱽𢪀𡥵永𨤔傷𠊛󰞺那遺骸抇拉𧗱茄芇󰑼衾殮芇󰑼喪齋礼常㐌󰖌󰜋𠄩陆程払拱旦坭闭𣇞𨀈𠓨准𡳵楼書烣炭󰜋埬𣌝湄𦊚墻𨖅茄吒細中堂灵床牌位蜍娘於𨕭唉喂呐歇事緣絲情𠞹𦛌焒煩𤈜肝招命勿𡳎哭嘆𡥵𠊛世意𣨰冤世尼質浪梅竹吏圍埃𫨩永訣󰑼𣈗迻𠑬傷強𢪀𢪀強𤴬断腸埃固戈橋買𫨩𧵆沔𦖑固󰜋柴飛符致鬼高𢬣通玄𨕭三島𤲂九泉尋兜時拱別信𤑟𤉜攕生礼物逴𨖅吀尋朱𧡊𩈘娘𠳨𠻃道人伏𠓀淨壇出神𦀊丿猪殘𤓢香阻𧗱明白呐詳𩈘娘拯𧡊𭛣娘㐌查𠊛尼𥘀業寃家群𡗉𡢻𡗋牢它𣨰朱孛宮當𢹇難蘇󰜋𢆥女買𠶀𠻀特信𠄩边夾𩈘𡗉番闷𥆾麻拯監𥆾𨓐台條兜呐𨓐羕尼事娘㐌世𠳒柴監信拯戈僮傦光𠉟𠊛兜麻吏𧡊𨕭𡎝塵惜花仍唅𠿯春身尼易吏󰋇吝﨤仙仃浪娘㐌九原𫨩兜地獄於沔人間犬鷹㐌𠿲謀奸󰝂娘迻𫴋底安𤲂船帆高繚𥊢𦑃遄提澄無錫氷沔𣾼𨖅也艔𨖲𠓀廳堂犬鷹𠄩𠀲納娘𤼸功󰝂娘補𫴋󰘂房唉群帖丿聀燶渚派𢠩忙秩醒魂梅󰘂茄兜佐楼臺芇低徬徨󰇾醒󰇾醝廳堂𠻵㗂𠾕𣦍𨖲侯了鬟𨖲𫴋𠽖㕰駭雄娘買蹺𡢐每𠊛𥈴𬂙座𢌌圯𨱽天官冢宰固牌撩𨕭班𣈗蠟𤏧堆边𡨌床七宝𡓮𨖲󰜋󰜏𠲟𠴛𦰟𠳨梗查事命娘沛據麻𠳚𠽔不情浽陣𩄲湄𠻵浪種窖巴蜍悁身𡥵尼拯沛善人拯坊遁主時軍論𫯳𫥨傱猫𡏢𪃴同𦋦傱𨻫縱拯双皮芇㐌󰝂命半󰘂𠋺吏群孔頃爫高世尼芇󰑼家法怒𠎩唉朱𠀧𨔿別𢬣󰜋吝了鬟𨕭𤲂㖡噒酉浪𤾓𠱄坤分𨤰芇竹棍𫥨飭拉𠓨𦧘芇拯󰞺肝芇拯驚㤕台桃李󰜋梗󰜋番湄𫗄散情󰜋番花奴傳𠰺𢬭𠸜𢩣𦂛𠰺𠶟𠓨番侍婢𫥨𠓨蹺𠎪青衣𤋵油𩯀𦇒䏧鈘管包管家固󰜋𠋦芇𧡊𠊛𧡊󰞺𫥨𠓨麻傷欺茶𡃹欺茦湯𠢞𠳒方便𨷑塘好生𠰺浪枚𡂳㐌仃柳蒲命𡨹𥙩命朱𫨩拱󰑼寃業之低沙機買旦世尼庄仍於低𦖻壁脈棱𧡊埃悁屬拱𣫲𥆾之矯欺𩆐𩄰不期𡥵溇丐蜆呌咦特冤娘強湥玉如滇餒𢚸𨻫仍盤桓念西風塵刧𠹾㐌𣹓淋炭吏固次尼平𠄩分牢薄拯皮催康康𥾾買𥙩𠊛紅顔㐌仃夙債前寃拱料玉󰞺花殘麻之仍󰑼𢭗搙戈時小姐沛𣇜買𧗱寧家媄𡥵𠻀傳鄰󰑼夫人吏噲娘𫥨𠰺𠳒小姐𤲂帳少𠊛朱𧗱边意蹺𠾕楼粧領𠳒娘買蹺𨖅別兜地獄天堂󰑼兜𣋽𣅘巾𩈘略頭分𡥵侯𡨹𡥵侯監差固欺淹妸朝𡗶竹絲𠳨旦藝𨔈每𣈗領𠳒娘買攄𦀊𠰚𡽫𡃑説易醝𢚸𠊛小姐䀡拱傷才囷威羕拱扒𠄽𦊚分󰘂𠊛𣹓墮𡭧身𣋽嘆咀𩃳𣅘𢟒𢘝𢚸臨淄𡭧義㧅𣠑渃䕯底𡨸相逢刧𡢐𦊚方𩄲𤽸󰜋牟𬂙撝故國別兜󰑼茄吝吝𣎃論𣈗戈餒𧵆芇別塘賒世尼臨淄自課鴛𢒎房空傷几𣎃𣈗隻身𪵟埃𦝄買印痕粉乘香𡳵倍分㤕沙蓮殘菊吏𦭒花愁𨱽𣈗𥐆冬它𨖅春尋兜朱𧡊故人𥙩勾運命𢚹寅𢖵傷𢤜念𢖵景家鄕𢖵圭払吏尋塘𠶀圭小姐迍󰘂啫題寒暄皮𠲟每皮𧵆賒茄香高捲幅𬗢房𥪞傳噲娘𫥨𥛉𢜠𨀈𫥨󰜋𨀈󰜋𨀊𬂙賒娘㐌𤍊澄𡑩賒沛浪𣌝𤈛畑𤍶𤑟𤉜𡓮妬庄󰑼束生悲𣇞情買𤍊情催催㐌𢹇𠓨鑅拯差斫兜固斫𨓐𠁀𠊛兜麻吏固𠊛精魔𤑟𤉜舌侶堆些爫𫥨𡥵於主茄堆坭皮外𡃿𡃿呐唭麻𥪞岩險󰊾𠊛空刀悲𣇞坦濕𡗶高咹爫牢呐爫牢悲𣇞強𬂙𩈘強謹魚𦛌蚕𠾕段如絲𦇒排𢜝威監拯𠳐𠳒儈頭納𫴋𡑝梅󰜋朝生它魄落魂漂傷喂怒拯娘翹於低因爫牢旦世尼催催些㐌𢹇𢬣埃耒𢜝悁監吘𫥨𠳒坤垠湥玉湥洡㳶沙小姐𬂙𩈘𠳨查買𧗱固𭛣之麻動容生浪孝服皮双推𢚸陟𡵆𤴬𢚸終天𠸦浪孝子㐌𢧚洗塵摱󱋓解煩𣎀秋𡞕𫯳󱋓酢󱋓酬扒娘淬𨢇直侯堆坭扒寬扒日旦𠳒扒跪羨𩈘扒𠶆羨𢬣生強如𤵺如𬏝湥𨱽湥𥐆󱋓𣹓󱋓潙𥋓𠫾秩呐秩唭告醝払㐌𡃞排𨃹𫥨小姐倍𠯦𡥵花𡅳払拯𣴓時些固杶生強󰞺𦛌散魂󱋓𠶆沛唅蒲丸燥𣦍小姐唭醒呐醝渚双局𨢇吏排𠻀𨔈浪花奴󰖌每才板弹此𨄹󰜋排払𦖑娘它𤶏𤷮𤺳迷𠳐𠳒𫥨𠓀屏𦂛紊弹𦊚𦀊如哭如嘆遣𠊛𨕭席拱散󰞺𢚸共終󰜋㗂絲桐𠊛外唭𦵚𠊛𥪞哭吟曷珠𣳮𣾻坤扲儈頭払仍拔󰠐湥湘小姐吏𠯦𥙩娘局𢝙𢭮曲断腸意之牢拯別意思咦朱払𢞂把罪時在󰎡生強慘切徘徊倍傍呐呐唭唭朱戈湥𧏵更㐌點𠀧小姐𥆾𩈘羕它甘心𢚸𥢅㕸𢜫𢜠󰠐𣎀𫢩㐌𡀨𤴬吟𥹰𫢩生強肝𤉗𦛌𣹓餒𢚸強𢪀強𠹽𢚸𢚸𠊛𠓨終襘鵉房娘𫥨𢭸𩃳畑𤍑更𨱽悲𣇞買𤑟沁唏𧖱悭兜固𨓐𠁀茄悭斫兜𢩽翠𢺺鴛埃𫥨塘意埃𥆾特埃悲𣇞󰜋域󰜋𡗶歇條輕重歇𠳒是非弭如苝𥘀如鈘󰣞朱𫥨𡢻群咦󰑼緣𢙲廊𡭧分婵娟𣷭漊㳥奇固全特噅󰜋命陰倚𣎀迡𥒃油潙渃眜𣹓𠄼更𣋽𣅘侯下臺楹小姐𪮻𩈘提情𠳨查攄𠳒娘買疎戈沛欺命吏㤕車餒命小姐𠳨吏束生𢚁払查𥙩寔情朱㝹,Nom
3_tale-of-kieu_no.txt,生它戛𦛌如胞呐𫥨拯便𬂙𠓨拯當仍𠲖吏累旦娘𥙩𢚸買仕攄塘𠳨查儈頭跪𠓀𡑝花申供娘買草戈󰜋詞面前呈貝小姐脱䀡羕拱謹魚𡭧情連𢬣𢭂吏束生浪才𢧚重麻情𢧚傷啻庄固数𢀭𢀨價尼酉𨯹茄鐄拱𢧚𣷭塵沉浽婵娟有才傷餒無緣𨓐𠁀生浪舌固如𠳒紅顔薄命󰜋𠊛芇噅𠦳𠸗歐拱世尼慈悲歐料扒𢬣買皮小姐浪意𥪞詞㕸󰝂命薄吀𢘾󰘂空催催催拱朝𢚸拱朱朱𠉝𥪞𨦩𨀈𫥨産觀音閣園些固𣘃𤾓𡱩固花𦊚務固草樹固山湖朱娘𫥨妬𡨹廚劄經曾曾𡗶買平明香花五供攕生礼常迻娘旦𠓀𫢋堂三皈五戒朱娘出家襖撑𢬭幅袈裟法名吏𢬭𠸜𫥨濯泉𣋽𣅙并󰖌油畑春秋割産𠄩𠸜香茶娘自另𨁪園花羕𧵆棱紫羕賒𣻃紅因緣兜女麻懞塊條𢢆粉𢣃紅時催𫢋前慘垃愁󰜗𣈗鋪手字𣎀㘨心香沫台湥渃梗楊烣𢚸𢱓𤎕每塘塵緣𣘽𣙩自阻牟禅𡑝秋𦝄㐌𢽼番𥪸頭𬮌禅杄日䋥毛呐𠳒𠓀𩈘淶珠永𠊛搁經院册堆坭𥪞𡬼𡬷吏𠍭𨑮𬮦山仍󰑼唅咀𠺶嘆小姐沛𣇜問安𧗱茄乘機生買𨇍𫥨侵侵旦𠃅園花貝娘𠸂𠱤𠶁餒断腸湥珠潯瀉㵣𧛇襖撑㐌甘𠹾萡貝情主春底罪󰜋命朱花濕機輸智彈󰜏𬂙𠓨𤴬𦛌呐𫥨礙𠳒為些朱累旦𠊛㵧淋玉𤽸舌𠻓春撑管之𨖲𣴜𫴋涼拱算𤯨𣨰貝情朱双宗堂𡭧渚甘𢚸哏𪘵𢯏󰜋𡨸同爫𠄩𢢆命跢󰞺鐄派𤾓身易贖󰜋𠳒特牢娘浪隻柏㳥濤浽沉拱默𣅶芇󰇀枚𡭧身𠹴𠶔淎洡𤯨乘群想旦𣈙女牢拱料󰜋湥湄𩆋麻朱天下𬂙𠓨拱𫨩啐為琴㐌𤊰𦀊拯𤾓𢆥拱󰜋𣈗緣些料排𨷑󰘂朱𫥨意󰑼情𥘀意󰑼恩溇生浪𥢅想閉𥹰𢚸𠊛岩險別兜麻量𢜝欺𬲄𬲃負傍舌𥢅帝拱吏強極低料麻賒𧼋高𢒎愛恩些固垠尼麻催悲𣇞几虐𠊛吹別包𣇞吏綏𠳒渃𡽫酉浪滝𣴓跢󰍹昆蚕旦𣨰拱群王絲共𠑬計𠲥𡢐𠸗呐耒吏呐𠳒猪歇𠳒𩈘𬂙𢬣拯𡝖移花婢㐌動㗂𠊛𡑩賒忍󰁇𠺶𢣃𥪸𫥨小姐兜㐌𥘶花𨀈𠓨唭唭呐呐𠮾嗷𠳨払買於准芇吏𨔈嚉𨒺生買料𠳒尋花過𨀈䀡𠊛曰經𠸦浪筆法㐌精搊𠓨貝帖蘭亭芇輸惜台流洛江湖𠦳鐄舌拱𢧚模𥙩才婵茶𣴓󱋓紅梅從容綏𨃴書齋共𧗱娘強𠲖唳塢醯掑𦖻𠳨吏花婢𠓀𡢐花浪󰜏旦㐌𥹰𥩯蹎𥪸吏度兜姅𣇞伶伶技𩯀蹎絲󰋇𠳒𦖑歇㐌餘𤍊詳包饒段苦情傖餒翁勿𡳎餒娘咀嘆垠碎𥪸吏󰜋边󱋓𦖻耒買𨀈𨖲𨕭楼𦖑催驚駭挈兜弹󰜏世意𧡊歐󰜋𠊛意󰋇肝意󰋇才𢪀強添餒𤺲荄用移𠊛兜溇色渃𠁀麻払束沛𫥨𠊛抪𢬣寔賍扒特󰟯尼𧖱悭埃拱𠺾眉哯𪘵世麻淹拯待騰嘲𠶆𢝙𨤔呐能妙𢬥恨𠱋𫥨胣世常唭𠱋買舌坤量險溇身些些沛𢗼歐𠱄𤞻蝳𧋻於兜准尼啻庄执𦑃高𢒎樔𣘃𥹰拱固𣈗𢯏花分䕯包管渃沙泠汀兜女拱󰑼泠汀診𠲖圭客󰜋命𢬣空渚易尋鑅廕𩛂𢪀𠫾𢪀吏𨒺孤𫢋前産固每圖金銀边命㩫底𫉚身吝𦖑更㐌󰜋份𪔠𠀧拮命戈𦰟墻花𨁮塘蹺𩃳𦝄斜𧗱西𩆪霧𨤵㵧頽𣘃㗂𬷤店月𨁪𩌂捄霜更𣅘身𡛔𨤵長份𠲖塘舍份傷𤋵油𡗶東皮𠓁岸橷巴為芇㐌別兜󰑼茄廚兜𬂙𧡊𡑩賒伶伶招隱庵𠀧𡨸排侵侵𢮭𠃅𬮌外住持𦖑㗂逴𠶆𠓨𥪞𧡊牟咹𧞾𣘽𣙩𮗓緣師張𫅜𢚸連傷𠴞𠴛梗𦰟朱詳𨓐𨓡娘唉尋塘呐𨒺小禅圭於北京皈師皈佛脩行闭𥹰本師耒拱旦𡢐𠰺迻法宝𨖅侯師兄𣈙𠳐面献伶伶鍾鐄磬鉑边命𢷣𫥨䀡耒師買𠰺戈沛尼恒水󰑼些厚情診𠵱塘舍󰜋命於低除待師兄𠃣𣈗𢭮身特准庵𩄲𪉥荼塔𢬭𣎃𣈗從容偈經勾𡳵屬𢚸香畑𭛣𡳵齋房悁𢬣𣋽𣅙𦲿貝旛𩄲𦰟畑挑月㗂𣖖󰈯霜𧡊娘聰慧恪常師強𢘝𩈘娘強凭蹎󰘂禅皮𣇜𡳜春𩃳花𩄓坦𨤔銀昂𡗶𫗄光𩄲凈請台固𠊛𣐙越𨖲𨔈󰘂伽󰇾圖鍾磬䀡戈𠸦浪窖種𧵑茄宦娘𮗓緣寔意𢗼量𣎀清買𠳨吏娘𠓀𡢐𢪀浪坤餒𨁪牟事命娘買𨃴頭排𣦍悲𣇞事㐌󰟯尼分𠍦油磊油枚在𠊛𮗓緣𦖑呐用移姅傷姅𢜝徘徊庄双𠯇𦖻買計事𢚸於低󰘂𫢋󰑼空狹咦𠲖庄仍事不期底娘朱旦餒時拱傷另賒𠓀料尋塘𡓮除渃旦朋󰟯群圭固茄户薄边箕庵𩄲悁𫮇𠫾𧗱油香𠴍𨖅吲歇每塘𢮪茄唉暫朱娘躇蹎仍𢜠特准安身倍傍芇及并𧵆并賒芇𪟽拱祖姂𦓅薄󰜏𭓇貝秀󰜏同門𧡊娘󰚷粉鮮𣘈𢜠忱特䋦半奔固利虚空達底𢧚𠳒娘它𢀲落用移𡗋番𠋦強摳𠽖朱連𥙩𠳒凶險押緣朱陳浪娘𬮙𨤵󰜋身吏忙𥙩㗂𭁈𧵆𫅜賒𥠭冤家𧵑破家群埃監躇𠓨茄女低急算劍准車𦀊空仍渚易麻𢒎塘𡗶坭𧵆時拯便坭坭賒時拯固𠊚芇賒固払薄倖𡥙茄拱𥪞親戚𦛌𦓅拯埃󰘂行奔半州台舌他固󰜋单差拯兮世芇娘拱沛𦖑成親耒仕料𧗱州台闭𣇞埃吏別埃油𢚸𣷭𢌌滝𨱽清清娘油決拯順情債𠳒𡑩𠓀累命旦𡢐娘強𩈘塢眉咮強𦖑𠋦呐強𤴬如𢴍娘強𩈘塢眉咮世󰠃娘買賒𧵆咀嘆妾如𡥵燕落弹沛弓𣈙㐌𢜝欄𣘃𢏢󰠃塘油并𡨸從別𠊛別𩈘別𢚸爫牢𢜝欺閍󰜋世芇半𤞻奔𤢿𠺵𠓨𦡟兜油埃𢚸固所求心盟吀決貝𠑬󰜋𠳒証明固坦固𡗶閉𣇞𢵼𣷭𫥨𣾺管咦特𠳒𠋦買𦋦𠫾𠼽信户薄即時攕生󰜋茄撰揲灵爭𢭯𡑝達桌𣳮瓶𤏧香薄生跪𫴋倍傍過𠳒願歇城隍土公外𡑝𢚸㐌𤏣𢚸𥪞幔爫礼絲紅結緣成親買逴𫴋船順帆󰜋𦲿吹沔州台船皮杜𣷷請台薄生𨖲𠓀尋坭每𣈗拱茄行院𠸗󰅒拱坊半𦧘拱𢬣奔𠊛䀡𠊛定價皮耒䋦行沒㐌𫥨𨑮時奔摱𠊛𠾔轎逴娘薄󰝂𩈘薄劍塘朱賒轎花達𠓀㙴花边𥪞𧡊󰜋𠋦𫥨倍傍迻娘𠓨𥛉家堂拱神眉𤽸拱坊樓撑脱𬂙娘㐌別情𪀄篭坤𨤰拮命𢒎高㓠吒丐数花桃󰇾𫥨耒吏𥾾𠓨如𨔈𢪀𠁀麻喭朱𠁀才情之𡗋朱𡗶坦慳惜台渃㐌打礬麻朱𡎛吏沕𨖲󰋇吝洪鈞貝客紅裙㐌搓旦世群運渚他呂自渃𨀈𨀈𫥨丐身料仍自茄料𠫾頭撑㐌罪情咦𦟐紅𡊰過姅時渚催別身𧼋拯塊𡗶拱料𩈘粉朱耒𣈗撑吝驢𫗄沫𦝄清俸兜固客边庭𨖅𨔈𩭶𤞻𦛜燕眉𧍋𦠘𠄼𡬷𢌌身𨑮𡱩高堂堂󰜋𠎬英豪棍拳欣飭畧韜𠁟才隊𡗶踏坦於𠁀户徐𠸜海本𠊛越東江湖悁趣捤摓鎌弹姅挭𡽫滝󰜋棹戈𨔈𦖑㗂娘翹𬌓𢚸兒女易漂英雄帖名迻旦楼紅𠄩边共𥆁𠄩𢚸共𢛨徐浪心腹相期沛𠊛𦝄𩙌勿噅𫨩牢闭𥹰𦖑㗂𦟐桃眜撑拯底埃𠓨固空󰜋𠁀特󰋇英䧺𡀨之𩵜𡊱𪀄篭麻𨔈娘浪𠊛𠰺過𠳒身尼群監䀡埃爫常𡭧𥢅𢮪跢此鐄別兜麻𢭮肝腸𠓨兜群如𠓨𠓀𫥨𡢐埃朱挸𢮪鐄鍮在命徐浪𠳒呐有情遣𠊛吏𢖵勾平原君吏低䀡吏朱𧵆倣信特󰜋𠄽份𫨩空𠽔浪量奇包容晉陽特𧡊𩄲𧏵固番𢌌傷𦹵内花𠍦𡭧身䕯浡𪾋煩𣈕𡢐𦖑𠳒皮意𩠓頭𡭧身䕯浡𪾋煩𣈕𡢐𠸦朱𡥵眜精𠁀英䧺別𡧲塵埃買𦓅󰜋𠳒㐌別旦些𬮙鍾𠦳駟拱󰑼固𠑬𠄩边意合心投欺親拯路󰑼求買親事𢚸吘貝冰人𠄩𤾓吏據原銀照还𢩣𥢅𢯢准清閒達床七宝圍幔八仙󰛐英䧺𡛔婵娟匪願𧴤鳳惵緣騎𧏵姅𢆥香焒當濃丈夫脱㐌動𢚸𦊚方𬂙撝𡗶𣷭溟茫青鎌鞍馭𨖲塘𥊢𨀐娘浪分𡛔𡨸從払𠫾妾拱決𢚸吀𠫾徐浪心腑相知牢渚脱塊女兒常情包𣇞𨑮萬精兵㗂鼙𠰺坦𩃳旌𩄓塘爫朱𤑟𩈘非常闭𣇞些仕逴娘宜家朋𫢩𦊚𣷭空茄蹺強添絆別󰑼𠫾兜忊𢚸除妬𠃣𥹰迡庄󰑼󰜋𢆥𡢐倍咦決𠳒𠞹襖𫥨𠫾𫗄迻鵬便㐌離𨤵𣾺娘自隻𩃳窻梅𣎀輸鄧鄧日掑杄𩄲𡑝𦼔拯𦘧𨁪𩌂𦹵高欣𡱩柳𤷍𠄽分兑𬂙𬮙𨤵梓枌魂圭蹺𦰟𩄲秦賒賒㤕台萱𦓊椿𦓅𬌓𢚸傷𢖵別󰑼固𢢯祝󰑼𨑮󰋇𢆥𡗶群𫥨欺㐌䏧瑁𩯀霜惜台𡭧義𡳵強酉離𦬶意群王絲𢚸緣㛪油綏𥿗紅理𫥨欺㐌𢬣𢸚𢬣𫼳𡬷𢚸故國他鄕塘箕餒怒滾昂排排𦑃鴻𢒎俸絶撝㐌󰍹𡥵眜方𡗶㴷㴷𣎀𣈗𨻫仍陰忱焒兵兜㐌喑喑󰜋方𡴯𡗶殺氣𢠩忙𣹓滝鯨鰐秩塘甲兵𠊛悁属几終𨒺啂娘唉暫另命󰜋坭娘浪𠓀㐌限𠳒酉𥪞危險監移約𠸗群當用賸菫魚𠃅外㐌𧡊𩃳旗㗂𬫤甲兵捁旦𨒺茄同声共𠳚芇󰑼夫人𠄩边𨑮位將軍達鎌𢶷甲𠓀𡑝叩頭宮娥彩女蹺𡢐浪𠳐令旨逴𠎫于歸産床鳳輦鵉儀花冠𤎒𤈪霞衣焒𤉜孕旗浽𪔠𨖲唐竹絲𧻭𠓀轎鐄捁𡢐火牌前路󰖁毛南庭𦖑動𤿰𠎫大营捁旗壘發銃城徐公𫥨馭親迎󰘂外焒命󰑼𨤔巾帶唉群頷燕眉蛾如𠸗唭浪𩵜渃緣𢛨𢖵𠳒呐仍包𣇞𫨩空英䧺買別英䧺𣈙䀡倣㐌甘𢚸意猪娘浪𡭧分𬏝𠽔拱枚𦀊葛特𢖵𩃳𣘃旦悲𣇞買𧡊低麻𢚸㐌質仍𣈗󰜋𠄩共𠑬𬂙𩈘奇唭攔𢬣𧗱准帳梅敘情席排賞將犒兵喑㗰𤿰陣㕸𠴔楽軍榮花𡀨𣅶風塵𡨸情𣈗󰜋添春󰜋𣈗中軍因𣅶𢝙圍從容買計傳𣈗寒微欺無錫欺臨淄坭時𩢬倒坭時㤕傷𬌓身𣈙㐌弭羕𡭧群恩怨堆塘渚双徐公𦖑呐始終不平浽陣同同𩆐㘇嚴軍撰將産床𤲂旗󰜋令倍傍󰖁𣋀𠀧軍指𦰟旗桃道𫥨無錫道𠓨臨淄󰋇𠊛負薄𠸗箕照名追拿󰝂𧗱𠳨查吏差令箭傳𫥨𡨹𢷹户束󰜋茄朱安𠋦管家娓覺緣拱差令箭󰝂信逴𠶆誓師計歇每𠳒𢚸𢚸拱恨𠊛𠊛執威道𡗶报復診𠺳𢺹𠫾每我縿𧗱𠾕坭軍中鎌𢀲槊𨱽衛𥪞侍立奇外双披産床齊整威儀博銅秩坦旌旗𩄓𡑝帳𤞻𨷑𡧲中軍徐公𠁔貝夫人共𡓮先嚴𪔠渚𢴑回點名𠓀引直外󰘂轅徐浪恩怨堆边墨娘處決报𡊰朱明娘浪閍𢚁威灵唉吀报答恩情朱孚报恩耒仕者讎徐浪役意底朱默娘數𠸜𠓀唱束郎𩈘如藍睹命羕󰚔󰠖娘浪󰒂𥘀𠦳𡽫臨淄𠊛𡳵払群𢖵空參商拯院𡨸從在埃𧯶監負𢚸故人錦𤾓綣鉑𠦳斤謝𢚸易稱报恩噲󰑼𡞕払鬼怪精魔番尼几𠎨󰜏𦓅﨤𠑬蜆𨆶𠱄𡃹渚𥹰謀漊忊者󰒂溇朱皮束生𬂙𩈘閉𣇞蒲灰払㐌如湄㵣潭𢚸𥢅𢜠𢜝坤扲𢜝𠊝麻吏𢜠󰠐朱埃𠋦𦓅師長次𠄩脱迻旦𠓀倍𠶆𨖲𨕭𦄵𢬣𨷑𩈘朱𥆾花奴箕貝濯泉拱碎𢖵欺𢙲𨀈侈撝𡽫鐄渚易𡊰賠𬌓傷𠦳鐄噲𡭧礼常麻𢚸漂母󰋇鐄朱斤𠄩𠊛𬂙𩈘秦垠姅份怯𢜝姅份𢜠𢝙娘浪吀唉󰟱𡓮䀡朱𤑟𩈘別碎报讎急傳諸將献俘吏󰝂各跡犯囚候查𤲂旗鎌捽匣𫥨正名首犯𠸜󰑼宦姐賒𬂙娘㐌嘲𠽔小姐拱固碑𣇞旦低弹󰜏易固󰋇𢬣𠁀𠸗󰋇𩈘𠁀尼󰋇肝易𢬥󰑼腿紅顔強𨢟孽𡗋強冤債饒宦姐魄落魂漂叩頭𤲂帳攄條呌󰞻浪碎𡭧胣弹󰜏悭𢣆時拱𠊛些常情𢪀朱欺閣曰京貝欺塊󰘂𢴑情拯蹺𢚸𥢅𥢅拱敬腰𫯳終渚易埃朝朱埃啐它𨢟役蔠荄群𢘾量𣷭傷排芇庄𠸦朱窖㐌𢧚浪坤頑旦墨呐能沛𠳒他𫥨時拱枚𠁀爫𫥨時拱𫥨𠊛𡮈𡮫㐌𢚸知過時𢧚傳軍令𫴋帳前他𬆄謝𢚸𥛉𠓀𡑝𩄲󰘂軒吏𦄵󰜋𦀊引𠓨娘浪弄弄𡗶高害人人害事芇在些芇󰑼萡幸萡󰜏芇󰑼鷹犬芇󰑼楚卿秀󰜏貝馬監生芇󰑼鷹犬芇󰑼楚卿令軍傳𫴋𫔭刀誓牢時吏據牢加刑𥁚淶䏦𡐘散情埃埃𬂙𧡊魂驚魄移朱𫨩𬮙事在𡗶負𠊛拯𡀨欺𠊛負些󰋇𠊛萡惡精魔命爫命𠹾呌麻埃傷𠀧軍冬𩈘法場青天白日𤑟𤉜朱𥋳役娘报復皮耒𮗓緣倍㐌𠳚𠳒辞歸娘浪千載一時故人㐌易󰋇欺盤桓耒低䕯合𩄲散別兜鶴内𩄲岸󰑼兜師浪拱拯包𥹰𥪞𠄼𢆥吏﨤𠑬妬麻𢖵𣈗行腳方賒﨤師三合本󰑼先知𠶓朱會遇之期𢆥󰅒󰑼󰜋女時𠄼𢆥買𫨩前定拯啉㐌信條𠓀乙𥄮役𡢐群𡗉恩󰒂貝𠑬機緣芇㐌歇兜倍咦娘浪前定先知𠳒師㐌𠰺乙時拯差禍包𣇞固﨤𠊛為碎𢚁𠳨󰜋𠳒終身𮗓緣𠳐吲殷勤謝辞脱㐌移蹎𡎝外娘自恩怨攊𢬗𣷭冤󰟯㐌潙潙𣴓𢚸謝恩𥛉𠓀徐公𡭧身蒲柳芇懞固𣈙𠑈𢘾𩆐𩄰𫥨𢬣𡬷𥢅如拮挭𣹓睹𠫾湛𩩫劄胣挈之易󰝂肝腛𡊰󰒂𡗶𩄲徐浪國士𠸗󰅒𢮪𠊛知己󰜋𣈗特庄英䧺㗂㐌噲浪𡧲塘欺𧡊不平麻他,Nom
3_tale-of-kieu_no.txt,況之𭛣拱𭛣茄路󰑼深謝買󰑼知恩㤕娘群𡭧双親悲𥹰几越𠊛秦隔賒牢朱𬮙𨤵󰜋茄朱𠊛𧡊𩈘󰑼些甘𢚸倍傳𢯢席軍中𬮙兵𠦳將會同洗冤乘機竹扯瓦散兵威自妬𩆐攔𥪞外朝廷𥢅󰜋𧣳𡗶𠁟𠄩文武攊堆山河𠾕干𫗄𢭯湄沙縣城踏睹𠄼座海南風塵𪿥󰜋𥚇鎌仍類架襖襊𩚵詫咦迎昂󰜋𡎝边陲少咦孤寡少咦伯王𠓀旗埃监爭強𠄼𢆥雄據󰜋方海瀕固官總督重臣󰑼胡宗憲經綸𠁟才𢩽車𠳐旨特差便宜撫剿𭛣外董戎別徐󰑼𠎬英䧺別娘拱預軍中論盤埬軍爫斫招安封書󰣱礼差官説降吏𥢅󰜋礼貝娘𠄩𠸜彩女玉鐄𠦳斤信𠓨𠳚𠓀中軍徐公𥢅唉𨑮分糊塗󰜋𢬣𨢟孕基圖闭𥹰𣷭楚滝吳縱横抪身𧗱貝朝廷降臣嚧咾分命𫥨兜襖襜𢬥𦄾𥙩𠑬𠓨倫𫥨儈公侯麻之牢朋𥢅󰜋边陲飭尼㐌易爫咦特𠑬𢹅𡗶𢭴渃默油育昂芇別𨕭頭固埃娘時舌胣信𠊛𧵑𡗉呐𠮾𦖑𠳒易漂𢪀命𩈘渃𦑃䕯㐌𡗉流落吏𡗉艱屯朋𫢩𠹾㗂王臣清清塘丐青雲狹咦公私院奇𠄩皮寅茄耒仕料𧗱故鄕拱𡾵命婦堂堂𦬑囊眉𩈘焒𤉜媄吒𨕭為渃𤲂為茄󰜋󰑼得孝𠄩󰑼得忠拯欣隻柏𡧲𣳔𠲖𠽮㳥𢯞駭雄渃沙因欺盘萡𧵆賒乘機娘買盘𫥨呐𠓨浪𥪞聖澤𣼭𤁓𢱓𫥨㐌泣滲𠓨㐌溇平成功德闭𥹰埃埃拱隊𨕭頭別包𡄎自𧻭𭛣兵刀埬𩩫無定㐌高朋頭爫之底㗂𧗱𡢐𠦳𢆥埃固𠸦兜黃巢牢朋祿重權高功名埃𠞹𡓃芇朱戈𦖑𠳒娘呐𪉽麻󰡫攻徐買阻𫥨󰡫降整儀接使倍傍𭉑期束甲決塘解兵信𠳒城下要盟𦰟旗魚萼𪔠更雉長𭛣兵補拯𡨹𢬥王師𥉰㐌𤍊詳寔虚胡公決計乘機礼先兵后刻期襲攻捁旗招撫先鋒礼儀攔𠓀博銅伏𡢐徐公哬𠾿別兜大冠礼服𫥨投󰘂轅胡公暗號陣前𠀧皮發銃𦊚边捁旗礼儀攔𠓀博銅伏𡢐𤞻𤍌欺㐌沙機拱𠍦死生料𡧲陣前惮𠫅朱別肝連將軍氣𤍌欺㐌𧗱神然然群𥪸墫蹎𡧲𨦩猪如跢𠠊如銅埃𢯦拯轉埃搈拯移官軍乘󰡫𨆏𨱽㗀㗀殺氣𩁶𡗶埃當𥪞濠外壘散荒乱軍皮𢴑𢬣娘旦坭𥪞𨦩𥏌跢排排𧡊徐群𥪸𡧲𡗶猪猪哭浪智勇固乘𤳄𦖑𠳒妾旦機會尼𩈘芇𬂙𧡊𠑬低他料𤯨𣨰󰜋𣈗貝𠑬𣳔秋如澮干愁𢴑𠳒娘拱招頭󰜋边𨓐台冤氣相纏娘皮伏𫴋徐連我𫥨官軍几吏𠊛戈㤕娘仕吏㩫𫥨寅寅引𠓨旦𠓀中軍胡公𧡊𩈘殷勤𠳨𠻃浪娘𡭧分紅顔﨤干兵革𡗉難拱傷㐌𫨩成算廟堂𠢟功拱固𠳒娘買𢧚悲𣇞事㐌萬全默𢚸𢪀𥙩闷吀皮芇娘強湥玉𣻆𤁓𠲺󰁇買𠳚濕高事𢚸浪徐󰑼𠎬英雄育昂𡗶𢌌捤摓𣷭𣾺信碎𢧚過𦖑𠳒󰝂身百戰爫碎朝廷𡂂󰑼夫貴婦榮埃𪟽󰜋丿散晴𦧘𩩫𠄼𢆥𡗶𣷭昂藏𡁾󰝂命補戰場如空窖𡅳計𥙩爫功計包饒吏𤴬𢚸閉饒𪹾命功𠃣罪𡗉𤯩乘碎㐌𢧚料命碎吀朱淺土󰜋堆噲󰑼塔店𥙩𠊛死生胡公𦖑呐傷情傳朱稿喪遺形边滝軍中𨷑席賀功𠮿敲絲竹會同軍官扒娘侍宴𤲂幔𢷣醝吏押紊彈日奏󰜋宮𫗄𢣃湄愁𦊚𦀊㳶𧖱𠄼頭𦰟𢬣蟡吟猿唿芇齊律𦖻胡拱𤶑眉淶珠𠳨浪尼曲於兜𦖑𫥨𬮙怨𠦳愁𡗋台𠽔浪萡命曲尼譜𠓨弹意仍𣈗群疎宮琴攄仍𣈗𠸗麻𦎛萡命悲𣇞󰑼低強𦖑強㴷強醝酉朱𩈘鉄拱𬏝為情𠰺浪香焒𠀧生𦀊鵉吀綏琴𫅜朱埃𠽔浪𡭧分落類𥪞命𢪀㐌固𠊛托冤群之女𦑃花殘絲𢚸㐌𢴑𦀊彈小燐𢌌傷群𤗖紅裙唏殘特𧡊㭲枌󰑼枚賀功󱋓㐌過醝胡公旦𣅶𤏬𣈗𢖵𫥨𢪀命方面國家官𨕭𥄮𫴋𠊛些𬂙𠓨沛從𦝄𫗄𫨩牢事尼別并世芇特低公衙皮貝𤏬𣈗決情胡買断𬆄󰜋排令官埃𪾋改𠳒押情買擀朱𠊛土官翁絲寔𠰚多端𦲿幔𢷀濕𦰟畑挑高轎花押𥊢𫴋船𦲿幔𢷀濕𦰟畑挑高娘強塢柳派桃𤾓份芇固份芇份鮮忊身洁垃㳥𣼯刧功吒媄舌𠁀聰明蹎𡗶𩈘𣷭冷汀𢷀𩩫別𠳚死生准芇緣兜埃𠞹絲桃𡢻兜埃俸㩫𠓨羨坭身牢身旦世尼群𣈗芇拱餘𣈗意催㐌空別𤯩󰑼𢝙𬌓身芇別舌耒󰑼傷󰜋命𠹽䔲𤾓塘催時󰞺玉散鐄時催𤗖𦝄㐌搁𡽫兑󰜋命𨻫仍𥪸𡓮渚双潮兜浽㗂同同𠳨𫥨買別浪滝錢塘𢖵𠳒神夢𤑟𤉜尼催歇刧断腸󰑼低淡仙娘𠰚固𫨩限些時沛𤲂尼逴些𤲂畑産幅箋花󰜋篇絶筆噲󰑼底𡢐𬮌蓬倍𨷑簾珠𡗶高滝𢌌󰜋牟包󰑼浪徐公厚待些𡭧為役渃麻𫥨負𢚸󰊾𫯳麻吏𥙩𫯳𩈘芇麻吏𥪸𥪞𡎝𠁀催時󰜋𣨰朱耒𬌓𢚸付默𨕭𡗶𤲂滝𬂙撝𡥵渃溟濛󰝂命招𫴋𡧲𣳔長江土官蹺𢵼倍傍時它㴷玉沉香過耒傷台拱󰜋刧𠊛害台𫼳𥙩色才爫之仍󰑼冤苦流離除朱歇刧群咦󰑼身𨑮𠄻𢆥闭饒吝爫𦎛朱客紅裙此𤐝𠁀𠊛旦󰡫時催𥪞機陰極陽回坤𫨩󰋇𠊛孝義𠸗󰅒𡗶爫之旦𥹰𣈗強傷𮗓緣自節啫娘㧅瓢掛篋𢌌塘雲遊﨤󰜏三合道姑從容𠳨歇𡮈蘇事娘𠊛牢孝義睹塘刧牢逸仍断腸世催師浪禍福道𡗶檜源拱於𢚸𠊛麻𫥨在𡗶麻拱在些脩󰑼檜福情󰑼𦀊冤翠翹色巧坤頑無緣󰑼分紅顔㐌忊吏𫼳𥙩󰜋𡨸情墟墟命𥾾𥙩命𠓨𥪞丕𢧚仍准從容於空安穩𡓮空凭鐄魔迻𡓃鬼󰝂塘吏尋仍准断腸麻𠫾歇難意旦難箕青樓𠄩𦀎青衣󰜋吝𡧲𨦩槊𢫡鎌陳掑𪘵𤞻𤢿𠳚身碎𠾕𡧲𣳔渃汜㳥𣼭𠓀頷𧏵𩵜招𩝇永腥寃箕蹺買貝情󰜋命命𠹾󰜋命命𫨩爫朱𤯨墮𣨰𣹓断腸朱歇刧尼買催𮗓緣𦖑呐用移󰜋𠁀娘𠰚傷喂群咦師浪双拯兮之業緣𢩮吏斤𠫾群𡗉𪹾𥪞罪業翠翹𢹇條情愛塊條邪淫𥙩情深者情深半命㐌動孝心旦𡗶害󰜋𠊛救󰜋𠊛別塘輕重別𠳒沛庄所功德意埃朋夙愆㐌𣳮淩淩攊耒欺𢧚𡗶拱朝𠊛弭羕𡢻𠓀𡊰賠緣𡢐覺緣油𢖵󰒂𠑬錢塘且󰜋𤿤𦰤逴𠊛𠓀𡢐朱院沒𠳒緣些麻拱福𡗶之空𮗓緣𦖑呐𢜠𢚸鄰󰑼尋趣边滝錢塘打筝笘𡳽草堂󰜋间渃碧𩄲鐄𢺺堆𠾔𢆥魚父𠄩𠊛㨂船直𣷷結𦄴𢬥滝󰜋𢚸詫管󰋇功窖台﨤𨔉拱𥪞轉運翹自招𫴋溋銀渃𣵶俸㐌㵢寅羨坭漁翁𦀽䋥𢵼𠊛𡄎唎三合𤑟𨑮拯吪𨕭𦩚冽沫襖𬗢酉淫唏渃渚𤍶𩃳𦎛𮗓緣𥆾舌𩈘娘娘群帖帖聀鐄渚派𢠩忙魄桂魂梅淡仙脱㐌𧡊𠊛𣈗𠸗浪碎㐌固𢚸除𠅎功𨑮󰋇𢆥乘於低姉牢分𤘁福𠫅刧𠸗㐌丕刧尼易埃𬌓𢚸㐌透旦𡗶半命󰑼孝救𠊛󰑼仁󰜋念為渃為民陰功拮󰜋銅斤㐌𦓅断腸數捽𠸜𫥨断腸疎沛迻麻者𠑬群𡗉享受𧗱𥹰緣𠸗𡃋陣福𡢐𣼭𤁓娘群魚菫別牢濯泉𦖑㗂噲𠓨边𦖻逸命脱醒聀梅氷傾芇㐌別埃麻𥆾𥪞船芇𧡊淡仙边命只𧡊覺緣𡓮掑𧡊𠑬𢜠𢙲𤾓皮𢶿船買逴娘𧗱草蘆󰜋茹終乍𣋽𬁑𫗄𦝄沫𩈘𪉥荼齋𢚸𦊛皮八咯溟濛潮𤼸𣋚𣋽𩄲篭𠓀𡢐難𠸗拙瀝漏漏緣𠸗渚易別兜准尼餒娘灾難㐌𣹓餒払金重闭迡買傷自𣈗𬮙𨤵扶喪姅𢆥於坦遼陽吏茹倍𨖅園翠𠻀𪡔𥆾䀡風景𫢩它恪𠸗𣹓園𦹵木盧𠽔窻𩄲𡕷𡎝壁湄也移𠓀𡢐芇𧡊𩃳𠊛花桃𢆥外群唭𫗄東㕸𠱊燕翎梁空𦹵攔𩈘坦𦼔封𨁪𩌂𡳜墻荄𫈅木𣹓𠫾𧗱尼仍𡓃尼𢆥𠸗終𨒺𣼽汔如祠餒念心事悲𣇞𠳨埃𠌇盈固几𨖅𨔈鄰󰑼仕𠳨󰜋𠄩事情𠳨翁翁𢹇訟庭𠳨娘娘㐌半命救吒𠳨茹茹㐌移賒𠳨払王貝共󰑼翠雲調󰑼沙率庫巾𦁼𠾔曰𢩤劍咹吝回條兜𩄰打𦡟𡗶𡁾𦖑払𡁾用移挈包𠳨𠶀移住坭㝹劍塘払買尋𠓨羨坭茹箏壁坦左哉𦰤撩簾濕竹掑藩疎󰜋𡑝坦𦹵淫湄強嗷喭餒強魚謹󰟯打料𨖲㗂外墻払王𦖑㗂倍傍𧼋𫥨㩫𢬣倍逴𠓨茹𠃅𡢐員外翁󰜏𫥨𣦍哭嘆計歇念西払喂別餒渃尼朱猪翹兒分𤘁如祠󰜋𠳒㐌磊𩯀絲貝払﨤干家變𨓐󰟯半命伮沛尋塘救吒用浪欺𨀈蹎𫥨極𤾓𠦳餒吲𠀧𦊚吝啐𠳒𥘀貝郎君摱昆㛪伮翠雲𠳙𠳒噲󰑼者𡭧󰒂𠊛情尼弋弋閍𠁀渚𫺴刧尼緣㐌負緣夜臺群別𠱊𡊰來生󰋇𠳒記註丁寧𠳚𢚸底吏拮命𫥨𠫾分牢薄󰋇翹兒払金𧗱妬𡥵時𠫾兜翁󰜏強呐強𤴬払強𦖑呐強油如荼勿命浘𫗄𣻆湄淫𣾸湥玉矧蜍魂梅𤴬𠾕段𤴥𠾕催醒𫥨吏哭哭耒吏迷𧡊払𤴬餒別離忍󰋈翁買撫𧗱解𡅳碑𣇞板㐌埬船㐌忊分萡坤𡊰情鍾過傷𡭧󰒂㧅𢸚𠦳鐄身意易𠸣補牢𠴗𠯼𡅳解𤾓朝焒煩強拉強挑䋦煩誓初𢷣旦金環𧵑初吏𢷣旦彈貝香生強𬂙𧡊強傷肝強息最𦛌強㤕沙浪碎啐呂蹎𫥨底朱旦餒㵢花𣼸䕯共𠑬誓説㐌𡗉仍條鐄跢沛條呐空猪𧜖襘拱𡞕𫯳𢚸芇麻𡝖𠞹𢚸朱當包饒𧵑󰋇𣈗塘群碎碎󰜋﨤娘買催餒傷呐拯歇𠳒謝辞生買湥洡𨀈𫥨倍𧗱𢯢准園花逴𠶆員外翁󰜏共𨖅晨昏𢟙𡭧礼常養親𠊝𬌓𢚸娘𣈗初丁寧𥓄淚劄書割𠊛尋嘬迻祠𠴍㖇別包功𢩤𧵑𠾔臨清󰋇度𠫾𧗱𨤵𣾺𠊛󰜋坭𠳨󰜋坭溟濛芇別𣷭𡗶坭㝹生強慘切渴滈如燶肝鉄如鉋𢚸𣘈𦛌蚕𣈗󰜋痚𤈊雪霜𣈗󰜋耗󰍹命蟡矧䜹𣅶醒𣅶迷𧖱蹺渃眜魂離占包椿萱𢗼𢜝挈牢過𫥨欺旦世芇麻𫨩倍傍攕礼撰𣈗緣雲𣋽㐌車𦀊朱払𠊛窈窕客文章󰜩才𡛔色春當皮時雖浪𢝙𡨸于歸𢝙尼㐌挌愁箕特芇欺咹於𣅶𫥨𠓨強歐緣買強𤁓情𠸗餒娘𢖵旦包𣇞𣻆珠𠾕陣紆絲𤾓𨦩固欺永𨤔書房炪爐香𢷣泛桐𣈗𠸗𢯏𢴾𠱋𠯇㗂絲沉𢒎𤁕𤐡𫗄迻𢯦簾羕如边厔𠓀㙴㗂嬌同望𩃳袩𢠩忙𤳄𢚸鑿跢𥱬鐄想娘𢧚吏𧡊娘𧗱低仍󰑼煩悶𣎀𣈗春秋別㐌𢬭𠊝󰋇吝制科﨤會場文王金共占榜春󰜋𣈗󰘂𡗶𢌌𨷑塘𩄲花嘲𡉦杏香𢒎𨤵枌払王𢖵旦賒𧵆𨖅茹終老謝恩周全情𠸗恩者󰒂𡊰加親吏買結緣朱陳金自弭𨀈青雲餒娘強𢪀賒𧵆強傷意埃吲玉誓鐄悲𣇞金馬玉堂貝埃䓪䕯蹎㳥落類𢪀命榮顕傷𠊛流離𠳐𫥨外任臨淄𬮦山𠦳𨤵妻兒󰜋團琴堂𣈗𣎃青𫔮𣋽𣅘㗂鶴㗂弹逍遙,Nom
3_tale-of-kieu_no.txt,𣎀春帳𢷀花桃娘雲𬛩俸占包𧡊娘醒𫥨買𭓇共払𦖑𠳒払拱𠄩塘信𪟽怒臨清貝臨淄恪𠑬󰜋𫳘或欺固啉𥪞機声氣相尋於低或固佳音庄󰑼升堂払買𠳨查户都固几吏𦓅𠽔𨖲事尼㐌外𨑮年碎它別𩈘別𠸜伶伶秀󰜏共馬監生固模𠊛於北京迻𧗱翠翹色巧埃皮㐌藝弹吏󰖌藝文疎堅貞拯沛肝皮料命世意沛𩢬世箕風塵𠹾㐌醯𠽮𦀊緣𡢐吏車𧗱束郎沛𢬣𡞕奇𢰺傍扒𧗱無錫算塘𢯏花堛命娘沛遁𫥨拯枚吏﨤󰜋茹萡箕脱奔𧗱脱半𠫾𩄲㵢䕯浽少咦󰑼坭俸兜吏﨤󰜋𠊛欣𠁀智勇迎𡗶威灵𥪞𢬣𨑮萬精兵捁𧗱埬秩󰜋城臨淄𩯀絲各跡每欺怨時者怨恩時者恩㐌𢧚固󰒂固仁𠓀𡢐論院賒𧵆議𠸦双群渚別户𠸜事尼𠳨束生員買詳𦖑𠳒都呐𤑟𤉜即時迻帖𠶆払束生餒娘𠳨歇分明𫯳𡥵兜佐姓名󰑼咦束浪﨤𣅶乱離𥪞軍碎𠳨少咦𩯀絲大王𠸜海户徐打悁𤾓陣飭餘𬮙𠊛﨤娘時於州台𨓐咦國色天才沛緣捤摓𥪞闭饒年爫𢧚動地驚天同同大屯軍埬𡎝東𧗱𡢐拯別雲夢爫牢𦖑詳梗𦰟消耗𢚸𥢅払𨻫勞刀矧蜍㤕台隻𦲿巴為刧風塵𢷀包𣇞朱双花蹺渃沚𣵶𣳔㤕身沉浽𤴬𢚸合散𠳒𠸗㐌磊𬮙萬𤗖𦎛群妬泛弹群低弹琴窖菫魚𦀊焒香別固刧尼女催萍蓬群几賒吹鼎鍾牢𡝖咹𡓮朱安㕸懞撩印辞官󰋇滝拱𣷮󰋇岸拱坡𤄱命𥪞盎干戈𠓨生𫥨死禍󰑼𧡊𠑬吏𠲖𡗶瀋域溇𩃳𪀄沁𩵜別兜麻𥆾仍󰑼拫那待信𣌝湄別㐌󰋇番𢬭移𠄼𩄲俸𧡊詔𡗶欽頒敕旨細坭伶伶金時改任南平王時拱改任城雎陽攕生車馭倍傍𠄩茹拱順󰜋塘赴官侈𦖑󰡫賊㐌散㳥淹福建焒殘淅江特信金買𡀿王便塘共吏尋娘𡢐𠸗杭州旦妬闭𣇞舌信𠳨特𩯀絲伶伶自𣈗𣋚怒交兵失機徐㐌收灵陣前娘翹功奇拯𡊰令軍吏扒押緣土酋娘它招玉沉珠滝前塘妬意墓紅顔傷喂空合麻散󰜋茹榮顕𥢅冤󰜋娘招魂設位礼常解冤立󰜋壇場边滝𦰟潮𡽫鉑重重撝𬂙群想𦑃鴻𣅶招情深𣷭慘𨓐條芇魂精𧗱別蹺准芇機緣兜俸𨓐牢𮗓緣兜俸尋𠓨細坭𬂙𨖲灵位𡨸牌失驚倍𠳨仍𠊛兜些貝娘親戚𧵆賒𠊛群牢俸爫魔哭𠊛𦖑信洳落用移森𨒺計𠲥𡀷𠳒𠳨查尼𫯳尼媄尼吒尼󰑼㛪𦛌尼󰑼㛪妯舌信𦖑㐌閉𥹰法師𠰺世事兜𨓐󰟯師浪因果貝娘臨淄𣇜𠓀錢塘𣇜𡢐欺娘招玉沉珠迍𠑬碎㐌﨤𠑬逴𧗱共𠑬𢭗󰘂菩提草庵妬拱𧵆掑拯賒𫢋前𣈗泊鄰󰑼㴷㴷娘拱𢖵茄坤𢚹𦖑信𦬑𩈘𨷑眉𢜠芇吏過𢜠尼女庄自番隻𦲿離棱𠶀尋𨻫仍料澄渃𩄲𤑟𤉜花用香𢒎刧𡢐和𧡊刧尼罕催冥陽堆我聀耒𡎝塵麻吏𧡊𠊛九原共𠑬拜謝𮗓緣步行󰜋𠎪蹺連󰜋欺𢯏𦰤拍𦹵尋𠫾情深𨻫唉狐疑姅份𨒺孤蹺𧞊江津塊棱𦰤㐌細𡑝𫢋堂𮗓緣𨖲㗂噲娘𢩣𥪞娘㐌倍傍𨀈𫥨𥆾䀡󰖌𩈘󰜋茄椿𦓅群跬萱𦓅群鮮𠄩㛪方長和𠄩怒払金妬󰑼𠊛𣈗𠸗想悲𣇞󰑼包𣇞𤑟𤉜𨷑𬑉群𪟽占包湥珠聖説𤷄袍𢜠𢜠𢣃𢣃挈牢󰑼情招命𤲂𨆝萱庭哭嘆計吏事命頭𡳪自𡥵流落圭𠊛䕯㵢㳥𢯞祝𨑮𠄻𢆥并浪滝渃洁淋刧尼埃吏群扲﨤低翁󰜏𬂙𩈘扲𢬣容光庄恪之𣈗𨀈𫥨閉迡𤋵月油花𨑮份春固𤷍𠀧𦊚份餒𢜠別𥙩之斤𠳒散合傳賒𧵆少兜𠄩㛪𠳨𠓀𠻃𡢐𥪸𬂙払拱阻愁爫鮮𢮿𠑬𥛉𠓀𫢋臺再生陳謝𢚸𠏥慈悲轎花𠽖啫即時王翁𠰺逴共𧗱󰜋坭娘浪𡭧分花淶姅𠁀唸𣦰每味䔲𠹽并浪𩈘㳥蹎𩄲𢚸芇群想固𣈙女空特𣈙再世相逢渴滈㐌妥𬌓𢚸𥹰𫢩㐌󰝂命補庵𩄲歲尼𠳚貝𦹵𣘃拱皮味婵㐌𤊰𪉥荼牟婵咹𧞾㐌於𣘽𣙩事𠁀㐌熄焒𢚸群𦍫𠓨准𡏧紅爫之󰇾揚芇固𫨩咦㐌脩脩啐戈時時催重生恩𥘀𣷭𡗶𢚸芇𡝖悉󰒂𠊛𫥨𠫾翁浪彼此一時修行時拱沛欺從權沛條求𫢋求仙情箕孝怒埃𡊰朱低度生𢘾德高𠫅立庵耒仕逴柴於終𦖑𠳒娘沛朝𢚸啫師啫景調共𨀈𫥨󰜋團𧗱旦公衙團圓倍𨷑席花𢝙圍藏藏󱋓菊󰇾醝𥪸𨖲雲買𤋵排󰜋𠄩浪𥪞作合機𡗶堆边﨤𫽻󰜋𠳒結交﨤干平地波濤沛󰝂緣姉𥾾𠓨朱㛪拱󰑼分𦰦緣金拱󰑼𧖱沚𦛌𣟮𠤆牢仍󰑼𣈙約𣈕呦𨑮𠄻𢆥意別包饒情悲𣇞𦎛𥒮吏𫅜囷𤍌𩢬𤀓㐌伶固坭群緣枚吏群𠊛群暈𦝄𡳵群𠳒願𠸗果梅𠀧𬙞當皮桃𡽫𣋽料車絲及時𢴑𠳒娘倍拔𠫾事𤾓𢆥𡳵計之悲𣇞󰜋𠳒雖固約𠸗𪹾命𤋵𫗄油湄㐌𡗉呐強虎𢢆𤾓朝他朱𦰟渃水潮沚𣵶払浪呐窖𨓐𠁀酉𢚸箕丕群𠳒意牢󰜋𠳒㐌啐深交𤲂𠫅固坦𨕭高固𡗶酉浪物𢬭𬁖移死生沛與𥙩𠳒死生緣箕固負之命麻算𢫟挭鍾情爫𠄩娘浪家室緣諧𡭧𢚸恩愛埃埃拱𢚸𢪀浪𥪞道𡞕𫯳花𦹳封蕊𦝄𨦩𡃋𦎛𡨸貞當價𠦳鐄𤒘花拯𢢆貝払𣈕𠸗妾自遇變旦𣇞螉戈𧊉吏㐌乘醜車闭迡𫗄匝湄沙󰋇𦝄拱鈌󰋇花拱殘群咦󰑼丐紅顔㐌双身世群算餒芇𢪀命拯虎命牢監󰝂塵垢預𠓨布荆㐌𫨩払𥘀為情𬂙花畑拯𢢆命𡗋油自𣈙怯󰘂𢩣秋拯脩時拱如修買󰑼払油𢪀旦𧵆賒󰝂情琴瑟𢬭𫥨琴棋呐之結𩯀車絲払油𢪀旦𧵆賒払浪窖呐𢧚𠳒麻𥪞𨤰沛固𠊛固些𠸗𫢩𥪞道弹󰜏𡨸貞箕拱固𠀧𬙞󰟯固欺變固欺常固權芇沛󰜋塘執經如娘𥙩孝爫貞𡏧芇朱濁特命意為𡗶群底固𣋚𫢩散霜頭𡉦援𩄲𡧲𡗶花殘麻吏添鮮𦝄殘麻吏欣𨑮𠄻𠸗固條之女麻𪟽客戈塘底𠾿哬払蕭𦖑払呐㐌歇條𠄩親時拱決蹺󰜋排歇𠳒坤𨤰𢴑𠳒𩠴頭娘仍𥐆𨱽咀嘆團圓席𨷑茹蘭花𤐝𦰟𤒘紅𢬥幅羅共𠑬交拜󰜋茹礼它󰖌礼堆它称堆洞房迢迭󱋓瑁冰傾緣買吟𠿯情𠸗仍自𨕭𦰟桃絲𨑮𠄻𢆥買悲𣇞󰑼低情緣意合散尼悲歡󰋇餒𣎀迡𦝄高更𣅘幅錦𢷀縚𤲂畑𤍊樣𦟐桃添春情人吏﨤情人花𠸗𧊉𡳵𨑮分鍾情娘浪分妾㐌忊固爫之女丐命補𠫾𢪀払義𡳵情𥱬朝𢚸噲𡭧唱隨𡮔枚𥢅𢚸㐌𢢆𡗋台共它𩈘惮眉𠫅庫𥋳仍如歐厭鑅外群算𨷑𩈘貝𠊛朱戈吏如仍𩘬𠊛些𢪏香𤲂坦𢯏花𡳜務窖󰑼𢷣𢟹排𠻀群情兜女󰑼讎帝催𠊛夭些醜貝𠊛夭𠑬時吏朋𨑮負𠑬󰘂茹油并𧗱𡢐時群㛪妬路求姉低𡨸貞群󰜋𡭧尼拯扲朱凭𡝖𨃐朱散群𡗉恩愛滇滇𫨩咦喡丐花殘麻𨔈払浪哏咘󰜋𠳒俸空𩵜渃𪀄𡗶呂𠑬㤕𠊛流落闭𥹰想誓説𥘀𢧚𤴬疸𡗉共𠑬生死㐌料﨤𠑬群少閉饒󰑼情澄春絲柳群撑𢪀浪渚脱塊鑅愛恩𦎛𤄯拯𡭧𡏧塵󰜋𠳒決罕𬮙份敬添悲𥹰底𣷭𤂨金󰑼𡗉鐄跢沛尋𦝄花埃𪟽吏合󰜋茹路󰑼𧜖襘買𫥨瑟琴𦖑𠳒𢯢襖掑簪叩頭𥛉謝高深𠦳重身殘𢭬濁𣾺𤄯󰑼𢘾君子恪𢚸𠊛些󰋇𠳒心腑𦛌𦓅相知󰟯意買󰑼相知𩅻𩂏𦅰纀少之𤾓𢆥名節拱為𣎀𫢩脱催𢬣吏扲𢬣強夭為󰞺強醝為情添𤓢架綏香瓶共𠑬吏祝𡃹瓊交歡情𠸗淶𣼽坤寒從容吏𠳨󰣴弹𣈗𠸗娘浪為󰋇塘絲惏𠊛朱旦悲𣇞買催咹𢟒時事㐌耒𢘝𢚸𠊛𡳵𠳐𠳒󰜋番泛弹迢迭𢬣仙𤌋沉高濕㗂絃𧵆賒𦖑𠳒𢯢襖掑簪叩頭𥛉謝高深𠦳重身殘𢭬濁𣾺𤄯󰑼𢘾君子恪𢚸𠊛些󰋇𠳒心腑𦛌𦓅相知󰟯意買󰑼相知𩅻𩂏𦅰纀少之𤾓𢆥名節拱為𣎀𫢩脱催𢬣吏扲𢬣強夭為󰞺強醝為情添𤓢架綏香瓶共𠑬吏祝𡃹瓊交歡情𠸗淶𣼽坤寒從容吏𠳨󰣴弹𣈗𠸗娘浪為󰋇塘絲惏𠊛朱旦悲𣇞買催咹𢟒時事㐌耒𢘝𢚸𠊛𡳵𠳐𠳒󰜋番泛弹迢迭𢬣仙𤌋沉高濕㗂絃𧵆賒曲兜潭廕陽和意󰑼蝴蝶𫨩󰑼莊生曲兜淹愛春情意魂蜀帝𫨩命杜鵑𤄯牢珠㳶溋娟蔭牢曷玉藍田買冬律𦖻𦖑捽𠄼宮㗂芇󰑼拯惱燶𠮿嗃払浪譜意𢬣芇𠸗牢愁慘𫢩牢𢝙圍傷𢝙𤳄在𢚸尼𫨩󰑼苦盡旦𣈗甘來娘浪為𡭧藝𨔈断腸㗂意害𠊛闭𥹰󰜋番知己𢜠𠑬綣𦀊自妬𧗱𡢐拱除傳𠻀渚𣴓𩯀絲𬷤皮嘅創𡗶皮𤎔東情𥢆払吏呐𠼾󰜋茹埃拱𨓐𣼰𠸦嘮朱𫨩淑女志高沛𠊛𣋽槾最桃如埃𠄩情院𤳰和𠄩拯𥪞𧜖襘拱外琴詩欺󱋓𨢇欺局棋欺䀡花𦬑欺除𦝄𨖲𠀧生㐌匪𨑮願緣堆侶拱󰑼緣伴𠍣𢖵𠳒立󰜋庵𩄲差𠊛親信逴柴𮗓緣旦坭㨂󰘂掑杄𦼔𠆳技額𦹵𨖲𠃅茹師它󰇼茦方賒𩄲𢒎鶴另別󰑼尋兜𥘀為𡭧義闭𥹰𨕭庵據𡨹香油𣋚𣈕󰜋茄福祿𠁟𠄩𠦳𢆥弋弋官階吝吝承家拯歇娘雲󰜋𣘃樛木󰜋𡑝桂槐風流富貴埃皮圍春󰜋󰘂底碑𬮙𠁀𡄎台閍事𤳄𡗶𡗶箕㐌扒爫𠊛固身扒風塵沛風塵朱清高買特份清高固兜偏為𠊛芇𫳘才𫳘命𣼭𤁓奇𠄩固才麻𢚁之才𫳘才連貝𫳘灾󰜋韻㐌𫼳𥙩業𠓨身拱𣫲責吝𡗶𧵆𡗶賒善根於在𢚸些𫳘心箕買朋𠀧𫳘才𠳒圭执抇容𨱽模𢝙拱特󰜋𠄽𪔠更,Nom
4_luc-van-tien_no.txt,畧畑䀡傳西銘𡄎唭𠄩𡦂人情喓𠻗埃匕𠳺匕麻𦖑𡨺噒役畧苓𠽮身𡢐𤳆辰忠孝󰥎頭𡛔辰節行󰑼句捞𨉓固𠊛扵郡東城修仁積󱉎󰉲生昆䝨達𠸜󰑼陸雲仙歲𣃣𠄩糁芸專斈行蹺柴𤍇史𥸷經𣎃㝵包󰤃功程劳刀文它起鳳滕雲,Nom
4_luc-van-tien_no.txt,武添叁畧六韜埃皮𠫾䀡󰘉会科詩雲仙𠓨謝尊師󱈮𧗱閉𥹰󰘂圣預掑㐌鮮氣象吏吹精神,Nom
4_luc-van-tien_no.txt,𫢩它及会風雲𠊛匕埃拱立身貝尼志𭸓𢏑鴈边𩄲名碎㐌𤎜㗂柴屯賖󰥎𤳆𥪝𡎝𠊛些畧卢報補𡢐󰑼顕荣尊師欺意論盘𡄎𥪝𢼂係科塲群賖𢵯𢈱󰝸敢呐𠚢吹柴傷伵㤕車𥪝𢚸𡢐油訴浽濁冲沛朱𠬠法底防𫉚身𣈙昆𠖈准風󰡰柴朱𠀧道符神󰝡蹺󰝸埋麻及𠯿𠨪𠖈滝供𠊡𨖲󰲸拱安尊師𠓨准後堂,Nom
4_luc-van-tien_no.txt,哙浪萬里程途昆渚拮挭群󰀡𭛣之咍󰑼昆唉胡𪟽柴盘𠬠𭛣科期群賖云仙𦖑呐連䜹小生庄別𬋟湄𠯿芇椿萱歲鶴㐌高吀柴排訢音毛朱詳尊師𦖑呐添傷𢩮𢬣󰑾準前堂䀡𦝄因机謀事𠴍浪𭛣𠊛󰝸恪󰘚𦝄𨕭𡗶雖浪㵢泣尼匕,Nom
4_luc-van-tien_no.txt,欺𤎎欺訢欺潙欺苔𡢐昆拱𤎜𭛣𠁀呂󰑼柴沛𣴓唎爫之𡢐昆𠄩𡦂科期斗星㐌𤎜紫微添和嫌爲馭唉群賖兎它路俸𬷤它𠰁散包徐朱細北方包徐﨤𤝞󰑾塘𢧚名𡢐油鄧𡦂顕荣󰋇唎柴呐前程󰝸差汝勾否極泰來𡨹𠇮朱援𭛣埃󰝸潺雲仙倍且謝恩𤾓𠄼吀亘膠山𠬠𠳒󰑾𠫾𣃣尽蹎𡗶𠿯匕吏𥄭𠓨尼圣堂嘆浪天各一方,Nom
4_luc-van-tien_no.txt,柴王段慘伵王段愁管包𠇮󱎣解油芒帶子路掛瓢刘泠㝵芇亇渃及縁朗名昆討匪願碎𬆄計自昔淡細𫢩痗迷倂㐌闭迡衝霜兑𦖻風景添傷為匕淡娄裊塘群賖丿兜㐌細隣家畧󰑼探伴𡢐󰑼󰀢蹎𭛣之𪡔哭熷𤇊調󰝡饒𧼋𠓨棱𨑗𡽫仙浪各注拱昆𭛣之急足奔匕𧼋𢙇,Nom
5_chinh-phu-ngam-khuc_no.txt,𨤧𡗶坦常欺𫗄𡏧客𦟐紅𡗉餒迍邅撑箕𠽉瀋層𨕭爲埃𨢟孕朱𢧚餒尼,Nom
5_chinh-phu-ngam-khuc_no.txt,姅𡖵傳檄定𣈗出征渃清平𠀧𤾓𢆥𡳵襖戎𢭂官武自低使𡗶𣌋𠽖塘𩄲法公󰑼重念西詫芇塘𨀐󰖁𨉞㧅弓箭𩃳旗㗂𪔠賖又,Nom
5_chinh-phu-ngam-khuc_no.txt,愁𨖲𦰟隘怨𫥨󰠮房払歲𥘷本𣳔豪傑摄筆硯蹺𭛣刀弓城連矇進陛𧏵𡱩鎌㐌决󰝸容賊𡗶志爫󰜩𨤵𠦳䏧馭,Nom
5_chinh-phu-ngam-khuc_no.txt,招泰山平度鴻毛𪢆茄㧅幅戦袍㗂榑橋渭遁𠓨𫗄秋外頭梂渃𤄯如𤀓,Nom
5_chinh-phu-ngam-khuc_no.txt,塘边梂𦹵木群𡽫,Nom
5_chinh-phu-ngam-khuc_no.txt,啂耒𢬣吏𢭂連𨀈跢𠬠𨀈吏援襖払𢚸妾似𩃳𦝄蹺唯胣払賖󰗾𡎝𠦳𡽫撻󱋓餞𢱖龍泉,Nom
6_cu-tran-lac-dao-phu_no.txt,裊麻谷罪乙乑空法學吏通纏性瞆罵落邪道所命學朱沛正宗㐱孛羅峼舍諳坙隊機馬祖忘財對色乙寻朱沛退龐公盎資財性瞆庄貪呵為於歳鷂安子譤貪色念停庄轉路之憹庵棧筃東塵俗麻年福意強腰歇則山林庄谷禍箕實垰徒功願蒙親近明師果菩提蔑店麻佂福及情期知識花優曇亖劫耽厠第四會信娂免谷蔑峼時耒每惑轉三毒買證三身断六根年除六賊寻唐換骨㐱舍能服藥煉丹坙法真空分之另櫀聲執色別真如信般若渚群寻佛祖西東,Nom
6_cu-tran-lac-dao-phu_no.txt,娂倣峼經塁孛說易朱体酉學隊機祖詫禪空坤卒別尼穷根本瀉塵緣罵底某毫氂當炦我勝幢圓知見渚朱群禍宁工検厠帞覺悟嘥壞忛棱邪時訳倿劍知慧撅朱空性識課尼埄恩聖律憽吒蜍柴學道勉德瞿經裴兀倿戒吿齋感德慈悲底饒劫願朱親近隊恩救渡涅怺身時召縙荄義矣汝道庄涓香花供娂群年討,Nom
6_cu-tran-lac-dao-phu_no.txt,凩浪信峼吏磊釺玉蜍共渚歇桰第八會徵意㐱舍須煉渚年絕學來意識渚執澄澄裵念妄罵群觸觸功名忙(-)意全羅仍打疑(-)福慧兼奴㐱買可年勜實谷鄧橋渡搥廛塔外莊嚴事相矣修刪喜捨軟慈悲內自在經峼恒讀煉峼乄孛㐱舍修蔑飭搥埋待葛見釺群吏沛饒番瀘淥娂經讀錄乄朱朋所体所処重孛修身用罵磊蔑絲蔑泘穷尼言句㐱庄兮蔑丿櫀盧栗所機關罵群底爑唏突祿第九會丕朱処機關祖教雖恪饒塘庄隔某剛㐱舍吶自罒馬祖,Nom
6_cu-tran-lac-dao-phu_no.txt,乙乑涓課訳蕭皇功德全無性執癡強添磊廓然不識碒愚渕乙群肹生天竺折少林畕肁真筃熊耳身菩提峼明鏡牌剶炦壁行廊王老斬貓辣忛峼馭首坐柴胡摳匵擼娂智珥昆床悪盧陵欕末過於庄朱麻垰所石頭廏瀾歇則坤典撪當破灶拮棋踏笹酉煶神庙俱胝移阮用隊躡躡翁盎攨劍臨济鑲秘魔訳衲僧奴油自在獅子翁端橮柴佑譤檀越歛舍迎昂媫扇子拮竹篦驗几學機關珥(-)芻丸毬倿木杓伴禪和所木誇光船子耶掉匇籑渚朱羨洗,Nom
6_cu-tran-lac-dao-phu_no.txt,道吾扄笏乾魔羕体怪光纅偃老訥乾坤些娂㐱戾氜蓊存昂世界勜体乙揚夛柏羅峼托歯訳沛方太白丙丁屬火吏呂罒磊向天罡茶趙老餅韶陽排禪子矣群肁渴鋫曹溪園少室眾衲僧仍底留荒招勑檜乃厠嘫因芒買涅祿桃花宜曢竹默峃高禥第十會象眾意谷蔑真空用隊根器固峼些旺執坤通呵機祖哰群所秘眾小乘谷処渚典垠寶所化城等上士證寶麻年埃技固山林城市倂荒棱瓊意羅尼逸士逍遙廛永庵清㐱實境道人逾戏馭高傘垰閻王儍計打迎昂閣玉樓釺獄卒少之勜腰貴拯功名籠人我實意凡愚蔢道德移身心定年聖智眉昂每獨相雖羅娂乙凭饒炦聖峼凡實隔忍萬萬千里偈云居塵樂道且隨緣饑則飧兮困則眠家中有宝休寻覓对鏡無心莫問禪,Nom
7_corpus-documents-chunomOrg_no.txt,埃喂傷𥙩饒穷台篤志𠬠𢚸徐埃𨕭頭畧㩫簮掑𥪝𠀧𨑮𦒹傳英攝固𨱽𫨩空台𦖑傳李公欺𢧚𡗶拱朝𢚸奇𠄩台𦖑傳秀才題𠸜𡭉鵲縁𡗶𦓡𢧚台𦖑傳秀淵𠫾𨔈麻吏﨤仙結願台𦖑傳張員𥙩𡥵丞相縁庄宋珍麻𥙩菊花沛𨖅使事交和𨑮冬台𦖑傳劉洪𥙩陳廣珥𫷜空庄台𦖑傳點知於渃齊於渃梁主韜不義堆塘扒𡥵補朱停買𠳒教訓丁丁傳尼女則家庭恨灰傳尼貞鼠摄制桃蘭挂蕙堆庄台𦖑傳度梅几忠𠊚佞固𡗶於𥪝傳翹計㐌属𢚸𢧚庄辰拱在𢚸媄吒台𦖑傳𧊉花𠬠花𠬠𧊉乙堆阮生傳意䀡制𠫾𫥨習學縁𡗶吹𢧚西楊傳意此䀡珠竜餒伴朱𢧚𠊛買台𡽫渃車𣾺中軍傳意仍𠳒𢖵箋花傳意𨔍𨓡局棋堆妸𦟐紅打制皇儲傳意天才詐形爫𡛔此𠳒端荘征婦傳意朱詳旗毛𨕭塘沚觀音傳意欺𫢩氏牟抌覩冤尼庒他潘陳傳意䀡戈几簮𠊚𦑗乙堆翁寧傳意此𥋳揲安𦊚𡎝麻𡗶𡊰功秦宮傳𦟐紅愊命㦖踏房麻𫥨九夫傳意䀡戈别包𣉹特室家如𠊚蓬萊傳意䀡制准仙𢝙趣結縁買命台𦖑傳花情𤊰縁秦晋矯命約𬇚玉𫅜群待價高女芇咹槾者桃𠇍埃有薊傳拱才謀謨麻𥙩特𠊚𡥵官春情傳𧘇論盘𣎀𦣰思想事娘𠬠𠄩芙蓉傳意𦘧撝沛𡥚阿秀𠊚不仁俸几晋𠊚秦芳花傳𧘇珠陳義初黄秀傳𧘇縁於﨤娘美女𡗶車𠬠茹勸孝傳𧘇䀡戈二十四孝英陀拱通四灵傳𧘇摄穷每𠊚每我相逢交歡𠸦朱堆我北南人縁定吏車爫𠬠边𠀧生朱院𨑮願﨤娘買吘根原事情𥪝𠀧𨑮𦒹傳仃仃﨤娘買吘事情𡢐監客於𨑗𠁀監𡅳客於𨕭𠁀咹制朱沛别𠳒𫏾𡢐停輕𧁷渚𢚁𢀭古初𠳒𠸠𧗱𡢐猪猪埃𢀭𠄩𣱆包空埃𧁷典𠀧𠁀𦓡𢗼箕如丐菓埃扜梗花埃曰别朱世芇𡶀箕埃撘𦓡高滝箕𣷭意埃陶𦓡溇渃潮埃埃洃干𨖲辰世干耒如空𥪝棱𣘃意埃槞𩈘𡗶埃𥙩爫篭金烏𡄎䀡造化机圖情算拱丕敖𨒣妥𠁀拯戈事在𡗶大生埃拱刼𠊛𦓡催吏漢傳䀡制㗂𠸦項羽英宜埃當力能舉鼎拔山身長八尺漢皇㐌吏䀡西代東征百戰百勝㐌𠃩𡗶埃咍垓下变移漢王一勝𨖲治位從容固進𠬠欺計制各麻推事𡗶於𠁀𠇍几𢚁裁爭坤爭窖埃埋特𡗉𠇍𠊚咹於别調塊渡輕㳥吶料滇滇窖台公人間呐𠬠外盘𦋦𠀧催催内𠃣拱皮太看㗂𦝄花麻悲𣉹計𧊉花埃䀡典傳計𦋦買詳特排事𧊉𤑟𤉜形時㗂𢀨埃𡗶泣各梗花𧊉帝聘排𩛂堆庒𠲖閣鳯臺𧡊花時典埃辰垠𧊉浪𢆥𠇍𣎃春咹制朱妥塵買吏低𠳨客𦟐桃群空咍㐌尼芇称斤他鄕﨤客故人𢚸支𪨀𢪀眞世芇閉𫢩永仍渴嗃悲𣉹情咳爫牢咳情計之𨖲托𬺗𡹞低别冲撑𤂬芇花浪計𥙩清台𢝙平會蓬萊㗂吨一冲渃上源𤂬群固㗂𥒥強之之𠹚唐边坡桃群待柳包𣉹朱冲拯𠽔𦋦𥒥𨔍𨓡𦋦芇别浪𢚸固𦖑於低仍𡶀穷溪眞䏾𥒥㗂蟡哙愁𠊚如閣鳯重少之卿相空侯每尼𠊚如𩄲𡧲𡗶碎如𤌋监制度芇𧊉浪唉客𦟐桃尼底搭𠓨朱埃天𡗶地坦雲𩄲雨𩄎風𩙋日𣈜夜𣎀巾衣襖裳袩刀刀斧鎌鎌堆一𠬠二𠄩八𠔭九𠃩十𨑮萬𨷈滑裴甘𤮾𤯆酸䣷苦辛𨐮心𢚸面𫖀手𢬣髮𩯀眉足蹎量量尺𡱩衡斤篙樔杖梞竿竿標標鷄𪃿鵝牛𤛠犬㹥貓猫羊羝木𣘃草𦹵𥯌梁麥𥟼𣘛池井汫橋橋榔橰煙茦芙灰洃催推低㐌别耒包𣉹少几𨕭𠁀才花埃喂買油𦓡強攄𡗋強𫅷失緣𨕭𡽫徐式修仙玄光修𫢋於边厨中間群景眞蹺𠾕女𡗋工夫埃他乎志立辰𢧚修縁秦晋安草花花浪呐𠶤崇拱曾㐌别𧵆賖每塘𠬠縁𤊰焒香朱停買几雪霜别共仍恩怨𢞂埃别朱𢚸尼諸魂梅迷水失催信螉𧊉吏書晋秦強𠹚強𠬠吝𨑮分牢拯𠬠分扒朱呐𦋦𤏣吏𢢆殊淹𦋦辰𢜝咮𢗼㗂沁拯傷兑仍絲𠃩曲如紆𧊉浪沛呐𡮈固如𣷭麻𨃝濃溇襖𥹰拯默拱艚花箕買特牟縁庒㐌迻緣細閣藤𪀄群想𩙌𥉫𦝄矧徐當干渃㯲樔待别包𣉹朱冲悴情㤕仍𪨅中牢娘於准林穷閉吟𢝙制𡶀花林客塵𠇍几别尼開塘翁窖訴詳麻些典貝娘結縁花浪别准林泉清台趣味塵緣恪𡗶撑𣱾𣱾𦝄冲俸干𩙌同同細尼幅幀埃窖撝㗂𦝄花窖𫃚𠊚如空摱芒丐㗂𦟐紅𢚁才𢚁色英雄約𬇚𡨸情想𢖵别包爫沖少惱渴滈𢚸塵𢖵埃群固欺寅𢖵情别𠇍分果𢣧紅買曾妬埃愁尼朱𦋦固𣎀𡎢䏾𦝄斜𣋀枚侯木㗂𪃿噲𤇊𤇊清吏添猿边𪟂吒丐女傾城仍㗂默名𨕭𠁀責縁𡲤吏恨𠁀㗂埃窖達仍𠳒𧊉螉滝渃沚堆𣳔别麻𨃝特𢚸朱當𧊉浪𧡊呐添強想𨉓麻吏𢖵傷旦𠊚紅顔易𠇍𨕭𡗶花𦹳曾課𠊚𨔈固辰仍調𦝄𩙌計之賖𥸷乙拱固欺吏𧵆玉珠𠸗結鄧春紅娘吀焒吝麻𢧚尾之堆𡦂情縁𢱖功香焒添煩𢚸𢪀牢朱院朱𧷺矯麻𢢆買渃𡽫牢停困𫢩㐌願貝情芇埃負義三生油麻決𢚸細景探花庒修固典廛𫅷爫之外秦晋狹之芇𢚸廣大慈悲芇船漁細准洞桃補功哏咘約閉花浪𩙌動霜𠖤几搭𧜖几冷㳥占吒丐刧𥙩𫯳終𠄼澄𨑮祸𫨩庒渚𣎃堆吝固拱空故𢶸咹𥸷𥸷吏孔扲朋爫漫漫空功㐌𠇮典准尼朱安俸埃窖吹𢧚餒尼𠸠别羕尼𠰚信螉使蝶吏添絆𢚸群打買拯冲辰𠓀傕停於丕衝寔𢝙固打特庄咳煩𧊉浪咳客婵娟㐌冲如這染之麻𨀈𠓨𥪝准園花庒𦹳拱𢲨梗制䀡浪默客𨕭𠁀底停芒㗂𦋦𠊚冬迻決如妸𢬣𫅷採𣋀轉特呐麻潘花浪䏾月漏漏俸埃律愁如空埃监吘事𢚸雪霜停冷𣼰𣎀冬尾之幅謹封𠸠初庒可朱衝默𠊚庒𦖑𦋦拱呢𠳒𡦂縁𢧚妬㗂唭在埃𧊉浪催渚甚𠳒人生𢼂於𨕭𠁀終詩云𠳨制群大𨔍𨓡𠬠低𠬠帝恪𢚸之庒才情特𠇍妸姮女芇底客𦝄待徐賊殷𨑮萬没𣘃棍𠰚情𢧚沛尽辞𠀧𢆫𠦳𠸗没聖𡥵秦低晋帝包𣉹朱𢧚悲𣉹滝浪渃安巢箕㐌𨔾朱船𨖅渚功業標蓮頭馭戾欺声氣弭恒孝忠𤋵𤏣𬌓𢚸𣜱𦝄箕缺怒埃扛朱𦋦𫥨𢬣解救朱𥠭腰𣘃𢧚沛花底㗂𥹰𨱽貝渃𡽫固固空空芇赦𠸥為情𢧚沛𠓨𦋦買情𠊚𠸗群買渃𡽫群𠸗𫢩仍𠎬奇人功名事業𨑮分恪𠊚立碑立𣄒𠁀潮𨖲㳥渃竜冷英雄𨢟𢸞𢧚时世咍花𦹳嗷𠯪𦲿撑夷夷渃些固傳奇台𠦳𢆥碑𥒥鑿𥱬奇人奇事低包𠁀仍𠳒𦝄𩙌折之燕𠳒誓群妬停停油埃单泊虎𨕭堆花浪催吏𤑟𤉜㗂窖訴𨕭梗固花㐌修固𢪀之賖牢麻㗂𦝄花此情永𦖑边梗𥉫𫥨柳㐌萌拂坡坤儀貞静柔媚道弹婆於皮順𠳐分明四德𠰺浪買三從意𠸗曾撩𦎛涅停燶艿倍傍㐌和平吏妙揚買咍𧡊調沛意爫𬆄别勾磊𤵺之低𢬭連靜時噒嚕勤拳動時𢖮沛𡨺禮儀眜箕𬆄𥊢𪿄𠫾䏾尼淹朗𢪀之調𠳹呐停嗹㖫寛台𠳒意沛庒勾尼調𠊛空沛黙尸調𨉟空沛𠹾𣦍𠫾𦓡𫳵𢧚𩢬𠲝𠊛些𫳵𢧚謟佞讒坡傳𠁀𤵺𠊛𩂏𩂠每坤𨉟𢭳停𤇨𫥨外從之唭𠹳容𨱽𡗉𠳒𡗋傳羅𠊛空咍催停𡀍𠯽埃低催停㴜呐𠾦𦓡乾停曠闕舒閒㐌爫朱吏朱精荼漿坤窖唁𫅜具纖𨉟監差學藝𦄅習藝𦁼欺邱襖𣅶𫢼𢬭裙女工𣌋專勤准閨門𢖮固分榮綘停𣜱粉點粧形神質樸容光完全𬙾咦丐紅顔爫朱𡥵眜世間痗𡗉容儀嚴𤾓朝焒香窖𨤧情期䀡厨清永空師修行於低岌𡹞客情固𬺗船情尼空咍群想𢖵𡽫蓬樁嘹竹化紅清台咍㐌願固尼船只待徐𠊚情鍾花浪芇固𨔍𨓡𢪀浪𢚸㐌别𢚸辰催埃𪫢吏庒信𠳒塵𠇍几别𠊚知音固縁如果味空縁如𦑃花涞𡧲塘意浪埃拱㗂鍾渚誇才色捤摓爫之𧊉浪惵意順情唒肝鉄𥒥拱停朱衝𢧚空決罕停空事𠇮麻吏柁𢚸𠳨埃花浪坦𢌌𡗶高風情固少之尼風情㐌浪牢固修行牢麻𠹾庫芒經旦厨悴情仍丐蜉𠄼更刻快𣎀秋吏𠫅𧊉浪呐吏朱悲𣉹𢚸㐌别𢚸固如𣅶𨔍𢚸渚悁吝戈䏾桂㙴𢪀𠇮想客鍾𠊛知音惜台花沛葛淋𥋸𦎛司馬麻𠰃埃喂愁辰埃强爫塘咹黙𠤆𡮍奢華𢚸尼空想怒箕时停木漠圭世麻矯欺月𠸍花唭拯咍花浪悁㗂渃尼事情𠬠帝𠬠低之𥉫𠊛𥪝揊樸女才價意當辰成包債𠊚宮禁楼高祸𤊰待㤕芇女催於𢖮沛蹺吒居光㐌𠇍𨑗𠁀唒花𥉫𧡊拱派牟紅群庒客於𡽫𤂧典欺嫁半時些蹺𫯳顔色形容澄𠸠朋縁分龍冬鳳凰牢塊細𣘃𥟊垌𧊉浪𨖲𠳨宮𦝄固欺拱摱赤绳車緣蹺𡥵朱凭𬌓𢚸坚貞𠳒凣𠳨寔客仙奉蜍𠄩布媄𨉟圭𠸜根原世芇欺𣋚欺𣌋𠰘𫅜𠰘唁𣘃徐㭲渃徐源,Nom
7_corpus-documents-chunomOrg_no.txt,㤙餒義𠰺𫢩群𢖵空㐌朝𠰘吏朝𢚸𢝙咍𩈘意和窮㗂箕𤯩時腰敬每皮𣩂時傷㤕𠤆兮悁恩奉蜍媄𤴪周諄當干平地波濤拱𥋳如𠎬慈親生𨉟𠫾麻吏尋𠓨旦低催停想𩙌𥉫𩄲姉㛪𡨸情順和𨤰沛争伶咍兜絲秦𥿗晋產低朱耒花浪呐拯料𠳒縁𠊚吏固縁𡗶㵋𢧚仕𪨀初𣅶𧴤𠸜准空辰准願庒衝𣅶於默䋥𪀄鴻埃咍必宰别𥪝机𡗶𦎛塵𥙩帝麻𥋸料牢朱沛𨑗𠁀買饒𧊉浪𦋦之𥹰催停迡𫏾邀𡢐女情節皮蓮𦬶桃絲𩙌春海香迻𠃣𡗉題詩吏𢪀𤾓朝𧡊𡗶坦吏勉腰每塘𠊛䑓閣几衡𠊛精武略几詳文韜𠊛耕牧几漁樵𠊛醝道几腰才情如富濁与貧清庒戈造物磋情性朱唭台事柴修𪩪經最偈爫愚䐘𠁀厨初𦖑固尼庒松林拱窒潙清光𨕭上殿𠁑行廊各座𦬑觥墻花浰椿嘹竹化隊尼𫔳慈易遣胣𠊛絲紅女牢塊㗂決𢚸𣘈鉄底名𥪝𠁀香皮外𥋷𥉫㐌𧡊𠊛情鍾月花堆𡨸憹庒符𧆄㐌迷𢚸杏春花浪𣷭愛源恩計牢朱掣餒塘𨤮賖庒生拱㗂𬁖沙庒𦹳拱世花㭌艚㐌算用斫𪽋侯双離菓𣷭溇坤𨃝固埃别餒尼朱𠬠𨉓強𢪀強𢗼添強責埃牢拯料塘𬁖才低曲江狹回芇𣷭𢌌滝𨱽少之竜鳳約願隻船杜𣷷容营徐朱特客鍾情𨀈𫥨𧊉浪此𡑰花戈𨔈風景䀡𫥨世芇吨低固客媽桃朱𢧚𠇍沛尋𠓨典低悲𣉹鵉鳳逞排桃東㦖𠳨柳西𠳒𢪀牢唉客章臺些𫢩仍几𠊚才名爫𢧚功業齊𡗶史撑群劄𠰘𠁀群碑𣇫𠸗固没聖兒𠸜𪜀𣱆𪜀空女才聘𠇍朱生如𩙌如𢪀牢朱院𤾓塘拯涅𥒥派鐄麻催𢪀浪𢝙丕麻𨔈㐌𨔈固少之尼有情埃喂渚倍誇𠇮春群𡗋几才名𨔍𠁀英㛪義𨱽空調執責固勾和諧呐爫𢗖磊𢫝𨱽𢚸𥪝𢧚忍𩈘外媄吒腰恄空斤停誇𢚁𠤆分皮麻擬𥪝𧖱𧗅𦛌𫅷丕䀡錢𧵑𪽣如空勤時𫽄旦餒窮𢧚𤯺能世停𢫝制儉時𫽄旦餒𬥣英㛪喂英㛪喂𢧚秦便世停消荒咦搓運局世景厨殿怒停𠫾𢬱機𡗶童骨意停迷麻𣈙𤇮停底㴜空咍𢪀朱歇粓淶𥺊擺抇𣦍倍傍坤買咹𠊛㳥𧡟爭来𣼽環球𠊚闷怒𡛔𤳇𡎥𠤆鐘床迻咦抵帝𫽄常𢭂𢬣𨉟麻拱讓𠊛敬皮歲作腰類疎癡塘交涉𫼳𨕭大陸㗂湖仍渃群潙花蓮㐌沛葛淋槾桃妬沛渃妬群𢧚價買𤾓澄花𦖑咳𡂱如愁𥢆吏底朝𦝄𥙩𢚸催催𢪀吏朱穷景情兑典𪀄篭買之𦑃花桃㗂𧵆賖𧘇覩𠓨朱埃否戈催𨅸吏𡎢汫台於𫏾前堂脉𣻆琥珀渃羕水晶𢪀𣳮瀝塵情𨆝凡牢俸趂觥景纒花唭月哏亇沉㕍沙𨕭明蕩外軒占包魂梅𥊚𥇀朝清新那𧊉浪倍鐄催停𥙩每塘庒𢧚𢖵之欣女𢖵縁𪩪供果𤼸花隊𣈗𠦳鐄渚易覩𡊰𢚸固香䏾𦝄𧷺師占俸鄭念西滝銀渚北衝梂意醝味道机禅𦛌蟳𠃩曲𤋵油如汙強𦖑猿唿強愁魂枚魄桂矧疎聀鐄𧊉㕸挨𨕭摱𠳨𦝄𫅷縁初固世尼箕朱蒂陳低仍𠊛為埃禁𩙌垠滝爫朱牛女𡗶蒙𨖅求欺彈六句傳初味蘭桂称渚朱𥙩𨑮情𦋦𥆾冰傾𫢩待枚尋計功别𠇍𠦳功責埃拯院𡨸從筭𦖑英燕負𢚸故人為堆𡨸朱陳當干滝渃沙朱𢧚晋埕秦𣼽𢶢樔吏妬庒戈為情厨芇𫢋拯䧏生花𦹳埃拯梗麻𨔈呐𦋦芒㗂𡗋𠳒淹𦋦辰𢚸𠊚世𫢩咹槾者桃於𠁀忠厚買咍斗摸斤半堆𢬣公平𠓀牢𡨺𢚸誠勾謹𢯢𨉟那停𧵆仍几佞些停信𠳒呐讒坡麻𪬃貪之丐利𡮈尼求之丐㗂𠸦咍買𠁀恨𢜠仕謹吣唏恄腰停固如偏𢚸㤕傷屡蜆弹虫𢜝𡗶𫳵𪾋負穷𫗃湄停用絏𡨸仍詞箕𠸜䝨聖包𣇞监輕蜍先祖沛精誠待𠊛侯下固情寛容𠫾𣎀𥙩𤒘麻𢫝𧵑时黙𧵑𨉟空料𨉟𢚸淹朗氣和平恕𠊛麻拱責𨉟買衝𣃣𣈜佻𧺀皮外媒縁𥪝品平家風沛認朱伶吏䀡性與𫅜爫𫳵媄吒順奇𤾓朝信𠫾信吏别包工呈丕唉客春撑我沛呐底情尼咍爫之杏麻㳥花枚牟芇滝𦒹頭責埃牢庒𤏣𢚸筭此英䧺特庒撑牢拱𧗱棱妬埃禁𩙌停容𣘃底些覩愁朱衝箕群别𩄲唒牢瑟拱攄琴花浪咳客知音固者情深買閉𫢩信𢭮書迻爫之朱雁别𢚸彈箕𣅶𦝄沖吟詩白雪打宮春情圣他圣如生爫之煩底情矧詩當干𢭸幅萌疎花𦹳嗷𠯪𩙌迻冷𨓡船埃箕待边滝固𢚸渚客咍空咳船𧊉箕𨔍渚悁𢚸群㦖𠳨根原𠇍𠳒船渚客賖𨔈空仍船固棟尼𣷷尼花箕群别𤊰𣘃嬋娟牢塊細𢬣英豪箕染渃扶桃㐌磋𢧚𡶀别包𣉹𡦂情吏平𡽫春群情群𢝙台趣味清閒人生典世欣戾之𠦳春義瀋情𥱬沛如咹於時咳埃花浪催拱别𠊚爫之女世唭𠊚吱雪霜𢢆几𠫾𧗱箕滝怒𡶀𠳒誓渚悁𧊉浪碑鑿群𠸜埃麻負泊付𨕭紅悲𣉹𢚸㐌别弄工𡗶拱𡊰功𠊚呐臭呐虎賖吹䀡𥪝賦意覩𠳒冬迻𡄎徐課怒典𣉹𠇍𠳒句𠸠拯差朱𢧚固達𠇍𠳒唒𠸦拱默唒唭庒牢𠊚芇種性𠊚芇意埃意𧘇攄牢朱皮句𠰘𩵜坤皮達麻𠳒沛𢜝埃吱唭傳尼劄事𠁀典欺從且䀡制之𥠭𢺹色鐄工役𨇜藝學藝𦓿藝藝𠏲蜜𠃣𧋆𡗉𢪀𠊚些堂𦋦飭𢵋爭橘爫柑𠹾在几化悲𣉹必左琴𢝙調瑟迢逸𦀊鸞鐘鳳乍刼尼縁𠄩𡢻㐌排刼𠸗𦝄𫅷結𥿗車𢇁監昂𠑕𩈘麻疎切𢚸𣌋蜍布媄𫯳念朝尚䀡穷家親拱停債命夫君払如𨅸大賓買羅姉㛪妯處朱和罕灰買住漫麻穷姑娘侯尼沛傷朱𡥵𫯳箕𠤆𠫅紆恄悭払麻虚𤵺恍忏几闷箕空埃𥠭𬂙妬拱别𠊚𠀧𠎬𧵑𠀧𩔗坤拱𡗉𤵺拱𡗋色𤽸色𧹦色𡥵𤤰𤤰唒𡥵主主腰埃拱𥢆䏾𢪀𧵑英英𫼳𧵑娘娘捇𡎢空𧯶𠹾底𢬣乖窖坦補荒𧵑産𫼳𤼸𣘃𧹦群算陶歇㭲埋台𡗶𨇒干迷秩醒,Nom
7_corpus-documents-chunomOrg_no.txt,𨢇唁尼㐌戈味𤯩𣩂疾吀𭈷曾𣅶𠹚勸仍吝払麻敗理傷輪𨉟居處𨑮分順和美苗停頷𨉟些傷腰停𢚁買𫥨𠊛特𢀭𢀨𠤆輕𠁀固才𫳵監𢚁才世油払病患仍傷払𬥣𩛜沛於朱論𠁀払麻𢤞恨𬨨𠳒催停辯餒沛庒𡬶勾𠹚𠳿料排呐能催停𠸥𠲥㖫𠀧𨑮萝𣋚𠄻𠯻𠯻𫗃抱喑喑𩆐仍𣎀𣋚意鐘床㐌欺咇湥渃桃群𭞾諍塊災殃特䏾𢪀役爫買𢩮精神仃盧如翁祠𠓨朝焒情拉吏𠤆朝世之群月怒花箕𢜝塘生𦬑固欺𧁷𢚸咹常停𬨨𩛂𢚸默常停底𫗃東律𠓨𢬣箕停固𢱎高蹎箕停固𧼋料𨀈𣭻䏾停息恨兜兜𠰘停呐傳𠰁饒輕𠊛㗂滛停底𠓨𦖻色奸邪停𢙇眜𥉫𫼳胎麻𫽄乾𢫝生𡥵𠓇率𢖮空愚𪬡花箕𧵆𦬑畑收𣦍𢩣𥪰怯連𠶛欺冽𡨺欺燶㐌𩂏欺𩙌吏防欺霜𫳵𢧚恨𢤡每塘𠶖常𠶛𠶖咹常𠶛咹欺𫏾恪悲𣉹吏恪𢬭咹默仃之𨇒腐如禮生𠅎𥄭部𢞂唭庒柴牢𠋥爫𢧚箕高等箕階事學行䏾噒牢朱創固錢摸仙拱特芇中州芇邊省半奔𤾓塘渚𪿒賖吹𠏲𦁼咹緆𠏲𤳰咹糊𬁖朋𠊚䏾信𣦍利欣𧵑抇瀋之圖攝𠫾覺懺瓢𠫾句懺櫓况之學芸制圖爫沛𨇜𢬣空渚𢩽𤍊𨑮𨑮呐傳生涯爫𨕭沛𫯳咹炙咹腩几罪之空費破䀡𥪝團体𣇜買骨沛朱終䏾翁呐𪃿呐𪆧之辰沛抵来涯固坤辰朱饒渚𢪀浪些呐𠲝𦓡逴魔𡳵魔買沛朱論仃制仍几虚荒𦓡𤞼𫅜化𤞼卒咹菓𢖵几𥠭𣘃𠇍𠦳𢆥德舜恩忙𥘀𨕭𦠘報答牢朱𥾽特願固勃買糊𠀧萬卷棱歐𣷭愛印溇𥪝文明耒買𦋦才道知交骨沛𠊛𧵆墨辰𧵆畑辰創塘居處牢朱别𡓃於瓢辰𧷺於甕辰𨱽𡛔固𫯳如𧏵固圍𤾓𢆥院道唱隨案玉昂沛常埃庒𢘝𡥵固吒如茹抓楃墨針塘孝養𨤔班觥𨃴𢚸𨕭𥉫拱添𢝙渚𧡊㳥𦓡我𢬣𢴿𪾋𡅳埃别𢪀别𢥈𨅸吏凭蹎辰罕特當𠫾光𨀈𫏈塘葚箕仍几𤳰坤𤳰窖爫𢙲𨀈𢜝空耒𩛜朱𮖤朱𦹳𧯶如埃渃濁脿𪂮庒𢪀𡥵丐𨉓𥘀𢬣鉊鈽𡃊台汫𤇮固神咹固啀如固𢪀群𥪝𠤆𧵆堆生𡥵𫥨悶𢧚𠊛㐌功餒𩟻吏𠳒勸𡂰停刼襖𠤆𠫅𧜖渚算事𡗶扒鴶扱欺辰運勢𨖲𩈘巾停朱𠮾意穷咹𦟐尼𡮈疎徐𣇫𢧚𠄩𠸒朱信寔矯差性常𨀈功名𢝙𡗋拱𢗼𡗉𠰺𡥵禮義讓道爫𠊛意𤍊詳講明𤳇时芸業習情𡛔时針𥙩𨉟朱衝𥪝𨉞聀㐌欣埃眈𦰟椥餒𡥵麻抵制空仃窖洫之藝劍𩵜𫽄外茶𨢇时𥪝棋排塘名利荣箕𦓡辱妬筓冠𣃣旦歲尼㐌欺挸壻吏𣈜掄妯固辰恾𥙩㗂𢱖𢬣𥪝被停迷𧵑𠤆尚𢀭窖迷瞞之事咹𥸷停貪准貴𠤆求𢀨惨典埃拍𦲿尋溇持𢚸坦𠅎𢚸𢪀牢朱沛𫨩之事諌𥑥𦋦𦟐𫃚古猫撩古㹥典勢辰催撑𣠶𢚸庒𢪀之袄主粓𤤰於厨炪厨計理之徒節春夜天清雲静准旅庭聀醒更𣌉𦖻𦖑咏𦊛皮𦎛娥𤊨𤋵掑桂蘭𧡊𦝄脱動𢚸鐄吟句問月度昂𠇍𠳒𠳨姨月𠇍𡢐縁故𪱊𦓡特清台月浪物𢬭𣋀移𦎛尼𡗶底朱𠊚終爫朱痗𤻻英𠦳秋霜雪𢚸清光𠳨姨月固塘𨕭細准宮别𠇍𨑮賖月浪些吏𠇍些固𣘃丹桂𧘇𪜀姉㛪英𨀈細度䀡箕𦎛玉兔怒簾水晶𠳨姨月固情庒些渚年花倣㐌羕包月浪要柳疎桃強𨖲強𤏣強高強𧷺𬌓𦎛𤊨拯𤷱包饒星斗𡥵丐茹𠳨姨月姮娥𠇍𢆫拠𣈜𠄻𦤾最辰𫥨月些吏别些冥冥長夜埃吏别埃丕𢧚𩈘擂𠁀别尼岩險别𠊛邪奸𧡊月呐𢚸強𢞅月婿时掄几賢良妯时𡬶几端𣐱蒓道齊家於正身𧵑朱𡥵沛均分買和爫身𡥵𡛔弹婆𡨺調貞節𢖮榮肝如鉄胣如鐄𢚸常如柏𦛌常如樁欺𡢐欺𢚸欺常欺變拱空恪壽耆福祿顯荣尼尼𡗶坦傷腰别𢚸些固月咍庒𨀈𨕭朱𦤾宮𦝄結縁朱特娥姮買他𦝄𠇍吏些别饒只固更𠀧點從月拱㦖嚈𢚸吏𠳨𡓃塵間𡓃爫局𠁀䀡似占包公侯卿相噋哰𥪝𨦩挣𠑬為𡭲唏銅𫽅𠑬為𠰘鼎鍾𧵑𡗶月吏𠳨𦤾𠊚君子𣇜雲雷堆𡨸經綸些𠺘㐌固聖神𫥨𢬣撥乱𢧚身致平群坊逐利貪名拯戈如傳螟蛉虶𤑟𤉜𢬣𢯏桂長安些𩵜渃𪀄岸𠁀芇拯鳳凰鯨鯢些𠳨月𢠐𢠐月𠳨些疎矧矧疎䒹花𩙌拂披休休𩙌𠺙香迻嗷更強演月強高月些些月别包饒情𠇍句吟准旅庭固埃别月别𨉓咍庒月吏𠳨棱儒𠇍仉鬼神扶䕶别包調𫅜𠊛貞順名𠁀本𠊚𣄒北寧𫢩廊扶董縣僊遊媄吒固㗂茄𢀭富堪敵國𥚯歐𠇍𠊚只嫌没餒咴𧵆𠄼𨑮𣠖𠊚承家求低拜妬𧵆賖爫緣爫福𠸥陀包尼𢆧𫳵𡗶拯負𠊚𣄒𫅜吏享福𡗶空差没𣋚𩅹𩆐㘇𡗶𡑰固𨃴蹎𠊚窒𡚢老婆此𥙩蹎搊𢜠脱報𣘃枯木懷胎欣没𢆥𡗶𪀄𬊽羕㕸𦤾回𦬑𫥨富翁没聀南柯𥊚𥇀𠫾細没座天宮楼抬𠄼式𩄲封𧏵朝陛玉香籠座蓮百官朝服𠄩边没𠊚占占𨕭凱鐄𠳨𫥨買玉皇𫆍𦖻𦖑特𤑟𤉜的玉皇召没將𨖲𨉓高𠀧丈𩈘黰𢬣𨱽𢖵𠸗双鳳奇縁跡𠁀漢代留傳呐𥹰原𠊚圭於越州結堆陶氏晋秦縁空𤳇𮈟後承前𡗶朱生特𠬠䝨美娘㛼𫯳𢜠𫺙妖傷噠𠸜皓月王祥昭君歲皮𠄩糁青春䀡𫥨鴈落沈埃當女工竒𤾓唐聪明性質諳祥書詩媄吒貴化妖為玉𫅜徐聘期丈夫𦝄﨤𣅶务秋𢝙𨔈賞月跡留明皇昭君膝下承歓告辞娘皮算阻鞋瞇𣊍職桂魂梅夢中丿𧡊聘𬛕漢皇占包當𣅶更残龍顔空易麻假真定心夢源干推𠫾𢪀吏舌欣論盤𢝙𢚸𠰘𠳨圭貫紅顔𤍊排双親群𠅎呐𣦍㐌尼結𩯀𫨩𠫅房空娘浪監禀主公桃疎柳要待𥉫英䧺越州父母於拱王祥号妾昭君𠸜尼漢皇𦖑奏𢜠台西宮聀意封𣦍朱娘昭君夜欣歓叩頭百拜圣皇吀𫺓朱會合朝中越州連召𧗱窮配縁𡽫滝匪𠳒願漢王㐌省别恬占包𢯢𨖅衣臨朝喭台麻唒台形容範破真𢬣似浪稽糝𦧘碎音我𦋦拁𢬣𢫕連𢭮憲官浪渚諠傳悲唉𪹷抵些仕用箕𪀄怒蒲𪇌𤞨昆固課𨔈拱𤞻星固番拱𢢂固𠳒拱傷乙拱固意情庒空埃敢𢫣停謨制惜台𠊚吏𢵋𠊛𥒥尼計𥒥非常眜𥒥肝佞臣欺𧘇滇仍英𡨺役共專候仍都饒促使曽平几浪𦋦扒几浪𫙂制𦠆埃庄固圭吒坦祖拮固始終几罕灰姉𠯅嚛知呼㐌精吏諳憲官浪渚喑唉朱㛪妸仕𥈶性情油沛眾奸油沛眾奸体些動樣乙情眼如女欺粓迻牢群於帝闭徐庒𦋦計朱实几肝𧘇君子拱丈夫咍使淑𫔮𨒣别清貴謨仙吏媒𤇮急𥙩添粓女吏牢楼扽粓買啂昆侯迻添昆侯㖫𠻴𢫕𨖲𠇮猉肝𧑂典㙴停真玉清𠰷淚分㖫仍胣怒秦箕翁阮瓊於廊安域縂慈光欺𨖲𦉱𨖲𠔭𢆫𥙩𦲿桎爫旗𦲿蓮爫㳥麻吏固性輕𠊛𠬠𣋚𫡉最中秋穷𡥵制𦝄翁意保𠎪爫轎逴辰些迻眾悲𠫾䀡𠊛頭𡚢朋丐蒲𠎪𦖑𠳒調痗𤻻奇翁瓊保眾悲強𢪀𠬠祝耒騷迻𠫾䀡耒迻𠎪𠓨丐茹最保奇低仍侈𡭬𬨨空𪾋䀡只侈𢀲於吏𦓡僱箕眾悲𥊛𠓨壁𦓡䀡翁𡚢頭㐌𫥨帝𠎪如洛𥊛只𧡊俸瓊於壁頭𡚢如丐蒲寔𠎪别翁意𩢬生𡎢𢫔拱稽肝時貞時猪粓耒從且闭徐𡥵侯别意𧗱踈每𠳒踈浪𨔍𠁀盆情喭呐仍𠊚凌仍假噲油扲朋抯朱散丐䋲界山𧵑窖揚粓碎𢫕𫴋産床連唻憲官浪拱唭𨖲些𠳨𠳒麻𥋳昆侯𠳐𠰺罕咴侯差蚤𫴋麻隊𤽗𨖲𠳐㖡𢧚娘皮𧿨𨃴払連蹺真払自蹺妸𦋦𡑝襖裙𡲫蘇𫽄𠲖厲𫽄𢢆𭉝𨆝頭爫礼肝𠇮阻𫥨扒琼爫逴者辰翁意嗃𠽍𨖲翁布想𠎪打扲檑𠓨𠎪𧼌吏𠬠𣋚茹固魯爫𬚸𤞼𠶆客冬𡗋憲官袩体生𫽄吱悲拱𫽄𢫞易之姅信姅吏胡信𧗱士幸𧗱焒油𫽄瀝𫽄𦹳乙㗂於行粓㐌温買傳仍几下门𦋦外朱静矯屯𠰺庒隊生生𨀈𨖲𧵆𨍦憲買噲𧵆朱𫨩浪𤽗𠳒寔沛排因牢麻敢典低之払生𢬣歛𨆝跪𩈘時𬂙𠰘時𢭮戈莅仁平陸圭阮達碎阮生㛪志立功名尋柴北道移𠇮方南𢧚身𣌋𢼂朱甘活䝉刻庒貪𠦳鐄榾爫庒𢧚棱沛饒朱𢧚卒𦳦咹果芇樔果意𠄩升拱𠓨斗係别併𢜝之干縱咹𩛷𣋚𩛷枚𨇒用才㐌𠬕歇虚箕仍英𫨩詩𫨩賦𫨩經義𫨩策文𡳪塘進化尋𦋦寔効箕仍几芇𢃱芇芇巴芇烏𠇍卒梄覩拱在𨉟群責之埃托𤯩醝𦎛俗箕陀招押𫖀椥𫅷𣒣木吝欣𠓀群懞於吏𢣇尋方學窖鐘自由㐌打𦖻𢪀朱賖事拱𢞂唭固恪之虶餒𡥵蝒𨅸渚任飭𨉓群沛渚倍浪特𧎝𥒥翁㺔飭意䀡𫥨仃固強包𣉹亙𫨩猫𡮈扒𤝞𡥵𠇍几𠮾唁渚凭錢寔𧵑假事箕𪹾技麻差𢀭爫狹爫单機羕芇料怛𢵋几沛日𩂏湄疎𩂏風陳會意𦋦𢬣搓當爫渚如埃𧯶𠰘徐呼固摡固𥉫固槞固咹𦋦飭𢲲𪤍興旺庫之磋凭𡒯推買别𢬣𫨩𧆄学咹学呐学学蹎𣭻𨀈𣷭沉淪牢拱沕戈潙𧡊埃𦓡𣦍寔買𢧚𠫾𫥨𠳨𫅷𧗱茹𠳨𪨅𢪀𨉓固幽迷之庒别𠰘唁𢖵𥹰条𤴬𢖵𠁀回天𧯶祝衝𣦍䏾𢪀朱溇仃老如𥺊買粓𢜝欺涅八𢚸埃國唒𤾓𢆥𥱬妬𢬣扲朱凭冷爭如荇空㙁渚咹埃吀仃楊眜𥉫𩜙𡗋空埃㨂厨風會意渃𡽫尼埃拱算朱歇飭催仃𫅷𠵘呐𨑮㺔空特鉢渃套志氣工朱質振特如唎局炎邦雖𣷭𡗋番東固𩄲西固扶持﨤𣅶𦋦拱鴻洛拱英㛪𠬠户戈低袩体軒堂英㛪仍約𢀭𢀨如侯姑碎制於園𨍦𠸍𠀧㗂切𤴬𤾓皮𤯩於廊𨖅於渃𠇍句哏咘埃從且𢪀𦓡𥋳,Nom
7_corpus-documents-chunomOrg_no.txt,真𨅸吏碎𠵌姑浪未神群賖量困碎𢪀庒𦋦衝先决噲查牟姑碎𦝄𣷭強溇𫽄浪㗂㐌輸𠀧𣈜埃𧡊瓊𠊛悟拱固𢚸腰𦓡撟𫏾𨍦𠳒实𤋵排他朱時塊扒𣈙沛𠳐憲官别䝨人𦋦踈朗月拠韻浪𠰺𠊛研筆𥙩朱生𡎢怯料𠰷𠇮吏隊噲玉清𦋦体格袩情沛庒玉清諫踈浪律㐌罪平吐山憲官皮噲皮㐌欺咶喯吏干杜停百官品腹條朝𤤰判拱官夢欣輸𠳒浪泣具𡗶生𨍦庒恪事情庒差别𫨩浪几英才啂生吏踈排袩朱踈浪灰忽皮欺𤇮爐𬂙𦋦落体月陀𤏣准宮𩄲𫄑准𤇦𤎜域隊泣袩耒料𠰷憲官浪特𡗶朱壻䝨天縁窖定姻縁油庒權暫權㐌餘講朱生别尽辝乙木推如神位催推庒爫之係君子詫之小人些袩𥪝會竜雲乙𤽗拱固分門绵𢜝之𠳒世吱𢜝之𠳒世吱於低些仕料鍊習朱生浪資質𢧚𢌌𠰷𣷭愛德𠰷𡽫鐄固𠬠翁秀𠸜吉𧼋旦豹𦖻瓊𦓡保浪騷𫥨朱𠬠勾対𢓽対特辰騷他句対浪𤞼艮咹粓巽瓊対𣦍浪㹥坤𠤆哏乾翁秀吏𫥨勾女浪𡗶生翁秀吉瓊吏対應口浪坦丐蜅凶翁𤏧灯衝保浪縣弘化省清化杜人𧗱𠁀景興茹後黎制㐌固氣象几奇底蚤𠫾針焒𤐝朱䀡翁𡚢頭翁秀沛丐𡀀截秩旦𡢐官司天䀡天文𧡊𧗱地分省清固𠬠𡾵𬁖𠓇聀浪省意固𠊛才仍空别於𧗱廊芇𠓨奏𤤰𤤰交廷臣𪹾固𠬠員奏浪吀交朱省臣清化飭朱𤁘轄每廊沛進𠬠昆羝特𦍺限𠬠𣎃空特辰治罪丸飭𧗱各廊計辝包𧘇女算准𠲝時𢧚几爫高𠵌時𠰘卋噋嗃坤寒𠳐𠳒𨍦仕𡬶郎悲𣉹嗔強𨖲塘深裊麻於丕爫清𢀭𢀨渚体𢫞㐌例憲官浪渚世時仃𠰷生唉劄𥱬𠇍𠳒底義沛扒𠊛吟珪皮意昔為迻信𠵌𠳒生筆研幅雲箋𠳚𧗱小童𠳐𠰺𦋦𠫾各耆𢜝𦓡翁親生𫥨瓊吏強𢜝欣𠇮兄次𥪝廊求塊富溪典場文𨔍𨓡群秦麻𬂙必沛干咎𧗱茹盘𮥷吧怨恨茹𤤰𠾕仍事苦巾瓊𧡊布劍𦳦買𠳨𣋚𫢩柴固役之𦓡𢗼煩翁布當愊𠇮𠻵浪役廊役渃𪨅𡥵别𦓡𠳨瓊𧡊布空呐一定𠳨朱𫥨翁布沛計寔朱𦖑瓊理喽浪想役之渚役意干之布沛茹𤤰扒納𠬠𡥵渚扒納𨑮𡥵拱固敢客於𨕭𠁀咹制朱沛别𠳒𠓀𡢐停庫渚𢚁𢀭古初𠳒𠸠𧗱初埃𢀭𠄩户包徐空埃庫典𠀧𠁀麻箕如丐埃扜梗埃别朱世𡶀箕埃㙮麻高滝箕𣷭意埃陶麻溇渃朝埃薩埃洃干𨖲辰世干耒如空𥪝棱核意埃槞𩈘𡗶埃𥙩爫金烏𡄎䀡造化机圖算拱丕敖𨒣妥𠁀戈亊在𡗶人生埃拱刼𠊛麻催吏䀡傳䀡制㗂項羽英才埃當力能鼎拔山身長八尺皇㐌驚䀡西代東征百戰百勝㐌𩑭𫡦𡗶埃台垓不变移王一勝𨖲治位従容固逹欺計制各𨁯麻推亊𡗶於𠁀几𠁀争坤争窖埃埋特𡗉𠊛咹於别調塊㳥吶料滇滇窖台逹垥人間傳𥪝呐𠬠外盘𦋦𠀧催催内𠃣拱吱𠸦塊㗂𦝄麻悲徐計跡𧊉埃䀡旦傳計𦋦買詳逹排亊𧊉𤉜形殊時间㗂𢀨埃𡗶泣各式核童達童朋埃𣦍实麻𢚸許香𨍦𬂙体𩈘払𦋦朝恪𧘇如羕𢜝些踈浪沛達時𦋦信𢜠尼固阮生倍傍達買接迎噲童朱别意情爫牢小童計歇湿高𠄼丐𠄼吝𠄼𤾓𠄼𨑮𠄼𢆥𠄼𡥵隻𠄼𣈜咍𠄼𠄼𣈗𠄼𠊛𠄼𠊚數𠄼数𠄼𢼂𠄼𢆥外𢆥𫢩𢆥𠉞𠇍𢆥𢆥耒𢆥𡢐𢆥𡢐𢆥𠓀𢆥𫏾𠀧丐𠀧吝𠀧𢆥次𠀧𠀧𡥵爸呐爸吶爸媽爸𧵑𧵑爸爸奴爸𠋥爸碎爸𠋺朱買吏迻𢭂詞達卜袩礼詞𦋦袩体詩詞𦊚句固詩浪𠳒自謝𠳚呈英过𢚷朱𢧚几情油忍酌朱嗔免責矯吱浪保浪𢫞達連袩体詩生扲蓮達爫清唭吱亟别𠳒渃𤄯創𤄯於𥪝於𥪞於中𣎃𠄼𪱚𠄼𣈜𣎃𢆥𣈜𪱚𢆥𣈜𪱚𢆥𣈗𪱚𢆥𣎃𠄼𢆥𫢩𣎃𠄼𢆥外𢆥耒次𠄼𠄼𨑮𠄼同吱浪生拱𠊛𢜗筭油沛准机䦕别塘兵法𫽄塘包容時仃群於工𠇮渚别女𢚸爫牢𧗱浪群𡮇志高侯羕𧘇敢𠓨𠳒些吏𠳚𧗱浪科試拱㐌掑𨍦𨉞辞童吏移真丿戈縣勇㐌𧵆营𨀈𠓨𨍦𫏾踈生𠳒達恨群停渚涓払生自𧘇𠵌信時停心事強專學行𣌋於帝𢭗𠇮國忠陳氏阮氏阮誠陳誠黎誠笵誠黃黃潘武武吀柴拠𫥨保廊重朱𤾓貫底𡥵𠫾摸𠮩空特辰𠇮𡥵𠺥罪朱奇廊翁布𧡊昆呐𦓡活𡗋𢪀䏾浪些此𦖑𪨅𡥵䀡牢買打料𫥨認䀡廊爫詞甘結𨑻𧗱保𡥵𠫾瓊認保布枚𫥨京都𣌋底𣌋𣈕巾𢶒粓捻𠄩布𡥵搏𫥨河內𢱖羝旦尼瓊呐買布𠫾𢵋羅𠳨䀡𣋚芾𤤰御制鋪𠳨特耒旦𣋚𤤰御瓊𠖰寔𣌋吝𡎴東𦣰直待旦午𦖑㗂呼喝車馭官軍𠫾赤𨕭𡎴瓊連哭呱𨖲𣃣𣅶車驾𤤰𠫾旦𦖑㗂𪨅哭𦓡空𧡊𠊛差𪜯尋辰扒瓊於𡎴𨖲𤤰𠳨爫牢眉𡎴瓊假格空别𤤰呐浪疎翁碎𧡊冬車馭𢜝𣩂撤朱𢧚碎𨁎𡎴𤤰𠳨爫牢眉哭疎翁媄碎𣩂㐌𠀧𢆥𫢩牢買空𧡊布碎𤯰底𥙩㛪揞𢧚碎哭𤤰保𡭬尼弹翁芇吏𤯰瓊呐疎翁買耒碎𧡊𤤰飭𥙩羝特𦍺碎想羝特𦍺辰布碎拱𤯰特𤤰吧各官弼唭别𣦍浪侈𡥵𪨅尼必𠊛才應𠓨𡾵𬁖意連賞朱吧判浪赦朱民廊空沛納羝女綡特享空𤾓貫麻浽㗂狀自芇𣅶翁瓊学路茹𧹅沛旦殿崇吀𦓿𢩵瓊懇吧吀阴阳䀡主順𥙩㭲咍𥙩䓂吝頭主順𥙩䓂辰種仍𧃷矩旦𣅶特咹瓊𥙩㭲群䓂吧𦀊納主吝次𠄩吏吀阴阳主順𥙩㭲底䓂朱瓊辰瓊穭旦割花𧊉帝聘排奴堆庒𠲖阁鳯楼𦥄体花時旦埃才禁垠𧊉浪𢆥𣎃春咹制朱妥買㝹吏低𠳨客桃群空台㐌尼芇称斤他鄕及客故人暫𢚸𪨀𢪀眞世芇闭𫢩永仍渴嗃悲徐情𢪀爫牢咳情計之𨖲托𫴋京産低深别冲𣛟芇花浪計准清台𢝙平会蓬萊㗂一冲渃上源群固㗂𥒥強之之𠲢𠹚唐笘边坡桃群待柳包徐朱衝疎𦋦𠀲𨔍𨓡疎𦋦芇别浪𢚸固𦖑於低仍𡶀拱溪眞参䏾𥒥㗂蟡哙愁𠊚如阁鳯竜楼少之卿相公侯每尼𠊚如𩄲𡧲𡗶碎如𤌋敢制度芇𧊉浪唉客𦟐桃尼弄底搭𠓨朱埃催推低㐌别耒包徐少仉𨕭𠁀才花埃喂買油麻強攄𡗋強𫅷失緣𨕭𡽫徐式修仙玄光修𫢋於边厨中間群景眞蹺隊女𡗋工夫埃𡊰平志立辰𢧚修縁秦晋安草花花浪𣈙呐戈拱曾㐌别𧵆賖每塘𠬠縁𤊰焒香朱停買几雪霜别共仍恩怨庒衝妥𢞂埃别朱𢚸尼諸魂梅迷水失催信螉𧊉吏書晋秦強𠹚強𠬠吝巾𨑮分牢𠬠分扒朱呐𦋦𤏣吏𢢆殊淹𦋦辰𢜝咮𢗼㗂沁拯傷兑仍絲𠃩曲如紆𧊉浪沛呐𡮈固如𣷭麻𨃝濃溇襖𥹰拯默拱艚花箕買特牟縁庒㐌迻緣細閣藤𪀄群想𩙌𥉫𦝄矧徐當干渃㯲樔待别包𣉹朱冲悴情㤕仍𪨅中牢娘於准林穷閉吟𢝙制𡶀花林客塵𠇍几别尼開塘翁窖訴詳麻些典貝娘結縁花浪别准林泉清台趣味塵緣恪𡗶撑𣱾𣱾𦝄冲俸干𩙌同同細尼幅幀埃窖撝㗂𦝄花窖𫃚𠊚如空摱芒丐㗂𦟐紅𢚁才𢚁色英雄約𬇚𡨸情想𢖵别包爫沖少惱渴滈𢚸塵𢖵埃群固欺寅𢖵情别𠇍分果𢣧紅買曾妬埃愁尼朱𦋦固𣎀𡎢䏾𦝄斜𣋀枚侯木㗂𪃿噲𤇊𤇊清吏添猿边𪟂吒丐女傾城仍㗂默名𨕭𠁀責縁𡲤吏恨𠁀㗂埃窖達仍𠳒𧊉螉滝渃沚堆𣳔别麻𨃝特𢚸朱當𧊉浪𧡊呐添強想𨉓麻吏𢖵傷旦𠊚紅顔易𠇍𨕭𡗶花𦹳曾課𠊚𨔈固辰仍調𦝄𩙌計之賖𥸷乙拱固欺吏𧵆玉珠𠸗結鄧春紅娘吀焒吝麻𢧚尾之堆𡦂情縁𢱖功香焒添煩𢚸𢪀牢朱院朱𧷺矯麻𢢆買渃𡽫牢停困𫢩㐌願貝情芇埃負義三生油麻決𢚸細景探花庒修固典廛𫅷爫之外秦晋狹之芇𢚸廣大慈悲芇船漁細准洞桃補功哏咘約閉花浪𩙌動霜𠖤㐌𠇮典准尼朱安俸埃窖吹𢧚信螉使蝶吏添絆𢚸群打買拯冲寔𢝙固打特庄咳煩𧊉浪咳客婵娟㐌冲如這染之麻𨀈𠓨𥪝准園花庒𦹳拱𢲨梗制䀡浪默客𨕭𠁀底停芒㗂𦋦𠊚冬迻決如妸𢬣𫅷採𣋀轉特呐麻潘花浪䏾月漏漏俸埃律愁如空埃监吘事𢚸雪霜停冷𣼰𣎀冬尾之幅謹封𠸠初庒可朱衝默𠊚庒𦖑𦋦拱呢𠳒𡦂縁𢧚妬㗂唭在埃𧊉浪催渚甚𠳒人生𢼂於𨕭𠁀終𠳨制群大𨔍𨓡𠬠低𠬠帝恪𢚸之庒才情特𠇍妸姮女芇底客𦝄待徐𠰚情𢧚沛尽辞秦低晋帝包𣉹朱𢧚悲𣉹滝浪渃安巢箕㐌𨔾朱船𨖅渚戾欺声氣弭恒𦝄箕缺怒埃扛朱𦋦腰𣘃𢧚沛花為情𢧚沛𠓨𦋦買情潮𨖲㳥渃竜冷花𦹳嗷𠯪𦲿撑夷夷𠦳𢆥碑𥒥鑿𥱬仍𠳒𦝄𩙌折之燕𠳒誓群妬停停油埃单泊虎𨕭堆花浪催吏𤑟𤉜㗂窖訴𨕭梗固花㐌修固𢪀之賖牢麻㗂𦝄花此情永𦖑边梗𥉫𫥨柳㐌萌拂坡焒香窖𨤧情期䀡厨清永空師修行於低岌𡹞客情固𬺗船情尼空咍群想𢖵𡽫蓬樁嘹竹化紅清台咍㐌願固尼船只待徐𠊚情鍾花浪芇固𨔍𨓡𢪀浪𢚸㐌别𢚸辰催埃𪫢吏庒信𠳒塵𠇍几别𠊚知音固縁如果味空縁如𦑃花涞𡧲塘意浪埃拱㗂鍾渚誇才色捤摓爫之𧊉浪惵意順情唒肝鉄𥒥拱停朱衝𢧚空決罕停空事𠇮麻吏柁𢚸𠳨埃花浪坦𢌌𡗶高風情固少之尼風情㐌浪牢固修行牢麻𠹾庫芒經旦厨悴情仍丐蜉𠄼更刻快𣎀秋吏𠫅𧊉浪呐吏朱鳳凰牢塊細𣘃𥟊垌悲𣉹𢚸㐌别𢚸固如𣅶𨔍𢚸渚悁吝戈䏾桂㙴𢪀𠇮想客鍾𠊛知音惜台花沛葛淋𥋸𦎛司馬麻𠰃埃喂愁辰埃强爫矯欺月𠸍花唭拯咍花浪悁㗂渃尼事情𠬠帝𠬠低之𥉫𠊛𥪝揊樸女才價意當辰成包債𠊚宮禁楼高祸𤊰待㤕芇女催居光㐌𠇍𨑗𠁀唒花𥉫𧡊拱派牟紅群庒客於𡽫𤂧顔色形容澄𧊉浪𨖲𠳨宮𦝄固欺拱摱赤绳車緣𠳒凣𠳨寔客仙圭𠸜根原世芇當干平地波濤𠫾麻吏尋𠓨旦低催停想𩙌𥉫𩄲絲秦𥿗晋產低朱耒花浪呐拯料𠳒縁𠊚吏固縁𡗶㵋𢧚仕𪨀初𣅶𧴤𠸜准空辰准願庒衝𣅶於默䋥𪀄鴻埃咍必宰别𥪝机𡗶𦎛塵𥙩帝麻𥋸料牢朱沛𨑗𠁀買饒𧊉浪𦋦之𥹰催停迡𫏾邀𡢐女情女牢塊㗂決𢚸𣘈鉄底名𥪝𠁀香皮外𥋷𥉫㐌𧡊𠊛情鍾月花堆𡨸憹庒符𧆄㐌迷𢚸杏春花浪𣷭愛源恩計牢朱掣餒塘𨤮賖庒生拱㗂𬁖沙庒𦹳拱世花㭌艚㐌算用斫𪽋侯双離菓𣷭溇坤𨃝固埃别餒尼朱𠬠𨉓強𢪀強𢗼添強責埃牢拯料塘𬁖才低曲江狹回芇𣷭𢌌滝𨱽少之竜鳳約願隻船杜𣷷容营徐朱特客鍾情𨀈𫥨𧊉浪此𡑰花戈𨔈風景䀡𫥨世芇吨低固客媽桃朱𢧚𠇍沛尋𠓨典低悲𣉹鵉鳳逞排桃東㦖𠳨柳西𠳒𢪀牢唉客章臺些𫢩仍几𠊚才名女才聘𠇍朱生如𩙌如𢪀牢朱院𤾓塘拯涅𥒥派鐄麻催𢪀浪𢝙丕麻𨔈㐌𨔈固少之尼有情埃喂渚倍誇𠇮春群𡗋几才名𨔍𠁀㗂湖仍渃群潙花蓮㐌沛葛淋槾桃妬沛渃妬群𢧚價買𤾓澄花𦖑咳𡂱如愁𥢆吏底朝𦝄𥙩𢚸催催𢪀吏朱穷景情兑典𪀄篭買之𦑃花桃㗂𧵆賖𧘇覩𠓨朱埃否戈催𨅸吏𡎢占包魂梅𥊚𥇀𧊉浪倍鐄催停𥙩每塘庒𢧚𢖵之欣女𢖵縁𠦳鐄渚易覩𡊰𢚸固香䏾𦝄𧷺強𦖑猿唿強愁滝銀渚北衝梂𦛌蟳𠃩曲𤋵油如汙魂枚魄桂矧疎聀鐄𧊉㕸挨𨕭摱𠳨𦝄𫅷朱𥙩𨑮縁初固世尼箕朱蒂陳低仍𠊛為埃禁𩙌垠滝爫朱牛女𡗶蒙𨖅求欺彈六句傳初味蘭桂称渚情𦋦𥆾冰傾𫢩待枚尋計功别𠇍𠦳功責埃拯院𡨸同筭𦖑英燕負𢚸故人為之堆𡨸朱陳朱𢧚𫢩晋埕秦干滝渃𣳮㩒樔吏妬庒戈為情厨芇𫢋拯䧏生花𦹳埃拯損梗麻𨔈呐𦋦芒㗂𡗋𠳒唵𦋦辰𢘝𢚸𠊛世芇闭𫢩咹槾者桃信𠫾信吏别包工呈𢧚丕唉客春𣛟我迎沛呐底情尼咍爫之吝𢠩恾麻𩈘㳥花枚淡牟芇滝油𦒹頭底些覩貝愁朱衝責埃牢庒訴𢚸筭肝此英碓特庒撑牢拱𧗱棱妬埃禁𩙌停容𣘃箕群别𩄲唒牢瑟拱攄琴花浪咳客知音固者情深買閉𫢩信𢭮書迻爫之朱雁别𢚸彈箕𣅶𦝄沖吟詩白雪打宮春情圣他圣如生爫之煩底情矧詩當干𢭸幅萌疎花𦹳嗷𠯪𩙌迻冷𨓡船埃箕待边滝固𢚸渚客咍空咳船𧊉箕𨔍渚悁𢚸群㦖𠳨根原𠇍𠳒船渚客賖𨔈空仍船固棟尼𣷷尼花箕群别𤊰𣘃嬋娟牢塊細𢬣英豪箕染渃扶桃㐌磋𢧚𡶀别包𣉹𡦂情吏平𡽫春群情群𢝙台趣味清閒人生典世欣戾之𠦳春義瀋情𥱬沛如咹於時咳埃花浪催拱别𠊚爫之女世唭𠊚吱雪霜𢢆几𠫾𧗱箕滝怒𡶀𠳒誓渚悁𧊉浪碑鑿群𠸜埃麻負泊付𨕭紅悲𣉹𢚸㐌别弄工𡗶拱𡊰功𠊚呐臭呐虎賖吹䀡𥪝賦意覩𠳒冬迻𡄎徐課怒典𣉹𠇍𠳒句𠸠拯差朱𢧚固達𠇍𠳒唒𠸦拱默唒唭庒牢𠊚芇種性𠊚芇意埃意𧘇攄牢朱皮句𠰘𩵜坤皮達麻𠳒沛𢜝埃吱唭傳尼劄事𠁀典欺從且䀡制之𠰘渚㗂冷吨賖鄕場皮課典科會功名𧘇埃劒埃達自𠵌体边𦖻可浪埃亟别芸咹制𡬶柴嗔𨄹塘枚𦋦𧗱揞自𢄂爫闺乾坤梗𨕭𦠘别埃師弟别埃小童𣈜真𨄹塘樁台丿㐌塊滝求𠳨深典楼𠵌信生買長兄共饒計歇事情𭮫耒生買𦋦呈憲官浪碎𥪝几士寒𠵌𫥨秩解長安陣尼𠳚戈官奇特台𠰺浪些錦文章三魁不及四場有餘𠰺朱𥺊蒌荼小侯𠄩矴迻𠄩払闭除師買煩𠓨誦念奏𨕭𫢋䑓南無𫢋教如來渃楊急洒胣𠊛撕迷枚𢝙買竹鳯掑買鵉南無芇客紅顔𧵆尼便特咀嘆事𢚸南無色空庵𩄲念𫢋𡽫蓬想仙沛移矯㐌拮𡬶科鄉㛪𥛉𫏾軒堂𥚆袩𣈙㐌恪常𠊛些𢨵𣦍深瀋細茹翁汫卒清台汫𨔍𨓡梂抛抛堆版夾渃𤄯𣱾𣱾𣳔通𥛉蹆𠄩𡥚拱𦋦𢚸春歆𠼯𣷮羊習玉清𨿽庒𢚸腰𠇍生袩共𦋦朝堇𢠐䝉㐌𠲖昆買吏绳甘訴𦋦世拱袩岩謹时𬛈埃爫朱生信麻吘事情命丿耒納𠇮吏𠵌油生杜翁宜乙些拱預時榮𠄩払自課𦋦𠫾山南秩解𦊚期首科㗂屯代泣𧵆賖㛪買𧿨吏本鄉𫏾吏萱堂𨍦𢜠㛪𡛔𠄩娘産疎媄昆路傳𨍦初台麻結㐌除𡾵𨖅線精每添強皮戈辛卯吏𨖅壬辰會春計外𠀧𠦳皇埃拱𡬶𨖲𡗶𠀧𤾓奇策都才芸庭撟榜群𠄩𫽄包𧵆賖埃歌謠固𠄩户阮𠸜榜𣘈,Nom
7_corpus-documents-chunomOrg_no.txt,𩛷咹油固𦼞㙁襖默奈之錦羅渃養朱清池賞月坦𦓿牛隘𪽏秧花工欺興動店雪吟特勾神𠱆𠱆歌𢷀包蓓淋𪮏襖旦䕺林棱核葉花迡動塘𠃣𠊚𠫾𦹵急侵疎帶俗嫌勾帶俗主無心客無心竹樁軒永工欺意能某山僧𬈋伴吟娘浪香火生沛𠊛𩙌𦲿𫚳梗如埃為縁𢧚沛勿奈吀払固𢙇情人𠄩边路傳懃闭除払買蹺蹎払𧗱戈𨤮長堤脱㐌𧡊𧵆期故𥋷𥊛風景闭除𨀈娘拱堇魚如払園春景色強𣘃斜坦松昂𦝄𡗶書𥦗墻壁雷傕詩辰𤁕墨𪽗辰派𣘈𨔍之景遇干𢞂仍䀡骨格沕群風光共払娘買𢯢𨖅房文垠吏𠬠間𭓇行親父具潘文浦更荣永𪔠更吨渚丐紅顔買渃𡽫香迻醝吏醒彚𦝄𩄴尺缺𣜾𧷺扦昂坦𦼔曾盎續蹎𩄲𥒥𠇍𫇳喭餒春𠫾春吏吏𤗖情𣘈子𡥵𡥵親母具潘氏春杜首科場乂𢆥更子払經史朱明払畑册習情朱專娘辰𬓲𠬠軒𣒵耕勤敏𢝙沔女工𣈘𣈗𢚸仍啂𢚸雖外唭𠹳仍冲𪧚朱𫨩𡬷腋貞坚𥒥鐄㗂㐌凭𥾽情春身㛪辰分㛪𧷺𬙞浽𠀧沉𠇍渃𡽫𧋻湼黙油𢬣几攤仍㛪刎𡨸𬌓𢚸𣘈払徐欺﨤佳人𧡊春𨻫仍秦銀𢚸𣌋終乍𠬠茄欺𫗒欺於欺欺朝歴事清騷強𥆾眉柳桃強腰海堂皮聀春霄巫払拱算條𩄲𩅹拮𠳒娘㐌呈疎浪牢君子擬渚盡詳本𠊛文脉書香𢚸月涓塘史之仍役春情𦀊紅㐌𥾾𣈗𩇢群𨱽文𦊚期穷期第一曰兼治士夫調服𠊛咍𡦂㐌𢧚堛𡥵爫朱𤏣英才㐌払亘飭三餘𡗶空負几讀書麻科名浽業茄榜鐄耒仕𤒘𭉩夷包除欺旦荣𡚖闭除妾𪾋惜之買払払𦖑觧每唐搊固𡃍之娘呂荣強𢜠几𠽃鷄鳴𦖑強沛用情朱坚𣌋針道聖䝨恪如体𡥵船渃沙㐌勾如切如磋吏勾如𤥨如磨技強堛它巨文章加功𭓇習吏強才志啉漢榜宋科翁自欺𡮈固志改革𢆥辛丑翁招集伴同志謀圖局反対政治爫卷琉球血淚書𢭮朱各朝臣穷各名士底鼓動𢚸愛國𧵑人民𡢐𫥨北圻交𨒣𠇍各名人外北如：具督定宅翁秀昌耒𨖲𠇍提探仍不得志如抇改如認徐修道闭東度染牟秋霜仍䝉旦隊鏖場梗花上苑之讓朱埃娘徐欺𨀈外𡬷𬓲仍𢖵𠊛情鍾欺店冲准房空𪾋挹粉空𪾋𢬗𢆥成泰次𨑮𧗱中圻穷𠇍各伴：南盛山斗秀定鄧採蘋鄧子曾拔虎蔭涵云云穷𠇍翁具道組織党革𠇮𣎃𠬠𢆥甲辰𠫾外國滥𠊚拯固德共才𠫾儗調𪰛劔歇𠄩險旭權庄突吝清閑案矣刁帶易咍𦛌𣷭溇𣴓坤别𢚸𠊚𬑵𨱽事世𭁈冷埃𠳨旦保浪翁㐌的𠄩𦖻欺𣈗外准𫔮階畧辰丙𦎛辰丙𤐝𫷜𧷺審脱迻梭夏戈秋細冬耒吏春隊畨𢖵朱陳䋦情娘買賖𧵆咀嘆隊畨𢖵景鄉𢖵茄娘拱盘桓念西圭𠊛吝呂闭𫢩併祝㐌侯𣹓冬𪧚雪價冲賖吹别固信𢚸朱庒情𬓲拯𪾋呐䏻𣎃𣈗𨻫仍𥊛澄槐求䝨㐌𧡊詔几𧵆納卷几賖𨕭唐文人闹𠽋𦊚方娘卞㪽朱払試蹺真𠄩𥒥随旦払買認圍場𠰘吟𢬣討卷鐄几輸茟𠊛譲喠文場屋𠀧秋枉某名拯才称聀先生勤約操園諸子船𫵈坤都𣷭六經案核畑𠄩伴𪧘梅軒竹蔑𢚸清吏𢜠元氣皮盛群忌爲咍蔑𡨸丁㐌𠇍秋尼底例茹縁芇刁等庫庒赦蔑身吝橘塘科目𠄩𡨸麻役國家才劣辣饒𢧚劔伴𠊚𤷱痗歇福群些君親渚報𢚸更情負粓𡗶襖吒襊踈䕯𨢇情控挂用歆𠇍琰塘臺子陵高秋沫𤿤張騫珥客𢀨蟳六辱船頭罢蠔質摳離㯲檜廊吟索尚䊷工課意㗂朝𠰺泣滄浪𢀨共庫𪽝蒸𡗶吝木爫之朱辱唏瀉𢚸清味耨渃𡍋坦隘𪽏夢葸勤節奇恒捻忠孝念初馬女移昆𡥙渚嫌双曰兀詩書實意寶𠦳𠁀噴珠𠰹玉𠸌旬科扲弄𨑮分固俸𧡊㗂𬬻傳刘平㐌題𨕭榜鐄席捽㤙頒𦹵撑𬮌養底𢚸仁竹立軒梅抉俗塵業𪧘詩疎恒蔑職縁初香火象𠀧身顔淵渃貯瓢群月杜甫詩𢧚筆固神女君親渚報特鞋花群𥾽琰青雲𠯪嗷香桂湯𩄲會𬙽亇渃森圍補功畑册闭𫢩文房娘𦖑信拱𢜠𢚸妥情餒伴𫯳闭想𠳒𡽫審渃溇仍𢖵対愁𢚸圭情𬓲ㇴ皮皮倍𢜠娘吏𧗱圭鄉𧡊信楊禮倍鐄差𠊛迍逴娘冲情初𧡊𢝙𢚸𨖅潮卅廣東於𠇍刘永福喻𠊛越南於边艚爫𠬠党特𠃣吏𨖅日本結交𠇍梁啟超（号飲水）穷各𠊛艚𠊛日𢆥𠬠𠦳𤾓零阻𧗱艚迍翁強邸𨖅日立㑹維新鼔動捐銭南𦓡勸喻伴少年𠫾𨒣学𢆥𠬠𠦳𤾓被𠊛日驅逐沛𧗱艚穷𠊛艚組𦃎㑹越南光復𢆥𠬠𠦳𤾓𨑮𠬠𨖅暹羅耒吏𨖅德𨖅俄𢆥𠬠𠦳𤾓𨑮為固仍𠊛暴動称朱被座案𫽅罪処死永𣎃𬙞𢆥𠬠𠦳𤾓𠄩𠄻被扒於艚𣈗𠄩𨑮𣎃𠬠西会同提刑結案苦差終身𣈗𠄩𨑮𦊚𣎃腊西特官全權𫥨令㤙赦欺於外國固曰报吧爫册仍册固卷餘九年所持之主𡅳同胞補罕𡓃武力蹺𦎛亞拉伯吧非律津故飭学行底𨖲塘文明辰𠊛法仕朱自治卷創造少年南越之方法固呐仍調進歩𦓡政府法㐌𨢟朱渃南吏固曰卷法越提𢹂政見書記獨醒子𦓡册恪女𡢐欺㑹同提刑処罰翁苦差終身國民故飭運動朱翁特他𣈗𠄩𨑮𣎃𠬠西翁会長会中圻相済固𢭮朱官全權𠬠幅電信吀𧍋下顧𦤾翁潘𠊛中圻當沛𮥷𦤾𣈗𨑮𣎃𠬠西㑹㜥接特電信官全權者𠳒如𡢐尼官全權東法答吏翁黃進講会長会中圻相済本聀通报朱𠄩状師辨𫉚𧗱役潘佩珠别浪意本聀定欺𫥨河内仕扒頭察吏糊初私𢬣准樓紅寒暄娘浪㐌𠳒願𪾋醝情伴麻悁払秋𧜖𫋻他鄉𠄼更妾仍𢠩忙奇𠄼北南堆我賖侵愁𬓲似𣷭𢢇管包派粉𤁕𣘈𢬇朱特𣃱𧷺爱㤙矇朱旦㑹竜雲朱𠊛占榜春麻𧗱悲除㐌院每皮払群𢖵交誓𫨩空𫷜㤕㧅蓬綱常𠄩𡦂妾空𪾋移払油拯固信𠳒𪾋吀固𩃳𡗶証明払浪胣仍丁寧㤙葛為情芝𬞕闭𢖵客紅顔别包𥐆咀𨱽嘆亊𢚸身閑油細油𨙝輸特朋棊埃几堆伴𪧘少畑免性涓庄劒竹共梅𦓿𢶢雪吟隊景掬制春泣每頽昆𡥙馬嫌双曰賤𠦳頭柑橘意羅碎斜陽俸我課紅樓世界冬𢧚玉蔑瓢雪朔撩核點粉晷東豸月印鈎𤌋沉水國涓滂鴈篆虛空偷船𫵈群掉拯肯杜𡗶班最約𧗱朱𡬷胣始终肝鐄𥒥𥾽𢚸鉄𣘈章䑓隔阻渃𡽫埃𫨩𣘃栁駭群梗春㤙𢚸别之吀強夭為強親為情払強醝𬌓𢚸貞縁初香焒生強燶店春𤏣篭局𢝙吏捽同交歡娘徐𧗱准房鵉集本聀拱矇浪役𡢐欺察吏仕爫朱本聀固体𥙩丐制度寛洪𦓡答吏𢚸信𢚁𧵑民眾越南対𠇍本聀皮𦒹餘糁𫡦秋𦝄䏧相林泉清永伴巢許礼楽閑制道孔周鉢粓叉如恩社稷間𦫼𦹵隊唐虞絲豪庄固填恩主𠰺廊溋𠇍士儒自欺本聀𪦲𦤾処𣋚夢𠄼𣎃腊西官全權細河内欺𦤾頭庯嘉隆辰固𠬠伴生員各場高冬𦤾𦊚𨑮𠊛同声祝𢜠官全權吧㨢高𠬠幅𦃿曰寔蘇仍𡦂尼翁噅𠊛党社長壽吀救怒朱翁潘佩珠補丐政策属地抑制𠫾曰朋𡦂西仍低譯𫥨囯語如𡢐尼𠫾𠬠觥女𦤾頭庯場銭吏固𠬠伴生員𦤾欣𨑮𠊛拱嵩𨖲𠬠幅𦃿曰仍𠳒祝頌官全權吧吀𧍋審吏丐案翁潘𦓡朱翁特案群如女調生員場高𢺹𫥨底請求𠇍調的當妬官全權𠫾戈仍生員𦖑㗂嵩呼辰𧍋調拮𢃱嘲吧拁𢬣仕捤如意保𧍋㐌曉透朱耒欺各員学生祝頌𢝙辰翁主报鳴固蛰特𠇍丐影翁吏𦤾扒𢬣𠇍翁学生𦓡𤍊𠳒𠸦𬢱功役𧵑各翁爫耒拱固成效欺車官全權𦤾頭庯𪦲吏固伴澄𤾓跪於𫡉塘底𫠿𠬠幅書吀他罪朱翁潘頭固𠬠具㐌𬙞𨑮𢆫頭𩯀白菲幅書𧵑各𫠿𨖲官全權𠳒𨤰窒感動在河内𣋚女学生場高等師範𨖲謁見全權固吀㤙赦朱翁潘在京都化場女学同各姑教穷女生同𢚸𢭮電信𫥨府全權吀㤙赦朱翁潘聖説𩅹春㙮𠃅𫗂東噲客𢖵𠊚賖𣷭潺淶𣼽潮𨖲𬺗催對畑𣅙吏𥋴花𥋴朶花春共嘺𠊛𠊚愁沕没牟鮮花鮮如樣花唭客唭客𫳵𦓡春庒𢝙客保朱花特别詳丈夫坤𨤰𥠭𠊚常共饒㐌𥘀𠳒𡽫著賖伴同心丕沛傷㦖細共埃𤋵𬌓𢚸愁𥢆㐌𫽻𫽻朱衝春𠫾春吏無穷盡固𨤰些兜𢹇買𨦩扒䂨埃些祝𠇍𠳒祝朱泣奇𥪝𠁀𤤰官士庶𠊚渃𫳵特朱𫥨丐𥠭𠊚扒䂨埃些祝𠇍𠳒祝朱𩔖産於𥪝𠁀𤤰官士庶𠊚泣渃据㩀𫳵𫥨丐𥠭𠊚春𨖅耒帝姉㛪喂㩥𢯢制春嘺女壞𠃩逐韶光固𠇍箕𥉫𡥵燕奴迻梭𦰟畑𣛟冊𫯳唭春花𧺀𠬠𠄽挈包意味包情思吟讀輸𣎀𩃳红𠊚賞春些固𨤰空園春些𢲨𠄽抌𧗱書院边𫯳冊漢𠼯唭春買化工𣌋冲悵外幔徔容欺𫗃沫欺𦝄冲欺牟雪欺花鐄欺欺官弹欺勾詩聖欺盘棋仙東桃西桞鮮研春𬞕秋菊團圓𠬠唱随𢧚道室家陳朱意買陳朱娘辰院𡦂徔夫浽払刘易别麻盘徐𣈗占特榜鐄荣𡚖𧗱拯别娘𠫾払強想𢖵強愁払強擬旦頭強傷𢖵𣈗舘迎香詩題皮断﨤娘占詩𠬠𠄩拫抪𩯀絲呐䏻思朗盧風情埃𫨩𡬷胣坚貞秋𢖵𢚁功程别包仍所電报𪧚吏空𢭮𠫾𡢐官𠳨䀡埃提唱𫥨役辰只除督𫥨群自姑敎𦤾学路調認奇𦤾仍姑𪦲𨑮𢆫拱拁𢬣認固預役囯民対𠇍翁潘辰如𦓡吏固仍仉忍心爫調低賎如𠬠排𧵑翁断腸登报鳴譯如𡢐,Nom
7_corpus-documents-chunomOrg_no.txt,𣈗係埃反𤤰即辰沛誅夷三族双𢘾自𣈗官西𨖅保𫉚𦤾𣉹辰朱亊爫絶嗣𠊛些如𬨨吧不仁低空補丐𦓡俗即債𠇍調約讀者群𢖵𠳒官沙露吧𠬠排官全權呐保公眾浪：＂茹渃保𫉚勤一空犯𦤾風俗例律𧵑民本処帝＂各茹該治拠世𦓡承行令𨕭𫢩碎吀計底讀者别丐政策保存㐌窖施行𫥨扒翁潘佩珠特𨑮𣈗辰員知縣南𣐙縣所在翁潘欽稔𦤾奏官使浪：𫢩老潘佩珠㐌被扒吀官𢀲朱扒奇𠇍𠊛𡥵𧵑漢𠫾埃拱别官使𠊛公明知𧥾𧍋𫽄䁛𠳒呐無理𧵑仉碎伵𧍋双買𡢐員知縣聀浪𠇮仕固功蘇𧡊官两慮辰頭腮呢嫩女浪：＂𥛉翁𢀲空朱扒眾奴辰眾𡥵𠲖𡢐翁𢀲𢪀吏辰㐌𬨨耒吒眾奴當黙䋥𡗶＂庵高庵𥰊達隊層泣輕𠀧阻吏平抉竹𨀈戈𢚸𤂬賞梅𧗱踏俸𦝄枌榆了鳥傷圭𪧘松菊逋持汝役恒蔑丿清閑工課意千金約対特咍庄＂别𡢐尼眾奴炙迍𫥨外囯縱橫𦓡継業吒𤾓𠦳𥛉官𢀲吀𧍋𪽋心＂貪閑另典江山𣈜永袩制蔑庵葉𪀄呌花侈動窻香羡𤌋初殘湄秋𠀧塘菊春迻蔑𪽏蘭隐奇路之城市女芇羅拯坦茹官寔固利害朱茹渃大法𡗋禀翁𢀲边法拱如边安南眾𡥵固勾浪：＂蒌蝼吒𡥵＂吀翁𢀲畑𡗶炤依𠳒眾𡥵及悲𣉹𦓡除截偻逆𠫾呐買官使沛轉𢚸讀者察䀡𡥵𠊛𧡊呐了㐌固効果辰花𢬣𦬑𪖫𦓡唭嗆𠳗𠰘𠽌𦤾芒腮滄浪𠇍坎蔑船鈎景邏店清興𪽝月木頭𡽫鯨唯㗂𤌋散𩈘渃空樓扛山淡特圖𠄩幅世界冬𢧚玉蔑䕯些乙𢚸明文正女盃初庄管刁歐聀浪節西𦤾低𠃣𫥨拱特刀𥘀北斗佩星立即固札𧗱廊飭正縂里長耆𦤾扒𠄩舅𡥵翁潘𨖲縣裊固咹𪰛固慮庄朋掑哎孚ㇴ𣈜閑𩦓卷䀡周易店永尋梅伴老逋㐌别權饒險旭朱咍塘利拯觥觚從尼谷特皮欣舌渚易平埃旦買都𫽄呐𫽄查拠送𪾋𠇍𩛷耒解省𡢐𧡊各舅䝨伶别身分空㖡之吏因省少仉侯下辰員縂督吀用舅英撅茹傷群舅㛪辰扒𠫾附載車烏蘇耒悲𣉹辰扒爫柴伵朱𠇍注陪行粓西民安南𧡊事残忍如埃空𤴬𢚸𢴑𦛌眾碎保𤑟朱公眾别吧試𠳨𡥵丐翁潘佩珠固罪情夷𦓡沛𫼳苦辱如丕辰空沛翁潘欺出外㐌𡞕辞𡥵耒啊抑刼堆永吒𦓡無罪如寔𠍦𬨨寔低末𬨨茹渃群𢜝之𠎪𣌋㐌離吒於茹𠇍媄闭𫢩辰群漸染牢及丐主𧵑吒𦓡别塘革𠇮役員知縣唿扒𠄩𡥵翁潘如𠊛越南埃固心罕沛朱員空沛𠊛越南女民眾碎𬇚約浪排仕透𦤾官全權𧍋𫥨㤙救𢵼朱𠄩𡥵翁潘脱𫒥奴隸敬呈官全權透朱爫𢧚價重名髙荣銀笏緑袍𪽝埃𠫾麻拯𤏣排亊情尼别𠳨埃朱詳縁窖𫒂𢬥𨔍如董永﨤娘仙姬𣋚𣈕𨻫仍堇魚䋦相思别包除衝餒𬓲競ㇴ边𢚸吏群責浽同𥦗薄情𫢩𢜠珥𨀈𩄲𩇢吏𨖅制底䀡情𡢐買傳懺軍侯習耀網架𨇒毛𨕭唐伵柴皮細外墻楊公𥋷𧡊倍鐄𨀈𢬣連逴茹𪾋吀𠶆博新科連𡎢辰倘典吏衙𣅶𠓨謁礼𣅶𦋦開詞,Nom
7_corpus-documents-chunomOrg_no.txt,"浪碎执政典除包饒功料𣈘𣈗没𢚸公正討𬆄麻埃誣呌役尼朱碎髙明吀𤍊畑𡗶查𠊛誣告𠳨𠊛冤愆府官𦖑呐倒顛𠵩浪法扲權刼民牢空𢜝固鬼神麻眉呐仍分欺誣傳計礼雷傕𧛇刘㐌排𠳒呐浪冲情堆些情伐木断金初𫢩冲曲弹琴高山流水知音𠊛仍𢖵渴𠳒戈低因便制𠳨𡗶𣋚唐吏群賖奚插底些𨕭唐浪㤙博固𢚸傷駭徔且㐌倍鐄之英㛪冲故知賖𥸷胡易欺旦茄徐𣈗𦖑㗂吨賖𧡊信博杜寔𢜠台矇朱简役茄尼功碎拱定𣈗𨖅制情冲𨑮𢆥𡗶𣈗包饒吏𢖵𠊛闭饒𠠩補𭣣𡢐庒𢜝法𤤰咹乾单原開㐌𤍊詳麻眉吏仍塘虐吹仍想𠃣𥊛𬲢梗春渭北𩄲朝江東旦𣋚𫢩買重逢𢜠𢝙㐌妥𬌓𢚸渴滈法公據炤律𡗶駭朱各聀許囬生民府官判保殷勤即辰𨆢𨀈𠓨𡑝後堂𫺶台朱侅總鐄浽民誣告浽官吏乾闭除息𫺶衮昂招兵買馬𨷑塘威風房眉𫽄趂保姨侯沛嘲博𠹲房𠳐傳保闭𣇞𨀈奴據呈疎如𠳒𦖑信娘拱𠽋唭整粧娘買尼公堂払刘𥆾𤏣床娘嘲渚𢴑意払㐌𫨩即辰呈排浪㤙官博别𣈗涓𠽃朱功業院全無情怒意𪾋吀恕情𢘾㤙英姉功程𡦂㤙強𡦂情強針寔重情深𢆥刻骨盟心群𨱽闘㝵𠫾羅𥒥𤷱唐花咏勿竹論𨴦牕豸侵唏𪹷㗂猿呌隔𡽫核葉傘𩂏庵沫清月現俸𡃋𧒌𦣰鶴吝𢧚排伴类邑共些𬈋丐昆席耒辞謝𠬠𠄩徔容𤏣𡑩唐梅吏𧗱払自鴈㙮荣𡚖欺𢧚𡗶𢩾毎皮毎𢧚功名㐌珥𨃴仙室家吏﨤良縁晋秦泰来𢜠㐌旦旬门庭𣈗吏添春𠬠𣈗𠬠茄桃李森圍𠬠𡑝槐桂聘排卒鮮𠸦朱當飭英䧺兵𠦳将同ㇴ方𥪝𠇮固玉金剛姅𢆥江浘方隘秦威鋒凛冽方民庄咍立立㐌𦊚𣈜𣎃平梭蔑丿唭世事𠊚奴㛱節𬙞人情埃塢菊夢船棹店月滝碧核旦𣈜春蘿鮮富貴庒貪清似渃𢚸芇尾某唏府官𦖑㗂𨑮方驚惶𭣼斉兵馬倍傍夾功决罕唐交兵𠄩边當𣅶𢧐爭几𫨩武芸𠊛刀弓𢘾禄渃隊㤙𡗶𠦳𫷜富貴𠁀𩔰荣本𠊛文𭓇科名風流搊𠇍才情劍欺詩阁𣅶楼招韻李白瓢刘伶欺棋舘𣅶琴𠅘棋昂帝释弹檠把牙𠇮強富貴荣花𢚸強擬旦𧵆賖頭㤙𠫆闭鐄易者朱孚㤙𠊛情計别𠇍𨑮始終𪾋負𠳒始終交遊意㐌衝女流如妸珠竜吏強侅鐄𫥨飭英雄府兵欺㐌調穹雷軍兵㨂方𡗶𠊛德行氷霜劄國色天香ㇴ寔𠊛烈女不更𡦂貞天古𭄁名群𨱽朱𫨩𡗶拯𬓲埃𡦂心拱貴𡦂才拱傷固忠孝固綱常固𪝉節固唐始終役夷辰拱𢧚功役夷辰拱調穷安𢝙房文因𣅶𡎢耒傳初麻𥋳朱詳天子萬萬年刘平新傳吟畢学路别意𠓨疎官榜𧍋差扒𠓨𠳨瓊踈浪碎𪜀学路𧡊場官𢀲評文碎旦𦖑滥官榜呐些别英停假名学路𦓡扒酌従𪀄𤝞固沛𪜀学路些𫥨朱𠬠勾対空対特辰打杶空他瓊𠳐官榜𣦍𠬠勾䋲鬼揞丐斗𣁽元瓊対應口浪𡥵木𢭸荄旁茹榜眼官榜𧡊瓊出口成章固意愛才餒朱咹学瓊学進細𡗋期文芇拱評自𣈜場学官榜固瓊𠓨各学路名士劔名價𠫾官榜𧡊瓊学力大才固意闷嫁氏點朱𦓡氏點𦖑拱順瓊别浪點𠓨𢬣𠇮妥特約願双性固羝只𬅳𬆄仍亊箕怒𫥨抃𠓨𠹳府官輸𧼋𠓨尼城池𢧐爭陣兵威特輸買度溋吝府官度撫民差軍飛报詞申朝堂氏點𠊛端正空𢛨𠻀𠹳麻瓊吏強皆𠬠貝最氏點𢷀幔觧詔只群涂蹎耒𠓨𥆐瓊連𠓨𦣰張榾㠶𨖲氏點𠓨幔𨀈蹎𨖲床沛秩𠇮語𧋻𪢈别瓊讀𬆄𠬠勾対底抒𢢆台朱侅總鐄闭除决罕没塘進兵兵威蹅覩𠀧城官軍闭度㪚情𦧘昌仍算爭伯图王信疑群刎𠄩塘𢧚庒卞隊𠀧妸小妃𢧚庒可呐皮些𦖑進破城池𠄩歸順辰皮欣𠀧㛪可呐𤍊詳底朱英特塊塘狐疑娘奇疎呐即辰妾吀呈呐払辰沛𦖑帳内無風㠶自立瓊対連𬆄浪胸中不雨水長流氏點吏讀勾女𣘃昌𧏵𧏵坦𧋻竜刎还竜瓊吏対𬆄菓荼𤝞𤝞𣦎𡬼鼠制辰鼠爫朱馭藏少之聀重少之官𢀨庒貪錦𫃚泊鐄干夷麻沛爫塘逆凶𣎏𣄒爫𠊛節烈孝忠𠃣𡗶庒負𢚸埃𠦳𢆥底㗂𧗱𡢐黃巢王莽𠸦悲除𥪝䏾妾疎𪾋吀决断𢌌払𦖑娘呐𠳒払𦖑娘呐𠳒唭浪：""㐌丕群辰娘𠄩分明的確𠳒底些推吏䀡排欣""娘浪：""隊㤙𨕭𢌌朱妾特疎連没𠳒道梏罷𢚸誠信合𢚸埌香𤌋接傳𦋦味香盧玉𠖤賖敬誠求愿仙爺證𢚸吀神聖𨘗搈騎鶴𨑜凡塵踣挌車仙𣈜𠉞弟子恳愿𠃩層𡗶𡐙通傳證知𢚸所望拫記禱吿𢘾恩𨕭補報福𫅞慈悲駕御𤎜門禅弟子𢜏𠉞有惠緣𠄼色花𩹯吀敬禮𣍋矇上帝洒恩天天恩惠照降禅明誠敬長春酌酒瓊樂興叩躬皆勉禮脱災百性仰恩生梅春月菊味茶香敬禮誠心獻寶漿仰望慈悲加濟福開明大道護清平南無一愿大道弘開二愿普度衆生三愿舍罪弟子四愿天下太平五愿聖室安寧𥪝天下包𣉹朱𣍊𡜤𡗶生𫥨本底麻制朱𡋿坦竜歐㵋適𡜤包子芸制强歷他胡朱曲𡁸姉㛪唭𠊛𠀧𧵑𠀧類嗷喭𨤰如埃辰𡜤沐固殘固傘固香案固盘讀意㵋别浪𡜤固宗江胡拯空泣南北東西㘃㗂𡜤𨑮方𡜤朱𨇜𢒂群𠬠方底𫯳劍吒丐𢼂𣑯紅",Nom
8_ho-xuan-huong-collection_no.txt,泛舟玩月朗蕩船情煮𥘀𣛨印𣳔執𤈜𤗖𦝄招悶㵢詩𦲿麻嘆咀沛摱信氷㡳習耀𣘃𦹵添𢞂𢚸渃𬟗愛㤙冷𠖭别包饒永永𦖻𦖑㗂哭夷傷𫯳𢧚沛哭絲絲𠮾嗷妾𢖵味甘草咳噔払喂未桂枝石乳陳皮炒底吏㱕身蓮肉浸󰇮𠫾刀求妾别𢭂埃𠰚生寄払喂死則㱕隻栢𢞂𧗱分浽濘,Nom
8_ho-xuan-huong-collection_no.txt,𡨌𣳔敖喭餒冷汀𠦻𦨻情󰒂懞𣹓䃅𢴿䋥黙埃啉杜𣷷㠶繚尸几㕸吹𡹞意埃𠶀板甘𢚸丕喭餒揞󰈏仍漝浜奇𢘝朱𢧚化𢷣揚縁天渚𧡊儒頭育分了牢麻扔涅昻丐罪𤾓𢆥払𠺥奇管之𠰘世𠳒貞歴春香評註,Nom
8_ho-xuan-huong-collection_no.txt,𤽸撮長江浪語詞𧥇牧𠯦𦝄沔曠野䋥漁拯𩙋𪤄平沙鐘埃䋎綏邊箕佐没岧没岧吏没岧塘𥒥撑夷頓噴𦼔彷彿䒹椿干𩙋速痗𨆝𤶐蹎拱㦖𨅹逰古寺柴伵從容𨄹景厨𪀄𡶀𦖑󰍾古訖劬,Nom
8_ho-xuan-huong-collection_no.txt,扦󰘂慈悲𡋂秩𦑃,Nom
8_ho-xuan-huong-collection_no.txt,𤓢香済度㩒𣹓炉茄師厭𠳨茄師子福󰆙茄的特󰋇蒲化工磋㙮别包𠁀怒景柴山固𢄂𡗶𣇜𣋽𩙌𣻆暑𪱆𤋵班朝󰒲合最𦝄𤐝排行󰒥菓觥𫷜覩半利謨名芇仍几埃𠫾香積𢄂𡗶𠫾,Nom
8_ho-xuan-huong-collection_no.txt,𢄂合觥𫷜奇𦊚時対卓𠊛仙拱客侼合行𩙌姉買𦝄姨燕󰄶嘲客茄󰒲鎖󰒥菓排行店𦹵𩂏架𥜌𤞼蟳钱𥺊覩半謨𬉵意悶之之翥󰒲觥橘篭香𫢋𢫈𥒥荣㖫𨇒楽仙青娑𨁪𬞺群𥱬㡳眷特車鵉别󰋇番耳襊乾銭壯士緬強餘埃貴賤埃親疎,Nom
8_ho-xuan-huong-collection_no.txt,固唏鐱他胡昻育笑子老去清還俗珍重南交歷代銭劎𩈘台仍客䑓蓮拢扱󰖎拱𫥨坊濁富銭唒󰄘󰄘春吏固𠊛群辰𧵑唉群廊巨禄固柴秀典涓𢟔膠使数𠊛些張𦊛𣎃𦊚悟𧗱艚瘦吏茂酉窍油嫌家有人求󰔙物求髙興祖𩵽朱院𢜝欺論鉑𧗱茄𢗼𡢻𡞕喯朱如𣕤覩𩈘盤𠁀𠊛特買知音,Nom
9_mong-lien-dinh-thi-thao_no.txt,𡥵𠲖悶𢧚身𠊛𤳇時讀册吟踈銇𥓄經史㡳徐開科女枚綏特業茄拯𠮾拱体柑𥑥𢒂𣘃㦖朱固帝固低山林渚易沒𣘃𢧚棱,Nom
9_mong-lien-dinh-thi-thao_no.txt,惜台核桂𡨌棱㡳朱䋲𫣢䋲儂奴繚𡛔時𦂾錦絩花列鐄𠬃𧜢金絨别浪君子固用些庄払𠲖負妾爫為,Nom
9_mong-lien-dinh-thi-thao_no.txt,妾如𩚵𪸟拖欺𩛜𢚸𠬃低𥙩妬𫳵停,Nom
9_mong-lien-dinh-thi-thao_no.txt,㛪吱柑𥑥𥙩沛槁󰓤槁󰓤半𠬠銅𨑮柑󰑯銅𠬠槁𡎢猪猪湄徐𥪝𡶀湄𫥨湄边天下湄戈厨柴,Nom
9_mong-lien-dinh-thi-thao_no.txt,固埃󰓁庯大同𠳨𠶀姑秀固𫯰𫨩猪固𫯳𫷜外𫷜𠸗𫷜𫢩𫯳𠬃如猪固𫯳次一辰瓢支稜,Nom
9_mong-lien-dinh-thi-thao_no.txt,次𠄩𣘃契同登駈驢同登固𢇴駈驢固娘蘇氏固㕑三清㛪󰓁處諒窮英𢬣扲瓢𨢇捻腩,Nom
9_mong-lien-dinh-thi-thao_no.txt,挭鐄𠫾覩滝吳𣈘𣈘思想𠫾𢺀滝滄𡄩共𡗶侼𦊚方厨尼,Nom
9_mong-lien-dinh-thi-thao_no.txt,碎𠫾𡬶伴𦤾低,Nom
DVSKTT,大越史記外紀全書卷之一.朝列大夫國子監司業兼史官修撰臣吳士連編.按黄帝時建萬國以交趾界於西南遠在百粤之表.堯命𦏁氏宅南交定南方交趾之地.禹别九州百粤爲楊州域交趾属焉.成周時始稱越裳氏越之名肇於此云.鴻龐氏紀.涇陽王.諱祿續神農氏之後也.壬戌元年.初炎帝神農氏三世孫帝明生帝宜既而南廵至五嶺接得鶩僊女生王.王聖智聰明帝明奇之欲使嗣位.王固讓其兄不敢奉命.帝明於是立帝宜爲嗣治北方封王爲涇陽王治南方號赤鬼國.王娶洞庭君女曰神龍生貉龍君按唐紀涇陽時有牧羊父自謂洞庭君少女嫁涇川次子被黜寄書與柳毅奏洞庭君則涇川洞庭世爲婚姻有自.來矣.,Chinese
DVSKTT,貉龍君.諱崇䌫涇陽王之子也.君娶帝來女曰嫗姬生百男俗傳生百卵是爲百粤之祖.一日謂姬曰我是龍種爾是僊種水火相尅合併實難.乃與之相别分五十子從母歸山五十子從父居南居南作歸南海封其長爲䧺王嗣君位.史臣吴士連曰天地開肈之時有以氣化者盤古氏是也.有氣化然後有形化莫非陰陽二氣也.易曰天地絪緼萬物化醇男女媾精萬物化生.故有夫婦然後有父子有父子然後有君臣.,Chinese
DVSKTT,然而聖賢之生必異乎常乃天所命.吞玄鳥卵而生商履巨人跡而興周皆紀其實然也.神農氏之後帝明得鶩僊女而生涇陽王是爲百粤始祖.王娶神龍女生貉龍君君娶帝來女而生育有百男之祥.此其所以能肇我越之基也歟考之通鑑外紀帝來帝宜之子㨿此所載涇陽王帝宜之弟乃相爲婚姻蓋世尙鴻荒禮樂未著而然者歟䧺王.貉龍君之子也缺諱都峯州今白鶴縣是也.雄王之立也建國號文郎國其國東夾南海西抵巴蜀北至洞庭湖南接胡孫國即占城國今廣南是也分國爲十五部曰交趾曰朱鳶曰武寧曰福祿曰越裳曰寧海曰陽泉曰陸海曰武定曰懷驩曰九真曰平文曰新興曰九德以臣属焉其曰文郎王所都也.置相曰貉候將曰貉將貉將後訛爲雄將王子曰官郎王女曰媚娘.有司曰蒲政世世以父傳子曰父道.世主皆號雄王.時山麓之民見江河濮水皆聚魚鰕率相魚食爲蛟蛇所傷.白於王.王曰山蠻之種與水族實殊彼好同惡異故有此病.乃命人以墨跡畵水恠於身.自是蛟龍見之無咬傷之害.百粤文身之俗盖始此.,Chinese
DVSKTT,雄王六世武寧部扶董鄕有富家翁生一南三歲餘飲食肥大不能言笑.適國内有警王命人求能却敵者.其日小兒忽能言告其母邀天使來曰願得一劍一馬君無憂也.王賜之劍馬小兒即躍馬揮劍而前官軍從後破賊于武寧山.脚賊自倒戈相攻死者甚󰕛餘黨羅拜呼天將即皆來降.小而躍馬.騰空而去.王命開所居園宅立廟時祀焉.後李太祖封爲冲天神王其神祠在扶董鄕建初寺測.周成王時我越始聘于周未詳第幾世稱越裳氏献白雉.周公曰政令不施君子不臣其人命作指南車送還本國.時屬季世王有女曰媚娘美而艷.蜀王聞之誥王求爲婚.王欲從之雄侯止之曰彼欲圖我以婚姻爲由耳.,Chinese
DVSKTT,兩賢應諾拜謝而歸.明日山精將珍寶金銀山禽野獸等物來献.王如約嫁之.山精迎回傘圓高峯居之.,Chinese
DVSKTT,水精亦將聘財後至恨悔不及遂興雲作雨激水漲溢率水族追之.王與山精張鐵鋼横截慈廉上流以扞之.水精從别江自莅仁入廣威山脚緣岸上喝江口出大江入陀江擊傘圓處處𮢶爲淵爲潭積水圖襲之.山精神化呼得.蠻人編竹爲籬禦水以弩射之鱗介諸種中箭避走.終莫能犯也俗傳山精水精是後世讐每年大水常相攻云.傘圓乃我越巔山其靈應㝡爲顯驗.媚娘既嫁山精蜀王憤怒嘱其子孫必滅文郎而併其國.至孫蜀泮有勇畧乃攻取之.史臣吳士連曰雄王之世建侯立屏分國爲十五部.,Chinese
DVSKTT,十五部之外各有長佐.而庶子以其次分治焉.其五十子從母歸山安知不如是耶蓋母爲君長諸子各主一方也.以今蠻酋有男父道.,Chinese
Hong_nghia_giac_tu_y_thu.txt,洪義覺斯醫書卷下十三方加減杏檀因課回春笔花藁本賴論良醫邦󱊻德聖伏𦏁傷蒸夭札不時堪愚仍㝵鄙婦鄙夫𫃚帶藍圖惑世𪝪民求賒𨻫仍底𧵆芾咍心主一身箕羅㝵生於世間些埃埃庄召氣和陰揚罷蒸居處不常朱𢧚外感內傷妄求字浪血氣周流百斜不幣意調正言㐱𫢩榜櫟才閑草萊賤士敢番稻禾𧡊𥪝先覺醫家國音藤草邁𠀧方尼仍唎叔厶㐌咍中間課怒𡗊柴違抄失粘枘鑿混淆渚埃正確方芾粹精丕卞查吏真經參詳鋟梓劄名曾牌底濫後學世階敢勸下智袩制默𢚸雖浪淡淡庄濃雙𠻗意共通通經權醫師芾沛才閑回生起死買𢧚柴𠊚貫通血脈每尼出經入史固才真儒五行子細沉浮陰陽標本實虛急遲補攻表裏甚微望聞問切世時合圓用藥如用兵焉救病救火買𢧚助代埋初雖固於𡗶𨍦𢧚共固姅𠊚姅些陰陽燮理調和醫民醫國停囉拯林次一牌不換金咍助男女陽陰拯調𠇮𤴬頭𤴵熱朝干𤈠干冽歆鬧嗎痰或𠊚染氣山嵐拯消邏渃症蓝庄通或羅嗎沚𣳔𣳔赤白下痢𠫾同淋漓袩朱別症麻推窖爫料律用時𢧚功扒加暸特𥪝𢚸停歆埃遣底防設施藿香甘草陳皮𠀧銅蔑味𤀞兮劍欣蒼朮時浸米泔半夏厚樸時湯渃薑厚樸斤覩銅蒼朮庄可料空麻林斤函𫩉吏麻斤𠀧銅朱𥗾庄堪𠃝𬲢半夏共𥙩閉饒割爫蔑料紙𤽸連封杜蔑鉢渃哿滝生薑片貝共行鮮𠄩矩全體朱𨱽用哿𣠲蘿渚𢙇補之菓棗卜補紇多𥙩𦧘菓共時割囉混𠓨盞束調和邁分𥙩𬙞𣴓朱𠀧分煎退温服頻頻邁分怒拮𠄼分吏濫或怒口燥心煩料加乾葛麥門前柴𥗾頭𥗾𩈘拯移川穹白芷尋隊菊花細辛藁本薄荷濇𠓨調和連跬庄差或群𤴵𫘴𤴵𦖻石膏燶焒散𠄩銅前飾精朱𡮈士算調束和服吏安即時腹膨腸滿饒皮𠀧糝枳錯𥙩皮去仁半夏姜製平分縮砂去𤿭𥙩仁𠀧銅㕵𠓨消食寬胸心腹脹滿開通閉除𤴬昌𤴬𦧘勿爲羌活赤芍桂之麻黃𦊚銅蔑味朱詳𤴬䏾官桂乾薑吏用𠄩庶蔑味𠀧銅調𠓨溫服𢧚功庄遲冷瀉症意危𣈙訶子荳蔻連𢬣加𠓨訶子果渚饒去仁𥙩𦧘割𠓨朱安荳蔻果共𢧚下痢濃血症爫喓𠻗庄通𠡧欲噫噫後門𤴬𨤼𧁹𠫾外塘歸芍枳悫檳榔黃蓮白芍大黃木香行氣養血潤腸煎𠄩吝㕵疾𦍛散空各味蔑味𠀧銅溫溫而服中𢚸現台体群症㾯𠻗絏蔑𣈜𠄩𣈜吏𤼵蔑干姅𣈜衛劍分陽常山草菓檳榔共齊𠀧銅蔑味朱苔發過姅𣈜属𧗱分隂爫朱沛法渚林用𥙩白芍柴芩芎歸烏枚半夏青皮𠀧銅蔑味渚兮劔欣尋朱覩束麻爫濇退㕵頼𨎟干蔑除奴麻喘急氣呼𠄩銅桑白紫蘇𠀧銅麻黃去節庄用吏𥙩𠀧銅合共桑蘇煎湯朱㕵欺奴待安症喘嘺户嘺奈㖹㘃連𬙞連咍邁𦖻紅𫉅貝𦵚丁服𠓨連蔭胃經㐌症㖹㘃吏伶仍仍或怒真𪮏發𫇁木瓜樸腹合共五加腹中氣塊庄和蓬莪枳壳共羅茴香吏添香附檳榔塊消進食腰當耒尼油麻鐄固𪚚𪮏時些庄对方尼朱埃從容吏論次𠄩朱別蒸牌各二陳湯功咍助每症痰朱詳標本仕袩麻用㝵芾痰積娘竜𦍛如固默於𥪝咽喉𤈠冽𥗾古𥗾頭欺𥗾欺珥欺𤴬欺盆𥪝𢚸兆皂辱煩𠽆痰庄𡬈咯痰庄囉固欺𫏾𣑩袩過乖頭運勿空花排行固欺亞仍渃黃聀午署舌魔恾占包固欺咹冷庄消𨀈囉沛𫗄囂囂𤴵頭固欺烘𠖾除𥹰𩈘𪖫油油袩体庄鮮庄𬐩𠰳呐𠰳唭渤𭉷吏固腥灰丸痰固㝵病後虚寒脾虚濕化痰涎坤馭仍㝵茹庫氣虚共㝵𢀭固咹𩛂𠮾裴𡛔𤳆𦓅𥘷埃埃邁㝵坦糝𠃩㝵痰門平㝵𤷍𤶹痗𤶐火陽鬱熱隔痰上焦係羅症邏包饒意痰變病共招二陳半夏𥙩𠄩銅斤切羅薑製調勻煬黃陳皮去白庄恾披枯兩斤咸煬過茯苓去歇皮膜切羅仕料斤奴𠄼銅去皮甘草庄用,Nom
Hong_nghia_giac_tu_y_thu.txt,倣料𠀧銅𠄼斤生薑蔑鉢渃哿煎湯用文武火常常和匀邁分仿𣵲𠀧分去滓湿服隊旬合朱庄耐欺𩟡欺𩛂𣈜𠄩伴㕵矯𠰷症之或羅㝵𤽸肉肥密炙黃芪朱𠀧銅𥙩人參𢫣𠄼分𠀧銅白朮四君添𠓨㝵𤷍𠃝血氣饒火痰𤶐痗𬏩癆呼𠻃痰燥發熱固干班朝産沃然然吏盆若平干㾯冽撴意症勞咳火痰血虚熟地白芍柴胡芎歸地骨𨢇炒枯芩濇𣴓底朱歆歆𦝄盞竹瀝𠄩分渃薑撰尚無病竜男𦝄盞小便合算渚饒潤𠓨共服和調補陰降火痰消庄遲京味𨢇𦧘朱世倣㕵蔑𣈜𠀧伴拮空𤴬頭白芷川芎心煩竹瀝合共棗仁石膏竹茹平分係羅蔑味時斤𠀧銅或羅加麥門冬去心仕𥙩𠀧銅料斤或羅脾胃庄純體𩚵徒噁𩛷咹𠃝饒啞洙𠰘䔲庄消陳皮白朮時炒朱黃砂仁白荳丁香𠀧銅每味沛方時枵群干來往熱潮柴胡𡛤兩渚饒庄堪𨢇炒𦊚銅枯芩前胡𠀧𦊚銅斤熟𢚸朋虚痞滿心胸䏾胣水瀉工𢚸渴咍赤笭白朮桂𠫅豬苓澤瀉紇核馬蹄紇意卜𤿭煬𠫾赤苓共桂去皮朱衝各味蔑味𠀧銅健脾吐瀉𢧚功庄遲或咹𧵑冷肔苔𥪝𢚸擁脛店𣈜淫夷枳壳厚朴青皮枳實蒼朮些時料加山查神麯麥牙各味蔑味斤朱𠀧銅㕵𠓨連別𠲝𢚸進食消導固功異常或羅飲食內傷脾虚肺弱肔常辱耗意陽陷伏下焦參芪歸朮尼料補中陳皮去白買用各味蔑味𠀧銅朱奴吏用升麻柴胡𥙩藍佐使執扶事功升柴蔑味𠀧銅導引元氣𧗱共肺經自然元氣流行氣血隨運連清症痰推量朱別仕藍油及經權些仕扒加牌尼劄於次𠀧固方達號名羅參蘇咍助瘴瘧務然然𤈠冽皮膚傷寒𤴵頭歹𪖫呼痰啞苔𠄩𠰘症藍嗎看往來寒熱固干俸時吏嗎渃黄隊欺㝵𦓅男女小兒体埃症意料時論朱赤苓半夏前胡人參乾葛紫蘇共齊𬙞銅蔑味朱苔精研𤀒用羅𪮏仕藍木香桔梗陳甘𠀧銅蔑味渚爫欣之枳實共平桔皮薑用𠄼斤渃時蔑鐘矩行菓棗吏用煎湯温服痰通呼停戊灰淫濕囉𦝄油包饒症凌凌又伶或羅鼻血渚清煬𤈜紇𦱊蔑銅𠄼分烏梅天門茅根蔑味𠀧銅煎服吏安脾瀉𠀧銅轄蓮扁荳澤瀉吏添𠀧同唉群嘔吐渚衝藿香𠄼銅𡛤兩砂仁体群干𤈠頻頻加添柴芩和去木香束藍須據本方加減朱詳袩別病機論朱別症實虛痰火氣血精麄買牟參蘇𨎟𥙩藍頭或穿或合囉兜仕尋恩柴規料㐌𢧚吏咍停底唯傳代𨍦次司四物強牟爫主分血於頭𤾓方彈婆産後胎前血虚發熱勞煩罷兜泖冘庄正月候𣎃𡗉躺𠃝𨎟𨍦庄和頭𪭮眩彙眼花赤白帶下閼囉洟洟小便赤澁淋灕𤴬𦝄痗膾腹臍共𤴬𠄩昆𬑉𣠶𤙮𤙮真𪮏痗𥘀多兜辱煩彈翁燶𤈠𤷍𤷱稟氣薄弱蒸煎常例渚群習俗𠳒閨噲浪男女病時中風意𪜀泖𠃝氣衝四物調用渚硙爫之係羅男子女兒血虛持補渚尼埃埃當歸時補頭堆浸𨢇割耒斤糝銅斤白芍浸酒和匀煬過倣料吏斤蔑銅川芎平芍默𢚸熟地蔑銅渃𨢇煬過蔑缽渃哿煎和仿邁分濇𣴓𠀧𦊚分或班𥟏嘅精晨或班朝𥊴囉旬血通𣈜𠄩吝㕵𢚸空氣行血運連通每皮㕵饒強孟惜之𣎃冬加桂去皮朱奴料螽時氣𦊚務平及𣎃夏柴芩共𢧚務秋加天麥門去心渚用加補固功川芎麻黃防風春郎及節須用𥙩朱群干𤈠冽渴枯合小柴胡清血絡宮或羅經閉庄通紅花蘇木合共桃仁頭疼眩彙艱屯菊花羌活細辛須培煩渴渃庄欺宜麥門乾葛烏梅吏用赤白帶下𣳔𠖿藁本牡礪合共牡丹加川續斷共𢧚唉袩𨍦𨎟泖穴爫例奴麻秩吏先期泖鮮洞濁係𠫾時饒意症火鬱三焦血海絡胞熱氣烝淫倍加生地條芩牡丹地骨沙參連翹倍用柴胡朱饒紅花少許清調子宮或奴𤴬䏾𤴬𦝄後其体𠃝工𢚸出叉𧹼顛參探色花体時𤴬沕泖囉絏丸意𥪝血海縮寒滯氣凝血朱𢧚磊期因蒸泖𪧘渚𪠞泖買緩遲渚及新生乳香艾葉慘伶尋玄胡索五灵脂用散篩調束和用少許便童和共𨢇唁調和盞束服温氣通血暢滯散𤴬停庄群𤴬䏾𤴬𦝄泖𪧘散耒泖買連囉月經渚利渚和牛悉蘭葉料麻添朱或羅奴固㗂呼杏仁桑白葉蘇麻黄体麻群症渴煩北森竹茹散丸石高𦣰麻庄扖盆牢人參淡竹石高渚移血崩𢲣仍泖鮮燒灰蘭子共灰蓮房肺虚陷下血通茯苓甘草合用害之升麻柴胡黄芪白朮加補泖𠫾連停體群恍惚麻忙棗仁遠志伏神硃砂𢚸群煩𤈠悶迷柴芩百合骨皮吏加或固氣塊徵河三棱芃朮蓬莪吏用𤴬丸苔息娘竜枳實厚樸合共齊饒青皮半夏強牟吏添甘草平饒渚𡗉㕵𠓨𤴬㐌疾消咹言氣血吏調如初䏧黄𩈘𤷰盧蜍茵陳白朮陳皮乾薑山梔卜紇麻煬𠄩銅蔑味量料麻推体麻𤴬𤴵四肢乾薑胡索桂皮共𢧚血燥庄利大便桃仁澤瀉大黄牡丹奴固血痢風腸枳壳介蕙合共黄蓮木香栢葉共𢧚後門𤴬曩檳榔仕用阿膠庄可爫空堝𤬸燒烘炒過成硃蔑味𠀧銅朱奴㕵連止痢泖收肝藏或羅胎動庄安條芩白朮渚爫芩枯砂仁香附紫蘇艾葉枳壳啥卢料量𠄩銅蔑味仕藍㕵𠓨胎婦特安特全或群苔息渚安𣠲荄濇𨢇朱咹買伶蔞萱常𥙩𤋷羮四物常服時伶母兒宁牌四物麻推袩蒸加減謹隨丁寧次𠄼吏論五苓軫實方伶助課夏天症藍燶𤈠渴煩㕵渃連連庄別浪奴水瀉歆翕皮膚表裏庄除渚解渚衝𤴵頭痗古𤴬𦝄腹脹瀉泄庄停渴滈脾虚霍亂𤴬绞渃𠫾小便𧺃𣑯平邦𫏾時些據本方加減朱詳料律朱精赤苓白朮豬苓澤瀉蔑味𬙞銅朱奴桂肉些去皮麄切囉仕𥙩斤朱𠄼銅濇退連𣴓朱滝徐欺蠻沫空𢚸仕筭陽毒熱毒發瘢心經火動泖連推囉法加白芍升磨尋𥙩桂肉去囉朱耒狂言亂語隊退喎邪口眼埃埃󱨷羕硃砂散蔑銅錢調湯和㕵㐌𢧚方神体群黄疸𢬣真時些加蕙茵陳木通或群煩燥心胸柴胡桔梗合共棗仁奴麻霍亂轉筋藿香姅兩吏𠄼分茴木瓜去𦛌朱耒吏用薺茴庄可爫欣身体拘急拘挛𠄼銅麻黄去節強咍𥪝𢚸氣塊胣苔棱莪加補塊㖠散𠫾痰加半夏陳皮陳時去白夏時制薑頭東眩暈芎羌鼻血煬黄紇𦱊渚差𥙩𦧘去核烏梅加減味桃固主固碎小腸痛氣加茴渃群悶㕵尋隊葛根呼加五味杏仁喘用桑白橷玲法藍大便秘澁大黄朴硝散𠃝煎湯調𠓨庄安心氣虚耗人參竹茹石膏默𢚸竹葉共麥門冬服𠓨安𢚸沫美矯慮往來寒熱渴枯用小柴胡合共本方骨氣戰慄庄安茱臾枳壳調湯吏伶方尼特號五苓功止渴瀉吏清小便道尼埃學埃專油及經權些仕囉𪮏吏袩圖次計排次𦒹方尼羅玄武湯務冬節冷嚴霜固功扶氣衛陽特全係沛中風傷寒真𪮏調冷然然𤴵頭胣時苔息勁𤴬雖燶𠇮頭離燥戊灰脈時欺𬑵欺𨱽欺哿欺閉參差庄調㐌呼時吏熱潮𣈜𣈜冷瀉囉饒症坤束尼泡製法群坦壁蔑丸尋買東方𥹰𣈜澮氣陰陽坦散白朮煬黄朱戎白朮斤𥙩𠀧銅共蒸各味合用朱奴茯苓時去皮膜割耒倣料斤朱𬙞銅白芍朗酒墨弄斤𥙩𬙞銅吏齊朮苓甘草去皮買令附子白朮底停爫湯缽渃𠄼斤生姜火用文武濇煎調和邁分時倣𣴓𠀧服退袩此減加味之身体疼痛隊欺尋加羌活桂皮防風𤴵頭白芷川芎薄荷藁本合共細辛呼痰五味杏仁枳壳桔梗平分㐌停葉蘇半夏南星陳皮去白懺生和用星夏時煬渃薑蔑味𠀧銅據法庄差皮膚庄固戊灰麻皇蒼朮尋隊桂枝隨機應變麻推白朮時去拮𪠞朱耒瀉沚庄咍皮退倍加白朮尋隊藿香柯子荳蔻𠓨共口渴澤瀉桔根料爫認袩閍類各方熱用寒法寒用温牢𢧚湯玄武固方冬蔑缽渃切𠀧剎薑煎湯温服𢚸空吏袩隊症料用扒添疹痘渚木渚涓時加乾葛共𢧚麻黃升麻吏𥙩爫湯赤白下痢𠫾唐相連芎歸白芍木香黃芩葛梗黃蓮分平料爫蔑味𠀧銅扒去甘草渚用爫之群干潮熱庄移柴芩倍用𡨸𠅜強咍娘竜息最胣苔厚樸朱苔去皮制薑半夏煬薑朱黃蒼朮時浸米泔固𢚸枳壳陳久仕用蔑味倣𥙩𠄩銅𠄼分加調煎服早晨消脹寬膨咹㕵如初群干痛勝㗂呼葛梗五味共徒杏仁体𩚵徒噁𤲼咹丁香白朮砂仁加𠓨藿香半夏共調咍銅蔑味渚饒倍分木邪春尅土神𦝩虛水瀉些論藿香白朮荳蔻煎湯車前去壳煬黃士加柴胡蒼朮去邪木平土貫胃和瀉安体群瘧疾發揚常山草菓檳榔清皮烏梅厚樸𡨹𠅜料爫蔑味倣推𠀧銅除陰白芍歸芎熟干四物渚用常山升麻柴胡共藍烏梅去白買𢧚加𠓨平奴水瀉症危木香訶子用饒共朱腹中絞痛庄卢茴香烏藥玄胡靈脂白芍白朮補脾軍薑官桂陳皮合饒𠸠用脚氣㐌𥹰木瓜牛悉吏求檳榔須用添固獨羌束用隨症隨方隨牌𣛠𬊽改特於㝵自然天𠇮蹺隊執朱次糝論小柴胡助症瘟𤶣𦊚務共通往來寒熱可用氣病𤴬息娘竜勁苔𤴵頭嘔吐店𣈜𤲼咹𠰘䔲脈𪮏浮弦舌乾口燥盆門聀𦣰庄午辱煩傾傾大便秘澁庄通小便時𧺃空𥪝每皮往來自瘧恒例𤈠饒洌𠃝動時狂言姅邪於表侯傳姅斜於裏庄群狐疑固㝵熱鬱膚皮火痰𤷍𤶹泖衰唏饒固㝵汗後熱潮小兒疳熱上焦壅痰彈婆庄正泖冘肝庄收臟心劍主張朱𢧚熱鬱少陽婦人眩暈頭旋眼花或羅男女𥘷𦓅体埃症意時些仕爫人參庄可用南北參倣藍朱𦊚銅斤𦒹銅柴北倍分,Nom
Hong_nghia_giac_tu_y_thu.txt,𠄼銅枯芩去𦛌朽枯𠄼銅半夏斤奴制薑煬妓仕朱默𢚸甘草去皮𠀧銅蔑缽渃哿朱𥪝和共爫耒盞束朱衝切𠄼剎姜𠀧果棗枯或鮮時𥙩朱奴𥙩𦧘補紇渚朱濇𠓨煎退欺渚干潮強㕵頓𫏾朱消熱邪㕵耒吏論扒家袩詳𥪝症仕加味芾奴群洌𠃝𤈠饒干時㕵渃渴滈濃難檳榔草菓常山烏梅白茯麥門青皮烏梅時去核𪠞草菓去皮青皮去心各味蔑味𠀧銅常山製𨢇仕用買𢧚冽饒𤈠𠃝辱煩𩚵咹了島庄言庄調渃時庄渴包饒雙𠻗虚損症嶤恒生法用爫草菓仁陳皮留白倍分參芪又用白朮補脾黃芪蜜炙朮時煬過共𢧚加固升麻歸身肉桂默些料用意牌温胃和中補虚徹瘧酌用完園平奴庄慰囉干𥪝𢚸煩𤈠盆門透𣈜認袩別脉堆𪮏𦒹部浮殺朱咍表邪時加乾葛升麻麥門地骨調和煎湯泖𤈠加生地黃喘急知母束強効世瘧莉潮熱隊𣈜黃蓮白芍共𠉞骨皮𤈠烈似瘧計之烏梅青皮蘇葉效牢𤴵頭細辛石膏呼痰五味合𠓨杏仁桔梗貝母平分蔑味時倣料巾𠀧銅鼻𣌴泖杜𣳔𣳔骨皮生地茅根蒲煌小便𣠶𤈠小腸澤寫肉桂人參車前木通蒼朮豬苓煎耒朱㕵連清小便心腹痞滿苔𨕭大便不利大黃朴硝枳殼厚朴沛料潤腸降火𪠞饒連通産後𢴎血虚心驚狂乱血魄神庄清神砂遠志棗仁熟地白芍吏論歸芎熟芍𠄩味須用割囉炮製合共𨢇煬小柴合四物湯血虚發𤈠固方㐌論鎮驚補血安神産婦驚熱十分安伶固㝵産婦買生泖燥臟腑絡經空唐蔑渴庄特𢭸娘引囉燶𤈠熱前皮膚𤈠饒冽𠃝吏𠫾馬浪症㾯爫之盤难渚泥白芍酸寒産後禁藥庄筭時林本方𨢇製枯芩熟地白芍𨢇淫煬枯四物合小柴胡外解表熱𥪝收血𧗱産婦干𤈠渚𠫾用牌四物芎歸地黃熟干白芍𨢇煬𦊚味朱詳些爫平分蔑味羅𦊚銅斤乾薑炒黑和斤𠄼銅煎退𠦻盞便童調𧆄和服散空熱邪選世小道醫家謀謨芾恪酌茹用兵埃曾四物性平乾薑性熱資雄倍加法曾去歇熱邪庄遺𢮬毒吏和泖有可𠸦仉𫏾羅才茲人習俗學隊蒸低茲人庄可庄咍乾薑性𤈠味咳殺邪味咳本属金家煬顛蔭胃脾和固功合湯四物共用咍引血藥𧗱通氣分固才向道冘軍外威打勝𥪝仁守成撫安氣血和平四体沫怜把𩛷𩚵言袩性小柴胡湯涼氣通血消痰解温合共四物乾薑産後發熱仙方易齊庶𫡦吏接計排鬥屢牌尼靈驗対金𧆄温性庄浮沉益陽去濕補陰健脾助㝵咍於船𤿤通唐奔半涓𠫾山場功除瘴瘧山嵐寬腸固㝵歆許事公邊陲虧𣌋服防共𢧚固㝵邦令日傳邊方鎮任太原賒唐險高怪異𨔍羕山嵐鬱野毒狼毒蛇准饒鬼魅淫邪瘴霧煙霞外感内傷精晨每旦服常邁𢆥𡎝意於方共伶東南水脹地平准饒溪冷坦生溝渠虐吹𠦳琰江溪𫴋𨕭吝論𤓢𩅹囉𠓨𠁑時渃漫波濤𨕭時渃𠮾進交混同滝𣳢屈曲𤾓𣳔混蒸穢雜渃同腥洳𠄼𢆥係典𣎃夏方民咹沛㾯𤷴劣劳吏固𤈠冽干潮動時㕵渃渴滈庄停構𢧚瘴瘧𥪝𢚸仉平𠨡哿仉平小瓜民涓噲丐螃羅痰共脹水混和構𢧚方尼恒服連連燥濕除瘴痰連下消固㝵瘧後氣劳胃虚咹㕵庄調𩛷𩚵因蒸脾土濕寒胣苔稱𥗾毎存真𪮏䏾𤣄要𤻫唻移𠄼𣈜邁𣈜吏冽蔑干或羅爫散爫圓服𥹰性氣堅強倍加固㝵元於𡎝車𧗱咹渃茹嘬胣庄消䏾苔痞塞三焦七傷共治五劳共藍𦧘䏧外感風寒咹𧵑𤯩冷𥪝傷胃脾傷寒瘟𤶣四時𦝄𤴬真𥘀𠴠𪠞賒唐方尼重女𠦳鐄渚方袩易尋常藍之蒼朮燥火健脾寬中發汗殺魑除邪陳皮補胃中和理氣行滯飭囉消痰底𥹰陳久仕藍渚用紅橘辱煩心胸撰厚朴北麻用性温味䔲固功邏常性温益壯元陽除濕散結吏常和中味䔲下氣快通消痞利腸開胸寬腸甘草味𠮾性良底𤯩時冷炙煬温和固才衞正攻邪用𠓨咍𡨸拮囉咍爫名稱國老㐌甘𣦍平顔杲䝨番子房藥兵寓補寓攻斯人斯𠇮窖用時咍蒼朮𠔭兩斤苔米泔麻浸蔑之仕用厚朴去皮製薑斤𥙩𠔭兩齊蒼朱詳陳皮時浸米湯留白麻爫糝兩斤朱甘草𠀧兩斤奴去朱瀝歇皮麄仕用割耒𤊫燥謹封散篩每服𠀧銅温湯或藍束濇共𢧚割𤊫枯燥分濇邁𠄻蔑盞羅𠄩刹姜𣈜𠄩伴㕵空弄服㫻歇時吏割吏藍強㕵強益舌欣筭之袩蒸加減據𠅜或埃瘟𤶣四時共通傷寒壯熱傷風𥗾頭𢶢𩈘𤈠升呼痰𤴵頭歹𪖫千班固干喘急固干劳煩本方散㕵恒連人參敗毒加專牌尼邁味些割共齊前柴羌獨據低軫怜枳殼葛梗茯苓川芎甘草人參朱詳冬沒缽渃藍湯割𥙩𠀧刹生羌煎和或加邁蘿薄荷熱毒熱盛些加蓮芩氣熱荊芥防風意方荊防敗毒劄編酒毒乾葛黃蓮平固瘡毒參連去囉連翹共金銀花隨機應变默些料用或𪠞山西廣東廣南順化大同藩夷宣光興化諸司理脾却瘴默油先楊陳皮去白炒黃枯芩枝子共煬朱存半夏薑製法群茯苓去木皮般仕用山查去核默𢚸𬙞意蔑味蔑銅共𢧚蒼朮時浸米泔塩水少許卢煬仕藍糝分蒼朮料筭神麯煬黃共𥙩糝分黃連薑汁和均煬過吏𥙩𬙞分渚饒前胡共𥙩閉饒甘草去皮割𠓨𠄼分水薑煎服早晨每𣈜蔑吝瘴瘧庄生引支藥性内經蒼朮除濕保平土元清熱解毒芩漣陳皮半夏消痰散移山查神麯健脾咹㕵京提𤾓病庄生雄黃羅太陽精斂𠄼𠀧兩防𠇮歆埋撰丸󱙼𧺃卒鮮埋繓麻𬪐渚移某欺𡽫撑𠦳琰油𠫾虎狼蛇蠍調時㤥驚淫邪妖恠庄怜哎唏固太陽精𤏦㖫梏核蓓葚𢪀𦝄或埃被沛蜈蚣毒蛇𨢇言蔑盞磨𠚢㕵耒痛處共查雄黃務夏火旺方南熱盛來往時筭小柴瀉泄熱渴庄移時些吏合共牌五苓務東冷了庄伶不換五積十神默推袩𥪝機病症之倣料症意合依方芾據牌加減藍牢𤴵頭白芷合料川芎稱𪮏稱𩈘稱真五加桑白青皮木香,Nom
Hong_nghia_giac_tu_y_thu.txt,木瓜牛膝檳榔瘧渴草菓常山芩柴青皮白茯烏梅塊三棱吏尋隊蓬莪寒瘧白朮參芪常山草菓桂皮乾薑油和截補𥡳方干㾯渚𢴑奴常發𬨺論朱𤍊白麻藍渃黃氣血貝痰交爭𦊚意積於络経除陰陽動底停藍干方尼𨢇製常山𠀧銅斤函草菓平分草菓去皮𥙩仁檳榔倣料吏斤波同青皮去穰仕用陳皮留白合共齊饒𠀧銅蔑味強牟甘草皮割𨍦咍銅厚朴去皮制薑吏加咍銅庄可藍欣吏加𦊚銅大黃𥙩藍佐使𩦓塘隘關藍耒盞束朱安蔑缽渃哿麻煎渚遲酒言盞𡮈朱𧀟調束麻濇蔑之班朝能袩朱矯𣴓饒迈分群𬙞倣料拮囉店長露氣霜沙󱙼𣈜除㾯奴陀盈干𣴓𥪝隔火温温仿朱㕵頓𫏾干蔑除油或吐瀉庄卢氣積逐下爫朱瀝痰或羅症拮㐌干𩛷咹渚悶𩚵言𠃝饒經驗帶金蔑料或煎或散或調連安症群傳變多端𥪝外加減時袩各牌十神湯於次邁助症瘟𤶣令𡗶災殃四時混雜隂陽務春和氣固羕寒風務夏羅節𤈠燶意牢吏固伏隂邏羕秋天𠖾渼𬰅陽或氣庄常沐雨浸淫務冬這冷水沉愆陽体氣歆歆磊期民愚坤別和提老少感時病共蔑班𥘀頭𤈠冽藍干𤴵昌𤴵𦧘盆門庄停𤴬頭𤴬古𤴬𦝄䏧𦧘燶燶噙燥戊灰襖𧜖㙮庄欺移渃㕵恒隊侯蔑渴滈𥪝外𠄩感庄調陰陽渚訴症芾渚分時些共論十神麻黃去節倣斤𠀧銅香附炒󱨌仕用蘇葉白芷川芎陳皮乾葛赤芍升麻各味蔑味切朱𠀧銅去皮甘草買用割倣𠀧銅庄路羅斤薑葱棗合和均蔑缽渃濇𠀧分𣴓𥪝庄泥奴𠲝空𢚸㕵群隂蔭氣通囉外搭襖朱囉戊灰邪氣蹺隊發汗連清言𩚵爽氣沫𠇮調養朱伶庄可劳篭扒加袩察朱通潮熱加麥門冬黃芩𤴵頭石羔川芎細辛藁本調共割囉呼痰五味吏加去蘆桔梗時些加𠓨吐逆痰氣庄消丁香肉菓加𠓨吏安𩛷咹𩚵渚体言砂仁白朮法群可𢧚娘竜苔息辱煩枳壳半夏㕵連寬消泖𪖫囉𧺃平桃烏梅去核倣招𠀧銅茅根𣳮瀝仕用吏𥙩𠀧銅朱齊烏梅胣苔𤴬最隊退軍薑白朮尋隊朱奴冷𤴬㵢胣㗀㗀白朮延胡合共軍薑胣苔痞燥庄安大便閉澀大黃朴硝赤白帶夏症饒當歸枳殼合調黃連瀉泄荳蔻藿香冷氣虚痰官桂人參共𢧚加白茯苓據牌加減朱明仕藍𨷈恩道聖塊凡用心立志麻爫朱𢧚烏藥順氣群傳於次邁蔑劄編訴詳性咍順氣消痰疎風散鬱𩦓唐絡經左右敗𬏩𪮏真濕陰齊𥗾冷沉𤴬㘓𦧘䏧遭揚結丸胣𢚸苔息胸煩腹冥彈婆泖庄調經血氣停滯庄清安和或羅男女𥘷𦓅風共氣滯時些用論烏藥用𠄩銅斤陳皮倣吏𠄩銅共𢧚麻黃去節朱安枳壳桔梗共連川芎白芷去歇途虫蔑味蔑銅料爫渚欣炒黃𠄼分薑蚕乾薑炮製共藍𠄼分炙黃甘草𠀧分吏調薑棗水匀煎和隨方些料扒加自汗盜汗時加黃芪麻黃時去節𠫾或固朝熱火遺大腸察尋吏去乾姜身体疼痛庄常𣌋𣅙乳香桔梗身歸血虚發熱𤴬𧗱般店料加虎骨木香虎骨酥濕燶煬麻研每服朱𠄩銅錢忉𦝄杜仲茴香合共𤴵頭荊芥川芎𥗾真犀要毒康加皮或羅奴冽庄𪠞羌防俗斷合時共朱彈婆風氣庄慮防風荊芥吏朱薄荷狗脊石斛木瓜𣺯氣蒼朮調和檳榔四肢浮腫𡵆長牛膝羌獨共堂五加真𪮏𠇮美共犀大附炮𫡦去𦜢去䏧川芎官桂合加左癱右瘓天麻法常益母麻黃渃湯疾藜浸𨢇炒黃共歸性藥性病詳推料量加減丕時翹卢雖浪𠇮哿天機經權共固於些於𫶸方尼劄次邁𠄩生料五積尼牌辛温積寒積濕積痰積氣積血調爫哿𠄼症寒身体冷沉咹𧵑𤯩冷𤴬隂工𢚸症濕𪮏真𥗾称罷𦣰坦葛吝衝江湖固㝵爲渃爲𢃊琰𠦳趾𫕲浸湄賒𧵆凡爲妻子雙親農桑𦓿𦔙慇懃歆埋朱𢧚濕氣𥪝外變生痰症坤奈別咍䏧称𦧘𥗾胣苔痰呼身體真𪮏𥗾泥或㝵坐臥久睡朱𢧚滯氣緩遲𠓨𥪝婦人經月庄通男女寒濕黯共絡經共用五積方伶人參白朮茯苓朱詳枳殼赤芍麻黃乾薑桔梗獨姜陳皮白芷蒼朮樸歸半夏桂皮甘草平分渃𥪝用𥙩蔑鍾割𠄼切藍蔑盞𨢇言吏加葱白煎温去滓而服矯群戾之或奴浮腫四肢濫五加皮合其獨羗防風防己共爫𤴬𦝄𤴬古麝香共茴小腸疝氣隊退木香共茴合吳茱萸真𪮏囉疾攣拘木瓜牛膝加皮檳榔呼痰五味白桑杏仁貝母共濫兜鈴𤴬命泣哿遍身乳香木藥細辛桂皮老人𤴬𤴵四肢烏藥順氣合時本方四肢風濕滯常烏藥順氣合專方尼邁𠀧吏劄計排用四君子湯尼淡甘助㝵老少女男咍調外感咍爫内傷氣虛於𫏾𤾓方脾胃虛弱庄常𩛷言撑牢要対𤷍𤷱肺虛滈渴𣌋歆咀𨱽皮膚朝熱往來榮衛枯澀庄鮮和命去皮蔑兩茯苓白朮蔑兩人參𠀧銅去皮甘草和用吏倣𠀧銅甘草煎湯濇退去滓服温𣈜𠀧吝㕵庄群固盧或㝵肥白氣虚常常痛勝㗂呼固痰二陳合貝和爫陳皮去白夏尋薑炒嘔吐咹庄固調藿香香附加料砂仁心煩遠志棗仁硃砂蓮肉茯神共招麥門竹茹煎調小兒痰症奴嶤爫牢油羅驚癎共消全蝎白附合𠓨細辛口渴瓜婁葛根烏梅用𦧘補仁渚爫脾虚咹㕵庄言麥芽神麯共爫砂仁短氣倍加人參黃芪蜜炙歸身柴胡陳皮共固合朱升麻少許嘺卢辱因往來寒熱隊吝柴胡半夏黃芩吏加平㝵血氣俱虚合共四物號羅八珍冷瀉腹痛艱屯柯子荳蔻吏論乾薑陳皮留白木香瘧加草菓常山陳皮厚朴檳榔青皮常山酒製即時買𢧚或固氣塊庄安三棱蓬朮舍筭調和貫通槃病扒家虚寒肉桂共羅乾薑牌尼論𠃝渚詳加減規料各方麻用袩朱別意補攻邁𠀧方意奴𥪝覩外病固標本末荄治固𨍦𫏾袩㝵立方𢀭𢀨色慾膏梁外感時𠃝内傷時饒係㝵貧賤包饒油霜待𬋟煩勞肉皮胣𢚸積仍藿黎内傷時𠃝𡗉皮外傷僧尼男女寡房忍𢚸隱志隂陽幽囚老人血盛氣虚小兒隂少氣浮盛陽朱咍𩦓䋥尋䋼虚補實瀉症爫須分吏詳弱人壯人弱時補本壯論攻標各方或用牌芾味𠃝味其㐌固差分未𡗉主病爫君未𠃝爫臣𠃝女使通固牌渚呐兩銅典欺料律變通在㝵默埃潛玩袩制意共助代庄溺扶顛士𫢩攄櫟才閑述𥪝上古前賢劄制敢勸醫學後來濟生積善福𫶸厚些傷寒格法治例目錄上古老禪弘敞無擇慧靜撰集秘用三十七方就註三十七槌法升麻發表湯疏邪實表湯羗活沖和湯六神通解湯柴葛解肌湯柴胡雙解湯桂枝大黄湯加味理中湯茵蔯將軍湯導赤湯六弌順氣湯如神白虎湯三黄石膏湯三黄巨勝湯沖和靈寶湯桃人承氣飲消斑青黛飲生地芩連湯加味犀角地黄湯回陽急救楊回陽反本湯柴胡百合湯如聖飲温經益元散消遙湯升麻散火湯再酒飲黄龍湯調中養衛湯導赤各半湯益元湯桂苓飲當歸活血湯加味導痰湯加味調中飲加減續命湯黃蓮解毒飲次一湯升麻發表主傷寒法保浪悲𠀧冬冷了冽世衝霜突這當𪮏役萬店𣈜庫辱敢𠹚飾坤召特風寒所傷沛連𤴬旦稽𦍛𤴵頭如補𤴬𦝄如孤典欺干冽𦣰孤戊灰拯固燥枯如濫體脈浮緊來參疏邪發表可濫開通桂枝麻黃防風羗活白芷川芎等分升麻甘草杏仁𨎠𬧻𫡦味共分朱齊冬𠄩鉢渃皮苔姜三棗二課尼色戈槌法膠飴吏加温温服㐌丕和連安本經病體喘連麻黃去禮葛根加包別脈別證𫏾𬧻用𬀰乙效實牢仍羅次𠄩湯疏邪實表宁傷風法保浪悲𫶸冬這冽有䨪澮湄沚𫗄當𪮏濫用店𣈜庫辱突衝飭坤召特感風傷寒沛連𤴬旦千般燶命𤈠冽拯安宫弄𤴵頭曵𫗄産𢘭𤴬𦝄隴仍𣳔𣳔戊灰體脈浮緩常來的傷風證拯差兜羅合用實表疏邪自然表解裏和年功桂枝芍藥川芎甘草姜活防風用齊冬𠄩戦渃朱苔姜三棗二課尼色戈槌法葱白吏加再煎三沸温和服之汗不止加黃芪體固喘證些時馬盧加添杏仁柴胡胸中飽悶𦍛奴息盆枳壳桔梗添𣻆黃芪蜜炙加迍可年油和體病渚安柴胡湯劑吏筭即時加白芍藥桂肢服退實表皮欺疏邪次𠀧湯沖和羗活宁春夏秋節沛𤴬𠀧冬衝突閉婁氣饒飭孟拯歐役萬𢀨春發病拯安罷初冒課冬天風寒𠯅頭冽極千般戊灰拯固合筭麻用甘草羗活防風細辛白芷川芎黃芩傷朮生地可濫葱一水二姜三和共槌法入豉朱通固文武火合用同煎温服取汗有神被厚覆首潭身体效病諸拯可服饒反加別病固調保囉春温夏熱秋和調共可治實羅效世胸中飽悶息苔合加桔梗去𫢩地黃夏月用本固方石膏知母些常可朱不汗用蘿紫蘇燶命曵冽嗚嗚仍痰去地黃加杏仁汗後不解固分艱難病群𦍛𡳵渚安合朱再服實年束冷油悶汗下兼行加大黃末窮明釜𬀰温温服特當𪮏抽薪法保渚世千萬油体非時傷寒脈浮自汗急筭用料去禮蒼朮渚腰對𥙩白朮加𠓨可年虚汗不止強煩黃芪蜜炙可年加𠓨燶命𤈠冽添𤴬蒼朮芍藥合求朱安丕連去禮杏仁身急面赤倍分艱難罷徵拯利小便升麻葱白杏仁去除柴胡芍藥吏加漉退服㐌平初極效感寒堅重坤牢服湯不汗斫芾可卢再三劑吏服朱由不作汗坤卢症堯量隊曩珥𠃝饒依方加減体効戈於次四湯六神通解主往發節沛𣎃𠀧𤴵頭𤈠冽帝羅脈來紅藪沖和服初,Nom
Hong_nghia_giac_tu_y_thu.txt,盆門弼把𪮏真強煩結實口燥咽乾怕熱讝語妄言亂狂陽厥潮熱斑黄自汗腹腸𰧄強𤴬依吏添痞痛遶臍宁閉饒證當欺險堯芍藥枳實𥼲炒柴胡甘草芒硝大黄黄芩候朴相當製退去㐌斤枰買年渃𥪝𠄩戰初煎料皮𠀧祝㵢蓮朱調𬧻糝味仕查𠓨色典呦呦𣴓群糝分臨服槌法如神入鉄綉水約年𠀧匙燥實讝語饒皮正陽胃腑實時沛双渴痢囉仍渃𥪞少隂心下硬疼症尼燥𠰘枯喠盆世大便堅硬吝𫢩依依讝語發渴恒例結實遶臍硬痛強𤴬實倦囊縮坤牢厥隂證意束芾朱稱熱臨目不了明神亡水竭饒分傷世調用急下方尼更依利㐌仃𣈙服𬧻結胸心下𰧄𤴬燥渴讝語吏求本方去汜范草拯芒甘遂桔梗合當加𣈙傷寒過經婁𣈜群固表症坤世痊除或羅氣血養虛老人産婦閉除坤世調共可用方尼芒硝去歇當𪮏馬泥學朱別禮實虛虛實可補實時買當𨒒𠄩湯如神白虎渴燶命吏堵戊灰体脈浮洪常來汗多不解𤈠世強盆石膏知母麥門甘草計群固山梔仁五味人參等分水姜棗竹共煎渚遲色退熱服當𪮏大黄竹茹加𫢩一團渴世背有惡寒加天花連去梔子仁油拯固渴某分渚服方意可噒蔑𦍛𨒒𠀧湯三黃方解主陽毒症沛󰌝世黃命黃𪥘真𪮏外䏧斂點袩齊盃崙𠄩昆𬑉堵昏昏燥渴欲死軫坤濫用六脈調体大洪呌嘹曵𢘽豸容坤寒齒黃面赤鼻乾過經壞證侯年病堯表裡結熱盆牢侯蒙發汗病芾侯雷吏蒙束下朱耒大便頻數日催困難小便不利艱難乙固錯治變年症尼或羅𬙞糝𫡦𣈜已經汗下拯咍皮停脈群洪數增增𤈠洌孤急命恒曩世侯蒙内治證尼由表未解坤咍濫用吏蒙濫束外攻裡症又急拯春蔑皮查𪮏拯敢律夷殆𣩂靣已蒸欺困堯拯咍病於三焦閉塞經貉束料坤双津液榮衛拯通馸年症意官弄別咍吏浪汗下婁迡三焦生熱脈𫢩數洪仍忙𫫗嗿呐容晝夜喘急比𣳔泖囉黄恰頭𩈘命䏧狂呌欲走實羅艱危方尼調可治之用朱特實丕時效牢黄連黄芩石膏麻黄香豉吏求山梔姜三棗一水二細茶一最用槌法𠉞煎之温服戦尼内和外解效世倍分陽毒熱病除根束聖方神效驗坤當𨒒𦊚湯二黄巨勝主陽毒各症保咍𤼵斑狂亂𤈠世妄言目赤店𣈜呌嘹脈洪六至恒毛大便結實理芾坤通上氣喘息拯春𢘽卷囊縮宁從朱世用權立蔑方尼𫦵閉饒症效世邏𦍛吏用濫石膏湯去汜磨豉加黄忙𫢩姜一棗二實世冬𠄩戦渃朱苔煎之槌法入清漿泥促𥙩𠄩匙調服效功𨒒𠄻冲和靈寶飲主傷寒兩感坤雙初病起自頭疼惡寒𤼵熱宫弄拯安退連口燥舌乾陽先受病丕連探之沛方連㐌即時別咍表裡合推麻用石膏姜活防風細辛白芷川芎柴胡乾姜甘草合朱黄芩生地全奴用齊冬𠄩鉢渃朱苔煨姜二片棗𣈙二枚查𠓨共色朱㵢槌法家隊黑豆焰𪮏温温服特蔑之体固微汗效𣈙坤當表多甚惡傷寒用𥙩麻黄乾葛解肌或羅体裡症多調胃承氣時些可行或羅自中陰經發熱自利泠泠沚宜渃拯渴命𤴬世沉細無力脈尼坤雙昏沉倦臥眉夢急初救裡可用回陽朱咍權變道常救表救裏𠄩𦍛可分𨒒𦒹湯桃仁承氣主熱邪傳裡所傷罢因熱結膀胱遣㝵𢘽堯平𦍛醒𫑹小便自利囉𣈙大便黑糞硌𫢩年丸小腹苔息盆門身黄讝語妄言渴煩脈洪有力可年下盡黑物丕連特安油体未服之先而血自下拯年服𣈙疾堯侈㐌連𪮏固𨒒味束效世邏𦍛桃仁桔梗大黄柴胡芍藥硝芒青皮甘草枳壳當歸姜棗清水匙匙色退別煎蘇木蔑尼用濫槌法服隊吏安𨒒𬙞湯消斑青黛主熱邪内實外虛罢因血熱不除朱年乘熱邪於八皮木囉命突隊欺閉如疹𤴶重時錦紋盆門語擬十分極世𣳮涅饒分脄腥或羅保屬陽經誤投熱藥遂成艱危或當下不下之下後不解共時變囉調拯可汗之羅大便堅實合加大黄去汜人參拯忙表虛裡實的方秘傳石膏甘草黄連柴胡知母共玄參𫢩固賴停𡶀𧤁西人參生地顛世渤莐棗姜渃色煎湯槌法苦酒用濫可年𨒒糝湯芩連生地主諸血衄鼻成流熱毒侵入可謳急用方意束効可安柴胡甘草黄連桔梗芍藥川芎地黄𨕭𡶀𥙩賴停黄黄芩去腐末𧤁獴西色退漉㐌當𪮏扒茅根汁埋𣈙墨吳無茅耦亦可朱服退血止病甦如神泖饒束𠃝坤垠閉目讝語失神撮空㝵些嘆誨拯通吏濫方意隊用可當𨒒𫡦湯角黄加味主燥煩嗽水不安上焦瘀血艱難渃水不下後年丕羅當匆芍藥紅花生地犀角共羅牡丹甘草桔梗可年陳皮去白丕連𭶙戈色皮群𠤩𣴓𠀧槌法耦節吏加𠀧匙調和温暖服之用濫沛法實時婹世𠄩邁湯回陽急救治寒邪直入陰經年真寒症㐌仃麻初拯固燶命󰌝兜仍仍拯固𤴵頭真𪮏敦汜胣𤴬徘徊拯渴嗎𠺆隊退引衣自蓋𦣰𡎦急孤夢𪮏枚嗫青模痰涎渤汜墨油奴囉脈沉無力帝羅或至無脈證它㐱坤合用補劑急温乾姜柎子渚群狐疑白朮甘草桂枝茯苓五味陳皮人參半夏姜製用濫姜三棗二淋淋煎之槌法入麝三厘中病則止体欺温和渚群服女之羅盧欺過戦吏加病𣈙或𬧻可用方尼理中加減別咍理用嘔涎腹痛難堪吳茱萸吏炒塩仕用無脈豬膽合共瀉泄吏用黃芪升麻嘔吐姜汁吏加用濫𦍛意實羅可稱𠄩邁蔑回陽反本主阦盛虛損隔阦阳極發燥坤當面赤微渴平𦍛󰌝世或悶𡎢怔渃苔或悶𦣰𢝘鄰𫢩仍𡎛脈來無力盆門或全無脈㐱坤世羅仁齋初㐌吶囉渴不欲飲時些可用乾姜熟附合共人參甘草門東同時臘茶五味陳皮冬𠄩戦渃匙匙共煎頓冷消服可年温温取汗丕連効世面色戴陽課尼下虛證意實世伶伶吏加葱白七莖黃連少許束冷泥漿𠄩邁𠄩柴胡百合,Nom
Hong_nghia_giac_tu_y_thu.txt,主槎後蹅雜沉昏失神讝語盆門百合勞復𥙧坤用濫柴胡知母黄芩甘草百合共人參𣈙生地陳皮當𪮏𠄩戦渃苔姜棗共煎醋炙鱉甲朱安用濫槌法丕卞服催渴天花粉加隊胸熱急培加山梔仁微汗頭痛坤垠川芎姜活等分吏加或固𠻀呱嗎囉姜炒半夏丕麻添煎油体胸中虛煩竹葉竹茹可年加𠓨𤴬退買㐌衛𬧻失神讝語羕侯噁刊仍常唌𡀀拯安吏加犀角黄連等分咳嗽時加杏仁体症百合加分麻黄心中驚惕邏羕榮虛血少加當歸𣈙茯苓遠志共齊油体虛汗加𫢩黄芪脾倦白朮加之腹雷嗚氣加煨生姜勞復時熱坤當葶藶姜汁共𦍛烏枚𠄩邁𠀧用湯如聖主剛柔痓病強坤勒頭吟𠰘盆門真𪮏孤急汜敦除爲貟為同郘張囉堵𩈘亘古實羅坤雙法濫與契瘲同學實用實矯弄疑盧防風姜活柴胡黃芩白芷肉烏枚共當為芍藥川芎姜製半夏合用等分姜水色群𠤩分康汁竹瀝隊吝漉囉𥙩濫槌法吏加温温服㐌實羅効世体固戊灰囉𫢩意症柔痓別咍馬疑桂枝白朮吏加服㐌方意平初安和油拯体戊灰囉意證剛痓實㐌坤雙養正麻黄合共剛柔𠄩理坤通蔑唐油体吟𠰘倩𦝄大便結實大黄添遜𠄩邁𦊚温經益散主治因後汗大虛規頭衆𩈘巴踈仍悶木坦𡎢和振振或羅買𬚸動筋或因汗後倍分過多衛虛亡陽拯和戊灰恒固体囉拯仃血榮氣衛來常罢因汗後命強𤴬依初用人參黄芪茯苓白朮當刄地黄熟附肉桂相當芍藥甘草共𭶙陳皮姜三棗一木二糯米一撮用槌法𫢩油体飽悶息宮用炒枳壳去𫢩地黄㝵𤷍毒𫃚寧羹妻汜芍藥𠅜浪朱咍体固煩熱𤈠世士𠬖附子用𣈙拯年体固下利坤垠升麻白朮共陳土𫢩當歸吏去渚迡油固嘔血症尼坤牢姜製半夏加𠓨扒生姜汁束効𨑮分油体渴渃坤垠加天花粉倍分可於汗後因属表虛然然産洌命陀固稽合加薄桂膠飴生地熟附去𠫾拯忙𠄩邁𬂽消遙湯服人罢惏婬慾麻年爲初感冒風寒傷動氣血丕卞沛𤴬買它渚特包婁咹唁𦣰午拯歐事之雖浪歆劍𪠞衛雙尼神舍奴時渚安蔑干𫗄茉𠺙瀾動尼焒慾𤈜𨕭𠽍𠽍染年疾與拯恒急如風火高平𡶀𡽫意羅勞復病人尼陰陽易吏論朱咍𫯳𤴬𡞕沛召台名羅陽易症尼可盧𡞕𤴬𫯳沛召朱名羅陰易默油對台丈夫謹帝朱世意劍紅粉奴󰰐折吟𦛌陀麻蔑曳惏倍尋丹藥千金家傳逍遙湯意束僊參知甘韭柴連犀黄姜三棗二煎湯漉退燒入裩襠和調体固微汗囉燒囊縮陰腫雖堯吏安嚍㝵年少紅顔另尼房室馬亂沛傷𠄩󰁰𦒹升陽散火主患人叉手冒胸𠄩𪮏執於娘龍模棖尋襖眉夢拯咍𠼽𡆑呐怪醒醝㝵些嘆誨拯咍事之戾世沛等庸醫沃羅風證即時宁風惏㝵罢擬拯通埃咍症意撮空兜羅罢因元氣久虛丕年汗熱來乘肺金氣虛坤斫宁扲抱堯柴𧆄共惏拯咍小便固利冷世用特束尼福㝵命些人參白朮切囉茯苓甘草共羅當歸柴胡黄芩陳皮麥門芍藥共時儕饒姜棗水煎色熬入金首飾買侯服迻或羅体固痰囉姜汁半夏炒戈仕用便實發渴𠼽容加大黄末連通即時油体瀉泄能𪠞加炒白木共時升麻𠄩󰁰𬙞名浪再酒不作汗症保無陽初病𤴵頭𤴬𦝄燶命󰌝洌拯曾戊灰似太陽症閉喂柴凡拯別汜倍坤分束用重藥隊吝火刼取汗倍分可傷芾咍羅本無陽證惏束𢙲饒𦍛拯通孰附羌活防風人參甘草川穹黄芪煨生姜辣桂枝棗姜清水共時色戈槌法芍藥炒加再煎𠀧沸温和服之或羅及節倘夏黃芩共時加軟石膏倘冬拯路加𠓨別咍時令束求可當𠄩邁糝黃龍湯藥治結利仍渃𥪞硌𤴬煩渴官𢚸㕵𠓨時吏𣳔𣳔沚羅柴凡坤別帝羅語浪帝束和扲垠轡平救火放薪苫宁茹𤈜倍分可傷惏㝵錯擬坤量芾咍羅症内傷熱邪胃中燥實拯訛名結熱利症羅沛世拯沛内寒利𣈙麻用束𤈠垠𫢩朱停罢因熱渴渚稱自遂自飲水湯年丕固𤈠可用方尼無熱六乙症咍撰用因通吏用可通大黄枳實免共忙硝人參甘草奴料厚朴桔梗免調當歸姜棗清水煎之服退利㐌蒸欺体効氣血虛歲㐌斑饒時些舍去芒罵用𠄩邁𫡦調中養衛主勞力寒氣感傷𤴵頭𤈠洌坤當渴渃仍常汗出濈然和命煩𦟼𤴬連脈虛無力現𨕭空浮柴凡拯別症朱体固𤈠洌便呼傷寒脈症拯別坤筭火發大汗證年不詳芾咍血氣内傷風寒外感理常坤分罢因勞力病人澮湄沚𩙌辱忍侈年束用宜少辛温温能除熱宁群𥪞經体固下症㐌仃大柴胡藥正名可用細辛羗活防風人參白朮川穹陳皮生地甘草當歸吏添蜜炙黄耆等分姜棗水煎濫垠槌法後入葱根二莖元氣不足拯冷升麻少許㐌仃吏加喘咳杏仁升麻口渴知母天花粉尼戊灰拯停沚宜加白芍藥去𣈙細辛娘龍盆幅十分合加竹茹梔仁連停嗎𠸦𠻀噁岌𭗰吏加半夏渃姜𭶙戈胸中飽悶𡶀叉桔梗枳殼吏加用濫扒𠃝地朮耆甘体固饒痰吏去細辛加貝母瓜蔞仁腹中刺痛隊吝𤴬依初去白朮黄芪吏加芍藥共時乾姜罢因鬱血内傷大便黑糞𤴬常固尼紅花桃仁加隊細辛芍藥急倍去𪠞羗活白朮黄芪油体極女些時渚妨吏加錦紋大黄下盡瘀血蔑𦍛安仍蒸𫐂吏凜本方每服平常大黄去囉症坤束冉世羅學實用實丕和可當𠀧邁湯導赤各半主越經心亂神昏柴咍宁特症坤午通感受根原推求傷寒買沛徵𫐂心腹拯硌拯𤴬拯苔拯固𤈠冽兜𫢩大小便𣈙平常㝵些侈年變證帝羅神昏不語理陀坤雙午𦣰仍呐眉夢蔑𠄩𠅜説拯舂別調或羅眼赤唇焦舌乾不飲症堯坤世朱時咹㕵蔑之拯朱時渚芾咍盧尋平㝵醝午閻閻柴凡拯別𨻫添錯𢵳熱邪傳裡少隂心火炎上肺金受邪名越經實拯訛𨎠吘病證𫐂些仕用山梔共麥門冬活石甘草免共黄連人參知母茯神固犀角屑等分用濫水二棗一姜三槌法一撮䔲芯入共煎皮群典蔑鍾去滓温服効雙邏羕𠀧邁蔑益元湯使主元氣虛火上升症年面赤戴陽柴圭拯別理常坤雙學朱別𥛭遍通全無身熱頭疼心煩燥枯盆幅拯安飲水不得害因羕尼柴凡拯別坤咍沃羅熱症用𣈙寒涼惏㝵冤錯可傷芾咍羅症戴阦虛煩人參甘草黄連麥門知母葱根合𣈙孰附󰌝乾姜咳五味艾葉共儕平饒水煎姜棗查𠓨槌法吏求童便可當𠀧邁𠄩桂苓湯説主如狂熱結膀胱精采不與相當燥渴無熱𤼵狂不安凡師拯別亂丹連朱束下後年惏㝵滲熱自小便來桂枝澤瀉尋隊豬苓白朮甘草束冷蘿紫蘇紇賴停全奴知母黄栢合朱𨎠𫐂味計奴共儕姜棗𠄩戦渃苔色群蔑盞連𪮏入槌加治石未二匙再煎三沸即時服温𠀧邁𠀧當歸活血治如崇坤別坤通拯固惡寒頭疼体仍身熱宮弄渴犒小便利㐌泑泑大便黑糞顛牢匙匙𠰘呐拯汝𠅜之噲浪熱症庸醫用淋𥙩仍涼藥麻濫證惏束𪡉拯甘所弄挾血症意坤通邪傳心胃宮弄昏迷生地共桃仁泥桂心芍藥當歸柴胡人參紅花全奴乾姜枳殼麩炒可濫槌法水二薑三,Nom
Hong_nghia_giac_tu_y_thu.txt,切退色㐌服堪𠀧匙色蓮𠀧貼服之桃仁姜桂去𠫾朱耒茯苓白朮加隊利便燥濕及倍朱能𠀧邁𦊚導痰加味主挾痰如崇㐱坤頭疼沉重迷昏上氣喘急盆門饒𦍛增寒壯熱坤當𠰘饒渤汜仍常吐囉柴凡坤別帝羅浪傷寒症束麻治之拯咍心動神疲七情六慾奴時怪些神不住舍塊茹痰迷心竅崇邪現年意症痰類傷寒導痰加味二陳達名陳皮甘草茯苓枳實半夏南星黄芩瓜蔞桔梗人參黃連白朮用濫朱年冬𠄩戦渃苔籣姜三棗一共煎匙匙色旦𡛤分濫期姜汁竹瀝入槌服退飭群報跬欣㝵𨎠舍吐㐌𫐂退仕用𠀧邁𬂽調中加減主食積類感寒傷𤴵頭𤈠洌饒𦍛氣口緊盛脈強可推命拯固𤴬旦之意症傷積保時朱咍𥪝經固𠅜浪悲飲食自倍傷尼胃脾閑閑用消化之重女吐下即時吏安蒼朮白朮黄連神麯甘草共乾姜𣈙山查草果𦹳荄厚樸枳實腰世陳皮生姜清水煎之磨木香汁入槌法𫢩腹中痛滿𤴬世桃仁拯女𤴬世大黄去汜查麯草姜中心兀兀平羕拯安乾霍亂仍嗎刊滾湯㐱實束僊年用耨退蔑鉢渃𥪞𥙩㙁和共皂末五分服退吐㐌平神束効拯惜𠦳斤泊鐄𠀧邁𦒹加減續命主脚氣邪盛疼痠𠅜浪類症傷寒燶命𤈠冽仍員𤴵頭和命肢節疸𤴬屈弱轉動孤𠓨拯咍便秘嘔逆傷世脚膝𤴬𤴵症尼恪饒禁歇補劑拯求或惏或𪡉畧婁馬用初尋羗活防風蒼朮白朮川穹麻黄桂枝附子相當芍藥甘草免防己𫢩󰁰蔑味切共儕棗姜共鉢渃苔可年䔲芯二十莖煎槌入姜汁丕卞服退油体脈數常來傷暑中熱實世馬疑丕連去附桂麻尋柴芩栢吏加帝𣈙脈遲寒中冷卋吏加附子朱儕分初中濕脈弱而虛吏加牛𧀬木瓜閉除中風油体脈浮吏加羗活咍驅風邪油体元氣久虛人參少許吏加𥙩𠓨大便秘澀盆牢加大黄末蔑料連通𠀧邁𬙞黄連消毒主陰陽愆伏往來天時行病為灾頭頸腫痛𦣰𫮋強𤴬燶命󰌝洌𤴵頭脈來洪數油油󰌝世舍分𨎠𬬌朱咍沖和羗活暫𣈙服初渚稱消毒吏加羗活甘草共羅防風連翹白芷川穹枳殼桔梗免共射干柴胡黄芩黄連添荊芥穗朱年覩用姜三清水二鍾色群蔑戦加共鼠黏㵢蓮蔑祝仕袩姜汁竹歷吏添蔑槌先加大黄利之一二三次通𪠞朱耒依本方服蓮退油悶調理尋隊參歸敬勸上等各醫宁症天時𤐝帝濫𦎛𨎠𬧻𠀧邁𬙞方症沛束意學詳劄囉𥙩󱫵別半世羅悶朱昆𥘷彈婆共咍隊用体効當𪮏的當年朵助渃助民牟世束聖方臣和拯別帝固分虎𢚸宁㝵㕸意呐容典欺宁疑濫用坤咍律夷拯敢查𪮏隴浪福哿𢚁𫢩孛喬等年柴束宁㝵醫之司命丕皚舍量袩𠀧教共蔑𦍛仁義時詳道德時充錢財意𧵑流通油些固福𧵑衛共些𣇙尼世拯實時貪嗔癡暴凶邪奸頑典欺固病艱難閉除暴扑奸頑斫芾倍傍𧿆㙮𧿆高懇𡗶懇坦禮芾坤咍損錢濫𥡱濫齋拯平贖束𧵆𣈙時欣欺意鐄泊拯筭㐌油蔑戦𤾓貫共料買咍羅束時腰𠀧邁𬙞條丕卞劄囉娘經搥法拯訛老梅𪮏拮筆花劄濫症治方法至善堂𣈜常袩冊老梅庵决瀝焚香禮蜍諸佛󰁰方祝君師父歲長門秋討宜蔑職區區𠰘常念𫳘南無彌陀賢伶信敬實時𪡉命𬧻買𪡉茹可宜爲醫者人之司命裊神農㐌定方書弄仁曠𩦓乘廬遣𬨺𡎝壽氣和仍春相鍳窮達雖分調羅助渃助民助代兼奴全德利㝵福特於󱞿三代有興袩提綱仍方牟冉蘇東坡墨驗求醫拙工別課平時盡告所患矯欺托林証娘隊脈推尋脈娘隊証淺深馬疑𬚊通寒熱實虛温涼補瀉丕和特安拯固積拯年下痢𠅜毋概初㐌劄編或赤或白鱉𥆾赤白相雜混氈路途或羅氣侶渤蛌肚熱纏痛𤴬衢隊退悶𠫾拯立急倍秩達侖外積連寸囉盤桓逼迫奔波衛渚典茹時吏悶𠫾世傳浪意𤴬移陳㐌依依𣈜忍𤾓番𦣰𡎥𠫾杜拯安邁柴贖束悶嗔銀仃忙尋白朮乾姜訶子嬰足木香車前阿膠荳寇黄連山藥鳳尾茅根荔房補瘈補𦼛補充補翁瓢秘插螉𠨡猗陳米共錦𠠴羅咹𩚵𭶙㕵渃蒢服催苫助茹𤈜傷喂大腸閉澀陳耒侖囉𫳭真曩𩈘𦝄䏧灰𩚵辣𠰘氣陀每明等凡庄谷錯命吏浪墳墓妖精外邪立壇驅㘼朱囉添固祠婆水族水官阮顒黄艮范顔綽工蜍骨芾筭惜之強助強逼饒皮𧵑時㐌損疾時渚稱拯体𠅜要訣浪痢出積滯事庄群疑積羅物積悶囉遶臍裡急𠫾陀毛真滯羅氣滯扲垠窘迫後重饒分艱屯意羅下痢病人別咍敢受根原馬疑色油赤白雜侞脈油哿悶七疎拯泥一皆通利行之積消氣順即時連通𡨸浪喜補惡攻芾咍羅事攻中補存通因通用矯盆下焦閉密芾群積兜意羅助痢法牟秘方化滯於頭效世固積通利連𪮏裊𠫾歇積疾𪰬連安体群心熱渴煩合天水散益元蔑料渃𥪝觸𥙩和調痢家聖藥法腰傳弄固㝵血痢𣳔𣳔𠡧囉仍泖魂用拯當五零門冬煎湯調和巴豆大黄𠄼囷油群𤴬旦渚安穹歸大補心肝連仃方經驗吏傳浪川穹鯉尾大黄錦紋𨢇淫色典𬙞分弄空裊課初寅服催行心逐血朱耒𧆄冷疾㐌明盃和家意下痢呢羅瀉泄呈各柴共別共咍痢時固積饒世泄拯固積沚宜𣳔𣳔泄本屬濕濫雙脾腎受病堆共剋饒脾虛胃弱沛𤴬肢體重著占憂饒𦍛吏添中脘有妨杜熱面色虛黄可傷些用豆寇乾姜蒼白厚樸木香和共上咳腰膂酸疼𦜞腹人痛免共面黧些用𥙩補骨脂安腎共時合震靈丹仍方靈驗家傳提綱證治𪮏卞劄囉意瀉泄尼羅胎熱課炎天時節𤈠世胎侯𬙞糝倘苔因徵熱冷淚世牢煩動胎逼迫磊𬨺朱年窒礙於𨕭咽喉心腹腸滿恆𤴬似𦍛下痢濫𣈰徘徊北𬨺茹廁連𫮋陳戾𫡦蔑㘨炊婁遲侈連氣下瞀之通特蔑祝𣳮𪮏呂衛典茹時吏悶𠫾渚曾體疾艱危羕尼提綱證治劄排胎熱侶痢別世理用法濫解利朱通擾乎可擾合用渚慮些濫方小柴胡膠連炒淨合朱蔑分大黄枳壳𡛤分服退調道胎娠連安意方經驗家傳𣈜用體效劄編訴詳意胎熱似𦍛下痢尼轉胞𠫾帶拯通胞羅俸俸實雙腎為表裡合共因緣膀胱拯固𨷶𬨺固蔑𨷶𠁑小便恆囉證尼𥠻固彈婆因欺胎熱氣它每迷悶咹𤐛𤓢美味𫑹奴退吏固皮淫風𡨸浪醉飽勞房火起於腎馬籠馬亂或羅忍縮小便仍忍𠫾帶朱年証尼轉羅翻轉運磋𪡉嵬俸俸帶𬀰拯通些濫葵子蔑封服退𪮏印娘龍麻提𬋰宜典忍下𨦙𪡉吹俸俸即時連囉𧆄僊法騇埃戈助兜㐌帝㝵些調用合朱通胎前産后世俗浪𤴬泖固方生退歇𫴯𢚸明媄昆它矯所徵慮盆埃疑固症𤴬彬吏浪𤴬攺爲因據芾急倍把焒繪𢭂拯能法意濫牢世用婦人方劄𣳔𣳔浪兒枕痛㝵共別咍仁齋固𠅜浪悲血塊築痛劄排提綱別症些買尋方拯對𠦳黄用不換金依方加味渚林川穹白芷桂心查包乾姜莪朮共燒切濫大劑合料同煎熱入法醋朱安分濫堆戦丕連服催散風行濕朱耒敗瘀調體囉尼小便㐌年經騐家傳用濫𦍛意實年𧆄效塊㐌消尼羅崩漏𣈜𣈜恒體泖仍囉摆飲血氣拯和陰虛陽搏噲羅血崩𡨸浪氣寒血凝氣温血滑實拯固疑四勿時補陰虛生料枳壳丕和抑陽調和𥙩二陳湯豁痰順氣血常歸經𡨸浪血隨氣行氣引導血㐌仃𢭸饒下元虛憊㐌婁衝任不固體歐盧煩𨴦拯群固鎖杄沛防虧𣌋卢筭𡨸床合用𥙩膠艾湯當歸連固木香奴全合成正藥朱安煎退吞震靈丹極牟關元駢秩拯歐蒸欺𩦓篋默油𢚸些意崩漏尼羅土血推順逆買別根原摆蒸氣逆上奔血燒隊氣朱年吐𬀰㝵共所體所咍上焦有熱證尼濫牢柴芩連歇蒲茅忙卢止血體効拙兜些濫抑氣合饒青烏枳梗用料朱年生姜七片同煎通利園子丕卞服催寬中開鬱朱耒大便調導氣吹血仃油和體疾它稱些濫調理𣈜恒服之茯苓半夏陳皮人參甘草芎歸蔑料舍袩虛實𦍛芾默隊体證加𠓨連安吐固法大便固法濫通利渚押渚偏或𥙩大黄湯煎或𥙩巴荳子園和用調時拯體特通隂陽關隔𥪞𢚸𤴬緊水火上下乖睽心腹痛滿饒皮艱難有熱𥙩薄荷煎三黄來服呐連利𠫾無熱用湯橘皮養正神保服時吏通別尼標本麻用買侯年等上工𪮏柴大便計蔑𣈜蔑發朋小便筭歇固巴意羅氣血調和飲食有節㝵些安冷油體水道不行其本在腎昔寧推求舍用澤瀉牽牛其末在肺通饒𠫾衛合用亭歷桑皮歉特𠄩意即時年功佐共滑石木通自然透達於𥪞溺胞大小脈絡通燒大油動𨎠乙𬧻小行合用神保北葶大瀉數行小便順流意為牢噲羅淋閉因小便澀滯拯通淋羅淋靂腸中閉羅閉澀於𥪞溺胞雖固氣血䐧勞石淋蔑症坤消世羅油𬅳朱囉用枳壳散丕和初煎空心吞來復丹用石塊罷裊小便麻囉,Nom
Khuyen_nam_doc_thu.no.txt,朱子家訓解釋南音嘉定嘉樂氏訂明敬闌氏註義廣盛南𤼵售內附訓女文教男文粤東佛鎮天寶楼板俱南音徐𣈙柴買吲𢲛係𡥵斈徒朱別禮儀𠎩喂制惡之,Nom
Khuyen_nam_doc_thu.no.txt,闷朱咍字斈時沛棱儒𣷷聖坤𢲛𡭬麻坤斈𡘯𢺀𣇟𦋦𫢩𢘾𩚵媄袄吒至功𠫾斈買它塊荒,Nom
Khuyen_nam_doc_thu.no.txt,斈惵𩈘𦬑眉媄吒斈邒如錦𣸸花固文固質買𦋦𡥵𠊚沛别虎传斈𣇟塊𠸂塊唭買𢧚,Nom
Khuyen_nam_doc_thu.no.txt,󰎣麻别字固欣𢀭麻别字山崙帖鐄𡭬書押斈𢂾𡘯󰓁𦋦廊𦮷熣,Nom
Khuyen_nam_doc_thu.no.txt,𡄎道聖叱牟斈字士如珠如鐄扵朱情性荘𥘷遵重廊夭傷福油𥜌錦回鄉,Nom
Khuyen_nam_doc_thu.no.txt,𠓇名吒媄如𦎛𠁀㐌咍成敗在𡗶皇天忍負𠊚讀書斈𡛔卒待除哏通󰍾史如少之它覺理是非盡情勸𠰺斈時身斈義仁别忠别孝鬼神重驚,Nom
Khuyen_nam_doc_thu.no.txt,柴󰠳敢𡖼高明役苓𠰺𥘷編底𠁀󱙹𡢐𠶌几每𢈱吏𠳨民𡗶固沛共𣈙禾榖豐登喜題数句愿增太平,Nom
ManhTu,第十一章告子上告子曰：性猶杞柳也；義猶桮棬也以人性為仁義，猶以杞柳為桮棬孟子曰：子能順杞柳之性而以為桮棬乎？將戕賊杞柳而後以為桮棬也？如將戕賊杞柳而以為桮棬，則亦將戕賊人以為仁義與？率天下之人而禍仁義者，必子之言夫！告子曰：性猶湍水也，決諸東方則東流，決諸西方則西流人性之無分於善不善也，猶水之無分於東西也孟子曰：水信無分於東西，無分於上下乎？人性之善也，猶水之就下也人無有不善，水無有不下今夫水搏而躍之，可使過顙，激而行之，可使在山，是豈水之性哉？其勢則然也人之可使為不善，其性亦猶是也告子曰：生之謂性孟子曰：生之謂性也，猶白之謂白與？曰然白羽之白也，猶白雪之白，白雪之白，猶白玉之白歟？曰然然則犬之性猶牛之性，牛之性猶人之性歟？告子曰：食色，性也仁內也，非外也義外也，非內也孟子曰：何以謂仁內義外也？曰彼長而我長之，非有長於我也猶彼白而我白之，從其白於外也，故謂之外也曰異於白馬之白也，無以異於白人之白也！不識長馬之長也，無以異於長人之長與？且謂長者義乎？長之者義乎？曰吾弟則愛之，秦人之弟則不愛也，是以我為悅者也，故謂之內長楚人之長，亦長吾之長，是以長為悅者也，故謂之外也曰嗜秦人之炙，無以異於嗜吾炙夫物則亦有然者也然則嗜炙亦有外與？孟季子問公都子曰：何以謂義內也？曰行吾敬，故謂之內也鄉人長於伯兄一歲，則誰敬？曰敬兄酌則誰先？曰先酌鄉人所敬在此，所長在彼，果在外，非由內也公都子不能答，以告孟子孟子曰：敬叔父乎？敬弟乎？彼將曰：敬叔父曰弟為尸，則誰敬？彼將曰：敬弟子曰：惡在其敬叔父也？彼將曰：在位故也子亦曰：在位故也庸敬在兄，斯須之敬在鄉人季子聞之曰：敬叔父則敬，敬弟則敬，果在外，非由內也公都子曰：冬日則飲湯，夏日則飲水，然則飲食亦在外也公都子曰：告子曰：性無善無不善也或曰：性可以為善，可以為不善，是故文武興則民好善，幽厲興則民好暴或曰：有性善，有性不善，是故以堯為君而有象，以瞽瞍為父而有舜，以紂為兄之子且以為君，而有微子啟，王子比干今曰性善，然則彼皆非與？孟子曰：乃若其情則可以為善矣，乃所謂善也若夫為不善，非才之罪也,Chinese
ManhTu,兼所愛；兼所愛則兼所養也無尺寸之膚不愛焉，則無尺寸之膚不養也所以考其善不善者，豈有他哉？於己取之而已矣體有貴賤，有小大無以小害大，無以賤害貴養其小者為小人養其大者為大人今有場師，舍其梧槚，養其樲棘，則為賤場師焉養其一指，而失其肩背，而不知也，則為狼疾人也飲食之人，則人賤之矣，為其養小以失大也飲食之人，無有失也，則口腹豈適為尺寸之膚哉？公都子問曰：鈞是人也，或為大人，或為小人，何也？孟子曰：從其大體為大人，從其小體為小人曰鈞是人也，或從其大體，或從其小體，何也？曰耳目之官不思，而蔽於物物交物，則引之而已矣心之官則思；思則得之，不思則不得也此天之所與我者，先立乎其大者，則其小者不能奪也此為大人而已矣孟子曰：有天爵者，有人爵者仁義忠信，樂善不倦，此天爵也公卿大夫，此人爵也古之人，修其天爵而人爵從之今之人，修其天爵以要人爵既得人爵而棄其天爵，則惑之甚者也，終亦必亡而已矣孟子曰：欲貴者，人之同心也人人有貴於己者，弗思耳矣人之所貴者，非良貴也趙孟之所貴，趙孟能賤之詩云：既醉以酒，既飽以德言飽乎仁義也，所以不愿人之膏粱之味也令聞廣譽施於身，所以不愿人之文繡也孟子曰：仁之勝不仁也，猶水之勝火今之為仁者，猶以一杯水救一車薪之火也不熄，則謂之水不勝火此又與於不仁之甚者也，亦終必亡而已矣孟子曰：五穀者，種之美者也茍為不熟，不如荑稗夫仁亦在乎熟之而已矣孟子曰：羿之教人射，必志於彀；學者亦必志於彀大匠誨人，必以規矩；學者亦必以規矩第十二章告子下任人有問屋廬子曰：禮與食孰重？曰禮重色與禮孰重？曰禮重曰以禮食則饑而死，不以禮食則得食，必以禮乎？親迎則不得妻，不親迎則得妻，必親迎乎？屋廬子不能對明日之鄒以告孟子孟子曰：於答是也何有？不揣其本，而齊其末，方寸之木可使高於岑樓金重於羽者，豈謂一鉤金與一輿羽之謂哉？取食之重者與禮之輕者而比之奚翅食重？取色之重者與禮之輕者而比之奚翅色重？:往應之曰紾兄之臂而奪之食，則得食，不紾則不得食，踰東家牆而摟其處子，則得妻，不摟則不得妻，則將摟之乎？曹交問曰：人皆可以為堯舜，有諸？孟子曰：然交聞文王十尺，湯九尺；今交九尺四寸以長食粟而已，如何則可？曰奚有於是？亦為之而已矣有人於此，力不能勝一匹雛，則為無力人矣今曰舉百鈞，則為有力人矣然則舉烏獲之任，是亦為烏獲而已矣夫人豈以不勝為患哉？,Chinese
ManhTu,弗為耳徐行後長者，謂之弟；疾行先長者，謂之不弟夫徐行者，豈人所不能哉？所不為也堯舜之道，孝弟而已矣子服堯之服，誦堯之言，行堯之行，是堯而已矣子服桀之服，誦桀之言，行桀之行，是桀而已矣曰交得見於鄒君，可以假館，愿留而受業於門曰夫道若大路然，豈難知哉？人病不求耳子歸而求之，有餘師公孫丑問曰：高子曰：小弁，小人之詩也孟子曰：何以言之？曰怨曰固哉，高叟之為詩也！有人於此，越人關弓而射之，則己談笑而道之；無他疏之也其兄關弓而射之，則己垂涕泣而道之，無他戚之也小弁之怨，親親也親親仁也固矣夫，高叟之為詩也！曰凱風何以不怨？曰凱風，親之過小者也；小弁，親之過大者也親之過大而不怨，是愈疏也親之過小而怨，是不可磯也愈疏，不孝也；不可磯，亦不孝也孔子曰：舜其至孝矣，五十而慕宋牼將之楚，孟子遇於石丘，曰先生將何之？曰吾聞秦楚構兵，我將見楚王，說而罷之；楚王不悅，我將見秦王，說而罷之二王我將有所遇焉曰軻也請無問其詳，愿聞其指說之將何如？曰我將言其不利也曰先生之志則大矣，先生之號則不可先生以利說秦楚之王，秦楚之王悅於利，以罷三軍之師；是三軍之士樂罷而悅於利也為人臣者，懷利以事其君，為人子者，懷利以事其父，為人弟者，懷利以事其兄，是君臣，父子，兄弟終去仁義，懷利以相接；然而不亡者，未之有也先生以仁義說秦楚之王，秦楚之王悅於仁義，以罷三軍之師；是三軍之士樂罷而悅於仁義也為人臣者，懷仁義以事其君，為人子者，懷仁義以事其父，為人弟者，懷仁義以事其兄，是君臣，父子，兄弟去利，懷仁義以相接也；然而不王者，未之有也何必曰利？孟子居鄒，季任為任處守，以幣交，受之而不報處於平陸，儲子為相，以幣交，受之而不報他日由鄒之任，見季子，由平陸之齊，不見儲子屋廬子喜曰：連得間矣問曰：夫子之任見季子，之齊不見儲子，為其為相與？曰非也書曰：享多儀，儀不及物，曰不享惟不役志于享為其不成享也屋廬子悅或問之，屋廬子曰：季子不得之鄒，儲子得之平陸淳于髡曰：先名實者，為人也；後名實者，自為也夫子在三卿之中，名實未加於上下而去之，仁者固如此乎？,Chinese
ManhTu,孟子曰：居下位，不以賢事不肖者，伯夷也五就湯，五就桀者，伊尹也不惡污君，不辭小官者，柳下惠也三子者不同道，其趨一也一者何也？曰仁也,Chinese
ManhTu,魯欲使慎子為將軍孟子曰：不教民而用之，謂之殃民，殃民者，不容於堯舜之世一戰勝齊，遂有南陽，然且不可慎子勃然不悅，曰此則滑厘所不識也曰吾明告子，天子之地方千里；不千里，不足以待諸侯諸侯之地方百里；不百里，不足以守宗廟之典籍周公之封於魯，為方百里也；地非不足，而儉於百里太公之封於齊也，亦為方百里也；地非不足也，而儉於百里今魯方百里者五，子以為有王者作，則魯在所損乎？在所益乎？徒取諸彼以與此，然且仁者不為，況於殺人以求之乎？君子之事君也，務引其君以當道，志於仁而已孟子曰：今之事君者，皆曰：我能為君辟土地，充府庫今之所謂良臣，古之所謂民賊也君不鄉道，不志於仁，而求富之，是富桀也我能為君約與國，戰必克今之所謂良臣，古之所謂民賊也君不鄉道，不志於仁，而求為之強戰，是輔桀也由今之道，無變今之俗，雖與之天下，不能一朝居也白圭曰：吾欲二十而取一，何如？孟子曰：子之道，貉道也萬室之國，一人陶，則可乎？曰不可，器不足用也曰夫貉，五穀不生，惟黍生之，無城郭，宮室，宗廟，祭祀之禮，無諸侯幣帛饔飧，無百官有司，故二十取一而足也今居中國，去人倫，無君子，如之何其可也？陶以寡，且不可以為國，況無君子乎？欲輕之於堯舜之道者，大貉，小貉也；欲重之於堯舜之道者，大桀，小桀也白圭曰：丹之治水也愈於禹孟子曰：子過矣禹之治水，水之道也是故禹以四海為壑今吾子以鄰國為壑水逆行，謂之洚水；洚水者，洪水也，仁人之所惡也吾子過矣孟子曰：君子不亮，惡乎執？魯欲使樂正子為政孟子曰：吾聞之，喜而不寐公孫丑曰：樂正子強乎？曰否有知慮乎？曰否多聞識乎？曰否然則奚為喜而不寐曰其為人也好善好善足乎？曰好善優於天下，而況魯國乎？夫茍好善，則四海之內，皆將輕千里而來告之以善夫茍不好善，則人將曰：訑訑，予既已知之矣訑訑之聲音顏色，距人於千里之外士止於千里之外，則讒諂面諛之人至矣與讒諂面諛之人居，國欲治，可得乎？陳子曰：古之君子，何如則仕？孟子曰：所就三，所去三迎之致敬以有禮，言將行其言也，則就之；禮貌未衰，言弗行也，則去之其次，雖未行其言也，迎之致敬以有禮，則就之；禮貌衰，則去之其下，朝不食，夕不食，饑餓不能出門戶；君聞之，曰吾大者不能行其道，又不能從其言也，使饑餓於我土地，吾恥之周之，亦可受也，免死而已矣孟子曰：舜發於畎畝之中，傅說舉於版筑之間，膠鬲舉於魚鹽之中，管夷吾舉於士，孫叔敖舉於海，百里奚舉於市故天將降大任於是人也，必先苦其心志，勞其筋骨，餓其體膚，空乏其身，行拂亂其所為；所以動心忍性，曾益其所不能人恒過，然後能改困於心，衡於慮，而後作徵於色，發於聲，而後喻入則無法家拂士，出則無敵國外患者，國恒亡然後知生於憂患，而死於安樂也孟子曰：教亦多術矣予不屑之教誨也者，是亦教誨之而已矣,Chinese
Truong-Ngao.no.txt,張堯廣盛南佛鎮廣東中國戊寅𡊰南潤禮樂坦漢擼文章課太平國泰民康代盛治民風物受課眉撑層召印𧍰頭泊掑駕鶴想排𧵑拱它留冽嫌爲昆叱対實崔娄油𠖈凖輪囘它空几㑏纏奉祠悶卭善緣𠄩字沛卢作福𠦳㝵錢泊笘添本道謨銅𨯹佛中尊悲除些固㗂屯㝵娄拱邛洳卒福媒它呐畧老沛蹺娄逴才工須可慇懃𨒒本道吘朱歡喜妾柳氏沃号𠀧彭役胡混过𤠶星芸堆覓称欣朔𦲿窖别腩鮉才咍半步半船想扲机待幅翁儀𡂳泊分動𠰃注堯役時𠮩咾性於吏吃𠽐𠫾時𣻆培坡𡎥吏呐穷呐召責閉󰎰絲凌𣱾嫌台妑月問王陣時沛呐朱㐌陣𠨪沛卢買拖干𠨪𠫾𦬑底感撩麻補㺧𠴍対𨑗戶存訴浽事机爲姅逐𧗱些本不農不仕又不工昻昻邑里自称雄銅金作燥争王啓自臘代薪比石崇圭寓坦凱豐某𦒹存富户,Nom
Truong-Ngao.no.txt,役奔半於尼根數芸咹拱固𢀭𠨪碎拱撝𠀧貫錢碎󰀴及㺧碎撝胣穭拱本固芸逹𨢇餒㺧悲除買高茹吝擃昆媄它𠀧𨑮𠁂昆碎買呐𠶜奴奴吏莾碎裙頭拄袄擃腀昆𡛔歷事体碎拱悶㝵清幍及某沛嘲哺󰏕焠蒌𢭂栗達茶勸𨢇進貧居閙市無人問富在山林有遠親給米苔㐌泣鄕村朱錢𣎃苔冲邑里細茹固𡀯之𠶆姉𡎥妬郎单𠓨赭󰑺納訴𢚸崙踈舊碎併役𠫾奔嗔舅𠆳丐本碎撝冲𠀧𣎃舊𦔳𥙩𠄼貫於别敬别論之𤾓之逐無呌倘畜朱奴𥙩錢𠄼貫庒論詞編細𠀧躺時完本利尼花院移真准錦堂雷𨃴錢曳突突堯体叱明明油𢚸󰀴袄󰀴裙𩈘飭咹翰咹餅役咹㕵吶時請猛傳半奔朱别曵坤呵挭錢𠖈凖市中謨翰勿𧗱邑里𩈘油生意渚可歡唐洳先師𢈱卭爲貫𨑗舊戶為添爲逐,Nom
Truong-Ngao.no.txt,番尼共歇為英碎决𠓨𢫃袄包鳥跡胡宗𡎟仙㐌𣦆神吏戈才奔半年坤𥙩牢過𤵺畧釼𢈱此夜单㳙娄隊𦬑厭弄美女如𨒻奴𠫾拱當㡳奴於吏添煩供空苔伵他𠬠坤群欣門𤵺倍𧗱畧踈戈帳下戈戈娄浽𨃴家中媄𠀧彭買細渚群倘堯𠫾𨉟想初娄庒𦬑朱隊𠳨奴它窮𠰉朱年碎卢空卭啫踈舊悲除碎𠹾苦奴㐌𠫾賖沛釼尼攺分𢭂緣來碎仕倂𢈱併本悲除嬸倂𥙩卢錢呂吏朱碎釼尼朱閏對尼拱固䑓境易自粉落𡆫園春禁花殘量竒𠊚佗梗博弄󰇖碎敢单差幸洳𣷷渃辻𠄩埋卭陽春來寒谷低㐌固弄愛屋妬朱别字齊眉江𢬣阻吏防𡆫合𩈘𠓨尼静舍𩚵拖胣奴弄𠀧𠲶袄𩂏身群固萌碎庒陣昆彭拱在尼英衝霜包身尼例易自飭堯𣷮彈𠶡花抷牟茹埃麻倍倍妬𠵌眞𠄩親㐌𧗱滝渭𨉟群攺分檜松撩根盃趣從容索𠀧糁呂緣,Nom
Truong-Ngao.no.txt,碎拱空奉󰓟之意𠅇凌麻泊分𣳔緣㧞信𦲿赭園桃永撑𩛜弄共悶咹翰極浽󰇕空錢白注固𨑗西境時碎仍𢈱暫用𠀧𠲶蒌𦹳𩈘適󰒒將𤯩咟注堯𠫾𠓨麻咹󰂕艱難爲罷銅錢免朱呂邛易奈唐賖固臧形𧗱准天台蹺𨕭月殿佛庒及奴卭錢脱刧塵緣世爲知,Nom
Truong-Ngao.no.txt,黄金殿上玉竜朝花開般若禪心凈竹引如來眼界髙体戸張症顛狂本茹妸固弄誠敬從出雲車降下解他張氏得成身緣登覺路慈雲覆刑埃𡎥数数預边𥒥振鐄些急仕吏𧵆𩲡朱罕意沛呂𢈱本空時世袄世巾英加害碎之朱年碎奴打奴𠯽碎𠫾它賖姅昆𦝄買及𠊚主𦬑本低空為助麻併本併𢈱錢碎空詞空契,Nom
Truong-Ngao.no.txt,年悶筭呐虐茹尋釼泣尼年些𠖈訴分冲濁𧵑茹時姅逐些呂吏銅英佛尼英呐虐年月雖多息不過本𠊚達筅碎廾許眞心娄吏𤯭貝娘何如意群如碎唹茹時牢别了領山望開州屈曲那自好滕𨒣欺𠫾時瀋瀋阻吏叱毛毛皮甲𠲶蒌它細尼館了除𧗱低供悶呐𠲖称咋娘吏打䏾時当𩛜体𠳨吏添𩛂碎㐌呐貝來嗔朱化去𧗱低麻埃𠲧埃羅麻沛𧼋妾渚通事妬嗔訴浽役低如英空呂朱碎碎吏固𦖑朱,Nom
Truong-Ngao.no.txt,釼智惠弋耒業彰篤塔𡋂仁仗啉槞核德𠦳重福𧈧渚𤯭及石崇錢拱齊莊王鎧錯𩈘情娘料用油𩈘倍畧𢌬妾求縁,Nom
Truong-Ngao.no.txt,娄姅碎呂禮𡛔𨒒𠄼事俸色叱吹胱固舊戶󰈏添姑彭𢱖博罢世縱買身失泊臨役收買蹺笘俸払急圖𢶢𢶢調𨌀𨃴毛毛畧𨑗制朱别飭𢀭娄細妬卭朱别注咍辰賞泊乙固杶仃輕於𨑗役朱𡀯俸𠵌戈㗂呐,Nom
a-di-da-kinh.no.txt,𥏍經阿彌陀源由𧵑法會固世界極樂德佛阿彌陀念𡨺名號𠊚諸佛垃󰔝方諸佛拱護念法門實󰅟信佛呐經彌陀𠊚三藏羅什𠊛㭲處龜茲譯󰏲𠁀姚秦𦊚𤾓零𠄩源由𧵑法會些特𦖑如丕没課奴德佛住尼園祇樹給孤獨舍衛拱貝大比丘𠦳𠄩𤾓𠄼調羅阿羅漢眾眾別奇長老舍利弗摩訶目犍連𠊚摩訶迦葉摩訶迦旃延摩訶拘絺羅比丘離婆多周利槃陀伽難陀阿難陀羅漢羅睺羅𠊚憍梵波提頭盧頗羅墮𠊚迦留陀夷摩訶劫賓那羅漢薄俱羅𠊚阿耨樓馱仍大弟子恪諸菩薩摩訶𠁟文殊師利尊稱法王子阿逸多菩薩陀訶提菩薩常精進菩薩各大菩薩恪固無量諸天如釋提桓因拱大眾豫會賓頭盧頗羅墮乾陀訶提菩薩固世界極樂閉𣉹德佛𠸒長老舍利弗自底戈方西億𡎝佛固世界極樂德佛阿彌陀當講法𡎝妬長老舍利弗,Nom
a-di-da-kinh.no.txt,為牢噲極樂𤳄眾生尼妬空固事苦惱只享全𢝙趣𢧚噲𡎝極樂吏女舍利弗尼𡎝極樂意固𤖹包欄𤖹󰄸䋥寶𤖹桁核寶調固𦊚𦁺寶包𥼜歇終垙𢧚噲𥏍極樂吏女舍利弗尼𡎝極樂意吏固寶𠫅渃功德𡋥鐄扯垃底堛𡍞垙𦊚󰌆由鐄鉑琉璃拱玻瓈合成楼格於邊󰓱調裝飭嚴謹朋鐄鉑琉璃拱頗梨車磲赤珠吧馬瑙固花蓮𢀱𢀬朋𨋣車牟青暎𣋃青牟黄暎𣋃黄牟赭暎𣋃赭牟𤽸暎𣋃𤽸牟任󰉼󰔲長老舍利弗𡎝極樂成就功德莊嚴意吏女舍利弗尼𡎝佛彌陀常常樂𡗶鐄𣳔扯拊坦𣈜𣈘𠓻󰔝𣉳𩅹華曼陀羅󰏲𣅶𤊪𤎜眾生𡎝極樂拥𧛌𥜌插華曼陀羅玄妙󰅹拱諸佛億各方𦤾𣇞咹及𧗱咹𩚵衝經行長老舍利弗𡎝極樂成就功德莊嚴意吏女舍利弗𡎝極樂常固牟色吝倫如白鶴孔雀鸚鵡吧舍利貝迦陵頻伽拱種共命𣈜𣈘𠓻󰔝𣉳呌㗂和雅㗂演呐法如五根五力拱七菩提分八聖道分吧各法如丕眾生𡎝極樂,Nom
a-di-da-kinh.no.txt,𦖑衝㗂唿汰汰調念佛念法吧念僧長老舍利弗翁𢧚擬浪仍種呐妬由罪報生牢吏呐如丕𡎝佛彌陀兜固塘與長老舍利弗尼𡎝極樂意惡道空𦖑呐況之羅固實仍種邏妬由德佛彌陀變化底宣流各妙法意催長老舍利弗尼𡎝佛彌陀𨏄𢫝𢯦動各桁核󰄸䋥𤼵音聲微妙如𤾓𠦳樂器當和合演湊埃𦖑音聲妬調生𢚸念佛念法吧念僧長老舍利弗𡎝極樂成就功德莊嚴意𡎝極樂窒𢝙大彌陀經演音德佛阿彌陀長老舍利弗意𧵑翁世為牢德佛妬固號阿彌陀長老舍利弗號光𧵑德佛照𤎜𤈜無量𤐝透𡎝方麻空備障礙𢧚噲阿彌陀長老舍利弗德佛吧人民𤯩無量無邊細阿僧祇劫𢧚噲阿彌陀長老舍利弗德佛阿彌陀自成佛細并㐌特刦吏女舍利弗德佛阿彌陀固無量無邊各聲聞弟子調羅阿羅漢空体并點特数菩薩拱丕長老舍利弗𡎝極樂成就功德莊嚴意念𡨺名號𠊚吏女舍利弗往生𧗱極樂調阿鞞跋致𥪝妬固󰕦位特一生補處各位妬󰉩󰕦空体并點特只固体仿斷羅無量無邊阿僧祇麻催長老舍利弗眾生𦖑特仍調計󰓱底𢧚𤼵願求生𧗱𡎝佛彌陀牢吏呐如丕,Nom
a-di-da-kinh.no.txt,為仕特聚會拱各偪上善坭𡊲極樂意,Nom
a-di-da-kinh.no.txt,現相󰀬𨱽𢌊包𠆳𡎝三天呐𠳒誠實尼眾生𢧚信想拱羅𢧚稱讚功德空議𡂑𧵑全体諸佛拱𣅶護念經長老舍利弗坭世界方西固無量壽佛德無量相佛德無量幢佛大光大明佛寶相淨光佛恒河沙諸佛調於在𡎝命現相󰀬𨱽𢌊包𠆳𡎝三天呐𠳒誠實尼眾生𢧚信想拱羅𢧚稱讚功德空議𡂑𧵑全体諸佛拱𣅶護念經長老舍利弗坭世界方北固德焰肩佛固最勝音佛難沮日生佛拱貝網明佛恒河沙諸佛調於在𡎝命現相󰀬𨱽𢌊包𠆳𡎝三天呐𠳒誠實尼眾生𢧚信想拱羅𢧚稱讚功德空議𡂑𧵑全体諸佛拱𣅶護念經長老舍利弗坭世界方下固德師子佛固德名聞佛名光達摩佛法幢持法佛恒河沙諸佛調於在𡎝命,Nom
a-di-da-kinh.no.txt,現相󰀬𨱽𢌊包𠆳𡎝三天呐𠳒誠實尼眾生𢧚信想拱羅𢧚稱讚功德空議𡂑𧵑全体諸佛拱𣅶護念經長老舍利弗坭世界方上固德梵音佛固德宿王佛香上香光佛德大焰肩佛寶華嚴身佛娑羅樹王佛拱寶華德佛見一切義佛如須彌山佛恒河沙諸佛調於在𡎝命,Nom
a-di-da-kinh.no.txt,現相󰀬𨱽𢌊包𠆳𡎝三天呐𠳒誠實尼眾生𢧚信想拱羅𢧚稱讚功德空議𡂑𧵑全体諸佛拱𣅶護念經雜色寶華嚴身佛諸佛拱護念長老舍利弗意𧵑翁世為牢吏噲𥏍諸佛護念經長老舍利弗為裊固善男或固信女𦖑經吧受持𦖑名號諸佛善男信女意得諸佛護念得堛空退轉道無上菩提長老舍利弗𤳄丕𢧚各翁沛信󰅌𠳒些吧𠳒諸佛長老舍利弗裊𠊛㐌𤼵願當或仕𤼵願生𧗱𡎝極樂𧵑德佛彌陀時仍𠊛尼底或者㐌生𧗱或者現生𧗱或者仕生𧗱得堛空退轉道無上菩提朱𢧚舍利弗各善男信女𢧚𤼵願生𧗱𡎝彌陀極樂法門實󰅟信長老舍利弗𣋚些議𠸦功德𧵑諸佛諸佛供議𠸦功德空議𡂑釋迦牟尼佛特役󰉩󰈶吧實羅𠃣固坭娑婆惡世五濁劫見濁煩惱眾生濁吧生命濁麻𠊚證得󰃑無上正等覺𠊚為諸眾生呐朱全世間没法門󰅟信長老舍利弗沛別坭惡世些役󰈶尼得無上正覺為全体世間呐法門󰅟信妬羅調󰉩󰈶德佛呐經衝長老舍利弗拱各位比丘吧全体世間𡗶𠊛阿修羅𦖑特𠳒佛,Nom
a-di-da-kinh.no.txt,調𢝙𢜠信󰅌頂禮衝𨙝歇經阿彌陀,Nom
ba-huyen-thanh-quan.no.txt,𠊛些時庄特兜唹時翁貢󰥎𬌥時󰥎付朱昆妸氏桃,Nom
ba-huyen-thanh-quan.no.txt,泠丁湎渃㯲待埃,Nom
ba-huyen-thanh-quan.no.txt,朱衛劎𡮇矯埋女𫅷造化磋之局𢧐場,Nom
ba-huyen-thanh-quan.no.txt,𠰃𫢩㐌𣦆氽星霜,Nom
ba-huyen-thanh-quan.no.txt,𡓃𠸗車馬魂秋草𡋂𡳵楼䑓䏾夕陽,Nom
ba-huyen-thanh-quan.no.txt,景帝𠊛低𨻫断膓升竜𢙇古,Nom
ba-huyen-thanh-quan.no.txt,胡春香高𡴯層𩄲没榾旗京城𣈗畧省悲除,Nom
ba-huyen-thanh-quan.no.txt,﨤埃故老󰔏低𠳨准𫇰繁花㐌沛渚,Nom
bach-van-am-thi-tap.no.txt,吝矧𣈗戈𣎃戈畨春細畨愛憂𤊨𤊨𦝄印渃名利淩淩󰑸𠺙󰒥案咳羣案渃𡽫伴貝渃𡽫󰕒𢀭整篆庫来台運轉流通𧯶𧵑埃淎怒欺吉耒󰄪固課𣹕丸坤頑買别升時降曳突咍小固大㐌屈包饒時吏撮道𡗶弄弄兮差𢀭󰑯𩛷󰅟𠄩󰃱安分時欣󰄘每調󰐩㕵茶梅唏𠮾𠮾焠掑軒月𩙌囂囂江山幅羅幀,Nom
bach-van-am-thi-tap.no.txt,於世󰕩𠊛曵吕󰃂氽凡坤𣦍仍仍每事它外歇𣈗仙𣈗𣎃它戈𣈗㐌耒咍安所分買󰎚𣡝䏾󰒥戾動庵諸佛𣒣竹󰃲𤇮買𤐝㑹𥁠功名󰕩妥志趣󰖆山野氽咍味𠊛渚才麻󰃆固鋭󰇻󰕭吏固頺𣦆危㐌氽畨身福吏特𧗱󰖆念初忠愛誓負景田園趣㐌㳙󰓰圖書󰄞󰏦船風月翥󰐗扦𡗶共别尼福祸庄容丐𩯀特輸𧡊㐌󰕩畨底󰂐功名𢬭𥙩󰖆庵白雲耒興埮紅永𣈜迡合客店永咍𢚸月意畑渚渚蜍扵認買别𧹻时𧹻󰉎时顛学时添吏不才麻𨻫負志昆君親誓歇𢚸蜍出䖏求諸道特𠄩󰃪福捹𢲣󰁽碍扔儒午矯沛扦掑安隊分油自在吱拱黙埃盆丙𧡊𥁠刀兵安分时扵命哿𨻫㳙碎主󰅒誓初女負渃𡽫撑耒时忍仙無事吟󰂒朱󰎚景有情𠄩滿盈尼可噤氽𠊛論特𡨸身名歳它外𨑮󰖊平䏾馭戈梅泊冷㳙󰕩𣎃雪󰊊𣸸𢬭氽畨𢀭固分恩主特𠊛吒庵舘𣈜耒每󰒴油些自在黙油些㐌𥁠功名自在歐累典命特趣圭油󰇻那𢪀世事丙都爭林湖船浽󰒥梅泊隘琴控月青埃𠳨之𢝙女䜹浪事鉢凭山󰏾世事外𦖻丙吶䏻女𨻫台信󰑸潭清𣼽𦝄󰖊埃塢椿檜𠊛腰竹木𠅇裊固功名时固累朱咍油固極朋空𦓿󰒲月挭煙霞𧵑沛𧵑些𣈘𥁠𦝄䏾竹𣈗除󰑸𠺙信𧡊機盈滿朱咍渚沛道中常𦟐固戈酉𥙩聖経󰄝誓烝出䖏道蜍吒裊鋭󰇻󰕭吏固頺𥈺機造化㐌強𤐝為名朱沛名累特道时咍道固味𥁠功名礼乃尼名教𧡊𠸦𣡝𠄼湖固客青船󰃃除月店清戯䏾梅歳󰖊買𨑮𠄩每𧵑仍仍𧡊㐌外安分些特趣固用𠊛重才𪀄呌󰒥洞时春闷月泊店清興客㤙主㐌渚报答𢚸更更𢖮坤柰鐄梅顛𨱽用它黙𧵑自然𤐝𠅇竹䔲𩝎台𦧘拉󰃳冷矯伴固󰀆油特趣車馭空𣈜𣈜󰃴洒無事雖渚󰀳仙意乙仙係禄朝官㐌固垠之󰉶特辱班囷隘秦𡽫蜀塘嶢󰍪孔廊顔道庫巾𡳵舖耒吏讀𩚵鐄𠄩𩛷𩛜时咹功名𡗶坦㤙𢌌,Nom
bach-van-am-thi-tap.no.txt,𩂏𨔾調和矯詔󰅰󰖊疎曵性󰃄󰃅沛羣󰎚説事𠁀嶢險羅欺為渃庫巾油命於𡗶永退塘利坤𠫾杜𢌌狹𢚸仁黙𢪀宜汜下留侯辤漢祿𧣳城蓐隐赤松制為名朱沛累隊畨分󰅟巾𢖮㐌㳙𥘋槾𠊛腰󰕩客重庵󰒥埃塢典翁春撑坤吏𢚸強感塘紫它戈󰈀愚曵陳陳性黙油埃拱乙顛𢖮曾負󰉂朝官吏特𧗱闲養󰑔󰐀渃雪𤋾茶𠁑𤇮󰇃󰒥㸃󰓱案娘窻𣈜惜味香律浽󰀈𣈘謳䏾桂散典准𣡝准意油些自在固埃嘆𠁀主特福情期㤙󰄞渚曾報𩯀󰉽六老󰄪埃特趣四朋怒客󰐖䜹𠸟清𣱵它耒𣦆󰊴買别機󰇑𠊛坤别特顛泊渚蜍盧機腰𠢑𢬭吝調腰󰇻󰕭时𠢑闭󰕭,Nom
bach-van-am-thi-tap.no.txt,󰉶沛𥁠功名累悶朱昆造化撩圍洛社𠄼客另准南陽於󰄃𠊛时些免固之都旦𠢑都爭王蝒因為𣱵橽𧋆意腥󰕩客春撑塲富貴氽𠊛頭泊會𦒿󰒭㐌外每群約約碎䝨主聖明庫巾買别𠊛君子󰄡󰍪時咍節󰔋夫每亊羣黙󰂢買咍料䏾沛𢗼渃𡽫沛𧵑埃󰕩公私拱黙油𧁷𫽄󰇾揚空累特暴幅秩謳󰒭䧺𠊛𥙩才重隠逸些咍趣固牟𡄎意埃扶漢鑊桐江𢷀󰌱勾𩯀㐌䜹㐌󰕒㐌付黙妯昆盘碁局圍󰒥竹抪𢶒芹勾准渃𡽫閒特趣台包那𩛷󰕩㙁𣷭渚󰃲唁𨑮時計春它闷春意戈时春恪羣𥙩埃禁黙埃用係𧵑自然意𧵑終𡽫渃固味𢚸客渚竹梅伴興䜹濃准田園油󰄟且道圣䝨初𨻫祝蒙双曰渚浪㐌虎典时拱固春風䐗易埃釋迦每念人我忍时戈𢚸無事󰊂印渃𧵑倘来󰑸𠺙󰒥耆客春撑欺氽𠊛頭泊歲清意𢖮仙客特趣些它固趣些𧡊尼盈滿戾朱咍特機牟買别咍景固渃𡽫特趣興為䜹渚戈𣈗共俳鷗鷺曾㳙𩈘𥁠功名吏扱𨑮𢚸吝特𠊛渚固事珠眉𦹵󰒥春典拱󰄠歆秋闷埃咍竹固󰉼𩝎女負羮󰂣冷㐌涓塢笘𧵑些底𠄩舖㤙主庒󰎹𩛷𩚵固課󰓁楼𡎥待月命㕵吏命堪極󰎚底𢖮󰎚用吝矧𣈗戈𨻫辱功君子買咍尼出䖏󰔋夫供固志英䧺人才重𠁀天下私意𧵑終景援𡽫渃准羅准春風性䜹曵唉群刁裊特時矯固󰄡𣷷月船掑𠄩𣖙庵󰒲芹標󰀆𣋚卓邉󰄪𣷷𤒘𣈜謨買怒岧客旦𠳨䨇曰女浪固繓䜹撩𠰘世黙吱󰑔㐌󰖊时每事󰉂󰄞可捐㤙主󰄞𢵯𢧚仍戾課功𢧚作朝官咍𢚸伴士圭初合㳙荣辱機𢘆拉𢬭乙羅曾𧡊𠄩畨係𧵑自然固𠃝󰕩庫造化拱支調香󰐗󰒯客󰒥欺用興汜園春󰖀課呌案拱拈󰓰窻䜹宜𢪀昆𡽫撑渃碧初羅限𡄎𢪀隊欺渚闭󰕭式𧻭𢬣渚客𠶀𠳨事拋嵩𤇮𤐚㐌𤉚𥭶竹埌𦹯𦓿催捤紇永馭車空橘𩚵𩛂󰀆矯𩝎𠽅山僧𠰉客吹𠊛闭初月㐌𢶢鍾罵吱𠊛𥐆󰃆些油釼油欣埃黙埃味怒固裴空固𠮾式󰄪迡𧺀吏迡派油咍分買安隊分唒固才欣渚才君子吟咍尼出𢖮羅坤𣍊奇和𠄩仍仍每事阁边外油特油輸埃黙埃味世间󰕩漫溂塘名利固蔠荄氽𠊛富貴台安分係几英䧺仍󰃆才油𧡊後生时易𢜝𧤁󰄪極木木欣𦖻是非極黙吱𠸦愚曵陳陳性㐌㳙景田園尋准客山野養身󰕒椿塘竹𢚸恒勉槾桃󰈀碍世事循環台拉𢬭曾輸特𠄩畨春葉𩙌迻琴味細咍課䏾淹𡗶󰊊印䏾兎頭𡽫泊㐌𢴑𣘃󰖀有情羅景它共限無事羅仙路沛尋伴耆英春合𢚸𢜠沛沛珥平惏固时固𧵑𠊛朱𡘮本之𠱋和旦都堈𦧘漫裴𧋆典杜鉢󰖑󰐁䔲蜆兜𨁏𠊛󰕩侯下君子些村真拱󰔋夫恄世间情浪淡泊埃曽渃掛糊󰅟时黙󰅟固柰󰇻強󰅟󰇻強志󰒭󰋧大地南岳跬,Nom
bach-van-am-thi-tap.no.txt,九霄審晨髙𥙩欺󰄭廕蒲欺冷渚課枯𠸦固課𩆋󰄪裊蘇秦春課渚㧅相印固埃嘲路羅城市路林泉特趣时欣勉分俸不才󰍽伴無事意仙圖書󰓰󰕒𧵑風月𠄼湖客浽船油忍吱𠸦油𠰘世机牟造化黙自然𢀭𠊛合󰅟𠊛散𠺙意恒例事世间本性㳙皮淡泊固身時渚千萬固𧵑󰕒消干渃𠊛矣浪些󰈶体官㗂󰇻黙埃吱免黙埃󰈏倘莽制免安認景物恪凡間拂披󰑸𢯦芹竹咱説湄𢯰蘭𨢇祝金盃味買醒香燒石󰅤渚󰐀句清󰖆讀戈𣈜𣎃㥘󰋏朱俗客嘆𡄎𢪀山林免市朝兜庒坦唐𠊛󰉶富貴𠊛恒重些特清些舍腰双曰矣𠄩橘室家歇根免羅󰃇洒戈𣈗𣎃󰉂固󰇻󰕭咹闭󰕭𠊛觸𠢑都唏恪人生於󰆄制梭日月迻探󰃈𥁠繁花呵𤁕渄𠊛辰特性自然曵突認固分安󰔂智󰔂才油奴午吱愚吱曵免些䝨腰當𦖻群坤窖𠰘渚傳油𧡊埃嘆时勒古𡨸浪無亊小神仙渃吹渃虐浽隊潮船客制秋挌沛招𥯍托䏧揚課興船固𩙌黙干漂丕丕頭泊翁鈎󰀆了了𣳔撑猫鷗䳱共些如固意典兜时共𧵑𠫾󰏐笘自然󰄃根撅空汰汰𣻃紅塵𠦳行柑橘𡥵隊氽𥒥漁樵蔀伴親𧡊月𡃋时計𣎃認買咍春治󰖆咹㕵安隊分世事咍𧪣晉秦係几官㐌固縁細蹆黙𧵑分自然身初香羣約志功名㐌菲願麻𢀨意謳福麻時論意仙朱𧗱朱於油㤙主碍󰕷󰓈𢷆𥁠時𠄩坎坦蜂伵些共矯謾蒙時固求𠊛易名雖浪󰅟免安𢚸秋掩竹紅雲撫春淨塘󰒥紫錦丰侯𧵑之設客揰𦷰𦷰買銅銅淎窖埃固󰉜󰅟巾沛累典妻兒特時親戚真典失鄉闾請𩈘𠫾橽固醒󰐌𧋆杜典堈空󰃉𦟐蜆𥙳之世仍重𠊛󰕭𧵑浪典𢬣空埃几為,Nom
bach-van-am-thi-tap.no.txt,𡗶本𢚸私拙埃羅隊󰓱頭篭洞雲烟隔𤋵𢚸丹日月偷𪀄𧡊𡽫髙𪀄典杜撅咍秋典撅強收外𠄼𨑮歳身自在乙㐌論明渃󰍴易之󰅟闭羅舍命些身油㐌咍修福剃髮朱沛出家油闷益𡥵添益𡥙渚㳙蜍主勉蜍吒之了到和朱辱求釋迦底󰕒󰊊泊󰕒本固分冷台𩚵𩛷特𩛂咹冷課冬恒洳𤇮燶務夏矯㙮󰅰㤙𡗶羣固闭󰕭女𩂏𨔾停几󰅟巾烝祸福𢖮𠊛咍衰盛恒例拉󰑶台韓信功时哿塞翁失馬可珠眉蜆托堈裴𠮾𧋆戈為鉢䔲荄本𡗶分㐌固性真时咍󰈀𦑃咍𠖤𢀭𢀨𠊛典󰃻招貧賎埃几重腰𧵑廊󰕒貴價𠊛離圭福𥙩標餒昆買别𢚸吒媄裊乱时傷𠁀舜及語欺油数命之都旦損功料几󰅟洳㤙固几𢀭之都旦𡘮𢚸󰕭𠊛欣些舌时油丕帝𣦛低縋坦怒渚牢謳㐌旦坤時説吏𠰷𨍦世间係事共油𧡊埃嘆矣勒頭𠊛咍和咍𠄩渚󰃆浪欣渚󰃆才󰒃節朱𥑃朋𨫊𥒥𠫾塘吟别准蔠荄扵世哿腰羅𧵑哿堆埃易󰍽之埃𠰘𠊛似宻味強𠮾道聖朋󰉽䋦矣油智油愚生沛时意羅哿福等男兒𩛂𢚸𦛋𠁀舜󰆁博𦣰霜課晋隋客於󰄲桃髙氽󰔋𠊛刁態恪劄強皮氽几英䧺語㐌頑󰇻饒塘󰍪衝乾亭咍󰊊覩朱𠊛木易别銭󰅏卓󰒻干宻𠮾𧋆𠓨𧋆𣿇󰂫媒󰉼󰀆典󰀆樊漢家三傑意埃咍埃窖免固身𢀭路約倍之吱劄倍髙𠊚君子怒腰名節󰖀鳯凰󰄪惜羽毛吟𡃛𠄼鋪󰍾史習情󰑯卷畧𧏵𤍌停飭徐春煖𧿆踤畨之螠𧡊𥙩欺酉劄欺寒運轉它𩛂事世間裊小人君子𩛜係空君子小人乱𠊛侯下清貴些村真倚賤𡨺道孝忠羅𧵑哿免𣈜𣎃分些安𧵆時󰒼墨時顛𤍎别𢘾㤙課䏾畑咹㕵免跷尼法則細𨆢朱别󰍾𢧚黙世𠊛󰂬呂油埃𠑉泊顛於世固坤时固󰅟浪無事小神仙󰕦畨説𨻫云云湏念防几不仁撻固醒蚤𧋆𥈺𠰘堈空󰃉𦟐蜆󰍌身䝨裊割时𤴬真踏洳女感真可𠊚信时免忌親时本鄉鄰𡨹𠰘朱咍丙吶䏻辰𢚸𣋚󰏃矣康康掙坤乙固皮𢠯𠺥曵之吶説升𦖻𧡊𠳒欣舌𩈘平𥦗軒午𡎥自在𣈗戈料几平笘自然丐𦼔戈𣈗𣎃路󰕩,Nom
bach-van-am-thi-tap.no.txt,󰑸捲󰑪台箒撅󰊂掑矯畑撩𩚵咹󰕖共㙁黙泥之錦絩𢭸核𡎢烘𠖾條些唉條銭財羅数𧵑流通扱㨥之朱𠢑𢚸𧵑石崇𧵑意名巢父𧯶名空義㳙可渚𢚸揚氏湼泊恒󰏒胣沛公𠰘底名󰔪羅亊益羣时事意如空𧵑終本𧵑𡗶坦機牟買别浪實泊󰊊羅𧵑渚消用城市本印󰁽伶逹𠄼帝䝨󰂮績美髙󰑯王昆䋦謀𠍵日󰁽咍事𧵑調終旗典𢬣埃埃買拂𥁠功名舍扱𢬣󰕩畨㐌㗂灾梅泊為󰊂䏾竹䜹𩙌憂爱㳙念是绯𠰳吶亊㐌曾𣦆山河󰄘塘世󰕩尼險旭咍世间変改淎𢧚洡漫𤁕洙輦𠮾裴羣泊羣銭羣弟子歇𩚵歇歇翁碎初調重𠊛󰃬实埃乃扵几待盃扵世買台𠊛泊悪𢀭时尋旦󰅟尋𨙝扵世󰁽爭󰔋夫之朱固亊堆孤低󰃆低坤忍帝浪帝沛帝空輸怒罵羣都旦𧉻𧐖󰄪侯易󰍽之󰒵浪人以和為貴亊时欣矯沛埋抅疎矧油埃趣些曵些尋尼𣱵尾𠊛坤𠊛典准唠哰秋咹𠅇竹冬咹稼春沁湖蓮夏沁旦檜核些仕㕵𥚆富貴似占󰇻𠁀尼仁似鐄𨑮固𧵑时欣󰄘每𠳒典𢬣空説𠳨𨍦󰖓挭󰄞吏𣡝唭英英注注𢜏虚海茶茶設左哉𠊛𧵑斤些此弋買台浪𧵑󰄞欣𠊛󰄪窖捻羣坤𠰘怒咍唭固六呼固課特时𢬭𤝞典欺失蜆他𤙭楔󰄪珠過𨍦𢧚擁󰒶怒󰉼佳買固香咹𠃣𠋣欣𠋣舌坤时𠊛𢘽曵时傷保󰇻󰕭𠊛於世坤󰁽渚央央𢄂合时𠊛典揚腰麝為固味香扵𠮾时欣𠊛重過珠𦋦擁固埃恾於固德欣扵腰饒㐌道常羣󰜋𬌓𢚸付准𦝄和羅青𠃣𤍇燶渚𠃩味金石𠳚吸衝幅剡滕别固梅盈󰃼嶺咍竹渄江陵渚之易攺金易女底朱埃亊不平𠊛𠀧𨅸𧵑𠀧𩔗坤别朝󰒥浽瀋派󰒯玊羣除𠊛貴價鍐矣待客髙才𡗶女底𢬣凡捽鈽月之朱𠀲毒䤵㤙烈𤐝瀋瀋鐄𨑮等價路撩埃𡗶生𡗶𢖮㐌停分湏矣朱䝨胣固仁󰅟渚怨身身買弭𢀭腰󰒜󰒜強𧵆暴兇㐱㐌𥓄𥒥福德停咍𦹵淡春渚固害人麻益己󰂰𠊛坤󰂰特灵神窖󰍽双󰌑吏哿消朱𢧚𧵑𢖮时󰕩󰕩為咍客待𧵑𠃣因令丙㩫抬本性㳙曽冉日𢪀命㐌𣦆亊嗔超𦊚務調享天然󰉂󰄟且𡎥制𡎝舜堯吶󰎚羕吏吶浪时𢀨重𢀭腰󰅟為蘃結󰒥󰉼螉典杜𦟐裴蜜𠮾蜆𠫾青𧵑固青闭到空到之黙󰂱黙埋欺及之丙󰂲麻之納命戯准󰂳嗃亊边𦖻𩙌𠺙嗃,Nom
ca-tru-the-cach-AB-431-manual.no.txt,買能聲氣自然其伏也英雄無盡𩈘公侯群吝䏾塵埃有生一世之才有了人間之事箕牧也朱旗大舉固沛浪翁呂能空男兒𦤾贳買英雄干得雨蛟龍羅匪志埃別几𡓮勾滝渭水拱固𣈜𦓡魚水龍雲英雄致主澤民人生天地間忽如旅行客固包饒𠀧萬𦒹𠦳𣈜𡢻風塵啐㐌咹撝沛者𤽸買羅𢬣志氣㐌啐㕵醝味世味沛尋方醒𧆄繁花劫浮生瀋脫俸𢧚𫅷辰雪月風花朱匪志𠳨仍客桑蓬壺矢准林泉城市買知音𤾓𢆥𨻫仍唭忱將相本無系南兒當自彊爫𤳇埃空志𦊚方,Nom
ca-tru-the-cach-AB-431-manual.no.txt,𦝄𦝄泊𩙌𩙌鐄𠽖𢚸客他郷欺遣興𡃹𨢇黃花干執爌勾詩白雪𣅶吟哦伴穷𠊚雪月風花𥙩詩酒琴棋爫適志固流落買𣦆味世味,Nom
ca-tru-the-cach-AB-431-manual.no.txt,准繁花強𡗋仉春情醒𦋦耒買秩𨉓日長似歲閒方試事大如天醉亦休𡎝塵間窒墨風流趣𢝙趣從心所欲欺彈七弦欺歌四曲欺茶金菊欺𨢇白蓮局榮枯前定自天准塵俗芾埃仙格塘士宦拱羅𥪝清白拯戈羅絏攊𪧚例𩙌外默㗂𠸦吱車馬喧朝無隱几圖書樂夜有含杯准琴堂𣈜𣎃清台摱詩酒捤摓朱風月客氽𠎬文人豪傑趣𢝙穷雪月風花𡢻風塵併算俸𢧚𫅷恩雨露仍懞𢘾彈𪨅幾秋恩愛君臣義十載書燈父子情榜鐄標𠄩𡦂中貞釰正氣㦖烹繩佞舌板蕩誠臣𠉞買別𤯩包饒𦓡名節朱當埃喂𢶢凭綱常紅日三竿眠未起算來名利不如閒𡎝𤾓𢆥𡴯仰塵間人生拯之欣適志𡃹𨢇黃花勾詩杜李𪮀彈流水渃碁仙遊風流前定自然油𠰘世吱𠸦之妬拱天生我才必有用千金散盡還復來准南窓干醒聀黄梅𠦳鐄𢬭陳唭之可𢪀箕仍仉緘名鎖利窖功兜聀吏事𠁀之𡦂浪安分知机琴一張碁一局詩一曲酒一壺閒觀三島五湖,Nom
ca-tru-the-cach-AB-431-manual.no.txt,干得喪荣枯還自爾君不見黃河之水奔流到海不復回人生行樂幾時何事抱幽怀耿耿須信穷通原自命此哲人一咱諸天仙乎樂我所然趙子龍一身都是膽陳當陽身被七重圍且行且戰馬如飛抱阿斗手持三尺劍四面曹兵誰為漢陳前何處是吾君𠓀夏侯惇𡢐夏侯恩沒𨉓衝𥏋突砲別包吝𦉱𨑮𠀧陳英雄拯𥿁曹唒孟𠄼𨑮𦊛將龍令𧗱沒𪖫青虹旗常山題趙子龍一人敵萬軍中將才才𤳇㐌當𢧚𤳇一點客星臨帝座嚴光光武之故人武𨖲𡾵光買隱身沔齊澤𤗖羊裘吼𩙌車三返仍志想慕吏強𫼳利祿𢀭𢀨准釣臺百尺絲竿恨㳥泊且不勤名教喂仍几匡扶再造𥚯氽埃扶植綱常山蒼蒼兮水泱泱先生之風山高水長釣臺萬古留芳人生天地一逆旅催功兜𦓡逴事塵間如占包如𩙌𠺙如𩄲散唒得喪悲歡停固妬𠀧鍾風月瓢今古氽曲山河繓𩙌𦝄局𢟓𢝙𢝙𢟓扲朋埃𡎝世側浪空買固箕王愷石崇𣇫怒唒旦𠉞則𥚇拱羅虛爫之𪧚買虛虛自古奇人多奇遇得風流無處不風流𣅶逍遙肥馬氽經裘干遣興陽春穷白雪江湖𣦆氽秋𥊚䁾㐌曾味𠶁氽味能欺𢧚耒造化𦋦𢬣𨃴名利徐𠉞空𨻫縱天地生吾終有用局桑蓬算𤽸𡢻男兒催辰今是昨非册固𡦂一辰彼此𡢻人世撝撝者者特包饒名利𨕭𠁀𤾓𢆥埃拱如埃江山不少才花客每沒𠊚沒格風花𨢇劉伶詩李白棊帝釋彈伯牙𨇜四趣氽羅𠊚才子𨔈辰𨔈拯𨔈辰𠤆,Nom
ca-tru-the-cach-AB-431-manual.no.txt,㐌𨔈朱壢坦迎𡗶㗂是非擱底外腮𨕭𡎝世氽𠊚羅知己辰人不解青天意空使身心半夜煩客才情﨤𣅶青年味世味特包饒羅利帝第一風流羅世丕唉埃喂𨔈𥙩矯怀𡨸浪春不再來江山不少才花客天地多情福厚人為狀元為宰將為孝子為中臣意乙罕爫𦎛千萬古箕馬周三十逢塘帝呂太公八十遇文王繓畧韜挭𡨸綱常恩辰者𢗼之塘早晚塘群𢌌青青坦坦攝筆硯𦓡𢭸案氽𠀧生欺𠓨幔欺𦋦帳欺𡬈馭欺𨖲城三百年海宴河清𢜠﨤會太平天下意氽寔黃天無負我㐌英雄用舍固𢗼之𡨸浪早晚一辰風花雪月千金子水竹雲山萬戶侯墨英豪窒品風流吟今古埃朋翁卲子𥪝斗室磋運天地𨢇渚春𣋽墨嗘哬外月軒唭𠹳烟霞𥙩𩙌柳𦝄梧爫伴侶長生洞達乾坤子安樂窩中富貴人清台收𣍊没瓢春𨕭𡎝世風塵調拯累搊塵世㐌氽𠊚特世𦉱𨑮秋𥪝局庖羲王尊何在范蠡何為塘荣顕辰𡗶㐌定𨀈湯𩄲几𠓀𠊚𡢐局功名埃拯㦖朱𣭻䀡花𦹵買別勾早晚春日梅花先占榜冬寒松柏後舖青於辰尼悶拱停,Nom
ca-tru-the-cach-AB-431-manual.no.txt,欺大用氽縱橫穷放縱𩵜禹門徐番越𣷭﨤欺𩅹買化𦋦𧏵男兒到此是雄自古佳人難再得丿𢆧台边色边才𡨸同心埃𠤆悁埃緣金改𤊰味金改玉群𡨺價朱𠊚待𦝄㦖爫高底客𥉫義𤾓𢆥鑿沒帶同𠳒鐄𥒥沛𥱬𢚸鐄𥒥客房鵉氽𠊚金馬義關怀之可喠賒吹催催停㗂𥐆𨱽𥪝歌管風情埃妬佐𠳨浪情埃𨯹捽朱𢧚絆為情能絆為緣情緣𪽝為埃攔𢬢天理生人情便了情長情蕩又情鍾䋦絲情問𥿀別包衝底朱客多情添式𢹇筆花草情書一幅𤗖𦎛情底客𥋸終𡢻情別者包衝世有玉璽書案地天無水旱聖人田沛𦋦𢬣亙飾𢴿船會魚水良緣羅分事狀元不是人間子宰將原非天上兒𠸦𦓡之吱女𦓡之怒包管世間知與不尼榜鐄題名甲乙朱塵埃埃別庒埃買能否極泰来高山一片月㐌𨔈𦝄𢧚沛別情𦝄山之高對月之恆山固月強生景色月掛寒山詩半幅詩題明月酒千樽𦝄空𫅷𡶀沕群𡽫𡶀拯鈌沕𧷺氽𡶀𨢇沒瓢詩吟沒襊𢷀𩙌𦝄𦝄𩙌𦓡𨔈𡶀箕底鑿閍𠁀人生𥪸於𥪝𡗶坦埃羅空志奇𦊚方𠎬爫𤳇挭𡨸綱常𨤔眉目𦎛恾𨕭𡎝世利名自笑身為累事業由來各分殊志英雄之底丐身污𥪝宇宙丈夫羅世𧘇身雖丕分𪱊停丕涅風流否泰拱風流心中何怨何尤才子佳人希際遇吟奇逢千古氽欺䋦絲情月老窖羅𡃊緣仍約沒𠄩車𥿗𧺀欺准嶙庒欺尼紫禁欺詩𦑗約欺𦲿仙題喂𡗶生資色爫之,Nom
ca-tru-the-cach-AB-431-manual.no.txt,花𦹳𧊉拱沒𠄩㧅𢫊𡅳埃氽焒香停固倍沒𠄩𢆥如𢫊丐春𠫾遭逢芾固氽欺要為天下奇男子須歷人間萬里程啐多恾堆𡨸才情催辰拱昂𨉓朱放縱天生我才必有用千金散盡還復來志英雄之詫𢪀塵埃催停𢪀沒𠄩𢆥𠓀𢘾𡗶坦番尼罕特𨀈功名几𠓀𠊚𡢐青雲埃劍埃兜紅紅雪雪買𣈜芾𣜾別丐之之𨑮𠄻𢆥瀋脫固𥹰之𥋓𩈘吏細期絲柳昔我同遊君尚少今君已嫁我成翁𠽋唭台堆𡨸相逢𦓡𨔍𨔍悁悁𢚸愛𪿒𡗶坦刊𠫾𦓡𢩿吏緣相逢群買買𧗱𡢐𤽸𪘵旦𣇫泊頭悴䏾𠰚蛟龍干未雨沒𠄩算散步制排噤𡢻难放度氽𨑮𧁷默𧁷併耒拱瀝𡗶群撑𡶀群碧𣷭群𢌌滝群𨱽運英雄群會泰来群荣顕氽江山群買買㐌𢸞吏乾坤𠓨沒繓丿𫼳書劍𡎝𤾓𢆥沛𠃣𡗊沒𡮍㗂沁底宇宙合共人世嗟乎丈夫當如是係爫𤳇固志辰𢧚尼尼人定勝天沒𤗖才情撩萬古𦎛愛恩路路𥋸終解同心蹺𡨸相逢𨑻才色撻𠓨𥪝䋦𥿗君是文章科榜士妾為閨閣藻蘋人緣仍𢆧𥿗晋絲秦筆花草題詩怨恨曲司馬鳳求叶韻摱埃𧗱𠴍啂伴知音㐌願堆𡨸同心,Nom
ca-tru-the-cach-AB-456-manual.no.txt,𣷷潯陽景𧘇別包情隻船𨻫𠫾𧗱𥪝䏾月𠊚遠客別庄拯別曲彈尼別吘穷埃江頭幸有客來搊才情翠翹第一節清明掃墓黃泉𣇜斜陽咏𡏢淡仙𢫝𨀒驥﨤払金重𠄼更想聀槐神夢𢼂姑群𡗋𣅶風花𠶗醒迷𢪀𬢱𧵆賒𠄼更仍塢𠲖朝柳要斷腸夢裡根緣了薄命琴終怨恨長朵春花𣃣﨤局桑滄㧅𦟐粉底𢧚𨉓流洛緣𢼂𧘇𨑮𠄻𠄼隻莫分紅顔𡗋𣅶艱屯錢塘埃窖造因魚水龍雲千載會江胡風月一船清趣田園搊𠇍盎功名欺𨆢細𥙩𡦂情爫重盤石絲竿周呂望東籬徑菊晉陶潛𦎛古人𥋸𠓀𩈘群印分穷達𧯶浪埃吹遣𣅶未遇別𥙩之爫貴賤挭爵𡗶鍾鼎漢家中興收攝干戈𥪝歌管人情埃妬佐𠳨浪情埃𨯹捽朱𢧚𥗾爲情𫨩絆爲緣情緣𧘇𪽝爲兜𢵧𢬢天既生人情便了情長情短有誰憐𦁀絲情󱫀繘閉饒𫷜坤女底客才情添忒𢹇摱𥙩筆𡳒幀情沒幅𤗖𦎛情停閍刼𥋸終𡢻情決者朱衝中秋雲靜出滄海半夜露寒當碧天𨤔清𥋸別𠇍𨤮𠦳兜󰑼拯䀡暈𢭗𩃳今夜月明人盡望不知秋思在誰家産江山故國默鄰羅吀𠤆底𦝄清唭客俗,Nom
ca-tru-the-cach-AB-456-manual.no.txt,酒一壼琴一張歌一曲興南樓󰅹埃𧯶輸埃別𦝄仕𠳨𦝄𨔈梧桐一葉落天下共知秋十分明鏡滿江樓鴈聲斷衡陽之浦飛鶴滿江橫白露牧牛一笠舞秋風姑蘇城外寒鐘半天落江楓漁火客遊赤壁之下一蘭帆泛泛江干少焉月出東山朝廷有道青春好興清閒好會𠄼𠀧好詩好酒好琴歌聲色意想姻緣更好𠊚淑女㐌𢧚窈窕曲關雌君子好求几文房﨤客紅樓緣好合北梂烏鵲好借良媒締夙約好將心事更相知恰逢好節佳期天之下莫非王土土之津莫非王臣𡦂功名󰑼價縉紳塘遊宦賒𧵆羅客奇私情公義歸詩𪽗故國他鄕對酒棋唒東西南北𦓡之𥪝宇宙本男兒分事,Nom
ca-tru-the-cach-AB-456-manual.no.txt,責人世𧯶空區處𥙩𡦂閒𡅧𠰚買塵心欺彈五玄琴欺歌四時曲欺茶金菊欺𨢇白蓮閣風流󰑼趣自然准客地沕悁𡋂𬗂意啐㐌𡢻風流富貴辰桑蓬朱匪志𠇍甘一途可北可南一片才情相遇處百般情在一言中閉𥹰𫢩間𢬢𡦂情鍾𫳵拯決買情朱論院情緒悠悠愁遂斷情長縷縷刻如年妬埃攑特䋦情緣情不盡底緣添不悉𠶗𢖵𡨸心情提密沛󰇮情𣘈鉄者饒𠫾閍𢆥義鑿情𥱬不悉𨤻英雄欺未遇𨀈塵埃蹥𨇒擬𦓡傷𥗾堆𦠘沒挭綱常𠄩𡦂經權隨所遇君子欺穷㧅𡦂故丈夫群𡗋𣅶𧗱𡢐默𢚸埃浪馭浪𬌥干𩙌培𠺙𠳒非㗂是拯染朱深味世味爫𫳵朱𤽸𡢻桑蓬再眜撑爲𡃹𨢇濃幔錦紫拱終𠊛富貴固知己買𫨩知己寔英雄買別英雄𡦂浪所見畧同人生當世隻梭迻𠀧萬𦒹𠦳𣈜𡢻風流几者𠊚撝塘𠦳𨤮𧡊花𦹳埃拱抇擬世事𡗉調添不悉𢵧𢬢𠓨姿色爫之刼紅顔𡊰過姅辰𦓡造化恄慳之買買讀𦤾𡨸青春不再㦖北湯𨖲𠳨𠃩吝𩄲浪緣浪𡢻之低𡢻渚者緣箕𫳵㐌纀番尼決誓𡽫買渃此䀡𡥵造撻𨉓兜󰅹𠊚君子好求自古奇人多奇遇𠊚風流𦓡﨤趣風流𣅶逍遥肥馬買輕裘干得意陽春穷白雪江湖𣦆𠇍秋𥊚𤻻㐌咹佳味擬買味䏾𢘾造化𫥨𢬣𨃴名利徐低空𨻫縱天地於吾終有意局桑蓬裝樣𡢻男兒催辰催今昨是非册固𡦂一辰彼此𡢻人世撝撝者者特包饒羅蠡於𨕭𠁀𤾓𢆥埃拱如埃文章為世貴𠎬爫𤳇決志𫥨修院𨑮𢆥畑册功夫,Nom
ca-tru-the-cach-AB-456-manual.no.txt,𠰘科目襖袩朱産妬狀元本是人間子宰相寧非天上兒塘青雲坦坦吏夷夷爫朱𤍊耳目鬚眉穷𠊚世功名意弭讓徐帝𠰚𪤍鼎鍾𤎔𨤔帶巾黃天不負讀書人忽憶六七年前事𡢻風流㐌󰇾𦎛願旦悲𣉹吏﨤𠊚悁餒流落事恄慳󰑼󰡫󰡫妾自輕身郎未棄臣雖重罪帝猶憐干之𦓡𢢇分𢤞緣𣘈粉默彈㛪曲󱛬眼中自可情相白催筆硯笙拍拱調差𥉫饒呐呐唭唭花晨月夕人生之樂樂何如欺風月𣅶琴書󰝂耳目貝人情世故一生還盡人間趣萬古渾然肺腑春蹥𠓀𥪝天地風塵唒費𠦳鐄之女計㗂是非默𠊚人世心肝尼易量特油桑蓬󰑼志丈夫嗷喭𨤻几𧗱𠊚於𠊚𧗱几於准賒𣾺祝𡃹琼欺醝醒𣹓潙湥淚玉徘徊八𠯪󰅹仍𣅶㗂彈擅㗂喝󰅹仍欺󰇽拍吝擛笙閉饒𣈜間𢬢掣包情𦓡𡥵造栗𢗼之𡗋佐𩙌𡁱海滝秋船沒蘿買𣈜󰅹𠃅𩯀譖昂𦠘𧵑𠁀𠊚惜庄埃人生天地一逆旅固包饒𠀧萬𦒹𠦳𣈜如梭迻如䏾𨴦如𡬼𢬣𠶗𢖵𡨸古人秉燭高山流誰施千軸明月清風酒一船𠊚才子客神仙𡃹𨢇聖勾詩神適志𦖻𬑉意𥆾風景意兜庄󰑼雪月風花𦊚務春吏秋戈佳人絶世而獨立價㐌𢧚一笑傾城,Nom
ca-tru-the-cach-AB-456-manual.no.txt,傷爲色𦓡重爲才群𨆁祝買𠁀油買佐我是自人還是我,Nom
ca-tru-the-cach-AB-456-manual.no.txt,人非自我笑非人塘是非啐㐌過蹎催買別傳𠁀󰑼世世梭瀋卒䏾𦝄㐌熾買𣈜󰅹𠃅𩯀譖觥𣘾𧵑𠁀埃惜庄埃妾心君不識君心妾不知𪿒顒台沒𡦂相知𠊚堆我底𦎛終沒䏾一番對月一翻夢幾度臨風幾度魂昔黄昏今又黄昏心事意𤋵排𦝄𠇍𩙌相思最是相思苦𤗖情尼別𤍊穷埃﨤饒吀吘沒𠳒人生貴適志拯之欣錢朱𡗉𫱀朱𫅠彈朱𠮾喝朱𫨩拯風流朱世俗別𢬣庫無尽消耒吏固席上李桃如有主百班花草更伊誰欺㕵𨢇欺讀賦欺吟詩收攝奇繁花𠓨沒局風景意拯𨔈拱俗強𨔈朱渃漢𨖅胡渃秦𨖅楚渃吳𨖅牢風流埃劒埃󰅹風清月白蘇東坡赤壁之遊昔逢秋今又逢秋千古豪情人未老梧桐月向懷中照楊柳風來面上吹興南樓今夜何期望望指天邊之雁玉笛一聲寒燈一盞懷佳人兮不能忘秋風蘭秀菊芳帆蘭弭弭沒𡥵船董鼎𨄹湖西㳥汲澗色渃吝朝𩄲八𠯪底𢹣𠊚𨒣覽,Nom
ca-tru-the-cach-AB-456-manual.no.txt,烟水自生無限感寒籠垂御不知深𨢇凌瓢懞買伴知音春永𨤔別𥙩埃吟和𩙌𫨩海󱋨味香麝𥋷𥉫𨖲詩㐌堆排詩埃吀對沒𠳒𠀧萬𦒹𠦳𣈜羅𠇍景蜉蝣𬂙𧡊拱󱋨唭窖功兜間𢬢事𠁀消遣摱沒𠄽鍾𠮩咾斷送一生惟有酒沉思百計不如閒𠁑窻枚濕𣎃䏾南山𥋓𩈘吏九寰𥋳拱𡮈𣦆𡗶坦古今今古捻形骸空固固空路󰑼千駟萬鍾固流落買𣦆味人世群塵埃坤𤍊𩈘公侯莒台𡥵造窖机求㦖大受咳撩朱𨻫縱身係邦家原有用天於豪傑不虚生㐌啐生𠓨𨴦簪纓吀朱院𠳒𡅪書劍人有謀兮天不厭𨤔巾帶粧點沒𨉓埃榮花朱院沒𠁀忽狂今夕會還有故人同眷𦝄渚𠇍𡃹𨢇濃春沒刻𠦳鐄坤祢詩歌不盡樽前興更欲凌霄上廣寒𦗏𦖻𦖑㗂喝宮彈倣度𦤾霓裳牢帝𠳨月殿仍埃𨕭意客宮娥𬁷𩈘少年𠳨朱夾𩈘姉姮𣦆𡽫渃賒𥉫班夕照幅風雲埃窖𤳰撝𠁑今烏𡥵白鶴䏾雷催𣳔碧浪㗂漁歌𠱆𡂳投林鳥趂斜陽外乘夕漁歌古渡頭𩙌𦝄清正壮𨢇凌瓢𡽫渃碧𢯏𢴾琴𠇍曲閒董鼎生扛梞竹𠽖繩童捇襊乾坤𢝙台𥪝𡎝人寰鳥亦是羽虫中之一傷丐𪂲灡哭邊滝㗂𠰚𡽫挭𥺊迻𫯳塘閍𨤮沒𡗶沒渃𥊢𦑃鴈氷傾曾𨀈𦖑㗂鵑刻快𠄼更分𧌃𩵽𫳵女𢴑情恩水土𡊰功朱論院払篤志吀停想望妾阻𧗱餒丐穷𡥵高平隔阻渃𡽫,Nom
chinh-phu-ngam-plus.no.txt,俸蜍扵吝矧虛空簪掑襜㩫𢢆𢝣󰠵澜𩯀󰑚挵𥿺𦝄腰𨄹軒永󰝂招曾𨀈外簾疎𢷀擱隊畨外簾鵲󰝸𫫗信𥪝簾󰟯㐌固畑別庒畑固別󰟯平󰝸別𢚸妾𥢆悲切麻傕𢞂悶呐󰝸𢧚𠳒花畑箕貝𩃳𠊛𧯶傷𬷤嘵喔嘅霜𠄼𪔠槐拂披𢷀𩃳𦊚边刻𣇞蕩又如年䋦愁弋又平沔󰝈賖香強焠𢚸陀迷󰷭𦎛強𤐝淚吏𥢳滇瑟琹強𢭮𪮀弹𦀊鴛驚縆𣓦鵉𪿒重𢚸尼𠳚𫗄東固便𠦳鐄嗔𠳚典𡽫燕𡽫燕油󰝸典沔𢖵払瀋又塘𨖲平𡗶𡗶瀋又賖潙坤透餒𢖵払󰳋又芇衝景𢝙𠊛切他𢚸形𣘃霜湥㗂蛩𩄎噴霜如鈽補󰍹㭲柳𩄎󰟯鋸又𤉗梗梧杶雪抚𡏧𪀄𠵎蝼墻呌永鍾厨㗂𣾺𢽼㗂啼月𢯦𫏾屋𠬠行蕉𫗄秃外軒幔𥪝闌𢼂𫗄穿𦝄淶花𩃳𤐝𨕭𫏾簾花𤋵月月印𠬠𬌓月篭花花𧺀曾󱖮月花花月重又𫏾花󰡎月𥪝𢚸掣󰠲,Nom
chinh-phu-ngam-plus.no.txt,󰠲掣計𬮙愁𠦳腦自女工婦巧調𢢯怲扲針怲迻梭鶯堆𢢆𦄅𧊉堆𪿒𬗰𩈘怲蘇𠰘強怲呐󰉲吏朝唯又𢭗窻𢭗窻𨻫艮魚𢚸永払點粉粧紅買埃怲粧點𢚸𠊛煩脑㤕餒払外𡎝江氷恪之妸織姉姮𣷷銀洡湥宫𦝄祝󰧵愁揞󰠱埃重爫襘悶𤀞𣹓埃𠺙爫粓摱花摱𨢇解𢞂愁爫𨢇溂悶拵花喂𢫈笙玉𠇍回空㗂揞弹箏󰋇柉浰𢬣㤕𠊛行役閉𫢩𨤮賖矇痗𣍊𣹓吏潙𰙔鵑嘺爫淶渃𬑉𪔠樵枯如窒󰟀旰㽳鐄𢬭恪容顔睽離買別辛酸󰟯尼唸咮𨢟𬌓𢚸貝𤍊味𨢟尼呵固爲埃爲払淚妾㳶堆爲払身妾𥛭𩁦𠬠皮身妾󰝸𧵆掑󰡎帳淚妾芇𡮇𥿁边巾𢝙群𩲉󰧵特𧵆𡖵又常典江津尋𠊛尋払坭陽薹𫮇𡳶趿払尼湘浦𣷷初森圍󰋇𣅶情期󰝸戈𨕭襘𠬠𣇞夢春恨妾身吏空平夢時𧵆払𣷷𨻫城關欺𢠩仍惜欺殘情𥪝聀夢𰿘萬共空𢝙固𠬠𬌓𢚸󰝸𢴑本蹺払𣇞刻芇𢢯𢚸蹺仍渚𧡊𠊛𨖲髙󰋇𣅶𬂙爲𨋣車𬂙𣷷南𪤄𢺺𩈘渃𦹵碧岑橷烈牟𣛟店廊𧵆姅零征𪀄群𪤄𡋥仍情朝𣋚𬂙塘北曾笘舘客𩄲碧𣘃𡶀𡴯𡗶撑姅禾桼姅荒城𩄎噴𩈘渃笛扃屋楼𡽫東𧡊𦲿侯㩫凍雉習仕梅共𢯏󰤳𤐡𩂟宜𩂁岸𣾺𡥵𪀄拨𫗄落𩔗呌傷𨻫西𧡊渃󰟯婉曲鴈𦑃空㳥唷船鈎,Nom
chinh-phu-ngam-plus.no.txt,岸樁𢷆祝𦹵𦰤隔船芇𧡊𠊛󰠲𠫾𧗱𬂙𦊛皮蹎𡗶𩈘坦𨖲𫴋楼審卒隊畨笠𩄲技眜𪿒𥆾󰠲𡎝征戦󰠲沔玉關𢭄𪮊坦易坤𭓇斫巾招梂芇特𧡊仙𢚸尼化𥒥共𢧚𠲖空淚玉麻𨖲𬂙楼𣅶𥋓吏𥋴牟揚柳時勸払停𠹾爵封󰝸𫨩𰿘𨤮󰖁𨀐𢚸払固共如𢚸妾󰝸𢚸払󰂇共平如󰡫𢚸妾󰠲敢𢪀𧵆賖向陽𢚸妾󰟯花𢚸払吝矧𠲖斜𩃳陽𩃳陽底花鐄󰝸兑花底鐄拱在𩃳陽花鐄花用扃墻󰠵䀡花用𡖵霜󰋇吝䒹蘭𦬑𫏾𡑝㐌𢲨𦰟𬞟箕边𪤄迻香𢯢襜𨄹𨀈前堂𠑕𬂙䀡𨤔天章矧蜍𩃳銀漢欺𥊚欺𤍊度奎廛𣇜固𣇜空式𩄲隊𣅶辣濃𬂙𬁖北斗傕東吏兑𩈘𦝄𤍊常𤐝边襘𪰓𬑉𬂙霜澮梗梧冷󰪋台󰋇朝秋𫗄󰑑囂乞𨕭頭墙𪿙𠬠𢆥𠬠𤁕味𣘈粉丈夫群吝矧沔𣾺初牢形影󰝸淶悲除女底隔潙参商払󰖁馭𨤵長𩄲撫妾𨄹鞋𫮇𡳶簝印𫗄春𣈗𠬠永信可傷吝𣍊󰋇畨良時𢜝𢖵欺梗桃朶槾𫏾𫗄春鐄紫聘饒怒時妸織払牛典𦝄秋吏𢫣梂戈滝切𠬠身房空𨻫𪧚時節𫅜𢗖𢖵隊㝹梭迻𣈗𣎃󰖁𣭻𠊛𠁀審率戈牟春𣛟春𣛟底恨扃於胣合離停𢞂過欺𢝙怨愁𡗉䋦𥯒排柳蒲侯易押奈朝春箕文君媚苗課𫏾𠲖典欺頭萡麻傷𩈘花怒妸潘郎𢜝欺𠃅𩯀坡霜共󰡤,Nom
chinh-phu-ngam-plus.no.txt,𢪀顔色當澄花𦬑惜光陰吝呂招戈𢪀命萡惜年花𡛔絲󰋇祝麻𫥨娜𣳔閣香怒𢠩懞𨤔𩈘楼花箕彷彿唏香責𡗶牢底汝讓妾油妾吏油払󰝸𫡻払󰝸𧡊𪀄𪂦於内共習迢󰝸倍分張吏󰝸𧡊𪀄燕𨕭󰟌萡頭空女堆塘𨔾饒箕𩔗蝼堆頭共聘怒類𪀄執𦑃共𠖤柳蓮󰑼式𦹵𣘃堆花共聘堆𣘃共連意類物情緣群󰡫牢刼𠊛女底帝低妾嗔𰿘刼縁尼如𪀄連𦑃如𣘃連梗停𰿘刼𡦂情㐌丕蹺刼尼欣𧡊刼𨍦妾嗔払󱉟萡頭妾時𪧚買𥙩牟𥘷中嗔󰥎𩃳蹺共払丕払𠫾󰠲拱𧡊妾边払𢭗暈日妾願每皮忠孝妾嗔院𧷺𢚸許國𧺀𣘈𡴯又飭庇民鏢鉄知又𧖱單于頭月氏意時𣇜㕵意時𣇜咹鋂銅𦠰隊吝歆許拖𢚸𡗶纏𪧚𠊛忠護払𤾓陣𢧚功󱖮𥏌隘北撩弓𡽫兑𩃳旗幟㨋外關隘㗂凱𰙔踷吏神京嵿𡽫刻𥒥底名朝天𠓨𫏾宫莚𤼸功渃溋漢𢧚銅𣳮瀝曲樂詞𠰉𡂒㗂𠸦才搊秦霍院全𠸜𥱬閣鳯像傳󰉟轔𡑴勳將帶巾撝𦘧𡦂同休碑󰐆𠦳冬恩𨕭子䕃妻封顕荣妾共淡鐘香𡗶妾󰝸𤵺如𠊛蘇婦払罕空如𠎪洛陽欺𧗱㧅顆印鐄𨕭宮𦀻敢𠖰扛爫髙嗔爲払扱袍𢶒甲嗔爲払𢷀笠風霜爲払𢬣祝󱋓鐄爲払點粉㧅香󰞽濃󰇾巾淚払𥉫曾𬌓讀詩愁払審曾拘拘𢝙𢬭貝拘愁𨢇呵共計𫏾𨍦每𠳒仕𢫫潙吝吝隊󱋓仕𰙔寅諫諫隊聯聯吟対飲曾畨共払吏結䋦縁典𫅷朱捕𣅶愁賖隔𢖵𪧚纏饒𢝙𡦂清寧吟哦矇𠳚𡦂情󰟯尼歐罕才𫅜丈夫,Nom
chu-kinh-dien-am-manual.no.txt,諸經演音輪迴憶劫徐初悲除買趿特機緣尼玉鐄如𡶀𡗉台空朋𢜠特經尼群惞佛降生於渃天竺𥙩𡨸梵爫𡨸經經旦渃芾沛譯𦋦㗂𡨸渃意經旦茹漢譯𦋦𡨸儒𡨸儒𪜀𡨸边槽些麻學沛學義𦋦㗂渃些時買別學固𤑟時買別塘修學𤎎𤎎時空別夷𤳄世買沛譯𦋦㗂渃些𪜀𡨸喃時𠊛𫅷𥘷埃埃拱易別𠊛些悲除𠤆𠶜浪𡨸喃麻沛罪𢀲於𥪞佛法况如𠊛些學㐌易別麻修吏特外護𥪞佛法爫柴拱𢧚亘功麻𠰺朱𠊛別時買沛罗柴吏𪜀護𥪞特道法經國音尼𠔭卷𪜀𡗉義經因果別浪仍𠁀𠠩爫善時𠁀尼𠺥福𠠩爫惡𠁀尼𠺥苦底麻推因經布施底麻別𢀨𠍦𢀭𧹅經目連底麻別𠀧塘與苦經彌陀底麻別充暢𥹰𨱽塊沛𠳙身𢬭壳經五王底麻別於𠁀苦对如占包經出家底別浪修𠬠𣈜麻功德拱𢌌𢀲經十六觀底麻易修如禪定智慧大乘強庫𡗋群淨圡𪜀塘修悉𤾓𠦳𠊛拱庒卒埃吏固排不淨觀底麻別法修禪定吏偈無相真空底生智慧𥊣旦無上菩提𠔭卷尼𨇜奇法修吏特易學易爫易別固學經誦經時買別浪𪜀𠊛麻𪜀特神聖𡗶菩薩佛能𪜀空修麻𡢐沛爫畜生鬼𩛜地獄無窮苦惱如𠊛世間只別咹默錢𧵑權势色慾制排𠠩眜麻堆群𨱽𥹰𧗱𡢐時空誼旦𤳄世買沛貴經典麻學佛保浪折𦉱𠁀吒媄罪𥘀空朋𠊛麻庒敬經典共買毀壞經典𠊛芾領經麻空學女時迻朱𠊛恪停固毀壞麻𠺥罪𥹰𨱽錢𧵑時特𠬛𠁀經策𪜀特利閍劫𠊛些𢧚誼溇濃𪜀𠊛麻空學經𪜀𠊛𤍶寔𪜀可傷大彌陀經正文持念摘要演音南無佛大彌陀經浪渃佛帝𪜀西方坦牢𧹼猥全鐄𦊚皮平滂如瀾盘𢬣𠬛䕯景氣熙熙空燶空洌𣎃𣈗調春圖𣒾𥿥式甘珍想夷特意默咹產床珊瑚瑪瑙玉鐄鉢芾意悶常常現𣦍𤾓味唁卒董菭味夷𪉽𤁕䣷荄如𢚸推𦋦閍物默用物芾𪜀庒如𢚸適𢝙吏如城阙殿䑓層𨕭羅網吝外檜核琉璃琥珀𩟵磋鉑鐄珠寶達排虛空𤾓𠦳㗂樂蛰重空侞𢬣𢯞自容曲和渃泑七寶沚𦋦𣳔芾𣳔拱調𪜀法音往生埃特𦖑䀡自然了悟証爫品高種𪀄雜色拱𡗉𪀄䲲𪀄鶴𦑃𦙤卒𦎡唱和鸚鵡百声𪀄𠄩頭木鍾𨉓𠬠身𪩪𣅘𦋦㗂和韻𠔭分聖道𦉱分菩提𥪞泑蓮木卒稽花𡚡如体𩛄車𤑟𤉜色𣛟色𧹼色鐄,Nom
chu-kinh-dien-am-manual.no.txt,色芾樣意毫光𤏬𤍶𦹳萩瀝𢫟異奇渃沖𠖭𠖭恪夷水晶埃欺沁𣳮身形菭潙陰沫隨𨉓適𢛨沁耒神体寬舒包饒情慮滅除瀝空花蓮𡎢占𡧲𢚸𫗃迻唏弭樂𢫝曲和𢝙共菩薩每座共声聞眾挹𦋦佛前法𠳐𦖑記受傳証成佛果𢝙沔窒𢝙𥪞經佛吏固𠳒埃𤯺念佛𡢐耒往生𨕭泑七宝坦𫅜𥪞花蓮自化生𢧚𠊛自然奇𢀲𢌌𨱽空𢘾啂𠰏飭𠊛麻𢧚咹時圖式自然形容𫅠卒神仙𠸠芾清虛身稟窒高𢆫𪜀𢆫佛𤯩𥹰無期𤏬𤍌通𤏣每皮埃唏呐𢪀𨉓時別𣦍佛𠸗𠳒㐌𤑟排往生渃佛堛尼固𠀧上𪜀苦行出家持經守戒弥陀念𤯺欺𡢐佛買聖䝨迻𧗱自𦵚花蓮艿𡎢𡾵𪜀菩薩空𨙝宮殿七宝於潙虛空在家堛意𪜀中𢚸菩提怒役功德尼𦖑經持戒咹齋炪畑撩幡施財齋僧𣎀𣈗念佛𤯺能冘𢚸回向懞澄往生命終佛旦逴𨉓蓮花拱特化生𤑟𤉜下𪜀堛𠁑𠊛常𣈗𨑮句念願塘往生𡢐耒佛拱接迎花蓮托化坦𫅜合𢝙宮樓連坦濕潙𪜀為德慧劍𠊛堛中𠳒經佛庒呐空𡎝𠊛窒苦𪜀𨦩塵間𠊛麻貴顯𢀭𢀨𠬠句得失堆塘𢗼算𠊛麻𠍦下飢寒𣈗常少寸樊難胣𫁅惡捐名利咣吀惡時惡报應連空𥹰運終欺旦世芾𠀧塘惡道墮𠓨𥋳稽𠬠𪜀地獄陰司𠄩𪜀餓鬼𠀧時畜生塘箕劫怒𨦩觥𣦰𠦳閍劫買生劫尼身𠊛仍咳愚癡空修牢特𡢐尼𨤔榮法修法拱易揚𣈗𣈗欺𣋽顙桑𧻭𡎢执𢬣西向𥛉耒阿弥陀佛𠬠𠳒念連吝觴念𠬠𠄧𠦳𠀧句菩薩念連𠀧唏𠬠文發願白耒往生咒吏誦𠳒𠄧𤾓誦耒𨅸𧻭占占三皈三叩和南謝𨙝論𣈗欺𨅸欺𡎢𠬠句念佛𢖵𠳒𠤆涓𣇜𣋚吏念𠄧𠦳𠬠𢚸信向佛連証朱𥘷𫅷埃拱𢧚修塘名裊利逋逋𦋦夷埃𠱋功役𡖱皮𣃣爫𣃣念𡘮夷役些𣈗𨑮句念拱𪜀𡗉時朋𣇜㕵茶麻催據夷𦋦𧵑費財信心念佛汆𠳒𪜀修據夷𠫾會旦廚於茹念佛𪜀修妬耒箕埃錢𧵑都𢝙𢚸空信念𧵑催𦋦夷箕埃𡕵會𠽋𠫾𧗱耒𢗃𢠯𠫾時𨻫功牢朋惏念信𢚸,Nom
chu-kinh-dien-am-manual.no.txt,𢀭𢀨𠬠聀占包𣩂耒芒特𪨀芾冘𠫾修時𣋽料修𠫾空修欺𡬈陰司惱條𠁀𠊛善惡𤾓朝𪜀身口意業調固𠀧身𪜀𨉓自爫𦋦口𪜀𠰘呐意𪜀𢚸懞善時生准天宮惡時地獄𠄩𣳔恪饒業𠀧麻善𠬠條時尼罪獄絆兜特𨉓意身酉惡伶伶𠰘𪜀念佛時𫅜固欺𠰘陀念佛云為吏心想佛意之拱𫅜吝長㐌正身𨉓埃浪身業庒𫅜女𠱋𠀧調㐌院塘修蓮花上品𠦳秋𤑟𤉜𠊛𫅷修拱料塘𢆫强𣈜積罪强𡶀髙平生湓𪵰𣌝梟𪜀為𡥵沛冘昭墮菭下塲結旦𣈕𣈜𡥵芾拖罪扜𢰥𡎝陰牢朋現𣅶當今𠬠𣈜𤯩於修心𠬠𣈜㧅恾𢘾佛加𢬣𢭸娘固准身尼特安修行搊買少年役𠱋固𡛤功連給𠄩茄𠊛生特𡥵𤳆𢆫欺𢧚𦉱𦋦外學文悶朱別𡨸成身𢚸𠊛吒媄𧯶浪𠬠埃別兜窒庫𪜀𠊛𥘷𡮲兜㐌汆𨑮𠺵麻或𪜀撗死冤家或𪜀宿業耒麻破荒𡅳埃𡥵芾𪧚床𡥵欺別呐𠰺塘南無大慈偈拱𠸕𠻀往生咒拱保朱属漏𣈜𣈜𤾓或𠦳勾𨇜𠀧𨑮萬度侯𠄧𢆥𢆫𢧚𦉱𢆫開心閉除朱學𤯺𢤝拱𣃣伮空冤惡之麻㐌修念𠠩乙𪜀福添𠸠麻伮固冤嫌伮陀持念拱淹𢗼夷吏𠊛婦女𡗉欺產生母子或時病亡𪜀𨉓買𠀲兒童冤家𠁀𠠩𠓨𢚸報冤往生咒㐌計詳埃持咒意佛常現𨖲冤芾群敢報冤奇𠁀安稳𡢐連往生𠄩𨑮萬遍㐌佲核菩提㐌艿生𦋦𣑳𠀧𨑮萬遍𨇜耒金身色相現𡎢空賒,Nom
chu-kinh-dien-am-manual.no.txt,𡅳𠊛𡛔咳於茄瀝𨉓無事媄吒觥𧵆𦊚勾聖號念吝念耒吏讀偈文大慈往生咒拱属涂𣈗𠄼𤾓或𠦳餘朱𡗉𠀧𨑮萬遍庒包𠄽𢆥滿足時消災𨉓𣈕𣈜欺固胎生產箕病怒𥑥撑瀝除容𡥵空𠰺𣈕初旦欺冤債閉除咹𡅧𡛔𠱋空固惡因𧵆边吒媄㐌潤咒言善根𢀲意㐌𡍋善緣𡢐乙𪜀群添能𠳒經義册𤑟排埃埃修𥙩福𣈜𣈜添𨉓修吏𠰺彈㛪,Nom
chu-kinh-dien-am-manual.no.txt,𧵆賒𡅳𠴗共爫共𢝙共𨖲𡎝佛清台座蓮泑宝共𡎢暢𡃊鉑錢𠦳萬施𠫾空朋𨉓篤念持𡀍饒念𪜀度𥙩身饒身𨉓庒度埃侯度朱𥪞經佛㐌𠸕𠻀念佛持咒底麻結因𣈕𡢐果𤒙時咹寔𪜀𨉓𪧚特因菩提边西七宝蓮池𠊛些念佛泑時木蓮𠊛芾雉乃庒專時花𡮈𡭬𦋦沔劍鮮𠊛芾占念𣋚𣈕時花鮮卒聖台紅毫𧗱𡢐𤾓𢆫托𠓨成金色相恪芾佛王𢀨𠍦𫅷𥘷𪧚常拱𢧚念佛願塘往生十種勝利演音呢功念佛固𨑮伶伶佛呐保𠊛些能𠬠𪜀神相𣈘𣈜諸天力士調𠉞護持𠄩𪜀觀音慈悲共諸菩薩常欺救𨉓𠀧𪜀諸佛証明阿弥陀佛現形放光𦊚𪜀魔鬼庒當惡蛇毒藥吻常另賒𠄼𪜀水火干戈弓𠸜冤賊吻𪜀庒之𦒹𪜀宿業前為冤愆執對空夷旦些𦉱𪜀夢𧡊弥陀紫金色相佛𪜀真身𠔭𪜀顏色光潤𢚸常歡喜倍分吉祥𠃩𪜀𠊛世要當恭敬如佛吶常信𦖑𨑮𪜀臨命空迷阿弥陀佛引𧗱西方念持據𪧚賣常𠄼𠀧𤾓㗂𤑟𤉜皈依世間功德空皮耒𧗱渃佛福時𨱽𥹰臨終正念演音埃求佛㦖往生防欺𤻻痗旦𨉓停𢗼買停渃眜㳶𡚢貨財停𢪀底朱𡥵芾庫𢀭𤎒眜占包伮仃福伮計牢朱穷𤾓𢆥耒拱𪜀空𠸗𠉞吻世埃共恪埃閉除想念清台座蓮泑宝𪜀尼特𧗱耒𦋦証果菩提於边渃佛𪜀圭閍𠁀噲𠊛𤿤伴旦尼保浪念佛𠢞碎低共𦖑𠊛護念從容,Nom
chu-kinh-dien-am-manual.no.txt,買𨉓共念胣空迷夷边西佛𧡊念持金䑓音樂幡旗來迎𡅳𠊛底胣分明信𠳒佛吶𥪞經𤑟𤉜身𠊛苦惱𡗉塘冤愆逼迫常常困台悲除𢘾佛𧗱西如𠳙襖𧙼特𣦍黃袍𤯩𠦳閍劫掣包成金剛体逍遙娑婆臨終念佛十聲亦得往生演音𠊛芾渚念𠸗𠉞旦欺吸晦念𣦍𨑮𠳒閉除佛拱旦尼銀䑓迍逴𨖲潙花蓮殺牛業善和𠸜臨終𨑮念佛連來迎鍾馗𪃴業殺生臨終𨑮念𧡊𨉓𦹳萩靜文妻病過𢗼夫𡅳浪念佛朱信成念成𧡊佛旦迎花蓮𤊧焒樂笙𨉞𡗶汆𠊛急旦信𠳒臨終𨑮念念耒往生據𠳒金口𥪞經埃埃修𥙩時𨉓𨱽𥹰印送功德演音經尼功果高超㐌欣三界吏消輪迴易修易証罕恢俗僧吏奇𡛔𤳆𥘷𫅷係埃功𧵑施𦋦供印𡗉𠃣寔𪜀福𡚢𠃣時果証蓮花𡗉時菩薩𨖲麻空𨙝能𪜀求嗣禳災役夷印送稱怀停疑因果諸經摘要演音佛傳因果諸經揄𦋦要語分明𥱬𠳒𠊛芾智慧院𨑮閍調𫅜奇意時佛身若朋菩薩降神慈悲廣大智仁寬和𠊛芾𣦍𣦎寔他咹齋戒殺耒陀生天𠊛芾修造廚廛特重楼閣於沔清高𠊛芾爫舘𢯢橋馭車柴伵熠耀𠓨𦋦畑𡗉供佛𤏧𦋦特生星宿於座天宮幢幡供佛殿中耒特殘傘楼宮簾𦚐朱𡥵修於廛伽耒吒媄特𨖲座天宮念佛想佛爫𢚸耒𧗱渃佛塊𥿺塵緣受持五戒生天能𪜀回向𧗱沔西方受三皈塊沛𥿁地獄餓鬼共塘畜生修𨑮調善於𨉓𨖲天兜率恣情逍遙臨終摱伴善𠓨念佛朱共超高天堂在家菩薩𪧚常特証佛果𨖲塘湯𩄲受八関齋𠬠𣈜𡢐耒成佛計𡂲買催𪽞娘𧵑𦀻仍𠊛𨑻𨖲廚供耒時結因𢀨𢀭柴伵𤯺勤菩提結果成因固𣈜油香花果𢚸能供佛供塔旦𣈜臨終白雲化馭𨕭空蓮花座宝天龍逴𨉓朋𠊛𧵑𠃣𢚸誠人間富貴福𨉓𨱽𥹰𧡊𠊛𩛜渴於兜悲除施𠬠耒侯特𤾓修行因結緣深施𠬠特萬福忱埃能據𠄻梦𠬠咹齋特𠄼𤾓劫調𠉞𢀨𢀭吏如惡報𧗱𡢐固廚固像空侯畑香鬼磨吝橘擾攘災箕禍怒時常冲破𠓨廚放穢吐𦋦耒爫餓鬼仍𪜀咹悇𠓨廚𢀲㗂輕師𢭮陳𪮍喝買如打𠊛調𠓨地獄𥹰𨱽閍𠁀愁苦庒懷人身𠊛芾𨢇𦧘咹𧵆於廚淫慾或分𦝄花托𠓨地獄灰河罪耒吏沛𦋦𪜀畜生𠊛芾庒學文經庒敬善友吏情讒吱地獄黑暗沛𧗱生𦋦𠍦下吏皮青萌𠊛芾𣈜𣎃殺生陰官扒𥙩心𨉓𨕭陽𤺵𤴬失少每塘托𠓨地獄𤯩常𣩂𡽫𠊛芾庒敬沙門輕憪吒媄𠰺群吝巾調𠓨地獄陷身𣥱𠦳閍劫空份特他奸淫妻女𠊛些𠠩𠓨地獄𡢐𪜀畜生咹奸吶嚉連𨉓渃銅淬𠰘苦形強加耒爫鴝𤞺女麻𠊛些𠯽嚕埃𪜀几𢛨𠊛芾咹𥂉淥驢𠠩㐌爫畜𡢐皮填閍𨢇醝計磊吏惞三十六報耒群愚癡𠠩𨉓爫福𧵑𠫾悲除𢀭固𧵑時滇滇𠊛芾聀爵官𢀨𤳄初礼拜敬讓佛僧,Nom
chu-kinh-dien-am-manual.no.txt,𠊛芾壽考才能𤳄初戒行𢚸恆𪧚專𠊛芾𫅠悌如仙𤳄初忍辱討䝨𢝘那𠊛芾恭敬𠊛些悲除分事特𪜀彈英𠊛芾𠍦下醜名𤳄初忑默能輕易𠁀𠊛芾愚訥每𠳒𤳄初庒𠹾𠰺𠊛礼儀𠊛芾醜厠顛茬𤳄初恨𢤡賣時庒催𠊛芾喑哄𠳒𤳄初誹謗仍𠊛芾庒𠊛芾𠍦下於咹𤳄初庒者女难𠊛些𠊛芾𤹙𡋿𨉓𦋦𤳄初能打冤和眾生固咹惜𪧚𠬠𨉓耒爫餓鬼身形𣵲悇𦖑經整莽爫驢𦖑經吶傳吏皮爫𪀄咹空个𦧘庒安𥘀緣爫虎弭緣爫猫多淫時沛爫㹯惡毒爫𧋻𡗋調爫𪀄占侵𥙩𧵑廚廛墮苔地獄罪填群𥹰𦖑鐘𦖑磬打兜𦣰空𧿨越沛投𧋻𧐖穢污踘踘𠓨廛馬蹄渃意𪜀沔菭身菓諸献佛𠠩咹畜生地獄𠹾份罪愆誣污淫穢僧禪耒𡢐𠹾苦墮沔畜生𠊛芾𤞓𡭉恣情𡢐耒沛𠹾動驚喪魂𠊛芾焠棱焠𡽫𡢐耒沛𠹾迷漫曵𤸭𡞕夫庒敬庒和耒爫鳩鴿結𪜀冤愆咹咹㕵㕵連連身𥹰𠲝渴𡗉沔病因𧡊𠊛䝨善庒𧵆輪迴惡道庒份芾𦋦毀謗三寶女麻,Nom
chu-kinh-dien-am-manual.no.txt,𥊖眓𡅢𦖡𥹰陀苦身𧵑廚費用過分輪迴億劫獄因𥹰𨱽逆吒債媄心怀𡢐耒𩆐𩂶天災𪲽𨉓𧡊𠊛爫惡隨情𡢐耒苦惱𡗉澄𢗼歐斗𡚢斗𡮈能兜𡬷𨱽𡬷𥐇強𥹰輪迴𠄩𥚇添達朱𠊛𡢐耒空𥚇劍類人倫齋壇薦拔先人供𪉽𠫾𠠩添份罪愆能圖𣠖供佛先承朱𥘷𠠩亡添罪𡗉至誠齋供爫標𦉱𠁀吒媄𠄼條宗親共生天上登雲解脫苦難獄因三途能𪜀𣅶𤯩𨖲廚𤏧畑撩幡求𧗱西方能𪜀戒殺𪧚常放生布施每塘善緣忍辱𣦍寔𪧚𥾽學經學教朱專𢚸𫅜世時福慧心生庒群𥿁𫃚罪情連綿據經因果爫信埃麻認𥙩福緣於𨉓佛初智慧聰明䀡𨑮方界如形盤𢬣䀡𠦳閍劫初𠉞拱如䀡寶達排𥪝車𤑟𤉜善惡每皮因芾果意庒兮差兜固𠊛福享𨱽𥹰𤾓𠦳劫女群侯𣠖催固𠊛奸惡排排世麻𢀭固𠁀𠁀風光意𪜀果𠠩群𢀨惡尼𣠖旦罪塘𣠖𦋦固𠊛䝨孝寔他,Nom
chu-kinh-dien-am-manual.no.txt,世麻困頓共𪜀龍冬意𪜀罪𠠩𣠖衝果𫅜𣠖𤒙底用𧗱𡢐種豆特豆徐初𣠖埃種豆特𤫿包除種穭隔𢆥隔務朋如種福沛朱隔𠁀隔𠁀𨙛㐌如制馭戈𨴦𢼂旦尼氽除吀𠊛𢪀吏𩯀絲身箕㐌𡘮包除特身𠀧塘惡道時𧵆天堂人世固份群賒悲除些𪧚身些回心想佛弥陀念𠡏心些𪜀坦種蓮𠰘些𪜀渃濟連卒撑𣌋𣌉𠄩𣇜精誠如揞債𡶀如更棟鐄吏添𡅳保戶行念持印送時強福添耒𦋦特𧡊聖䝨共𨑮方佛於沔西方三途八難庒王吏特證果佛堂𢭂𥱬埃麻印送迻𠫾經尼𠬠卷朋時𠦳𤾓佛浪施法空澄閍𠦳珠寶空朋𠳒經扒咹扒默於𨉓底麻𥙩福顯荣𥹰𨱽襖粓固限麻催耒𦋦𧵑𠁀者歇𧗱空牢朋積福𥙩功因緣脫塊丐𨦩死生修時閍劫特荣呵如陽福終𨉓麻催箕如舍蠻𡎝外經鐄𠳒玉旦𦖻包除輪迴憶劫徐初悲除買趿特機緣尼玉鐄如𡶀𡗉台空朋𢜠特經尼群惞經尼𦖻㐌𦖑𣹗福緣佛果乙群乃因戒殺解音𠊛些牢庒𢗼量殺生害命胣常爫捐𨉓𠊛𨉓畜𠄩𠸜𦧘䏧魂魄共沔恪之共𥪞𡗶坦共時女芾𠝺𦛌枚脾庒傷𢪀浪塊𠰘𪜀常埃疑結旦冤長𧗱𡢐核鉸棟焒鑊油罪箕冤怒歐愁別包經浪𠀧罪難逃地獄餓鬼𡢐𠓨畜生𪲽包填閉買清爫𠊛𡽫夭仍驚共惶悲除戒殺𪧚麻發心菩薩胣常救生吏添念佛𦖑經時𥪝九品固𨉓逍遙加功𡅳𠰺𠊛芾共念共𪧚強高品𨉓戒貪吝解音𠊛𠁀𣦍寔𪜀坤奸貪惜吝咳群𪜀癡謀溇斫𥘀潴菭茄調咹奇罪𠉞𠬠𨉓𠊛爫𠬠役庒明時𡗶拱報空情𫁅埃強奸強狡心怀吏强困頓𡗉灾𢗼愁分𨉓𢀭固旦兜拱如渃冲過侯瀾𠫾自低懺悔修持加功念佛願𧗱西方,Nom
du-tu-phuong-can-vuong-doi-tay-son-hich.no.txt,我冲人若曰頭三綱󰑼𨅸君臣技高𥰊拱感弹螉見蹎天下意𩔗夷狄倒𠁑𨕭之容態獴羝𢚸恆油産󱖕𡗶義奇沛󱳮詧渃,Nom
du-tu-phuong-can-vuong-doi-tay-son-hich.no.txt,自滅莫扔權帥府󰭺堆𤾓𫷜𢷀扱閍方拯怨意󰑼恩,Nom
du-tu-phuong-can-vuong-doi-tay-son-hich.no.txt,𠁑𡗶兜拱宗周外𡎝故之猾夏盎鋒鏑𪖫㐫昴湿鎌曹蔑䙊渃空㵢准金湯𤌋𠖯碧𣻆焒項𠃩層𩄲拱慘在棘𡥵駝蔓莫,Nom
du-tu-phuong-can-vuong-doi-tay-son-hich.no.txt,巢林丐燕塢依丕許婚仃先志悶之㐱戾殘民𢧚割愛,Nom
du-tu-phuong-can-vuong-doi-tay-son-hich.no.txt,安攘油拯夷吾礼樂衣冠移態𡳵掃滅󰂇空驃騎山河城郭恪𪤍初胡雛覆晋可爫𦎛戎羯亂唐群底𨁪󰬷驩愛傕粮吏另○㐌殘󰮂意𠄩州平京都变夏爫夷害乙及外尼各鎮𨀈渃征荣󰡫意,Nom
du-tu-phuong-can-vuong-doi-tay-son-hich.no.txt,中臣義士落𩔗兜几鼎鍾曾𥘀君恩水雷意經綸大會沔田井拱洳帝力芹懪󰑼施报恆情󰂇咍共濟艰难体乙与同休庆,Nom
duong-thi-quoc-am-co-ban.no.txt,𧀒西濕倘焒皮儒懓𢖱𢚸埃别󰋇𢵋𠳐𠇮慇懃自𨷶鳳𨖲鞍𨀐𨇒旦城胡霜印𤐡󰺔𡳪旗𡮈𩙋論𣘃𣛟㗂𪔠𡚢扲槊他爫𤾓几畧群欣模𠲵𠬠英徒槯𣋀北斗擱邊城濕倘南山吝畧萌雪燥𨷯鐄篭𨤔𧺀𣘃高㙴玉弄牟撑𨉞澄派派唏陽湥𡨺盎𡶁𡶁𤐜碧觥,Nom
duong-thi-quoc-am-co-ban.no.txt,朝直聖皇𫠿𡃹壽史撑劄底𣅶昇平拱固𨢇瓢卒吏尋𨷶峝𨔈,Nom
duong-thi-quoc-am-co-ban.no.txt,𦀊蹽塘𥒥垃𦲿浽𩈘湖鮮𩅹澾朝𡗶𤎔𩄲迻㗂𬰓淶,Nom
duong-thi-quoc-am-co-ban.no.txt,洛陽回𪔠𣌋車馭拉群𡎢𦝄𤏬𨤔秋𬈴箕埃吝矧𥊛𣃣如弓捥曲,Nom
duong-thi-quoc-am-co-ban.no.txt,丿㐌𦑗𧷺𥿺率𤏬霜𤄯淡輸𣈘𫕰𤽸空抌𤐝吝襖䙦遣胣別包窮,Nom
duong-thi-quoc-am-co-ban.no.txt,馭車󱋨㗂𧵆花𦹵沫牟春漾𤽸𨕭坡𣷭桃絲𢷀𣷷銀,Nom
duong-thi-quoc-am-co-ban.no.txt,霜𤁕𣖖鲸揕囂迻湥漏潙唒𠫾𣜾𣍊思彷彿𢪀群𡎢坦尼啫燕丹𩯀𥩯𠊛息孟𠊚󱙹条㐌戈渃滝󰅒群冷㗂蟡塘𡀷𫕰秋戈𢪀餒南宫拱切他顚𩯀𣜾𢧚𤐝𩄴樣泊頭曽𣅶𢖵吟哦唒󱗠霜󰠱芾𫨩𦥃悶呐𩙋𡗉𥚯透賒,Nom
dvsktt,趙紀武帝在位七十一年壽一百二十歳趙氏因秦衰乱殺秦長吏㨿有領南之地称帝𭁈漢抗衡享國傳祚百年而後亡亦英䧺之英也姓趙諱它漢真定人也建都番禺今在廣東是也甲午元年秦二世三年帝併有林邑象郡之地自立爲南帝王乙未二年西楚覇王項籍元年漢王劉󰘊元年是歲秦亡丁酉四年楚項籍三年冬十月晦日食十一月晦日食戌五年楚項籍四年漢劉󰘊四年秋七月有星孛于大角几亥六年漢髙帝五年春二月漢王即皇帝位是歳西楚亡癸卯十年漢髙帝九年帝令二使典主交趾九真二郡漢即定天下聞帝亦已王越因遣陸賈往拜帝爲南越王授壐綬剖符通使使和集百粤毋爲冦災使者至帝踞見賈賈曰王本漢人親戚墳墓皆在于漢今反本俗欲㨿於此典漢抗衡爲敵𡸈不謬哉且夫秦失其鹿天下共逐之惟漢帝寬仁愛人民皆樂從起豊沛先八關㨿咸陽攘除兇𨢄五年之間󰰻乱反正平定四海此非人力殆天𭁈也漢帝聞王王此常欲一决勝負以百姓新勞苦故罷之遣使奉其印綬遣王王宜郊迎拜謁示其敬也今既不然僃禮具之可也奈何自特百粤之󰕛慢易天子使者天子聞之𭛁兵問罪則王将如之何帝蹶然興起曰居此日久殊失禮義因問賈曰我𭁈蕭何曹參󰰽賢曰王自賢又問我𭁈漢帝󰰽賢賈曰漢帝繼五帝三王之業綂理乎漢人以億萬計地方萬里物殷民富政由一家開闢以來未之有也今王󰕛不過十萬雜處山海間譬如漢一郡也何乃比於漢帝突曰吾恨不起於彼何遠不若漢賈默然色洱乃留賈居数月曰越中無足𭁈語賜賈槖中装直千金及賈㱕復賜千金橐中装謂以珠寳装裏八囊橐丙午十三年漢髙帝十二年夏四月漢帝崩庚戌十七年漢惠帝盈四年春正月朔日食夏五月日食既秋八月漢帝崩乙卯二十年漢髙后吕雉二年复六月晦日食丁巳二十四年漢髙后漢禁南越關市鉄噐帝曰髙帝立我通使共噐物今髙后聽讒臣别異漢越噐物此必長沙王計欲倚漢威德圖我國而併王之自爲功也戊午二十五年漢髙后五年春帝即皇帝位𭛁兵功長沙敗數郡而還庚申二十七年漢髙后七年漢使隆慮音林閭侯周竃擊南越以報長沙之役會暑濕大𤶣遂󰰾兵帝因此以兵威敗物招撫閩越西甌貉即交跐九真皆從属焉東西萬餘里御黃屋左纛稱制𭁈漢並辛酉二十八年漢髙后八年秋七月髙后崩諸大臣迎立代王恒是爲文帝壬戌二十九年漢文帝恒元年漢帝爲帝親塚在真定者置守邑歳時奉祀召其昆弟爲尊官厚賜之問宰相陳平󰁮可使越者漢帝召賈爲太中大夫謁者一人爲副使往遣帝書曰謹問南越王甚苦心勞意朕髙帝側室之子也棄外奉藩于代道理遼遠壅󰰿撲愚未嘗𦤶書髙皇帝棄群臣孝惠皇帝即世髙后自臨事不幸有疾諸吕擅權爲變不䏻獨制乃取他姓子爲孝惠皇帝嗣頼宗廟之靈功臣之力誅之已畢朕以王󰍆吏不釋之故不得不立今即位乃者聞王遣将帝两帝並立亡一乘之使以通其道之爭也乎而不讓仁者不爲也願𭁈王分棄前惡終今以来通使如故故使陸賈往馳諭吿王以朕本意王亦受之毋爲寇災矣因以上褚五十衣中褚三十衣下褚二十衣遣王願王聽樂消憂存問鄰國賈至帝謝曰謹奉詔爲藩王長供職貢於是下詔曰朕聞两䧺不俱立两賢不並世漢皇帝賢天子自今去帝制黃屋左纛因爲書稱蠻夷大長老夫臣佗昧子再拜上書皇帝陛下老夫故越吏也髙帝賜璽綬以爲南越王孝惠皇帝即位義不忍絶所賜老夫者甚厚髙后用事别異華夷由命曰毋予南越金鉄田噐馬牛羊即子予牡无予牝老夫處僻馬牛羊齒已長自已祭祀不脩有死罪遣内史潘中尉髙御史平凣三董上書謝過皆不反又風聞老夫父母墳暮已壞削兄弟宗𤟪已誅泯故吏相議曰今内不得振於漢外無以自髙異於吳故更號爲帝自帝其國非敢有害於天下髙皇后聞之大怒削去南越之籍使使不通老夫竊疑長沙王讒譖故𭛁兵以伐其邊老夫處越四十九年于今抱孫焉然夙興夜寐寝不安席食不甘味目不視靡蔓之色耳不聽鍾皷之音者以不得事漢也今陛下幸哀憐復故號通使如故老夫死骨不抒改號不敢爲帝矣謹因使使者献白壁之雙翠羽千尾犀角十座紫貝五百桂壼一噐生翠四十雙孔雀二雙昧死再拜以聞皇帝陛下陸賈得書還報漢帝大悅自是南北交好弭兵民得休息矣癸亥三十年漢文帝二年冬十月晦日食甲子三十一年漢文帝三年冬十月晦日食十一月晦日飠辛巳四十八年漢文帝復元四年复四月晦日食甲申五十一年漢文帝七年复六月漢帝崩詔短䘮秋九月有星孛于西方乙酉五十二年漢景帝故元年漢詔令郡國立太宗𦺓丙戌五十三年漢景帝二年冬十一月有星孛于西方丁亥五十四年漢景帝三年春正月長星出西方是月晦日食戊子五十五年漢景帝四年冬十月晦日食癸巳六十年漢景帝复中元二年四月有星孛于西北秋九月晦日食甲午六十一年漢景帝三年秋九月有星孛于西北是月晦日食乙未六十二年漢景帝四年丁酉六十四年漢景帝六年秋七月晦日食時帝凣遣使如漢則稱王朝請以比諸侯於國内則從故號戊戌六十五年漢景帝復元年秋七月晦日食庚子六十七年漢景帝三年冬十月日月皆赤十二月日如紫五星逆行守太微月貫天庭中天庭即龍星右角太微宫垣十星在翌軫之地天子之宫五帝之座春正月漢帝崩壬寅六十九年漢武帝徹春正月晦日食廈四月有星如日夜出建癸卯七十年漢建元秋三年七月有星孛于西北九月晦日食甲辰七十一年漢建元四年帝崩謚曰武帝孫胡立後陳朝封帝爲開天体道聖武神哲皇帝黎文休曰遼東微箕子不䏻成衣冠之俗吳會非泰伯不䏻躋王覇之強大舜東夷人也爲五帝之英主文王西夷人也爲三代之賢君則知善爲國者不限地之廣狹人之華夷惟德是視也趙武帝䏻開拓我越而自帝其國𭁈漢抗衡書稱老夫爲我越倡始帝王之基業其功可謂大矣後之帝越者䏻法趙武固守封圻設立軍國交鄰有道守位以仁則長保境土北人不得史臣吳士連曰傳曰有大德必得其位必得其名必得其壽帝何修而得此哉亦曰德而也矣則英武之威𡸈讓漢髙及聞文帝爲帝親塚置守邑歳時奉祀及厚賜其昆弟則又屈於漢於是宗廟饗之子孫保之非以德耶易曰謙尊而光卑而不可踰文王在位十二年壽五十二歳王感鄰以義却敵邊亦願治之君也諱胡仲始之子武帝之孫也丙午二年漢建元六年秋八月有星孛于東方長竟天閩越王郢侵我邊邑王守漢約不擅興兵使人賫書言其事於漢漢多󰒂之大爲𭛁兵遣王恢出豫章韓安國出會󰏲擊閩越淮南王安上書諫曰越方外之地剪髮文身之不可以冠帶之國法度理也自三代之盛胡粤不受正朔非強不䏻服威不能制以為不居之地不牧之民不足以煩中國也今自相攻擊而陛下𭛁兵救之是及以中國而勞夷狄也且越人輕薄反襨不用法度非一日之積一不奉詔󰁮兵誅之臣恐後兵革無時得息也間者歳北不登民生未復今𭛁兵資粮行数千里夾以深林叢竹多蝮蛇猛獸夏月暑時歐泄霍乱之病相隨屬也曾未施兵接刅死傷者必眾矣臣聞軍旅之後必有凶年言以具愁苦之氣薄隂陽之和感天地之精而災氣爲之生也陛下德配天澤及草木一人有饑寒不終其天年而死者爲之悽愴於心今方内無狗吠之警而使甲卒暴露中元霑漬山谷邊境之民早閉晏開朝不及夕臣安窃爲陛下重之且越人緜力薄材不能陸戦及無車騎弓弩之用然而不可入者以保地險而中國之人不耐其水土也臣聞道路言閩越王弟甲弑而殺之甲已誅死其民未有所属陛下若所重臣臨冇施德再賞以招𦤶之此必携幼扶老以㱕聖德若無所用之則存亡繼絶建其王侯此必委質爲臣世共貢職陛下以方寸之印丈二之組填撫方外不勞一卒不頓一㦸而威德並行入其地此必震恐迯入山林背而去之則復群聚留而守之歴歳經年則士卒罷勌食粮之絶一方有急四靣皆聳臣恐變故之生奸邪之作由此始也臣聞天子之兵有征而戦言莫敢較也如使越人徼幸以逆執事厮輿之卒有一不僃而㱕雖得越王之首臣猶�之陛下已九州爲家生民皆爲臣妾夷狄之地何足以爲一日之間而煩汗馬之勞乎言王道甚大而遠方𢙇之也臣安窃恐将吏之以十萬之師爲一使之任也是時漢兵位踰嶺閩越王𭛁兵拒險其弟餘善乃𭁈宗族謀曰王以擅𭛁兵擊南越不請故漢𭛁兵來誅漢兵眾強即幸而勝之後來益多終滅國而止不如殺王以謝漢願罷其兵遂殺王郢使使奉其頭𦤶王恢恢乃以便宜按兵吿韓安國而使使奉其頭馳吿漢帝使荘助來諭意于王王頓首曰天子爲寡人興兵誅閩越雖死無以報德遣太子󰞿齊入質因謂助曰國新被寇使者行矣寡人方日夜整装入見天子助遠群臣咸諫于王曰漢兵誅郢欲以警動我越且先帝有言事漢期無失禮要之不可以設好語入見不得復亡國之勢也釋義歐泄歐𭁈嘔同泄弋制反亦吐也臨存以尊適甲曰臨恤問曰存不頓一㦸頓𭁈鈍通罷勌勌𭁈倦同厮輿厮折薪者輿主駕者皆賎役之人一日之間間音閉説好語説讀曰悅丁未三年漢元光元年秋七月晦日食甲寅十年漢元朔二年春三月晦日食乙卯十一年漢元朔三年王病甚太子󰞿齊㱕自漢丙辰十二年漢元朔四年王薨謚曰文王子󰞿齊立史臣吳士連曰文王交鄰有道漢朝󰒂之𦤶爲興兵助擊其讐又罷納諫稱疾不朝于漢遵守家法貽厥孫謀可謂無沗厥祖矣明王在位十二年王不謹夫婦之端釀國家之乱無足稱者成諱󰞿齊文王長子也丁巳元年漢元朔五年以吕嘉爲太傅己未三年漢元狩元年夏五月晦日食壬戌六年漢元狩四年春有星孛于東北夏長星出西方乙丑九年漢元𣇄元年戊辰十二年漢元𣇄四年初王爲世子入質於漢在長安娶邯郸樛氏女生子興及即位乃藏其先帝璽上書於漢請立樛氏爲后興爲世子漢数使使者諷諭王入朝王惧入見要用漢法比内諸侯王固稱疾不從乃遣子次公入質是歳王薨謚曰明王子興立哀王在位一年母后宣治強臣專國弱年庸主何以堪之諱興明王次子也是年王既即位尊母樛氏為太后�太后未家明王時嘗與覇陵人安國少季通安國姓少季名是歳漢使安國少季來諭王及太后以入朝比内諸侯復今辨士諫大夫終軍等宣其辝勇士魏臣等輔其决衞尉路博德將兵屯桂陽待使者時王年少樛后乃漢人少季至復與私通焉國人知之多不附太后太后恐乱欲倚漢威勸王及群臣求内附即因漢使者上書請比内諸侯三歳一朝艅邊關漢帝許之賜王與丞相吕嘉銀印及内史中尉太傅印餘得自置除其故�劓刑用漢法比内諸侯者皆鎮撫之己巳元年漢元𣇄五年王及太后飭治行装重齊爲入朝具時宰相吕嘉年長長一作老歴相三朝宗族仕官為長吏者七十餘人男皆尚公主女皆嫁王之子弟宗室及蒼梧秦王有連其居國中甚得眾心愈於王上書数諫王王弗聽因有叛心数稱疾不見使者皆注意嘉勢位能誅王及太后亦恐嘉等先事𭛁欲令漢使者權謀誅嘉等乃置酒請使者飲大臣皆侍坐飲嘉弟為將啐居宫外酒行太后謂嘉曰南越内属國之利也而相君若不便者何也使者狐疑相杖杖持也遂莫敢𭛁嘉見耳目非是即起而出太后怒欲鏦撞也嘉以矛王止之嘉遂出介分也其弟兵就舍稱疾不肯見王及使者陰與大臣謀作乱王素無意誅嘉嘉知之以故数月不𭛁太后欲獨誅嘉又力不能漢帝聞嘉不聽命王及太后孤弱不能制使者怯無决又以為王及太后已内附獨吕嘉為乱不足以興兵欲使荘參以二千往使荘參曰以好徃数人足矣以武徃二千人無以為也漢帝乃罷參故濟北將韓千秋奮曰以一區區之越又有王太后為内應獨丞相吕嘉為害願得勇士三百人必斬嘉以報於是漢使千秋與樛太后弟樛樂將二千人往入越境吕嘉遂下令國中曰王年少太后本漢人也又與漢使者乱專欲内附盡持先王寳噐入献于漢以自媚多從仁乃相從之人也行至長安虜賣以為僮僕自取一時之利無顧趙氏社稷為萬世計慮之意乃與其弗將卒攻王遂弑王與太后盡殺漢使者遣人吿蒼梧秦王及諸郡邑立明王長子術陽侯建德為王王已遇害謚曰哀王使臣吳士連曰哀王之禍雖出於吕嘉而實兆于樛后夫女之色能覆人家國也多端其兆不可逆覩故先王必制大婚之禮必謹夫婦之端必别嫌明微蓽正位内外必閉出入之防必僃在位一年趙氏社稷樛后傾之本既先援末從而顛諱建德明王長子越妻之子也時冬十一月宰相吕嘉既立王而韓千秋兵入境破数小邑嘉乃開直道給食未至番禺四十里出兵擊千秋等滅之函封漢使節置塞上即大庾嶺名好為謾辝欺詐之語也以謝罪𭛁兵守要害處漢帝聞之遣伏波將軍路博德出桂陽楼船將軍杨僕出豫章戈船將軍嚴名嚴失其姓史出零陵下瀨將軍甲名甲史失其姓下蒼梧馳義侯貴名貴史𭛁失其姓夜郎兵下牂牁江咸會番禺庚午元年漢元𣇄六年冬漢楊僕精兵九千先陷尋陿破石門嘉積石於江曰石門得我粟船因維其船以数萬人待伏波將軍路博德博德曰因道遠後期與楼船會至番禺時有千餘人遂俱進楊僕前至番禺王及嘉皆守城楊僕自擇便居東南靣路博德居西北靣會暮僕攻敗之縱火燒城博德不知兵多少乃為營遣使招降皆賜以印綬復縱令相招楼船將軍楊僕力攻反驅入路博德營軍黎比也旦城中皆降王及嘉與数百人夜走入海博德又問降者知嘉所在遣人追之校尉司馬蘇弘得王越郎都󰏲一作孫都得嘉時下瀨戈船將軍兵及馳義侯所𭛁夜郎兵未下而我越已為路博德楊僕所平矣時我越令三使者牽牛三百頭携酒一千鐘持交趾九真日南三郡戶籍迎降遂以其地為南海秦故郡今明廣東是也蒼梧唐曰益州古甌貉我越之地鬱林秦桂林郡漢武更名合浦秦象郡廉州之属郡交趾九真日南秦象郡珠崖儋耳並在大海中置制史太守黎文休曰吕嘉之諫哀王及樛太后使毋求為漢諸侯毋餘邊關可謂䏻重越矣若猶不從則當引𠧨避位不爾則用伊霍故事别選明王子一人代位使哀王得如太甲昌邑保全性命則進退不失今乃弑其君以逞私怨又不能以子守國使越分裂而入臣漢人則吕嘉之罪有不容誅者矣史臣吳士連曰五嶺之於我越者是為險塞國之門戶猶鄭之虎牢虢之下陽也帝越者固宜設險守國不可使之失也趙氏一失其守國亡綂絶土宇瓜分我越又分南北之勢成矣後有帝王之興地險已失復之必難故徵女王雖能略定嶺南之地不能㨿得嶺險旋底於亡士王雖復全盛然猶為當時諸侯未正位號没後又失之而丁黎李陳止有交州以南之地不復趙武之舊勢使然也屬西漢紀我越既属于漢漢以石戴爲九郡太守漢制以州領郡除珠崖耳皆在海中餘七郡属交州戴爲州太守西漢守任治所在龍淵即龍編東漢在麋冷即安朗及戴卒漢昭帝以周章代之至王莽末交州牧鄧讓及諸郡閉境自守漢將岑彭素厚善讓與讓書陳漢家威德於是率交趾太守錫光及諸郡太守杜穆等遣使貢献于漢漢悉封爲列侯當時漢光武建武五年己丑也錫光漢中人在交止敎民以禮義復以任延爲九真太守延宛人九真俗以漁獵爲業不事耕種延乃敎民墾闢歲歲耕種百姓充給貧民無聘禮者延令長吏以下省俸祿以賑助之同時娶者二千人視事四年召還九真人爲之立祠其生子置名皆曰任焉嶺南文風始二守焉己亥漢光武劉秀建武十五年交趾太守蘇定爲政貪暴徵女王起兵攻之右属于漢自辛未至己亥凣一百四十九年徵女王紀徵王在位三年王甚雄勇逐蘇定建國稱王然以女主不能成再造之功諱側姓徵本姓雒峯州麋冷縣雒將之女朱鳶縣詩索之妻也詩索亦雒將子两家子相爲婚姻綱目集覧以雒爲姓誤矣都麋冷麋音縻庚子元年漢建武十六年春二月王苦太守蘇定绳以法及讐定之殺其夫乃與其妹貳舉兵攻陷州治定奔還南海九真日南合浦皆應之畧定嶺南六十五城自立爲王始稱徵姓焉辛丑二年漢建武十七年春二月晦日食漢以徵氏稱王舉兵攻陷城邑邊郡苦之乃命長沙合浦及我交州具車船修橋道通障溪儲粮榖拜馬援爲伏波將軍以扶樂侯刘隆爲副來侵壬寅三年漢建武十八年春正月馬援沿海而進隨山刊道千餘里至浪泊上羅城西街之西名浪泊與王戰王見虜󰟨大張自度烏合之󰕛恐不能支退保禁溪禁溪史作金溪󰕛亦以王女子慮不能勝敵遂走散國統復絶黎文休曰徵側徵貳以女子一呼而九真日南合浦及嶺外六十五城皆應之其立國稱王易如反掌可見我越形勢足致覇王之業也惜乎繼趙之後以至吳氏之前千餘年之間男子徒自低頭束手爲北人臣僕曾不愧二徵之女子可謂自棄矣右徵女王起庚子終任寅凣三年属東漢紀癸卯四年漢建武春正月十九年徵女王及其妹貳與漢兵拒戰势孤遂皆陷没馬援追擊其餘󰕛都陽等至居封縣降之乃立銅柱爲漢極𪽐銅柱相傳在欽州古洞上援有誓云銅柱折交州滅我越人過其下每以石培之遂成丘陵恐其折也唐馬總又建二銅柱於漢故處記著馬德以其爲伏波之裔今未詳所在左右二江合有其一援以西于縣有户三萬三千因請分爲封溪望海二縣漢帝從之援又築蠒江城於封溪其城圓如蠒故以爲名我越遂属于漢後三年援還土人哀慕徵女王立祠奉事之祠在福祿縣喝江社番禺舊地城亦有之我越國統幾乎復合其英雄氣槩𡸈獨於生時建國稱王没後能捍灾禦患凣遭灾傷水旱禱之無不應徵妹亦然蓋女有士行而其雄勇之氣在天地間不以身之没而有餒也大丈夫𡸈可不養其剛直正大之氣哉甲辰漢建武二十年自此以後歷漢明帝章帝和帝殤帝安帝凣五世共八十二年惟明帝時南陽人李善守日南以惠愛爲政𢙇來異俗遷九真太守丙子漢順帝保永和元年太守周僘以交州在九圍之外百越之表上表請置方伯漢帝以僘爲刺史都監郡縣丁丑漢永和二年日南象林蠻古越裳國界區憐等攻郡縣殺長吏交州刺史樊演發州兵及九真兵萬餘人救之兵士憚遠役秋七月二郡兵反攻府治其󰟨轉盛戊寅漢永和三年夏五月侍御史賈昌與州郡併力討區憐等不克爲所攻圍歲餘兵毂不繼漢帝召公卿百官及四府椽属問以方畧皆議遣將發荆楊兖豫四萬人赴之李固駁曰荆楊盗賊盤結不散長沙桂陽數被徵發如復擾動必更生患兖豫之人遠赴萬里詔書迫促必𦤶叛亡南州暑濕加以瘴癘致死亡者十必四五遠涉萬李士卒疲勞此至嶺南不復堪鬪軍行日三十里而兖豫去日南九千餘里三百日乃到計人廪五升用米六十萬斛不計將吏驢馬之食設軍所在死亡必󰕛既不足禦敵當復更發此爲刻割腹心以補四肢九真日南相去千里發其吏民猶且弗堪况乃苦四州之卒以赴萬里之難哉前中郎將尹就討益州叛羗益州諺曰虜來尙可尹來殺我後就徵還以兵付判州張喬喬因其將吏旬日之間殄滅群道此發將無益之效州郡可任之驗也宜更選有勇畧仁惠可任將帥者以爲刺史太守徙日南吏民北依交趾還募蠻夷使自相攻轉輸金帛以爲其資有能反間致降許以裂土之封前并州刺史祝良性勇决張喬前在益州有破虜之功皆可任用四府必從固議即拜良爲九真太守喬爲交州刺史喬至開誠慰諭󰕛皆降服良單車到九真示以威信降者數萬人甲申漢建康元年秋八月漢帝崩冬十月日南復攻燒郡邑九真刺史夏方招降者而撫諭之尋轉桂陽太守以劉藻代之庚子漢桓帝志元嘉二年冬十一月九真郡人復屯據日南󰕛轉強盛時夏方已徙桂陽太守因復拜爲刺史方威惠素著及至日南眾聚萬餘人相率諸方降戊午漢灵帝宏光和元年夏四月州人及烏滸蠻久爲亂牧守周喁不能禦州人梁龍等因之起兵攻破郡縣有眾數萬人辛酉漢光和四年漢帝使蘭陵令會󰏲上󰔄人朱儁救喁道過本鄕募家兵及所調兵五千從两道入先使人觀虚實宣揚威德以震動其心既而土郡兵逼進殺梁龍降者數萬人甲子漢中平元年州人屯兵執刺史周喁殺之遣人請闕數喁罪狀漢帝聞之詔精選能吏有司進東郡聊城人賈琮以爲刺史琮初爲御史其地有明珠翠羽犀象玳瑁異香美材之物率無清行財計盈給輙求遷代故吏民皆叛之及琮到部訊其叛狀僉曰前政賦歛深刻百姓莫不困乏京師遙遠無所告訴民不聊生故相聚以拒之非真叛也琮乃遣人分行慰諭使各安其業招撫流亡蠲復賦歛於是誅爲苛虐之魁首者簡良吏守諸郡縣百姓以安街巷爲之歌曰賈父來晚使我先反今見清平不敢復反琮任事三年徵拜議郎使李進代之李進我交州人黎文休曰觀史至我越無主之時爲北人刺史之無清行者所困北京地遠無所告訴不覺愧感父集翼見精誠如後唐明宗時焚香祝天願天爲我越早生聖人自帝其國以免北人之侵漁者也右属于漢自癸卯至丙寅凣一百四十四年士王紀士王在位四十年壽九十年王寬厚謙虚人心愛戴保全越之地以當三國之強既明且智足称賢君姓士諱燮字彦威蒼梧廣信人也其先魯國汶陽人也北朝王莽之亂避地于我越六世至王父賜漢桓帝時爲日南太守王少游學漢京從穎川劉子奇治左氏春秋爲注解舉孝廉補尙書郎以公事免官父䘮闋音鈌盡也後舉荗才除巫陽令遷交州太守封龍度亭侯都󰱋漊漊一作樓即龍編後陳朝追封善感嘉應靈武大王丁卯元年漢中平四年王有第三人一鮪武時刺史朱符爲夷賊所殺州郡擾亂王乃表一領合浦太守鮪領九真太守武領南海太守王噐禮寬厚謙虚下士國人愛之皆呼曰王漢之名士避難往依者以百數庚辰十四年漢献帝恊刺史李進上言於漢帝曰率土之濱莫非王臣今建安五年登仕朝廷皆中州之士未嘗奬勸遠人辭意感切多所援引漢帝詔我州之有孝廉荗才許除補属州長吏不得任中州進復上疏曰所舉孝廉請與十二州博士以人才專對而有司恐遠人虚誕毀折中朝不許時我越人李琴宿衛在臺遂邀鄕人卜龍等五六人當正元萬國朝會之目俯伏殿庭曰皇恩不均有司問其故琴曰南越遷遠不爲皇天所覆后土所載故甘雨不降凉風不飛辭意懇苦詔慰勞之以我荗才一人爲夏陽令孝廉一人爲六合令琴交州人後李琴仕至司隷校尉張重爲金城太守則我越人才得與漢人同選者李琴李進有以開之也重日南人初入洛正旦大會晋明帝曰日南北視日耶重對曰今郡中有雲者不必有其實至於風氣暄暖日影仰於生民之上則有之矣按宋文帝元嘉中南征林邑五月立表望之日在表北九寸一分交州影在表南三寸三分交州去洛水六七千餘里表取其絃直當下千里唐開元十二年測交州夏至影在表南三寸三分與元嘉所測同王充論衡曰日南郡去洛且萬里爲日南李筌曰安南府至長安七千二百五十里孟琯云以四方揆之安南適當中國表地耳史臣吳士連曰君子於辭不可已也昔𩱛蔑如無辭則終與草木俱腐矣李琴苟無辭何以見用於世而我越英特之才北人安得而知之哉丁亥二十一年漢建安十二年官事少閑輙玩書傳春秋左氏傳凣簡籍無徵輙以咨問即傳諸疑皆有師説意思詳密又尙書古今大義詳備兄弟並爲列郡雄長一州偏在萬里威尊無上出入鳴鍾磬備具威儀笳皷箫吹車騎满道胡人夾轂焚香者常有數十妻妾居輜軿子弟從兵騎當時貴重震服百蠻尉佗不能逾也徽時寓交州及漢帝遣張津爲刺史津守任在漢津建安六年好鬼神事常著絳鄚頭巾皷琴燒香讀道書云可以助化爲其將區景所殺而荆州牧劉表遣零陵令賴恭代津漢帝聞津死賜王玺書曰交州絶域南󰅾江海上恩不宣下義壅塞如逆賊劉表又遣賴恭窺看南土今以卿爲綏南中郎將董督七郡領交州太守如故王遣吏張旻奉貢請漢京都是時天下䘮亂道路斷絶而王不廢職貢漢帝復下詔拜安遠將軍封龍度亭侯後蒼梧太守吳巨與恭相失舉兵逐之恭走還零陵庚寅二十四年漢建安十五年吳王孫權遣步隲爲交州刺史隲到王率兄弟奉承節度吳王加王左將軍後王遣子𢌃魚錦反入質於吳吳王以爲武昌太守王諸子在南者皆拜中郎將王又誘導益州豪姓雍闓可亥反等率郡民人使遙東附吳吳王益嘉之遷衛將軍封龍編侯王每遣使請吳𦤶雜香細葛輙以千數明珠大貝琉璃翠羽瑇瑁犀象之珍奇及異果蕉椰龍眼之属無歲不至又貢馬凣數百匹吳王作書後加寵賜以慰答之黎文休曰士王能有寬厚謙下士得人親愛而致一時之貴盛又能明義識時雖才勇不及趙武帝而屈節事大以保全疆土可謂智矣惜其嗣子弗克負荷先業使越土宇既皆全盛而復分裂悲夫丙午四十年漢後主禪建興四年吳孫權黄武五年王薨初王嘗病死三日僊人董奉與藥一丸以水含服捧其頭摇捎之少頃即開目動手顔色漸平復明日旋能起坐四日復能誤遂復常奉字昌異侯官人見列仙傳候官縣名在福州史臣吳士連曰我國通詩書習禮樂爲文献之󰘊自士王始其功德𡸈特施於當時而有以遠及於後代𡸈不盛矣哉子之不肖乃子之罪爾世傳王既塟之後至晋末凣百六十餘年林邑人入寇掘發王塚見其體靣如生大惧乃復封瘗土人以爲神立廟事之號士王僊盖其英氣不朽所以能爲神也神祠在舊城龍編右士王起丁卯終丙午凡四十年属吳晋宋齊梁紀吳主聞士王薨以交州懸遠乃分合浦以北属廣州吕岱爲刺史合浦以南属交州戴良爲刺史又遣陳時大王爲太守岱留南海良與時俱前行到合浦而王子徽以自署為太守發宗兵拒之漢未宗室相亂南人率宗室相聚爲兵以自衛故名宗兵良留合浦王吏桓鄰叩頭諫徽迎良徽怒笞殺鄰史臣吳士連曰自古殺諫臣未有不亡者陳殺縛以出皆斬之傳首武昌史臣吳士連曰士徽父薨不請命自立又發兵拒命義固當討然吕岱誘之史降而殺之非也夫信者國之寶也徽既降縛送武昌使生殺出於上威信行乎下不亦善乎孫盛曰柔遠能邇莫善於信吕岱殺降邀功君子非之以是知吕氏之不延也信哉一鮪匡後出吳主原其罪及王贅子𢌃皆免爲庶人數一鮪坐法誅唯匡先病殁及𢌃卒徽大將甘醴及桓治率吏民共攻岱岱擊破之於是除廣州復爲交州如故岱進攻九真斬獲以萬數辛亥漢建興九年吳黄武三年吳武陵五溪蠻反主以南土清定召刺史吕岱還合浦太守薜綜上疏曰昔帝舜南巡崩於蒼梧秦置桂林南海象郡則四國内属久矣孝武誅吕嘉開九郡設交趾刺史徙中國罪人雜居其閒稍使學書粗通禮化及昔光守交趾任延守九真建立學號道以禮義由此而降四百餘年民似有類然土廣人眾险阻山林易以爲乱臣所見南海黄盖爲日南太守下車以供設不備撾殺主簿仍見驅逐九真太守詹萌爲妻父周京并請大吏酒酣作樂功曹潘歆起舞属京不起歆欲迫強萌怒殺歆歆弟率眾攻萌故交趾太守士燮遣兵討之不克會刺史朱符多以鄕人󰔄褒劉彦之徒分作長吏侵漁百姓黄魚一尾牧稻一斛百姓怨判出攻州郡符走入海步隲以次鉏治紀綱適定後吕岱平士徽亂改置長吏章明王綱威加萬里大小承風由此觀之綏邊撫裔實在其人伯牧之任宜擇清流荒服之外禍福尤甚今交州雖云粗定尙有高凉宿賊其南海蒼梧鬱林珠崖四郡未綏聚作寇盗若岱不復南新刺史宜擇精密方畧智計之人以撫按之庶可補緼但中人近守常法無奇數異術則郡惡日滋吳王拜岱鎮南將軍進封番禺侯一云封魏郡陵厲公戊辰漢延熹十一年九真復攻陷城邑州郡騷動吳主以衡陽督軍都尉陵胤一云陵商爲刺使兼校尉胤入境諭以恩信降者三萬餘家州境復清後九真郡女趙嫗嫗乳長三尺施於背後常乘象頭與敵交戰交趾志九真山中有趙妹女子乳長三尺不嫁結黨剽掠郡縣常著金褐齒屣據象頭鬪戰死面爲神癸未漢炎興元年吳永安十六年春三月初吳以孫諝爲交州太守諝貪暴爲百姓患至是吳主遣鄧詢至郡詢又擅調孔雀三十隻送建業民憚遠役因謀作亂夏四月郡吏吕興殺諝及詢而請太守及兵於晋按綱目云請吏於魏明年漢亡甲申魏主曹奂咸熙元年吳主孫皓元興元年秋七月吳分交州置廣州時吳已附于晋晋以吕興爲安南將軍都督交州諸軍事以南中監軍霍弋遙領交州刺史得以便宜選用長吏弋表爨谷一曰焚谷爲太守率牙門董元王素等將兵助興未至興爲功曹李統所殺谷死之一云谷病卒乙酉晋武帝司馬炎泰始元年吳甘露元年融病卒弋又遣揵爲陽稷代融爲太守戊子晉太始四年吳寶鼎三年吳以劉俊爲刺史俊與大都督修稷將軍顧容前後三攻交州稷皆拒破之鬱林九真皆附於稷大破吳兵殺劉俊修稷餘兵散還合浦稷因表靈爲鬱林太守元爲九真太守己丑晉泰始五年吳建衡元年冬十月吳遣監軍󰔄氾威南將軍薜珝蒼吳太守丹陽陶璜從荆州道監軍李鼎督軍徐存從建安海道皆會合浦以擊稷李鼎一作李朂辛卯晉泰始七年吳建衡三年餘人助璜時楊稷以其將王素代元元勇將解系同在城内璜使弟象爲書與系又使象騎鞀車皷吹導從而行素等曰彼象尙如此系必有去志乃殺系珝璜遂陷州吳因用璜爲刺使璜有謀策周窮好施得人心故人人樂爲之用所至有功先是晉帝以楊稷爲交州刺史毛冕爲太守印綏未到而稷冕先已敗死因贈稷冕及松能松能無所考并爲關内侯九真郡功曹李祚保郡内附晉璜遣將攻之不克祚舅黎桓一云黎明隨軍遣祚降祚乃答曰舅自吳將祚自晉臣惟力是視耳踰時乃拨史臣吳士連曰守土之臣能以李祚之心爲心可謂忠於所事矣吳主以璜爲刺史持節都督交州諸軍事前將軍州牧武平九德新昌土地险阻夷獠剄悍歷世不實璜征討平之開置三郡及九郡属國三十餘縣吳徵璜爲武昌都督以合浦太守修元代之土人請留璜以千數於是遣還舊任及吳主既降晉手書遣馬息融勅㱕歸順㱕流涕數日遣使送印綬詣洛陽晉帝詔復其職封宛陵侯改冠軍將軍璜在州三十年威惠素著爲殊俗所慕及卒舉州啼哭如䘮慈親晉帝以員外郎散騎常侍吳彦爲都督刺史初璜之死九真戍兵作亂逐太守其渠帥趙祉圍郡彦悉平之在任二十五年恩威宣著州民寧靜自表求代晉帝以員外郎散騎常侍顧秘代之秘爲人温良純雅舉州愛之未幾卒州人逼其子參領州事參尋卒弟壽領州事州人不咱壽固求之遂領州事迺殺長吏胡肇等又將殺帳下督軍梁碩碩走得免起兵討壽擒之壽母令鴆殺之碩遂專制一云並其母皆鴆殺恐民情不叶乃令璜子蒼吳太守威領刺史威在職甚得百姓心三十年卒威弟淑子綏相繼爲刺史自基至綏凡四世並爲刺史基璜之祖父也戊寅東晉元帝司馬睿大興元年冬十月晉帝詔加廣州刺史陶侃都督交州諸軍事壬午晉永年昌晋王敦以王諒爲刺史使攻梁碩碩舉兵圍諒於龍編癸未晋明帝紹太寧元年春二月陶侃遣兵救王諒未至梁碩拨龍編奪諒節諒不與碩斷諒左臂諒曰死且不避斷臂何爲逾旬而卒碩據州凶暴失眾心侃遣參軍高寶攻碩斬之晋帝以侃領交州刺史進號征南大將軍開府儀同三司未幾吏部侍郎阮放求爲刺史晋帝許之放至寧浦遇寶爲設饌伏兵欲殺之寶覺舉兵擊放放咸之族子也放走得免至州少時暴頞渴死癸丑晋穆帝珊永和九年春三月晋阮敷爲交州刺史敷討林邑破五十餘壘初晋平吳徵交州兵交州刺史陶璜上言曰交州外距林邑繩數千里夷帥范熊世爲逋寇自稱王數攻百姓旦連扶南種類猥多明黨相倚負險不實往隸吳時劫掠良民殺害長吏臣昔爲固國所采編戍在南十有餘年雖剪其魁桀而深山僻穴常有逋竄南土湿潤多有毒氣累年征討死亡减耗見在二千四百人今四海混同無思不服當卷甲鎖兵令其損約以示單弱夫風塵之變出於非常晋武從之至今猶見其效己亥晋安帝德宗隆安三年春三月林邑王范胡達陷日南九真遂寇交州杜瑗擊破之辛亥晉義熙七年夏四月永嘉太守盧循來奔初刺史杜瑗卒或云瑗本属京兆祖元守合浦因居交趾晉帝以其子慧度爲刺史代之詔書未至循攻破合浦逕向交州慧度率州府文武拒循於石𥔎破之循餘眾猶二千李遜餘黨李脱等結集俚獠五千餘人以應循庚子至龍編南津慧度悉散家財賞軍士與循合戰擲稚尾炬焚其舟艦以步兵夾岸射之循舟艦俱燃遂大潰循知必死先鴆妻子召妓妾問曰誰能從我者多云雀鼠貪生就死實難或云官上當死某𡸈願生循乃悉殺諸辞死者因自投于水慧度取其屍斬之并妻子及脱等函首送建康癸丑晋義熙九年春二月林邑王范胡達寇九真慧度擊斬之乙卯晋義熙十一年冬十二月林邑寇交州州將敗之庚申晋恭帝德文元熙二年宋武帝劉裕永初元年秋七月慧度擊林邑大破之斬殺過半林邑乞降許之前後爲所掠者皆遣還慧度在州布衣蔬食禁淫祠修學校歲飢以私祿賑給之爲政纖密一如治家吏民畏而愛之城門夜開道不十遺慧度卒贈左將軍以其子弘文爲刺史是歲晋亡丁卯宋文帝義龍元家四年夏四月庚戌宋帝徵弘文爲廷尉王徽之爲刺史時弘文有疾自輿就道或勸之待病愈弘文曰吾仗節三世常欲投軀帝庭况被徵乎遂行卒於廣州辛未宋元嘉八年林邑王范陽邁寇九真州兵擊却之壬申宋元嘉九年夏五月林邑王范陽邁遣使入貢于宋求領交州宋帝詔答以道遠不許黎文休曰賁育之稚幼則不能抗跛尪之壯年林邑乘我越無軍之時乃寇日南九真而求領之𡸈當時我越不能支此林邑耶特以無統率之者故也時不終否而必泰勢不終屈而必伸李太宗斬其主乍斗聖宗擒其主制矩而繁其民五萬人至今爲臣僕亦足以雪數年污辱之讐耻也丙子宋元嘉十三年春二月宋帝遣交州刺史檀和之討林邑初林邑王笵陽邁雖遣使入貢而寇盗不絶故宋帝使和之討之時南陽人宗慤家世業儒慤獨好武事常言願乘長風破萬里浪及和之伐林邑慤自奮請從軍宋帝以慤爲振武將軍和之遣慤爲前鋒陽邁聞軍出遣使表請還所掠日南民輸金一萬斤銀十萬斤宋帝詔和之若陽邁果有誠欵亦與其歸順和之至朱梧戍小註朱梧縣自漢以來属日南郡時於其地置戍遣府户曹參軍姜仲基等府者交州刺史府也前詣陽邁陽邁執之和之怒進圍林邑將笵扶龍於區粟城陽邁遣其將笵昆沙達救之慤潜兵迎擊昆沙達大破之五月和之等拨區粟城斬扶龍乘勝入象浦陽邁傾國來戰以具装被象前後無際慤曰吾聞外國有獅子威服百獸乃制其形與象相拒象果驚走林邑兵大敗和之遂克林邑陽邁及其子僅以身免所獲異名之寶不可勝計慤一無所取還家之日衣櫛蕭然史臣吳士連曰有用之才無施不可𡸈拘於世人之立志有異尔志乎道德者功名不足以勤其心志乎功名者富貴不足以勤其心宗慤之志盖志乎功名者歟還家之日財物一無所取此富貴不足以勤其心之實也較之志道德者固不可及而視其志富貴者風斯下矣丁丑宋元嘉十四年冬十月壬午檀和之去官歸戊申宋明帝彧泰始四年春三月刺史劉牧病卒州人李長仁殺州牧北來部曲遂據州反自稱刺史秋八月宋帝以南康相劉勃爲交州刺史勃至爲長人所拒未幾卒十一月李長仁遣使請降自貶行州事己未宋順帝準昇明三年齊髙帝蕭道成建元元年春三月朔日食秋七月齊帝以李叔獻爲交州刺史叔獻長仁之從弟也初刺史長仁卒叔獻代領州事以號令未行遣使求刺史於宋宋以南海泰守沈渙爲刺史以叔獻爲寧遠軍司馬武平新昌二部太守叔獻既得朝命人心服從遂發兵守險不納渙渙留鬱林卒即以叔獻爲刺史撫安南土是歲宋亡甲子齊武帝頤永明二年李叔献既受命而斷割貢献齊帝欲討之乙丑齊永明三年春正月丙辰齊帝以大司農劉楷爲刺史發南康盧陵始興兵討李叔獻叔獻遣使乞罷兵献二十隊純銀兜𮢶及孔雀毦仍吏反以孔雀毛爲飭也齊帝不許叔献惧爲楷所襲間道自湘州朝于齊庚午齊永明八年冬十月刺史房法乘代刘專好讀書嘗属之欲反記也改易將吏不使法乘知録事房秀文白之法乘大怒繋登之於獄十餘日登之厚賂法乘妹夫崔景叔得出因將部曲襲州執法乘謂之曰使君既有疾不宜煩勞囚之别室法乘無事復就登之求讀書登之曰使君靜處猶恐疾作𡸈可觀書遂不與乃奏法乘心疾動不能任事十二月乙卯齊帝以登之爲刺使法乘還至五嶺卒史臣吳士連曰房法乘好讀書而廢事政長吏因之擅權改易將吏書癖之過也至於繋獄而治之能補過矣及聽請託之言乃置之不問其失大矣宜其反焉所襲不死幸矣故凡事過中未有不凶者也壬午梁武帝蕭衍天監元年是歲齊亡乙酉梁天監四年初元凱代登之爲刺史以梁受齊禪而恩威未加因奉州叛至是畟以宋兵討元凱殺之丙申梁天監十五年畟又斬元凱餘黨李宗老傳首建康州乃平右属于吳晋宋齊梁起丁未終庚申共三百十四年前李紀在位七年帝志在滅賊救民不幸遭陳霸先侵伐飲恨而没帝姓李諱賁龍興太平人也其先北人西漢末苦於征伐避居土七世遂爲南人有文武才初仕梁遭亂歸太平時守令暴刻林邑寇邊帝起兵攻逐之稱爲南帝國號萬春郡龍邊辛酉元年梁七年大同交州刺史武林侯蕭諮以刻暴失眾心帝世家豪右天資奇才仕不得志又有并韶者富於詞藻詣繏求官梁吏部尙書蔡樽以并姓無前賢除廣陽門郎韶耻之還鄕里從帝謀起兵帝時監九德州因連結數州豪傑惧響應有朱鳶酋長趙肅者服帝才德首率眾歸焉諮覺之賄輸于帝奔還廣州帝出據州城即龍編也壬戌二年梁大同八年冬十二月梁帝命孫冋盧子䧺冏以春瘴方起請待秋時廣州刺史新喻侯瑍不許武林侯諮趣之子䧺等到合浦死者十六七眾潰而歸諮誣奏冏及子䧺追遛皆賜死癸亥三年梁大同九年夏四月林邑王寇日南帝命其將范脩擊破之于九德甲子天德元年梁大同十年春正月帝因勝敵自稱南越帝即位建元置百官建國號曰萬春望社稷至萬世也起萬壽殿以爲朝會之所以趙肅爲太傅并韶范脩等並拜將相官乙丑二年梁大同十一年夏六月梁以楊㬓純招反又七妙反爲交州刺史陳霸先爲司馬將兵來侵命定州刺史蕭勃會㬓於江西勃知士卒憚遠役因詭説留㬓㬓集諸將問計覇先曰交州叛换罪由宗室遂使溷亂數州逋誅累歲定州欲偷安目前不顧𡐡計節下奉辞伐罪當死生以之𡸈可逗瀏不進長寇沮眾乎遂勒眾先發𭛁以覇先爲前鋒至州帝率眾三萬拒之敗於朱鳶又敗於蘇歷江口帝奔嘉寧城梁兵追圍之丙寅三年梁中大同元年春正月覇先等克嘉寧城帝入新昌獠中梁兵遂屯嘉寧江口秋八月帝復率二萬自獠中率屯典澈湖大造舟艦充塞湖中梁兵憚之頓湖口不敢進覇先謂諸將曰我師已老將士疲勞且孤軍無援入人心腹若一戰不利𡸈望生全今藉其屢敗人情未固夷獠烏合易爲摧殄正當共出百死决力取之無故停留時事去矣諸將皆默然莫應是夜江水暴漲七尺注湖中覇先勒所部兵隨流水先進梁眾皷譟而前帝素不爲備因大潰退保屈獠洞中治兵欲復戰委大將趙光復守國調兵擊覇先丁卯四年梁太清元年春正月朔日食趙光復與陳覇先將持未决勝負而覇先軍甚盛光復度不能之乃退保夜澤其澤在朱鳶周廻不知里數草木榛莽叢薄交蔽中有基地可居四靣泥淖沮洳人馬難行惟用獨木小舟篙行於水草之上乃可到然非諳識岐路則迷不知處誤墮水中爲虫蛇所傷死光復諳得脉絡率二萬餘人屯澤中址晝則泯絶煙火人跡夜則以獨木船出兵擊覇先營殺獲甚眾所得粮食爲持久計覇先蹀而攻之竟不能得國人號夜澤王世傳雄王時王女仙容媚娘出遊海口船回至褚家鄕洲步行洲上遇褚童子裸身先匿葦叢中自以爲月老葦緣其合爲夫妻畏罪避居岸上所居便成都會王調兵討之童子仙容恐惧待罪忽夜半風雨暴至舂撞所居棟宇自拨居人及鷄犬一時同升于天留其空址在澤中時人呼其洲曰自然洲其澤曰一夜澤今存舊號云右前南帝起辛酉終丁卯凣七年趙越王紀趙越王在位二十三年附𣑯郎王王㨿險設奇以摧大敵惜夫過愛其女𦤶有女壻之衬王姓趙諱光復趙肅之子朱鳶縣人威壮勇烈從南帝征伐有功拜左將軍南帝薨乃稱王都龍編遷武寕戊辰元年梁太清二年春三月辛亥三帝在屈獠洞中日久肙瘴病薨黎文休曰兵法云三萬齊力天下莫能當焉今李賁有眾五萬而不能守國然則賁短於爲將耶抑新集之兵不可與戰耶李賁亦中才之將其臨敵制勝不爲不能然卒以两敗身亡者盖不幸而遇陳覇先之善用兵也史臣鼯士連曰前南帝之𦥷兵除暴宜若順乎天矣然而卒𦤶敗亡者盖天未欲我國平治耶嗚呼非特遇覇先之善用兵又遭江水之暴涨以助其勢庸非天乎己巳二年梁太清三年王居澤中以梁兵不退之故焚香祈禱懇吿于天地神祇於是得龍爪兠鍪之瑞用以擊賊俗傳澤中神人褚童子時乘黃龍自天而下脱龍爪付王俾戴兜鍪上以擊賊庚午三年梁簡文帝綱太寳元年春正月梁授陳覇先威明將軍交州刺史覇先又圖欲持守日久使粮絶兵疲則可破會梁有侯景之亂召還委裨將楊孱攻王王縱兵擊之孱拒戰敗死梁軍潰北歸王入龍編城居之南帝兄天寳居夷獠中稱桃郎王立國曰野能國先是南帝避居屈獠之時天寳與族將李佛子率三萬人入九眞陳覇先追擊之天寳兵敗乃收餘眾萬人奔哀牢境夷獠中見桃江原頭野能洞地廣衍沃可居築城居之因地名建國號至是眾推爲主稱桃郎王乙亥八年梁敬帝方智紹泰元年桃郎王卒于野能國無嗣眾推李佛子爲嗣統其眾李佛子率眾東下與王戰于太平縣凣五接陣未决勝負而佛子兵少却意王有異術乃󰕖和請盟王以佛子前南帝族不忍絶遂割界于君臣州今慈廉縣上下葛二社是也居國之西遷嗚鳶城今慈廉縣下姥社是也其社今有八郎神祠盖雅郎之祠也後佛子有子雅郎求婚王女杲娘許之遂成姻好王鍾愛杲娘居雅郎爲贅壻焉夫居妻家庚寅二十三年陳宣帝頊大建二年雅郎謂其妻曰昔吾两父王爲讐今爲婚姻不亦善乎然此父何術能却彼父兵杲娘不覺其意密取龍爪兜鍪示之雅郎潜謀易其爪私謂杲娘曰吾聞父母深恩重如天地吾夫婦雅相愛重不忍契闊吾且割愛歸家雅郎歸與其父謀襲王取其國史臣吳士連曰婦人謂嫁曰歸則夫家迺其家也何爲循嬴秦贅壻之俗以𦤶敗亡哉右趙越王起戊辰終庚寅凣二十三年後李紀後李南帝在位三十二年帝用詐術以併國望賊風而先降終始所行皆非義也帝姓李諱佛子前南帝族將也逐趙越王襲南帝位號都嗚鳶遷峯州辛卯元年陳大建三年帝渝盟舉兵攻趙越王越王初不覺其意倉卒督兵披兜鍪立以待帝兵益進趙越王自知勢屈不能禦乃携其女子南奔欲擇險地匿跡所至帝兵皆踵後越王引馬奔至大鴉海口阻水歎曰吾窮矣遂投于海帝躡至沙然不知所之乃還趙氏亡後人以其靈異立祠于大鴉海口奉事之後南帝之攻趙越王爲計得矣以王道覌之曾犬彘之不若也前南帝在屈獠時以軍事委越王王收殘卒㨿夜澤沮洳之險當覇先一世之䧺竟獲其將楊孱北人爲之退師時帝竄居夷中圖脱虎口而已幸而覇先北歸天寳繼沒乃舉兵攻越王譎計請和約爲婚姻王以誠待之割地居之所行皆出於正交好有道朝聘以時𡸈非久安長治之道邪顧乃用雅郎之邪謀拂人倫之正道㥯功利滅仁義攻取其國雖曰得之而雅郎先子身不免爲侼虜𡸈爲利乎壬戌三十二年隋文帝楊堅仁壽元年帝遣其兄子代權㨿龍編城別帥李普鼎㨿嗚鳶城時帝都峯州隋楊素薦瓜州刺史長安劉方有將帥之畧隋帝詔以爲交州道行軍縂管統二十七營來侵方軍令嚴肅有犯必斬然性仁愛士卒有疾病者親臨撫養士卒亦以此懷其德而畏其威至都隆嶺遇草賊擊破之進軍臨帝營先諭以禍福帝惧請降北歸薨民爲立祠于小鴉海口以對趙越王祠史臣吳士連曰南北強弱各以其時當北方之弱則我強北方強則我亦爲之渃天下大勢然也若夫有國家者脩爾甲兵整爾車徒預備無󰔄設險守國事大以禮字小以人及其暇日申之以孝悌忠信使國人知親上死長之義或見侵陵修之以文吿之以辭將之以玉帛之禮猶不免焉雖至於困背城一戰誓以死守與社稷俱存亡然後爲無愧安有賊人臨境兵内未接乃惧而請降之理哉帝既柔懦而當時將相曾無一言及之可謂國無人矣右後南帝起辛卯終壬戌凣三十二年通計前南帝趙越王合六十二年属隋唐紀癸亥隋仁壽二年劉方妆獲後南帝舊將目為桀點皆斬之乙丑隋煬帝廣大業元年春正月劉方新平我土隋群臣有言林邑多奇寶者隋帝乃授方驩州道行軍總𬋩經畧林邑方遣欽州刺史寗長真等以步騎萬餘出越裳方親率大將軍張愻蘇困切等以舟師出比境漢縣属日南郡隋置比境郡是月軍至海口三月林邑王梵志遣兵守險劉方擊走之師度闍黎江林唈兵乘巨象四靣而至方戰不利乃多掘小坑草襨其上以兵挑之既戰佯比林邑人逐之象多陷坑顛躓轉將驚駭軍遂乱方以弩射象却走躁其陣因以銳師繼之林邑大敗俘馘萬計方進追之屢戰皆捷過馬援銅柱南八日至其國都夏四月梵志棄城走入海方入城獲廟主十八皆鑄金為之有國十八葉也士卒腫足死者十四五方亦得疾死于道史臣吳士連曰林邑自取敗亡有由來矣自范胡達之𨺻日南九真寇交州為晋杜瑗擊破曾不是懲今年寇九真明年寇交州杜慧度又破之所殺過半矣陽邁又寇九德宋檀和之討服其罪雖遣使入貢而盜寇如初宗慤和之長驅克林邑陽邁幸脱虎口挺身而走自是南海澄波󰱃幾求戒矣范志繼立又寇日南范脩破于九德終後南帝之世不敢北窺中州而其國亦段富矣至是隋人貪其寶貨興師伐之踣其國都汙其室宫雖曰貪暴之師而蠻夷猾夏者亦可以懲矣戊寅唐髙祖李渊武德元囝夏四月欽州刺史寗長真以鬱林始安之地附於蕭銑漢陽太守馮盎以蒼梧髙要珠崖番禺之地附於林士弘銑士弘各遣人招交州太守丘和和不從銑遣長真帥領南兵自海道攻和司法書佐髙士廉説和曰長真兵數雖多懸軍遠來粮少不䏻持久和從之以士廉為行軍司馬將水陸諸營逆擊破之長真僅以身免盡俘其眾和乃築子城城内小城也周回九百步以禦之及隋亡納欵於唐唐詔李道祐持節授和交州太總管爵譚國公和遣士廉奉表請入朝詔𭛁師迎之是歲隋亡壬午唐武德五年初隋末丘和為交趾太守恃隋威勢廵邊徼諸溪洞居州凡六十年餘林邑諸國遣和明珠文犀今寶故和富埒王者是歳唐改交趾曰安南都護府戊子唐太宗世民貞觀二年唐宗室李壽為交趾都督貪墨得罪唐帝以嬴州刺使盧祖尚才兼文武徵入朝諭曰交趾久不得人前後都督皆不稱職為我鎮之勿以道遠為辭祖尚拜謝既而復悔以疾辭唐帝遣杜如晦諭㫖固辭又遣其妻兄周範往諭之曰匹夫相許猶䏻存信卿靣許朕𡸈得皆之宜可早行三年必召朕不食言對曰嶺南瘴癘去無還理唐帝怒曰我使人不行何以為政命斬於朝堂尋悔復其官蔭史臣吳士連曰君使臣以禮臣事君以中唐太宗使臣不行諭之至再可謂有禮也祖尚於王事辭難失節矣既許復悔失信矣言辭憤激失禮矣太宗殺之雖過而祖尚具此三失罪何如哉乙未唐貞觀九年唐宗室李道興為交州都督以瘴癘卒于官丁亥唐中宗哲嗣聖四年秋七月嶺南俚戶舊輸半課都護劉延祐使之全輸俚戶始怒謀作亂李嗣先為謀主延祐殺之其餘黨丁建等合眾園府城城中兵少不支󰞿壘待援廣州大族馮子由幸立功按兵不出後桂州司馬曹直静攻建殺之壬戌唐玄宗隆基開元十年賊帥梅叔鸞㨿州稱黑帝外結林邑真臘人等眾號三十萬唐帝遣内侍左監門衛將軍楊思朂都護元楚客討平之戊戌唐肅宗亨至德三年唐改安南都護府曰鎮南都護府丁未唐代宗豫大曆二年崑崙闍婆來寇攻𨺻州城經畧使張伯儀求援於武定都尉髙正平援兵至破崑崙闍婆軍於朱鳶伯儀更築羅城時有全節婦者交州󰘍齊亮母也常以忠義誨亮亮頑狠不聽遂絶之自田而食自織而衣州里法焉唐帝詔賜两丁侍養令本道四時撫問戊申唐大曆三年唐復交州為安南都護府甲子唐德宗适興元元年九真姜公輔仕于唐第進士補校書郎以制策異等授右拾遺翰林學士兼京兆戶曹參軍嘗請誅朱泚唐帝不從俄而京師亂唐帝自苑門出公輔又叩馬諫曰泚嘗帥涇原得士心以朱滔叛奪其兵權居常怫鬱請馳捕以從無為群兇兒得之唐帝倉卒不及聽既行欲駐鳳翔倚張鎰公輔曰鎰雖信臣然文吏也所領皆朱泚部曲漁陽突騎泚若直趍涇原為變非萬全策也遂之奉天有言泚反者請為守備唐帝聽盧杞之訁詔諸道兵距城一舍而止欲待泚奉迎公輔曰王者不嚴武備無以重威靈今禁旅單寡而士馬處外臣為陛下危之泚兵果至如所言乃擢為諫議大夫同中書門下平章事諫厚塟唐安公主忤㫖陸贄爲奏觧之不能回竟下遷太子左庶子又貶泉州别駕唐順宗即位拜吉州刺史未就官卒弟姜公復亦舉進士終北部侍郎辛未唐貞元七年春安南都護府髙正平為政重歛夏四月交州唐林人唐林在福祿縣馮興起兵圍府政平以憂子先是馮興豪富有勇力能排牛搏虎於唐代宗大曆中因交州亂與其弟駭相率復諸隣邑興號都君駭號都保與正平相攻久不能克本鄕人杜英翰計率眾圍府正平憂憤成疾𭛁背死因居府治未幾卒子安尊為布盖大王俗謂父曰布母曰盖故以為名焉王能顯靈異眾以為神乃於都府之西立祠歳時奉祀即孚佑彰信崇義布盖大王其神祠今在盛光坊耤田東西五月辛巳唐置柔遠軍於府治秋七月庚辰唐以趙昌為都護昌入境眾心遂安昌遣使諭安安率眾降昌增築羅城稍復牢固在位十七年以足疾乞還許之以兵部郎中裴泰代昌癸未唐貞元十九年都督裴泰剷去城中溝地城合為一城溝地一作溝池州將王季元逐泰唐帝召昌問状昌年踰七十奏事精白唐帝奇之復拜交州都護昌至州人相賀亂乃定戊子唐憲宗純元和三年張舟為交州都護初舟為經畧判官至是迁為都護增築大羅城造艨艟短船也又築驩愛二城以其城前被環王即占城王故攻毀也己亥唐元和十四年冬十月都護李象古以貪縱苛刻失眾心其將楊清世為蛮酋唐開元間為驩州刺史象古忌之召為牙將至是令討黃洞蠻清因人心忿怒夜還襲州𨺻之殺象古詔桂仲攻清不克清入諸蠻獠中作乱剽畧城府都護李元嘉攻之不克誘之不來由是黃洞蠻引環王入寇甲辰唐穆宗恒長󰆑四年冬十一月李元嘉以城門有逆水恐州人多生叛意因移今城焉時元嘉移撫治於有相者曰君力不足築大城五十年後必有姓髙者於此定都建府至咸通中髙駢增築羅城戊申唐文宗涵太和二年都護韓約擊峯州王昇朝克之後為楊清所逐奔還廣州辛酉唐武宗炎會昌元年唐詔之武渾代韓約為經畧使癸亥唐會昌三年經畧使武渾役將士治城府將士作亂燒城樓刧府庫渾奔廣州監軍段士則撫安乱眾南蠻入寇唐詔經畧使裴元又帥鄰道兵討平之丁丑唐宣宗󰠐大中十一年夏四月唐以右千牛衞大將軍朱涯為交州經畧使戊寅唐大中十二年春正月唐以康王傅王式為交州經畧都護使式有才畧至府樹芀木為梄深塹其外泄城中水塹植刺竹寇不能󰱆󰱇教士卒甚銳󰟸之南蠻大至屯錦田步頭去州半日程式意思安閒遣譯諭之陳其利害蠻一夜引去遣人謝之曰我自執叛獠耳非為寇也又有都校羅行恭都校猶言都將久專府政麾下精兵二千都護中軍纔嬴兵數百初都護李琢為政貪暴強市蠻中牛馬一頭止與盐一斗又殺蠻酋長杜存誠羣蠻怒怨導南詔侵盗邊境峯州桃林西原舊有防冬兵六千其傍七舘洞蠻酋長李由獨常助之戍守輸租税知峯州者缺姓名言於琢請罷戍兵專委由獨防�於是由獨勢孤不能自立南詔拓節度拓東言將開拓東境也交趾南詔東故置焉以書誘之以女婦其子補拓東拓牙由獨遂率其眾臣於南詔自是交州始有蠻患也是年五月蠻來寇式却之秋七月有惡民屢為亂聲言聞經畧使朱涯朱涯在廣州使麾下挍黃頭軍以黃󰱆頭號黃頭軍渡海來襲我矣相與夜為城皷譟願送式北㱕我欲頓此城比禦黃頭軍式方食或勸出避之式曰吾足一動則城潰也徐食畢擐甲率左右登城建大將旗坐而責之亂者反走明日悉捕誅之時饑亂相繼六年無上供上供者錢帛之師以供上用也輸軍中無󰍁賞式始修貢賦享士卒占城真臘皆復通使庚辰唐懿宗󰱉咸通元年春浙東賊裘甫作亂唐議選將平之夏侯孜曰王式雖儒家子前在安南威服華夷各聞遠地可任也御拜浙東觀察使冬十一月戊申土蠻引南詔兵合三萬餘人乘虚攻我府𨺻之都護李鄠與監軍奔武州辛巳唐咸通二年春正月唐帝詔𭛁邕𬋩及鄰道兵來救鄠擊南夷夏六月癸丑唐以盐州防禦使王寬為安南經畧使時鄠自武州𠬧集土軍攻羣蠻復取府城唐帝責其失守貶儋州司戶尋流峯州以王寬為都護經畧使鄠之初至也殺蠻酋杜澄故其宗黨因誘導羣蠻𨺻州壬午唐咸通三年春二月南詔復入寇王寬數遣使吿急唐帝以前湖南觀察使蔡襲大之仍𭛁許滑徐汴荆㐮潭鄂等道兵合三萬人授襲以禦之兵勢既盛蠻遂引去夏五月嶺南節度蔡京以襲將諸道兵來禦蛮恐其立功忌之因奏南蛮遁边徼無虞武夫邀功妄請戍兵虚費餽運盖以荒陬路遠難於襨驗故得肆其姦詐請罷戍兵各遠本道襲累奏羣蛮伺隲九不可無備乞留戍兵五千人不聽襲以蛮寇必至兵食皆闕智力两󰠃作十必死状中中書時相信京言終不之省秋七月蔡京在任為政苛慘闔境怨之為軍士所逐貶崖州司戶不肯之官勑賜死冬十月南詔羣蛮五萬人來寇襲吿急唐帝勑𭛁荆南湖南两道兵二千桂𬋩義征子弟因其應慕從軍名之也十二月襲又求益兵勑山南東道𭛁弩手千人赴之時南詔已圍府救兵不得至襲但󰞿城固守而已󰞿縈也癸未唐咸通四年春正月庚午南詔𨺻府城蔡襲左右皆尽襲徒步力戰身集十矢欲趣監軍船船已離岸遂溺海死闔家七十人幙僚樊綽先携襲印符渡江得免荆南江西鄂岳㐮等州將士四百餘人走至城東水際荆南󰔄侯元惟德等謂眾曰吾軰無船入水則死不若還入城與蛮人鬪以一人易二蛮亦有利安南羅城東門也蛮人不為備惟德等縱兵殺蛮二千餘人迨夜蛮將楊思縉始自子城城内小城也出救惟德等皆死南詔两𨺻交州所殺虜且十五萬人留兵二萬使思縉據我交州城溪洞夷獠無遠近皆降之南詔以其属段酋遷領我府節度使唐帝詔召還諸道援兵分保嶺南西道六月廢安南都護府置行交州於海門鎮以右監門衛將軍宋戎行交州刺史以武義節度使康承訓兼嶺南及諸軍行營秋七月復置安南都護府於行交州以宋戎為泾畧使𭛁山東兵萬人以鎮之時唐諸道兵来援者屯嶺南不進虚費餽運潤州人陳磻石上言請造千斛舟自福建運来泛海不一月至廣州從之軍食以足有司以和隺為名奪商人舟委其貨於岸側舟人海或遇風濤沉溺有司囚繋網史舟人使償其米人頗苦之甲申唐咸通五年唐帝以總管經畧使張茵兼勾當交州事益海門鎮兵满二萬五千人令茵進取府城秋七月茵逗逼不敢進夏侯孜薦驍衛將軍髙駢代之乃以駢為都護總管經畧招討使茵所將兵悉以授之駢小字千里南平郡王崇文之孫也世典禁兵頗折節為學好談論古今軍中之人更相少事朱淑明有二鵰並飛引弓欲射且祝之曰我長且貴富中之一𤼵遂疊中眾大驚因號落鵰侍御史累遷右神策都󰔄候党項叛駢領禁兵萬餘人戍長武屢有功遷秦州防衛使復有功時南詔占據我地故委駢來代之乙酉唐咸通六年秋七月駢治兵於海門未進監軍李維周惡駢欲去之屢𧼈駢使進軍駢以五千餘人先濟約維周𤼵兵應援駢既行維周擁餘眾不𤼵九月駢至南定峯州蠻眾近五萬方穫田禾駢掩擊大破之斬張詮等𠬧其所穫以食軍丙戌唐󰦭通七年在交州西北節度使張緝助酋遷攻交州以范昵為我府都統趙諾眉為浮邪都統唐監陳讀曰陣勑使韋仲宰將七千餘人至峯州駢得以益其兵進擊南詔屢破之㨗奏至海門維周皆匿之數月無聲聞唐帝恠之以問維周維周奏駢駐軍峯州玩敵不進唐帝怒以右武衛將軍王晏權代駢召駢詣闕欲重貶之是月駢大破南詔蠻殺獲甚南詔引餘眾奔入州城固守冬十月駢圍州城十餘日蠻人困蹙甚城且下會得王晏權牒已與維周将大軍𤼵海門駢即以軍事授仲宰而與麾下百餘人北㱕先是仲宰遣小使王慧賛駢遣小校曾衮共賫㨗書㱕唐至海中望見旌旗東來問逰船云此新經畧使與監軍來也二人謀曰維周必奪表留我乃匿於島聞維周過即馳詣京師唐帝得奏大喜即加駢撿校工部尚書使駢來攻蠻人駢至海門而還晏權闇懦動輙禀維周之命維周㐫貪諸將不為之用遂解重圍蠻人遁去者太半駢至復督勵將士攻城扳之殺酋遷及士蠻為南詔向道者朱古道斬首三萬餘級南遁去駢又破土蠻之附南詔者二洞誅其酋長土蠻率眾㱕附者萬七千人十一月壬子唐帝詔交州邕州西州諸路軍各保疆土勿復進攻自此至宋朝安為靜海軍節鎮南自李琢侵擾而羣蠻焉患殆將十年至是始平駢㨿我府稱王築羅城周回一千九百八十二丈零五尺城身髙潜石襨船漕運不通遂命攝長使林諷湖南將軍余存古等領本部兵并水手一千餘人徃徃𮢶之論曰天道助順神功扶直今𮢶海派用濟生民苟不徇私何難之有前時都護󰍁師不至持法不堅負約營私人皆怠隋今我則不然秪要濟王事耳言訖諷等拜命而徃复四月五日興功䟽𮢶逾月之間將欲開達但中間两處俱巨石繚亘數丈𮢶下刅卷施斧柯折役者終日相顧人功殆幾中止五月二十六日當晝忽狂雲怒風暴作窺林若暝視掌如瞽俄而聶天雷震於大石之所數百聲然開霽役者駿奔視之石已摧碎矣其西又値巨石立两處眾工亦不䏻措手六月二十一日復大震如初巨石一時碎裂港乃成因名天威港史臣吳士連曰髙駢𮢶港之役何其異耶盖所合理故得天之助也地道有險夷理之常也人力有濟險亦理之常也苟險而不䏻濟天何假於人哉禹之治水不合乎理天何由成地何由平也其效至於洛龜呈祥非天之自咸通丙戌至甲午鄩自乾符乙未至戊戌庚子唐僖宗儼廣明元年衮代駢撫字有聲人呼曰曾尚書嘗撰交州記一篇唐諸道兵成邕𬋩者徃㱕自歸乙丑唐哀帝祝天祐二年春二月戊戌唐朱全忠以交州節度使同平章事朱全昱𢥮樸無䏻自請罷之全昱全忠之兄也右属于隋唐自癸亥至丙寅共三百四年丁卯唐天祐四年梁太祖朱全忠更名晃開平元年梁以廣州節度使劉隐兼靜海軍節度使封南平王時隐據番禺交州人曲顥據州治稱節度使志在相圖是歲唐亡辛未梁乾化元年梁南平王劉隐卒弟巖立丁丑梁末帝友貞更名頊貞明三年梁廣州知留後劉巖建國號曰漢即南漢紀元乾亨元年曲顥遣子承美為歡好使如廣州因覘虚實顥卒承美襲位己卯梁貞明五年曲承美遣使求節鉞於梁漢主大怒𪚔字而癸未梁龍德三年唐荘宗李存朂同光元年是𡻕梁亡秋七月漢主遣驍将李克正領兵攻交州擒節度使承美以㱕以其将李進代之克正留守州為曲徃将愛州人楊廷藝所逐漢主授廷藝爵位以李進為交州刺史與李克正守其城謂左右曰交跐民好亂但可覊縻而已史臣吳士連曰劉𪚔當北朝擾亂之時席兄舊業建國紀元與曲顥爭覊卒擒承美取交州䧺李進知之馳以告漢主是歲廷藝𭛁兵圍進漢主遣承旨陳寶将兵救之未至而城𨺻進逃㱕寶至圍城廷藝出戰寶敗死於是廷藝自稱節度使領州事丙申唐廢帝從珂清泰三年晋髙祖石敬塘天福元年是歲唐亡據一方與北朝諸僣國相頡頑故前吳王之興雖殲其子殁其軍而不䏻守其地劉氏之綂綿綿不絶至宋祖興而其地始入於宋焉辛卯唐明宗嗣原長興二年冬十二月楊廷藝養假子三千人圖恢復丁酉晋天福二年春三月廷藝牙将矯公羡綱目作交殺廷藝而代之戊戌晋天福三年冬十二月廷藝牙将吳權自愛州舉兵攻公羡公羡遣使以賂求救於漢主龔欲因其亂而取之乃以其子萬王弘操為靜海軍節度使徒封交王将兵救公羡漢主自将屯海門為之聲援問策於崇文使蕭益益曰今霖雨積旬海道險遠吳權桀黠未可輕也大軍當持重多用鄕導然後可進不聽命弘操将舟師自白滕江入欲攻權而權已誅公羡矣權聞弘操且至謂将佐曰弘操一癡兒耳将兵遠來士卒疲弊又聞公羡死無内應氣已先奪吾眾以力待疲破之必矣然彼利於艦不先為之備則勝負之形未可知也若使人先於海門潜植大杙鉄其首󰱆之以紩彼船隨潮漲入杙内然後我易制無有出此者計定遂植杙海口两徬潮漲權使人以輕舟挑戰佯比以𦤶之弘操果進兵潮退杙露權乃進兵擊之皆殊死戰不暇治舟而潮退甚急舟皆着杙以襨蒼黃崩潰士卒溺死太半權乘勝追擊擒弘操殺之漢主慟哭𠬧餘眾而退漢主以名龔為嫌者盖蝟此也劉龔即劉𪚔也史臣吳士連曰劉龔貪人土地欲拓封疆土地未得而以毒其子及其人民即孟子所謂以其所不愛及其所愛者歟右南北分爭自丁卯至戊戌凣三十二年吳紀前吳王在位六年壽四十七歲王善謀善戰再造之功以成為諸王之冠姓吳諱權唐林人世為貴族父旻為本州牧王生有異光满室狀𩔗特殊背上有三黑子相者奇之蝟可為一方之主乃命名曰權及長魁梧奇偉也目光若電綬步如虎有智勇力䏻抗鼎為楊廷藝牙将廷藝以女妻之圈𬋩愛州至是誅矯公羡自立為王都螺城己亥元年晋天福四年春王始稱王立楊氏為后置百官制朝儀定服色甲辰六年晋齊王重貴開運元年黎文休曰前吳王䏻以我越所集之兵破劉弘操百萬之眾拓土稱王使北人不敢復來者可謂以一怒而安其民善謀而善戰者也雖王自居未即帝位改元而我越之正綂󰱃幾乎復續矣史臣吳士連曰前吳之興非徒有戰勝之功其置百官制朝儀定服色帝王之䂓模可見國不永未見治效惜哉楊三哥篡位六年三哥楊后之兄一作弟前吳王家臣僣稱平王乙巳楊三哥元年晋開運二年初前吳王病革遣命三哥輔其子王薨三哥篡位吳王長子昌岌惧奔南󰀋江住茶鄕范令公家三哥以吳王弟二子昌文為己子次子南興乾興尚幼皆附於楊國母久之三哥遣指揮使楊古利杜景碩将兵至令公家索取昌岌凣三反命令公惧遂匿昌岌山洞間三哥知之復索如初竟不䏻得史臣吳士連曰范令公之用心忠矣哉三哥以家臣逐君之鏑而篡其位以昌文為己子假飾之辝爾󰰽得而知幾且當時國人皆已君三可而令公敢匿昌岌欲不絶吳氏之祀也󰰽謂一國之大而無忠臣義士哉丁未楊三哥三年後漢髙祖劉遠仍稱晋天福十二年知是歲晋亡庚戌楊三哥六年漢隱帝承祐仍稱乾祐三年三哥遣昌文及楊杜二使将兵攻太平唐阮二村今又使我等征無辜之邑幸而勝之利已彼如不服為之奈何昌文曰我欲還師揜襲平王以復我先王之業可乎二使曰善乃還襲三哥眾欲殺之昌文曰平王於我有恩𡸈忍加刑乃降為張楊公因賜為食邑是歲漢亡黎文休曰逐軍之子而自位公罪也養君之子為已子而食邑私恩也逐昌岌而自位篡逆之臣於義固不容誅矣後吳王不正其罪乃以口私恩不忍加刑又賜之食邑𡸈不大謬乎在位十五年附天策王王克正皇綱光復舊物惜其動干戈於󰘊域之内反為所斃也王諱昌文前吳王次子也辛亥元年周太祖郭威廣順元年王既黜三哥即王位稱南晉遣使往迎其兄昌岌㱕京師同理國事昌岌稱天策王史臣吳士連曰南晉迎昌岌歸與之共政可謂克恭厥兄欲同其富貴矣昌岌䏻以無功讓之俱俱其禄德𡸈不光大哉乃拘於嫡長之分稱王視政又擅作威福至使南晉王不得預政甚失友于之義志趣甚卑陋矣時華閭洞人丁部領以山谿險固不修臣職二王欲興師討之部領惧遣其子璉入質以止其兵璉至二王責其不庭竟執璉往征之踰月不克乃懸璉竿上使人謂部領曰不降則殺璉部領怒曰大丈夫以功名自許𡸈效兒女之愛子耶󰱩令士餘弩注璉俱𤼵二王驚曰我之懸其子欲使顧惜而速降彼殘忍如此焉用懸為即不殺璉而班師焉時天策擅作威柄王不復預政二王由是有隙甲寅四年周世宗柴榮顯德元年王復位遣使請命於南漢主劉鋹鋹以王為靜海軍節度使兼都護庚申十年周恭帝宗訓元年宋太祖趙匡胤建龍元年是歲周亡乙丑十五年宋乾德三年王帥師攻太平唐阮二村丁璉歸華閭黎文休曰吳南晋前為家臣三哥之拘囚後為其兄昌岌之掩抑一旦得志不䏻自慎而享國日淺政績無聞惜哉然觀其免平王之罪過𡸈非仁乎容昌岌之驕倨𡸈非恭乎既仁且恭亦可見其為人矣史臣吳士連曰吳南晋以義除殘克復舊物足以慰祖宗之靈紓神人之憤其於政治方覩惟新而乃以仁姑息不正三哥篡奪之刑武黜干戈反為唐阮妄動之舉終以自斃惜哉吳使軍凣二年姓吳諱昌熾天策王避難時取南󰀋江女之所生南晋王之姪也丙寅十六年宋乾德四年南晉亡羣䧺𧡟起各據郡邑自守吳昌熾據平橋矯公罕稱矯三制據峯州今白鶴縣阮寬稱阮太平據三帶吳日慶稱吳覧公據唐林一云據膠水杜景碩稱杜景公據杜洞江李圭稱李朗公據超類阮守捷稱阮令公據僊遊吕唐稱吕佐公據細江阮超稱阮右公據西扶烈矯順稱矯令公據回湖今華溪縣陳舍社猶有城故址在范白虎稱防遏范據據藤州陳覽稱陳明公據布海口號十二使君丁卯十七年宋乾德五年時海内無主十二使君爭長莫䏻相統丁部領聞陳明公有德而無嗣乃與其子璉往依之明公見其形貌魁奇又有噐量因養為己子愛遇之恩日益隆厚因授領兵使攻羣䧺范防遏以兵降丁朝為親衛将軍及明公卒會杜洞江吳先主子弟五百人餘率眾來攻纔入烏蠻終為鄕人吳副使所敗而還部領聞之舉兵攻其江及洞部落無不服者自此京府史民皆心㱕之吳氏亡史臣吳士連曰天地之運否必有泰北南同一理也北朝五代壞亂而宋太祖起南朝十二使軍分擾而丁先皇興非偶然也天也右吳氏三王并楊三哥僣位起己亥終丁卯丁紀先皇帝姓丁諱部領大皇華閭洞人驩州刺史丁公著之子也削平使君自立爲帝在位十二年爲内五十六塟長安山陵人杜釋所弑而崩壽帝才明過人勇畧盖世掃盡群䧺統繼趙武然失於預防不保其終惜夫初帝父丁公著爲楊廷藝牙將廷藝授攝歡州刺史後歸吳王遣還舊任卒帝少孤母譚氏與其徒入居洞山神祠側爲兒童時與群童牧牛于也群童自知識量不及相與推爲眾長凣遊戲必率眾交手爲乘輿捧之及以蘆花左右引之象天子儀仗暇日往擊別村兒童所至皆懾服相率日供樵爨以充課役母見之喜爲烹家䐁饗之諸󰀋父老轉相吿曰此兒噐量若是必能濟事我背荀不來附異日悔之晚矣遂率子弟往從之與立爲長居陶澳󰀋其叔父㨿󱖮󰀋與帝拒戰時帝年幼兵勢未振因奔比過譚家娘灣橋橋折陷于淖音泥也叔欲刺之見二皇龍擁之懼而退帝收餘卒復戰叔乃降由是人人畏服凡征戰所過易如破竹號萬勝王時十二使君自相䧺長割據土宇吳昌熾㨿平橋吳日慶㨿唐林矯三制㨿峯州阮太平㨿阮家灣杜景碩據杜洞江阮令公㨿西扶烈細江則有吕佐唐僊遊則有阮守㨗超類則有李郎公洄湖則有矯令公藤州則有范防遏布海則有陳公王一舉平之遂自立爲帝擇得潭村華地建都居之以其世狹隘又無設險之利復都華閭戊辰元年宋開寳元年帝即位建國號大瞿越徙京邑華閭洞肇新都築城鑿池起宫殿制朝儀羣臣上尊號曰大勝明皇帝帝欲以威制天下乃置大鼎于庭養猛虎于檻下令曰有違者受烹齧之罪人皆畏服無有犯者黎文休曰先皇以過人之才明盖世之勇畧當我越無主羣䧺割㨿之時一舉而十二使君盡服其開國建都改稱皇帝置百官設六軍制度畧備殆天意而我越復生聖哲以接趙王之綂也歟己巳二年宋開寳二年閏五月封長子璉爲南越王庚午太平元年宋開寳三年春正月建元舊云我越年號始此因李南帝建元天德遣使如宋結好時宋命大將潘美平嶺南劉鋹也故有是命立五皇后一曰舟嘉二曰貞明三曰矯國四曰瞿國五曰歌翁黎文休曰天地並其覆載日月並其照臨故能生城萬物發育庶類亦猶皇后配儷宸極故能表率宫中化成天下自古秪立一人以主内治而已未聞有五其名者先皇無稽古學而當時帬臣又無匡正之者𦤶使溺私並立五后辛未二年宋開寳四年初定文武僧道以阮匐爲定國公劉基爲都護府士師黎桓爲十道將軍僧綂吳真流賜號匡越大師張麻尼爲僧錄道士鄧玄光授崇真威儀壬申三年宋開寳五年遣南越王璉聘于宋癸酉四年宋開寳六年南越王璉使桓宋遣使封帝爲交趾郡王璉檢校太師靜海軍節度使安南都護制詞畧曰世爲右族能保遐方志慕華風常思内附九州混一五嶺廓清遂達梯航乃輸聀貢嘉令子稱藩之意賜乃父裂土之封秩以維師疇之井賦用褒耆德𡸈限彛章甲戌五年宋開寳七年春二月定十道軍一道十軍一軍十旅一旅十卒一卒十伍一伍十人各戴四方平頂帽乙亥六年宋開寳八年遣鄭琇遺金帛犀象于宋秋宋遣鴻臚卿高保緒率王彦符齎󰀋加授南越王璉開府儀同三司檢校太師交趾郡王是後遣使如宋以璉爲主丙子七年宋開寳九年十月以後宋太宗匡義太平興國元年春海外諸國商舶來献方物遣陳元泰如宋報聘冬十月宋太組崩丁丑八年宋太平興國二年遣使如宋賀太宗即位戊寅九年宋太平興國三年春正月地震爲皇太子封次子璿爲衛王二月雨雹夏六月旱己卯十年宋太平興國四年春南越王璉殺皇太子項郎璉帝長子微時常預難苦及定天下帝意欲傳位即封爲南越王又賞請命受封于宋後帝生少子項郎尤鍾愛之立爲太子璉以是不平使人陰殺之史臣吳士連曰繼世以嫡萬世常經拂是經者未有不𦤶亂也間因世亂立太子則先有功其或嫡長過惡廢之然後立次此處變而得其宜也古人皆已行之矣南越王璉長且有功未聞過矣先皇乃愛少子而忘其嫡謂足以伸鍾愛之情不知適以害之也而璉之忍心至殺其弟天倫滅矣其禍至於殞身以及其父𡸈不烈矣哉不然杜釋大恶何由而萌以符讖語也冬十月秪候内人杜釋弑帝于宫庭定國公阮匐等誅之先是釋爲桐䦕吏夜卧橋上忽流星入口釋以爲休徵遂萌弑心至是乘帝夜宴醉卧庭中遂殺之害及南越王璉時捕賊甚急釋潜伏于宮霤踰三日渴甚遇雨以手盛水而飲宫女見之以吿定國公阮匐使人收斬之碎其骨臠其肉分與國人食之不争啖焉初帝微時嘗漁于膠水江綱得大圭觸頭闕其角是夜投膠水寺宿藏圭于魚筥底待明是賣魚時帝方熟睡其筥有異光寺僧起問故帝言乃以圭示之僧嘆曰吾子他日富貴不可言但長耳又於太平五年得讖文曰杜弑弑丁丁黎家出聖明兢頭多宏兒道路絶人行十八子登僊計都二十天人以爲天數自定云時定國公阮匐外甲丁佃與十道將軍黎桓奉衛王璿即皇帝位尊帝曰先皇帝尊親生母楊氏爲皇太后奉先皇帝柩塟長焉山陵史臣吳士連曰帝王之興未有不本於天者也然聖人不恃其命之在天而尤盡其事之在我事既濟矣尤思患而豫防之禮樂刑政之脩所以防人心也重門擊析之設所以待暴客也盖大行皇帝姓黎諱桓愛州人也仕丁爲十道將軍宋師來侵領兵出拒遂代丁而有天長春殿下在位二十四年壽六十五崩于帝乘内姦而取國却外寇以安民海内晏然北南無事惜其見儲不早使後嗣内訌以至於亡其於夫婦之倫多有慚德先是帝父覔母鄧氏初懷娠夢腹中生蓮花俄而結實取之分與人而己獨不食及覺莫察其故以晋天福六年辛丑秋七月十五日誕生鄧氏見丰好異常示人曰此兒長成恐吾不及享其祿數年母亡父亦尋卒惸音煢獨也然一身孤寒萬状本州有黎觀察者見而異之曰此兒資格非庸人比復以同姓之故養以爲子朝夕撫育不啻己出常遇冬寒帝覆舂擣米噐也是夜祥光盈室觀察潜往觀之乃黃龍擁其上也由是愈噐之及長往事南越王璉倜儻有大志先皇嘉其智勇度必能濟事遂以士卒二千人與之累迁至十道將軍殿前都指揮𣐳至是代丁氏爲帝乃都華閭辛巳二年宋太平𦥷國六年按歴代年紀諸本皆以是年爲天福元年今改之春三月侯仁保孫全興至諒山陳欽祚至西結劉澄至白虅江帝自將禦之使士卒植樁捍江宋兵退復至支陵江帝令士卒詐降以誘仁寳因擒斬之欽祚等聞水軍敗引兵還帝出諸將擊之欽祚軍大敗死者太半屍填原野擒其將郭君辨趙奉勳歸華閭由是海内大定群臣上尊號曰明乾應運神武昇平至仁廣孝皇帝黎文休曰黎大行之誅丁佃執阮匐擒君辨虜奉勳如驅小兒如役奴󰒜曾不數年而疆土大定其戰勝攻取之功雖漢唐無以過也或問大行與李太祖孰優曰自其削平内奸攘挫外寇以状我越以威宋人而言則李太祖不如大行之功爲難自其素著恩威人樂推戴延長國祚垂裕後昆而言則大行不如李太祖之慮爲長然則太祖優歟曰優則不知但以李德󰗯黎爲厚爾當從李史臣吳士連曰三綱之道萬世常經不可一日紊大行居攝之時衛王雖幼其君也乃稱副王將有不利春秋之法人人皆得舉行之阮匐丁佃安得恝然忍視之哉於是退而起兵聲罪𦤶討圖存社稷忠義之臣也事不濟而死則謂死節之神文休之論乃儕諸亂賊使人倫之道不明於後世將啓篡奪之萌凣有權力者争慕效之綱常掃地矣不得不辨宋江南轉運使許仲宣以仁寳敗死事聞宋帝詔𤤻師遣使讓劉澄賈湜王僎等澄病死󰱓戮于邕州孫全興亦坐棄市壬午三年宋太平國七年興立丁朝皇太后楊氏爲大勝明皇后后先皇配衛王璿母也帝得國時納之宫中至是立爲后與奉乾至理皇后順聖明道皇后鄭國皇后范皇后並爲五皇后安撫使黎叔顯始革去史臣吳士連曰夫婦人倫之首王化之端易下經首󰦭恒示取女必以正也大行通滛君后至於偃然立以爲后羞惡之心忘矣子效之滛佚取亡𡸈無󰧉禍之端哉帝親征占城克之先是帝遣辭穆吳子庚使占城爲其所執帝怒繕戰船治戈甲自將討之斬其篦眉税于陣占城大敗俘獲士卒不可勝計獲宫妓百人及天竺僧一人遷其重噐收金銀寳貨以萬數夷其城池毀其宗廟朞月還京師是歲大饑癸未四年宋太平國八年興春遣使通好于宋初帝征占城管甲劉繼宗遁居其國至是遣養而養子鈌名乙酉六年宋雍二年熙秋七月望帝之誕辰也使人造舟江中以竹作假山于舟上號南山宋遣使來聘帝遣使如宋求領節鎮丙戌七年宋雍三年熙秋八月點民爲兵冬十月宋遣佐補闕李若拙國子監博士李覺賫制󰀋封帝爲安南都護靜海軍節度使京兆郡侯其制曰王者丕建皇極寵綏列藩設邸京師所以盛會同之礼昨土方靣所以表節制之權矧兹鳶趾之隅式修翠羽之貢適當易師方利建侯不忘請命之恭用舉酬勞之典茲權知三司留後黎某資兼義勇性禀忠純能得󰘊人之心彌謹藩臣之節󰪀者丁璿方在童幼眛厥撫綏爾以肺腑之親掌師旅之事號金自出威愛兼行丁氏自解三使之權以徇眾人之欲遠輸誠悃求領節旄士爕強明化越俗以咸乂尉佗恭順禀漢詔以無違宜以元裔之並列通侯之貴其撫夷落對揚王休稱帝受制盡恭饗禮甚厚日以珍奇之物庭實旅百示其富饒以郭君辨趙奉勳還之又謂若拙𮗓曰蕞爾小󰘊山川悠遠去天萬里僻地一隅行使往來跋涉山川不亦勞乎𮗓對曰本朝提封萬里列郡四地有坦夷亦有險阻此一方何足微遠恩如宋報聘仍言占城人蒲羅遏率其族百餘人内附丁亥八年宋雍四年熙春帝初耕籍田于隊山得金一小甕又耕蟠海山得銀一小甕因名之曰金銀田宋復遣李𮗓來至󰀋寺帝遣法師名順假爲江令迎之𮗓甚善文談時會有两鵝浮水面中𮗓喜吟云鵝鵝两鵝鵝仰面向天涯法師於把掉次韻示之曰白毛鋪綠水紅棹擺青波𮗓益奇之及󰆕舘以詩遺之曰幸遇明時賛盛䣭一身二度使交州東都两别心尤恋南越千重望未休馬踏煙雲穿浪石車辭青嶂泛長流天外有天應遠照溪潭波静見蟾秋順以詩献帝召贈吳匡越觀之匡越曰此詩尊陛下與其主無異帝嘉其意後遺之𮗓辭󰆕詔匡越制曲以餞其辭曰祥光風好錦帆張遙望神僊復帝鄕萬重山水涉滄浪九天󰆕路長情慘切對離觴攀恋使星郎願將深意爲邊疆分明奏我皇戊子九年宋端元年俱尸利呵呻排麻羅太師洪献卒献北人通經史常從征伐爲軍師及勸進謀議國事有大功帝以腹心委之至是卒是歲宋帝改元遣户部員外郎魏庠直史舘李度賫制󰀋加帝檢校太尉己丑興統元年宋端二年拱春正月改元大赦封太子鍮爲擎天大王皇弟二子銀錫爲東城王皇弟三子鉞爲南封王楊進祿以驩愛二州叛帝親征進禄伏誅時帝遣管甲進禄徵驩愛二州税進禄率二州人附于占城占城不納帝聞之率諸軍伐驩愛追捕進禄殺州人不可勝紀庚寅二年宋淳元年化宋遣左正言宋鎬右正言王世則賫制󰀋加封帝特進帝遣牙内指揮使丁承正以船九艘率三百人出太平軍迎之由海口入經半月至白騰江乘潮而行秋九月至長州奈征驛帝郊迎耀之以舟師戰俱按㘘偕行至明德門帝奉制書置殿上不拜詭言近歲與蛮冦接戰塗馬傷足後乃設宴筵行饗禮帝謂鎬曰後有國信當於界首交割毋頗使君至此鎬歸以聞宋帝�之辛卯三年宋淳化二年春二月遣陶勤如宋報聘封皇第四子釘爲禦蛮王居峯州皇第六子釿爲禦北王居扶蘭寨壬辰四年宋淳化三年春正月帝御乾元殿觀燈封皇第五子鋌爲開明王居藤州宣華山陳先生詣闕按本國無宣華山盖是宋徵終南種放惑併徵華山陳摶而史誤以爲我國事不然陳先生盛名後世𡸈無傳乎漏召字華山雲臺觀陳摶所居也夏六月許占城人領取地哩舊城人三百六十餘歸烏哩州地哩今新平烏秋八月命輔國吳子安率三萬人開陸路自南界至地哩癸巳五年宋淳化四年春二月己未朔日食封皇第七子鏦爲定藩王居五縣江司營城皇第八子𨪙爲傅王居杜洞江皇第九子鏡爲中國王居乾沱末連縣宋遣王世則李居簡賫󰀋書封帝爲交趾郡王甲午應天元年宋淳化五年春正月改元封皇第十子鋩爲南國王居武瀧州遣牙校費崇德如宋史臣吳士連曰國君奉宗廟守社稷不幸無嗣則擇宗室子育爲以子將以傳之無窮則有之矣未聞有義兒也且帝有本支蕃矣又所謂義兒者不過育遂其寵愛之私於其人爾盍慮夫將啓篡奪之萌乎報聘占城國王孫制荄入朝先是占城國使制冬献方物帝責其違禮拒之國王惧遣制荄入朝乙未二年宋至道元年封皇第十一子鍉即明提爲行軍王居北岸古覽州義兒爲扶帶王居扶󰅾鄕遣杜亨如宋報聘時宋憚於征役帝負山海險固稍縱邊民侵掠宋境是年春宋廣西路轉運使張觀欽州如洪鎮兵馬監押衛昭美皆上言交趾戰船百餘艘寇如洪鎮掠居民刼廪食而去是夏我蘇茂州又以鄕兵五千侵宋邕州爲都巡檢楊文傑所擊而還宋帝意在撫寕不欲用兵置之不問觀又詐言帝爲丁氏所逐擁餘眾居海島間寇鈔自級今已没觀等上表賀宋帝命太常丞陳士龍爲󰇼訪使覘虚實知帝之無恙也丙申三年宋至道二年春二月帝親征麻皇大發丹波四洞拨之宋議張觀等罪觀病死斬衛昭美於如洪鎮以陳堯叟充廣西轉運使乃遣海康尉李建中賫昭來賜先是我潮陽民文勇等爲亂殺人出亡宋欽州如昔鎮如昔與如洪相鄰鎮將皇令德匿之帝命潮陽鎮將皇成雅追捕令德不還堯叟至如昔詰得藏匿之由盡以所匿南女老少百十三口召成雅交付還之帝義宋遣使謝恩且言以執海賊二十七人宋轉運使約勒溪峝不復騷動矣宋復遣李若拙賫詔書及玉帶來賜既至帝郊迎慢不爲禮以示高異謂若拙曰刧如洪鎮乃外境海賊也皇帝知此非交州兵否若使交州叛命當首擊蕃禺次擊閩越𡸈止如洪鎮而已言訖頓首謝丁酉四年宋至道三年春三月宋帝崩夏四月宋封帝爲南平王帝遣使如宋報聘宋帝賜詔書褒奬先是宋使至常以貢鹹爲辭因縁賦歛至是宋真宗即位聞之只令疆吏召受綸命而不復專使者秋七月帝親征杜洞江賊執其徒歸京師占城以兵窺我邊境戊戌五年宋真宗恒咸平元年春三月地震三日夏五月戊午朔日食是月不雨六月不雨民人病咳牛馬多子冬十月丙戌朔日食己亥六年宋咸平二年帝親征何洞等四十九洞及破日則定邊州等處自是諸州洞皆率服更子七年宋咸平三年詔討峯州鄭航陳麗丹長温賊航等奔傘圓大勝明皇后亡擎天王薨命統將徐穆巡海西境吳子安巡北境覘邊情辛丑八年宋咸平四年帝親征筥隆賊眾見帝張弓注矢將發矢隋再舉絃又斷自惧而退帝遂御舟入窮江逐之賊陳于两岸拒戰官軍陷于江故主衛王璿爲流矢所中殂于陣帝呼天三聲督戰賊自敗壬寅九年宋咸平五年春三月定律令選軍伍分將校爲两𤤻改十道爲路府州詔造兠鍪數千頂頒賜六軍癸卯十年宋咸平六年帝幸驩州浚多盖港今華盖是直抵暗州思拱場多盖人叛斬首以徇日効城民人及頭目皇慶集等挈家四百五十餘口率亡宋欽州塢宋遣使慰撫令還慶集等惧不還遂於海岸居之秋八月帝有疾九月瘳甲辰十一年宋景德元年春正月立南封王龍鉞爲皇太子加封龍鋌爲開明大王龍錫爲東城大王先是龍鋌求爲太子帝欲許之廷臣議以爲不立長而立次非禮也至是立龍鉞爲皇太子而加龍鋌龍錫大王遣行軍王明提稱攝驩州刺史聘于宋明提至汴懇求恩使宣撫遐裔宋帝許之召入使殿勞問賜賞甚厚授明提金紫榮祿大夫檢校太尉驩州刺史帝於大皇江觀曳曾有大蛇蟠其中漁人以聞帝停舟江中欲觀之蛇󰑎然逆流而去遣人乘小舟挽之不還後復回于本處乙巳十二年宋景德二年春三月帝崩于長春殿號大行皇帝因爲廟號而不改塟長安州山陵按舊本地志記帝崩在丙午年乃黎卧朝請命之時而言非實也今從黎文休爲是黎文休曰天子與皇后初崩殂未歸山陵則號大行皇帝大行皇后及寢陵既安則會羣臣議其德行之賢否以爲諡曰某皇帝某皇后不復以大行稱之黎大行乃以大行爲諡號相傳至今何哉盖以不肖之卧朝爲子又無儒臣弼亮之以議其諡法故也史臣吳士連曰帝之戰勝攻取斬占城主以雪藩夷執使之耻摧趙宋軍以挫軍臣必勝之謀可謂盖世英雄矣然居攝之時自稱副王至佃匐之起兵其即帝位也出於巨俩輩脅之以兵李紀太祖皇帝其母范氏逍遙遊焦山寺與神人交因而有娠以丁太平五年甲戌二月十二日𧩙生及長仕黎累官至殿前指揮使卧朝崩自立為帝都昇龍城在五十五崩于龍安殿塟壽陵乘時啓運寬慈仁恕察温文有帝之量然未明正學反好異端為之累耳王帝之生也方三歳其母懷抱至李󰆑文家󰆑文遂養以為子幼而聰睿為兒時逰學六祖寺僧萬行見而噐之曰此非常人強壮之後必䏻剖劇折䌓為天下明主也及長不事生產作業惟涉獵經史慷慨有大志應天中起家事黎中宗卧朝嘉其忠授四廂軍副指揮使遷左親衛殿前指揮使及卧朝崩遂即帝位改元順天大赦初古法州應天心寺感選院犬生一子白色有黑毛文成天子二字識者曰盖戌生人成天子之兆至是帝以甲戌年生為天子果驗庚戌順天元年宋大中符三年祥春二月車駕回古法賜鄕老錢帛有差遣員外郎梁任文黎再嚴如宋結好帝以華閭城湫隘不足為帝王居欲遷之手詔曰昔商家至盤庚五遷周室迨成王三徙𡸈三代之數君徇于己私妄自遷徙以其圖大宅中為憶萬世子孫之計上謹天命下因民志苟有便輙改故國祚延長風俗富阜而丁黎二家乃徇己私忽天命罔𨂻商周之跡常安厥邑於兹𦤶世代弗長筭數短促百姓耗損萬物失宜朕甚痛之不得不徙况髙王故都大羅城宅天地區域之中得龍蟠虎踞之勢正南北東西之位便江山向背之宜其地廣而坦平厥土髙而𡙁塏音愷燥也髙民居蔑昏墊之困萬物極蕃阜之豐誠四方輻輳之要會為萬世京師之上都朕欲因此地利以定厥居卿等如何羣臣皆曰陛下為天下建長久之計上以隆帝業之丕洪下以措斯民扵當󰱃所利如此誰敢不從帝大悅秋七月帝自華閭城徙都于京府大羅城暫泊城下黄龍見于御舟因改其城曰昇龍城古法州曰天德府華閭城曰長安府北江曰天德江詔𤼵府錢二萬緡賃工建寺于天德府凡八所皆立碑刻功遂於昇龍京城之内起造宫殿前起乾元殿以為視朝之所左置集賢殿右立講武殿又啓飛龍門通迎春宫丹鳳門通威遠門正陽起髙明殿皆曰龍墀乾元殿後置龍安龍瑞二殿以為燕寢之處左建日光殿右建月明殿後起翠華龍瑞二宫以為宫女之居修府庫洽城隍城之四面啓四門東曰祥符西曰廣福南曰大興北曰耀德又扵城内起興天御寺五鳳星樓城外離創造勝嚴寺黎文休曰李太祖即帝位甫及二年宗廟未建社稷未立先於天德府創立八寺又重修諸路寺觀而度京師千餘人為僧則土木財力之費不可勝言也財非天雨力非神作𡸈非浚民之骨血歟浚民之骨血可謂修福歟創業之主躬行勤儉猶恐子孫之奢怠而太祖垂法如此宜其後世起淩霄之堵坡立削石之寺桂佛宫壮嚴倍扵宸居下皆化之至有毀形易服破産迯親百姓太半為僧國内到處皆寺其原𡸈無所自哉詔天下逋亡人㱕本貫仍命諸鄕邑所有寺觀已頽毀者悉重修之東十二月翠華宫成慶成大赦天下三年諸税孤寡老癃積年欠税籍者並蠲除之賜卧朝所擒蠻卒二十八人衣裳粮藥遣人送遠本土放驩州南界石河縣人㱕本縣宋封帝為交趾郡王領靜海軍節度使改十道為二十四路愛州驩州為寨是歲度百姓為僧𭛁府銀一千六百八十两鑄洪鐘置扵大教寺辛亥二年宋大中祥符四年春正月置左右宿車軍皆五百人二月帝以愛州筥隆賊猖獗陸梁歷于丁黎二朝攻之弗克至此愈熾師六軍征之樊其部落擒其魁首而還賊遂滅夏四月遣員外郎李仁義陶慶文如宋報聘慶文竄在宋宋人執㱕我仗殺之占城獻獅子是歲城内左起大清宫右起萬歳寺構鎮福藏城外建四大天王錦衣龍興聖壽寺盧江步頭起含光殿壬子三年宋大中祥符六年夏四月重修龍安龍瑞二殿󰀋皇太子佛瑪為開天王管龍德宫于外居之欲其周知民事也秋七月帝御含光殿觀兢舟冬十月遣太保陶碩輔員外郎吳壤如宋結好十二月冬南峯磐石上有神跡長廣各三尺深一寸不知某山真躐國來貢帝親征天人交感之機影響甚速󰰽謂冥冥之中不日監在我而敢欺天乎上厩有白馬凡駕將𭛁必先嘶嗚命之曰白龍神馬是歲蠻人過銅柱至金華步及渭龍州貿易帝使人擒獲蠻人及馬萬餘疋癸丑四年宋大中祥符六年春二月定天下諸税𬏩一潭池田土二桑州錢榖三山原藩鎮產勿四關監譏察󰚴盐五蠻獠犀象香料六原頭木條花果等𩔗夏六月封皇子菩為開國王居長安府秋七月帝御含光殿觀兢舟冬十月渭龍州叛附于蠻帝親征之首領何晏俊惧引其徒竄山林賜王侯公主所𬋩諸税有差甲寅五年宋大中祥符七年春正月蠻將楊長惠段敬至率蠻人二十萬入寇屯金華步布置軍營名五花寨平林州牧黃恩榮以狀聞帝命翊聖王帥師討之斬首萬計俘獲士卒馬疋不可勝數詔員外郎馮真李碩齊所獲蠻馬百疋遣于宋宋帝詔所在差使臣接伴赴闕鄅傳供屯務今豐僃真等扵崇德殿賜冠󰅾器幣有差夏四月驩州獻麒麟五月右街僧綂沈文苑奏請立戒塲於萬歲寺賜僧徒受戒可其奏秋九月詔𭛁府金三百十两鑄鍾置于興天寺真臘國來貢冬十月詔𭛁府銀八百两鑄鍾二口置于勝嚴寺及五鳳星樓築昇龍京四圍土城改應天府為南京乙卯六年宋大中祥符八年春正月以鄭文秀為少師陶甘沐卒贈太師亚王二月太平縣齊聖寺僧献舍利寶函詔翊聖王武德王討都金渭龍常新平原等州扲首領何晏俊󰆕京師梟于東市丙辰七年宋大中祥符九年春三月再立皇后三佐國皇后立元簧后立教皇后起天光天德二寺及塑四天帝像地震望󰥭諸名山帝因省覽山川方至古所步頭望江山秀氣心動神感作酒嚴之曰朕觀此方山奇水秀苟有人傑地灵受吾明享是夜夢異人󰏲首再󰥭曰臣本鄕人姓李名服蠻佐南帝為將以忠烈知名授杜洞唐林二條江山夷獠不敢𨊠邊一方按坦及卒上帝嘉其志直勑守職如故人立祠設像一如夢時所見歲時祀焉陳元豊間韃靼入寇至境馬蹶不進村人率眾拒戰斬虜首賊奔散重興後入寇到處皆焚簜而其邑如有防護秋毫無犯如其所言宋封帝為南平王是歲大熟禾三十結直七十錢賜天下三年税租丁巳八年宋天禧元年春三月以陳文秀為太傅詔賜天下田租乾元殿震視朝於東殿戊戌九年宋天禧二年春二月追封先祖妣為后及謚史臣吳士連曰帝至是始追封先祖妣失之晚矣夏六月遣員外郎阮道清笵鶴如宋乞三藏經冬十月封皇子力為東征王賜天下田租之半己未十年宋天禧三年春正月立天德陵太廟詔度天下人民為僧庚申十一年宋天禧四年夏四月真臘國來貢秋九月阮道清使回得三藏經詔僧綂費智往廣州迎之冬十二月命開天王及陶碩輔帥師擊占城人于布政賽直抵龍鼻山斬其將布令于陣占人死者過半是歲東殿震視朝于西殿起造三殿前殿視朝後二殿聽政辛酉十二年宋天禧五年春二月以誕日為天成節以竹結為萬壽南山一峯於廣福門外峯上多作飛禽走獸奇恠萬狀又使人效禽獸之聲為樂以宴群臣遣員外郎阮寬泰阮守疆等如宋起八角經藏壬戌十三年宋乾興元年春二月帝以天成節作山勞民罷之但設燕禮而以詔翊聖王伐大元歴師深入宋境如洪寨焚其倉而還大元歴盖一種夷介在其間也後儂智髙叛據儻猶州曰大歴國疑即此地癸亥十四年宋仁宗偵秋天聖元年九月詔寫三藏經留于大興藏改潮陽鎮為永安州甲子十五年宋天聖二年春詔開天王伐峯州開國王伐都金州修治昇龍京城秋九月造真教禪寺於城内以便幸觀誦經乙丑十六年宋天聖三年春二月真臘國來貢八月定兵為甲每甲十五人用一人為𬋩甲又改火頭為正首惟唱兒乃號𬋩甲時有唱女陶氏長於本藝常得賞賜時人慕其名凡唱女並呼為陶娘僧萬行死萬行無疾而死時人謂之化身史臣吳士連曰僧萬行初見李祖知非常人及見震文揣知時變則其智識起乎凡人矣然而决性命廢人倫厭塵嚚依禪寝以獨絜君子不與也丙寅十七年宋天聖四年春正月詔修玉牒遣李徵顯黎再嚴如宋結好冬十一月真臘國來貢詔開天王討演州賊丁卯十八年宋天聖五年夏六月旱秋八月詔寫三藏經詔開天王討七源州東征王討文州以後太宗天成宋天聖六年春二月帝弗豫三月丙申朔日食戊戌帝崩于龍安殿群臣皆詣龍德宫請太子奉遺詔即位東征翊聖武德三王聞之皆帥府兵入伏禁城東征王伏于龍城内翊聖武德二王各自伏于廣福門内侯太子至襲之有頃太子自祥符門入至乾元殿覺變命内竪閉諸殿門及使宫中衛士守備因謂左右曰我於兄弟無所毫負今三王行不義忘先帝之遺命欲圖大位卿等以為何如内侍李仁義曰兄之與弟内可以協謀外可以禦侮今三王反以為兄弟乎願許臣等一戰以决勝負太子曰吾耻先帝未殯骨肉相殘寧不為萬世笑耶仁義曰臣聞務遠圖者忘近功存公道者割私愛此唐太宗周公旦出不得已之奉今殿下以唐太周公為務遠圖存公道耶抑為貪近功溺私愛耶殿下能偕唐太周公之遺迹則後世之人將頌𰙔功德之不暇何暇笑哉又曰先帝以殿下善足以󰱥志才足以濟事故以天下付託殿下今賊逼宫門而隱忍如此其如先帝付託何太子默然良久謂仁義及宫臣楊平郭盛李玄師黎奉曉等曰吾𡸈不知唐太周公之所為若是乎吾欲掩晦其罪惡使自退伏以全吾骨肉為上耳時三府兵愈急太子度不能制曰勢既如此我何靣目與三王見乎吾但成服奉侍先帝此外皆委卿也仁義等皆再拜曰死君之難臣等之職分今既得死所將復何辞乃令宫中衛士開門出戰人樂赴難無不一當百兵既接戰未决勝負奉曉怒援劍直至廣福門大呼謂武德王等覬覦神噐蔑視嗣君上志先帝之恩下皆臣子之義所以臣奉曉捧斯劎為獻乃直犯武德王馬王引馬避之馬蹶為奉曉所獲殺之三府兵敗走官軍追斬之殆無遺者惟東征翊聖二王僅以身免奉曉等還以服武奏㨗于太祖柩前又詣乾元殿吿太子太子勞之曰吾所以克荷先帝之丕基全父母之遺体卿等之力也吾嘗觀唐史見蔚遲敬德匡君之難自謂後世人臣無可比者今日遭變乃知奉曉之忠勇過敬德遠矣奉曉再拜曰殿下德感天地敢有萌異圖者天下神抵皆效其職而誅滅之臣等何力之有奉曉愛州冰山鄕人少䧺勇奉曉謂古碑人曰我獨䏻擊眾父老喜貝酒饌食之奉曉一飯數斗飲且過量既而挑潭舍戰聳身扳樹横擊傷損者眾潭舍大惧還古碑田奉曉登山一擲遠十餘里刀墮多縻鄕即以賜之蠲所刀榖税故愛州賞功有所刀之名黎文休曰李家封嫡子皆為王庶子皆為皇子而皇太子之位不設及至宫軍大漸方攑諸子一人入繼大綂傳之成俗不知何意也或曰李家不先正儲位盖欲使諸子亹亹為善謂儲位既定則君臣分定雖有微子之賢將何以處之哉曰天下之本既定猶有楊廣飾行奪嫡之禍况儲貮不正事至倉卒方欲榉立萬一有三夫人強請之嗣君徐文通弄筆之遺詔雖若不名其可得乎有國家者當以此為戒史臣吳士連曰同心同德必事業之䏻成有君有臣何艱險之不濟太宗當創鉅痛深之日变生肘腋而君臣處之曲折得宜險難以濟事業以成宗廟賴以尊安非君臣相遇同德同心䏻如是乎觀史所載太宗真情之感󰱑於骨肉相殘之言仁義忠憤之激在於唐太周公之事及乎事濟君太后改元天成元年是日東征翊聖二王詣闕伏罪詔免之復其爵群臣上尊號曰開天綂運尊道貴德聖文廣武崇仁尚善政理民安臣符龍見体元御極億歲功髙應真寶曆松玄至奧興龍大定囱明慈孝皇帝帝以新即位詔𭛁大府錢帛頒賜天下庚申十五日也開國王叛初王居長安府以山川險固因聚亡命刼掠小民太祖終不之知遂養成其惡及聞太祖崩武德王被誅意愈不平乃率府兵叛封銅皷山神以王爵立廟時祭仍行盟禮先是三王叛前一日帝夢見稱銅皷山神語帝以武德東征翊聖三王作亂速調兵討之及𮗓即令警備果驗至是詔有司立廟於大羅城右伴聖壽寺後以是月二十五日於廟中築𡊨張旗幟整隊伍懸劎㦸於神位前讀誓書曰為子不孝為臣不忠神明殛之群臣自東門入過神位飲血每歲以為常後遇三月有國忌展至四月四日复四月帝親征長安府以内侍李仁義留守京師壬申至長安是日開國王降下令曰敢有虜掠小民財貨者斬軍士肃然秋毫無犯大軍入長安城城中民餽獻牛酒者填路帝遣使諭旨慰勞之舉城大悅詔徙開國王及其僚屬于昇龍京師還自長安詔免開國王罪復其爵五月六日神人見迹于萬歲寺願陛下早攑賢嗣正位東宫以慰天下之望從之󰀋皇子日尊為東宫太子立皇后七十一月拜枚皇后父祐為安國上將王皇后父杜為輔國上將丁皇后父吳尚為匡國上將史臣吳士連曰后戚之貴前世有之矣雖以其戚亦以其才也祐軰果才耶厚之以禄可也授封不可也或曰此特寵之以爵非假之以權曰爵之既髙矣安有安國輔國匡國上將軍之號而濫及無功者哉以梁任文為太師吳上丁為太傅陶處中為太保李道紀為左摳密李徹為少師冲新為右摳密李密為左參知政事矯蓬為右參知政事廖嘉貞為中書侍郎何遠為左諫議大夫杜讖為右諫議大夫阮光利為太尉譚碎狀為都綂武波斯為威衛上將阮慶為定勝大將陶文雷為左腹心李仁義為右腹心潘唐烈為内侍置僧道陛品置殿前禁軍十衛一曰廣聖二曰廣武三曰衛龍四曰捧日五曰澄海每衛各分為左右直周廬環衛于禁城之内緫謂之十衛六月以誕日為天聖節以竹作萬歲南山于龍墀其制為五峯中峰頂立長壽山左右四峯頂皆置白鶴山山上作鳥獸𢒎走之狀山腰又有神龍蟠繞間植旌旗錯懸金璧使伶人於巖中弄笛吹笙獸𰙔奏舞為娛樂賜群臣宴五峯之制自此始史臣吳士連曰誕辰慶賀大禮也臣祝其君君宴其臣君臣和合以通上下之情禮固宜然顧帝當䘮而極心目之娛曾不念及先帝之未塟乎惸惸在疚心盖蔑如也冬十月塟天德府壽陵謚曰神武皇帝廟號太祖黎文休曰夫古者天子既崩安靈柩有陵或號茂陵或號昌陵遣宸章有閣或名顯謨或名寶文今李家歴代陵秪曰壽陵閣秪曰龍圖盖時君不學而儒臣不能潤色或無󰏲古之力也史臣吳士連曰李祖之興天啓其祥見於震木之迹德必得位出扵眾人之㱕又當卧朝浮逞暴虐之餘而寬仁素著大之眷求民主民之㱕于有德舍帝將誰適哉觀帝之基命宥密遷都定國仁心愛民至誠感天與夫代叛討乱南北通好天下晏然傳祚求世可見其有帝王之畧惟好佛老一事為之累耳太宗皇帝諱佛瑪一名德政太祖長子也其母皇后黎氏以黎應天七年庚子六月二十六日誕生于長安府太祖受禅立為東宫太子及太祖崩賴奉曉之志勇同心濟難遂即皇帝位五十五歲崩于長春殿在位二十七年壽帝沉幾先物同符漢光征伐四克比迹唐太然君子每以矜大過󰁮責備其賢初帝之生也時長安府有民家牛居然自換其角其民以為不祥憂之帝扵項下有七黑子比天七星為而時與群觀遊䏻自區處使之引翼前後左右如眾官導從之儀太祖見而悅之因戱曰將家子當效軍旅事安用導從乎帝應之曰導從奚間扵將家子哉而間之何獨不在丁而在黎乎太祖驚異由是益竒之受禅之日立為東宫太子順天三年封開天王居于外十一年命為元帥擊占城于布政寨大軍渡海抵龍鼻山黄龍見于帝舟帝獨自負及至破之擒其將而還十九年春三月丙申朔帝以所御衣賜南帝觀道士陳慧隆是夜光徹觀内慧隆驚起視之乃黄龍見于衣架也此皆天之所命至是並符之其禀性仁哲頴悞通文武大畧至於禮樂射御書數等藝無不精諳云己巳天成二年宋天聖七年春二月壬午慶成太祖廟三月七日以平陽公主嫁諒州牧申紹泰州但乃甲叛夏四月朔帝親征但乃甲以東宫太子監國但乃甲既扳遣中使督但乃人開但乃港至自但乃神人見跡于勝嚴寺六月龍見于乾元殿基帝謂左右曰朕既壞其殿剗其基而神龍猶見意者景德龍興之勝地居天地之正中乎令有司廣其規模正其背向重脩之因改天安殿殿之左起宣德殿右起延福殿殿之前墀名龍墀墀之東置文明殿西置廣武殿墀之左右對立鍾楼以登聞小民󰱃獄寃枉墀之四圍皆起廊廡以聚會百官六軍之宿衛前安奉天殿上建正陽樓以為主掌籌刻之處後起長春殿上見龍圖閣以為宴寝逰玩之所外築周圍城一重名曰龍城秋八月驩州献麒麟冬十月朔萬歲寺陛前天雨白米成堆是歲宋使章頴來吊祭又遣使封帝為郡王庚午三年宋天聖八年春二月起天慶殿于長春殿前為聽政之所其制為八角殿之前後並駕鳳凰橋夏四月遣大僚𤤻黎偓佺員外郎阮曰親如宋報聘定公侯文武冠服冬十月大熟十四日帝幸鳥路田省歛因改其田曰永興是日還宫辛未四年宋天聖九年春正月驩州叛二月朔帝親征驩州以東宫太子監國𭛁京師次驩州州人降詔赦牧守罪遣中使撫諭其民三月帝至自驩州詔𭛁錢賃工造寺丱于鄕邑九百五十所秋八月設法會慶成大赦天下冬十月朔道士鄭智空奏請賜道士受記籙于太清宫壬申五年宋明道元年春二月雷公觀前釋迦寺優曇樹開花夏四月朔帝幸杜洞江信鄕耕籍田農人献夏田禾一莖九穗詔改其田曰應天是日還宫秋九月帝幸諒州捕象至自諒州冬十一月宴群臣於天安殿癸酉六年宋明道二年春正月真臘國來貢定源州叛二月帝親征以東宫太子監國八月𭛁京師次真登州陶大姨進其女納為妃十七日扳定源州𤤻師還為開皇王居龍德宫十三日帝幸長廣門外觀皇子第宅落落始也成詔鑄萬斤鍾置于龍墀鍾樓九月彘源州叛冬十月帝親征彘源州以開皇王監國彘源州平十二月朔帝𤤻師月以後通瑞元宋景祐元年夏四月詔群臣言事於上前呼帝曰朝廷黎文休曰天子自稱曰朕曰予一人太宗使群臣呼己為朝廷其後聖宗自號為萬乘髙宗使人呼為佛皆無所法而好為誇大孔子所謂名不正則言不順此也是月改元通瑞元年時有嚴寶性范明心二僧焚身儘成七寶詔以其寶留于長聖寺供以香火帝以其異改元通瑞史臣吳士連曰佛家之説有謂舍利者乃焚身時精氣所聚之精不為火所滅之物故謂之寶相傳以為學佛成身化為此盖僧人斷慾則其精氣因結為此故也世人以不常見而異之殊不知此陽精氣聚而成之耳帝感之因而改元自時厥後好名之人祝髮為僧忍耐受死如智通之𩔗多矣六月驩州献一角獸使員外郎陳應機王文慶遣于宋秋八月帝幸僊逰山重光寺詔起重興藏遣員外郎何授杜寬以馴象二遣于宋宋以大藏經謝之冬十一月造萬安舶是歲古法州法雲寺僧体上言寺中放光數道尋光掘之得一石函内有銀函銀函之内有金函金函之内有琉璃瓶瓶中有舍利帝遣迎入禁中觀󰍶還之乙亥通瑞二年宋景祐二年春二月天慶殿前芝草生夏四月詔制金八角逍遙秋七月立寵姬缺名為天感皇后封皇子日中為奉乾王其餘皇子皆封侯創立西街市及其長廊詔建太和橋於蘇歴江九月橋成帝臨幸命侍臣賦詩愛州叛冬十月帝親征以奉乾王為京師留守𭛁京師次愛州帝御行營宴享侍臣將帥密指定勝大將阮慶謂妃嬪曰慶必反妃嬪皆驚曰陛下何以知之願聞其故帝曰慶心不平見朕有慙色動止失節言行反常以此觀之知其志有他圖反状明矣克愛州定愛州牧長罪遣使撫諭其民京師留守奉乾王日中驛聞僧胡氏定勝將阮慶義弟都綂譚碎状皇弟勝乾太福等謀反妃嬪皆再拜曰妾聞聖人默視於未形逆覩於未萌詔捕慶等檻送京師十一月朔帝至自愛州設飲至禮勞將士平愛州之功帝御天慶殿執胡氏阮慶獄並切肉剉骨于西市其餘以罪次輕重論詔𭛁銅六千斤鑄鍾置于重光寺鍾成使人拽送之其鍾不待人力自䏻移轉頃刻間至其寺史臣吳士連曰凡物方則止圓則行鍾之行以其形之圓也盖曳之行而有不勞人力如神之助者以今觀之如木之大十數人󰁮之不勝其重一人横推之則圓轉而去鍾亦然寺僧欲神其教乃颺言誑之爾其曰神人迹舍利光優曇花古佛湧之類皆出僧徒之言當時乘史筆者不揆諸理從而書于󰀋也丙子三年宋景佑三年春正月設慶成大願佛會於龍墀二月詔寫大藏經留于重興藏三月以金城公主嫁峯州牧黎宗順夏四月置驩州行營因改其州曰乂安秋八月以長寕公主嫁上威州牧何善覽冬十月臨西道及都金常新平原等州叛侵宋思陵等州掠牛馬焚盧舍而還丁丑四年宋景祐四年春二月朔帝親征臨西道以開皇王為大元帥討都金常新平原等州奉乾王為京師琉守𭛁京師次臨西道克之三月帝至自臨西道詔乂安州起資城利人永豊等庫五十所于本州秋七月帝御含光殿觀兢舟鳥路桑園中古佛湧八月造永春舟冬十二月造日光舟立弘聖大王祠先是帝以都護府多疑獄士師不䏻决欲得彰著靈明庸塞奸詐者乃沐浴焚香請于天帝是夜夢赤衣使者奉上帝勑賜范巨俩為都護府獄訟盟主顧問天使曰是典我何職局使者曰乃黎大行朝太尉也言訖忽不見帝夢𮗓召問群臣徵其事封以王爵命有司立祠於城南門之西時祭焉戊寅五年宋寳元元年春二月帝幸布海口耕籍田命有司除地築壇帝親祠神農畢執耒欲行躬耕禮左右或止之曰此農夫事耳陛下焉用此為帝曰朕不躬耕則無以供粢盛又無以率天下於是耕三推而止三月還京師史臣吳士連曰太宗復古禮躬耕籍填率天下上以供宗廟下以畜萬民治效臻於富庶也秋八月帝御含光殿觀兢舟九月神人見迹于大勝寺冬十月立重光寺碑十一月起御庫十二月廣原州儂存福叛宋封帝為南平王是歲東征王力卒以後乾符有道宋寳元二年春正月西農首領何文貞以存福叛状聞初存福為儻猶州首領弟存禄為萬涯州首領存福妻阿儂弟當道為武勒州首領皆屬廣原州歲輸土貢後存福殺存禄及當道併有其地僣稱昭聖皇帝立阿儂為明德皇后封子智聰為南衙王改其州曰長生國繕甲治兵堅城自守無復奉土稱臣二月帝自將征存福以開皇王監國𭛁京師渡冷涇津白魚入舟次廣原州存福聞之率其部落携其妻子亡匿山澤帝縱兵追之擭存福及智聰等五人惟妻阿儂子智髙走脱檻存福等歸京師令軍士夷其城池招其遺類而存撫之然後𤤻師三月帝至自廣原詔曰朕有天下以來將相諸臣靡𧇊大節異方殊域莫不來臣而諸儂世守封疆常供厥貢今存福妄自尊大竊號施令聚蜂蠆之眾毒邉鄙之民朕以之龔行天討俘存福等五人並斬之于都市夏四月占城王子地婆剌樂舜乍兠羅繼阿撻㻋五人來附五月廣原州属武建洞獻生金一塊重一百一十二两連縣弄石州定邉州奏本處有銀穴六月群臣請改元曰乾符有道及增尊號曰金湧銀生儂平藩伏八字帝曰唐󰔄之世畫象而亻不犯不戰而屈人兵岳衣拱手而天下大治是以星辰不悖雷雨弗迷鳥獸率舞鳳凰來儀四夷咸實百蠻向化不知何以臻歟朕以藐躬託于士民之上夙興夜寐若涉深淵未知何道以格乎天地何德以參乎堯舜乃者儂寇克平占城來附洞産黄金地湧白銀意者何以致之歟抑將有以警之歟朕甚懼焉何足以崇美名尊顕號卿等議宜停罷群臣固請乃𠃔黎文休曰帝堯帝舜文王武王皆以一字為號未當有增其尊號也後世帝王好為誇大乃有累至數十餘字者然以功德稱之未有以物件及蠻夷聮綴於其間者也太宗乃納群臣所上金湧銀生儂平藩伏八字為號則於誇大中又失於麄矣太宗不學無以知之而儒臣進此以䛕媚其君不可謂無罪也秋八月遣大僚𤤻師用和親王𤤻杜興如宋脩舊好冬十月詔重脩太祖神武皇帝廟十二月真臘國來貢庚辰乾符有道二年宋康定元年春正月丁亥朔日食二月帝既教宫女職成錦𦂶是月詔盡𤼵内府宋國錦𦂶為衣服頒賜群臣五品以上錦袍九品以上𦂶袍以示不復服御宋國錦𦂶也史臣吳士連曰帝之此舉於美之中又有美者存不貴異物見其儉德之脩頒賜群臣見其惠下之厚夏四月朔詔今後凣天下人民詞訟悉委開皇王裁决以聞仍命以廣武殿為王聽獄訟所史臣吳士連曰太子之職問安侍膳之外居府曰監國行軍曰撫軍如斯而已未聞使之聽訟也夫訟乃有司之事太宗使開皇王行之非其職矣又廣武殿為王聽訟所非其所矣秋八月占城國守布政寨人布令布哥蘭沱星率其部属百餘人來附冬十月設羅漢會于龍墀大赦免流人罪復徒人之法及天下税錢之半先是帝令工匠造雕佛千餘像畫佛千餘軸寶幡萬餘頂至是工畢慶成也辛巳三年宋慶曆元年春二月有白雀集于禁庭夏五月置宫女皆品皇后妃嬪十三御女十八樂妓一百有餘六月殿前指揮使丁禄馮律謀反詔捕禄律及其黨下吏治開皇王聽斷禄律並伏誅秋九月帝幸哥來捕象又幸哥覽還京師冬十月帝幸僊逰山觀起慈氏天福院及還詔𭛁銅七十五百六十斤鑄彌勒佛海清功德二菩薩及鍾置于其院十一月詔威明侯日光知乂安州是歲儂智髙與其母阿儂由雷火洞復據儻猶州改其州曰大曆國帝命將討之生擒智髙歸京師帝㦖其父存福兄智聰俱被誅免其辠復授廣源州如故以雷火平安󰜏四洞及思琅州附益之壬午四年十月以後明道元年宋慶曆二年春三月帝幸哥覽海口耕籍田還京師夏五月詔諸官職都迯亡者杖一百刺靣五十字徒罪諸軍士迯林野劫人財物者杖一百刺靣三十字守鎮寨迯亡者如之秋七月詔諸盗官牛者杖一百一頭罰二頭九月杖欠盟誓者各五十遣員外郎杜慶梁茂才遣馴象于宋脩舊好也地震文州反閏月詔諸夜入人家奸人妻妾主人登時格殺者勿論詔百姓賦税許輸官十分外别取一分謂之横頭過者以盗論百姓有吿訴者復其家三年京城人吿者以其物賞之如管甲主都及徵税人相與過例征取雖已歴時月而告者管甲主都與徵税人同罪冬十月朔以開皇王為都綂大元帥討文州詔改元明道元年訟煩擾法吏拘律文務為深刻甚者或至枉濫帝為之惻然命中書刪定律令參酌時世之所適用者敘其門類編其條貫别為一代刑書使觀者易知書成詔頒行之民以為便至是治獄之法坦然甚明故有明道改元之命及鑄明道錢十一月詔諸年七十以上八十以下十歲以上十五歲以下及身有弱疾以至皇家大功期親以上犯罪者許贖犯十惡者不在是歲天下大飢詔樞密院阮珠令諸路迯人各認地方橋道築土為堠置木癸未明道二年宋慶曆三年春正月愛州叛二月帝御天慶殿詔官職三人其保一人如有匿藏大男三人者同罪文州叛三月朔以開皇王為都綂大元帥討愛州奉乾王為都綂元帥討文州文州平奉乾王獻所獲良馬四賜名載天廣勝追風日馭夏四月占城風浪賊謂乘風浪寇掠掠取海邉民命陶處中鎮之乃平帝幸武寕州松山古寺見其人迹萧然基址暴露中有石柱𣣱斜欲傾帝慨言未𭛁石柱忽然復正帝異之命儒臣作賦以顯其靈異秋八月詔諸賣百姓黃男為人家奴已賣者杖一百刺靣二十字未賣而已為人後者杖如之刺靣十字知情買者󰦭一等意朕之威德不加乎抑彼自恃山川之阻險乎對曰臣等以為陛下之德雖加而威未廣故也何者陛下即位以來彼逆命不庭惟布德施惠以懷之未嘗信威耀武以征之非所以威遠人也,Chinese
dvsktt,臣恐海内異姓諸侯皆如占城奚啻占人哉帝於是决意伐占城史臣吳士連曰占城風浪賊掠我海邉民問罪之師其可以乎盖正其罪名也苟云遠人不服則脩文德以來之𡸈可勒兵於遠哉九月朔使魏徵如廣源州賜儂智髙都印拜為太保黎文休曰前年儂存福之叛逆僣號開國置官属太宗既罪存福而遺其子智髙今智髙復𨂻其父之不軐則其罪大矣誅之可也奪其爵邑降為庶人亦可也太宗既赦其罪又以州郡附盖之賜印封為太保則賞罰無章及其為廣源之患乃出其兵以援鄰為辝何以異放虎兕使之噬人而徐救之哉盖溺佛氏之小仁而忘有國之大義也帝以明年將伐占城詔造龍鳳魚蛇虎豹鸚鵡戰艦數百餘艘冬十月長春殿御楯自動詔群臣商議先雨潤今陛下欲興師征討不庭而兵噐自動者是神人默會物類相應之兆書曰惟動丕應徯志役既先志而應動何疑之有帝然之詔軍士迯亡踰年者杖一百刺靣五十字不满年者從輕罪之復㱕者許還舊處行幸不從駕者杖亦如之刺靣十字十二月詔軍士繕甲治兵約以明年春二月伐占城帝幸古覽行營詔諸強盗百姓禾秧財物得財杖一百不得財而傷人者以流罪論是歲復鑄明道錢頒賜文武臣僚月以後天感聖武宋慶曆四年春正月𭛁府庫噐械頒授諸軍癸卯帝親征占以開皇王為京師留守是日有司以所祀山神少牢得膽大如柚子献之帝戲之曰膽聲󰱏相近彼少牢得大膽者盖示我以少勞而得大󰱏樂之徵也乙巳次大惡海口會風濤帖靜大軍利涉故改大惡曰大安抵麻姑山紫雲捧日過河腦彎有片雲襨帝所御舟隨其行止是日至住牙一作身海口駐營次日𭛁以風勢之使一日過大小二長沙客海口白魚入舟帝聞占城引其眾及象陳于五蒲江南岸欲拒官軍詔舍舟登陸領軍士至北岸見彼属徒已列江邉帝乃部分士卒建旗鳴鼓徑渡擊之兵刀未接占人自潰追斬三萬級郭加彛斬其主乍斗首于陣献之󰱏馴象三十餘生擒五千餘人其餘為官軍所殺血𡍼兵刀尸塞原野帝為之慨然下令曰有妄殺占城人者殺無赦史臣吳士連曰帝之此心其宋太祖之心乎傳祚永久也宜哉史臣吳士連曰夫人義不受辱從一而終以全婦節人臣事二君者夫人之罪人也帝嘉其貞節封為夫人以勸後世宜哉帝還自占城吿捷于太祖廟󰍶御天安殿設飲至禮是日群臣献俘五千餘口及其金銀珠寶之物詔俘虜各認部属居之永康鎮直至登州今歸化是置鄕邑倣占城舊號帝使設大檻於霪覃今西湖也以占城馴象為媒誘野象入其中親幸捕之冬十一月賜伐占城有功者六品以上錦袍七品以下羅衣群臣請改元曰天感聖武增號曰聖德天感宣威聖武八字𠃔之詔曰遠事征伐妨奪農功𡸈料今冬得大豊熟苟百姓之既足則朕孰𭁈不足其賜天下今年税錢之半以慰跋涉之勞詔絹庫司私受人絹一尺杖一百一疋至十疋以上者准疋數加配役十年十二月朔置懷遠驛于嘉林江岸以為異域來實舘歇之處太保儂智髙來朝是歲詔諸軍迯亡者准三流罪禁獄官毋得遣囚人作私役犯者杖八十刺靣配牢乙酉天感聖武二年宋慶曆五年制太平車以黄金飾蓬羅峩占城象鞍也駕象引之立大内碑丙戌三年宋慶曆六年起别宫居占城女丁亥四年宋慶曆七年春三月置望國鎮及㱕德保寕宣化清平永通感化安民七驛各立碑喉以為蠻夷宿歇之處戊子五年宋慶曆八年秋九月命將軍馮智䏻攻哀牢獲人畜甚眾而還儂智髙以勿惡洞叛命太尉郭盛溢討之方交戰天地晦冥俄而雷震洞中其酋長體皆磔裂󰁮洞驚駭智髙降立社稷𡊨于長廣門外四時祈榖冬十二月立春日詔有司行迎春禮己丑六年三月以後崇興宋皇祐元年春二月改元崇興大寳元年冬十月造延祐寺初帝夢觀音𫢋坐蓮花󰱑引帝登󰱑及𮗓詔群臣或以為不祥有僧禪慧者勸帝造寺立石柱于地中󰱒觀音蓮嘩󰱑于其上如夢中所見僧徒旋繞誦經求延壽故名延祐庚寅崇興大寶二年宋皇祐二年春三月占城献白象夏六月大水秋九月勿陽洞人叛討平之辛卯三年宋皇祐三年春正月置内外隨車龍軍命左驍衛將軍陳稔領之秋八月大酺賜民幣帛銀錢有差冬十一月開廪港壬辰四年宋皇祐四年春正月封諸皇子為王侯皇女為公主三月鑄洪鍾于龍墀令民有寃抑不達者撞之以聞夏四月儂智髙叛僣稱仁惠皇帝國號大南寇宋境破横山寨陷邕横貴藤梧康端龔潯等州遂至廣州城傳城攻之五旬不下乃還再入于邕殺宋將佐三千餘人虜生口萬計所過焚蕩無遺宋君臣以為憂樞密副使狄青抗章請行宋帝命青以宣徽使都大提󰁮總其節鉞討之癸巳五年宋皇祐五年春正月初五日地震三度十日有雲不雨黄龍見于端明閣群臣稱賀惟僧法語云龍𢒎在天今乃下見不祥也狄青帥三將兵至邕州㱕人鋪智髙出拒戰為青所敗走十餘兵其或因而起亂何以禦之是年宋有詔止我援兵及智髙乞師又𠃔其請宋都監潇注從特磨道襲獲智髙母阿儂殺之甲午六年九月以平元年詔皇太子日尊視朝聽政史臣吳士連曰詳下文九月書帝弗豫則是月詔太子視朝聽政為不得已之事九月戊寅帝弗豫冬十月一日帝崩于長春殿太子即位于柩前改元竜瑞太平元年追尊大行皇帝謚庙號太宗母枚氏為金天皇太后建國號曰大越賜東宫舊臣官爵有差以裴佑為文明殿𭓇士史臣吳士連曰史稱帝仁哲通慧文武大畧六藝無不精諳然拘於君臣燕亨之禮當哀而樂𦤶孝道之有𧇊惑於浮屠慈愛之説肆赦叛臣則仁流於姑息此其失也聖宗皇帝諱日尊太宗長子也其母金天太后枚氏初夢月入懷因有娠以順天十四年癸亥二月二十五日生于龍德宮天成元年󰀋爲東宫太子太宗崩遂登太寳在位十七年壽五十歲崩于會僊殿帝善於繼承誠心愛民重農恤刑柔遠䏻邇置博士科厚養廉禮文脩武備海内謐寕足爲良主然疲民力以築報天之塔費民財以造霪潭之宫此其所短也乙未龍瑞太平二年宋至和二年春正月修大内諸殿宇二月以誕日爲承天聖節占城來貢冬十帝謂左右曰朕深居宫中御嘼炭襲狐䘮猶寒如此念囚人在囹圄中縲紲之苦曲直未分食不克膓衣不盖體爲風󰓜所逼或死非辜朕甚憫之其令有司發衾席及飯日二次給之宋封帝爲交趾郡王丙申三年宋嘉祐元年春正月真臘國來貢夏四月下勸農詔造崇慶報天寺發銅萬二千斤鑄洪鍾帝親製銘文丁酉四年宋嘉祐二年春正月築大勝資天寳塔高數十丈其制爲十二層即報天㙮也遣使遺異獸于送曰麟司馬光曰使是真麟非時自至不以爲瑞若僞爲遠方之笑願厚賜遣還冬十二月起天福天壽二寺以黃金鑄梵王帝釋二像奉事之陳朝行謁寺禮即此戊戌五年宋嘉祐三年春修祥符門己亥彰聖嘉慶元年宋嘉祐四年春三月伐宋欽州耀兵而還惡宋之反福也秋八月帝御水晶殿朝百官令戴幞頭著鞾方許入朝戴幞頭著鞾自此始定軍號曰御龍武勝龍翼神電俸聖寳勝䧺畧萬捷等號皆分左右額並黥天子軍三字庚子二年宋嘉祐五年春諒州牧申紹太捕迯亡兵入宋境獲指揮使楊保材及士卒牛馬而還秋七月宋兵來侵不克乃遣使部侍郎余靖赴邕州會議帝遣費嘉祐往靖厚遺嘉祐及移書請請還保材不許八月繙占城樂曲及節皷音使樂工歌之造行宫于霪潭之側觀魚辛丑三年宋嘉祐六年春二月選民間女十二人入後宫羅順州献白象壬寅四年宋嘉祐七年春嘉林郡献眸三足龜癸卯五年宋嘉祐八年時帝春秋鼎盛行年四十未有嗣命祇候内人阮󱖮求嗣于聖主寺其後倚蘭夫人有娠生皇子乾德是爲仁宗世傳帝禱祝祈嗣未驗因遍遊寺觀車駕所至南女奔走瞻望不暇惟一女󰇼桑倚立蘭草中帝望見召入宫得幸命爲倚蘭夫人欲得男女命󱖮賫香供禱于聖主寺僧教󱖮以投台托化之術󱖮從之事覺斬󱖮于寺門前後人入其處日󱖮原寺在慈廉縣驛社󱖮原在寺門西今存帝御天慶殿聽訟時洞天公主侍側帝指公主謂獄吏曰吾之愛吾子猶吾父母斯民之心百姓毋知自󰱆刑憲朕甚憫焉自今以後罪無輕重一從寬宥丙午龍章天嗣元年宋治平三年春正月二十五日亥時皇子乾德生後日立爲皇太子改元大赦封其母倚蘭夫人爲宸妃史臣吳士連曰太子國本不可不早見春秋書子同生意有在矣帝春秋以高幸而皇子生欣喜倍常遽立爲皇太子大赦天下以繋萬民之望宜哉秋九月命郎将郭满建㙮僊遊山爪哇商人獻夜光珠還價錢萬鏹丁未二年宋治平四年春二月牛吼哀牢等國獻金銀沉香犀角象牙土宜等物宋加封帝開府儀同三司尋加南平王以員外郎魏仲和鄧世資爲都護府士師改書家十人爲按獄吏賜仲和世資每歲俸錢各五十鏹禾一百反魚盐等物獄吏各二十鏹禾一百結以養其廉甲申三年二月以後天貺寳象元年宋神宗熙寧元年按清化珉昇平塔記以是年爲武元年也春二月皇子明仁王生鈌名仁宗同母弟也真登州獻白象二因此改元天貺寳象元年改土磊鄕爲超𩔗鄕以元妃所生地也占城獻白象後再擾邊乙酉天貺寳象二年七月以後神武元年宋熙寕二年春二月帝親征占城獲其主制矩及其眾五萬人是也帝征占城久不下還至居連州聞元妃相内治民心化治境内按堵尊崇𫢋教俗號觀音女曰彼一婦人乃䏻如是我男子何庸再攻克之夏六月𤤻師秋七月帝還自占成獻俘于太廟改元神武元年制矩請以地哩麻令布政三州贖罪許之放制矩還國地哩廣南今冬十月丁丑翳夾日庚戌神武二年宋熙寕三年春造紫宸殿夏四月旱發厙粟錢帛賑貧民秋八月脩文廟塑孔子周公及四配像畵七十二賢像四時享祀皇太臨學焉辛亥三年宋熙寕四年春正月帝書𫢋字碑長丈有六尺留于僊遊寺自春至夏不雨占城來貢定贖罪錢有差東十二月帝不豫詔有司誤入官職都左右廊者杖八十以後仁宋太寕宋熙寕五年春正月庚寅帝崩于會僊殿上尊號曰應天崇仁至道威慶龍祥明文睿武孝德聖神皇帝廟號聖宗史臣吳士連曰恤刑仁民王正之所先聖宗慮夫囹圄囚人或有無辜因飢寒而至死也則發級衾席飲食使養其生慮夫刑獄官吏或有家貧因鬻而受賂也則增級俸錢食物使富其家慮民之乏食也則下勸農之詔遭歲之大旱也則出賑貧之令始終一心皆出於誠况又崇道𭓇明制度文事駸駸乎内󰁮矣南平占北伐宋武威赫赫乎外揚矣雖他小有過舉亦不失爲賢君或曰仁柔有餘剛斷不足愚未見其然也皇太子乾德即位于柩前改元太寕元年時方七歲尊生母倚蘭元妃爲皇太妃嫡母上陽太后氏爲皇太后垂簾同聽政太師李道成夾輔之夏四月八日帝視浴佛初御天安殿視朝赦都護府囚仁宗皇帝諱乾德聖宗長子也其母灵仁太后以龍章天嗣元年丙午正月二十五日誕生後日立爲皇太子聖宗崩遂即皇帝位在位五十六年壽六十三歲崩于永光殿神武睿智帝日角龍顔手垂過膝明哲仁大畏小懷神助人應通音律製樂𰙔俗臻富庶身𦤶太平爲李朝之盛主惜其慕浮屠好祥瑞爲盛德之累耳癸丑太寕二年宋熙寕六年時滛雨迎法雲佛赴京祈晴祀傘圓山神仁皇太后靈仁性嫉妬以生母不得預政因訴于帝曰老母劬勞以有今日而今富貴他人是居將置老母於何地帝乃幽楊太后及侍女七十六人于上陽宫逼令殉于聖宗陵史神吳士連曰仁宗仁孝靈仁崇佛何至殺嫡后虐無辜殘忍若是哉盖嫉妬婦人之情况又生母不得預政靈仁雖賢𡸈䏻忍耐得故訴于帝帝時幼冲惟以順母心爲悅而不知其過之大也太師李道成之出鎮于外安知不因言此耶宋封帝爲交趾郡王太師李道成以左諫議大夫出知乂安州道成於本州王聖廟内立地藏院中安佛像及聖宗位號晨昏奉事焉史臣吳士連曰道成同姓大臣方居聖宗䘮因事出鎮于外其感念先帝盖真情也因托𫢋以事帝特一時所爲之事者爾後之鎮乂安者遂以爲奉事聖宗之所終李朝之世莫以爲非夫君不祭於臣僕父不祭於支庶况又與夷爲侣盖李朝崇佛之過也甲寅三年宋熙寕七年春有白雀集于禁庭占城復擾邊以李道成爲太傅平章軍國重事詔功臣年八十者皆賜几杖入朝乙卯四年宋熙寕八年春二月詔選明經博𭓇及試儒𭓇三場黎文盛中選進侍帝𭓇宋王安石秉政上言以爲我國爲占城所破餘眾不满萬人可計取之宋命沈起劉彛知桂州漸起蠻峒兵繕舟船習水戦禁州縣不與我國貿易帝知之命李常傑宗亶領兵十餘萬擊之水步並進常傑陷欽廉等州亶圍邕州宋廣西都監張守節將兵來救常傑迎擊於崑崙關今明廣西大南寕府是破之斬守節于陣知邕州蘇緘固守不下我軍攻之四十餘日囊土傳城而登城緘令其家属三十六人先死藏屍於坎中縱火自焚死城中感緘恩義無一人降者盡屠五萬八千餘人并欽廉州死亡者幾十餘萬人常傑等俘虜三州人而還宋帝贈緘奉國軍節度使諡忠勇賜京城甲第一區上田十頃官其親族七人以其子元爲閤門祗候史臣吳士連曰宋諡蘇緘以忠勇亦足以彰李常傑之忠勇也𡸈可以夙沙例視之哉秋八月庚寅朔日食命李常傑總諸軍伐占城不克常傑乃畫布政地哩麻令三州山水刑势爲圖而還改地哩爲臨平州麻令爲明令州招民居之拜常傑爲太尉以後英武昭勝宋熙寕九年春三月宋令廣南宣撫郭逵爲招討使趙卨副之總九將軍合占城真臘來侵帝命李常傑領兵逆擊至銣月江大破之宋兵死者千餘人郭逵退復取我廣原州一夜軍士忽於張將軍祠中聞髙聲曰南國山河南帝居截然分定在天書如何逆虜來侵犯汝等行看取敗虚既而果然張將軍兄弟二人兄名呌弟名喝皆趙越王之名將越王爲李南帝所敗而失國南帝召而官之二人曰忠臣不事害主之君乃迯匿于扶龍山南帝屢召不應令日󰱟得首級重賞千金二人皆飲毒卒吳南晋討西龍州李暉賊軍次扶蘭口󰧵見二人從助王師云千帝憐其忠臣不二補灘河龍君副巡武諒二江之曼原巡江都副使賊平吳南晋封兄爲大當江都護國神王祠于如月江口弟爲小當江都護國神王祠于南軍江口即其祠也擢賢良有文武才者命𬋩軍民選文職官員識字者入國子監丁巳英武昭勝二年宋熙寕二年春設仁王會于天安殿二月試吏員以書筭刑律三月又大舉伐宋欽廉州聲言宋行青苗役法殘害中國民興師問之欲相救也冬十二月宋趙卨來侵不克乃還戊午三年宋元豊元年遣陶宗元遺馴象五于宋請還廣原蘇荗等州及所掠人己未四年宋元豊二年諒州献白象雨雹大熟宋以順州歸我即廣元宋改順州庚申五年宋元豊三年春二月鑄洪鐘于延祐寺鐘成撞之不鳴以其成噐不可銷毀乃廢置于寺之龜田其田畢濕多産龜寺人爲之龜田鍾秋八月甘露降帝觀兢舟辛酉六年宋元豊四年春日有重光歸所獲邕欽廉三州人兵于宋以廣原等州還我故也冬十月太乙丑廣祐元年宋元豊八年以黎文盛爲太師時天下無事皇后遍遊山川意欲𦥷建寺㙮丙寅二年宋哲宗煦元祐元年春阮遠献六足龜背上有圖書秋八月試天下有文𭓇者充翰林院官莫顯績中選除翰林𭓇士造大覧山寺丁卯二年宋元祐二年春三月造秘書閣宋封帝爲南平王冬十月帝幸覧山寺夜宴群臣親製覧山夜宴詩二章戊辰四年宋元祐三年春正月封僧枯頭爲國師或云揚之節鉞與宰臣並立殿上處斷天下事務詞訟未必有也盖以是時仁宗崇𫢋封爲國師詢以國事如黎大行之於吳匡越爾置十火書家定天下寺爲大中小名藍以文官貴職兼提舉時寺有田奴庫物故也冬十月作覧山寺㙮己巳五年宋元祐四年春三月定文武及從官雜流等職宋兵入石犀州浚冷涇川庚午六年宋元祐五年造合歡宫辛未七年宋元祐六年春帝幸諒山觀捕象冬十一月以何於爲少尉知殿前諸軍事色龜秋八月改元會豊元年大熟定田籍徵租每畝三升級軍糧癸酉會豊二年宋元祐八年優鉢曇花開甲戌三年宋紹聖元年春正月遣翰林𭓇士莫顯績使占城責歲貢禮夏四月覧山寺㙮成乙亥四年宋紹聖二年春諸王入朝夏六月大旱放囚减免賍税雨丙子五年宋紹聖三年春三月黎文盛謀反免死洮江安置時帝幸霪潭御小舟觀魚忽有霧起冥靄中聞有船來橹聲戞戞帝以戈投之須曳霧散船中有虎眾惧變色曰事逼矣漁人穆慎以綱霰之覆虎上乃太師黎文盛帝以大臣有裨賛功不忍殺流洮江之寨頭賞穆慎官職財物賜西湖之地爲食邑先是文盛有大里國奴䏻奇術故託此欲行簒弑也史臣吳士連曰人臣篡弑而免罪失刑政矣盖帝崇佛之過也丁丑六年宋紹聖四年春正月詔檢定諸例倣依故典秋八月星晝見時天下豊登太后多興造佛寺戊寅七年宋元符元年秋八月地震彗星見己卯八年宋元符二年神龍降于梅庚辰九年宋元符三年冬十二月大疫辛巳龍符元年宋徽宗佶建中靖國元年春正月改元以太尉李常傑兼内侍判首都押衙行殿内外都知事修延祐寺壬午二年宋崇寧元年春正月立春日瑞雪降二月命皇后妃嬪齋戒設醮祈嗣癸未三年宋崇寧二年春太后發内府錢贖貧家女之典命者嫁𩹌夫史臣吳士連曰女貧而至於雇賃男貧而至於無妻天下之窮民也太后爲之造命亦仁政之所施也十月演州人李覺謀反初覺學得其術䏻變木爲人招集亡賴據本州築城作亂事聞命李常傑等討之𮗓敗出亡占城餘黨悉平占城寇邊甲申四年宋崇寕三年春二月命李常傑伐占城占城主制麻那因之入寇復取制矩所献地哩等三州至是命李常傑擊破之制麻那復納其地三月復定禁衞兵號乙酉五年宋崇寕四年春祠髙禖夏六月太尉李常傑卒贈入内殿都知檢校太尉平章軍國重事越國公食邑萬户以弟李常憲繼封候爵少以姿貌揚逸充皇門祇候侍太宗累迁内侍省都知聖宗拜太保授節鉞經訪清化乂安吏民及親征占城以爲前鋒將得獲占主制矩以公拜輔國太傅遙授諸鎮節度同中書門下上柱國天子義弟輔國秋九月作白薨㙮於延祐寺二作石薨㙮於覧山寺三時帝重修延祐寺增於舊貫浚蓮花臺池名曰靈沼池池之外繚以畫廊廊之外又疏碧池並架𢒎橋以通之庭前立寳㙮以月之朔望及夏之四月八日車駕臨幸設祈祚之儀陳浴佛之式歲以爲常丙戌六年宋崇寕五年春正月彗星見西方長竟天秋大熟日重輸壬辰三年宋正和二年春甘露降占城献白象時帝春秋以高無嗣詔擇宗室子立爲嗣帝弟崇賢侯鈌名亦未有嗣適石七山僧徐道幸至侯家與語祈嗣事道行曰他日夫人臨誕時必先相吿盖爲之祈于山神也後三年夫人因而有娠生男陽煥癸巳四年宋正和三年夏六月真登州牧夫人公主李氏薨夫人名玉橋奉乾王長子聖宗鞠于宫中及長封公主適真䔲州牧黎氏卒自誓孀居出家爲尼至是薨年七十有三甲午五年宋政和四年春瑞雪降乙未六年宋政和五年春正月封蘭英欽天震寳三皇后三十六宫人太后󰱒興佛寺前後該百餘所世傳后追悔上陽及其侍女之非辜多起𫢋寺爲之懺雪丙申七年宋政和六年夏六月僧徐道幸尸觧於石室山寺石七縣名即今之寕山縣名𫢋跡山乃徐道行來逰時見山洞中素石有人足跡道行以其足跡印之符合俗傳道幸尸觧先是崇賢侯夫人杜氏懷娠至是產難易服澡身入巖中尸觧而逝夫人尋生得男即陽焕也鄕人以其異納尸󰱼中奉事之今𫢋跡山是其處也每歲春三月七日士女會于寺爲一方勝逰後人訛以爲僧忌日其尸至明求樂年間爲明人所焚鄕人再塑像事之如初今存丁酉八年宋政和七年春正月延成󰞌鈌名詔󰰾藏𨷺戲及開賀執卓仍𭛁御府金銀前帛厚賻之是月守太堂人献白鹿甘蔗甲人献玄鹿二月甲明盗殺牛令皇太后曰此者京城鄕邑人多迯亡以盗牛爲業百姓窮窘數家共耕一牛昨嘗以爲言國家已有禁令今之殺牛有甚徃時帝於是詔諸盗殺牛扙八十徒󰍁甲其妻杖八十徒桑室婦并償其牛鄰家不告者杖八十三月丙辰帝幸章山慶成萬豊成善寳㙮有皇龍見又幸應豊今義興行宫省耕公田夏五月員外郎吳紹献夏田禾一莖九穗駙馬郎楊景通献白鹿司農州首領何永禄献赤馬生距作火頭黎兵曹兒並献白禄直邪甲人献白麞六月帝幸應豊行宫省耕不雨禱於行宫皇龍見于洞靈祈禱寳臺忠義侯鈌名卒秋七月二十五日倚蘭皇太后崩火塟仍以侍女三人殉上尊諡曰扶聖靈仁皇太后史臣吳士連曰火塟佛教也殉塟秦俗也仁宗皆行之或者承太后之遺命歟秋八月塟靈仁皇太后于天德府壽陵冬十月帝幸啓瑞行宫省歛是夜月重輪求宗室子育于宫中下詔曰朕臨兆民久無後嗣天下重噐伊宜育崇賢成慶成廣成昭成興侯之子擇其善者立之時崇賢侯子陽焕年方二歲而聰敏上深愛之遂立爲皇太子占成献金花三朶戊戌九年宋重禾元年春正月詔󰱇民兵皇男二月真臘國使朝見設春筵宴禮及慶成七寳㙮會詔有司僃儀仗于靈光殿偕引使觀之三月以大黄男壮勇者充玉階興聖都及御龍兵三百五十人户部左侍郎李秀蠲卒夏五月貶禮部右侍郎黎伯玉爲内人書家旱祈禱得雨秋七夏月中元節罷執卓以遇靈仁太后盂蘭盆日故也占城來貢九月辛巳設慶成勝嚴聖壽寺千佛會使占城使觀之丙戌帝御靈光殿觀覧舟設秋筵宴禮冬十一月遣員外郎阮伯度李寳臣遺白黒犀二及馴象三于宋是歲甘露降帝手書天下太平聖躬萬歲八字于碑命工𢹂之禁京城内外諸人家奴僕不得刺墨胷脚如禁軍樣及刺龍文於申上犯者沒官己亥十年宋宣和元年春正月帝幸快場捕白象四月都曹潘田献白鹿五月設慶成浄慮寺會龍見于京師茶肆秋七月造景興清闌二舟詔諸軍造戰艦治兵甲欲親征麻沙洞也八月甲申帝御靈光殿觀競舟設秋筵宴禮此後每歲八月競舟設宴以爲常冬十月閲武捷羽林等六兵曹之壮勇者爲玉階興聖捧日廣成武都火頭其下等爲玉階興聖捧日廣城武都御龍兵會天下軍人盟于龍墀詔曰朕膺一祖二宗之業奄有蒼生是四海兆姓之民均如赤子𦤶異域懷仁而欵附殊方慕義以來賔且麻沙洞丁生於吾之境土而麻沙洞長世作子之藩臣朕每思之事非得已其以金日朕自将討之咨爾将師六軍各盡汝心咸聽朕命乃頒噐械授将士帝御景興舟𭛁自千秋步旌旗󰰿日劎㦸攅霜虎賁皷譟士氣百倍是日黃龍見飛逐舟行次龍水峽成慶侯献六眸龜胷上有王字帝自将擊麻沙洞破之俘其洞長魏滂等數百人獲金幣牛羊不命偏将入沿邊諸洞招諭逃亡使各㱕業十二月朔㱕自麻沙洞献魏滂于太廟大饗将士頒四錢帛有差庚子天符睿武元年宋宣和二年春正月朔群臣上表勸加上尊號仍請改元二月設廣照燈會三月真臘國來貢夏六月漆作甲主都鄧安献白雀秋九月皇龍見占城來貢大熟冬十月築眾僊臺十二月以内人書家潘景牟俞都爲内常侍辛丑二年宋宣和三年春三月僧王愛献檳榔一本七莖太師陳度上言此物不足爲瑞設慶成寳天寺重明殿會夏五月大水溢大興門外秋七月紫草番人何午献白麞造廣教寺大蝗冬十月復以黎伯玉爲内常侍壬寅三年宋宣和四年春二月僧楊須献白碧玉一玨雙玉三月戊寅設慶成隊山崇善延齡寳㙮會禁諸人不得以竹木杖及利噐相毆夏四月以李奉等二十人爲獄吏按民間詞訟五月交甲管范波司献白鹿秋八月己亥帝御靈光殿觀競州初制銀纓引鹵簿丁未員外郎李元献檳榔珠一顆詔却之冬十二月遣員外郎丁慶安袁士明遺馴象于宋時袁士明有故不僊宫賜其子崇爲奉信郎是歲詔諸收捕盗賊外亡而爲世家所奪者世家與迯亡同罪收捕吏輙停留在家不經官者扙八十癸卯四年宋宣和五年春正月二十五日誕聖節二月設春筵宴禮于崇淵殿壬寅帝幸龍水海捕象丁未設慶成奉慈寺會丙辰還京師三月辛巳設慶成僊逰廣孝寺會追進聖宗及上陽皇太后夏四月甲申真臘國五人來附禁宰牛詔曰牛者稼穡之所重利人不少今後三家爲一保不得殺而食之違者寘之刑憲秋七月真臘國來貢八月朔帝御天安殿頒賜群臣秋夜帝御彾光殿觀兢舟是夜帝御崇淵殿設金盖宴禮冬十月帝幸應豊行宫省歛𢒎橋過波剌江十一月還京師儒道釋並献賀詩築紫霄臺是歲大熟甲辰五年宋宣和六年春正月姚索献白雀閏月造祥光舟其制两腹帝幸應豊行宮省耕帝御行宫占城國人具翁及其從弟三人來朝二月帝還京師夏四月真臘國金丁阿傳及家僮四人來附廣原首領楊嗣興献白鹿造護聖寺五月占城國人波司蒲陀羅等三十人來附秋七月旱祈雨内作監甲主都蘇翁献六眸龜胷上有善帝二字九月成慶侯鈌名卒冬十月築鬱羅臺十一月玉階都李號献金䱓魚十二月成慶侯夫人何是欽酖殉死史臣吳士連曰婦人從一而終非謂殉也何氏徑情直行至欽酖殉死雖云過矣然於人所難而易之亦難能也抑成慶侯至是水塟而殉之耶復以内常侍黎伯玉爲禮部侍郎廣元州小首領莫賢及其部黨出亡宋邕州界貢洞乙巳六年宋宣和七年春正月以内常侍牟俞都爲中書丞邕州執莫賢等請差人就江南交付帝遣守富良府中書李献徃江南領還京師流莫賢于乂安州妻子並沒官紙作藩上献檳鋃珠詔却之慶成崇陽殿設宴三日夜夏四月帝幸應豊行宫省耕六月帝自應豊行宫幸蓩仁行宫入内常侍中丞牟俞都奉㫖宣示内外臣僚曰黄龍見于行宫之秘殿惟宫女宦官見之冬十月帝御應豊行宫省歛十一月遣入内禮部侍郎黎伯玉討廣原州儂瓊莫七人等将行伯玉會軍盟于大興門外宣軍令黄龍見于洞雲祈壽寳臺詔凣敺人死者杖一百刺靣五十字徒󰍁甲丙午七年宋欽宗恒靖康元年春正月設廣照燈會七日夜赦都護府罪人禁百姓春不得伐木二月朔帝御天安殿觀王侯蹴毬三月設慶賀五經禮于壽聖寺复五月壬戌設仁王會于龍墀是日黃龍見于永光殿秋七月旱自六月至是尤甚六眸龜哯滛雨祈晴九月占城來貢廣照燈會于龍墀詔占城使臣觀之冬十一月帝幸應豊行宫省歛閏月遣令書家嚴常御庫書家徐延遺馴象十及金銀犀兕于宋謝擒莫賢也常延至桂府見經畧司謂常延曰金年東京及湖南鼎澧等處並已調𭛁兵馬討金人未審㱕期何日此間路地上傳馬鋪丁在在更少請使者領還禮物常延乃還其年金人粘罕幹離不率眾圍宋汴京虜宋帝徽宗欽宗北㱕宋國大亂時金主窝闊台建國於漠北建元天會丁未天符慶壽原年宋靖康二年五月以後高宗構建炎元年春正月以御庫書家范信判清化府事二月群臣上尊號加寬慈聖壽四字自正月至二月滛雨命官祈晴員外郎阮義長献三足六眸龜三月農州首領楊彗進長壽生金二塊夏四月帝幸應豊行宫省歛雨榖五月僧高亭献白雀秋七月丁巳慶成重興延壽寺冬十一月宋欽州送還廣原州叛黨莫七人等十二月天狗星隕有聲如雷以延平公主嫁富良府首領楊嗣明帝弗豫召太尉劉慶覃受遺詔曰朕聞生物之動無有不死死者天地之大數物理當然而舉世之人莫不榮生而恶死厚塟以棄業重服以損性朕甚不取焉予既寡德無以安百性及至殂落又使元元衰麻在身晨昏臨哭减其飲食絶其祭自以重予過天下其謂予何朕悼早歲而嗣膺大寳居王侯上嚴恭寅畏五十有六年賴祖宗之靈皇天孚佑四海無󰔄邊陲微警死得列于先君之後幸矣何可興哀朕自省歛以來忽嬰弗豫病既彌留恐不及警誓言嗣而太死陽焕年已周紀多有大度明𠃔篤誠忠庸恭懿可依朕之舊典即皇帝位肆爾童孺誕受厥命繼體傳業多大前功仍仰爾臣󰱃一心弼亮咨爾伯玉實丈人噐飭爾戈矛預僃不󰔄每替厥命朕之瞑日無遺恨矣丧則三日釋服宜止哀傷塟則依漢文儉約爲務無别起墳陵宜侍先帝之側嗚呼桑榆欲逝寸晷難停盖世噐辭千年永訣爾宜誠意祗聽朕言明吿王公敷陳中外丁卯帝崩于永光殿史臣吳士連曰古大順之世人居䏻體信達順以𦤶中和於是天不愛道地不愛寳降甘露出體泉產芝草而龍鳯龜麟諸福之物莫不畢至人宗之世祥瑞一何多耶盖由人君所好故人臣妄献之也皇太子即位于柩前令武衛黎伯玉宣是王侯及文武臣僚退于大興門外使諸城吏閉门謹守毋得徃來出入仍命禁軍介之以兵立天安殿下既而令開右掖門召群臣入于龍墀使伯玉論王侯及文武臣僚曰不幸先帝奄棄群臣天位弗可久虚惟予冲人黾勉嗣之卿等宜永肩乃心夾輔王室非特不輔先帝注望之意亦使世世子孫享其禄位群臣皆拜賀慟哭使内人杜善舍人蒲崇以其事告崇賢侯詔天夏諸鄕邑各依本業如故毋得藏匿迯亡盗賊及鬪敺殺人者壬午群臣上表殯于壼天殿癸未群臣受䘮服于永平各外甲申群臣上表請御正殿乙酉始御天安殿視朝詔群臣除䘮服是日幸那岸觀宫女上火壇殉大行皇帝矧神宗之於仁宗鞠在宫中恩莫厚矣義當慎終追遠其報可也今未閲月而遽命群臣除服未卒哭而迎两妃后入宫不知當時将何以儀刑四海表率百官哉神宗雖幼弱而在朝之臣亦幸其短䘮無一言及之者可謂朝無人矣史臣吳士連曰仁宗聖𭓇高明深識子生之故如晝夜之必然遺詔所言言造乎理足以𮗓夫不皷缶𰙔而爲大耋之嗟者其爲教遠矣雖然在仁宗言之則爲明道之言在神宗行之則爲失孝之󰁮文休論之當也神宗皇帝諱陽煥聖宗之孫仁宗之姪崇賢候之子乃夫人杜氏所生也年方二歲育于宫中立爲皇太子仁宗崩遂登太寳在位十一年壽二十三歲崩于永光帝之𥘉年猶有同心及長性資聪睿大有爲修政立事任賢使能正始正終詳密欵曲無失於正雖身󰞿恶疾尋有藥之天意有在也然酷好祥瑞崇尚浮屠奚足貴哉戊申天順元年宋建炎二年春正月丙戌朔改元大赦尊義母宸英夫人爲皇太后詔凡民有没田土于官及籍申爲田兒者悉還之僧道百姓之爲路翁者亦免賜六兵更番㱕農遵古制也戊子尊大行皇帝謚曰孝慈聖神文武皇帝廟號仁宗己丑貶大僚班李崇福以過西陽城門廵吏問而不應也辛卯詔國有哀天下民無得騎馬及上藍輿巾車更子帝𥘉御京筵辛丑以内武衛黎伯玉爲太尉陞侯秩内人火頭劉波陽英珥爲太傅爵大僚𤤻中丞牟俞都爲諫議大夫迁諸衛秩内人火頭李慶阮福高依爲太保爵内上制内祗候管甲李山爲殿指揮使爵大僚𤤻伶人吳碎爲上制御厙書家徐延爲員外郎又賜伯玉波俞都及官職都錢幣有差󰖶翼賛之功也癸卯遣和寨人訃于宋及吿即位時宋高宗避金人渡江都臨安府甲辰詔飛騎賫仁宗遺都甲寅真臘二萬餘人入㓂乂安州波頭步詔入内太傅李公平将官職都及乂安州人討之二月乙卯詔赦都護府罪人壬戌詔免貶黜者一百三十人癸亥李公平敗真臘人于波頭步擒其主將及士卒乙丑群臣上尊號曰順天廣運欽明仁孝皇帝帝謂群臣曰朕以幼冲之年嗣先聖洪業而天下平定海宇之内咸畏其威皆賴卿等力也卿等宜慎職守無萌怠忽以輔朕之不建也立李氏爲皇侯先是遣員外郎李慶臣及其妻迎殿前指揮使李山之女員外郎陳玉度及其妻迎太尉黎伯玉姪黎昌之女󰀋立山女爲儷天皇后昌女爲明寳夫人陞山寄侯秩知諒州軍事賜昌爵大僚𤤻滛雨丁卯群臣上表賀登極天龍天崇二寺幡無風自動其状如舞車馬幸二寺拜謝之李公平捷書至京師戊辰帝幸太清景靈二宫及城内諸寺觀拜謝佛道冥祐公平敗真臘人之恩黎文休曰夫運籌帷幄之中决勝千李之外皆良将臨戒制勝之功也太傅李公平破真臘之㓂於乂安州遣人奏捷神宗當告捷于太庙論功于廟堂以賞公平等克敵之勳今乃㱕功於佛道臨字觀而拜謝之非所以勞有功皷士氣也庚午帝御天安殿觀國人盟于龍墀因詔𭛁内府衣服帛頒賜之甲戌詔百官家奴皂󰒜不得娶良民女儷天皇后明寶夫人㱕寕使諫議大夫牟俞都如天德府相地起仁宗山陵三月李公平軍還献俘人百六十九人以内令書家費公信爲奉議郎内書家魏國寳爲左司帝觀靈光大會以公信國寳爲内常侍夏四月旱帝齋戒蔬食祈得雨五月度老兵都曹武袋等四人爲僧詔宸英太后族百人于藉詔諸訟事已經祖宗理判者不得復論奏爲者罪之六月詔群臣及官職都監于大興門外欲行送塟仁宗禮也塟天德陵以誕日爲天瑞節秋七月中元節帝御天安殿群臣上表賀以薦仁宗盂蘭盆不設宴禮八月詔劉慶覃牟俞都󰱇官職都甲戌出仁宗遺詔示群臣詔見真臘人入㓂乂安州杜家鄕有船七百餘艘詔清化府阮河炎及本州楊塢等領兵擊敗之冬十一月以太尉黎伯玉爲太師改姓張氏流廣原州人于清化府乂安州遞奏真臘國書一封請差人徃使其國不報己酉二年宋見炎三年春正月入内殿中李安酉献白鹿賜安酉爵大僚𤤻太尉楊英耳献白六慶成八萬四千寳㙮會于天符閣甲午尊申生父崇賢侯爲太上皇親生母杜氏爲皇太后居洞仁宫黎文休曰神宗以宗室之子仁宗育爲子使繼大統義當以仁宗爲父而稱所生父崇賢侯爲皇叔封生母杜氏爲王夫人如宋孝宗之於秀安僖王及夫人張氏以一其本可也今乃封崇賢侯爲太上皇杜氏爲皇太后無乃二其本乎盖神宗時方幼冲而在朝公卿如黎伯玉牟俞都又無知体者故也二月帝齋戒祈雨親王𤤻李祿上言傘圓山有白鹿帝使太尉楊英珥徃捕得之賜祿爵大僚𤤻詔赦天下罪人史臣吳士連曰仁宗嘗因設會而赦罪人非也然猶藉佛會爲名也帝無事直赦之耳夫罪人犯法有輕有重五等象刑有上有下𡸈可直赦之䏧故古之言治者雖云不可無赦亦病於赦明字則賞者受者皆非也神宗以献獸拜官是濫其賞也祿克以無公受賞是欺其君也西農州大首領何文廣献生金二塊共重三十三两五銖夏六月入内龍圖牟俞都献駱馬四足生距以内常侍費公信爲左司郎中魏國寳爲員外郎秋八月造仁宗神主于靈殿青竹蛇蟠于寳扆閏月壬午祔仁宗皇帝神位于太室史神吳士連曰先王制禮事亡如事存故作主以象神則主神之所依也󰔄而作主練而易主易主而祔廟禮節也仁宗塟在去年六月至今十四月練寺又過久矣而始作主祔廟慢而不敬甚矣甲申洞仁宫陶甄人阮人献六眸龜胷上有譜樂二字詔諸王侯百官奴婢不得依勢敺擊官軍百姓犯者徒其家主奴沒八官冬十月遷左司費公信爲諸衛賜姓李十二月象公朱會献白龜以内常侍杜元善爲參知政事守清化府御厙書家范信爲員外郎庚戌三年宋建炎四年春正月詔百官女不得先適人俟󰱇克掖庭後不入󰱇者然後許嫁黎文休曰天生民而作之君使司牧之非自奉也父母之心誰不欲其子之有寳家聖人體此心惟恐匹夫匹婦之不得其所故詩經桃夭摽有梅美嫁之及時與刺其晚也神宗詔百官之女󰱇畢然後嫁此乃自奉𡸈爲民父𤙩之意哉史臣吳士連曰帝時年未冠其出此令盖欲󰱇百官女充掖庭尔未爲甚過舉也㱕功於𫢋献鹿而滥爵與人之𩔗皆童心之所𭛁而莫之匡救苟有至誠以感之巽言以入之帝之聰睿有素其從之也必矣内作管甲朱始献金鯽魚以御庫書家梁改守清化府,Chinese
dvsktt,三月占城國人雍麻勾來附五月扶秋了管甲費元献白雀太上皇崩謚曰恭皇六月旱祈雨秋久月久雨祈晴帝御靈光殿觀兢舟詔赦都護府囚冬十月帝御天靈殿大閲六兵定等級宋賫寳印金章封帝爲交趾郡王十一月占城來貢十二月帝擊毬于龍墀令占使入侍觀之設慶成廣嚴資聖寺會赦罪人遣員外郎李奉恩令書家尹英槩如宋報聘辛亥四年宋紹興元年春正月起二閣于延和内三月皇弟星卒崇賢侯之子也夏四月詔王侯公主百官家奴不得娶官職都百姓女禁人間女不得效宫䯻粧樣五月旱祈得大雨染宏主都何兒献白雀起明空大師第秋七月群臣上表賀史臣吳士連曰甚矣當時朝臣之行謟也五月旱祈禱幸而得雨至七月夏麥已過秋禾未熟遽以爲豊年上表稱賀倘至九十月而水旱虫蟥如表賀何九月開寳花園詔牟俞都知乂安州是月久雨祈晴冬十月御前指揮使王吉奏有神降跡于龍墀左鍾樓長九寸五分闊五寸皇弟周箇卒十二月太平鄕阮買献白鹿左䄔捷兵杜慶献黃色鯧䰸魚鯧音昌䰸音公即鯸魚也帝已爲瑞詔群臣稱賀閤門使李奉恩上言彼微物爾而陛下以爲瑞如麟鳯之來則陛下以爲何物帝善其言壬子五年宋紹興二年夏四月夜皇龍自永光殿見于麗光宫五月朔皇次長子天祿生後封明道王閏月皇長女生尋殤是月暴風覆延章舟秋七月占城國人具般等逃㱕其國至日麗寨人執送京師八月真臘占城㓂乂安州左羽林兵火頭杜廣献鯧䰸魚詔太尉楊英珥領清化府乂安州人擊真臘占城敗之真登州牧黎法國献玄祿九月奉衛都令火頭丁牛献白禄乂安州令書家陳留献占城人三先是其人常伏險要處據乂安州人轉賣真臘國留因設伏於其處擒之以献冬十月遣員外郎李奉恩奉議郎尹英槩如宋報聘起感靈殿奉天閣十二月帝迎春于廣文亭慶成感靈殿宴群臣尙書李元坐罪死獄中以其女章英次妃有過故也宋封帝爲交趾郡王甲寅天彰寳嗣二年宋紹興四年春正月朔賜員外郎魏國寳爵大僚𤤻起天寕天成二寺及塑帝釋像帝臨幸觀之令書家阮美献青頭桃花馬四足生六距两足各一距後两足各二距是月久雨其晴三月帝幸五岳觀夏四月詔祗候内人火頭不得擅出外違者寘之重罪有公事者先奏聞方許出五月慶成永光殿重修故也乂安州范信令書家陳留献白鹿右御龍兵火頭郭司献蟾蜍珠状如魚目帝曰此溦物不足貴右興武兵王玖献六眸龜胷上有籒文詔諸學士及僧道辨之成天書下示聖人萬歲八字史臣吳士連曰龜之爲靈以其䏻吿兆也然世常有之非若龍鳯麟之罕見也當時乃以爲瑞而進献之多何哉至於胷上有文乃黑白相間而見群臣辨成文字是希㫖作謟語以爲䛕媚其軍耳𡸈真有文字哉故人君必謹好尙六月皇婆王婆歷卒秋七月黄龍夜見於永光殿冬十一月修延生殿五岳觀十二月成道候鈌名卒群臣加上尊號曰順天睿武祥靈感應寬仁廣孝皇帝乙卯三年宋紹興五年春正月以御庫書家楊掌守清化府二月真臘占城二國來貢三月慶善候鈌名卒夏四月詔左司郎中李公信出入禁中奏事無得禁止帝幸五岳觀慶成金銀三尊像以員外郎魏國寳爲左司郎中自春至夏後不雨五月朔雨六月祗候書家李昌灌頂僧阮明並白雀詔諸賣田池不得倍錢還贖違者有罪秋七月太師張伯玉卒冬十二月設度人會迎𠎣堂設慶成大醮于延生殿造日鼎清瀾延明三舟丙辰四年宋紹興六年春正月開延光圜于冷涇鄕洪鍾見二月成興候鈌名卒三月太尉劉慶覃卒帝病篤醫治不效僧明空治之愈拜爲國師蠲户數百世傳僧徐道行将尸觧時病中以藥咒付弟子阮至誠即明空日後二十年見國王遭奇疾即治之盖此事由也史臣吳士連曰諸帝之編未有書皇󰜏卒而神宗之世两見焉盖帝之於保姆特加恩賜之厚故史從而書之歟皇長子天祚生群臣進金銀錢幣上表賀六月以左司郎中李公信爲少師列明字秩秋九月諫議大夫牟俞都󰰾冬十月太尉楊英珥卒十二月立春日帝御崇淵殿群臣上表賀其日遇國忌故復設是禮左興聖都火頭蘇武献神龜胷中有籒文群臣辨之成一天永聖四字帝幸清化府捕象丁巳五年宋紹興一年春正月乂安州驛奏真臘将破蘇棱㓂本州詔太尉李公平将兵擊之二月乂安州地震江水如血公平差内人火頭鄧慶鄕還京師以状文公平敗真臘人三月大僚𤤻阮公陶献白龜帝幸報天寺禮法雲佛祈雨是夜大雨夏四月皇弟三子鈌名生五月少師李公信献生金一塊重四十七兩六月旱詔阮公陶詣南雩𡊨祈武秋九月設慶成靈感寺會赦天下罪人詔京城内外三家爲寳察諸朝𤤻官職都不得以其子與他人養育倚托權勢家無官蔭自犯者收捕奏文不能察者同罪冬十月壬午帝幸蒞仁行宮省歛乙丑皇第二女生候封瑞天公主十二月帝還京師以守清化府御庫書家楊掌爲員外郎以後英宗紹明宋紹𦥷八年夏五月内人火頭許炎献生金一塊重六十六兩六月旱使入内左司郎中魏國寳召臣僚會議諸衛范信言請赴雩壇祈雨從之秋七月不雨帝命有司祈于雩壇及報天寺頒賜群臣冬衣九月帝弗豫立皇長子天祚爲皇太子初帝既立天祿爲嗣至是寝疾感聖日奉奉聖三夫人育改立乃遣人賂參知政事徐文通曰如受帝命草遺詔幸無棄三夫人文通許諾及帝疾篤命撰詔文通雖受帝命而志在三夫人但秉筆不書俄而三夫人至哽音粳悲塞也咽流涕曰妾等聞之古之嗣位立嫡不立󰱃天祿嬖人之子苟使嗣位其母必僣則妬害之情生如此則妾之母子能免於難乎二十六日帝崩于永光殿殯于殿之西陛群臣上尊號曰廣仁崇孝文武皇帝廟號神宗冬十月朔皇太子天祚即位于柩年方三歲改元紹明元年尊母感聖夫人黎氏爲皇太后會國人盟于龍墀遣使訃于宋史臣吳士連曰神宗乘盛業於先王爲太平之天子其舍嫡長之乳抱欲立庶孽之長君盖懲日童心之失卒之志不獲遂者徐文通之賂彰三夫人之辝直也惜乎不立召社稷大臣委以托孤之寄耳邪臣與内庭交好以致敗人事者自古有之徐文通三夫人此事不猶愈於教之以衛王請命耶雖然傳世以嫡古今通義苟得賢輔如伊尹周公輔太甲成王終有辭於永世矣英宗皇帝諱天祚神宗嫡長子也其母黎氏皇后以天彰宝嗣四年丙辰四月誕生戊午年九月立爲皇太子神宗崩遂登大宝在位三十七年壽四十歲崩于瑞光殿臣之廢立不惑婦人之言寄託能得賢可謂無愧於負荷矣然憸邪莫辨刑罰不明所以天災示警㓂盗並興紀綱紊舛可勝言哉己未紹明二年宋紹興九年宋封帝爲交趾郡王月以候大定元宋紹興十年春正月真登州牧黎法圓献白鹿二月改元大定元年員外郎阮義明献玄鹿以杜英武爲宫殿令知内外事英武杜太后弟黎太后親用之故授是職夏四月以誕日爲壽寧節自春徂夏不武五月雨冬十月大熟卜者申利自謂仁宗子率其黨與由水路抵太原州出西農州道過陸令州入據上原州下農州招納亡命召募土兵有眾八百餘人同謀作亂辛酉大定二年宋紹興十一年春正月申利僣號平王立其妻妾爲皇后夫人子爲王侯賜其黨與官爵各有差是時申利黨僅千餘人一所至揚言利善兵術以脅邉鄙沿邉溪峒人皆震懾無敢敵者二月吏上書告急詔諫議大夫劉禹你領兵出陸赂太傅許炎領兵泝水道討之時禹你使先鋒将侍衛都蘇漸宣明寨主都陳蟾進次博沱江遇利水軍合戰漸敗爲利所殺利還㨿上原州築隘于博茹縣以拒官軍禹你攻拔博茹隘進至蒲汀遇利水軍大戰禹你敗績将士死者過半遂還夏四月戊辰禹你至京師辛未利出㨿西農州使上原宣化感化永通人攻富良府陷之利㨿府治晝夜會其黨與謀㓂京師己卯命太尉杜英武将兵討利五月辛卯利兵引㓂京師次廣驛遇英武軍大戦利兵敗死者不可勝數英武斬首󰦅道左自平虜関至南漢江扲萬崖州首領楊目金鷄洞首領周愛檻送京師利僅以身免奔陸令州壬午送目愛等繋于本縣府詔英武招集利敗卒于平虜関𭛁御府盐賜目愛等秋八月國師明空卒師長安府嘉遠縣譚舍社人顯靈事驗凣水旱災傷禱之輙應今膠水普賴等寺皆有塑像奉事焉冬十月朔又使英武討陸令州俘利黨二千餘人利遁于諒州太傅蘇憲誠擒利送英武檻㱕京師使李義林安集其餘黨詔廷尉按利罪獄成帝御天慶殿洽判利與其謀主二十人並斬餘皆以次論原其脅從者群臣上表賀劉禹你献白鹿又献檳榔珠史臣吳士連曰當是時劉禹你有失律䘮師之罪反献祥瑞以揜之而無一人敢論者可見刑政之多非杜英武強粱凌轢夫𡸈無所自哉壬戌三年宋紹興十二年春二月劉禹你献舚蜍珠冬十月遣富良府首領楊嗣明如廣原州招集州人十二月詔諸典熟田二十年内咱贖相争田土五十年或五年内或十年得奏訟有荒田園爲人所耕作者一年内咱争認過此者禁之違者杖八十或相争田池以兵刃敺擊死傷人者杖八十徒罪以其田池還死傷者史臣吳士連曰殺人者死古法也今罪與人同殊無差等失輕重之權衡矣詔諸断賣荒熟田已有栔券者不得贖違者杖八十詔免利黨放流罪癸亥四年宋紹興十三年春二月詔天下應今後三家者爲一保不得私宰沙水牛如有祭祀奏請得㫖方許違者寘之重罪鄰家不吿罪同自春至夏旱帝親祈之六月丁丑雨秋八月詔楊嗣明勾管陸路諸沿邉溪峒公事九月詔諸權勢家有潭池之外毋得妄禁違者罪之冬十月使太傅皇義賢員外郎孔長率陸路諸沿邉溪峒軍淘金于如箇等處甲子五年宋紹興十四年春二月以韶容公主嫁楊嗣明封嗣明爲駙馬郎五月牟俞都献白雀以牟俞都爲太師遙領陸路沿邉溪峒事乙丑六年宋紹興十五年夏四月滛雨祈晴奉職阮奉献六眸龟胷中有籒文二行群臣辨之成王以公法四字詔諸相争田池財物不得托權󰟨家違者杖八十徒罪秋七月造傘圓山神祠及布盖翁嚴翁母等神祠八月宋妖人譚友諒竄入思琅州自號召先生詐稱奉使論安南沿邉溪峒多從之友諒遂率其徒入㓂廣原州時宋廣西路經畧帥司賫書請追捕发諒詔駙馬郎楊嗣明文臣阮汝枚李義榮討之未幾又命太師牟俞都将陸路沿邉溪峒諸軍繼之時嗣明以拔通農州隴堵隘擒友諒黨伯大等二十一人惟友諒走脱竄山澤間詔管軍使義榮管押伯大等交還于宋先是邕州假爲官誥使以邀友諒友諒以爲然與思明州首領二十人餘奉其銅印地圖土物附歸于宋楊山寨邕州守趙愿擒友諒及其黨送帥司宋人見其黨中有楊於者胷刺黑龍及蒲州首領五人知是我越人皆還之營廣慈宫奉皇太后居造永隆福聖等寺禁百作匠不得造宫樣噐物擅賣民間丙寅七年宋紹興十六年春正月諒州安忠侯鈌名献白鹿三月員外郎李午献白鹿太師牟俞都卒夏四月牛畜疫死彗星見閏六月詔各局决獄有彊争不合條制者杖六十秋七月造天資庫六所八月詔百官管甲主都凣克補禁軍宜揀大户不得取孤獨人違者罪之丁卯八年宋紹興十七年秋八月造永隆清闌二舟及翔决奉先二舸九月書家李昭献白鵶冬十月庚辰小侍衛李崇献六眸龜胷中有籒文八字造安興寨行營詔杜英武如富良府考校官僚及定户籍數目十一月起瑞天公主弟于諒州皇太后杜氏崩謚曰昭李皇后戊辰九年宋紹興十八年春二月帝幸莅仁行宮耕藉田夏四月設仁王會于龍墀大赦罪人帝御龍墀觀捕像冬十一月天成公主薨以守富良府中書火阮權爲中書舍人如文州南頭那䨙田會七原州朝奉郎農彦剛遂幸應豊行宮夏六月詔禁大通㱕仁二鎮蛮里山獠首領官郎無故不得赴京瑞天公主㱕諒州冬十月慶成廣自宮己巳十年宋紹興十九年春二月爪哇路貉暹羅三國商舶入海東乞居住販賣乃於海島等處立庄各雲屯買賣寳貨上進方物議事以廣原人虜七原廖伍故也造莅仁行宫庚午十一年宋紹興二十年春三月旱秋七月旱九月真臘人㓂乂安至𩅗濕山會暑濕多瘴死遂自潰𥘉帝幼冲政無大小皆委杜英武英武使妻蘇氏出入宫禁事杜太后以故英武私通黎太后因此益驕居朝廷則攘臂厲聲役官吏則頤指氣使眾皆則目而莫敢言殿都指揮使武𢃄廣武都火頭粱上箇玉階都火頭同利内侍杜乙與智明王保寕侯駙馬郎楊嗣明等謀牧捕英武計定𢃄等率軍士詣越城門外大呼曰英武出入禁庭恣行凶穢惡聲聞外罪莫大焉臣等請早除之毋貽後患有詔禁軍牧捕英武繋于左興聖廊命廷尉者按其事太后令人餽以酒食密置金于食噐以賂𢃄及其監守者左興聖火頭阮楊曰汝等貪賂我與汝必不免於英武之手不如先殺之以免後禍乃執戈欲刺之左興都譚以𫎇抱楊奪其戈止之曰殿謂英武罪當死須俟帝命不可擅行楊怒詬音候罵也之曰殿武吉非是𢃄耶吉𢃄方糞尿也言何貪人之賂而不惜命乎言訖知不免遂赴井死時帝聽英武獄配英武杲田兒太后󰪽悶思所以復英武職任乃屢設大會赦諸罪人冀英武得預焉英武累𫎇赦宥復爲太尉輔政如故寵任愈隆由是擅禍福專生殺而怨報之心常交如也猶恐軍吏追捕多不如意乃以指使百餘人献之以爲奉國衛都有犯罪者悉委奉國衛都捕之英武密言於帝曰徃者武𢃄等自率禁軍突入闕庭其罪莫大不早懲之恐異日變生不可圖也帝莫之𮗓遂可其奏英武命奉國衛都逮捕𢃄等下獄治之詔降智明王爲侯保寕侯爲明字保勝侯爲奉職内侍杜乙等五人上木馬玉階火頭同利等八人斬于西階市殿都指揮武𢃄等二十人󰦅諸江頭駙馬郎楊嗣明等三十人流遠惡處諸預謀者並圖田宏󰍁甲果如楊言黎文休曰杜英武出入禁庭私通母后罪莫大矣武𢃄等宜庭奏奸状牧捕繋獄而誅之可也今乃率眾人突入越城門驚脅幼主強求詔㫖及捕獲英武乃受太后之金而不用阮楊之言後竟爲其所殺累及數十人所謂養虎遺患也史臣吳士連曰英武大惡𢃄等既與諸宗室協謀不能揚于王庭明正其罪乃以兵驚脅幼主兹時也英武已喜得所㨿以爲辝矣安知不計通太后使重賂𢃄等幸而阮楊明吿之以禍之所在及不見聽則寕赴井以示之猶不知𮗓其取後禍将誰咎哉然則太后無罪乎非有伊周之才德權位而欲止之難免乎大貞凶之失詔閹寺不得擅入宫犯者死罪如不謹慎而他人入者罪如之禁朝官不得徃來王侯家在禁中不得結會三五人話談非議違者罪之諸犯徃來奉國衛都噐械廊地頭外杖八十徒罪至廊内者死奉衛在廊有詔㫖方得舉噐械無詔㫖而擅舉過地頭外死辛未十二年宋紹興二十一年春正月内人火頭杜時献綠毛金龜二月帝幸龍水捕白象得之群臣上表賀夏四月杜英雨献檳榔一本二十八莖五月杜英雨献白鹿秋八月帝幸廣慈宫觀競舟冬十月瑞明公主薨十一月皇長子龍昶生于應豊行宫尋󰀋爲顯忠王造西殿永清閣及永耀清闌二舟壬申十三年宋紹興二十二年春二月内師翁李元献三足六眸龜胷上有籒文羣臣辦之成王以八方四字五月天雨皇砂伯大王薨未詳秋七月天雨皇砂冬十月殿試占城國人邕明些疊詣闕請命爲王詔上制李𫎇領清化府乂安州五千餘人如占城立邕明些疊爲王蒙至占城爲其主制皮羅筆所拒邕明些疊蒙等皆死之癸酉十四年宋紹興二十三年造新関門甲戌十五年宋紹興二十四年春正月安忠侯鈌名献白麞撞龍山獠叛徐寅献白鵶二月詔英武討撞龍山獠降之秋八月大皇江今長安府是也山獠首領農可來叛九月帝御大羅城南門觀築園丘冬十月占城主制皮囉筆進其女納之黎文休曰夫帝王之於夷狄服則綏之以德叛則示之以威英宗使李蒙領五千餘人援立雍明些疊爲占城國王而爲制皮囉筆所殺義當興師問罪擇立一人代王其國則威加殊俗而德在後王今乃受其女而不問其罪可謂逸矣其後占城真臘連年入㓂乂安一路不勝其弊英宗實啓之也史臣吳士連曰小國之賴大國以其䏻安靖已克之丙辰𤤻師己未至京造應豊莅仁行宫及永章㩧乙亥十六年宋紹興二十五年夏五月紹容公主薨秋八月競舟地震九月徵夏田租冬十月木星犯金星命匠起富良弟十一月占城來貢十二月地震造麗天宫及龍慶朝覲廊丙子十七年宋紹興二十六年春二月辛未天雨皇砂夏四月詔起廣原州弟冬十二月丁未夜御庫火造御天行宫瑞光殿暎雲閣清和門儀鳯階英武誣國所爲流國于清化之寨頭未幾帝召國還英武又送酖酒國度不免遂飲毒卒命少保費公信選民丁定諸邑及充太廟并山陵奉祠人秋八月杜英武己卯二十年宋紹興二十九年春天符寺柱流血牛吼國進華象夏五月牛吼哀牢叛命蘇憲誠討之獲人牛馬象金銀珍寳甚多拜憲誠太尉庚辰二十一年宋紹興三十年春正月起二女蚩女祠於布盖坊二月命蘇憲誠費公信選民丁壮者充軍伍擇将校通兵法諳武藝者分管之辛巳二十二年宋紹興三十一年春遺馴象于宋宋帝謂其大臣曰朕不欲異獸勞遠人可令帥臣詳諭今後不必以此入貢造古法州法雲寺冬十月太傅黃義賢卒輟朝五日以有夫日功特加常禮十一月帝命蘇憲誠爲都將杜安頤副之領兵二萬廵西南海邉等處以安鎮邉隅帝親宋至大安神投今神是也太尉劉慶譚卒壬午二十三年宋紹興三十二年春正月詔自閹者杖八十刺左膊二十三寺地震二月考課文武臣僚考滿無過犯者增秩定爲常憲凣九年爲一考癸未政隆寳應元年宋孝宗瑋隆興元年禁天下不得用假真珠秋八月迯卒嘯聚爲羣刼掠陸路居民命費公信將兵十萬討平之甲申二年宋興隆二年春三月占城來貢秋七月大水過常禾榖渰沒宋封帝爲安南國王改交趾爲安南國乙酉三年宋乾道元年夏六月大旱民大疾疫牛畜多死米價騰踊秋八月試學生丙戌四年宋乾道二年春三月占城使行至烏里以風水軍僧駕魔海掠我瀕海小民而還民有献龜胷有天子萬年四字亦有献白鵶者丁亥五年宋乾道三年秋七月命太尉蘇憲城伐占城冬十月占城遣使進珍珠方物請和詔憲誠𤤻師自是占城執藩臣禮奉貢不鈌造日龍舶戊子六年宋乾道四年秋八月宋使來韃靼即元使也亦來俱誘以厚賞陰以禮接之使不相見己丑七年宋乾道五年春三月望月蝕海門魚子命朝野寺觀僧尼道士誦經祈禱太師𦤶仕李俞都卒夏四月作清和殿奉安先帝先后神御随時薦享重修真教寺庚寅八年宋乾道六年帝習射騎于大羅城南名射庭令武官曰習戦攻破陣之法辛卯九年宋乾道七年春二月永元殿無故自動脩文宣王廟殿及后土祠帝巡幸海島周覧山川刑勢欲識民情疾苦日程遠近也壬辰十年宋乾道八年春二月帝又廵幸海島南北藩界圖記風物而還癸巳十一年宋乾道九年春重修太和橋夏五月二十五日皇太子龍󰥤音札生秋造翫水舶甲午十二年二月元年以後天感至寳宋淳熙元年春正月地震二月改元天感至寳元年秋九月太子龍昶有罪廢爲庶人囚之先是龍昶烝于宫妃帝不忍抵死故有是命一日帝召宰相謂曰太子國之大本龍昶既爲不道朕欲龍󰥤繼承大綂然彼猶少年恐未克堪如俟其壮奈朕年衰何時有内人抱龍󰥤出見帝戴巾哭請戴之帝未及勒哭愈甚帝乃脱而加之龍󰥤大笑帝益奇之建儲之意遂决冬十一月地震十二月彗星見南方乙未天感至寳二年宋淳二年熙春正月󰀋龍󰥤爲皇太子居東宫拜蘇憲誠入内檢校太傅平章軍國重事王爵輔翼東宫夏四月帝弗豫力疾命蘇憲誠抱太子攝政事秋七月乙巳帝崩于瑞光殿先是帝疾大漸皇后復請立龍昶帝曰爲人子不孝安治民乎遺詔蘇憲誠輔導太子國家事務一遵成憲時太后欲行廢立恐憲誠不從乃以金銀賂其妻吕氏憲誠曰吾以大臣受顧命輔幼主今受賂而廢立何見目見先帝於地下乎太后又召憲誠諭之百端對曰不義而富且貴𡸈忠臣義士之所樂爲况先帝言猶在耳殿下𡸈不聞伊尹霍光之事乎臣不敢奉詔事遂寝史臣吳士連曰英宗幼冲嗣位杜英武之事莫得而知之也及年踰弱冠命憲誠等領兵廵邉又親行周覧山川形勢要識民間疾苦道理遠近其保民守國䂓模見矣又置射庭令武臣日習戦攻之法其詰戎講武謀謨見矣太子龍昶有罪廢之立龍󰥤爲儲副居東宫使人心有所繋属疾大漸皇后請復立龍昶以禮義折之不惑於婦人之言仍力疾召憲誠受遺詔輔太子攝政事付托得人以防後患卒之太后廢立之謀終莫能行上安下順非其力󰊹若夫高宗之不肖當是之時焉能逆覩哉帝但順理行之而已太子龍󰥤即位于柩時方三歲尊母杜氏爲昭天至理皇太后爲太師同平章事蘇憲誠爲太尉盟國人于龍墀其母杜氏皇后以政隆寳應十壹年癸巳五月二十五日誕生天感至寳二年󰀋立爲皇太子英宗崩遂登大寳在位三十五年壽三十八歲崩于聖壽宮刑政不明盗賊蜂起饑饉帝觀逰無度臻李家之業於是乎衰矣丙申貞符元年宋淳熙三年春正月改元大赦史臣吳士連曰高宗以去年七月即位至是始改元者蓋有蘇憲誠婦政能復古禮也丁酉二年宋淳熙四年春三月占城㓂乂安州戊戌三年宋淳熙五年國䘮除昭靈皇太后宴羣臣於別殿謂之曰當今先帝賔天嗣皇幼冲占城失禮北人㓂邉卿等受國厚恩當以國家爲慮今日之計不如復立太子以延國祚以安民心羣臣咸拜于稽首曰太傅受天子明命陛下既屢慰之矣臣不敢違皆拜謝而退憲誠領禁兵嚴號令明賞罰天下歸心夏五月以誕日爲乾興節己亥四年宋淳熙六年春正月選丁男壮者充軍五二月地震三月考積居職勤敏才幹不通文字爲一𩔗有文字才幹爲一𩔗年高行純洞識古今爲一𩔗以次授職使之治民管軍以𦤶官無濫冗夏六月鈌日两日並出太尉蘇憲誠卒帝减膳三日輟朝六日𥘉憲誠寝疾参知政事武賛唐夙夜侍側諫議大夫陳忠佐以他故不暇存問及疾篤太后親臨問曰如有不諱誰可代者對曰中佐永元會僊二殿地震辛丑六年宋淳熙八年春正月故太子龍昶率家属奴󰒜恣行盗竊欲謀作亂夏四月熒惑入南斗大饑民死幾半壬寅七年宋淳熙九年春正月詔求賢良築壇拜将以吳履信爲上将軍将水步軍巡捕盗刼以李敬脩爲帝師内則奉是經幄外則教民忠孝自是昭靈太后不敢萌異圖禁天下不得著黃色服暹羅國來貢癸卯八年宋淳熙十年春正月以吳履信爲督将伐哀牢冬十一月壬午朔日食甲辰九年宋淳熙十一年春三月占城來貢暹羅三佛齊等國商人入雲屯鎮進寳物乞行買賣冬十月思𫎇等󰀋叛自相攻擊乙巳十年宋淳熙十二年春正月試天下士人自十五歲能通詩書者侍學御筵取裴國愾鄧嚴等三十人其餘並留學秋七月命建康王龍益率師討󰀋諸蠻平之月以後天資嘉瑞元宋淳熙十三年春正月宋封帝爲安南國王制畧曰即樂國以肇封既從世襲極真王而錫命何待次陛盖異禮也三月󰀋譚氏爲安全元妃妃将軍時奉女子也秋七月獲白象賜名天資詔改元天資嘉瑞元年遣黎槐卿如宋報聘丁未天資嘉瑞元年宋淳熙十四年夏四月雷震太廟西域僧來詔問其所能以䏻伏虎對試之不驗祈雨因迎法雲佛僧㱕報天寺今朝國初猶乃舊俗六月地震暴風秋七月甲子朔日食太師杜安頤卒以太傅吳履信輔政己酉四年宋淳熙十六年春二月辛酉朔日食日月色赤如血三月帝遍幸江山凣乘輿所至有神祗者皆賜封號立廟享祀庚戌五年宋光宗熙元年紹春正月皇太后杜氏崩秋七月太傅吳履信卒以譚以𫎇爲太傅冬十月帝拜謁山陵祔皇太后新塑象造翫瑤舟辛亥六年宋紹熙二年春真臘國來貢冬十二月熒惑犯太白壬子七年宋紹熙三年夏六月地震秋七月雷震永寕殿二處清化古弘甲人叛命將討平之𥘉甲人見牛跡於菴蘿樹上觀之乃是白牛良久復由他岐下本甲衛人黎换占曰白牛在下之物却在木上是下在上之象因相率以叛至是草平之浚蘇歴江癸丑八年宋紹四年熙考課内外文武官明其黜陟試天下士人入侍御學甲寅九年宋紹熙五年秋七月皇太子旵丑咸切生封譚元妃爲安全皇侯大赦天下賜耆老七十以上帛各一疋大酺二日于廟冬十月雨雹有大如馬首者造天龍舶乙卯十年宋寕宗擴慶元元年春二月地震雷震離明閣試三教賜出申丁巳十二年宋慶三年元夏六月旱造迎舚宮戊午十三年宋慶四年元春正月詔沙汰僧徒從譚以𫎇之言也占城使來貢求封演州髙舍鄕吳公李招聚亡賴與大黄州人稱先皇苗裔丁可裴都者同時作亂並討平之己未十四年宋慶五年元秋七月大水禾穀淹沒大饑冬十月帝幸清化府捕象仍遣使封占城王庚申十五年宋慶元六年春正月𭛁粟賑貧民秋七月昭靈太后崩壬戌十七年八月元年以侯天嘉寳祐宋嘉泰二年秋八月皇太子󰠐生改元天嘉寳祐元年工制樂曲號占城音其聲清怨哀傷聞者泣下僧副阮常曰吳聞詩序云亂國之音怨而怒今民亂國困主上廵遊無度朝正紊亂民心乖離是敗亡之兆也癸亥天家寳祐二年宗加泰三年春二月大興土木营諸宫殿夏四月敬天閣将成有鵲巢其上生雛群臣諫曰昔魏明帝構凌霄閣有鵲巢焉髙堂隆諫曰臣聞維鵲有巢維鳩居之今鵲巢宫闕臣愚以爲閣雖成必有異姓居之願陛下審髙堂隆之言先務脩德然侯興工可也帝聽宦官笵秉彛之言督作愈急百性苦之秋七月殿指揮使知乂安州杜清州牧范延奏曰占城國主布池爲其叔父布田所逐今載妻子寓機羅海口意欲求救八月帝命譚以𫎇杜安徃計其事将至機羅杜安曰彼以兵來虜情難信諺云蟻孔潰堤寸煙燎屋今布池𡸈特蟻孔寸煙而已以𫎇以語清延使爲之僃清等曰彼以難來求救何必疑以𫎇怒引軍還清共延謀襲布池爲自全計謀池反爲所殺乂安大潰子者無筭池大掠而㱕九月大皇江人又叛初大皇江人費郎保良奏譚以𫎇󰔦國害民等罪以𫎇怒笞之郎等由是積怨因天下愁苦向亂遂叛仍遣尙書徐英珥率清化府同時進討費郎戦于路布江口敗積皆死之甲子三年宋嘉泰四年春正月命杜敬脩討大皇江叛人不克以後治平龍應宋開禧元年春三月改元治平龍應元年宋人㓂邉我民罷於奔命盗賊漸起帝頗徇財貨羣臣多賣官鬻獄丙寅治平龍應二年宋開禧二年春二月拜譚以𫎇爲太保戴拱辰冠時帝營造不息盤逰無度日與宮女觀逰爲樂聞城外有盗竊伴爲不知又性畏雷聞之輟驚幸臣阮餘自言有禁雷之述會雷鳴使餘試之餘仰天誦咒而雷益厲帝詰之對曰臣戒之久矣天益髙而彼猶強暴如此丁卯三年宋開禧三年春正月盗賊蜂起詔選丁男壮者充軍伍令路官統管收捕之冬十月國威州傘圓山蠻爲盗刼掠清威鄕其眾甚盛不可復制戊辰四年宋家定元年春正月󰀋皇子旵爲皇太子居東宫大饑饑莩相󰥺以范猷知乂安軍事猷遂反招納亡命盗賊號候人分行刼掠國威州人亦率徒侣屯于西結道路爲之不通帝命上品奉御范秉彛将藤州兵討之己巳五年宋嘉二年定春正月范秉彛率虅州快州人攻猷敗之猷奔洪州秉彜籍其家焚之猷怨愈深帝命奉御徵猷回京秋七月秉彛回京師将入奏有止之曰猷言先入怨猶未解秉彛曰吾事上盡忠而爲姦賊所譖耶况有君命吳其焉帝命執之及其子輔囚于水院将刑其将郭卜等聞之将兵皷譟而入至大城門外爲門者所拒卜等突入凉石以帝所御車昇秉彛屍御席裏輔屍由越城門出下東步頭既而復入萬延宫立皇子󰠐爲帝譚以𫎇阮正賴皆受󰠐僞職帝如㱕化江猪洞人阮破鄰率其部曲夜盗隊山官厙財物皇太子行至海邑劉家村聞陳李女有姿色遂娶之李家漁業𦤶富傍人㱕之因有眾亦起爲盗太子既娶李女授李明字拜女舅蘇忠詞爲殿前指揮使史臣吳士連曰太子是行因國亂而避難也何以縱滛于外擅爵與人哉盖由髙宗逰觀無度紀剛廢󰱧故也然而李因以亡陳因以興天也陳氏兄弟集鄕兵平其亂迎帝還京乘輿反正討郭卜之亂按罪有差庚午六年宋嘉三年定春三月帝使上品奉御杜廣将兵徃蘇忠詞家迎還皇太子㱕京師女還父母家陳李爲他盗所殺次子陳自慶代領其眾還是爲順流伯秋七月杜英徹數以𫎇罪曰汝爲大臣既懷無君之心私受賊子之爵今反與吾並列吾雖不才何面目與汝相對以𫎇慚惧而退彗星見冬十月帝弗豫召杜敬脩受顧託命二十八日壬午帝崩于聖壽宫史臣吳士連曰高宗年幼嗣位昭靈懷廢立之心帝躬幾乎岌岌賴有蘇憲誠素有權位受託孤之寄盡心調護大噐不動天下㱕心必有嘉猷嘉謀入吿我后矣及憲誠卒杜敬脩奉侍帷幄輔德𡸈無其人而帝耽于逰觀滛于聲色徇貨財興土木以教逸欲于有僚興怨嗟于百姓使李祚消剥以至於亡帝兼而有之謂之何哉又按舊史李朝諸帝惟太祖書塟稱壽陵仁宗雖書塟而以地名稱陵夫塟天子國之大事國史𡸈容不書盖黎文休以其皆稱壽陵爲失禮削之也然非史法矣皇太子旵即位于柩前時方十六歲尊母譚氏爲皇太后同聽政令又以龍舟迎陳氏其兄陳嗣慶以時當䘮亂未即送行遣使訃于宋宋遣人來吊祭惠宗皇帝諱旵高宗長子其母譚氏皇后於甲寅年七月誕生治平龍應四年戊辰正月󰀋立爲皇太子高宗崩遂登太寳在位十四年傳位昭皇後爲陳守度断殺壽三十三歲遭時䘮亂盗賊四行辛未建嘉元年宋嘉定春正月改元二月帝身嬰重疾不能早求繼嗣李氏遂亡復使奉御范布迎陳氏慶乃令馮佐周等宋之會蘇忠詞與杜廣戦于朝東佐周遂泊于大通步及杜廣敗帝令布及忠詞迎陳氏入宫立爲元妃以忠詞爲太尉輔政封順流伯陳嗣慶爲彰誠侯時承平日久紀綱漸廢民不之兵盗賊之興不可禁遏帝𥘉即位以國事委太尉譚以𫎇以𫎇不學無術柔懦不斷政事日𮥠壬申二年宋嘉五年定春二月命同乳段尙募洪州民捕盗時國勢衰弱朝無善政饑饉荐臻人民困窮尚乘之擅作威福人莫敢言後罪狀寝彰爲羣臣所劾下獄按問尙乃拨劎躶奔洪州嘯聚羣黨築城稱王虜掠良民朝廷不能制癸酉三年宋嘉定六年春二月陳嗣慶以兵犯闕請奉迎車駕帝疑之詔𭛁諸道兵捕嗣慶降元妃爲御女甲戌四年宋嘉定七年春正月陳嗣慶軍至朝東諸軍門謝罪復請迎車駕帝愈疑之乃與太后及御女如諒州峙山嗣慶聞秉輿播遷御女久爲太后所苦復𭛁兵請迎如初帝爲之信復與太后及御女如兵合縣夏五月嗣慶擊丁可裴都於大黃州破之丙子六年宋嘉定九年春󰀋御女爲順貞夫人太后以陳嗣慶反側屢指夫人爲賊黨令帝斥去又使人語夫人令自引分帝知而止之太后加毒于夫人之飲食帝每食分其半賜夫人而不使離左右太后乃使人分持毒盃賜夫人死帝又止之夜與夫人微行如嗣慶軍值天明次于安沿縣将軍黎覔家會自慶将王黎領舟師來迎帝乃次究連洲宣嗣慶來朝夏六月皇長女生于九連洲後封順天公主冬十二月󰀋夫人爲皇后拜嗣慶爲太尉輔政授嗣慶兄承陳上皇爲内侍判首嗣慶與上将軍潘鄰調補軍五造戦噐習武藝軍勢稍振帝中風疾醫治不驗未有太子中宫所生公主而已占城真臘㓂乂安州州伯李不染敗之丁丑七年宋嘉定十年春三月帝漸𭛁狂或稱天将降即持干楯𢮿小旗於髻上戲舞自早至晡不即或罷復𭛁汗燥渴飲酒長睡后日乃醒政事不决委任陳慶嗣天下大權漸移焉戊寅八年宋嘉定十一年彗星見西南秋八月照捕扶董寺居士阮嫩以得金璧不進故也九月皇次女生後封昭聖公主冬十月陳嗣慶討廣威蠻不克占城真臘㓂乂安李不染敗之陞侯秩賜食邑七十五百户實封一千五百户己卯九年宋嘉定十二年春二月陳嗣慶奏乞放阮嫩從軍擊賊以贖罪冬十月遣阮嫩帥師討廣蠻庚辰十年宋嘉定十三年春三月阮嫩㨿扶董鄕稱懷道王奉表稱臣乞平禍亂贖罪帝遣人賫勑宣諭然以封疾不能制辛巳十一年宋嘉十四年定春正月徧求天下醫士調治帝疾不效帝深居宫中盗賊怒行城外生民流離甚矣壬午十二年宋嘉十五年定春二月定天下爲二十四路路分公主居之用宏奴属󰒜及本路軍人相分爲甲造戦噐舟船廵捕道刼癸未十三年宋嘉十六年定冬十月早蝗十二月阮嫩軍聲益振追封建國大王以陳承爲輔國太尉賛拜不名史臣吳士連曰建嘉𥘉年盗賊兢起惠宗柔弱不能討陳嗣慶以惠后爲太后所苦之故興兵犯闕請奉迎乘輿當此之時人心不能無疑惠宗所以有收捕之令而不克嗣慶欲其事之必成而属驚動乘輿播遷至再罪皎然也然而惠宗惠后卒依嗣慶以爲安則其罪釋矣跡非而情順文不與而實與也不然乃羣盗之尤耳甲申十四年十月元年以後昭皇天彰有道宋嘉定十七年帝疾日滋無嗣繼承大綂公主皆分各路爲湯沐邑獨委任指揮使陳守度領殿前諸軍扈衛禁庭冬十月詔昭聖公主爲皇太子以傳位帝出家居大内真教禪寺昭聖即位改元天彰有道元年尊號曰昭皇史臣吳士蓮曰天道有常有變聖人參天地賛化育則有處變之道而不失其常焉堯之子丹朱不肖不足以傳天下堯於是薦舜於天而天下治舜之子商均不肖不足以傳天下舜於是薦禹於天而社稷安皆處變而不失常也后世惟傳子不傳賢無舜禹其人也不幸無嗣則擇宗室嗣子育爲已子嗣守丕基亦處變之道也李仁宗以行之也惠宗盍舉故事而遵行焉至疾病之後立女子爲嗣而傳位𡸈理也哉當時人臣不爲社則謀遂使馮佐周援吕武爲説以成昭皇禪陳之事李氏之罪人也昭皇初諱𫢋金後改天馨惠宗次女也惠宗無嗣立爲皇太子以傳位在位二年遂禪位于陳乙酉天彰有道二年十二月陳太宗建中元年宋理宗煦寳慶元年冬十月詔選内外官員子弟充内色役六火侍宫外祗侯内人侍内日夜番上侍從殿前指揮使陳守度知城市内外諸軍事守度姪陳不及爲近侍暑六局祗候陳僉爲祗應局陳煚爲政首煚陳太宗時方八歲侍侯於外一日當司盥洗因入侍内昭皇見而悅之每夜逰召與同逰見煚在暗處即親臨挑謔之或曳其髮或立其影他日煚捧水𠤷音移侍立昭皇盥頮音以誨手掬水濺煚靣而謔笑及煚捧檳榔巾則以巾拋與之煚不敢言音以告守度又一日昭皇又以檳榔巾拋與煚煚拜曰陛下赦臣罪否臣願奉命昭皇笑曰赦汝今汝已智辨煚又以吿守度守度恐事泄併誅於是自率家属親戚入禁中守度䦕城門及諸宫門令人守之百官進朝不得入守度徧吿曰陛下已有尙矣群臣皆曰諾請擇日朝見本月二十一日群臣進朝拜賀下昭曰自古南越帝王治天下者有矣惟我李受天眷命奄有四海列聖相承二百餘年奈以上皇嬰疾承統無人國勢傾危命朕受明詔勉強即位自古已來未之有也嗟朕惟爲女主才德俱傾輔弼無人盗賊蜂起安可秉持神噐之太重朕夙興夜寐惟恐難堪每念求賢良君子同輔政治夙夜拳拳於斯極矣詩曰君子好求求之不得寤寐思服悠哉悠哉今朕反覆獨筭惟得陳煚文質彬彬誠賢人君子之體威儀抑抑有聖神文武之資雖漢高唐太未之能過想熟晨昏驗之有素可遜大位以慰天心以副朕懷󰱃可同心戮力共扶國祚以享太平之福十二月十一日戊寅昭皇設大會于天安殿御寳床百官朝服進朝拜于庭下昭皇乃降服勸進陳煚即皇帝位改元見中元年大赦稱鱔皇尋改文皇群臣上尊號曰啓天立極至仁彰孝皇帝拜陳守度爲國尙父掌理天下事守度曰今盗賊並起禍亂日滋段尙㨿東阮嫩㨿北廣威大遠亦未削平李家衰弱國勢傾危昭皇女主不克負荷託以二郎未諳國勢政事多鈌國祚𥘉開民心未服其禍不小其雖叔父不識文字東馳西騖以扞盗賊不如且勸聖父權攝國政爲上皇後一二年天下一統復政二郎群臣稱善勸聖父陳承居攝史臣吳士連曰惠宗之世天下之蠱已深而人君非陽剛之主當國以柔懦之臣欲幹深弊之蠱其何能濟况帝嬰惡疾治之弗効又無嗣子以承大統危亡之兆已先見矣世傳李祖𥘉得天下車駕回古法幸扶董鄕寺有神人題詩寺柱曰一鉢功德水隨緣化世間光光重照燭没影日登山自僧萬行以其詩進李祖覧之曰神人之事不可曉也世人傳誦莫識所謂及李氏終以詩爲驗盖自惠宗上至太祖八代而惠宗名旵爲日登山沒影也然則李氏之興天也其亡亦天也右李朝九帝始太祖庚戌終昭皇乙酉共二百六十年太宗皇帝姓陳諱煚先諱蒲為李朝低候正受昭皇禅在位三十三年遜位十九年壽六十歲崩于萬壽宫塟昭陵帝寬仁大度有帝王之量所以䏻創業再統立紀張綱陳家之制度偉矣然䂓畫國事皆陳守度所為閨門多慙德矣初帝之先世閩人或曰桂林人有名京者求居天長即墨鄕生翕翕生李李生承世以漁為業以李建嘉八年戊寅六月十六日誕生隆凖龍顔似漢髙祖時大八歲為李朝祗應局祗候正有從叔陳守度為殿前指揮使帝因得入侍宫中昭皇見而悅之乙酉冬十二月十二日戊寅受昭皇禅即皇帝位改元建中丙戌建中二年宋寳慶二年春正月󰀋昭皇為皇后改昭聖封陳守度為太師綂國行軍務征討事廢李上皇居真教襌寺號惠光大師二月定律令條例遣陳守度領軍討阮嫩段尚及諸蛮時承李朝之衰盗賊群聚傘圓山廣威山諸蛮互相侵擾阮嫩據北江段尚據洪州守度調諸軍平之時嫩尚兵勢猶強未易降服乃封嫩為懷道王分北江上下東岸等縣𭁈之亦約尚以王封刻期定盟尚不至夏五月封弟日皎為欽天大王時甫二歲受文武從官品級有差六月以誕日為乾寕節秋八月十日陳守度弑李惠宗於真教襌寺先是李上皇嘗出逰東市百姓爭趍見之有慟哭者守度恐人心懷舊生变遷居真教寺佯為奉事内實謹守守度嘗過寺前見惠宗踞坐拨草守度曰拨則拔深根惠宗撥起拂手曰爾之所言我知之矣至是令人排辨香花吿曰尚父使臣來請李上皇曰我誦經罷當自盡已而入寝房祝曰我家天下已㱕于汝猶弑我乃自縊于寺後園守度令百官臨哭𮢶城南壁為門時人謂之剖門出柩就安華坊火化藏其骨於寳光寺𡨧㙮尊廟號曰惠宗降惠后為天極公主嫁陳守度以諒州為湯沐邑史臣吳士連曰三代之得天下也以仁之君無積惡之甚者天末嘗遽絶之也夏苟無桀商苟無紂傳祚盖未𠬠也以周之末諸侯強僣而正統之傳綿綿然不絶者是其祖宗深仁厚澤有以及天下後世故也李氏得國無愧三代傳世至惠宗無子且嬰疾盖先王之澤於是乎竭矣故陳氏得以取之既取人國又弑其君不仁之甚也厥後廢帝縊死元后見弑出乎爾反乎爾天道然也雖無惠宗盟咀之言猶信焉守度以此為謀國盡忠殊不知天下後世皆指為弑君之賊况又為狗彘之行哉出李惠宗宫人及親戚女嫁諸蛮酋長冬十月尊父承為上皇居左伴鶴橋坊附天宫國有大事則在内聽决尊母黎氏為國聖皇太后一云保聖國母詔民間使用省陌錢六十九文上供錢陌七十文選天下淑女充宫人命輔國太傅馮佐周權知乂安府許與人爵自佐職舍人以下詣闕奏聞史臣吳士連曰予人以爵天子之權非人臣所馮佐州李朝舊臣非有出疆利國家安百姓可專之事而許專之許者聽者皆非也陳家人臣知此道者唯國公興道大王乎聖宗以其有大勳勞許專與人爵而未嘗與一人爵當胡虜入寇之時握兵專制取粟於富人以給軍食然上與為假郎將不敢以真郎將與之丁亥三年宋寳慶三年試三教子謂儒道釋名承其業者詔凣文書狀契用押手半紙法宣盟誓條循李朝故事始定行之其儀每年四月四日宰相百官鷄鳴時詣城門外昧爽進朝帝御大明殿右廊門百官戎服再󰥭而退各具隊仗騶從出城西門至銅皷山神祠會盟歃血中書檢正宣誓書云為臣盡忠居官清白有渝此盟神明殛之宣訖宰相點閘音鴨閉門也是日四方士女道傍觀聽如堵以為盛事戊子四年宋紹定元年春正月拜欽天王日皎為郡王二月以簿頭格試吏員秋八月拜兄柳為太尉閲定清化府帳籍故事每年春首社官今社長開報人口謂之單數並依帳籍為定具出宗室文官文階武官武階從官軍人雜流黄男癃老不具附籍漂散之類有官爵者子孫承蔭方得入仕富壮而無爵者充軍世為兵九月試吏員以行移公文式謂之簿頭八格者充省院属事在二月冬十月占城來貢十二月阮嫩攻殺段尚尚既破因併其軍虜掠洪州男女財物牛馬尚子文將家属來降嫩威聲大振守度憂甚分軍守禦仍遣使賫書稱賀加封懷道孝武王送玩蟾公主㱕之以隂嫩亦分衙帳以居之公主以是不得通知己丑五年宋紹定二年春三月日有食之阮嫩病死嫩既併尚軍自稱大勝王宴樂無度然知勢不两立欲以十月來朝猶豫未决及病篤帝命内人問疾麾下潘麻雷竊飛馬迯去不知所之麻雷占城人轉貿哀牢嫩收為奴料敵制勝用兵如神嫩既死天下㱕于一遣使聘于宋宋封帝為𭴣南國王庚寅六年宋紹定三年春三月考前代諸例定為國朝通制反改刑律禮儀凣二十卷定徒罪有差中罪徒杲田宏者刺靣六字居杲社今日杲社耕公田每人三畝每年收粟三百升徒牢城兵者刺項四字雜除昇龍鳳城草隷四廂軍定京城左右伴坊倣前代為六十一坊置評泊司或有增加大羅城外四城門四廂軍輪守改府路司置安撫使副二員城内立宫殿摟閣東西廊廡左聖慈上皇居之也右官朝當中御之也編國朝事務為國朝常禮十卷秋七月詔凣獄監勾誦許取脚力錢依日程遠近九月國聖皇太后崩追尊順慈皇太后浚沉濠諸港自清化府至演州南界功成陞󰘊榖輔國上侯秋八月幸即墨行宫朝享先廟宴鄕老賜帛有差上皇詔國中凣有驛亭皆塑佛像事之先是國俗以暑熱多構亭子以歇行人垔以白粉號驛亭上皇微時嘗憇于此有僧謂曰少年後當大貴及得天下故有此命史臣吳士連曰陳太宗此事與李太祖之萬行事李陳崇佛之權與也夫有識者凣事皆先見奚足為異哉壬辰八年七月以後天應政平元年春正月初定朝儀封上皇子婆列為懷德王初上皇微時娶婆列村女在西真縣有娠而見踈及生婆列上皇不之認年長魁梧善武藝願為交跌隊一日與隊人擊毬其人交跌扼婆列喉氣幾絶上皇厲聲曰是我子也人驚拜即日認為子故有是命二月試太學生中第一甲張亨劉琰第二甲鄧演鄭缶第三甲陳周普夏六月頒國諱廟諱元祖諱李因改李朝為阮朝且絶民之望李氏也八月暴風民間疫癘多有死者陳守度盡殺李氏宗室時守度專政日久既弑惠宗李家宗室怏怏失望是年冬諸李因拜先后于華林太堂守度潜作深坑築屋居上候至酒酣𭛁機並生埋之按英宗時猶有李家族將且孚先不書此事未必有也故有之癸巳天應政平二年宋紹定六年命馮佐周閲定乂安府諸名邑皇太子鄭薨按史法皇太子生必以年月日書薨亦然此止書薨者盖始生而𣨟失其月日也甲午三年宋端平元年春正月十八日上皇崩于附天宫壽五十一秋八月二十八日塟龍興府壽陵陵在星罡鄕昭裕德三陵同廟號徽宗謚曰開運立極弘人應道純真至德神武聖文垂裕至孝皇帝以太尉柳輔政󰀋為顯皇史臣吳士連曰太宗之於兄柳欲尊異之故為是過舉󰀋為顯皇名不正矣夫名不正則言不順言不順則事不成柳萌作乱之心未必不由乎此拜守度為綂國太師知清化府事加封李朝太尃馮佐周為興仁王関内侯范敬恩為太尃封保忠関内侯乙未四年宋端平二年春正月雷震城内三十處丙申五年宋端平元年春正月定内外文武官及宫殿陵廟名官俸例分税錢逐次頒給二月定大臣官銜凣宗室入政府或太師太傅太保太尉或司徒左右相國皆兼授檢校特進儀同三司平章事夏六月大水决麗天宮時顯皇柳知聖慈宫因大水乘船入朝見李朝舊妃逼通於麗天宫廷臣劾奏因改其宫為賞春宫降顯皇為懷王秋八月選儒生中科者入侍後為定例冬十月以范應臣為尚書知國子院提調文臣從臣子弟入學加封興仁王馮佐周為大王関内侯范敬恩為太尉賜大王冠服丁酉六年宋嘉熙元年春正月詔凣造嘱書文契係田土揭借債錢書契証人押手前三行賣主押手後四行納兄懷王柳妻順天公主李氏為順天皇后降昭聖為公主時昭聖無子而順天懷娠國康三月陳守度與天極公主𡧸謀於帝曰宜冒取之以賴其後故有是命柳於是聚眾下大江作亂帝内不自安夜出城就安子山孚雲國師師太宗故交也時舊號也來降耳仍以身當之守度怒甚投劎于江曰我是走狗耳安知爾兄弟之順逆乎帝和解之諭守度罷兵以安阜安養安生安興安󰘊之地為柳湯沐邑因封其地號安生王大江亂兵伏誅潘孚先曰三綱五常人之大倫太宗開基之主固當立法以垂後世乃聽守度之邪謀奪兄妻以為后旡乃斁彛倫以啓淫乱之端乎柳自是生嫌隙敢於作乱太宗養成其惡也或謂太宗不殺兄仁矣愚謂奪兄妻其惡理未滅耳烏得謂之仁哉嘗觀陳裕宗淫乱聚麀未始不由太宗啓之也史臣吳士連曰太宗冒取兄子為己子厥後裕宗憲慈皆以日禮為恭肃子致陳業幾墜其原𡸈無所自哉群臣上尊號曰綂天御極隆功厚德顯功佑順聖文神武孝元皇帝宴群臣於天安殿二月移造靈光殿於東步頭號風水殿凣車駕所幸駐蹕於此百官迎送必献檳榔及茶故俗呼茶殿夏五月端午節吊屈原及古賢人如介子推者每年是月皆󰁮行之戊戌七年宋嘉熙二年春二月命綂國太師陳守度定清化府帳籍秋七月大水决賞春宫八月定王侯公主文武群臣宗室舟車之制宴五品之上於八角殿己亥八年宋嘉熙三年春正月復授馮佐周入内太傅遣㱕即墨鄕起造宫室殿宇二月試太學生中第一甲劉免王戞第二甲吳克第三甲王世禄矯賢作乱庚子九年宋嘉熙四年春正月命馮佐周營造清化府行宫五處秋七月暴風大雨水地震九月二十五日皇適長子晃生立為東宫皇太子冬十月諒江守臣驛奏所部被北人虜掠民間財物命侍臣裴欽徃北邉申理辛丑十年宋淳祐元年春二月選有勇力諳武藝者充上都宿衛夏四月旱各處山崩椰市地裂秋八月大水九月詔諸司󰠣獄許取評泊錢評即󰠣也前有評司亦是也冬十月北蛮寇邉命督將范敬恩討之畧諸蛮峒而還皇第三子光啓生太子晃同母弟也國康其長兄也後並封大王次則日永益稷昭文並封王又次則封上位侯諸王長子則封王次則封上位侯永為定制帝親征宋陵路永安永平等寨遂過欽廉等州自稱齋郎捨舶境内止以金鳳日光月光等舟而徃州人不知其為帝皆驚走及知之乃絙紩鎖於江中以截水路返拔其鐵碇數十以㱕馮佐周卒壬寅十一年宋淳祐二年春二月定天下為十二路置安撫鎮撫正副二員以治之諸社󰀋設大小司社五品以上為大司社六品以下為小司社或兼二三四社及社正史監為社官造戸口單數男子大者為大黄男小者為小黄男六十歳為老甚老爲癃老其人丁有田土則出錢粟無田土者全免田一畝二畝出錢一貫三畝四畝出錢貳貫五畝以上出錢三貫田租一畝出粟一百升夏四月命親衛將軍陳閨擎將兵鎮守北邉攻畧憑祥路地方初自元太宗崩後関再徃徃不通如有使命惟正副二員從人二貟而已進貢方物其數若干緘封送至界首本處土官守𬋩領𮞏送使人至京但上具本柬奏貢物無至者至是命將守禦攻畧始得與宋通好五六月旱録因大赦秋七月雨免田租之半九月庚辰朔日食冬十月占城來貢十二月黄龍見癸卯十二年宋淳祐三年春正月令諸路官修寫民簿其二月完畢二月營城内號龍鳳城及重修國子監夏六月命員外郎張疋󰠣都衛府諸獄秋八月大水决大羅城冬十月選補諸軍部調役甲辰十三年宋淳祐四年春正月分命文臣任天下諸府路凣十二處府有知府路有通判州有漕運使副主漕運使定制律諸格三月授馮佐周父馮佐湯為左街道籙爵㪚郎時凣王侯授僧道官則呼左街盖不使齒諸朝列左街僧道之極品非通練本教則不妄與今以命佐湯是優禮也冬十月定百官内外任及宿衛官俸乙巳十四年宋淳祐五年春正月帝幸應豊行宫今建興府是也秋八月大水决清潭堤冬十二月暴風大雨三日江水漲溢蛇魚多死丙午十五年宋淳祐六年元定宗貴由元年春二月定諸軍選壮者充四天四聖四神軍天長龍興等路為内天屬天剛章聖供辰其餘充禁衛禁軍團隊一作鋒隊三月閲文武内外各宫十五年一閲定十年加爵一級十五年加聀一等其官鈌員則以正兼副正副亦鈌則以他官轄之待考满始授本聀是時國家無事人民樂康居官者久於其聀在舘閣者十年出身在省局者十五年出身宰相則擇宗室賢䏻有道藝通詩書者為之夏五月龍隊山塔頽秋七月定大比進士以七年為凖冬十二月以張𫎇為御史大夫𫎇清化有䧺才丁未十六年宋淳祐七年春二月大比取士賜狀元阮𣇄耳之築自此始夏四月造臨波橋於真教禪寺跨玩蟾池抵景靈宫太清觀極其奢麗六六月順天皇后崩追尊顯慈順天皇太后遣風水者適觀天下山川有王氣之處用方術厭勝之如清化𮢶婆醴江椎昭舶山之類其塞溪港開阡陌不可殚紀從陳守度之言也史臣吳士連曰自有此天地已有此江山而天氣之運聖人之生有其數焉天氣自此而南終於南則復北聖人百年而生盈其數而復始以黎輔陳為御史中相知三司院事秋七月以明字劉免為清化府路安撫使辛亥二十年二月以後元豊元年宋淳祐十一年元憲宗𫎇哥元年春二月改元元豊元年上親寫銘文賜諸皇子教以忠孝和遜温良恭儉以天城長公主嫁忠誠王安生王子國峻奪之公主㱕于國峻是月十五日帝設大會七日夜合䯻圖及百戲縱朝也遊觀欲令天城與忠誠合䯻先遣天城公主居仁道王第因道王乃忠誠王父國峻欲求配而無由夜間乃潜入城公主所居通之瑞婆公主太宗姊國峻姑養國峻為子隨叩殿門告急閽者馳奏帝問其故瑞婆曰不意國峻狂妄夜入天城所居至寂然遂入天城所居見國峻在焉仁道方知之明日瑞婆進生金十盤奏曰急遽不䏻供僃禮物帝不得已以天城公主下嫁國峻以應天田二千頃還忠誠王聘禮史臣吳士連曰王姬下嫁必使同姓諸侯主之禮也太宗以天城公主下嫁忠誠王而公主㱕于興道王婚姻不正甚矣然則是禮也無主之者󰊹掌禮𡸈容無主盖帝於夫婦之道不正故其臣子效之也且婚姻不於異姓而於同姓惟陳氏為然失禮之中失禮焉帝賜宴内殿群臣皆預及醉坐者皆起攔手而𰙔御史中相後改中尉陳周普隨人攔手然不他𰙔但云史官𰙔云爾史官𰙔云爾槌行酒令則愈麄矣史臣吳士連曰觀此雖見當時軍臣同樂不拘禮法亦風俗之简質然無節矣御史諍臣聀當䋲紏不言則己乃與之同流惡在其為朝廷綱紀哉夏四月安生王柳卒年四十一加大王王敬恩舊李朝太尉䦕内侯壬子元豊二年宋淳祐十三年春正月帝親征占城命欽天大王日皎為留守占城自李氏衰弱常以輕舟剽掠沿海居民帝即位懷之以德遣使徃諭雖常入貢而復乞故地且有窺覦之意帝怒故有親征之役冬十二月獲占城主妻布耶羅及其臣妾人民而還或云獲占城主布耶羅非也若果然文休作史記何不引與擒乍斗並稱哉今從孚先為是癸丑三年宋寶祐元年夏四月以欽天大王日皎為太尉六月立國學院塑孔子周公亞聖書七十二賢像奉事秋八月立講武堂九月詔天下儒士詣國子院講四書六經甲寅四年宋寶祐二年夏五月定宗室文武百官輿服騶從有差自宗室至五品官皆得轎馬紙三品以上雲頭青盖四品至六品平頭轎五品以上青盖六七品皂紙盖騶從多者千人少者百人時王侯多以手搏及獨行盗為勇武威王唯太宗之子亦為之一日武威手搏於東步頭帝微行見之曰肥而晢者誰也捉來以供使令武威聞之乃迯六月鬻官田每一靣錢五鏹時謂鏹為靣冬十月賜范應夢錢使自閹入侍初帝夢出遊見神人指一人謂曰此人可為行遣夢覺不知何人一日朝󰰾幸城外見一男子從學于城之南門形貌酷似所夢人欲授以行遣而難之仍賜錢四百鏹使之自閹賜名應夢後累遷為行遣盖倣李朝用李常傑李常憲舊例也丁卯五年宋寶祐三年春三月命劉免培築清化名處河堤夏四月選散官為諸路河堤正副使農𨻶督軍築堤岸决滆渠以防水旱皇弟六子日燏生先是太清宫道士名甚為帝祈嗣拜章畢奏曰上帝既𠃔章奏即命昭文童子降生住四紀矣已而後宫有娠果生男两膊有文曰昭文童子字頗明顯至四十八歳卧病月餘道士拜章畢起曰上帝覧章笑曰何乃恋俗久留乎然其子誠孝何𠃔再與二紀病乃瘳後日燏卒年七十七則周六紀有五年矣史臣吳士連曰道士𥬉嗣之事以為信然耶則天道遠不可得而知以為不然耶則誠心所感無遠而弗届然道士於伏拜侯命之時天或形於夢寐以告之也夫理數相倚理生於數數亦未水不生於理命之脩短數也心之孝誠理也或曰道士䏻攝性飛昇愚未之信也五月種菴蘿五百丈自洪洼至狗神𣇄耳秋八月大水上遊西湖冬十月幸天長府行宫丙辰六年宋寶祐四年春二月大比取士賜京状元陳國扐寨状元張燦榜眼朱馨探花郎陳淵太學生四十三名京人四十二名寨人一名出身有差國𥘉󰁮人未分京寨中魁者賜状元至是分清化乂安為寨故有京寨之别殿閏三月鑄鍾三百三十口夏五月雷震天安殿又震太清宫天尊像仆地折一指浚蘇歷江秋七月武成王尹挈家出亡宋思明府土官黄炳執送㱕我尹安生王子顯慈所生也安生有釁於國家及顯慈崩失勢故亡之此國帝賞炳金帛由是関隘益加嚴謹丁巳七年宋寶祐五年春二月黄炳挈家詣闕進其女納之󰀋為惠肃夫人秋八月㱕化寨主何屈驛奏元使來九月詔左右将軍将水步軍禦邉受國峻節制冬十一月令天下脩繕噐械十二月十二日元将兀良合䚟多切改犯平厲源帝自将督戰前󰱆矢石官軍少却帝顧左右惟黎輔陳即黎秦單騎出入賊陣顔色自若輔陳力諫曰今陛下特一孤注耳宜避之𡸈可輕信人言哉帝於是退次瀘江輔陳為殿賊兵亂射輔陳以舟板翼之得免虜勢甚盛又退保天幕帝御小舟就太尉日皎船問計日皎方靠船坐不䏻起惟以手指點水寫入宋二字於船舷帝問星罡軍何在星罡日皎所領軍對曰臣首未至地陛下無煩他慮史臣吳士連曰日皎同姓大臣冦至怯驛無扞禦之策又導其君以出寓之方将焉用彼相哉二十四日帝及太子御樓船進軍東步頭逆戰大破之寨主何俸招集蛮人襲擊又大破之時元人新取雲南游兵畧之無攻取意當時謂之𫢋賊賊退賜俸侯爵免小校黄巨陀罪初帝賜左右食菴蘿不及巨陀及元軍至東步頭巨陀乘輕舟遁去至黄江遇皇太子逆流而上巨陀󰘌岸避之船勢甚急官軍大呼問元軍何在巨陀應曰不知汝等當問食菴蘿者至是太子請寘之極刑以懲人臣之不忠者帝曰巨陀罪甘赤族然古者有羊斟不預羊肉至敗鄭師巨陀之事予之過也免死許擊賊贖罪時帝親率六師禦冦掌印官倉卒藏宝玺於大明殿梁上但帶内密印隨行途中印又亡軍中文書無印帝命工刻木為之及駕回京又有進亡印者所藏宝玺依然猶在戊午八年三月以後聖宗紹隆元年宋寶祐六年春正月朔帝御正殿朝百官百姓安堵如故定功行封授黎輔陳御史大夫仍以昭聖公主㱕之曰朕非卿𡸈復有今日卿其勉之共成厥終史臣吳士連曰陳朝君臣瀆夫婦之偷又於斯遣使通好于宋遣黎輔陳周博覽如元時元使來索歲幣增其職貢紛紜不定帝命輔陳徃以博覽副之卒定三年一貢為常例二月二十四日帝傳位于皇太子晃遜居北宫太子即皇帝位改元紹隆元年稱仁皇尊上皇曰顯堯聖壽太上皇帝史臣吳士連曰自夏禹傳子之後父崩子繼兄殁弟乘未為常法陳氏家法乃異於是子既長即使承正位而父退居聖慈宫以上皇稱同聽政其實但傳大噐以定後事僃倉卒爾事皆取决於上皇嗣主無異於皇太子也然則於道得乎盖取乾退居西北而震進出東方之意然未至於耄期倦勒不可也曷若繼承如三王以正其始終之為愈孟子曰遵先王之法而過也未之有也群臣上尊號曰憲天體道大明光孝皇帝秋八月暴風報天㙮頂落納安生王弟五女韶為天感夫人尋󰀋為后聖宗皇帝諱晃太宗適長子也母顯慈順天皇太后李氏以天應正平九年庚子九月二十五日午時誕生尋立為皇太子太宗遜位遂𡸈大寶在位二十一年遜位十年壽五十一歲崩于仁壽宫塟裕陵帝三忠孝人恕尊賢重道父作於前子述扵後陳定基業固矣然優游三昧探一乘非帝王之善治也紀未紹隆二年宋開慶元年春正月陳守度夫人靈慈國母陳氏薨陳氏稱國母者本前吳夫人號即后太宗以靈慈嘗為李惠宗后不忍以公主稱故封為國母亦后之别各其輿服僕御視后史臣吳士連曰靈慈𥘉㱕李惠宗非正也後㱕陳守度失節也然而其女昭皇禪陳順天又為太宗后生聖宗安生與太宗生釁靈慈調之使和再為兄弟如𥘉及元人間道入冦京城失守靈慈在黄江保眾皇太子宫嬪妃主及諸將妻子免於盗賊又按驗諸家舟船之匿車噐者盡送于軍其相陳家内治之功為多而報李氏則是知天之生靈慈乃所以啓陳跡似𡍼山興夏而德則非也天之變道有如此者微哉夏六月以阮介勳為大行遣尚書左輔黎輔陳為水軍大将軍秋七月拜謁山陵置山陵官及封先帝宫嬪以奉祀九月以誕日為興天節冬十月四日上皇御北宫即聖慈宫百官朝賀庚申三年宋景定元年元世祖忽必烈中綂元年春三月戊辰朔日食二十五日日重暈内經黄色辛酉四年宋景定二年元中綂二年春正月選諸路丁壮為兵餘𠑽各省院局色役及各府路縣選鋒隊試吏員以書筭中者𠑽内令史掾吏太醫太祝各司考試精通本藝者除本職夏六月元遣禮步郎中孟甲員外郎李文俊齎書來諭其畧曰安南官僚士󰱃凣衣冠禮樂風俗百事一依本國舊例不須更改况髙麗國北遣使來請已下詔悉例此例除戒雲南边将不得𢫔興兵甲侵撂疆埸撓乱人民宴尔國官僚士各宜安治如故孟甲等于聖慈宫遣通侍大夫陳奉公諸衛寄班阮琛貟外郎阮演齎書如元通好元封帝為安南國王賜以西錦三金熟錦六國康年長然乃常才故相光啓史臣吳士連曰陳家之制王侯皆居鄕第朝覲赴京事畢還第如國峻之於萬刼守度之於玃鄕國頊之於至靈是也及入為相始總天下事然但持大綱權㱕行遣輕者反重而重者反輕然而不重煩以事亦保全之意且如元豊丁巳胡虜入冦王侯亦率家僮及鄕兵土豪為勤王之師天定之变又率村庄人為龍袋之迎亦壮維城之勢也壬戌五年宋景定三年元中綂三年春二月上皇御即墨行宫大酺鄕老自六十歲以上各賜爵二資婦人絹二疋改即墨鄕為天長府宫曰重光宫又别構嗣君來朝所御之宫曰重華宫又建佛寺于重光之西曰普明寺是後諸帝遜位皆御是宫因置两宫色役以僃供奉又置留守官掌之三月詔諸軍造戰噐戰船水陸習陣于白鶴江九浮沙秋九月錄囚北冦來時降元者不原占城來貢冬十一月元使馬合部等十人來問慶賀禮十二月大風雨癸亥六年宋景定四年元中綂四年春正月遣殿前指揮使范巨地陳喬如元元帝優詔許三年一貢二月雨雹夏四月以黎居為清化寨主冬十二月暴風大雨宋思明府土官黄炳進方物仍将部属千二人來附甲子七年宋景定五年元至元元年春正月太師陳守度卒贈尚父太師忠武大王守度𨿽無學問然才畧過人仕李朝為眾所推太宗之得天下者皆其謀力也時有劾之者見太宗垂涕曰陛下幼冲而守度權移人主将如社稷何太宗即命駕幸守度第仍執劾者從具以所言諭之守度對曰誠如所言即以錢帛與之回第泣謂守度曰媪為公婦而軍校輕慢如此守度怒令捉之軍校以為必死守度曰汝居卑職而䏻守法我有何言賞以金帛而遣嘗製生祠碑文以寵異之然而弑君烝后之罪難逃於後世矣二月彗星見東北三月以欽天大王日皎為相國太尉總天下事時帝拜日皎太師固辝不受盖慙寫船舷之事也帝𨿽𠃔其辝太師之請而加相國二字為相國太尉秋七月六日上皇宴群臣於延賢殿宴未終忽有彗星見東北長竟天上皇出視之曰予觀其光芒甚大其尾甚長非我國之灾復命終宴是年冬十月宋帝崩乙酉八年宋度宗禥󰦭淳元年元至元二年春二月占城國遣使三月改京師評泊司曰大安撫使𥘉制安撫使歷任各路满考則入為天長安撫使又餘考則餘帶審刑院事水得為京師安撫使秋七月大水决機舍坊皇子德曄生丙寅九年宋󰦭淳二年元至元三年春正月占城使臣布星布弘布突來貢二月元遣耨剌丁來吿曰吾昔遣使通好執事迷而不反帝遣楊安養武桓如元報聘賜京状元陳固寨状元白遼榜眼缺姓名探花郎夏儀太學生四十七名出身有差遼乂安人性明敏強記讀書千行俱下時上相光啓𬋩乂安遼為門客竟不仕二月東海路水軍廵邉在烏雷山因知元來侵之期冬十月詔土侯公主駙馬帝姬召集漂散無産人為奴婢開墾荒閑田立為田庄王侯有庄貫自此始丁卯十年宋󰦭淳三年元至元四年春二月占城來貢三月定皇宗王侯公主正派玉牒封𦹥號金枝玉葉三世孫得封侯郡王四世孫賜爵明自五世孫上品爵依五服圖夏四月選用儒生能文者𡍼閣省院時鄧繼為翰林院𭓇士杜國佐為中書省中書令皆文𭓇之士也舊制非内人不得為行遣未嘗用文𭓇之士文𭓇得柄用自此始五月封弟益稷為昭國王益稷上皇次子聰明好𭓇通經史六藝文章冠世嘗開𭓇堂于第之右集四方文士習𭓇給以衣食造就成才如旁河莫挺之洪州裴放等二十人皆資用於世秋八月詔定軍伍軍三十都都人十人選宗室通武藝明兵法者管之封封弟日燏為昭文王楊安養等自元還順齎元帝回答禮物壬辰十一年宋󰦭淳四年元至元五年春正月帝嘗謂宗室曰天者祖宗之天下承祖宗之業者當與宗室兄弟同享富貴𨿽外以天下奉一人之尊而内則與卿等骨肉同胞憂則共憂樂則共樂卿等當以此語傳之子孫使久勿忘則宗社萬年之福也至是詔宗室王侯朝󰰾入殿内及蘭亭與之飲食或日暮不出則設長󰥺大被連床同宿以篤发愛之情至於朝賀賓客宴筵大禮則正位次尊卑等級是以當時王侯莫不和睦敬畏無狎昵驕矜之失夏六月大旱外戚李吉犯坐天安殿寶座鞠治有狂疾杖而釋之秋七月大水相國太尉日皎卒年四十四贈相國太師冬十月帝與兄靖國大王國康戲於上皇前上皇著白木綿服靖國作胡人舞上皇解衣與之帝亦作胡人舞以請靖國曰最貴者皇帝之位下臣不與二郎爭今至尊賜臣微物而二郎欲奪之乎上皇大笑曰汝視帝位與賤服不相上下賛羡久之乃與靖國其父子兄弟之間和樂如此大饑己巳十二年宋咸淳五年元至元六年春二月占城進白象夏五月地裂星流六月旱綠囚雨至秋七月民始得耕種八月大水九月󰥭靖國大王國康為望江驃騎都上将軍冬十月少熟十二月元使籠海牙來諭邉事帝遣黎陀丁拱垣如元庚午十三年宋咸淳六年元至元七年春三月靖國大王國康起第於演州廊廡周廻壮麗過常帝聞之使人徃靖國惧乃塑佛像居之今桶寺是夏四月占城來貢秋七月大水京師街巷多以舟筏行九月帝幸天長行宫辛未十四年宋咸淳七年元至元八年春正月綠囚二月朔地震三月拜昭明大王光啓為相國太尉總天下事是歲𫎇古建國號曰大元遣使來諭帝入朝帝辝以疾不行壬申十五年宋咸淳八年元至元九年春正月翰林院學士兼國史院監脩黎文休奉勑編成大越史記自趙武帝至李昭皇凣三十卷上進詔加奬諭夏四月元使兀良來諭問銅柱舊界帝命貟外郎黎敬夫會勘言馬援所立銅柱歲久埋没泯無蹤跡六月二十三日未時日盪遣童子杜野木如元冬十月詔求賢良明經者為國子監司業能講諭四書五經之義入侍經幄癸酉寶符元年宋咸淳九年元至元十年春正月朔改元三月十九日雷震大興門外七處冬十一月以仁肃王鑽為入内判大宗正府大宗正甲戌二年宋咸淳十年元至元十一年秋七月大水冬十月宋人來附先是宋國居江南元人徃侵伐至是以海船三十艘装載財物及妻子浮海來蘿葛原至十二月引赴京安置于街𡟱坊自號回鷄盖我國呼宋國為鷄國以宋有段子藥材等物置賣為市故也國十二月󰀋皇長子昑丘錦切為皇太子納興道王長女為太子妃選天下儒學有德行者入侍東宫以黎輔陳為少師兼儲宫教授以阮聖訓阮士固等𠑽内侍學士輔陳愛州人上親寫詩以訓皇子并制貽後綠二卷賜状元陶椒榜眼缺姓名探花郎郭忍太學生二十七名出身有差前丙辰丙寅二科分京寨状元至是又併為一夏六月庚子朔日有食之既冬十一月北邉将臣驛奏元人廵邉相視地勢遣黎克復黎粹金如元丙子四年宋德祐二年五月以後宋端春宗景炎元年元至元十三年二月遣陶世光徃龍州以買藥探元人情状三月日中有黑子如鷄卵大相盪久之有星鬪于中天一星隕夏四月元世祖平江南遣合散兒海牙來諭以調民助兵等六事帝皆不咱秋九月十七日皇長孫烇七遠歹生立為皇太孫未幾立為東宫皇太子丁丑五年宋景炎二年元至元十四年春二月帝親征稔󰜏羅洞蠻獠生擒部黨千餘人而還夏四月朔上皇崩于萬壽宫上皇驚以手拂之墜地鏗然有聲視之乃鉄釘也占之曰是乃丁年之兆又嘗戲命明字阮墨老内觀驗其休𠧨墨老明日奉曰見一方函四邉皆有月字函上有一針一梳上皇又占曰函棺也四邉月字是四月也針能入物是入棺也梳踈也又時當偎𠐞俳謔每有速至初一日番代之語上皇又占曰是初一日晏駕也前年上皇忽一日謂左右曰明年四月予必死至是果然史臣吳士連曰禎祥妖孽唯誠者為䏻先知故易大傳言象事知噐占事知來必在説諸心研諸慮之後太宗之知來日占事也苟非理明心誠而因事臆度焉以取必未有不取禍於其後此讖記術数之學所以有異於聖賢𩿨學也󰊹五月大水地裂七丈未祥其處畜産魚虫多死冬十月四日塟昭陵廟號太宗謚曰綂天御極隆功荗德顯和佑順神文聖武元孝皇帝史臣吳士連曰裕宗賛太宗詩曰唐越開基两太宗彼稱貞觀我元豊建成誅死安生在廟號𨿽同德不同太宗之德所以至是者𨿽其孝发出於天性亦靈慈國母調和之也其奪兄之妻亦出於靈慈與守度自陷過𠧨既有以導之而隱忍安全又有以導之者盖其有天資之羙而未𭓇者也及春秋髙而理明德進其有得於聖𭓇者也󰊹上皇崩之日韶陽公主上皇次女名翠也方坐蓐忽聞鐘聲連響曰得非不諱耶左右紿之不聽乃慟哭長號瞑目而逝先是上皇弗豫公主時已嫁上位文興侯缺名數遣人問起居左右皆以平復無事對及聞鐘聲慟哭長號而逝國人傷之時威文王遂尚尚皇女瑞寶公主有詩句云頗笠五湖荣佩印桑麻󰰿野勝封侯自號岑樓有岑樓集行于世帝嘗問官家字義封曰五帝官天下三王家天下故曰官家帝嘉其博識不幸早卒年二十四國人惜之戊寅六年宋景炎三年五月以後帝昺祥興元年元至元十五年春二月民多疹痘死時京城民家常夜失火帝出城觀救火内書家段穹從之帝命點視救火且檢其先至者穹皆按其頭目史坐帝曰何以知之頭髮無汗而塵灰揚者是後至不及救者也帝以為䏻遂有意擢用英宗時穹為檢法官凣准獄英宗問故事穹必引舊獄為証多至五六案英宗嘉其聰敏而強記寄封次子德曄為佐天大王昭聖下嫁輔陳二十餘年生男上位侯宗女應瑞公主珪至是年六十一薨夏田禾不熟六月有大星南流隕海中小星千餘遀之聲如雷數刻乃已秋八月地震三度牛畜死冬十月二十二日帝禅位于皇太子昑,Chinese
dvsktt,八月張輔沐𣆭班師留都司吕疑尙書黄福鎮守福山東昌邑人初黄福督廣西土兵調運粮儲隨軍進征至是留之福為人聰慧善應變有治民才人服其能潘孚先曰胡氏亡國阮希周罵賊胡射杜人鑑人鑑杜子也满陣亡黎景琦至金陵不食若此之類似可以死節稱然希周嘗勸胡氏殺陳族人鑑父子陳氏舊臣所謂司惡相濟者也射之兄翁善被黨死射不以介𢙇又為敵愾所謂徒知食禄死難之為義而不知其人之不義也景琦為人適己自便窍取禄位不死於簒奪之時而死於䘮亡之日不足稱也他如吳免阮令喬表本是宦官之臣其死宜矣嗚呼楊䧺投閣非不忠且義而臣莽之罪難逃召忽之死不足以善其道然反側于寧不惕然爲之寒心也哉史臣吳士連曰昔夏徵舒弑陳靈公中國不能討楚子入陳殺而轘諸粟門春秋與其討也胡氏弑陳順宗而簒其國陳沆陳渴真諸人謀誅之而不能克身死之後七八年間無有能再舉者自謂國人無敢誰何然乱臣賊子人人得而誅之而天討之在天下不容一日捨也國人誅之不克鄰國人誅之可也鄰國人誅之不克夷狄誅之可也故夫明人得以誅之也至於假仁義茶毒生灵則是一殘故我太祖髙皇帝又得以誅之大惡之罪𡸈能逃天討之誅哉天理昭昭如是吁可畏也冬十月初二日簡定帝即位于長安州謨渡建元興󰆑先是張輔榜𠬧陳氏宗室及舊臣頭目以歸帝竄身潜行至謨渡天長人陳肇基率眾立之以舊號稱四月明人犯行營新集之軍不戰而潰遂西幸乂安暫駐焉化州大知州鄧悉聞之殺明官領眾來會進其女充後宫帝封悉為國公共圖恢復明人疑土官右參議裴伯耆𢙇異捕送金陵伯耆下洪扶内人本陳渴真黨稱南朝忠義臣出亡明國會見僞陳王添平先到及明送添平還國問合用幾多人添平曰不過數千到彼則人自服伯耆曰不可明帝怒廢伯耆陝西甘肅安置及添平敗召伯耆還勑賜諄諄以立陳氏伯耆當作輔臣爲言使從軍以授是官伯耆不預同僚衙門但家居横驛多𠬧舊官之失所者潮土豪范振立陳月湖為王於平灘題招安旗曰忠義軍陳月湖為明人所擒十二月命陳元樽陳楊庭舊行遣陳彦昭復與范振𠬧兵於平灘未幾潰散奔乂安行在誅僞官陳叔瑤陳日昭及其下六百餘人初明人以陳氏宗室陳叔瑤陳元旦子也守演州舊将軍陳日昭守乂安至是帝即位以不先奉迎誅之史臣吳士連曰天下大乱乂演之人民未知州明人追之犯布政海口范世矜迎降輔還東都夏四月鄧悉奉帝復幸乂安明詔畧曰尙念餘困本愚昧或廹饑󰠃或為强所驅或為姦所誘事非得己情有可矜槩而罪之朕實不忍詔書到日咸赦除之交趾所属軍民衙門官吏體朕至仁務隆寬恤無爲嚴急無肆侵漁一切不急之務俱且亭罷六月十六日鄧悉大破叛臣范世矜於日麗海口獲之及其姪范棟髙送行在誅先是世矜授明官作威福僣稱睿武大王至是集眾據安代山悉討平之秋九月地震屋舍樹木如傾冬十月國公鄧悉調順化新平乂安演州清化等路軍進討東都師經長安福成等䖏舊官属及諸豪傑無不應從悉擇其才各置以官十二月十四日國公鄧悉大破明師於逋姑桿時明遣總兵沐𣆭以黔國公掛征夷将軍印領兵五萬侵自雲南至逋姑會及登两岸築壘𣆭亦分水步相持明人敗北斬兵步尙書劉檇都司吕毅及新舊軍十萬餘獨沐𣆭走脱奔古弄城帝謂諸軍曰乘破竹之勢席卷長驅疾雷不及掩耳進攻東関城破之必矣悉曰且收餘寇毋致後患猶豫久不决東関守兵赴援接沐𣆭回悉分軍圍各城檄諸路行軍討賊潘孚先曰鄧悉但知行軍之爲急而不知救鶇都之尤急東都國之形勢據東都則諸路無不應而中州豪傑皆在焉舍此不圖分軍散處所以號令不一卒至傾襨宜哉史臣吳士連曰唐太宗之用兵多乘破竹之勢以取勝盖有英䧺之姿而将卒素所練習也帝討决勝而悉不從固爲可惜然悉盖料帝非太宗之䧺而兵自遠來粮或不繼京路之兵未集寧守什圍伍攻之法也不然古弄城距逋姑不過半日而尙不能乘破竹以進况東䦕乎在帝信讒而逮殺之耳鄧悉破勍敵之後經營纔旬月間功未及半而死非其罪傾襨之禍𡸈悉之罪哉官軍至建昌府土官同知陳國傑竄林中饑死陳福聞之爲之立祠史臣吳士連曰國傑之饑死非為明守節耻前日之受明官也此可見羞惡之心爲義之端惜乎國傑之不能耻於其初也己丑三年三月以後重光帝元年明永樂七年春二月殺國公鄧悉及同知樞密院事參謀軍事阮景真時帝次黃江内人阮蕢蕢或作蕢學生阮夢莊𡧸奏阮景真鄧悉專權予奪若不早圖恐後難制帝召二人至扼殺悉真奔上岸力士追斬之史臣吳士連曰帝幸脱險陷之中求濟國家之難得悉父子将才景真父子謀畧足以興恢復之功成中興之業逋姑之捷國勢復振乃聽竪子讒間之言一朝殺二輔臣自剪其股胘羽翼事何由濟故君德貴乎剛明剛則斷明則能察于時帝召二臣至引二竪数以讒譛大臣之罪立斬之則威令行而悉等勇益奮感益深設有奪權之萌𡸈不畏威而自戢何患難制哉既不能然則淪胥以溺而死而已阮景真子景異鄧悉子容皆憤其父死非辜領順化軍回清化奉迎入内侍中陳季擴至乂安立爲帝三月十七日帝御位於支羅改元重光以阮帥為太傅阮景異爲太保鄧容同平章事阮章爲司馬簡定帝守御天城與明相拒帥等會軍潜襲獲之夏夏四月七日興󰆑太后與行遣黎截黎元鼎潜起兵於渴江謀襲重光帝乂安人阮棹泄其事重光帝誅截元鼎等餘皆赦之二十日阮帥等引興󰆑帝至乂安三制江時天地陰曀忽出彩色黄雲眾皆驚異乃尊興󰆑帝爲上皇同戮力擊賊五月重光妃殂六月興󰆑太后崩秋七月淫雨兼旬不止明總兵沐𣆭遣黄羅來人接於清化弩江二帝出師討賊上皇進兵下洪帝師進平灘駐營明人閉城自守帝令四五日一次出哨諸路豪傑皆響應惟三江知府杜維忠維忠洮江土豪保養明官不從而以會總兵張輔以英國公掛征夷将軍印來援上皇乃棄船上岸如天䦕鎮帝疑上皇有異志令阮帥追之不及張輔分軍躡至併獲太保陳希葛及寶璽俘送金陵尋被害八月重光帝與張輔拒持於平灘帝分命平章鄧容守鹹子䦕頗乏食容分兵收獲早稻以供軍食明人覘知之以水軍犯鹹子䦕帝聞失守自度不支乃引軍回乂安復圖進取輔所至多行殺戮或積尸爲山或抽腸繫樹成煎肉取䐧或炮烙爲戲至有剖胎為二馘以應令諸京路以次受行其遣民尽掠為奴婢及輔賣去而四散者矣尙書黄福復設官分任清化以北諸府縣土人有能招安及殺掠有功者張輔並劄授官黄福請陞太原宣光二州爲府是歲饑疫甚於阮表數賊罪惡以皆表表可稱者獨胡彦臣奉使辱命已受誅潘僚告賊以國之彊弱雖免死於一時而我太祖髙皇帝又誅之也人臣之忠於國者雖死其義無𠧨且流芳於無窮属明紀甲午明永樂十二年春正月明張輔沐𣆭招撫新平順化󰰻分官治與土官同辨事取勘人口攅造户󰀋升華府雖有設官而占城猶有長路占管明但載空名而以京路仕䆠有避賊從重光帝如化州者至是有挈家去老撾者去占城者國人自是尽為明人臣妾矣夏四月明總兵張輔沐𣆭兵部侍郎陳洽偕重光帝阮帥鄧容還東關各府州縣官僃禮物圖帳彩旗來賀令人送燕京重光帝至途中赴水死帥見重光帝已赴水没日與監守指揮圍棊得慣以棊秤打之墮水死國統遂属于明秋七月張輔劄各府州縣凣軍家虜󰱐小厮婦女而迯在各䖏者捉送軍門各官希上司意多捕貧民流移者觧送之八月明張輔沐𣆭陳洽北還分軍鎮守九月明黃福榜示各府州縣設立文廟社稷風雲山川無祀等神壇壝時行祭禮明禁男女不許剪髮婦女穿短衣長裙化成俗冬十月明開設學校及劄訪求儒醫隂陽僧道令府州縣以禮敦請從右參議彭道祥之言也明開墾田粮桑絲每户一𤱈開爲三𤱈是後勸課户口歲增田每户十𤱈謂每𤱈三髙十𤱈實三𤱈每𤱈徵粟五升沙洲每户一𤱈徵絲一兩每絲一斤織絹一匹乙未明永樂十三年秋八月明取勘金銀塲起夫淘採及捕白象氽珍珠重税後斂民不聊生海濱盐塲禁民私賣並令内官管閙又設立本塲局使副以分管之府州縣置税課司河泊所副使明開盐法先令本塲使副督人煎煮每月若干送提舉卑收貯内官募商出金領布政勘給大勘合開盐十斤小勘盐合開一斤方得𤼵賣如無同私盐法又禁行人例得盐三碗鹹一堈而已九月明黃福差官押路送府州縣儒醫隂陽僧道正身赴燕京除授官職回本衙門管事仍令所在官司給與盤費伴送無者懲治沿途應付口粮脚刅冬十月明總兵張輔復以征虜副将軍來鎮守明開永安萬寧水路設置迎運水驛直至欽州又設馬驛直至横州丙申明永樂十四年春正月明起送文武上官耆老赴燕京换總兵劄用部帖黄實授官職保陞參議阮勛爲左布政使知府梁汝笏杜維忠爲參政其餘陞知府同知府知州同知州知縣等官因賜勑曰昔平定交趾爾充輸誠効義歸心朝廷朕嘉爾誠授以官職爾自受命以來能尽心竭力奪忠敵愾勦戮叛逆撫安境土勉脩厥貢職屡加陞賜以彰爾能今詣闕朝貢眷兹誠悃宜用褒嘉今特陞爾爲某官爾尙益勵忠勤恪脩臣節勞來撫綏俾其民各安生業同享太平之福則上天保之爾茂膺爵禄延及子孫而爾之令名缹諸簡󰀋永匕無窮焉二二月明張輔劄閲土軍名数取民户三之一分隷各衛所每户各三丁爲准清化以南人丁稀少以二丁為准非衛所而有要害所亦立堡栅以民兵守之秋九月新安縣兵起明招誘前朝舊官假拨軍民衙門辨事轉送燕京留之奔競之徒素非舊官未得實授官職亦挺身出國内爲之空虚居數年艱苦往匕迯回明起送土吏满九年者留拨在京衙辨事除未满者放回丁酉明永樂十五年明内官馬騏奏總兵張輔在交趾選取土人壮勇者爲圍子手明遣監察御史分司廵按自此始明兵部尙書陳洽復賛總兵軍政明定歲貢儒學生員充國子監府學每年二名州學二年三名縣學一年一名後又定府學每年一名州學三年二名縣學二年一名吏部勘合仰交趾布政按察二司及府州縣官期以明年正月一日到京朝覲不問正佐但在任年深者󰅾首領官吏同去仍勘自甲午年七月至本年六月終三年内户口田粮等項造須知󰀋進呈󰏲考黄福劄令豪富土官阮勛梁汝笏杜維忠杜希望梁士永楊巨覺等並以家人赴燕京報效營造宫殿明帝曰遠人󰠡苦優賜遣還黎皇朝紀太祖高皇帝帝姓黎諱利清化梁江藍山鄕也在位六年壽五十一塟永陵人帝奪起義兵削平明賊十年而天下大定及即位定律令制禮樂設科目置禁衛建官職立府縣收圖籍創學校可謂有創業之宏謨矣然多忌孝殺此其所短也初帝三世祖諱誨嘗一日逰藍山見眾鳥群飛翔繞於藍山之下若眾人聚會之狀曰此必佳處也因徙居焉三年而產業成自是世爲一方君長誨生汀克承其家有眾生千餘人妻阮氏諱廓生三子長曰從次曰曠乙丑八月初六日生帝于雷陽主山鄕帝之生也天資秀異神采英偉其眼光其口大其凖隆肩有黑子聲如洪鍾龍行虎步識者知其罪常人時胡簒陳祚明人南侵郡縣我彊域臣妾我兆󰱃法峻刑苛賦繁役重凡中國豪傑之士多陽假以官安𢮿于北帝智識過人明而能剛不爲官爵所誘威勢所怵明人巧計百端終不䏻致也鄧悉阮帥等共立陳氏之後陳頠牛毀切容正貌陳擴爲王帝見其懦弱又眈于酒色知事不成乃晦迹山林潜心韜畧延攬智謀之士招集流離之民奪起義兵欲除大亂嘗謂人曰我之舉兵討賊非有心於富貴盖欲使千載之下知我不臣虐賊也帝之用兵䏻以柔制剛以弱制彊多致克捷其乂安順化西都東都諸城皆命文臣阮廌作書諭之示以禍福不戰而降明之授兵俘獲十餘萬眾亦皆放之繼營天下凡十年間克平大亂而成帝業戊戌明永樂十六年春正月庚申帝起兵於藍山初明人常授帝官職以誘之帝不屈慨然有󰰻亂之志嘗曰丈夫生世當濟大難立大功流方千載何乃屑血爲人役使乎遂率豪傑建義旗期滅明賊是月初九日明内臣馬騏等大舉兵逼帝於籃山帝乃退兵屯洛水設伏以待之十三日騏等果至帝大縱伏兵衝擊賊軍帝姪一作子明史作弟黎石與諸将丁蒲黎銀黎理等身先陷陣斬首三千餘級獲軍資噐械以千數乃移軍至靈山十六日叛臣愛等史失其姓爲賊嚮道間行以襲帝後没其家属及軍民妻子葚眾軍士稍稍沮散帝乃與黎禮黎閙黎秘一作賁黎熾黎踏等潜棲山上二月帝粮絶不舉火遇賊退軍乃築堡于藍山三月出煙忙收得百餘人夏四月明勑本國府縣州栽種胡椒今以鬱茂特遣内官李亮前來󰇼取進用自是有司督促每一苗直前五鏹秋七月明遣行人夏清進士夏時來取我國古今事跡志書明開設珠塲採香料蒐捕白狐白鹿白象索求九尾龜倒掛烏白頬猿蚺蛇等物進納九月明總兵李彬引兵蒐撿帝設󰣝没忙以毒箭射之死傷過半彬敗退還明内官太監山壽督領軍民圍靖安三峙得白象一隻背上有斑音𤤻紋以銀鞍盖之差都督江浩送燕京以爲禎祥内外諸司表賀己亥明永樂十七年春二月明遣監生唐義頒賜五經四書性理大全爲善音隲孝順事實等書於府州縣儒學俾僧學傳佛經於僧道司明李彬奏請户部頒級交趾户帖州縣修定賊役黄󰀋里長甲首周年圖樣大率每一百一十户爲一里每年里長一人甲首十人應役周而復始當里甲者鞭箠不勝其苦夏四月帝攻俄樂堡獲土指揮阮抄斬首三百級五月帝屯拖山󰀋明人進擊帝設復於正地名大破之徙屯蘆山󰀋尋徙于催地名又回于山地名駐營秋七月乂安土人知府潘僚以明内官逼取金銀乃率眾擒殺流官以兵圍藝安城城欲陷李彬猝至僚遁哀牢彬追至玉麻州不及復還藝安修治城池招撫人民彬之征僚也遣指揮路文律爲前鋒文律既行復留計議自懷疑惧挺身奔遁彬執其老母家属兄弟三帶州同知州文斐鎮蠻府同知州潘傑僚之從兄也聞僚遁挈家随之未出境與妻俱縊死冬十一月下洪鄭公証黎行新明范善快州阮持黃江阮多構陳芮見東關城但存羸弱皆起初爲三江知府黃福考語曰叩所藴無所知󰏲諸行無可取一府之尊惟已吏部引奏宜降蒼官明帝曰長官難做可還佐貳官因遷參議到任之日宗魯曰向者大人考下今以同堂而坐至洪熙明仁宗年號也乙巳之歲宗魯又以闒茸落職爲民水棠撞涇人黎餓改姓名爲陽龔自稱天上皇帝紀元永天餓本陳天賫家奴相貌頗羙嘗逰四方莫不供養又詐稱馬騏小厮𠺱喝州縣以爲資身之計見公証范玉范善競起謂其相識曰汝等貪富貴乎有願從者俱徃去諒山丹巴縣詐稱陳睿宗玄孫自老撾回丹巴父道閉瞬妻以息女而立之旬月間得眾數萬餘人徃安邦據洪盈寨公証范玉既敗餘黨㱕之得眾數萬人僣號紀元置官鑄前燒昌江城掠平灘柵有識爲餓者亦不敢言天賫徃見之出曰是我家奴何拜爲遂移舟遁去餓追之不及天賫移檄旁縣自稱興運國上侯以兵相攻謂餓所殺李彬大舉水步攻之餓瞬俱夜遁不知所之左参政侯保守黃江堡建昌人阮述攻殺之冬十月帝聞明人欲至設伏俸津以待斬馘無算獲馬百餘匹乃休兵于𤡛地名又徙屯于催葵州同知州琴爛引李彬方攻等將兵十餘萬從葵州直抵于催帝伏兵於施郎擊之彬政僅以身免十一月帝進屯𤂬江波凛󰀋挑賊出戰賊将都司謝鳯黄城棄俄樂堡回㨿䦕逰寨以備西都城帝日夜多方攻逼以勞擾之又分遣黎察黎豪等進擊大破之斬首千餘級獲戰具甚多帝乃撫集各處人民傍縣皆望風響應相與進逼各堡明三司建言交趾官吏軍民等雜犯死罪以下請皆納粮有差以爲邉儲明帝從之是歲黄福乞免官吏朝覲以地方未平故也辛丑明永樂十九年春正月明營造燕京奉天殿成明帝御正殿朝百官詔府縣州官來賀夏四月八日殿災乃止起取火者充内府六月三江大水或謂󰇼取龍椆木進用故有是災秋九月底江水明總兵李彬内官李亮逮捕𰎟山縣生員范論捺作陽龔以塞詔命連及家属范社等送燕京知縣弋謙證謂非是不聽謙以黄包奉大誥徑奏之彬使人截回黄福勸之曰眾人皆以爲是自爾不知如何彬以謙論併送之下法司按問謙幾陷罪謙兄擊登聞皷得免累遷我國右布政使獄中冬十一月二十日明參将陳智領交州等衛及偽黨共十萬餘人攻逼帝於波凜󰀋勁一黥作弄隘帝會諸将謀曰彼眾我寡彼勞我逸兵法所謂勝敗在将不在乎眾寡今彼軍雖眾而吾以逸待勞破之必矣及夜分兵掩襲賊營皷譟並進攻破賊四營斬首千餘級後智輕帝兵少復開山通道以進帝潜伏兵於甕隘以待之日午智果從山路來伏兵夾擊破之智稍却會哀牢率眾三萬眾一百猝至帝營聲言爲併力擊賊帝信之不設備夜半反爲所襲帝身督戰自子至卯大破之斬首萬餘級獲象十四隻乘勝逐北四日夜兼行直抵巢穴而還十二月帝進屯始󰀋哀牢酋長满察窮蹙欲帝緩攻以待援帝知狡計不許諸将強請謂士卒久勞宜少休息惟平章黎石以爲不可乃身先奪擊誤中伏籖卒石帝之兄子也帝幼時伯兄保養故帝愛石踰於其子石性仁愛好讀書有勇力愛士卒帝嘗命領前鋒所向皆克惜其勇而寡謀耳至是卒帝深悼之初帝與哀牢結好曾無釁隙帝在蘆󰀋山與明人相拒哀勞常遣眾救援逮僞官路文律迯賊入哀勞畏帝威名構成嫌隙故至此明方正黄福會同總兵三司并鎮守陳洽等議凡文武土官常有干請者假以满考公差請燕京安置壬寅明永樂二十年春正月朔日食二月明總兵豐城侯李彬𭛁疽死冬十二月帝進屯䦕耶哀牢又以明人相約腹背交攻我軍多傷死塊󰀋纔七日明人大舉兵圍之帝謂将士曰賊四面圍我欲去何適所兵法所謂死地也疾戰則存不疾戰則亡将士皆感激争戰殊死黎領黎問黎豪黎篆等身先陷陣斬獲明參将馮貴及其眾千餘級獲馬百匹馬騏陳智僅以身免奔走東䦕哀牢亦遁帝回駐至灵山軍士絶粮二月餘惟食菜根蔬笋而已帝殺象四隻及所乘馬以饗軍士然徃亡猶有迯亡者帝乃嚴加東約捕得迯亡者斬之以徇軍復整肅如故時屢經多難軍士疲勞欲得休息皆勸帝與賊和親帝不得已遂以賊将山壽馬騏陳智等伴爲和好以安眾心遣親臣黎運黎臻等行成明遣内官及户部主事馬盟盤點府州縣倉庫錢糧及命安平伯李安與陳智並以参官鎮地方癸卯明永樂二十一年夏四月十四日帝復領眾回藍山明参将陳智内官山壽等多遺牛馬魚盐及榖種農噐以誘之帝亦遣臻等以金銀報而潜爲之僃智等知帝意外托和親内有掩襲之志乃拘臻等不還帝怒遂絶之将士𭛁憤皆誓死戰我國官吏復行朝覲禮仍進須知󰀋流官獨員而有土官者差流官去以别官代管流官吏皆被提問𭛁運事畢乃得還職冬十一月二十一日皇子元龍生甲辰明永樂二十二年春正月明令󰇼銀前北惟開金穴至是令󰇼銀未行而止秋七月明親征胡㓂𤤻師至𠱋木川大漸遺命傳位皇太子十八日辛昴崩匿之至燕京始𭛁䘮年六十五塟長陵廟號成祖謚曰文皇帝秋八月十五日明太子髙熾即位改元洪熙大赦詔曰朕惟上天民生愛立君王仁育兆庻咸底於太和統御華夷同躋於熙暭我先皇奉天撫運治化髙於百王文德武功聲教施於四海此緣邉警厪龍御以親征逮及凱還景鼎湖之昇逝遺命神噐以付藐躬願哀疚之方深𡸈遵承之遽忽宗親公侯伯駙馬文武臣僚軍民耆老及四夷朝貢之使俯伏闕下奉表勸進以爲天位不可久虚生民不可無主長嫡承綂國家常經陳辞再三瀝懇勤至是以仰遵遺命俯徇輿情以於八月十五日祗告天地宗廟社稷即皇帝位奉宗廟之洪祐仰聖神之永圖兹属涖祚之初宜布維新之命其以明年爲洪熙元年所有合行事宜條示于左一交趾採金銀及󰇼香課等類悉皆停趾所差去内外監督官員限十日以裏起程赴京並不許托故󰏲留虐害軍民於戲君臣一體愛民必務於寬弘賞罰有經爲國必先於明信武賢弼中外良臣㨿乃忠貞匡輔不逮用承鴻業隆國嘉永遠之基嘉惠羣黎廣海宇治平之福我國小大衙門委官𦤶祭物及朝賀秋九月二十日帝分兵象襲多矜堡破之明參政梁汝笏僅脱身走盡獲噐械燒燬堡柵明都指揮使阮率英領軍來援堡陷英狼狽無㨿帝又破之走入西都城其所獲妻子帝悉遣還明召掌交趾布政按察二司事工部上書黃福還勑曰卿國之老成久勞于外朕篤念不忘亟欲見勅至馳驛回京以副朕延佇之意其家小應付脚力後來明以兵部尚書陳洽來鎮兼掌布政按察二司事仍賛總戎軍政治直󰒜常州府人初爲大理少卿胡開大四年丙戌運粮從軍至𦥷慶三年己丑兵部尚書刘儁敗死於逋姑調洽爲侍郎管事化州平陞兵部尚書黄福之召還也奏保土豪爲官者平元父道黄銀鋒知府杜希望子杜㨿盐運同知申伯玦子伯珣等又奏土吏顧恋鄕土寬之則恐違事例拘之則多行迯巤及至蒐捕轉爲盗賊之資乞詔雲南終身充吏轉入各衙門辨事明帝從之帝籍丁壮繕噐械嚴部伍僃粮糗直趨乂安道經葵州蒲獵山一作蒲㨿處遇明指揮同知師祐及土官茶麟州知府琴彭領眾五千邀其前又有明將陳智李安方政葵福引兵継至逼其後日将暮帝乃於林間伏兵象方政等至縱兵擊之明人大潰斬都司陳忠及士卒二千餘級獲馬百餘疋明眾退走明日行至茶麟州鄭山庄復遇師祐又大破之斬千户張本及士卒千餘人祐僅以身免帝引軍至木󰀋陳智等躡至湛黄山然以屢經敗衂不敢深入退保乂安冬十一月帝使人招諭琴彭彭拒命獨與千餘立柵山嶺待援帝以兵圍之十二月明山壽使阮仕㱕黎臻以求之方政山壽等至乂安欲救琴彭而不感進乃遣賫書乞觧圍時琴彭堅守經月不下且聞援至帝召諸將謂曰琴彭困阨政等當急救援今乃逗遛必有怯意許和以觀其势往迨經旬月琴彭必成擒矣仍作書置筏中順洪熙元年托言欲從其請回清化反爲琴彭所遏倘有矜憐幸煩一介暫來和觧以通㱕路政等見書遣陳德二池告琴彭使之和觧琴彭知援不至開門出降茶麟州平帝令軍中曰彭以降秋毫勿犯必赦其罪不戮一人後琴彭謀反帝乃誅之帝慰撫部落勞賞酋長選丁壮部伍得五千人軍勢益振明人文琴彭既降乃復攻茶麟砦帝又攻破之帝欲攻乂安城而未知情勢會明帝𥘉立使内官山壽以詭詞諭帝帝知其意曰敵使誑我因其敵間而用之此其時也遂復通徃來覘其虚寳以圖襲乂安壽等知其計不行又絶使信徃來於是帝大整兵象進圍乂安城軍将行會有信報明人整象馬船隻水陸並進其明日來帝遂分兵千餘人使黎列等從間道㨿杜家縣親督大軍㨿險以待之纔三四日明人果至陋舘可留䦕列營下流帝於上流晝揚旗皷夜則舉火潜遣兵象渡江伏於要處天將明賊遂引軍以攻帝營帝佯退引賊入伏處賊不意引眾深入伏兵四起衝擊大破之斬馘及溺死者以萬計明日賊乃因山築壘以居不復出戰時賊糧頗多而帝軍無十日之食帝謂将士曰賊恃糧多堅壁爲長久計我糧少不可與賊持久遂燒營泝流佯遁潜行間道候賊至擊之明人謂帝已走大喜遂進兵駐帝舊營登山築壘後日帝出輕鋭挑戰賊出壘以戦帝伏於蒲隘㨿險賊又不意悉帝乃縱伏兵衝擊賊陣黎察黎禮黎問黎仁澍黎銀黎戰黎宗喬黎魁黎盃黎文安等争先陷陣大破之斬馘不可勝筭賊船横流溺屍塞江噐械填委出間擒都司朱傑斬前鋒将都司黄誠俘獲賊軍以千數陳智山壽收其餘卒走還乂安城帝乘勝長驅三日直抵城下智等入城固守明差錦衣衛舍人捉方政師祐等還京以茶麟州之敗也祐至中途服藥而死方政仍爲都督同知加参将明勑馬騏等復來辨金銀珠香乙巳明仁宗高熾洪熙元年春正月帝引兵至乂安土油縣多雷鄕老少争持牛酒迎勞曰不圖今日復覩故國威儀玉麻州知府琴貴以兵八千餘人象十餘隻來助順凡所至州縣秋毫無犯非偽官之牛榖雖甚饑困不得濫取眾皆聽命時軍士三日不得食而無敢犯者民見法立令行盡出明人牛榖以給軍士於是分兵畧地所至州縣皆望風㱕附相擊之十七日置等悉眾出戰黎舌寨軍半渡伏兵奮擊大破之斬首千餘級溺死者甚眾自是賊益驚懼復增築壘併力以守五月帝遣司空黎禮臼帝甥本丁賜姓黎姓徇演州禮先伏兵明人不之𮗓會明都司張䧺領糧船三百餘艘自東官至城中大喜争開門出接復兵猝起斬千户姓蒋者及軍士三百餘人䧺退走禮奪糧船追之且行且戰至西都城時賊眾來救乂安帝料西都諸城悉以虚弱又選精兵二千象二隻命黎禮黎镲黎仁澍及黎篆黎備等倍道間行󰲡西都城斬首五百餘級俘獲甚眾明人閉城拒守城外居民禮篆悉招撫之於是清化之人争諸軍門願効死力遂圍其城明帝崩壽四十八廟號仁宗明太子䀡基即位改元宣德是爲宣宗方面及撫縣州官朝賀秋七月帝料順化新平等處賊城與乂安東都聲息久絶謂諸将曰古之善将者捨堅攻瑕避實擊虚則用力半而攻倍乃遣司徒陳扞上将黎弩報令黎多蒲等将兵千餘人象一隻出攻新平順化等城招撫人民至布政江遇明賊扞等引兵入險潜伏河羌以誘之明将任䏻悉兵以進扞等合兵象交戦佯北䏻追之伏兵夾擊明人大潰斬首級溺死者甚眾時扞弩軍少而賊尚眾先已使人吿急請兵帝継命黎銀黎盃黎文安等将戦船七十艘浮海直抵其地及得弩信遂乘勝擊新平順化等處賊軍民皆㱕順明人入城固守於是順化新平悉爲我有諸将推尊帝爲代天行化自是榜諭多以此四字稱之丙午明宣宗𥊳基宣德𥘉年春正月明禮部令開鄕試舉士人總兵布按二司乞且停又乞免明年朝覲以地方未平故也夏五月明詔曰綂理之道所重愛民矜恤之仁宜存宥過交趾自入職方今二十載數構叛逆一動王師惡死樂生人情無異趍淵走火𡸈其本心詢察所猶皆緣有司撫綏失當兼奪無厭情不上通澤未下究至其困若遂生疑危避迯山林啸聚爲乱已論罪誠有可矜用霤鴻恩悉與湔滌凣交趾官吏軍民等所犯叛逆等罪已結𮗓未結𮗓已結正未結正詔書出日罪無大小咸赦除之其交趾軍民等除納税糧外該徵芨󰇼辨金銀銅前盐鉄香貨魚課等項即且停罷聽於境内交易官府勿禁用稱朕恤民之意夏六月底江抛庄有賊婦嬰惡疾其夫棄之忽一日遇老人於途遺一小石形如雞卵令以水磨之𡍼瘡處即愈婦從其言果驗遠近聞之多以錢帛來求婦不䏻勝但以石過水與之謂之菩薩水途中絡繹輙問得水否事𭛁倂捉人石送三司留之未幾官軍到婦人始得回識者以爲黎民太祖得國之徵秋八月帝以賊之精兵盡在乂安其東都各處必已虚弱乃添兵象命樞密大使范文巧太尉黎篆太監黎可亞侯黎如壎黎秘等領兵三千餘人象一隻徇天䦕廣威國威嘉興㱕化沱江三帶宣光以絶雲南援兵少尉黎僃太監黎犬等領兵三千人象一隻出快江北江諒江以斷两廣援兵司空黎禮及黎熾等領精兵繼進以張其勢我軍所至秋毫無犯市不改肆是以東都諸路及各處藩鎮莫不懽忻争是牛羊酒食饗勞軍士皆響應圍逼各城明人坐守待援而已十二日篆等以兵三千進逼東䦕城明人見篆孤軍遠來悉眾出攻至寕橋應天今彰德是等處黎篆黎可黎秘等力戰破之斬首二千餘級進屯寕江西岸明參将陳智以東䦕城孤危增壘鍳壕爲固守計乃馳書李安方正等使棄乂安城還救根本九月十七日李安方政等棄乂安浮海趍還東䦕止留蔡福守乂安城帝進擊城外破之帝料賊勢日弱我軍日強時至不行恐七機會乃留黎銀黎文安黎盃黎填黎領黎文靈黎國興等圍乂安城駐營帝親率大軍日夜水陸倍道躡安政後至西都城駐營𤂬江慰勞将士賞賜鄕中父老及族属故舊有差於是都縣人民聞帝至清化皆挺身出赴營門願爲驅馳以效尺寸二十日明雲南都司王安老領援兵萬餘人至三江車轆橋范文巧黎可等逆戦大破之斬首千餘級溺死者甚眾餘卒退走入三江城是日黎篆與明人戦於仁睦橋斬首千餘級擒明都司韋亮冬十月明命總兵成山侯王通参将馬瑛等領兵五萬人馬五千疋分道出援東都諸城雲南軍一萬先至直抵三江順流而下黎可等文賊至自寕橋倍道而行遇賊於車轆橋迎戦破之六日明王通等率新舊兵十萬人分三道擊我軍王通由丘温過西陽橋屯古所渡造浮橋以濟師方政出自安决橋屯沙堆橋山壽馬騏出自仁睦橋屯青威橋列營連亘數十里旌旗蔽野鎧仗輝空自謂一舉可擒黎篆黎秘等伏兵象於古覧原以游兵𦤶師擊壽騏營佯走明人追之過三羅橋畔水田泥淖伏兵起横陣擊之賊陷於淖斬首千余級長驅至仁睦橋十里擒五百餘人篆等欲截方政後營而政先已退去日暮乃還七日黎篆等擊王通於古所外寨等處時賊先已伏兵編竹爲楯内施鉄籖佯棄楯走我象履之中鐵籤軍失利稍却篆等度不能走乃折毀舊營秋兵㨿險先告急於黎禮黎戦黎熾時禮等已潜伏精兵於清潭以待賊得篆报至禮等乃夜領鋭士三千餘人象二隻來救會於高部分兵設伏要處獲賊間謀問知賊情欲於我軍禮篆用賊計擊賊令諸軍聞礮響潜伏不動賊以爲間道礮𭛁全軍深入未至安悅江數里伏兵三面並起奮擊於卒洞祝洞等處大破之斬尙書陳洽内官李亮及士卒五萬人溺死者甚眾寕橋之水爲之不流生擒萬餘人獲馬匹軍資噐械輜重簿書不可勝計方政從皷所渡遁㱕王通馬其等僅以身免走還東䦕城禮等乘勝進圍之捷報𤂬江行營時帝方駐營清化會海西诸軍及得禮等捷書乃親率大軍及象二十隻水陸分路日夜兼行十一日至滝江駐營諸将迎賀政平府知州河忠爲帝所執死之明王通等以𡨧洞之敗軍噐殆盡乃毀龟田鍾普明鼎爲銃磾火棄陳洽既死右布政使弋謙牚布政司印按察𣐳陽時習掌按察司印都督兼事陳󰲛掌都司印自此明之正朔不行於我都縣矣二十二日帝進軍西扶烈二十三日帝遣陳扞黎僃等領水軍百餘艘泝大滝江出喝江口順流而下至瀘江東步頭黎禮等領步兵萬餘人潜至西陽橋帝親率兵象至大羅城外南門攻東䦕城夜三皷四面夾攻縱火焚城外房室煙燄涨天方政屯外營相争入城門死者屍相󰥺悉獲國人之被脅從者及戦船百艅艘噐伏甚多賊知附近軍民悉爲我有勢日窮蹙乃復增築壁壘死守待援帝徙駐營東扶烈帝至冬都城之初京路豪傑及各府縣人民邉鎮酋長皆輻輳軍門願效死力以攻各處賊城帝推其赤心撫諭宣勞曉以去逆就順之理凡士庻人民來詣軍營帝皆卑辝厚禮以待之各隨其才高下以布眾職礪之以爵賞使人勸鰌之以刑罰使人自懲是以人人感激期盡死力所至輙有功帝分東部頭諸路鎮爲四道置内外文武僚属海門各處廵檢令譏察徃來人及捕僞官叛黨未化軍民懷貳挾書㱕北者仍諭文才未受職䏻作文諭東䦕城使彼開門出降及請和還國即以不次擢用之又令收僞官妻子奴婢產業送納禾榖乃儲本處候級軍食冬十一月帝得陳暠立之先是有胡翁者乃丐者之子巤身於琴貴假稱陳氏之後頔時國人苦賊荷政思得其主而帝急於滅賊救民遂使人迎立以權一時之事且欲籍辝以應明人因以爲侯一作信字建元曰天慶使左僕射黎國興傅之實則監之暠嘗駐營空路山徙武寕十二月禁剪花果木樹刧掠財産者帝親督将士日夜擊東都城明王通山壽等隨戦隨敗心沮噐䘮計窮援絶勢日窮蹙乃遣人賫書乞和願得全眾㱕國帝曰此言固合我意且兵所謂不戦而屈人兵計之善者也乃詫之約日速調諸城人兵一時俱會東官城尽許㱕國遣近臣與明人俱徃來買賣與良民無異時僞都司陳封参政梁汝笏都指揮陳安榮等業以賣國取賊高官恐賊㱕後必無生理陰行反間曰昔烏馬兒軍敗於白騰江率眾來降興道大王許之以計取大艦装載送还國又令善氽者已充艦夫至海外夜間何其睡熟乃入水中鑚刻艦底賊皆溺死無一生还者通等信之相與簧惑復生異心增築複壘掘壕設籖以爲偷生之計陽言和好隂𢙇異圖潜使數十軰賫蠟書間行乞援帝獲之惡其反覆乃於東䦕城外四傍隂設伏兵候賊出入虜獲賊哨三千餘人馬五百餘匹自是明人閉城不出來使遂絶帝遣諸将分兵攻各城國興攻刁鷂市橋二城黎可黎犬攻三江城黎察黎受黎理黎冷黎篆攻昌江城黎榴黎盃攻丘温城二十日置各路安撫使以陶公僎阮翼等二十四人爲之置六部員外郎以阮宗偉等六人爲之丁未明宣德二年帝進軍瀘江北岸與東䦕城對壘少尉黎可等守東門司徒黎禮守南門太監黎極領鉄突二衛衙宜福等守西門少尉黎篆領軍二衛守北門圍攻東都城明山壽遣阮任等三人來通信四諸路軍火首職有差遣楊太一修興道大王祠禁伐廟樹令安路納衝木竹箭補翰林院及四道属五百十五人令諸路鎮貯糧昌江三江城以級軍用令将校路官訪求才畧智勇可稱司馬上将重職者各薦一人令人民進粟給軍賞爵有差乂安演州明人出降唐安縣武巨練古費縣段路上攻城策及戦掤轒輼𢒎馬車樣令諸将照樣爲之令各将奉事諸功臣廟遣明百户何旺賫書入東䦕城遣宣光司馬梁世永提督父道麻宗繼等造戦船令諒山安邦總知監軍民事入内少保黎榴行軍擊賊許先斬後聞以翰林院乘㫖學士阮廌爲朝列大夫入内行遣吏部尚書兼行樞密院事時帝構層搂於瀘江岸菩提營時有菩提二樹在中故號之高准報天㙮日御樓上睇望城中觀賊所爲賜廌侍坐於第二層領㫖草徃復書十三日黎榴黎盃等日夜急攻丘温城明人度不交遂棄城夜遁誅司馬黎來籍其家以來恃有戦功出慢語故也斬千户李雲及從人裴永以道載󰚴盐入至靈城故也令點閲軍噐欠鈌者以軍憲處治令太原諒山納麻皮令司馬高馭總督天関鎮圍古弄城許先聞後治令新福開鉄治令少尉黎問屯東関城東門司空黎禮少尉黎察黎理黎磊黎隻屯南門少尉黎僃太監黎阮執令黎拯領鉄突三衛屯西門少尉黎篆黎文安領軍十四衛屯北門令三江三𢃄宣光歸化䈪甓竃徙投之賊不竹各䏻進乃折民房屋火攻之是日風寒火熱我軍避火過江多溺死獨天䦕人不善涉水與賊死戦賊反敗走市橋城明人唐保貞來降遣降人曾指揮随阮廌招諭三江城占城使來貢賜宴及馬絹遣還令僉知樞密何栗偕行令将校再立新功爲始大臣至少尉有大勳劳賞金符者得食郡邑執令有功者得食邑督将人亦食郡邑有差無功賞者並降爲常人詔猶言與等者也之皇帝也至是降史臣吳士連曰帝之興也義兵所至明人皆敗北𡸈以眾寡強弱之不敵哉盖其德瑛天而天應之悅人而人㱕之不惟本國之人悅服至於叛徒亦尊敬如此宜其無鬪志而皆來降也然則仁義之舉質之湯武而有光者於此爲尤顯彼其得水之徵𡸈可以讖緯觀之哉明各城降人萬餘謀叛誅之三江城不預初八日司空黎禮上将軍黎熾與明人戦於湄洞今黃梅是也禮死之是日王通率城中精銳兵出擊太監黎阮於襾扶烈阮堅壁拒敵帝促令黎禮黎熾領鉄突五百餘人擊之追至湄洞王通見禮兵少夾擊之時禮熾乘象力戦陷淖中爲明人所執㱕東䦕城禮不屈遂遇害熾後因風雨夜以計誤守者得脱見帝於菩提營初禮每出戦帝嘗戒其輕敵及𡨧洞之捷眾以爲䏻帝曰百戦百勝非計之善者也彼乘輕銳狃於數勝其敗可立而待史臣吳士連曰屈瑕狃於蒲騷之勝以守敗亡暴寡侵小之師也黎禮狃於𡨧洞之勝亦以敗亡敵愾復讐之師也其敗雖同其義則異故當時良将以禮篆爲稱首以通侯黎人澍音注爲行軍督𬋩入内大司馬領前後左右四衛兼知新衛軍事令國威三帶将校軍人凣見賊書詐誘恐惑人心而私呈本将者斬督将不䏻監察罪同眩惑州縣者解送軍門斬之分明降官者居清化乂安籃邑新平等處令諸路薦舉贒良方正智勇英桀之士召對擢用隐蔽者以降黜論令少尉執令總監等平時軍人犯法不得專殺臨敵而違者許先斬後聞十九日市橋城出降帝令曰凣有妻子兄弟前爲各城賊人所掠或爲妻妾或爲奴婢今我既招降爾等相率擊東官城或斬級或生擒我當還之仍賞符陞級有差禁稱巫蠱左道假稱邪神摇動浮言扇惑人心者令漂散人民聽還原籍耕種無田産者許自販賣若廢業者以重罪論遣明降人朱儕等領馬百四十匹徃化州牧養習水戦令少尉選人民殷富子弟身體壮大武藝精通勇力果敢者每員二百人補侍衛軍畏怯者不用禁白廪関不得通鹹盐以陶李客𭁈賊通故也是月明命安遠侯柳昇帥師來侵以兵部尙書李慶賛軍務時陳洽敗死成山侯王通奏請益兵明命昇等將七萬人以徃且勑慶舉六卿之属有才畧者以自助慶奏陳鏞以下十餘人偕行夏四月遣防禦使陳班督修棃花関帝曰予無才勇智慧獨負重任恐不能勝是以折節求贒傾心下士共圖大事以濟斯民有䏻舉謀勇超群之士及自薦者俱以上卿上爵加之對黎禮弟丁列爲入内少尉亞侯其妾何玉容等五人並爲宗姬以󰖶死國之勳也授黎巴牢觀察使爵上品給田百𤱈以其子篆屢敗勍敵有大功死王事仍與篆子陵防禦使爵上智字著服侯及馬二匹令壮大而未有軍民簿籍游手游食無差役者有䏻捉送軍門賞爵一資令諭鐵突軍十四衞将校軍人曰有䏻同心𦤶命以破賊此爾眾之力若謀畫措置衣糧官賞則在於我見我妻子貧乏則爾妻子貧乏願爾眾一心討賊莫生煩󰞽令乂安新平順化将校軍人曰我起義兵於爾土近欲成功願爾眾始終一心金石一節以全軍臣父子之義我知爾眾皆爲國之士因前時興慶重光枉以虚名不見成功盖由政出多門大臣不知爾眾徒費力於此矣今天下一統我與爾眾義如父子願盡一心復我境土自古将相封侯抑如爾眾無異整爾隊伍練爾軍仁蕩平残㓂分半歸農今天假我事不得已用命則破敵生而有功不用命則死成何事每隊各謄一本日再三讀使軍人知之令諸將及軍人曰明賊残害我民二十餘載𥘉我軍數百萬有餘見今三十五萬待破東󰪕城放二十五萬㱕農留十萬爲軍防禦國事一家三人一人爲軍凣諸賦役並復三年又以軍憲十條示将校軍人曰一軍中諠譁一軍中虚驚妄言禍福以搖動軍情一臨陣聞皷聲見指旗而佯爲不文不見逗遛不進一臨陣見止軍之旗聞止軍之鑼而不止一聞退軍之鉦而強不退一防直不勤或熟睡不守離伍潜回一󰱏惑女色私放妻黨而不當軍役一賣放軍人及影󰰿而不著軍籍而顛倒人之功過一與眾不和姦惡偷盗以上十條犯者斬仍命之曰但有執令監軍不遵爾之節制先斬後文以三條戒文武官一勿無情二勿欺慢三勿姦貪諭天下諸豪傑曰諸城以破惟東䦕城未下我以此卧不安席食不甘味夙夜焦思且我之左右未得其人雖爲主将反觀於已一則老病不才二則所𭓇淺見而則任重難勝而大臣左右相國太傅太保未置太尉都元帥猶鈌如行遣并各官十纔一二是以折節推誠勸諸豪傑胥相戮力匡救萬民莫韜光晦跡使天下久𨺻塗炭或有髙節如四皓嘉遯如子房亦且爲民救難俟其成功欲遂素志㱕山林不復汝禁令曰凣差使管下者並給以帖或打墨記或署本𬋩姓名及行人多少就某處行某事定旱日其還營無得公然去來如本管及管下不遵令者隨其輕重加降杖刖斬之刑若監得賊人通同情狀有重賞禁󰚴盐不得與琴爛通同令要處嚴行把截譏寨異色之人及四邉軍書之真偽者五月令大小将校供結無有姦貪受賂娶本路妻影占軍人親族以差使者令續納所受吳時文憑勘合印信布政縣阮子驩献策稱㫖授軍師令僧道父老係有迎接官軍数者路官訪問果有德行年老給以職爵令少尉𰺥令路官等速收在城偽土官軍民妻子奴婢財勿牛隻畫數送納檢察懷異之人搜索僞官文憑印信依期上納選人丁壯者續補軍伍不得變易明思明府陵通等州韋報等十人來行賞慈廉機舍戰陣之功令諸将校曰凣聞砲一響而無鉦聲者諸将速來聽令砲或二響三響鉦或二鳴是有警急執令督将速整行伍少尉就營聽令令天長建昌蒞仁新興收養各城降人南女該六天餘人毋令饑寒失所嘉興鎮木忙父道車可參等㱕順授可參入内司空同平章事知陀江鎮上伴賜金魚袋柱國冠服侯車祿金吾衞上将軍大置字車渴車盤車點並爲玉鈐衞大将軍明字並四國姓夏六月初十日明鎮守廣西征蛮将軍鎮遠侯顧興祖領兵五萬馬五千疋由廣西來救援各城至坡壘關守關将黎榴黎盃邀擊於坡壘關大破之斬守三千餘級獲馬五百匹興祖大敗走還葵州父道琴爛㱕順加侍中思齊爲司徒大司馬黎仁澍爲司空少尉黎問黎察爲司馬上将黎盃爲少尉仍戒之曰職爵已髙夙也匪懈無得慢志而廢功賜傘各一柄定僞官妻妾奴婢贖錢例布政司妻七十下至生員土官承差伴當等妻十鏹男女奴婢自十嵗以下十鏹之半令諸路儲積官粟不可輕發築小堡於機舍州明人擊破之帝令勿救以示其怯秋七月令諸路并各火文宫諸軍将校修户籍時仍陳朝舊效呼尙書門下省行遣爲左右火占人進物令諸衞水軍每戦船用五十人守砦五人餽餉五人差使五人令北江三路各運糧三千擔謂一人所㱕貯昌江城令凣見木忙紅衣人載󰚴盐㱕不得禁止令諸軍臨陣或五十人百人私自奔却而遺棄一二人不救者斬全眾不幸陣亡而䏻併力舁音于對舉也出者免罪令諸将軍曰掌軍施者勤於征伐典漕運者勤於餽餉入山斫板𤌄沙爲盐把截水陸禁捕姦非各宜忘身殫慮共圖滅賊𡸈予爲民父母不念艱難而敢興死辛苦之事乎特出於不得已也綠東關城土塊戦功賞以銀牌錢絹司空黎可參進象三隻及金銀鈎銅鉦等勿哀牢進方物八月諭天下曰賊在中國民猶未定於汝安乎昔胡氏無道賊因此而奪我國家且已一年用力之艱難而有萬年太平之機業其熟思之毋貽後悔令諸路凣見軍民運糧買賣即給帖指就處所不得妄去以員外郎黎克諧裴必應克正副使賫馬匹青白玻瓈酒噐賜占城主令造功城車修戦噐賞黎可參絹二十疋馬十匹令諸路民人就菩提營選壯者補軍伍今者明人不道上逆天心黷武窮兵務開土地生民𡍼炭二十餘年攄忠效力樹立功各而爾等以藩屏之臣克念前日祖父之力盡忠王家先戦有功兹忠誠良可褒奬特陛爾爵爲亞大僚𤤻爾其朂哉九月八日太尉陳捍司馬黎察少尉黎篆黎理等攻昌江城拨之時明指揮金胤以城當㱕路與新授官李任死守閲六月餘與快州諒江等軍相拒隨擊隨禦官軍不䏻登帝命扞等築地設道與敵相戰鈎戟勁努火箭火砲四面合攻城遂陷胤任皆自殺所獲玉白女子盡以賜士卒明總兵王通聞之爲文致祭經十日援兵果至而城已陷帝令諸将築萬春隄爲壘初明人於城外大江旁穿小渠以藏戰船噐械築附城固守而萬春隄乃哨騎芻牧之所經由乘高伺便以爲得計官軍進擊明人常設伏以争鋭帝令諸将渡何出其不意奪隄築壘一夜而成盡爲所有及聞援兵至諸将士多上書勸帝攻東都各城以絶内應帝曰攻城下策也我攻堅城歲月不下我軍力疲氣沮若賊援再至腹皆受敵此危道也不如養力蓄鋭以待其援援破則城必降嚴設守把日夜巡殺令諒江北江三帶宣光㱕化遠徙軍民妻子以避援兵之至十八日明總兵征虜副将軍太子太傅安遠侯柳昇参将保定伯梁銘都督崔聚兵部尙書李慶工部尙書黄福土官右布政使阮德勛領兵十萬餘馬二萬犯坡壘關征南将軍太傅鈐國公沐𣆭參将興安伯徐亨新寕伯譚忠領兵五萬馬一萬犯棃花關並至界守帝會諸将議曰賊素輕我謂我國人性怯久畏賊威聞大軍來我當驚况以強凌弱以眾勝寡乃事之常賊不能論其彼已勝負之形識其時運徃復之機且救急之兵當以疾速爲貴賊必併日兼行兵法所謂五百里而趋利者蹶上将令柳昇之來途路遼遠人必疲勞吾以逸待勞󰓳不勝矣乃命黎察黎仁澍黎冷黎例黎受等領精兵一萬象五隻先潜伏於之棱隘以待之先是黎榴守坡壘關見賊至退守隘關賊又進争榴復棄蒥關退屯支棱賊又進兵攻逼支陵察仁澍等密令榴出戰佯爲不勝而走賊果大喜二十日柳昇督大軍追至伏處察仁澍等大縱伏兵四面俱起衝擊賊軍大敗斬柳昇於馬鞍山及賊眾一萬餘級二十五日帝又命黎理黎文安領兵三萬繼至馬鞍山隘察仁澍等率諸軍縱兵擊之斬保定伯梁銘于陣二十八日李慶亦亡崔聚黄福引眾強進仁澍又敗之斬首二萬餘级獲馬疋驢牛軍資噐械不可勝數冬十月帝令黎理黎文安領兵三萬四面包圍又立柵於昌江左岸以守之聚等計無所出築壘田間以自衞聚意昌江城未破引眾欲就之及至昌江城已陷失其所望益大驚煌會天示變暴風大雨山林怒號人馬相視不能移步徒清夜以砲爲信報東關至靈二城聞砲出援而東關各城自救不暇焉知其他帝乃命水步諸軍並進圍之又分軍絶斷馬鞍支陵坡壘傍關等隘崔聚黄福欲進不能欲退不得乃詐乞和而隂欲趍至靈城帝知其詭計堅辝不許繼令陳扞掩絶粮黎問黎魁等領鐵突三千人象四隻與察理仁澍文安等攻破之十五日明人大敗斬首五萬餘級生擒崔聚黄福等及賊三萬人戰噐馬疋金銀幣帛不可勝計其遜巤者不五日間盡㱕命於牧童樵竪而無遺矣時雲南總兵鈐鈐亦作黔國公沐𣆭與范文巧黎可黎忠黎犬等相持於棃花關帝料沐𣆭年老歴事既多已素知帝名必坐視柳昇之成敗而不輕進乃書密報可犬等惟設伏以待且勿與戰及柳昇軍敗帝以所俘賊指揮一人千户三人及柳昇所受勑書符印送沐𣆭軍𣆭等見之大驚須㬰奔潰文巧可等乘勝縱兵擊之大破於冷水溝丹舍斬首萬餘級獲人馬各千餘陷溺溪澗者不可勝計沐𣆭僅以單騎走戰噐及貨寳輜重倍於昌江令通事鄧孝祿将崔聚黄福並所俘獲人及征虜副将軍雙虎紐两󰱑銀印戰噐旗皷軍籍等物示東都城時明人見所送獲昌江噐械及聞两路救兵東䦕至靈二城俱已覆敗而心上疑惑未有盡信猶且閉城拒守至是見獲福聚等震懾不敢復動令諸將僃木柵戰噐圍東關城東十一月令諸将校上時務策有益者定加重賞點閲諸軍攻城車戰噐明總兵王通内官山壽遣夏千户賫書講和請開㱕路許之仍遺以土宜海錯令大将阮雷等賫書諭古弄西都二城令主書侍史陳虎等招寕遠州後改復禮州今安西府是父道刁吉罕令兵象來頒新鑄錢即天慶所鑄也賞東關城門戰陣之功時有判大理正陳鈌名以踈狂多疾白於帝乞謝事出家許之帝猶慰籍欲󰖶其勞陳即削髮入謝而去嘗至青威古覧村寺居後不知所之官軍圍城急明人數戰不利樵牧皆爲我所獲王通雖請和然猶豫未决諸軍築壘王通惧悉眾出攻官軍設伏佯走明人追趕伏兵奪擊大破之通墮馬幾獲追至城南門築壘門外以扼之帝又親率諸将築壘安華坊直抵北門城一夕而成帝既許明人講和令北江諒江修橋梁道路又令諸路具船舟僃帆槳送營󰈫付還國帝以六條諭将校軍人凣爲臣子事軍盡忠莫行欺詐凣在眾人之中宜務正直莫行邪非凣臨陣擊賊執俘斬馘莫将奪功凣軍民之中有姦虐非違之人宜收捕治罪而爾亦以爲監戒毋令罪及其身凣侍衛之臣勿恃貴寵而陵虐諸人凣趍事赴功以身先之使其下有所視傚二十二日帝與明總兵官太子太保成山侯王通參将有都督馬瑛太監山壽馬其榮昌伯陳智安平伯李安都督方政掌都司事都督僉事陳璿都指揮僉事陳祐監察御史周岐厚給事中郭永清右部政使弋謙右參政陸廣平佐参政洪秉良陸貞按察使楊時習僉事郭端會盟于城之南期以十二月十二日班師仍差人賫本請還我土守時通等在城困迫所恃者援兵又爲我所敗故講和乞㱕時我將士及國人久苦賊虐相率固請曰賊多變詐宜以兵制勝勸帝殺之惟行遣阮廌在帷幄嘗見通蠟丸書言勿以一隅之地頻勞萬里之師使用兵如原征之數得六七八大将如張輔等方可圖之縱得之不可守之固廌審知虚實專主和議帝從之於是明以山壽馬騏出菩提營爲質於帝帝亦令司徒思齊及黎仁澍入東關城爲質於明卒成和約初帝以黎國禎黎如篪爲質至是欲得山壽馬騏來會故遣思齊仁澍同徃先是帝遣阮廌撰求封書差人進暠表乞立爲陳氏後𮞏明國廣西雲南各一本鈐國公沐𣆭得書即行飛奏明帝得表出諭文武群臣曰論者不達止戈之意必謂從之不武但得民安朕何恤人言遂遣工部尙書羅汝敬徐永達等賫詔勑封陳暠爲安南國王󰰾征南兵其勑書云北者邉臣以書詞來聞陳情懇懇有契朕心可大赦罪無大小咸與維新及令帝具陳氏見存子孫之名來聞遣使󰀋封朝貢仍遵洪武舊制成山侯王通不待命而先𤤻師者以帝之急内令史鄧陸黎擢武衛將軍杜冷陳儼並爲安撫使此四名皆從人也將表文方物代身金人二箇銀香爐一箇銀花𤭸一雙土絹三百疋象一十四雙黨香衣二十𤭸線香二萬枝沉速香牙四塊總兵官安遠侯原領征虜副将軍雙虎符兩󰱑銀印一顆官軍人等一萬三千五百八十七員官軍官二百八十員民官吏典一百三十七員旗軍一萬三千一百八十名馬一千二百疋同就到千古流芳𡸈不偉歟乃命水路給船五百艘方政馬騏領之陸路給粮草山壽黄福領之擒獲并出降二萬餘人馬二萬疋馬瑛領之征蠻将軍陳璿領鎮守軍從之俱詣菩提營拜謝回去方政等感愧流涕十七日明王通領步軍在後與帝相話别竟夕而去帝爲具牛酒綵旗圖帳禮物後󰘴之西都古弄至靈三城水步亦陸續繼發於是兵華偃息天下太平按明史記云前書黃福㱕自交州先是馬騏累奏乞福還舊任以我交趾人思福之深明帝從之命福與柳昇偕行及明人失利福爲我軍所得下馬羅拜我軍不忍加害次書成山侯王通廢交趾帥師還水軍隨後昇等既敗死王通大懼乃集将士議以城不可守戰不可勝不若全師㱕北眾皆從之仍與帝約和且爲帝請立陳氏後于朝乃遣人賫前安南國王三世孫暠表乞立爲陳後帝既平吳大告天下其吿文曰仁義之舉要在民吊伐之師莫先去暴惟我大越之國實爲文獻之󰘊山川之封域既殊南北之風俗亦異自趙丁李陳之肇造我國與漢唐宋元而各帝一方雖強弱時有不同而豪傑世未嘗乏貪功以取敗而趙卨好大以促亡唆都既擒於鹹子關烏馬又殪於白虅海󰟸因胡政之煩苛致使人心之怨叛狂明伺𨻶因以毒我民恶黨懷奸竟以賣我國虐焰陷赤子於禍坑欺天罔民詭計盖千萬狀連兵結釁稔惡殆二十年敗義傷仁乾坤幾乎欲息重科厚斂山澤罔有孑遺開金塲則冐嵐瘴而斧山陶沙󰇼明珠則觸蛟龍而絙腰氽海擾民設玄鹿之陷阱殄物織翠禽之網羅昆虫草木皆不得以遂其生鰥寡顛連俱不獲以安其所浚生民之血以潤桀黠之吻牙極土木之功以崇公私之𪠘宇州里之征徭重困閭閻之杼柚皆空决東海之水不足以濯其汚罄南山之竹竹不足以書其惡臣人之所共憤天地之所不容予奪跡籃山棲身荒野念世讐𡸈可共戴誓逆賊難與俱生痛心疾首者垂十餘年嘗膽卧薪者盖非一日發憤忘食每研談韜畧之書即古驗今細推究興亡之理圖回之志寤寐不忘當義兵初起之時正賊勢方張之日柰以人才秋葉俊傑晨星奔走前後者既乏其人謀謨帷幄者又寡其助特以救民之志每鬱鬱而欲東待賢之車常汲汲以虚左然其得人之效茫若我有選鋒進取東都盡復舊疆寧橋之血成川流腥萬里𡨧洞之屍積野遺臭千年陳洽賊之腹心既梟其首李亮賊之奸󰔦又暴厥屍王通理亂而焚者益焚馬瑛救鬪而怒者益怒彼智窮而力盡束手待亡我謀伐而心攻不戰自屈謂彼必易心而改慮𡸈意復作孽以速辜執一已之見以嫁禍於他人貪一時之功以貽笑於天下遂使宣德之狡童黷兵無厭乃命𣆭昇之懦将以油救焚丁未九月柳昇遂引兵由丘温而進本年本月沐𣆭自分途自雲南而來予前既󰱇兵則險以摧其鋒予後再調兵截路以断其食本月十八日柳昇爲我軍所攻計墮於支陵野二十五日保定伯梁銘陣陷而䘮軀二八日尙書李慶計窮而殞首我遂迎刃而觧彼自倒戈相攻繼而四靣添兵以逼圍期以十月旬而殄滅愛󰱇貔貅之士申命瓜牙之臣飲象而河水乾磨刀而山石鈌一皷而鯨刳鱷斷再皷而鳥散麕驚都督崔聚膝行而送欵尙書黄福面縛以就擒僵屍塞諒江諒山之𡍼戰血亦昌江平滩之水風雲爲之變色日月惨以無光其沐𣆭眾聞昇軍大敗於𥬊站逐躙藉奔潰而僅得脱身冷溝之血杵漂江水爲之嗚咽丹舍之屍山積也草爲之殷紅赤也两路救兵既不旋踵而俱敗各城窮㓂亦相觧甲以出降擒彼既掉残卒乞怜之尾神武不殺予亦體上帝好生之心参将方政内官馬騏先給艦五百餘艘既渡江而猶且魂飛魄䘮彼既畏死貪生而修好有誠予以全軍爲上而欲民與息非惟計謀之極其深遠盖亦古今之所未見聞社稷以之奠安乾坤既否而復泰日月既晦而復明于以開萬世太平之基于以雪千古無󰠃之耻是由天地祖宗之靈有以默将陰佑而致然也於戲一戎大定迄成無覺之功四海永清誕布維新之誥布吿遐邇咸使聞知大誥乃文阮廌撰臣明将王通等回至龍川明帝先以料王通等困窘事已若此無可奈何既遣蘿汝敬等賫書封陳暠爲安南國王罷征南命通等北回還我安南地方朝貢復依洪武舊制許通史徃來潘孚先曰陳家以建中興國復以建新亡國明人以甲午十二月十二日渡江又以丁未十二月十二雖曰人謀之不滅是亦天運之有数也夫以太宗諱煚少帝諱𭴣皆以字相同明人渡江還國並以十二月十二日相直𡸈非天數之偶然乎吳士蓮乱極治生天之行也聖作物覩易乾卦歷考我越土宇之亂未有極於斯時也王業之興未有難於斯時也趙武因嬴秦之亂中元無統群雄角逐而倂其地未見其難也丁先皇因吳氏之亡十二使軍散無統紀而肇基其國亦未見其難也黎代丁李代黎陳大李皆承平之世因衰亂之時尤易爾要其極而言未免篡也非有仁義之舉暴白於天下快眾目之欣覩如湯武之革命也胡氏篡逆斲䘮自招狂明狡虐思改封土假仁滅國殺戮恣行我越人民肝腦𡍼地幼子童孫罹刺槊横屍之惨壮者南走占城西奔大里井邑荒廢社稷兵墟爲兔窟爲鹿塲爲棲鳥之也爲藏豹之麓賊從而分州設縣築城𮢶池居鎮戎之兵二十餘年变風俗於長髮白齒胥爲北人矣爲亂之極一至是哉帝生於其間禀聖神文武之資當天眷西顧之日不忍視生民之𡍼炭虐賊之憑陵念天討之任不在我而誰可尙慮夫天閟悉而未通事艱大而難濟於是萃同德之臣淬倚天之劎養晦藍山俟時觀釁臨事而懼不可疾貞㨿險伏兵常以寡而敵眾臨機制勝每以弱而制強噐械資粮多取於賊經營十餘年困衡幾餘度惟其謀之深而計之熟故其戰必勝而攻必取一皷而平驩化再皷而定演愛爱張正正而渡海濟師古弄至靈之兵膽落跨山進旅三江東関之卒魂飛王通方正之計󰠃完城固壘以待援不戢自焚果見柳昇之北進助桀爲虐加以沐𣆭之西來笑两路之援兵張螳臂以當輙𡸈不愚欤况以至仁而伐不仁會見󰲛尸而皆就縛檻中󰠃獸掉尾乞怜即開湯綱之仁旋布舜陛之德竟放十萬之降卒得全性命以北歸四海欣瞻而遂徯蘇之望殊方𢙇畏而勤聀貢之脩盛矣哉是知乱之極必治之隆仁之深必𢙇之遠天之行時之亨適運會之一切也按全書以起甲午終丁未凡十四年属于明通計趙武帝甲午以下至明人還國丁未該一千六百三十四年并外紀二千六百七十二年今從越鑑所編然不敢不淥全書以僃考焉戊申順天元年明宣德三年春正月明人既還國帝遂混一天下以是年爲大定之年北雖强大而不能軋南觀於黎李陳之時可見矣是以三國之末雖既衰徵然徒内亂而已至於閏胡暴虐既極而𦤶國亡身辱北㓂凶殘南民困屈幸天心有在亶生聖主以義而征以仁而討山川以之改日月以之復明生民以之莫安國家以之順治由君臣同德上下一心虵噫亂极則治於今見之矣十日陳暠飲毒卒時群臣皆上疏言陳暠無功於民何以居人上宜早除之帝自知其然而心有不忽遇之益厚暠知國人不服乃潜駕海船迯入玉麻州至麻港乂安地官軍追及獲之回至東䦕城飲毒卒一云先是帝既立暠暠駐營空路山徒寧江是歲遷古弄城自謂天無二國無二王我無功於天下而居尊位若不早圖恐有後悔乃潜駕海船而卒一云暠自知國人服乃隂𭁈文銳等潜駕海船迯至古弄隘帝令追殺之投屍入叢棘中暠死時有祝天而言聞人者莫不悲慟天下寃之後黎末陳暠作亂傳以爲陳暠後身也一云陳暠名頔明人之難頔隱迹民間民亦知有法凡所該事務各有攸司以進令將校百官曰自古至今治國必有其法人無法則亂是以師古立法以教列校庶官下民百姓使知善惡所在善則爲之不善則避之勿至犯法令大臣少尉執令諸路如見僞官土軍人民自各城出迯而私匿不解呈者斬并令諸路觀察異色人去來者敢有容縱致賊人僞官透漏而不察路官及首隊人並斬令頭目家將校子弟各宜歸認祖貫田地以杜爭占之弊明詔勅凡朝廷所差官吏軍人等被拘留者悉皆𤼵還所留軍噐亦悉送納帝乃出搒嚴禁有藏隐明官軍一人以上者殺而無赦取者陸續送回燕京二月定鐵突火首軍人者於隴崖勤勞有功等項該二百二十一人弟一功賜國姓黎問黎歸黎役黎醯等五十二人爲榮祿大夫左金吾衛大將軍爵上智字弟二功賜國姓黎蒲黎列黎考等七十二人爲中亮大夫左奉宸衛將軍爵大智字弟三功賜國姓黎禮黎𰎹等九十四人爲忠武大夫鈎鈐衛將軍爵智字行遣黎景奉符明冊皇長子祈鎮爲皇太子三月八日明正使禮部左侍郎李琦工部右侍郎羅汝敬副通政使司右通政黄驥鴻臚寺卿徐永達來至京先是丁未年八月帝遣黎少穎等進表求封于明請立陳氏之後十一月明遣李琦汝敬等賫詔諭并赦文至是到京十八日遣使如明時李琦羅汝敬等還帝遣户部郎中黎國噐太祖親姪范誠等謝恩樞密僉事何甫何輦等吿陳暠哀與琦等偕行封次子元龍爲梁郡公大會諸將文武臣僚定功行賞眎功之高下定爲等級以承旨阮廌爲冠服候司徒陳扞爲左相國樞密大使范文巧爲太保並賜國姓分國中爲五道道置衛軍衛置總管大小相維上下相繋又置各道行遣分掌軍民簿籍遣官分祭處山川廟社神祗及先朝陵寝追尊考妣以上謚號祖考汀爲昭德皇帝妣阮氏廓爲嘉淑皇后考曠爲宣祖皇帝妣鄭氏蒼爲懿文皇后夏四月帝由菩提草殿就居東京城十五日帝即位于東京大赦改元順天建國號大越都東京即昇龍城也清化有西都故称昇龍城曰東京詔天下田租金銀潭陂桑洲等税並聽二年蠲收諸路老人自七十以上免差役孝子節婦聽路官奏聞旌賞軍民之家同户内三人充軍者聽免一人凣歷代帝王及功臣陵廟聽本縣具奏量給洒掃十七日旨揮自詔書出日以後凣軍民有上書言事即依詔書内年號國號都號違者以杖貶論其買賣交易借貸文書契券不依詔書内者不用二十日分廟諱御名用音同字易則否廟號諱五顯祖昭德皇帝諱汀顯祖妣嘉淑皇太后諱廓宣祖憲文皇帝諱曠貞慈懿文皇太后諱蒼御名諱利后諱陳皇兄諱學凣有大赦詔令皆稱順天承運睿文英武大王號籃山洞主珥河産黄金群臣上表稱賀追贈黎石爲忠武大王入配寝廟以黎如運知左右𤤻封列侯阮魯爲車騎衛總知左右班學國府庫總知領軍二人皆外戚知運以有質城中之功後贈元舅關内侯旨揮諸路被兵㓂正諸僞官罪黎少穎等還自明國先是丁未年十一月帝遣少穎等陳情于明本年三月黎少穎至燕京進表至是還明帝賜少穎文綺衣及鈔并勑諭我國其畧云立後事重湏合國人之心非得獨擅可同耆老具陳氏嫡孫之實奏來以憑頒詔󰀋封其所抅留人口及兵噐一應送還閏四月旨揮係軍民被賊捉入西都東京古弄至靈四城以補八附鐵突各軍而有田宅入爲官物即入還明成山侯王通等還至燕京群臣勅奏其罪悉下錦衣衞獄詔宥死貶爵旨揮大臣等再定路縣官并鎮守官原頭海口要害處等官并用精能精廉正直之人具各得以薦鑄順天寶青雲見有翼有足下有玉盤左右似雙鯉魚相攝之状夏五月十二日帝與𡐡臣共議定官員路鎮及要害處鎮守官并詞訟律令職爵制例國務事六月旨揮大臣等考内外任一等文武才幹敏辦二等職字才幹敏辦三等精寫草書算外不入等具爲一等旨揮大臣文武等官各舉賢良方正薦舉得人陛賞依舉賢臣例若爲財爲親薦舉非人者依薦奸人諭罪二十六日旨揮問大臣文武等朕何如人而天命歸之何所賴而成大業又當今朝廷事務极煩何先何後諸將在朝孰堪大任可委千里之命并孰可輔導太子秋八月以誕日爲萬壽聖節即六日也十日定諸軍旗幟儀仗戰噐船艘等噐物中隊黄旗上隊赤旗下隊白旗每衛主將大旗一靣每軍中旗一靣隊旗十靣小旗四十靣火戰船十隻小哨船二隻大將軍火筒一件大樣火筒十件中樣火筒十件小樣火筒八十件強努五十件鈎鎌五十件長竿五十件飛鐮四十件楯每人一靣標每人手箭一等用一人四枚二等各人三枚大刀各人用一件每一軍用抄軍一人每一隊用抄隊一人旨揮銅鉄桑麻絲絹膠漆橄㰖花蠟油盐硝藤係本土出産舊額官司及先朝勢家人民絶嗣田土并僞官迯軍田土時物等項各具數明白限明年四月上納若隐匿并以官爲私變易有無者以徒流貶罷論旨揮改火頭爲正副伍長二十日明有勑書放還交趾級田土吏人等回本國九月二十一日明遣羅汝敬徐永達等復賫勑書來諭帝以陳氏世得國人令帝悉訪求陳氏子孫奏來用頒継絶之命且謂此必頭目耆老未及徧訪其有存者不敢自言又諭以所留十一月初一日帝遣杜如熊等如明奏言陳氏子孫實無見存及所獲明人官吏軍人并軍噐並已送還無有拘留监藏者乃乞還帝所失女先是帝於亂離之際失一幼女年方九歲明内官馬騏收養带回燕京進爲官婢是至是帝遣求之二十四日誅残賊逆黨名封名汝笏名安榮名忠名存名士文名崇禮名確等先是封等逆降明賊助賊爲虐拒官軍及明賊平乃出降帝赦其罪封等从稔惡弗悛更謀不軌私相結黨密作文書陰使家人間行遣明人使之枸事則彼爲内應賫書人爲太原鎮上將黄原懿所獲帝乃戮其人而隱其事八月再有黨人來告變其事相同至是帝乃下詔誅之二十五日修田簿户籍等務旨揮各府縣鎮路蹅勘澤洲田土并金銀等穴并本山出産及舊額税及勢家人民絶嗣皆入爲官迯軍等項田土至己酉年二月中旬上呈戊申籍己酉籍癸丑年四月造籍并開出僞官逐項二十七日旨社置社官大社一百人以上用三人中社五十人以上用二人小社十人以上用一人二十八日旨揮天下官員軍民等期以明年五月就東京文官考試經史有精者除文官武官考試武經法令奇書等章塔二月七日旨揮文武百官等孰能將妻子隱避山林與朕圖國事自忙催籍及蒲滕至靈籍可籃籍或子或孫俱免軍民役若以官者不在某子孫兄弟不順道忘義苟安降賊即不得認違者以貶罷論二十二日旨揮各府縣路鎮社󰀋等官召對勘本路各縣社及官私田土潭洲魚果鹹盐各海門私魚瀝浚也去水也并金銀錫錢縷帝作萬壽殿又作左右殿敬天殿勤政殿造戰噐船隻鑄順天通寶錢用五十文爲一陌初陳太宗建中二年詔民間用一陌六十九文正用七十文己酉二年明宣德四年春正月四日旨揮百官及京都各路縣社等係某人游手游足圍棊賭博官司及軍民捉告治罪賭博則刖手五分圍棊則刖手一分并無故非官役私聚飲酒者杖一百容止者减罪一等旨揮路縣社官等係官印正官掌守各路知府掌印無知府用鎮府管印各縣巡察管印若無鎮撫知府則用招討或防禦营印有事共議方可使印然後用之七日遣入内檢校平章事黎問入内大司馬黎銀入内少傅黎文靈賫金󰀋立右將國開郡公思齊爲國王攝行國事遣入内司㓂黎察司空黎仁澍入内司馬黎理入内少尉黎國𦥷賫金󰀋立梁郡公元龍爲皇太子百日旨揮大臣文武百官并各路府縣州鎮等係某人有事至國王與皇太子用啓字不得用奏字并稱呼曰國王殿下曰太子殿下若國王有宣告號令即用國王旨揮不得用勑字九日旨揮武自管領文自行遣以上孰有男子十五歲以下九歲以上許入侍皇太子今月十五日就學堂點目内密院官若武自同知以下至大隊長隊長以上等官文自尙書以下至七品孰有男子十七歲以下九歲以上就國學點目學官取簿受業二十二日旨揮大臣文武議國家大事如戰士貧游士富凡戰鬪之士無尺寸之地居之游手游足無益國濫有田土過多或有㓂道於是無人盡心於國思孌富貴今勑旨與𡐡臣議定田数級官君民等内自大臣以下至老弱孤寡南婦以上某類若干奏文并錢帛等議呈二月二十一日旨揮五道諸衛軍將校軍人等限二十七日習水步陣欠者治罪習罷各分爲五番一番留四番歸農二十六日旨揮大臣及行遣等官如見朕條令或有不便於軍國或無故之踢或重歛賦税邪淫虐政即奏請脩整又旨揮諸言官見朕有苛政重歛虐害良民功罪刑賞之不明不依古法或大臣官吏將校内外任職司不奉法受路擾害良民偏私非爲等事急上彈劾若坐視容縱以小事爲能及虚言者罪依律又若官司入殿庭或遇有衣巾帶脚不中法起居縱横不如禮法者即言官不得以爲事而彈劾爲殿庭之事以有鐵突五軍總管及旨揮使御前鐵突内密院主察三月二十日旨揮各道都總管管領并京城各坊官員人等今者各軍士分及公侯百官第宅俱有定分可栽花木種蔬菜不得留廢空荒不依者失本分若公侯已賜宅以安厥居在鐵突土分並不許過多土自五髙以下不是鉄突土分聽二畝以下至一𤱈若已定󰰻土分園宅再占大羅城内别爲園宅地者不聽夏四月十七日旨揮大臣百官受造取金於東津納官逐等正一品金二兩從一品金一兩半正二品針一兩從二品金五文正三品金三文從三品金二文正四品至五品各一文從五品以下無三十日旨揮係僞官前以有旨揮免罪贖命並田土五月三日符功臣該九十三員縣上侯三人黎或被仇讐抑蔽即急就少傅黎文靈所薦問才德實者奏呈擢用不拘僞官士庶以才德爲尙旨揮係文武職官武自上將爵智字著服侯以上並聽服緋文自入内大行遣冠服侯以上亦聽服緋二十六日旨揮諸府路軍人及山林隱逸之士果有通經史工於文藝期以今月二十八日就省堂通身聽侯至日入塲會試中者選用二十八日旨揮内外官文武有精通經史自四品以下期令月二十九日悉就省堂入塲會試三十日定偽官田土各項夏六月十日旨揮諸僧道有通經典及精謹節行期以今月二十日就省堂通身檢閲考試中者聽爲僧道不中者仍勒還俗造貫籍秋七月五日旨揮大臣百官中外文武臣僚等會議錢法詔日夫钱乃生民之血脉不可無也我國家本産銅穴且𦾔銅钱已被胡人銷毀百僅一存至今軍國之務屡為匱乏求其流通使用以順民情𡸈不難哉昨有上書陳言使以鈔代钱朕夙夜思惟未得其道盖鈔者乃無用之物行於有用之民甚非愛民用才之意然古昔有以金銀皮幣钱鈔之物無可相權何者爲最其令𡐡臣百官及中外達時務之士各議錢例以順民情庶乎不以一人之所願而強千萬人之所不欲以爲一代之良法不可不早定其議以奏朕將親擇而施行焉秋八月十九日旨揮天下軍民等係偽官文自知州武自千户以下前已死及土軍並民人入城成陷出降及胡氏舊官被賊接去比地等人今有妻子於各路縣社或他或著籍聽免贖命若以入宫爲奴婢及賜百官並有惡名不在此例九月十六日旨揮大臣百官今後係某官言事當以軍民事務爲急不可以徇私情理爲先緣朕常驗其情理或薦󰁮或獄訟或公私事務頗有互相容隱变易是以知居官清少濁多今朕按得犯人名夢雲名梁箴等事乃知庶官真偽之情狀故出此令凣爲臣子當盡其誠以事君上不可以私害公事𭛁之時悔之何及故兹詔示咸史聞知二十七日旨揮訓尔大臣文武百官以務農桑整軍五修治戰噐船艘冬十月初一日命文武大臣公侯大夫自三品以上薦舉賢才詔曰朕惟致治必在於得賢得賢必由於薦󰁮是以有天下者必以是爲先務也古昔盛時群贒在朝濟七相讓故下無遺才上無󰲝事以成雍熙之治至如漢唐之臣莫不推賢讓能更相汲引萧何之薦曹參魏無知之薦陳平狄仁傑之薦張九󰱜蕭嵩之薦韓休雖其才品有高下之不同然亦莫不各得其人以當其任也今朕膺茲重責夙夜祗懼若臨深淵正以蒐贒弼治之未得人也其令文武大臣公侯大夫自三品以上各󰁮一人或在朝或在野或已仕未仕苟有文武知識之才堪臨民馭眾者朕将隨而授用焉且進賢受上賞古道然也若󰁮得中才則陞爵二等或󰁮得才德俱優超絶倫等必𫎇重賞雖然才之生世固為不少而求才之道亦非一方其或藴經濟之畧而屈在下僚無人薦󰁮𭁈夫豪傑之士伏於草莽混為卒伍若不自達朕何由識之今後君子有欲從我逰者各聽自薦昔毛遂脱頴而徔平原君寗戚扣角而感悟桓公何曾以小節自拘哉詔出之日凣其具僚各盡乃誠孰請薦援至於籚閻側陋之士亦勿以衒玉求售爲耻而使朕有乏才之嘆焉十三日明遣禮部侍郎李琦鴻臚寺卿徐永達行人司行人張聰等來諭令求陳氏子孫并令還明國人口戰噐等物并賜何栗等衣鈔遣隨琦等行十八日旨揮大臣總管行遣以下等古人有言曰君不擇将以其國與敵也朕常念此日夜不忘是以軍國大事委之公等而公等恬然坐視不加之意上負朝廷任使下不恤軍民何其怠於職事之甚也今出此詔告戒若不能改過自新再如是者國有常法勿謂朕終有負於臣下勳舊之間也二十九日明使李琦等還帝遣頭目陶公僎黎德揮范克復等貢金銀噐皿及方物往求封于明并觧諭還人口戦噐及求陳氏子孫等事其求封辝畧日國人徧行尋覔陳氏子孫並無見存臣等思惟本國大頭目黎利爲人謙恭謹厚撫綏有方甚得民心有堪𬋩攝明帝󰔻畢謂侍臣曰此詞未可遽信更當索之仍詔禮部賜公僎等文綺衣遣賫勑還諭帝及頭目耆老更詢陳氏如果無後連名奏來處置并賜公僎等鈔有差十一月帝幸西都拜謁山陵賞扈徔将校軍人陞爵各一等若上智字大智字陞爵一資用子孫代已封侯及無功勞者不在此例十二月十九日旨揮各府路州縣社官係本社有田土多人民少而留荒者聽本𬋩等官𭁈别社人無田者耕種若本社田主不得執占留荒違者以強占罪論二十七日旨揮刑官係犯罪人或徒流自三十字二十字流在布政州自十字六字流在演州自四字至徒󰍁丁在象坊者俱送本道行遣領受交付配所開試僧道給帖庚戌三年明宣德五年夏六月初十日定諸税額例再頒例律改東都爲東京西都爲西京東十一月徃征太原石林州逆賊閉克紹農得泰是時克紹得泰争立故征之帝至石林州前門有詩題云不辝萬里整師徒惟欲邉氓赤子蘇天地不容奸黨在古今誰赦叛臣誅󰱇步軍於菩提先情願者賞一資辛亥賜年明宣德六年春正月初一日帝遣正使黎汝覧副使吏部尙書何栗黎柄等如明求封并陳情及觧諭求戦噐及陳氏子孫事其辝畧云大集國人徧求陳氏子孫的無見存窃惟本國地方不可無𬋩攝而常未奉朝命此所以欵陳而不已也明帝納之五日洟正使右侍郎章敝通政司右通政徐琦等捧賫印章來命帝權署安南國事賜何栗等鈔幣遣隨敝等歸按皇朝通紀明疐遣使封帝爲安南國王自是朝貢不絶二月帝捉閉克紹農得泰等回三月至京定置内外各監舍人各司從吳文通所請也冬十一月初一日明使章敞徐琦來至京賫印命帝權署安南國事二十日敞琦等還帝遣審刑院副使阮絢御史中丞阮宗贄隨敞等如明謝恩并觧歲貢金五萬兩乞依洪武三年貢例自後常貢不絶明帝賜文絢等鈔幣遣還十二月六日帝命作籃山實錄帝自作序著籃山洞主春正月命親王思齊将兵征忙禮州州酋刁吉罕子刁孟旺出降居于東京立為司馬後年殺之冬十一月帝親征復禮州帝復征哀牢癸丑六年明宣德八年春正月󰱇官男及國威三路北江二路充國子監親征復禮州班師夏四月八日遣陪臣陳舜俞阮可之裴擒虎徃明國進貢御前三分皇太后皇太子各一分并觧歲金事攅造户籍秋八月降長子思齊爲郡王以次子元龍継承宗統帝回籃京閏八月彗星出西方二十二日帝崩于正寢初帝之經營四方北擊明㓂西却哀牢避實擊虚所向有功者止有武臣黎石黎禮黎察黎問黎銀黎理等三十人文臣黎靈黎國興等父子之兵鉄突二百義士二百勇士三百象四隻其輕勇及老若户衛者纔一千而已帝嘗於萬幾之暇𭁈群臣論古今興亡得失之由因及明賊之所以敗我之所以得何也群臣皆曰明滛刑虐政久失民心帝反其道而用之以仁易暴以治易亂此所以成功之速也帝曰卿等所言固是如此亦有未盡朕昔時遭板蕩棲迹籃山本欲苟全性命而以初無取天下之心及其賊虐諭甚民命弗堪凣有智識者皆被其害朕雖罄家所有以奉事之冀其免禍而彼害朕之心曾不少怒義兵之舉朕實出於不得已焉耳論曰太祖即位以來其施爲政事藹有可觀如定律令制禮樂設科目置禁衛設官職立府縣收圖籍創𭓇校亦可謂創業之宏謨然多忌好殺此其短也又曰帝承祖父之業時遭大亂而志益堅晦跡山林以稼穡爲業由其憤強賊之陵暴尤留心於韜畧之書罄竭家貲厚待賓客及戊戌年起集義兵經營天下前後凣數十戰皆設伏出奇避實擊虚以果敵眾以弱敵強及明人出行戒戢軍士秋毫無犯两國自是通好南北無事忙禮哀牢俱入版圖占城闍槃航海脩貢帝宵衣旰實凡十年而天下大治史臣論曰帝起義兵未嘗濫殺一人惟能以柔制剛以弱制強以寡敵眾不戰而屈人兵故能革否為泰轉危為安易亂爲治所謂仁者無敵於天下其帝之謂歟其有天下而傳萬世之業也宜哉秋九月八日太子元龍即皇帝位大赦改元以明年為紹平元年時帝年方十一歲冬十一月阮廌奉勑撰碑文翰林院待制武文裴奉書二日歸塟于籃山永陵廟号太祖上飱號曰統天啓運聖德神功睿文英武寬明勇智弘義至明大孝高皇帝十二月初二日遣陪臣黎偉程真等如明告哀十九日明遣正使兵部侍郎徐琦副使行人司行人郭濟來索歲金先是明數遣使來多索歲金高皇帝乞依洪武三年貢例明帝反福不從至是復使琦濟等來扈從西京造籃山殿朝列大夫國子監司業兼史官修撰臣黎皇朝紀太宗文皇帝諱元龍太祖次子在位九年東巡而崩壽二十塟祐陵帝天資明智運撫昇平内制強臣外攘夷狄重道崇儒設科取士讞獄訊囚率多寬貨亦守成之良主也然耽心酒色暴崩于外自取之也其母恭慈皇太后笵氏諱陳清華雷陽群來鄕人也以太祖起義六年癸卯冬十一月二十日誕生順天元年三月册封梁郡公二年正月六日立為皇太子六年九月八日即位以明年為紹平元年大赦天下以生日為繼聖節尋改萬壽聖節號桂林洞主時帝生方十一不假垂簾聽政而天下之事皆自已出甲寅紹平元年明宣德春正月九年朔帝出百官謁太廟又出百官同北使望闕𢪒於客舘四日命門下司右侍郎阮富後改傅右刑院郎中范時中與北使徐琦郭濟等如明先是明遣徐琦等賫勑來問所拘留之人及土貢之金故帝遣富等徃六日議遣宣撫使阮宗胄中書黄門侍郎蔡君實耆人戴良弼等賫表文及方物徃來封于明旨揮大臣文武百官内外大小等其略曰人臣之道大要有二上則愛其君下則愛其民愛君者必尽忠愛民者必尽誠而已凣其有僚朕已委信有不竭忠誠荒廢天職則國有常憲間者求賢圖治命諸人各舉所知今既久矣曾無應命󰁮一人以荅朕心何也七日宣光鎮平原獠人入貢命都督黎問傳㫖諭之使回本業九日㫖揮御前各軍及五道諸衛軍僃辨粮食用二箇月限本月二十日就東京土分點目習藝若清化乂安新平順化各鎮鎮軍即就本府本鎮土分點閲違者治罪十二日㫖揮文武百官自六品以上有所官及藩鎮父道首領官等有嫡子孫或同異籍並免税并當差若築鼎耳堤路及警急事務不免其嫡子孫各聽報名赴監讀書以俟󰱇用㫖揮京城及諸府路縣州社󰀋村庄等今後銅錢破鈌猶穿得等速具本路應試士人期以本月二十五日赴本道點集至二月初一日考試中󰱇者免徭役補入國子監若在各路學讀書者二十五歲以上考不中者還民以咱侯文队杜順等五人爲國子監敎授二十八日旨揮大臣百官今後不得徃來郡王所郡王無人召即不得入朝有私引入或門者咱入及百官有私至其家者加重罪時有侍兒三人走来奏郡王言多妖妄不順故有是命以御前學生程清阮文錫等為御前學生局長朱三省陳封為局副裴時亨為太師丞二月初三日諒山鎮管領黄原懿謀反命北道司馬黎文安討之四日考天下學生中考者千餘人分爲三等一等二等還國子監三等還路學讀書並免徭役八日以御前武隊莫吞等四十七人為諸路鎮撫先帝時各衛將校過犯降為武隊至是復用之以黎犬爲入内少尉參知海西道諸衛君事太監如故黎謙爲都押衙知左𤤻事罷南道行遣黎克復爲判大宗正時黎察既殺仁澍疑克復有怨奏奪其權使知獄訟克復乃仁澍同母弟也以黎國楨爲南道行遣知軍民簿籍政事詞訟如故以黎乘爲鐵突中軍行軍總領黎醯爲殿前都檢點同太監内外諸役黎棲爲指揮使遣大司徒黎察司寇黎銀司馬黎列黎盃等選各道丁壯爲兵旨揮係軍民諸色男並選取若文武自六品以上有所管男及國子監生諸色役已有岝字官賜公奴私奴並免若御前武隊鉄突有一二三男止免一丁其軍民自三男以上亦免一丁餘並選取大司徒黎察以前違事䄇宏伯有可矜惜使少保黎國興編赦免舊官籍詔勑㫖各與本道行遣咱候欲復用之言官阮天錫裴擒虎等奏曰先帝有旨黎國噐䄇宏伯黎德轝等雖有才不可復用臣下有謀叛逆須告者不容彼告今若舉之是違先帝旨也且如宏伯等誰更用之遂却其名令補軍伍既而慮宏伯在軍必復生事有害於是岝還民産初太祖晚年多疾病又君王思齊狂悖帝由幼冲而陳元扞范文巧皆常有佐命功頗得時望元扞又陳族子孫而文巧亦京路人慮他日有異志外雖崇其禮而内實疑之丁󰘊本黎國噐䄇宏伯阮宗贄黎德󰲛之徒逆知其意争上密疏勸太祖决意除之有不悅者國噐輙指爲二家之黨死徒者葚眾群臣皆畏其口然太祖深知國噐等皆傾巧小人心常疾之其後俱以事繼斥竄仍慮其復進故以是戒之咱安𢮿越忙父道琴公冠帶入朝十四日忙禮州刁孟旺母來降刁吉罕之妻也刁吉罕既死子孟旺奉其母㱕故地母猶先為納疑帝問曰孟旺何不自來對曰旺爲其弟道收引慮忙來相争以故不得遠離其地老妾先㱕命朝廷帝使人諭之㱕報孟旺入朝十五日旨揮文武官員諸人所進之賢所上之言朕𡸈不聞但眾人所言不有其謀可釆所進皆妄以常人諸人有意爲國即更留心旁訪或隐逸山林或棲身村也朝廷試用未及者薦得賢才十二人以佐朕圖治如此可謂為國盡忠其賞不等二十二日司馬黎文安征還初諒山鎮黄原懿黄文萼阮世寧阮公廷皆本鎮父道以歸國有功並拜管領仍居其地宣慰黎圖黎弄等不能撫馭原懿等皆𢙇怨郡王有妾因事退出原懿來朝見而悅之潜載以㱕𦤶其事露又有懿奴飛豹者因懿撻走入圖弄等乃騰告謂原懿已起兵帝即命文安將御前鉄突及北道兵討之及至則文萼爲鎮兵所殺文安乃散軍搜捕四人親戚奴婢産畜併及鎮軍妻子千餘人㱕献帝尽釋其民人以四人家属給賜群臣夏四月朔命百官迎吉州法雲寺佛赴東京禱雨時天久不雨而徒以迎佛誦咒為祈禱阮天祐奏疏曰陛下脩德録寃囚出宮女而天不雨請斬臣以謝天下大司徒黎察惡其言直疏未報會有小雨乃呼天祐問之曰昨暮非小雨耶又有清化宣光等路官奏雨狀適至併以示天祐天祐無以對流監生阮德明于遠州德明家赴監有匿名書粘於道傍神祠壁上有大司徒察都督問同謀殺翁士即仁澍也判大理語德明召人來觀既而自取毀裂投水中察疑德明所作撂拷不服將斬之刑官以為疑罪乃得减死流之没其家財乂安府進御舶至大通塲夜爲雷霆所燒復以黎可爲榮祿大夫諒山鎮宣慰大使知軍民事以黎汝祖爲政事院同參議爵明字赦輕囚數十人以久旱故也十九日清化府巴隆忙民叛㱕哀牢巡察黎統討之斬其丁壮虜男女三十餘口立斬罪囚初威遠軍人阮禀中軍鉄突程壽祿以盗誘官賜奴婢人爲業司馬黎列捕得奏之時官私奴婢多亡失大司徒察怒甚命刑官立鞠於殿庭辝竟曳出斬之占城掠化州人占城主布提聞太祖崩以帝初嗣位疑中國有变親将兵出屯近境欲謀入㓂以虚實未審無所訊問乃使船潜入越海口掩捕數人而去民追格鬪擒󰱐二人來献二十二日設醮于勤政殿以旱灾妨農雷震燒船故也二十五日五道各衛軍將校陞除自衛同知管領下至隊長八百五十一員在内任陞充及御前各軍選授者五百九十六員有事輕赦録用者二百五十五員内密官唱各給勑自旦至晡不能尽其在内未陞者賞爵各一資五月丁丑朔輟朝先是太史裴時亨密奏五月初一日有黑猿精啖日日當食日食則國有灾若得生猿殺以厭之則灾可弭大司徒黎殺信之奏令宣光太原等鎮官督民蒐羅林谷檻送猿猱前後将繼至日停朝而行其法於禁中百官不得知時亨惟奏禮部侍郎舊道士䄇全陽𭁈俱皆得厚賞五日旨揮諸府路鎮縣社󰀋庄等今年民丁潭池税即依癸丑年例桑州税依新定例十一日京城失火延燒數百餘家人有死者十二日遣五道君煇武於校塲引占城俘來觀而遣之命入内司馬黎列總督乂安新平順化諸軍就新平順化地方巡哨若過占城草賊劫掠边境将校軍人臨戰違令及𢙇二却退者咱先斬後奏又命入内少尉黎魁行遣總管黎炪同督新平順化諸軍隨之十六日命宣撫使阮宗胄中書黄門侍郎蔡君實耆人戴良弼等賫表文及方物往求封于明行遣阮廌作奏本成内密院阮叔惠学士黎景綽等欲改數字阮廌怒曰爾軰聚歛臣罹此旱灾爾等所致也叔惠告於大司徒察都督問察問怒之讓廌曰致天灾非此属過也𠧨在君相耳公相責何太甚耶廌詞謝曰叔惠以掊克小才居天下樞要每有奏簿皆欲損民㱕官以求合上意故僕因事而𭛁耳非有所訊議君相也察怒尙未觧然奏本猶因廌不改十八日旨揮諸路鎮縣各隊巡檢司把関隘等嚴加巡守搜捕盗刼二十四日辰時有青赤氣状如虹而短並見于東北天徵降霜斬左𤤻漆作匠匠人髙師蕩時調漆作匠各局起報天寺土木仲大師蕩勞於役作窃言曰天子不德以致旱灾大臣受賂󰁮用無功有何善而必崇寺佛乎爲人所告大司徒察怒審刑阮廷歷曰彼敢妄言及国事當斬天祐不敢復言遂斬之是日適有小雨明日察言於朝曰使咱言官安得此雨耶黎銀曰多殺惡人則多雨但路骨难行耳二十八日宣光鎮𫎇恩州阮啟使其子來行命大臣諭而遣之六月占城管象頭目婁荄二人來降八日哀牢盆忙使人来貢方物賜織金衣二件絹五四十二日陶祿來降祿陶季容之子初太祖之平賊也㱕化鎮父道僞府同知季容不服將家属亡入雲南至是死其子來降海水暴涨十四日雨百官𢪒謝十七日以審刑院廷歷爲太原下伴安府使仍帶審刑副使如故二十日北道同知簿籍裴於󰱑以天多灾異上䟽四條其一畧曰願陛下内選皇兄國舅老耄耆人諸習故典留爲入侍訓誨厥辝外置師傳立為砥柱旨揮百僚其二略云文武官員軍民已被其罪在各徒流配所先帝所以懲之今再見還官除職管軍治民有違先帝之心不協天地之道大司徒察見疏怒甚使人寫此二條上奏曰先帝以神等皆累世舊臣且與先帝間開十年出萬死以立朝廷先帝素知臣樸鈍故臨崩之際以陛下託臣等也今於󰱑所言意疑臣等有所奸横而使陛下别立親以防之願付之獄官問其虚實若於󰱑果離間君臣則正以國法不赦帝良久曰於󰱑所言雖有切害何至若是察奏徃復數四帝皆不咱天祐擒虎復奏曰於󰱑勸陛河不可委任大臣是違先帝遺詔而委生嫌釁不可不問其罪右弼黎聞靈執其疏來奏帝乃可之遂流於󰱑遠州二十四日追尊生母爲恭慈國太母初太祖不立正室惟郡王母鄭宸妃𭁈犯惠妃等數人而已國母亦先帝側室於草昧時已先薨及是帝追念尊為國太母舊臣主在籃京帝命元舅右𤤻黎連及中書是郎陳舜俞奉新神主及金󰀋至廟行禮大司徒黎察起清潭昭度等寺成守九十餘間秋七月十一日㫖揮各道衛軍将校及路縣鎮󰀋社官等凡治道以清刑爲本朕見軍人皆越次奏告運勾訟人防廢民事勞擾朝廷莫此為自今凡軍民有小訟即先就本社社官諭辨社官不能方就縣縣不能以次至路至府府不能方就本道本道又不能然後奏聞其訟田土亦如之若評諭官宜用法公平不可受賂偏曲使有所寃其大訟方許直奏十五日設盂蘭會赦輕罪囚五十人賜僧人通經錢二百二十緡八月賜國子監生及路縣生徒著冠服并與國子監敎授及路縣教職著高山巾初教授監書庫皆太古巾至是令戴之八日令右僕射黎汝覧徃籃京立太母廟九日斬道者程堂政事院同參議阮欣等奏言曰堂白日偷窺律不至死殺之不可不聽太廟厨兒阮注以抑買市貨杖八十刺項徒象坊兵時諸室厨人多托宫中以賤直抑買市肆人民病之阮天祐捕奏乃加注罪仍令徇眾三日定取士科詔曰得人之效取士為先取士為方科目為首我國家自經兵燹英才秋葉俊士晨星太祖立國之初首興學校祠孔子以太牢其崇重至矣草昧云始科目未置朕纂承先志思得賢才之士以副側席之求今定為試塲科目期以紹平五年各道鄕試六年會試都督堂自此以後三年一大此率以爲常中󰱇者並賜進士出身所有試塲科目具列于後第一塲經義一道四書各一道並限三百字以上第二塲制詔表第三塲詩賦第四塲策一道一千字以上試吏員考暗寫一等補國子監二等補生徒及文属十八日南道司馬黎列軍還布提聞中國無事先已引退列到化州欲還會化州蛮道成為道論所擊來求援列乃引兵助擊之得人口千餘象數十隻以㱕十九日命管轄黎伴使哀牢哀牢茹昆孤為叛臣杻在所功力不能制遣使來乞援帝命伴先徃諭觧之旨揮五道行遣及各鎮總管宣慰等其路鎮縣各官功績付本道行遣考覈各鎮將校付本道總管宣慰考覈其省院局官即少保右弼考覈左右𤤻内殿各官即押衙右𤤻内密院考覈各分爲三等務要明當不得偏私顛倒二十八日以海西道參知軍民簿籍阮汝撰為北道同知軍民簿籍旨揮守皇城禁中諸門將校軍人女人内人等今後或有各殿宮人及大臣總管行遣并女官等入朝到禁門即守門預先傳奏候勅旨始得入女人無品爵並不得入各殿内人女官奴婢無故不得徃來别殿若守門不謹容情私放濫入及𢃄将鉄噐等件自一針以上到禁中不先傳奏即論罪依律九月四日頒紹平新錢六百餘貫賜文武百官以御史裴擒虎為諒山鎮安府使以右藤縣轉運潘天爵為侍御史㫖揮各鎮縣社村󰀋庄等有赴京行役者軍即将校民即路縣官轉送其官私功即取本縣文信若在京軍人及大臣勢家之人或取本具差某事即總管總知本衙本家給信字軍民販賣亦仰路縣官給文引各鎮巡檢及水六各處守把務要盤檢明白無給文引即截還時各鎮人多詐爲行役誘人奴婢故有是令司空黎銀同鄕人范鬢因𭁈銀奴爭田私出不遜語太祖起兵時鬢從官軍襲檜柵軍至柵下鬢迯入柵降賊賊覺乃設僃軍不克襲而還至是銀𭛁鬢前事使刑官追鞫准奏斬之大司徒察曰今吾軰有權勢而讐其鄕人何求不得後或吾勢盡𡸈可使吾子孫當其怨禍耶銀厲聲曰彼子孫猶能興怨而吾子孫獨不能報乎久之鬢乃得减死流遠州以𰎟山縣轉運使梁天福爲殿中侍御史北江下路教授阮昭甫為監察御史昭甫上疏有可采故也御史付中丞阮天祐以言事忤旨免官奏乞致職而去十六日奏告天地及太廟以鑄順天承運之寶代天行化之寶勑命之寶制誥之寶御前之寶御前小寶共六顆爪哇商舶入貢方物哀牢昆孤使其臣官龍進象隻金銀乞院兵旨揮𭁈木忙少尉車芇出哀牢南馬各蛮救昆孤占城使賫書及方物來献求和親大司徒察問曰爾國私入吾境捕化州百性何也對曰國王聞者皇登遐今皇帝即位兩國不通使疑未信故使將軍徃境上問消息将軍𢫔違教旨私捕化州六人㱕國王怒大将以下並加刖刑護送其人交還化州總官不敢有犯朝廷知其飭詐然以彼能自来故含容之不加究問安󰘊路總管阮宗徐同總管黎遙貶三資罷職本朝禁臣民不得私販外國商貨時有爪哇舶至雲屯鎮宗徐等當檢録舶貨正数前已将原数供報後復隐詐改换其状而私販九百餘緡自𭁈黎遙各占百緡事𭛁故罪之命轉運黎壽老起居蔡惠疇使占城冬十月蝗傷稼差官分道驗田榖以南策下衛同知黎壽等為安󰘊鎮衛同總知諸軍事管領范洪州為安󰘊鎮衛同知諸軍事審刑院副使程子昱為太原鎮上伴宣撫使十二日符忙逆人丁桂子道頼來首有旨免罪使還以前太子侍講阮晋才為國子監博士十一月明遣行人郭濟朱弼等隨告哀使黎偉來吊祭至京初四日行祭禮其祭饌皆自北道賫送極為豊盛出逆承天門人設祭于乾德殿其禮猪一羊一食品紙前幢節香花凡八十卓祭官在左立主祭在右不奠酒婦人隔帷舉哀五日宴济等于勤政堂七日大司徒察等又宴济等于客舘陳雜戲以觀之從其請也明使徐永達章敞郭济等前後数軰於貢物之外朝廷私有饋餽一切不受然咱其從人多賫北貨重立其價抑使朝廷買之西道行遣左僕射黎磊卒贈保正功臣輔國上将軍入内中書令鄕侯謚忠簡命管領黎柄内密院同知潘寧御前學士局阮天錫黎吉甫等從郭濟如明謝吊祭爪哇一人八諦一作先孫等進土物有𣐙香数株何為屋柱籃山殿火氷凍山木死二十二日帝誕生日也以為繼天聖壽節尋改萬壽聖節蠲田租及人丁税遣封大司徒黎察二代内密院何德政徒本道属丁范思明貶一資德政為行人如明告哀𭁈明人圍棊及𭁈正使争罵思明󰲡帶北賣誤中點軍故紙故皆降黜時正使黎偉阮傳蕊軰多買北貨至三千餘擡朝廷惡其搶販欲愧其心使人收驗暴於殿廷然後還之遂為常例十二月八日哀牢人來降進象三隻車芇何安掠等軍至時哀牢杻󰀋杻在等以弑其主昆孤而更立昆孤族人諭群為盤茹使使賫象隻金銀來降安掠等遂𭁈俱來朝廷赦之言官潘天爵上彈章論前軍總管黎受當國喪娶妻大起第舍使家人出境私𭁈化外交古等事時諸大臣皆司役軍人大起第宅帝因命天爵徧入大臣家驗㸔明白帝問曰諸大臣皆無此事耶卿獨奏受何也天爵曰都督司㓂司馬皆故命大臣宜正已以率百官有所營為必循禮法不然則告奏而後行故臣等不可不言且臣以受有數事故併言之今奏勑旨使徧觀第宅臣敢不盡職於是又疏構新宅者參知東道黎定等以下至管領二十餘人奏之帝皆不問獨命勘受都督黎問司馬黎銀等以受親勳之臣營觧之帝亦赦受餘罪没私販金十五兩銀百兩仍勑妾程氏却受户籍咱贖爲外人復禮州刁吉罕男孟旺來降勅賜為入内司馬知本州軍民事爵冠服侯遣入内少保黎國興入内右弼黎文靈等奏告太廟奉迎太祖及國太母新神主祔命文武官就都督󰱑議除䘮行遣阮廌等共議宜素服滿二十七日然後除之三十六日上親坐丹扆先是成服太祖新神主在乾德殿帝每臨朝立會英殿東楹以咱事至是動蹕坐扆庭設樂而不作群臣上慰表賜南馬州道冕為本州大知州知軍民事爵明字初南馬州属哀牢後能慕義㱕順至是遣子入朝求為内附帝嘉之乃授是職仍賜冠带并時服一襲乙卯二年明宣德十年春正月朔率百官謁廟還宫素服臨朝作樂警蹕群臣皆吉服進慰表初三日明宣宗崩皇太子祁鎮即位是爲英宗改元正統旨揮大臣文武百官等略曰汝諸人不復如前守法今後官軍治民或掌某事宜盡心公平愛恤軍民無或偏私如不悛改必遭重誅四日哀牢盤茹諭群遣其臣刪莫察母等奉金銀酒噐及象二隻隨偉入貢偉奏言哀牢荒亂上下乖散之状賜内外文武百官宴五日𤼵錢賜外任文武官有差去年命各道行遣考覈外職功勤第為三等至是依次行賞其新除未有功過者處以二等𭁈軍人阮公䃈為掌曆户部主事楊玄中為靈臺郎以郎中范時中為同知審刑院前副中丞阮天祐為清化路安府使令諸道軍各就本土近便分習陣御前各軍講武於殿庭二十一日言官潘天爵梁天福阮昭甫等上疏曰先帝櫛風沐雨躬擐甲胄勞神苦體十餘年而後定天下陛下繼有成業可留心學術勤於求賢以圖治功今大臣進少保右弼侍勸講學陛下起去而不咱其不可一也先帝擇人為姆師以奉内訓陛下嫚罵而不咱其不可二也如宸妃惠妃以姨入教戒陛下先使閉門不納其不可三也如陛衛管領見陛下不讀書而執弓射禽或諫止之陛下不咱又引弓以射之其不可四也先帝選取功臣子弟使之侍學陛下皆踈遠之而内與近習侍内嬉戲其不可五也凡人君必求賢才能直言極諫及有功者而賞之今反與宦官戲而賞之其不可六也臣待罪言職敢不條陳願陛下臨朝之際或接近大臣或咱群臣奏事必平正尊嚴假以天子穆穆之容敬大臣勞有功納直諫以開言路達下情則繼志述事之大孝不專美於成王太甲矣帝見疏大怒詰問左右學黎景綽宦者丁誨等徧至天爵等家質問疏訴者姓名且讓之天爵對曰此北江下衛同總管黎冷所告臣也臣等重在愛君盡職而已死亦何憂景綽等乃罷明日天爵入朝奏言󰔄舜聖人也而伯益以荒怠爲戒唐太賢主也而魏徵以十漸爲防臣等辱在言職恐君有過故效其狂愚陛下納之則芻蕘工技各盡所懷而陛下聖德益光大矣帝斬國子監生黎子昱妻子田産没官子在監不讀書而專於卜術符咒誘盗人妻妾并盗取十八房應用資祭酒阮誠將奏之子昱遂夜作狀誣誠及武應先祭酒以下及各堂長將𭁈潜謀及逆大司徒察知詐執之使獄官阮允恭引問子昱辝󰠃遂首服及臨斬子昱訟天蓬天猷不輟口曰此身以過他身不可如是上幸杲洞觀五道各衛習步陣又閲水戰於珥河以轉運阮必敬爲三帶路安撫使芙蒥縣轉運使潘仁為天長路安撫副使二月明使禮部有侍郎章敞行人司行人侯瑨隨阮宗胄來賫勑命帝權署國事五日丁未命少保黎國興釋奠于先師孔子後以為常戊申祠社稷命管領潘子曰大夫程元僖賫表文及方物隨敞等如明謝恩八日告太廟以權署國事之命故也定田土潭池桑洲各額頒國朝名諱凡遇廟諱御名正字臨文並不󰱐用其有姓名並咱改如恭慈國太母諱陳咱改程字以右僕射黎汝覧兼西道行遣流蔡君實于遠州阮宗胄于近州二人之奉使也有司具本以先後之序著宗胄為陪臣君實為耆人君實意不平至明國照次賜衣無織金文心有所憾謂北人曰我四品官反居宗胄下何也及賜宴時不服賜衣著已織金衣以入以承旨阮廌掌撰奏本肆罵之从又罵東道參知陶公僎以其引宗胄𭁈已同事宗胄亦念争不以遂𦤶相敺宗胄破靣從行者諫不能得交訴於鴻臚寺互相醜詆宗胄又私過隆州北内官納其禮物又𭁈隆州伴送官吕回言使哀牢時事窃言先帝咱讒濫刑皆以奉使外交忿鬪辱國罪当死以嘗有功隨情輕仲各以流諭宗胄又多賫金帛販北貨帝惡其違禁營財尽散其裝賜百官三月初六日鑄寶璽成命右弼犂文靈等至太廟奏告六璽皆以金銀為之順天承運之寶臧而不用代天行貨之寶征伐用之制諒山南策等路民疫以御前中軍鉄突黎等為哀牢縛邏鄭窻陽忙上下等處防御使知軍民事黎添為南馬州蚕上下二州及闌和縣防御使知軍民事時哀牢各忙外言歸國而反覆不定故朝廷因各置官以管監之有再犯盗七人俱年穉刑官㨿律當斬大司徒黎察等見其多殺心难之帝以問承旨阮廌廌對曰法令不如仁義亦明矣今一旦殺七人恐非盛德之舉書曰安汝止傳曰知止而后有定臣請逑止之義使陛下聞之夫止者安所止之謂如宫中陛下所安也時或出幸他所不可常安反㱕宫中然後安其所止人君於仁義亦然以之存心而安所止時或威怒終無可從願陛下留心臣言於是察銀等曰卿有仁義能化惡爲善煩以付之遂使廌𭁈天爵等各保受其囚廌曰彼頑猾群童朝廷法制所不能懲况廌等德薄鞌能化之久乃判斬二人餘以流諭羅羅斯甸國人來貢羅羅斯在哀禮之北𭁈雲南接境衣服如雲南俗而拜謝皆自𭛁聲廣南府光州人來献馬夏四月哀牢撾忙等來貢哀牢蚕忙献象壹隻旨揮諸路縣社官等見有蝗虫𭛁生啮害桑苗即令禳祓以除民害五月旨揮大臣行遣及參知簿籍參議󰱑官刑獄等官今後訊獄及大臣准决日不得次目怠慢或有病疾必於眾呈自不得欠鈌旨揮各道将效及路縣鎮等今方農務路縣鎮官不得輕動民力等選用儒臣入侍左右盖欲陛下為堯舜爾陛下胡為忽宗社而違其忠誠使之憂悶不朝乎願陛下思先王顧托之意則四海𫎇福而陛下享大孝之禄壽矣秋七月五日哀牢又反攻遠忙其杻蛮擊之獲人口十三馘九級來献太原鎮父道農交聰献飲泉弓其弓通中可立飲水旨揮文武内外百官等今卿等不奉公守法其掌天下錢銀簿籍者則沉帶留难宜徵宜免不曾分豁批奏以致病民管軍者不恤民病借用物件必令放散以至䘮󰱧及至有事方更營求至於管民惟務偏私不私牧養或放富差貧市村營屋咱訟不平惟黨𭁈賄幹事不敏惟飲𭁈餔又藩鎮關隘等官或有異人徃來漏泄迯亡不肯用心誥捕惟圖販鬻以有掊克卿等共受天祿治天民而所為如此不逆天心耶勿以朕言為虚文若能尽心竭力改前行率善道輸中愛恤軍民和僚发平獄訟勸農桑屏賊盗厲廉潔則身榮家顯福及子尊如有不遵自取誅譴十七日賞内外在任官年久勤幹者一等爵一資錢五貫二等爵一資初帝使潜訪天下至是㨿奏捉問貪污不如法者藩鎮宣慰五道将校各路鎮縣宣撫轉運巡察等官五十三人以報天寺柱持僧惠鴻為沙門賜緋化州蒲浪縣民阮如珪為其妻阮氏屯𭁈義子阮郎所殺事覺阮氏屯及郎並斬秋八月十一日雷震西道軍船蝗害稼二十二日鑄太祖及國太母金像大司徒黎察等曰軍民出力役供賦税彼鰥寡者於國何賴且先帝時未嘗輕减諸人卿默無言而今既定例言之不置何也爵對曰先帝時爵未獲居言職今職當言事欲成國家之美耳𡸈私其身哉於是咱鰥寡免租三高以黎可立為門下司右侍郎知西道軍民簿籍國威路上舍社婦女阮氏玉𭁈夫有子八人夫染惡嫉阮氏玉不救養盗夫財産私通庫監阮占以圖改嫁絞罪帝於後殿習騎象馳逐有進生山羊者帝使騎象鬪之山羊窮迫奮其角象驚却墜井死潘天爵與黎察黎銀諫止帝默然二十六日太史裴時亨密奏十一月朔日有食請先用秘衛如舊年事以厭禳之帝用其衛賜錢五十貫冬十月六日以黎景綽為内密院使仍侍京筵陶公僎為知審刑院事阮文絢為知内密院事阮叔惠為内密院副使何栗為右刑院大夫旨揮京城左右伴及各道衛軍等官其本坊本軍土分原有巡警即修復之置人輪守巡警如法又軍人坊人於本軍本坊築屋不得雜居他處十日旨揮大臣文武百官男女等今後係玄黄二色不得穿用外紺黄色不禁旨揮大臣文武百官軍民等係京城土分即禁止不許種桑其官賜田土聽栽種化果等物時太史丞裴時亨言禁中忌種桑故有是命帝以三品官著紅色衣不合古制欲命以青衣易之大司徒黎察曰先帝開基創業意欲別其尊卑以表功臣其制既定𡸈宜更改從之十八日上幸東津觀五軍𮗓渡有檳榔生纔數節而結實涖仁路安撫使白圭以為瑞献之上不受罷政事院參議阮汝禮職爵時降補御前武隊汝禮以左迁辝不赴職大臣以王命不行奏黜之二十九日旨揮御前各軍五道諸衛軍鎮軍及省院局人各帶口粮用一箇月并戦袍噐甲等件限十一月十五日尽數就土分黜目習藝十一月戊辰朔日有食以裴時亨密奏故不之救六日癸酉雷虹見九日丁丑天有声如雷京師及傍縣地震斬水棠縣轉運使阮廉廉受人絹二匹黎察追據太祖時旨揮受賂一貫奏斬之廉子乞代命不許占城來使𭛁錢五千餘緡給出征将校軍人有差盆忙來進象牙犀角銀布等物盆忙𭁈琴貴接境見貴弗恭恐禍及已故先效順帝嘉之賫織金衣賞其父道仍賜使人絹匹有差二十一日以西道司馬黎盃為總管右弼黎文靈為參督丢五道諸衛軍乂安鎮軍二萬人討玉麻州逆人琴貴戒以嚴飾将士撫安人民某總管同總管總知違令執鎖奏請問罪𧗱同知以下臨陣時違令及退却許先察後奏玉麻在乂安之西哀牢之東琴貴有眾僅萬人太祖起義時貴嘗𭛁兵助順授太尉尋復疑悔獨引還及賊平乃大愧惧然以其险遠不能順復貴為人貪暴禁民栽種不得𭁈已争大起宫室以銅為柱妻妾以百數厚斂其民矯言修貢實盡自入太祖欲誅之以時方有事故未暇及至是帝討之檻送京師二十二日繼天聖節宴群臣雜呈戲衛舞劍於殿陛頒賜新錢有差二十賜日占使辝回賜之絹匹使黎汝覧問之曰占土壘等田是我地也爾乘我國多故奪以自肥至今猶不言還歲貢又不供何也對曰臣等欲两國親愛且叩門求火耳然臣國主昏耄不能咱信臣願得朝廷使臣徃報國主不然臣等有所言無憑信也汝覧曰朝廷𡸈無一箇使臣但爾無大小之禮使臣𡸈可輕往耶遂行尙書印信授之以知審刑院事陶公僎為審刑院使兼禮部尙書公僎頗諳故典及吳俗時有明國使將來帝欲公僎掌應接事故有是命立鎮官知軍民事選壮充軍十二月明使朱弼謝經來告印位及太皇太后加尊弼入境先使人奏帝吉服迎接至開讀亦無舉哀禮宴樂如常弼等貪鄙内嗜貨賄而外文廉絜每有金銀禮遣皆辝不受而視從者有难色朝廷𮗓之乃引從者賜宴别室因行酒潜以金數鎰各納弼等𢙇中弼等皆驚喜不自勝弼等又多賫北貨來立重價直強朝廷買之及還其擡扛貢物及弼等行李𭛁人夫幾至千人令各道諸衛軍鉄突五軍等𣽊東岸江十一日以知内密院阮文絢殿中侍御史梁天福管領黎篭左刑院𡐡夫丁蘭偕北使朱弼行賫表賀明帝登極及皇太后加尊新刊四書大金板成以杜文弄為國威上路知府何多满為天長路同知府范時中為東道参知簿籍何甫裴汝領並為同知審刑院阮宗仁為僉知審刑院事潘公益為右刑院郎中命木忙司空黎可參少尉黎車芇等共𭛁本鎮忙兵擊哀牢道瓊等二十七日賜百官文武年節錢有差丙辰三年明英宗正統元年春正月議遣審刑院使兼禮部尙書陶公僎内密院副使阮叔惠如明求封夏五月朔大赦六月六日遣審刑院使兼禮部尙書陶公僎内密院副使阮公㨿等如明歲貢秋七月充諸路生徒以黎叔顯為長安路安撫使顯洪州渾村人有政事人服其量丁丑四年明正統二年春正月嘉興鎮每州土酋道跪道湯等率本州執土官大知州道禮縊殺之㨿柵以叛招討使何安掠討平之俘󰱐跪等及其黨百餘人送京誅之乃以安掠為招討大使道跪子道車為𢙇遠将軍兼本州同知州賜冠帶命行遣阮廌𭁈鹵簿司監梁登督作鵉駕樂噐教習樂舞十三日明遣正使兵部尙書李郁副使通政司有通政李亨等賫詔勑金印來封帝為安南國王印重百两紉象駱駝以金為之及郁等回帝以贐禮厚賜之郁等辝不受十七日以雄捷軍管領蔡士明為正使同知審刑院事何甫右刑院大夫阮日昇等為副使如明謝恩奏告太廟以明國來封故也賜武官戴高山巾初武官戴折衝巾至是許戴高山巾𭁈文官令五道行遣修造户籍考試書算中式六百九十人補内外各衙門属㨿試法第一塲暗寫古文第二長真草書第三塲筭法凣民人及生徒許入試監生及已在軍籍者耶停時宰執皆開國大臣不好儒術專以簿牒詞訟責成有司吏属多曲事上官故内外官鈌即保除用其倖進之徒厭學術事刀筆監生亦欲廢讀書而求入吏者故禁之至是考試冐倖請托且相半焉行遣阮廌進石磬圖因奏曰夫世乱用武時平尙文今興禮樂此其時也然無本不立無文不行和平為樂之本聲音為樂之文臣奉詔作樂不敢不尽心力但𭓇術踈淺恐聲律之間难以諧和願陛下爱養元元使閭里無怨恨愁嘆之聲斯為不失樂之本矣帝嘉納之命𰎟山縣作石人以敬主石為之敬主山名二月帝如較塲閲武以左刑院大夫丁蘭為北江上路安撫副使調段國士為安邦路安撫副使以内侍阮廷擢等三人為轉運副使武隊客隊長劉伯恭為四厢指揮使初伯恭為成山侯王通通事丁未太祖駐營菩提王通嘗使伯恭通問信即太祖謂曰王通果能𤤻師還國可封汝為侯及天下大定擢為隊長至是大臣具以其事言故有是命乙亥奏告太廟追上先帝先后尊號顯祖昭德皇帝曰顯祖招德至仁皇帝顯慈嘉淑皇太侯曰顯慈家淑欽順皇太后宣祖惠文皇帝曰宣祖惠文睿哲皇帝貞慈懿文皇太后曰貞慈懿文莊献皇太后太祖統天啓運德神功睿文英武皇帝曰太祖統天啓運聖德神功睿文英武大孝皇帝恭慈國太母曰恭慈光穆黄太后以明國來封故也加封天下各處神祠命官致祭丁景安等以朝󰀩不肃紏劾殿前都旨揮使何棲笵内黎篭等各杖八十以下於是朝󰀩稍肃考閲将校武藝其考法以射弓為一藝射箭手為一藝楯勝負為一藝三藝俱中者給全俸不中者𮞏减後以為常三月旌表烈女黎氏之門黎氏名輦國威中路福林人故胡朝宿衛梁天錫妻有姿色早寡無子奉事夫家祭祀終其身少保黎國興以其事聞故旌表之旱令天下諸路縣祈雨乙巳月有食太史裴時亨密奏隐之不救都知左右𤤻亞侯黎運卒贈中書令字號侯諡惠知運恭慈皇太后之兄也初姓范賜國姓黎帝幸西湖觀魚以諒山宣慰使黎弄為宣慰大使左刑院大夫陶孟珙為本院郎中阮允恭為右刑院郎中祥刑院大夫阮長為有刑院大夫水棠縣轉運武廷彦為司刑院大夫底江縣轉運阮日新為祥刑院大夫夏四月禱雨于景靈宫帝欲觀胡氏手詔及詩文阮廌采録得國語詩文數十篇上之賜内外文武官制朝服冠帶前有差五月行遣阮廌奏曰此者臣等𭁈粱登同校定雅樂而臣所見𭁈梁登不同願回所命初太祖命阮廌定冠服制未及施行至是梁登上書畧陳曰夫禮有大朝常朝如郊天告廟聖節正旦則行大朝禮皇帝服衮冕升寶座百官具朝服朝冠如初一日十五日則皇帝御皇袍衝天冠升寶座百官具公服幞頭常朝皇帝御黄袍衝天冠升金󰱑百官著常服圓領烏紗帽夫樂有郊樂廟樂五祀樂救日月交蝕樂大朝樂常朝樂大宴九奏樂中宫樂不可一槩用之一鹵簿大駕如銮輅則大輅象輅馬輅有九龍輿有七龍輿有步輦有𢒎輦如󰀩仗則金戈斧鉞幢幡旌旗旌節幛扇五方盖駕馬隊伍皆有多少之數臣不勝尽錄書奏帝又命登定之登因進冠服制樂噐大抵登𭁈廌所定多不合其𬢱樂噐輕重大小多相違奏不同故廌辝其事帝從登議卒行之帝謁太廟罷倡優戲不奏滛樂命侍御史阮永錫復職時有同軍管領黎忠赤私役軍人及所行非違等事阮永錫劾奏當貶知詞訟鄭克復為忠赤營觧永錫乞併問之帝不許後日永錫上章辝職未得旨不肯就列丁景知内密院阮文絢為順化路知府政事院參𬢱阮宗除為清化府同知府阮汝僎為政事院參𬢱侍御史丁景安奏曰汝僎參汚三犯法今又受四品官何以示勸懲帝不咱庚午京師雨群臣畢賀帝使人徃諸路驗視之辛未詔曰近歲以來旱蝗相仍災沴荐至宜省刑簿歛以慰民心以南策下衛同總管鄭可為行軍總管知車騎衛諸軍事管領鉄突後翊聖軍太監御前六軍知御前武士御前中軍諸隊殿前都校點黎醯為鉄突右軍同總管右軍同總管黎囂為快路總管快路總知黎祜為南策下衛總知都旨揮使何梯為殿前都檢點㫖揮使范内為都旨揮旨揮副使黎篭為旨揮使時帝年既長咱断既明而黎察猶參固權位帝益厭之然外示包容察不之覺至是帝𭁈左右謀以黎醯黎囂察之身戚而鄭可舊𭁈察有隙遂出醯等而以禁兵授可察乞留囂且言曰可若侍禁官中則恐失臣矣帝入宫後日帝使人報丁景安曰大司徒察𭁈陞次而不受欲以黎文安為海西道同都督總管而黎察沮之丁景安阮永錫乃劾曰黎察專權之漸罪固难容奏上帝付刑官勘問察免冠奏曰今以專權之罪𭁈臣是臣之罪先帝所加也於是黎文靈黎銀等皆為察營救帝不從入内大私馬參預朝政北道同都督總管亭侯黎文安卒贈司空諡忠献文安於武臣中稍為和易每接士大夫以禮以翰林院校勘阮克忠為西道大司馬衙主簿中書著作胡德逢為内殿裱褶局副掌前朝百局副掌止於八品今陞六品有爵至衣緣者丙戌雷震城東門閣人有死者罷大司徒黎職爵詔曰黎察自專國政妬賢嫉能殺仁澍以立己威黜鄭可而使眾服罷於󰱑之職爵使廷臣莫敢言斥擒虎於邊陲使諫官皆杜口迹其所為皆非人臣之法今欲寘諸典刑以明國法然以顧命大臣有功於社則特從寬貸可罷職爵復裴於󰱑同知門下左司事爵智字參知西右翊聖軍出黎醯為歸化路同總管以入内司㓂北道行軍都總管黎銀爲入内大都督歸化鎮驃騎上將軍特進開府󰀩同三司上柱國國縣上侯秋七月加少尉參知海西道諸衛軍事黎犬參知政事加捧聖壮士衛總管少尉參知政事以大都督黎銀女昭󰀩黎日麗為惠妃廢黎察女元妃玉瑤為庶人詔曰黎察罪不容誅宜斬以徇朕待以不死惟鄧得為察謀主圖危社稷斬首以梟阮嘉謨以知情不告特流遠州文靈黎領黎受黎醯黎囂等當論依律遇赦停論黎邦以察壻𢫔出入察家特賜流遠州以諒山路安撫使裴擒虎為御史中丞以其劾黎察也賜黎察死于家詔曰黎察今又隂養死士圖害忠良狡計奸蹤日以𭛁露宜斬以徇黎銀裴擒虎同奏言察罪當死然嘗爲大臣徇屍示辱恐貽譏後世妻子及田産皆籍没以察財物噐用頒賜群臣以太元下伴宣撫大使黎雷為車騎同總管兼清化府路都總管雷農貢古寧人也宣光鎮宣慰大使陳橊為金吾衙同總管兼順化路都總管阮景壽為門下右司侍郎參知海西道簿籍如故内密院副使阮叔惠為同知尙書左司事參知海西道簿籍以入内侍省都押衙參預朝政黎謙為尙書令知海西道軍民簿籍北江中路總管黎隻為太原下伴宣慰大使罷多錦縣轉運副使潘天爵充本路軍以察之黨也以同知審刑院事裴汝領為國威下路安撫使北江下路轉運使阮從儉為諒山鎮安撫使以奉宣使范察為入内侍省都知知左右𤤻事陶公僎為門下左司侍郎參知北道簿籍時西南方有聲如雷暴風雨大作八月以太監參知政事鄭可為少尉以入内少尉總管前翊聖軍黎受為參知政事暹羅國商船來貢時哀牢以兵争馬江州木州車參攻之斬其酋杻蛮等二十餘給俘󰱐二十餘口送京師哀牢遣使請之帝赦遣還種隊阮文雷奏乞採東海珍珠以充國用帝不咱以參知政事黎慎杜大阮熾黎受知詞訟事少保知詞訟裴國興判大宗正寺知詞訟鄭克復各貶一資郎中潘公益大夫阮長並罷職還民時帝命大臣量定勘訟官孰為尽職阮長以年老頗多疾陶孟珙阮允恭本受明人官爵太祖時久為勘獄官克復國興等奏請遷他職帝怒以國興克復保󰁮非人又󰰿匿貪汚求迁他職故貶之而罷公益阮長令御前各軍照樣書畫楯靣皮笠翰林院待制武文斐通滛妻母阮氏事𮗓坐斬罪乞贖遂流遠州賜左僕射黎文靈知詞訟事以御前彊努火筒軍同知黎堵為政事院同參𬢱中丞裴擒虎奏曰參𬢱之職輔政所開非有老成不可也今黎堵爲人多過失而遷是官如之何其可帝不從中丞裴擒虎奏曰陛下即位以來多更太祖成憲如鹵簿司同監梁登先帝以稍識字用為内人副掌既而見其便僻不可親近出為文隊今又授以官願陛下思之九月匠人高烈進草帽二頂并取人民求充本局侍御史阮永錫諫曰古者人君不以奇技誇巧為貴故舜造漆噐而諫者十七人今有進帽者願陛下思先帝時櫛風沐雨未嘗有此朝罷帝以帽示大臣及󰉟官仍問之曰此帽何足為奇而󰱑官見諫永錫對曰臣欲致君於堯舜之上故先諫其未萌爾帝又欲充十二人於冠作局裴擒虎上疏争之帝怒以擒虎既劾興國等今又助之所言前後不同貶二資降管領黎蒲黎牢黎磊等還前鎮撫巡察等職以黎察所舉用故也鹵簿司同監兼知典樂事梁登進新樂倣明朝制為之初登𭁈阮廌奉定雅樂其堂上之樂則有八聲懸大皷編鐘設琴瑟笙簫管籥柷敔壎篪之類下之樂則有懸方響笙篌琵琶管皷管笛之類冬十月流黎討等于遠州時黎討黎侃黎克諧等皆武士為黎察所親及察敗有言其為刺客者考畧不服形官以討等咱從黎察欲殺大都督銀當斬罪特旨免死流遠州妻子田産籍没玉麻州道慕捉其弟道悶等及手下五十餘人送京師悶慕異母弟也皆琴貴之子官軍征玉麻時慕歸順朝廷而悶從父貴㱕哀牢貴既誅慕招悶還既至又陰謀殺慕故慕擒献之庚午五輅成賜鹵簿司同監梁登為都監内密院使黎景綽受銀二十兩事𮗓按治當死帝以其久侍經筵特旨罷職還民十一月授黎景綽為翰林院侍講御前學生局副朱三省為左刑院大夫陳封為右刑院大夫阮日昇為安󰘊路安撫使以白七縣轉運陳顯為是御史時顯奏言本縣有舊江支流一派可通行舟筏而總管黎囂奏乞填塞為以物由是舟筏徃來多被妨阻中丞裴擒虎奏顯不避權勢可為風憲官乃罷是職頒新定聖節正旦朔望常朝大宴等禮󰀩註初帝命粱登定大朝諸󰀩至是成進之帝謁太廟百官著朝服行新禮自此始行遣阮廌參知簿籍阮傳陶公僎阮文絢參議阮了等上疏曰制禮作樂必待人後行如周公而後無間言今使小竪梁簦專定禮樂國得不辱乎且彼所為欺君罔下無所憑㨿如皷鳴人早朝報時今君出𤤻定乃鳴古制君出時左撞黄鍾之鐘而右五鐘應之君入時撞𬎼賓之鐘而五鐘亦應之今林朝鐘一百八聲是和尙數珠之數今止有會英一殿復有金󰱑移轉不安重設亦不可是皆何等禮󰀩夫造車則前簷後户今關户在前古制如此乎人君出警入蹕此禮之常今閤門唱奏事󰍶百官退君尙坐而蹕人始鳴蹕何也且登小竪繞步御座近君之側臣窃疑之登奏曰臣無𭓇術不知古制今之所為尽其所見而已若行𭁈不行顧在陛下臣安敢專阮了奏曰自古未有宦官專壞天下如此丁勝自内出罵曰宦官何為壞天下若󰱧天下則先斬汝頭遂付了刑官按察獄成當斬特旨許刺靣流遠州丙午帝視朝出入有鳴鞭蹕出入鳴鞭自此始戊申繼天聖節是日早帝謁太廟行賜拜禮還宫鹵簿司盛設鹵簿󰀩仗於丹墀帝御衮冕朝服御會英殿大都督黎銀出百官著朝服行進慶下表禮帝御衮冕百官著朝服自大宴百官其𢮿花供饌皆用新禮暹羅國遣使斎罡剌等入貢帝以勑書使之賫還并除今年抽援也引也分使减前年例半分二十分抽一分及厚加賞賜外賜國主分邑絹二十匹磁碗三十副國妃分邑絹五匹磁碗三副每副三十五口有告大都督黎銀家奉觀音佛為女惠妃求𫳭帝御東城門命太監杜犬領武士五十人搜銀家得所奉佛及金銀匹絹等物明日銀入朝免冠謝罪帝命收銀家奴婢問之十二月朔以入内司馬行軍總管黎魁為入内司馬參知政事知西道諸衛軍事黎銀免冠奏曰向者臣從起義籃京今臣亦多病卜師云臣居宅内先有佛廟因有汚穢作殃故再修以鄕火之緣臣所棄妾阮氏及所賜臣黎察妾陳氏二人俱是臣仇怨人𭁈臣頑奴羅織以成其事先帝知臣每為優容今臣筋力頗倦願放㱕田里以終残年若咱左右之人考掠臣家人病痛必生異辝則臣身恐不能保願陛下思之𭛁嘉興軍營粮𭁈嘉興鎮官貸食初太祖征復禮州令軍粮轉到嘉興軍營收貯至是嘉興鎮宣慰大使黎遙奏言廩𭁈粮俱󰱧弊乞轉送納東京中丞裴擒虎曰粮貯於边實為良法運就東京恐為不便帝從之故有是命令明人著京人衣服斷髮督五道民人浚諸港降黎銀女惠妃日麗為修容女巫阮氏流遠州符水師陳文坊徒象坊兵以政事院同參𬢱阮欽為演州安撫使復禮州鎮撫使黎彦為葵州知州黎魁為乂安路鎮撫使追尊恭慈光穆皇后為皇太后令五道都總管等官整理戰船哨船旗幟嚴僃戊午五年明正統二年春正月令四道民人鑿長安清化乂安諸港夏五月命文臣督軍民鑿清化路諸港降郡王思齊為庶人二十七日以災異下詔曰此歲以來旱蝗相仍災異荐至今四五月間累次雷震籃京太廟前園樹驗其致𠧨必有其由朕德不修而庶政荒怠󰊹抑任用非人而賢否混淆歟抑賄賂公行而獄訟冤濫餘抑土木屡興而民力疲困餘將賦歛繁重而民財匱乏󰊹引𠧨自責大赦天下凡尔臣文武庶官等宜各旨其失直言無所隐諱如有可釆必顯加榮擢雖有愚㦉戇疏亦不之罪庶可以回天心弭灾變使國家永享無󰠃之福矣六月補官男自六品至三品為親隋各局二品至一品為正監副監冬十月十三日遣審刑院副使阮廷歷僉知内密院事程顯侍御史阮天錫如明歲貢十二月明使給事中湯鼎行人高寅來言地方事二十日遣中軍同知黎伯琦中丞裴擒虎如明奏太平地方事己未六年明正統四年春正月帝親征復禮等州時琴蛮擾害邊民帝命將問罪哀牢咱琴蛮剛娘等遣其杻花出兵象三萬餘來援侵掠復禮等州帝親董六師征之三月旨揮定錢陌文數及絹布長短尺寸并紙張等式係同錢六十文為一陌絹縷長三十尺闊一尺五寸以上細麻布並長三十四尺闊一尺三寸以上蕉布長二十四尺綿布長二十二尺紙用一百張夏四月有彗星見西方秋七月望月有食之八月󰱇補軍伍大集軍其東十月黄子宜民生十一月大赦改元其以明年正月改大寶初年大赦天下年自七十以上賞爵一資並賜大酺庚申大寳元年明正統五年春正月朔改元古之忠臣良将事君尽節徇國忘家今尔大臣内外文武百官等食君之祿當󰪽君之󰪽凣軍民有所弊害及朕行有所過𠧨各宜明争顯諫匡其不逮思尽人臣職分之當為以媲美伊吕周召之列寧可居平勃王陵霍光諸葛敬德子󰀩李𣆭之下乎苟能如是則我之君臣尽保全勳業於始終共享福祿於悠久庶乎不負黄河如帶泰山如礪之言𡸈不偉哉凡尔有官欽予是命帝親征宣光收物縣叛人何宗來十九日擒獲宗來子宗茂二十日斬獲何宗來乃𤤻師献捷于太廟二十一日立長子宜民為皇太子三月帝親征家興鎮安順每州土官逆各儼選壯充軍夏五月十五日帝𤤻師自順每州以儼進牛象乞降并雨暑方盛故也六月󰀋封吳氏為捷妤居慶芳宫即光淑皇太后也清化路大水辛酉二年明正統六年春正月運粮三月再征順每州逆儼生擒哀牢将道𫎇及妻子於羅洞并獲儼子生象撞銅儼計󰠃出降帝乃𤤻師献捷於太廟降楊氏賁為庶婦初楊氏賁生子宜民帝立為太子陽氏賁自恃益賜驕矜帝含蓄忍容降為昭󰀩欲其改過忌憚帝以楊氏賁用心如此所生之子未必賢降為庶婦詔天下使明知太子之位未定夏六月九日甲戌皇子󰘊基生旨揮󰱇秀女於各縣置御前侍衛隨次出身秋八月隽秀女於殿庭囚逆女從阮氏路之計也氏路即阮廌之妻也冬十月遣使如明内密院副使阮日僉知内密院副使阮有光僉知密刑院陶孟珙歲貢黎齊古慎字求冠服十一月十六日立皇子󰘊基為皇太子詔曰建儲所以固本立嫡所以正名此社稷遠圖國家大計也皇子󰘊基玉裕金相英姿秀𤼵既有宜君宜王之望當正以嫡以貴之名其令入内大都督黎列賫勑立為皇太子皇太子宜民可封諒山王皇子克昌可封新平王賜太妃范氏堯死范氏堯初為明内官馬騏所󰱐及還不能守節誑誘惡黨欲圖廢立帝以年老使入籃京侍永陵范氏堯以此益深怨望罪極已著因從眾𬢱賜死壬戌三年明正七年統春正月造殿宇賜阮直阮如堵梁如鵠三人進士及第陳文徽等七人進士出身吳士連等二十三人同進士出身仍命製文題名竪碑進士碑記自此始秋七月二十日皇子思誠生二十七日帝東巡閲武於至靈城阮廌邀駕幸廌鄕崑山寺帝𭛁東津入天德江經桂陽縣大蒜社󱖮橋白師墓御舟不能前諸軍尽力引䌫亦不摇動如有所止帝乃遣中使遍問本處大是處有何神靈老大曰古有名白師者生精於法術没後墓于江邊每有靈顯本土人之中使曰祭以何物老人曰用犢中使以其奏帝令以犢祭之御舟乃進八月四日帝至嘉定縣茘枝園遽得虎疾崩初帝爱丞旨廌妻阮氏路容貌文章之美召入拜為禮儀士日夜侍側及東巡駕回天德江大來茘枝𭁈阮氏路通宵而崩六日至京師半入宫始𤼵䘮人皆言阮氏路弑帝十二日大臣鄭可阮熾黎受等受遺命𭁈黎列黎盃等奉皇太子󰘊基即位年方二歲以明年為大和元年十六日殺行遣阮廌并妻阮氏路罪及三族先是阮氏路出入宫禁太宗見而悅之因𭁈狎昵至是東巡幸廌家因得虎疾崩故有是罪論曰女色之為人害也甚矣阮氏路一婦人耳太宗嬖之而身崩阮廌娶之而族滅可不戒哉九月九日殺宦者丁福丁勝等以阮廌臨刑之曰悔不用勝福之言故也東十月遣使如明海西道同知阮叔惠審刑院僉知杜時曄謝賜冠服侍御史趙泰奏欽州地方事參知阮廷歷范瑜等告哀參知黎傳都事阮文傑御前學生局長阮有孚求封命翰林院侍讀學士兼知御前學生局近侍祗候阮天錫撰祐陵碑文十六日塟大行皇帝于籃山永陵之左曰祐陵上尊號曰繼天體道顯德聖功欽明文思英睿仁哲昭顯建中文皇帝廟號論曰帝雄才大畧剛斷有為即位之初厲精求治定制度頒經籍制禮作樂明政慎刑此及數年典章文物粲然大僃海内丕变爪哇暹羅三佛齊占城满剌加等國航海修貢後有逋臣宗來招集亡叛僞號紀年順每州土酋名儼遠挾哀牢敢行稱亂帝身出六師致天之罸一旬而宗來授首再駕而名儼就扲真可謂英雄之主也武瓊賛曰帝即位時年方十一不假垂簾咱政而天下之事皆自以出内制強臣外攘夷狄其聰明勇智髙出隆古英明之主况又體天地生物之心行帝王不忍之政讞獄訊囚率多寬恕其好生之德即帝舜之德也若帝者可謂存心制治矣仁宗皇帝諱󰘊基太宗第三子也母宣慈皇后阮氏諱英清化東山布衛人帝太以大寶二年辛酉六月九日甲戌誕生八月十二日即位改太和以誕日為一十九塟穆陵在位十七年壽帝以童稚之年有天資明神釆端俊容止莊重崇儒納諫憫農真守成之令主也不幸遭於簒弑悲夫爱民癸亥太和元年明正統八年春正月初八日酉時有星隕于南方時帝年三歲因請太后垂簾聽政權决國事二月初二日詔曰此者皇天示变星隕地震初未䏻輕徭薄賦事有不便於民󰊹將輔國大臣爕理失宜隂陽乖和而致然󰊹將獄訟七當賄賂公行刑多寬濫而𦤶然󰊹將守令未得其人率行非法擾害民間而致然󰊹將怨女未出有傷和氣而致然󰊹將土木興而宫室崇󰊹小人進而君子退󰊹言路塞兒上澤壅󰊹女謁行而私門啓󰊹其令有司軍人等各盡乃心條其可以回天心弭災變者直言無隐以匡朕之不逮有赤竜入大全海口三月十六日頒御名基皇太后諱英二字并廟諱凣七夏四月竜見同賴縣壑渡五月地震望月有食之六月以生日為憲天聖節冬十月帝釋服穿皇袍御正殿視朝百官穿本等常服以百官上言據太史院陰陽灾異等事乞釋服從吉故也夏五月占城主賁該㓂化州城虜掠人民命入内檢校太保黎盃總管黎可領兵十萬征之秋七月囚太傅黎列冬十月地震日有食之月食十一月遣使如明左侍郎陶公僎御前震雷軍旨揮黎造歲貢東道參知阮蘭奏欽州地方事乙丑三年明正統十年春正月命文臣督天下各處軍𮢶清化路諸港夏四月占城入㓂化州安容城五月遇洪水大敗六月封皇弟思誠為平原王二十五日命入内檢校司徒平章事黎慎入内都督黎熾等伐占城潭池塌塞桑菜渰󰊦抑時政有闕而傷天地之和其寬條饒税减罪各有等差是月以入内少傅參預朝政黎克復男黎伯崖為駙馬都尉尙皇弟二女安南公主入内都督黎熾有罪帝將明示刑章以熾係勳舊且從入議之宜罷聀七日洪水漲入城中髙三尺禾榖淹損三分之一十二月命平章事黎可領兵伐占城丙寅四年明正統十一年春正月大會軍期選壯者征占城遣民運糧就河華縣收貯二十二日命入内都督平章黎受黎可入内少傅參預朝政黎克復等領兵六十餘萬征占城帝以占城主賁該再三傾國入寇故命征之二月八日遣使如明海西道參知簿籍阮叔惠奏竜州地方事同知審刑院事程鎮清威縣轉運使阮廷美奏占城事二十三日黎受等諸軍至占城離江多郎古壘等䖏開通水路築立城堡𭁈賊相戰大破之乘勝直抵尸耐海口夏四月二十五日黎受等諸軍攻茶盤城大破之擒其主賁該及妃嬪部属馬象戰噐并降將乃𤤻師占城故國主布提姪麻訶貴來先降差其臣制𠧨麻叔婆被等來朝奉表稱臣乞立為王六月以占城國主賁該献捷于太廟大赦天下留占城主賁該及妃嬪三人于京城遣使索取占人原在京城者送占左右及占降將還國秋九月十九日遣海西參知簿籍阮宗仁政事院同參議程私毅如明告往年占城入㓂事丁卯五年明政統十二年秋七月詔曰引𠧨責躬惟至誠之能感救灾恤患㔫仁政之所先朕自即位以來天灾流行百姓难食此者以令該衙門條其可便於軍民者擇釆施行仍令汰出幽閉宫女該道具奏該内民瘼等事九月二十九日遣使如明御史中丞何甫為正使密刑院同知丁蘭副之歲貢及奏欽州地方事殿中侍御史程馭為副使奏竜州地方事戊辰六年明正統十三年春正月以東知東道簿籍黎希葛為尙書右司郎中參知南道簿籍内密院副使黄清為翰林院侍讀知御前學生局翰林院侍講程封侍經筵以管領阮宗磊為中北江衛同知三󰅾路鎮撫使黎阿衡為太原上伴經畧使二月以少保黎抄子黎壽域為近侍三局正掌復禮州司空刁孟旺有罪賜死仍遣入内司馬黎醯領兵五天人護送孟旺二弟遙授招討使知復禮州代領孟旺之眾并籍没孟旺家産孟旺素㓙暴人不歸心陰使人毒殺其部黨部黨而黎醯善於慰撫秋毫無犯按堵如故州人大悅東邉訛言明使來會勘邉𪽐帝命東道參知程昱前往體探虚實還報昱到邉曾無審訪聽信行路人言即回奏有北方欽差二司官暨廣東鎮守總兵管領兵馬來甚眾帝命司㓂黎克復左右納言阮夢荀阮文富右司侍郎陶公僎中丞何栗并西道參同知阮叔惠阮蘭裴擒虎程昱莫不仇怨至是聞官軍至爭先殺其二孤拘囚其妻妾奴婢并金銀財物送納轅門審刑院副使程旻内密院參知黎文徃會又命下南策府同知黎舌領兵萬二千餘人會同安󰘊鎮各軍防僃邉事各賜錢有差并起東道各路鎮縣官及民夫僃將科歛錢米牛羊鵝鴨鷄酒等勿候󰍁北軍東方為之騷動及到邉留旬月探訪消息寂然無聞各以財貨至市北物重載而還托言明欽差官遇有他事不至󰱑官何栗等黨此不言朝廷莫正其罪甲戌帝幸籃京太后諸王皆從行命大司徒黎慎都押衙一隻道過乂安府命旨留其象於軍府賜盆蛮使大紅緞子衣一套絹十疋甆噐五篭遣還承天閣成莊嚴勝前󰱑官何栗同亨𭛁等劾奏訟多沉滯事在有司非臣等所知審刑郎中大夫程旻阮文傑黎伯遠等皆叩頭謝罪獨監察五刑程惟一節詞強解不已即命何栗等就五刑院檢得壬子至丁卯共一百二十五案諸大臣議分滯訟𭁈五道官󰱑官五刑作急對理勿致久滯害民且讞獄繁多刑官用力不敖論减其罪貶郎中阮文傑大夫黎伯遠阮允忠各一資答各五十以舊都督黎熾為少保知軍民事同知黎盧為復禮州宣慰大使太傅黎文靈卒年七十二贈開府諡忠献文靈開國勳臣三朝元老󰋟沉有智畧頗𧥾政事大體廟堂議論多所建明黎察之被戮直諫不阿甘受譴責為公論所㱕然黷于貨官人以私賄終無一言及國政惟信事浮屠諄諄告其子敦請各僧訟經三齋七戒無厚塟而已南道行遣関内侯致仕黎撰卒撰雖勳舊老臣而參猥無能時人鄙之阮有光等回自占城占使槃對僉占濕等奉國書方物偕來賜宴于使舘命司㓂克復主之賜占城舊主賁該冠帶衣服許會宴及占使回賜正副使衣各一套絹各三疋通事及行人絹各二疋從人十九人絹共十九疋令順󰅾所賜以翰林院直學士阮克孝為侍講奉侍經筵審刑院副使陶孟珙為三𢃄路宣府使行三帶路事阮子宴為有刑院郎中膠水轉運副使蔣承禧為中都府少尹舊侍讀阮天錫為翰林知制誥旨揮御前武隊管領尔等自太祖以來長番宿直靡顧室家今天下無事宜分為三番輸流宿直得省父母以諸大臣議連年旱蝗官乏民貧而衛士增多廪給不敖故也以司㓂黎克復提調國子監乂安知府阮回為右納言知南道參知詞訟事中書省属髙模為監察御史是月省諸衞軍將校御前各軍每軍元八員止留二員鉄突五軍每軍原四員止留二員前給歲俸用官錢後󰰻𭁈軍校卒納替前歲俸大臣議官多病民故有是令旨揮内外文武等官國家既有常俸以養廉又有常法使之俸行今尔等不能奉法造公事則假公營私聽獄訟則受賄柱法行路之人莫不嗟怨究其弊病諒非細故今宜洗鴞其心絜已勉公撫恤軍民使彼稍安即尔亦安若猶執迷弗悛被人告𭛁或探得實即加罪常律二等本官上司及同僚官不能規戒事覺舉罪依律奪不分俸試近侍祗侯局弟一塲暗寫古文二塲制詔表三塲詩賦賜阮璋等二十三人及第升為入侍局學生殺南道主簿潭草盧草隐税錢四緡九陌擬不至死太尉可等以草盧曾誣𨺻阮天錫深疾之故也何栗等劾監殺五刑程惟一不檢察獄訟多致沉滯惟一雖謝罪心不服乃奏曰臣若任以糾劾之司必能振肅朝綱而激濁揚清也臣等待罪法官恐獄案速易或致寃濫故每遲回詳審熟慮非敢故淹滯也因歷數󰱑官過失謂彼徒能擿人之疵而不能正已之非抗言七辨久之帝以惟一廷斥言官令杖八十貶二資夏六月加奉宣處阮車魯阮昌參知詞訟事赦土牢囚黎列以宗人黎克復公主玉蘭等入八状奏懇辝求哀乞屈法伸恩故也詔文武百官齋戒詣景灵宮報恩寺祈雨帝伸拜禱命太尉黎可徃古州社名迎法雲佛像詣京城報天寺詔群僧誦經禱祝帝𭁈皇太后禱拜焉賜僧徒綾綺十疋新錢二十緡是日釋疑難囚二十四人詔經筵參議󰱑官翰林中書等官條上致旱之由大臣黎受等同上章自劾求免勑諭不許因下詔曰󰟸年以來灾異相仍水涝旱蝗無歲無之抑朕政治上不順於天心下未愜於民志而致然歟将輔相大臣不得其人爕理乖方舉措失當而致之也咨尔内外臣僚下至士庶有能為朕敢言指陳朕及宰臣其所行宫民妨政之事如有賢良方正亦聽具由薦舉條其事迹務要得實不宜援古虚虚文以答朕問秋七月宣光歸化嘉興三鎮沱江諸路大饑知西道阮富奏曰宣光歸化嘉興等鎮路地僻山林田土磽瘠加以連年旱蝗人甚阻飢乞𭛁所在官廪賑貸󰱃得蘇息乃詔𭛁本處官廪假貸俟至年豐咱追還官熒惑守心勾以旬餘㱕合州進象二隻賜以衣服絹疋甆噐什物初㱕合本号存盆蛮附属哀牢自太祖開國始來進貢至是又進象詔改為㱕合州罷祥刑司二院大夫黎伯遠范福等初伯遠鞠訟常訊及御史中丞何栗伯遠累詰之由是栗含怒至是栗掇拾諸訟家浮言上章劾伯遠范福阮允中等鞠訟獄屢入人罪過於惨刻請汰外任勾寘法司命五道官鞠問其事伯遠福等心不能平上章具栗罪過論栗已經罪犯玷居風憲不愜眾心乞與栗對理上留内不下栗等聞之大怒奏曰臣聞自三代以來未有被言官弹劾而反訟言官也今伯遠等與臣争訟是蔑視陛下之耳目臣等因之罷免固不足惜但恐後之任是聀者將緘默不敢言耳太尉可司㓂克復等因奏伯遠敢𭁈󰱑官争訟宜罷從之詔禮部出榜禁民間服黄色著鞋履及用雕畵麟鳯噐用以北道參知阮宗仁知審刑院事教援阮國杰符世豪為司刑大夫御前學生黎霖為御史󰱑主簿旨揮禁世家子弟人眾等不得養鬪鷄舞猴飛鴿山呼鳥文𤤻魚雜戲等物以廢本業旨揮禁内密官属御前将校軍人色役不得𭁈文武外任交結徃來漏泄内事八月禁大臣文武百官及命婦女官内殿諸色妻妾婦女等不得出入權勢家交相餽遺囑托以𦤶妨害政事若故舊親戚無事徃來不依此律監察御史高模免還原中書属模任聀數月上疏言國舅阮輔魯等不可令參知詞訟忤太后旨托疾求觧聀故免之罷裴時亨聀為太史令如故時亨妄奏是月十六日卯時月食詔百官詣承天門救月不見食監察御史同亨𭛁劾其罪時亨無憂色私謂親人曰不過罸錢昔枚中丞老手猶不撼動我亨𭛁小輩夫能何為明日上殿岝文簿自若亨𭛁奏曰辰聀忝言官凡政事得失用人是非皆論争其可否故古語云言及乘輿則天子改容事開廊廟則宰將待罪今時亨不能謝罪恬然自若𡸈特侮臣必有輕國法也昔唐傅奕李淳風精明曆數學究天文當時咸称不及然終於太史令而已以時哼才藝較淳風輩不啻千百倍蓰而濫居門下省兼知西道何也况時亨邪誕小人於太祖時妄言折順天二字以見廢黜及太宗朝又挟邪術陰令殺猿取血厭勝天变至陛下諒陰之初偶遭灾沴時亨托陰陽尅害為言妄言由居國䘮所致奏請短䘮以消天变迹其行事誠為誣罔臣恐天下後世咸謂陰陽人為參知卜筮人為安撫帝即命罷时亨門下右司郎中僉知西道聀國威中路安撫使司白圭聞之懼亦乞至聀焉初太史時亨太祝白圭同挾技術出入諸大臣家便侫辨給巧於媚悅大臣咸親昵之以為多才能莫不為之保請而賢人才子耻𭁈同列有題於東門涇橋云天地否路安撫日月𧇊道參知其為詆戲如此至是時亨白圭同時退黜眾議称快國史同修阮文祚𦤶聀蝗會試天下舉人取合格二十八名及廷試帝親策問以禮樂刑政賜阮堯咨狀元鄭鐵長榜眼朱添威探花郎阮荗等十二名进士段仁公等十三名附榜堯咨武寕人鐵長安定人添威四岐人堯咨曾蒸於妻母時有題於諸圈曰狀元坊有歌於街衢曰狀元猪阮堯咨盖詆其醜行也時司㓂黎克復欲禁考官挟司奏詣考官歃血盟誓考官盟誓自此始然挾私之情莫能以也詞聯對宜下仄字反用横字平聲初考批失律不取覆考官再搜取謂其能文之士批官是塲妄謂横字古人協作仄聲人目爲魯考官時考官傓聽左納言阮夢荀匿不𭛁監考同亨𭛁以夢荀之門人知而不言同考阮天錫揚言納言偏私夢荀𭛁憤詆辱於殿廷抗言不服而偏私之聲益沸騰矣土星犯太陰九月詔太尉黎可督百作諸局造籃京廟殿以上洪安撫使潘仁為同知審刑院事中書舍人阮覧為黄門是郎翰林院待制黄莘夫為知制誥咱󰰻官阮文典武期爲左右刑院大夫親隨舍人阮士興為竹木司都監北道属程德良为太元中伴敎授以黎銀子黎儒宗為保應軍大隊長銀以開國元勳死非其罪子黎儒宗久淪軍伍諸大臣憐之故有是命以知制誥陶天福爲建興路安撫副使冬十月以古恒縣轉運副使程璟路教授程磐爲正刑院大夫占城人潘某率男婦三百四十餘人來降詔分處各道十一月下嫁正長娣衛國長公主于太尉黎受子黎适公主方十歲啞不能言詔司冦鄭克復主婚事時黎受具聘禮求宦達者競供貨物以媒富貴而錦繡綾羅繒絹市庯為之一空黎受又命各鎮路縣官僃辨牛羊等物然皆浚歛軍民以求媚󰱑官亨𭛁奏劾之黎受免冠謝罪然令已通行各官仍具送來黎受不辝亨發亦不復論至後亨發又奉禮物詣受第拜謝宣光鎮保樂農世温探伽柵楊勝金安富忙阮珠國等有罪伏誅先是温金等負險不供賦役至是又陰與珠國等率眾拒命安富忙父道阮允蘇告其事命總管黎輪領本鎮軍討捕之執温金等還梟於都十二月以御史中丞何甫為北道同知撫黎平為乂安同知府入内都督參預朝政亭侯黎隻卒隻開國勳舊太祖時以參預朝政因事失聀至太宗朝復為化州同總管鎮守韃隘占人两入冦圍其城隻能以寡擊眾屢摧破之後又征占城有功累迁是聀至是卒贈入内司空平章事諡貞武榜眼鄭鐵長探花郎朱添威為中書舍人進士阮伯驥為翰林知制誥阮荗陽執中為起居舍人范德侃阮廷錫阮貽厥鄧宣爲翰林待制裴福阮文質潘歡阮叔通為國史院同修史附榜段仁公等十三人充御前𭓇生以天長安撫副使潘孚先為國子監博士富良縣轉運副使范熊為助教路敎授武永禎為國子監教授咱侯官潘子曰為觀察使以御試合格鄧維謙等三十三人充國子監監生𮞏年試例諸路士人赴試本道合格生徒中鄕貢充監生若軍民中鄕貢不得充監生仍還鄕貢至是司㓂鄭克復始請以軍民鄕貢維謙等充監生而生徒中鄕貢反不得入國子監時𬢱頗疑其納賄焉是歲判訟死刑四十己巳七年明正統十四年春正月宴百官舞平吳破陣樂初太祖以武功定天下太宗追念前功作平吳舞至是帝思創業艱難不忘前烈故復武之功臣有感泣者殿中侍御史劾參預朝政黎秘習𬢱失禮少保黎抄攙越失次禮部尙書陶公僎不能檢舉各罸錢有差旨揮試字民人限是月二十日就本道考試合格各送禮部會試中者免此番選補舊例試民以暗寫及書筭充各局至是大臣𬢱暗寫及本經四書義各一道用乖所學使免選補者少故合格黄袍者止八十五人仍還民免此番選補免選試以暗寫及經義自此始後以為常選補軍族出老蕊月籃京廟殿成遣翰林侍讀黄清代阮覧行奏告以覧已得罪於太祖故也選丁壯六品以上孫七八品男並免舊例六品得免子至是兼免孫七八品上免子諸宦者亦免親戚一人廣推陰澤自此始以細江縣轉運副使刘叔謙為侍御史御前學生阮居道為監察御史賜前總管黎盃錢二十貫盃以開國勳舊久痼風疾閑居十七年至是疾少痊入謁故特賜之命司㓂黎克復領百作諸局四厢天䦕衛軍及太原鎮軍民復開平虜江自冷更州名至浮虜橋二千五百丈通于平灘以便太原鎮往來時占城國主弟貴由囚其主貴來而自立使其臣教你某槃梭等來進方物帝省奏表却之曰臣弑君弟殺兄古今大惡朕不受献悉令還之因遣同知右司事阮有光殿中侍御史程馭賫書徃諭之曰尔等實事若何則須來敘夏四月復太子少保黎禮入内侍中自號侯官爵是日卒禮世為太祖家臣深荷眷遇朝夕侍衛不離寫右志篤忠貞膂力過人太祖起󰒂妻妾患難出圍脱險厥功居多太祖每奇之嘗曰若積其勳劳致位宰將非汝其誰朕𡸈有吝於汝但汝之才不称耳及臨崩泣謂曰朕若不在誰復知卿恐自此以後被降黜耳後被阮氏路讚降為太子少保果如其言至是病革復舊聀四日卒年八十二贈鄕侯諡忠節政事院同參𬢱高允恭程弘毅阮伯清梅子傑同致聀毫官刘叔謙阮居道劾允恭弘毅居政院大臣尸位素飱無所裨益年逾七十目昏耳瞶尚貪祿位曾無廉耻有傷風化宜並劾還於是允恭等皆乞致聀帝從之左右納言阮夢荀阮傳阮曰入侍經筵陶公󰱓阮子晉等乃相𭁈乞致仕然尙𢙇祿位無有歸心見帝一不允但拜謝而已後又相率行謝恩禮而真情自露時人笑之是月旱帝親詣景灵宮祈雨命參知裴扲虎禮部郎中阮璟就傘圓三島山祈之皆不應癸未日下詔省躬靜思厥𠧨盖有其由抑朕不能盡誠以享天心致孝以奉宗廟無施實惠以及斯民而致然歟抑不能任賢使能而所用類皆昏瑣而致然歟抑苞苴行女謁盛而致然歟將不謹度節用而濫賞妄費有傷民財以致然󰊹將輔相大臣未盡爕調之道而致然󰊹將將帥藩臣不能愛恤軍民多行脧削而致然歟抑守令不能撫字人民惟務侵漁而致然󰊹將刑獄之官不能持平專在深文貨賄幸免而怨氣上騰以致然󰊹抑有司奉行專上虚文使王澤上壅下情不能上達而致然歟將權要之家怙勢作威而細民被害而𦤶然歟抑明揚之󰱇未見舉行而奔競成風以致然󰊹將主將顛倒軍功以無爲有害於公道而致然歟抑仁政未盡施而民猶有失業以致然󰊹將漁澤荒涸税額未减民被倍納以致然歟抑勳舊子孫未盡録用以󰖶其劳而致然󰊹積此𠧨愆致傷和噐若不󰏲改過之訓盡省躬之道何以上回天心下蘇民瘴哉詔下是夕雨初立都大城隍神及風雲雷雨𡊨無祀鬼𡊨以時祭祀命同知北道何甫等送明人李文昌還廣西初太祖時廣西人文昌將家属及部黨百餘迯來歸附處於太原復和縣至是送還之何甫等上言曰臣聞知過非难改過爲难言善非难行善為难今仟降灾旱陛下詔條有曰涸澤無魚民被倍納臣請减税額以施實惠五月賜諸路鎮文廟學校洒掃夫各二十人教授夫各二人以為常俸從快路安撫阮有孚之言也左遷祥刑院大夫程璟為天施縣轉運副使以天施轉運副使阮賢爲祥刑院大夫金星貫月黎受黎可上疏其畧曰古昔盛治之世遇天灾变人君省躬大臣引罪同心寅畏󰱃弭天變洪惟順天年間𡸈稔屡登以至紹平大寶休徵荐至陛下大政未親亦無過舉而水旱相仍灾異屡見意者臣等不能體陛下仁民愛物之心調變失宜如詔所云伏望聖慈召臣等於政事堂問臣等以軍國事何事宜行宜革務要責實無事虚文皇太后懿旨報曰古書有云人事脩則天時和今官家幼冲天灾屡降朕甚憂惧今日之弊或有爲黨而荐舉不公或恃潜邸功臣使妻妾囑托權要或𭁈家奴作害良民或有出入勢家以求免罪若何以革此弊使我君臣一心一德以消天變上扶官家守宗廟之業下愜天下暨軍民之心大雨斬親隨正監黎仁立等于西市仁立少尉黎蘭之子𭁈京城人阮壽域等聚眾賭博偷盗恐其黨泄使人就其家誘來殺之事𭛁下獄皆斬之貶蘭二資以不能教死故也其赦條有减罪饒潭税等事轉内外文武官以審刑院副使程真為北江上路安撫使程昱為禮部上書北道同知簿籍何甫為清化府同知撫管領黎其等為各衛同知宣撫使阮遼為家興官察使知君民事蒞仁路安撫使杜時曄爲審刑院副使蔡乃太副黎列之甥列被囚罷蔡聀及釋列囚復用蔡故也左遷審刑院同知潘仁為蒞仁路安撫副使出御史刘叔謙為安朗縣轉運副使阮居道為國子監直講以其論允恭弘毅故也以東道東知簿籍阮叔惠為門下右納言太史令裴時亨為參議政事諫官同亨𭛁劾叔惠曰本朝重任惟在宰相與行遣耳今叔惠起身自小吏以苛刻之政曾為北道參知則北道之民二仁一袴至於奉使外國以詭計圖免外國呼為鬼頭辱國如此浮焉用為秋七月改火箇二軍為神雷神電軍善倬各軍為海鴻海馬海鯨海鰍軍󰈫撓爲海鶻軍置遠州配所於宣光歸化二鎮外州於安󰘊太棠縣以徙海西三撫犯罪人若各路罪人仍在舊所占城使臣逋沙破貪卒等𭁈阮有光偕來命司㓂黎刻復納言阮夢荀詰占城使以弑君之罪占城使不能對但拜謝而已遣上書程昱翰林直學士鄭堅使占城奉書諭之且索我國人口前在占城者其書畧曰凡有國則有君臣此綱常之道也尔占城人何故乖嘗道而致若此昔王提卒尔等不能立其子而立賁該尔等又不能引君當道敬事大國以至敗亡尔等已請立貴來為主不旋踵又廢而立貴由尔等反覆不忠視君如棊子然是何道也八月皇太后懿旨諭大臣等曰自寡人聽政以來見大臣忠愛支心左右輔國内修外攘以安天下寡人夙夜思有以報其功然德甚菲薄愧不如馬鄧宣仁之賢以盡優待大臣之道命朝士會議時宜已為一代之令典令之無弊卿等合體此意以盡克难之道以全終始之節無使臯𧃰稷契伊傅周召專美於前代顧不偉哉貶化州司馬黎定二司時何栗劾定縱降占城人及強娶人家女為妾故貶之一日退朝太尉黎可見雲集堂前獵綱撤去曰無令上見之以啓她日之荒禽也以中丞何栗為西道參知簿籍󰱑官簿黎霖國子教授范維寧並為監察御史使内密院同知黎念為副使殿中侍御史程馭为安撫副使御前學士鄧允美監生阮剛中阮自得高文齒為各路轉運副使監生除縣官自剛中等始以中北衛同知黎棹為葵州經畧使黎其爲北江衞同知以國威為中路安撫明英宗憤北虜也先入㓂也先虜校咱其臣王振議尋親征於七月十七日駕行至大同𤤻師八月十六日駕至土木地名為北虜所獲十七日英宗北狩報至京師大駭十八日皇太后命英宗弟郕王祁鈺魚欲切堅金也權總萬機二十日皇太后𬢱立皇長子見濡為皇太子時年二歲仍命郕王為輔九月初六日明郕王即位遙尊英宗為太上皇冬十月令各路諸色役出熟米以需軍用尋罷之以下國威衛少尉黎蘭為新平順化府少尉踰年卒京城生两頭人恠置死十一月命各路縣修簿籍充監生魯純范公粘等三十人為各道属吏監生充属吏自此始大都督黎犬男黎貫之夜間聚眾敺殺人於都市事𭛁下獄辝連内官及諸有司男十餘人獄將成太后以犬居大臣典禁兵帝所倚重若殺之恐傷犬心乃枉法赦之仍收償錢還死者而已諫官黎霖噤不能言至有都市童子扼腕語曰吾恨不為󰱑官者耳占城人還我國人口程元頲等七十人以元頲爲政事院同參𬢱新增律田産章十四條初太組欲均田故畧田産章以南策上路安撫副使阮直為翰林院侍講歸化路安撫使阮如堵國威下路安撫副使梁如鵠並為翰林直學士路教程伯恭陶復禮並為監察御史翰林院直學士阮堯資為新興上路安撫使中書舍人鄭鐵長為清化南路安撫使朱添威為新興下路安撫使國子監教授阮汝弼為建昌路安撫副使教授爲安撫自汝弼始以起居舍人阮荗爲立石縣轉運使陽執中為水棠縣轉運使御前𭓇生阮達為大蠻縣轉運使以黎少頴為三𢃄路教授初少頴為審刑院僉知以犯贓罪罷職還民終身不叙用至是復以为教授以國子監教授阮天縱為司業教授阮超為助教粱夢星武永禎為直講司刑院大夫符世豪為古費縣轉運副使文盤縣轉運副使梁宗驥受賂事𭛁獄成將斬驥因左右求免死太尉黎可曰國法不可赦又曰盗一家猶不可赦况宗驥盗一縣乎再下對断死罪庚午八年明恭宗景泰元春三月放黎列妻子於天牢秋七月明以李實充正使偕北虜使北行十五日實等見明英宗泣下行拜禮󰍶見英宗所居皮帳布幃蓆地而寢因奏今陛下服食粗陋不堪因極言王振寵之太甚以至陛下𫎇塵之禍英宗曰朕今悔何及實即事賦一詩云重整衣冠拜上皇偶聞天語重凄凉腥膻克復非天祿草野為君異帝鄕始信奸臣移國柄終教胡虜叛天常只今天使通和好翠輦南旋省見章是時北虜囚長也先命頭目率五百騎送明英宗至燕京百官迎于燕定門英宗自東安門入景拜迎推遜莨久乃送英宗至南宮群臣就見而冬十月遣西道參知何栗為正使翰林院直𭓇士阮如堵國子監助教同亨𭛁為副使如明歲辛未久年明景太二年夏四月以灾異下詔曰北歲以來旱蝗将仍災㐱荐至今年方春雨雹又作抑政事鈌失而未能修󰁮󰊹将調爕失宜而致傷和氣歟或刑獄冤濫而未能伸雪󰊹將賦役繁重而下民咨怨󰊹靜思厥𠧨盖有其由苟不施實惠以慰民心将何以答上天而弭災变其宥條有饒諸税迯從征迯軍迯民許出首在獄諸訟沉滯聽具由奏呈等事秋七月二十六日殺太尉黎可及男黎括司㓂鄭克復及男駙馬都尉鄭伯崖冬十月明遣正使行人司行人邉永副使進士程惠來告即位先是明英宗北征為也先所獲弟郕祁鈺監國因自立改元景泰故遣邉永等來告十八日遣同知東道程真中書黄門侍郎阮廷美審刑院同知馮文達如明賀即位任申十年明景泰三年夏四月因太尉黎受男黎是以是行符咒土地故也秋七月三日以災異下詔曰比歲以來災異荐臻歲屢凶歉民物不遂其生朕甚惧焉實由朕上不能克享天心下不能遵守祖宗成憲任貫不得其人政事有所闕失以致然也今思所以弭災召和可不遵成憲而革弊政乎其合行事例用廉能汰闒茸行黜陟免諸税理寃獄賑恤鰥寡孤獨等事冬十月十五日明遣正使刑部郎中陳金副使行人司行人郭仲南來告立皇太子并賜綵幣二十三日遣使如明正使審刑院范瑜副使翰林院直𭓇士阮伯驥禮部員外郎朱車賀立皇太子正使震雷軍指揮黎尚副使侍御史黎專謝賜綵幣癸酉十一年明景泰四年春二月十一日大赦會試下舉人賜武伯澈等進士及弟冬十一月帝遣陪臣阮原橋阮旦陳允𧗼等如明歲貢二十一日帝初親政改原大赦以明年正月為延寧元年其赦條則有贈功臣黎禮黎僃黎篆等職各一等給黎察黎銀黎可黎謙鄭克復等官田一百畝并存恤鰥寡孤獨及旌表義夫節婦等事甲恤延寧元年明景太元年春正月鑄延寧錢選補軍伍并汰出老夏五月黄龍見于西門人加鍵瓴之下乂安地方竹葉黄乙亥二年明景泰六年命潘孚先撰大越史記自陳太宗至明人還國冬十月玉麻州有鼠大諸丙子三年明景太七年春正月三日大宴百官諒山王二月四日御史中丞范瑜等劾奏金吾衛同總知黎适不能奉法於今年會集軍期差軍人七十人造私船損費軍錢凣十八貫乞刑官對實按罪以懲其餘黎适奏曰臣本籃邑人󰪀自籃京回所有私船朽爛臣將扈駕役於今年暫差軍人飭助若所費軍錢則臣不知瑜又奏曰臣等忝居言職不可畏避權勢亦不可緘然不言誠如聖諭臣今劾奏黎适差軍造私船臣等以令󰱑兒探實又勾本軍火頭端稱皆言實有今黎适調臣等以私彈劾起臣等以恩怨言事耶六日賜盆忙頭目衣帛有差以盆忙頭目郎吒於正月貢噐物也旨揮令州父道琴公為振遠上將軍命員外郎鄭瑤賫旨揮徃諭之以賞賜大紅織金團衣高山巾相銀帶馬鞍交椅卓子等物旨揮𭁈入内司徒平章事黎囂入内都督平章事黎榴等守僃城池等役日夜嚴加巡警内外如法八日丁未帝如籃京癸丑至籃京是夜雹鼔軍士讙應樂武奏平吳破陣之舞文奏諸侯莱朝之舞大司徒黎秘詣昭孝王忠勇王廟用牛三尚書令黎康詣弘祐大王廟用牛一内院副使杜時曄卒二十一日宴扈駕文武及外任𦤶仕等官於籃京行殿賞錢有差明日旨揮𭁈大臣議定籃山山陵廟殿號正殿曰光德曰崇孝後殿曰衍慶又令清化撫軍造太皇太妃寢宮於籃山陵殿西三十日帝至自西京是日有青黄赤白氣如虹蜺抱日三月二日命入内都督平章事黎醯等往太原鎮界上公幹入内大行遣知三舘事入侍經筵陶公僎西道行遣阮有光北道行遣黎景𧗼審刑院使程真内密院同知黎懷之皆行至太原界上三司官不至乃還頭目農敬及譚寬互相殺掠人口牛畜以占越地方故有是命夏五月諸鎮路府縣官朝賀󰍶辭回帝召入謂之曰爾等任官歸當使民力於耕農斷獄務以私减公以傷治體封憲官則䋲愆糾謬激毒揚清不可挟私論事及畏縮緘然内密院則遵奉典憲敖奏詳審不得倚法作弊有所要求刑獄官鞠對明白伸理寃枉務在得情不可妄受嘱托賄賂以致沉滯寃濫府路州縣等官宜宣布德意府字部民詞訟賦役務要廉平不可以財媚事上司以希進用殿前殿後各局各庫等官則嚴加檢納不可廢公營私乾没侵󰔦學官則謹守𭓇規教訓諸生務使成才不可玩視歲月廢弛學業其各司局署等官亦宜克勤厥事不可怠情僥倖凡爾百官各宜遵守奉行依旨揮二十一日旨揮殿前各軍五道府鎮總知等此番會習軍期各将割詣山塲斫木共用心督押斫取如法餘在本土分點目整飾噐界練習武藝不得留與君人逰戲道路及科歛差使役二十二日入内少尉參知政事黎陵進聘國公主禮物以其男黎瀑為駙馬都尉仍賜以侯服厩馬籃京潭水赤二十三日給諸王公主大臣文武百官歲俸錢各有差西道都督黎榴奏曰臣嘗見民間迫於困苦雖一錢之徵視之猶十緣此奏辭歲俸陛下不以臣有罪特賜户五十而俸錢一歲所入必又加倍今當給百官歲俸錢臣乞辭二十八日聖旨與南策上路至靈縣陶殼社社正故阮文調妻阮氏爲節婦聽給黄榜旌表門閭仍免子孫各十一人奉養御使中丞范瑜副中丞程文徽監察程鷟裴祐等劾奏車騎衞義武軍管領阮原通於今年會集軍期差使軍人私役及餘放回家追錢入己請寘於法以警其餘六月免黎受於天牢冬十月二十五日遣陪臣黎文老阮建美阮居道鄧惠一作連如明歲貢并謝賜衮冕十一月有虎入城中延祐寺遣御前各執刀捉殺之丁丑四年明天順元年春正月明景泰帝有疾群臣武清侯石亨與掌兵都督張輗輗張輔子左都御史楊善副都御史徐有貞等迎上皇即英宗復位改元天順二月朔廢景太帝仍為郕王歸西宮是月十九日郕王薨妃嬪唐氏等俱賜紅帛自盡以殉塟秋八月至九月大風九月二十六日明遣正使尚寶寺卿兼翰林院侍讀黄諫副使太僕寺丞鄒允隆來告英宗復位立皇太子并賜綵幣冬十月十四日帝遣正使南道行遣左納言知軍民簿籍黎希葛副使翰林院侍講鄭鉄長中書起居舍人阮天錫監察御史陳驚等往明國賀即位并立皇太子及謝賜綵幣黎希葛梁江籃山人戊寅五年明天順二年會試天下舉人賜阮文儞等進士出身己卯六年明天順三年東十月三日諒山王宜民夜作梯分三道上東門城盗入宫禁帝及宣慈皇太后俱遇害先是宜民母楊氏賁得罪於太宗宜民不得立乃陰𢙇異圖窺窬神噐與其徒范屯潘般陳陵唱率無賴之人凡百餘丞夜作梯入城范宮禁帝遂遇害明日皇太后亦遇害内人侍侯副掌陶表死之時黎得寧以都旨揮典禁兵當直不能出先衛杜乃擁兵助逆故宜民得僣位號而文武臣僚飲恨茹痛四方百姓如䘮考妣至光順元年冬十月二十四日招魂塟于籃山穆陵廟號仁宗其上尊睿號曰欽文仁孝宣明聰睿宣皇帝潘孚先論曰仁宗以幼冲嗣位内有母后垂聽政外有大臣同心輔治故十七年間天下平安居樂業称為仁慈之主及其晚年遭屯無賴之徒唱率厲德侯宜民夜間梯城盗入禁帝及宣德皇太后俱被害悲夫又按光順中興記云仁宗年方二歲裔未也履乾太后阮氏牝鷄司晨都督黎犬狡兔執命君眛目坐閨内以垂簾戚里貪饕自寰中而虐權倖用事賄賂公行文教闇闇以氷消賢屈翅宿儒如李子晋程舜俞投之散地靣墻毓衛士見入九徒無一人以擁楯人情洶路嗷嗷戚里如文老昌黎心同鬼蜮具臣如榴杜私誰不㖒疴門闕脆弱手能排毀乃率狐之旅潜蓄簒逆之謀賊臣范屯潘般陳陵莊及狗彘三百餘人夜敢梯墻盗透如入無之境帝及太后俱被害悲夫初七日諒山王宜民自立即皇帝位大赦改元天興十月三日以前著延寧六年七日以後著宜民天興元年賜内外文武百官覃恩一資其僞赦文云朕以太宗文皇帝長子昔以正位東宫不幸先帝東巡忽崩于外阮太后欲固權位潜令内官謝清取󰘊基立以為君俾朕奉藩後謝清泄其事及太尉鄭可司空鄭克復乃併殺之以减其口固自此以來旱蝗相仍災異屢見饑饉流作百姓困窮延寧自知非先帝子且眾心離散乃於今年十月初三日命朕代位朕仰賴皇天眷故宗廟保佑暨諸王大臣中外文武臣僚同心推戴請朕宜承大統再三勸進朕不得以迺於今年十月初七日即位改號天興是月黎民遣黎景徽阮如堵黄清阮堯咨等如明歲貢并觧氽珠事二十日又遣陳封梁如鵠陳伯齡等往明國求封按阮伯驥穆陵碑文云帝神釆英俊容止端重每朝暇親詣經筵講學日西乃輟既親政祀饗神祗追奉宗廟事太后致孝禮和兄弟盡发愛惇叙宗族尊禮大臣崇尚儒術察邇言納中諫勤政事謹賞罸重農務本親民如傷不興土木不事逰畋不邇聲色不󰱏財貨厚往簿來内寧外撫戒劾邉将勿開釁隙及占城再㓂化州乃命將出師擒其主賁該大󰘊畏威小󰘊懷德凡政事率由舊章皆有成憲命廷臣󰍶會議當然後施行故善政善教敷于四海群生仰德世用丕平暴崩之百姓若䘮考妣夫帝以如是之資而有如是之變𡸈非天地之大而人猶有所憾也歟聖宗淳皇帝諱思誠又諱灝太宗第四子也在位三十八年壽五十六而崩䘮昭陵疆版章帝創制立度文物可觀拓土開厚真英䧺才畧之主雖漢之武帝唐之太宗莫能過矣古制兄弟之義失於友于此其所短也其母光淑皇太后吳氏清化安定洞滂人也初太后為婕妤祈嗣夢天帝錫以僊童遂有娠世傳太后林誕時因悶假寐夢至上帝所上帝令一僊童降為太后子僊童遲久不肯行上帝怒以玉笏拳其額出血後夢𮗓遂生帝額上隱然有痕迹如夢中所見及其壽年不改此痕迹也以大寶三年壬戌七月二十日誕生帝之生也天姿日表神彩英異岐岐然嶷嶷然煌煌然穆穆然真作后之聰明保󰘊之智勇也太和二年封平原王奉藩入京師日與諸王同經筵肆學時經筵官陳風等見帝容止端重聰睿過人心中異之帝愈自韜晦不露英氣惟以古今經籍聖賢義理為娛天惟生知而夙夜未嘗釋卷天才高邁而制作尤所留情樂善好賢亹亹不倦宣慈太后視若已生人宗推為難弟及延寧年間宜民僣位改葑帝為嘉王仍建邸右内殿以居之未幾大臣阮熾丁列等共以禁兵討屯般等遂廢宜民迎帝即位時帝年十八入丞大統稱天南洞主廟號聖宗庚辰光順元年六月以興二年春二月宜置府縣有孛星見于翼分野夏五月蚩尤白旗自東至西横天散六月初六日諸大臣阮熾丁列等倡義誅屯般逆降宜民為候迎嘉王即帝位時宜民簒位財八月信姦回屠戮舊臣祖宗法制一切紛更人怨天怒是勳舊大臣開府宜同三司入内檢校太傳平章重事亞郡侯阮熾丁列入内檢校平章軍國重事黎陵司馬參預朝政亭上侯黎念總知御前侯軍黎仁順總知御前中軍關内侯黎仁噲總知御前名軍冠服侯鄭文灑僉知北道軍民簿籍鄭鐸殿旨揮阮德忠鐵突左軍大隊長阮煙入内大行遣司指揮黎燕黎觧等相與議曰今諒山王宜民甚於不德率彼無頼之人范屯藩般等乘夜間梯城入宫禁中弑君及國母皇太后惡莫大焉我等沗以勳舊之臣靣見此事宜死於社稷而君於悖逆之下立於簒弑之朝為萬世之罪人何靣目見先王於地下乎朝退俱坐於議事堂崇武門外阮熾等倡義殺首逆屯般於議事堂前因閉諸城門各以禁兵平其内難并誅逆黨陳凌等一百餘人大臣既誅逆黨相𭁈謀曰天位惟難神噐至重倘非大德何以克堪今嘉王天思明睿噐畧沉䧺卓冠群偷非諸王比人心咸属天意可知即日以乘輿迎帝于嘉邸一云西砥定議降宜民為厲德侯按一云既誅逆黨陳凌等黎凌以帛授宜民令自縊既誅宜民往迎恭王名克昌恭王固辝乃迎帝于西邸即位後帝咱恭王死初八日帝即位于祥光殿改元光順元年大赦天下贈内官陶表爵一資并賜官田五𤱈祭祀還妻子田産以旌死節正黎得寧罪以得寧典兵不能衛社稷乃擁兵助逆戒不忠也帝既即位為仁宗及太后發䘮不忘武僃八月旨揮出搒原陳氏避著程姓字九月一十一日遣陪臣丁蘭阮復阮德輶等如明奏事冬十月初一日遣陪臣阮曰昇潘維禎阮似等如明求封呈六月功總督阮熾同督者許養同姓親戚之子止一人乘蔭十一日玉岝字𭁈應天縣姆赦社孝悌人阮廉復其身令本縣官溱作門樓掛張黄榜旨揮諸府路鎮州縣官係在邉境宜謹守関隘不得通同化外給功臣三十員世業田𤱈數各有差黎淩田三百畝黎念田二百畝黎仁順田一百三十𤱈黎壽域黎師回黎仁噲田一百五十畝鄭文灑以下田各有差敕宰臣黎熾等奏升功臣各官見任及薨殁有無賜國姓及男子未陞除數有賜國姓則自太傅黎列南黎貫之黎賁南黎文老等以下至黎練男黎紀無賜國姓則自阮熾男阮師回至黎多美男黎弄薨殁有賜國姓則自黎問男黎悶黎盃男黎輿至黎汝𢮪男黎文良無賜國姓則自黎准男黎文鉄至黎鉄男黎文麟鯨於網外至後謀事不密肆屍路傍此秘昂等罪之中又别加一罪也趙盾弑君何異哉安得並於中功臣薨殁乎二十四日招魂塟仁宗于永陵之右曰穆陵仍命中書省守中書令知三舘事仍知𭓇生御前二局輕車尉䏓直中書省中書令侍郎入侍經筵兼管近侍祗侯各局上騎都尉阮伯驥同撰穆陵碑二十七日旨揮刑官今後對訟每月二次呈次永為定制十二月命太傅黎列太副黎榴太保黎凌領諸兵分道擊琴選簿補軍伍以阮如堵為吏部上書勑中書省令侍郎入侍經筵兼管近侍祗侯各局上騎都尉阮伯驥黄門侍郎兼國史院同脩國史黄莘夫校定廟諱並御名辛巳二年明天順五年春正月頒廟諱御名廟諱凣九顯祖汀顯慈諱郭宣祖諱曠貞慈諱蒼太祖諱利恭慈諱陳太宗諱龍宣慈諱英仁宗諱基今上御名諱誠光淑皇太后諱瑤二月帝幸西京拜謁山陵三月十一日夜雷震承天門十九日帝及羣臣降服拜謝於承天殿旨揮府縣路鎮社官等今後農務宜勸課軍民各勤生業以足衣食不得棄本遂末并托以販賣技術游足游手其有田土者不勤耕種該管官司捉程論罪秋七月十一日地震旨揮府路各處寺觀係無元額不得𢫔造禁尊卑呼稱不得妄僣勑諭賴部官阮如堵阮善等去年汝受杜不没属托尔奏乞爲北平衛總知朝議諠騰尔乃奏乞不没以總兵衛致事其爲奸太甚八月初一日皇長子鏳生後為憲宗鏳除更切其母乃阮德忠第二女初年選入宫拜充儀居永寧宫後尊長樂皇太后冬十月二十一日勑諭太保黎凌先是帝既遣正掌阮耒賫銀兩賞賜黎凌勑云尔其謹終于始惟清惟公是以人有不足於已即推之於杲下人有不逆於已即置之於膝上物論未諧非為此󰊹帝諭都御史󰱑吳士連汧仁壽曰我新服厥政惟新厥德乃循我聖祖神宗之舊典而春首謁郊也爾謂祖宗設郊亦不足術尔謂我國是古諸藩是尔從死之道無居之心且厲德侯簒時士連不為激揚風憲乎仁壽不爲賛畫帷幄乎位任極矣今厲德侯為我失國尔不能以禄死反去事吾縱我不言尔心不愧死乎真賣國奸臣也十一月大赦天下以前八月太子誕生故也冬十二月頒大誥各條自府至州縣庄各一本禁属吏不得私開封簿牒及不得之分執把將回家并與外入傳抄以黎弄都督平章事黎執中都督鄭文灑都督參預朝正掌殿前司武覧爲翰林院直學士翰林院學士阮廷美權禮儀院尚書壬午三年明天順六年春正月校定進表并拜牌儀註從權禮儀院尚書阮廷美之奏也改院兒爲應差二月倍大酺錢數十一日明遣正使行人司行人劉秩來諭祭于仁宗旨揮文武百官中都府路縣軍民之家某有吳人奴婢不得校行通同客使嚴禁拒斥銅錢三月饒阮師回死罪帝諭在朝諸臣曰師回為有中興之功并父熾有大勳劳於開國之時宜饒死罪若鄭裡等爾朝臣共議之勑諭左都督黎壽域曰夫此妖詩未必師回所撰也疑似之間將可誣矣黎念阮耒鄭文灑之句疑其可也壽域謂凶暴誠未至叛逆之指安可恠爲師回如中絶命自天夭之尔可萌復仇鳾心乎是時師回欲傾害黎念輩自作一詩棄之于道使人流傳于轂輦之下詩曰人有二心尤可疑土邉有或真凶暴人有二心乃念字黎念也自來乃耒字阮耒也水在西傍乃洒字鄭文洒也師回作此詩未及流傳而姦情敗露眾咸乞罪師回固帝有此諭以戒壽域等夏賜月定保結鄕試例旨揮天下應試士人不拘軍民諸邑期以今年八月上旬就本監本道報名通身侯鄕試塲中者送名禮儀院至明年正月中旬會試聽本管官及本社社長保結其人實有德行者方許上數應試其不孝不睦不義亂倫及教唆之類雖有學問詞章不許入試期法一舉人通身脚色并供出府縣社年齒及治經祖父脚色不許詐冐一倡擾之家并逆黨僞官有惡名者其本身及子孫並不得應試若懷挾及借人代作罪依律一鄕試法先暗寫汰冗一科自第一塲四書京義共五道第二塲制詔表用古體四六第三塲詩用唐律賦用古體騷選同三百字以上第四塲策一道經史時務中出題限一千字國朝諱二字相連並不得用若散一字亦許以他字代寫圈外以行以黄清爲門下省有司郎中參知海西道軍民簿籍騎都尉時因雨雹風雷之變詔求直言清乃上疏陳七事一曰順陰陽以召和氣二曰親經筵以崇正學三曰求儲嗣以固國本四曰節謝用以需經費五曰重守聀以寄民牧六曰時訓練以嚴武備七曰置屯田以實邉儲上釆納之五月旨揮五道官係朝退未時在本道視事若空闕衙門以降罷論六月勑諭太傅阮熾等爾本武人為鎮撫鎮撫字義武夫所能乎夫𣻟文仲尚𫎇孔子窃位之誅矧卿則賢才之路浚僥倖之原哉秋八月殺太尉黎凌以凌潜謀不軌故也九月明遣正使翰林院侍讀學士錢溥副使禮科給事中王豫賫勑󰀋來封帝為安南國王司禮監太監柴昇指揮僉事張俊奉御張榮來收買香科冬十月初六日明使錢溥等寓于使舘及還帝賫禮物送之溥等固辞不受旨揮天下繼今文武任聀官員生年六十五歲願致士者及吏典監生儒生牲徒年六十以上欲還民者並許本人頭告吏部類奏施行令天下内外各衙門奏題等本即本員書名不得借吏代書名十二月遣師如明黎公路謝致祭陳盤奏事裴祐謝󰀋封十二月遣陪臣黎文顯黄文午謝子顛等如明歲貢并求賜冠服初四日立黄長子鏳為皇太子大赦天下是年加太傅阮熾入内右相國癸未四年明天順七年春正月免會期以前年有赦故也初定三年大比二月會試天下舉人時應舉者四千四百餘名取四十四人十六日殿試進士命入内檢校司徒平章事阮耒入内都督同平章事知東道諸衛軍國子監祭酒黎念提調政事院參議政事阮復監試門下省左司左諫議大夫知北道軍民簿籍兼翰林院承旨學士阮如堵翰林院承旨學士知東道軍民阮永錫國子監祭酒阮伯既讀卷上臨軒制策咨以帝王治道四梁世榮等以下及第出神有差聖旨祈雨致祭用税錢玉岝字與清池縣大右例社節婦阮氏蒲黄榜旌表門閭許免子孫一人給養二十二日臚傳進士梁世榮等名頒恩命命禮官捧黄榜揭於東華門外以示多士三月初二日黄清卒年五十三清字直卿時洪州梁如鵠有遺像賛云少結知於太祖長信任於聖宗體具而用周子孝而臣忠四朝歷事一節始終旨揮紛争諸訟以經理斷不得强争夏四月禁内宫人女與外人結好交通言語更相交狎五月禁田土強争理曲將賣世加旨揮有假用别邑劎笠以入皇城内者俱處死秋七月旱帝避正殿减膳徹樂地震朕不知咱後人日夜孜孜爾其毋忽又論宰臣及經筵等官今黎景徽阮如堵范瑜等或廟堂議論或政事得失阿䛕苟悅緘默不言雖有小過寘諸法可也昨者阮茂言事不實而不䋲以法是朕報阮茂能言之德勑諭禮部左侍郎梁如鵠昨阮永禎不學國語詩體作詩不入法吾意爾知故試問爾爾皆不知且吾見爾洪州國語詩集失律尚多意爾不知吾便言之武覧曾不欲吾𭁈爾言矣勑諭都督阮如回楊國明謂吳西將銀三十兩付阮胡賂爾等爾使爾妾受領及前賂爾父熾五十兩今轉賂爾共八十兩尚在爾家爾𡸈不知乎特遣司禮監阮盎將勑諭爾及索取前送賂銀八十兩領回爾有過勿憚改後必無灾矣又諭阮師回云予俯徇轝情誕登大寶尚頼勳贒同心輔弼四年于兹爾父子一門重圭疊綏可謂盛矣朕方爾信雖有此書終無損也得此之後爾心有不安時露屋上有匿名之書云師回將反固帝諭之諭太保黎念云昔我太祖開創大業爾父臨東馳西屢為國損身逮太宗繼志述事念爾父功爾在弱齡未能從政仁宗委之宥府出鎮䧺藩遂至变生肘腋卿切圖回白劎一揮而奸邪授首乘輿反正而宗社奠安然卿既立莫大之事功當永守莫大之事業上則我祖宗之業益以光大下則乃父子之功日愈顯明𡸈不快哉甲申五年明天順八年春正月十七日明英宗崩二十二日太子見濡即位改元成化是為憲宗定厲祭牲醴物二月幸西京拜謁山陵勑諭掌刑部黎景徽爾歷任樞機事蹟可紀極諫敢言指陳朕過雖得失相半而救弊濟時之方忠君愛國之𭛁累句連行自今兒後謹察寃濫摘伏邪頑議論廟堂灼照黑白義之與比勿事滑󰏲大任仲寄朕尚須於卿一身耳夏六月頒内外文武官每衛門印各一顆旨揮諸府路鎮州縣社今後不得妄行自閹秋七月賜阮廌子󰢒鵡縣職貶兵部左侍郎阮廷羙帝諭之曰噐尚帷新人當求舊耆老儒臣若爾之軰尚幾人哉而爾之犯亦後吳士連阮善之犯矣法司持平律當降罷我便怜才更命貶之夫法者國家之公噐與卿等共之汝其思之哉八月聖旨犯偷氽珠及私鑄銅錢罪首從有差至於戴胄處煩治劇彦博敷奏詳明二子之中亦有少長矣為臣以此可厚褒稱可賜銀兩頒至之于治朕之過失旨陳直言宜強董宣之項勿隱蘇威之性冬十月明遣正使尚寶寺卿蘇陵信副使行人司行人卲震等來告憲宗即位并賜冠服綵幣及勑諭十一月遣使如明范伯珪進香黎友直楊宗海范慶庸夏即位黎宗榮范琚陳文真謝賜綵弊十二月禁外任官無故赴京𮞏本聖旨疑罪减等敕諭大臣百官等昔我太祖櫛風沐雨以定天下時則佐命勳臣同其勞若恩義兼至以故特賜國姓用示殊眷然爾子孫傳襲日久恐失原祖之姓有乖教人以孝之導今後功臣特賜國姓止及其身若子孫並依原姓太尉阮熾病帝諭曰昔朕藩邸朱鴟逍遙非心黄屋卿等同心推載殄滅逆徒朕躬御乾元至兹五載歌兒舞女卿未及於宋石高勞心焦思卿愈切於唐房杜厥功朕未酬報彌病卿何連綿卿當以國為念則饘粥不可不調頤卿當以朕為憂則藥石不可不瞑眩爾師回乎非親父哉當盡爾之誠竭爾之敬古人之祈天祭鬼可以逭其災卿其思之諭僉都御史阮善云太和延寧之間上則宰將下則百執交相征利賂遺多行爾謂阮廷羙小人不可信任予登大寶五年于兹廷羙奔走服勤罄竭心力前則憸小後則良善果何傷乎厲德侯時好奇貴異阮如堵陳封之北行也鬻買千計開闔百端假令阮如堵陳封之忠誰所知乎爾其思而師之又諭阮善曰爾為吾臣盡誠於國悋勤厥任屡進嘉言朕或震之以威未嘗頓挫雖事務未建明奸回不彈劾拨其梗槩亦足褒嘉特遣司禮監賫勑徃諭賞賜銀兩尚其勉之劾諭兵部上書阮永錫今楊國明昔年常賂爾母銀子三十四兩畧無証據寧有誣詐諭到我自掩匿許爾自新又諭云覧爾疏條甚為切當唐之王魏何以加焉可賜銀十兩用答忠誠且爾之諭深契先儒之旨朕嘉納焉乙酉六年明憲宗見濡成化元年春正月勑諭都督阮師回大獄之興多捕權貴家之子弟爾將不熟思之乎他説及恭王黎念慎勿與言旨揮掌詞訟等官速擬定五刑院大夫某理詞訟無寃濫寫為一項平常為一項劣為一項奏呈無寃濫褒賞平常留任劣除轉運定各鎮路文廟春秋二丁癸止十哲從阮廷羙之奏也二月勑左都督黎壽域選丁三月十六日月食既置六院以親隨進為左右羽林車造敬天殿夏四月帝幸昌江扈從賞一資黎景徽奏一對諸訟事理干到外任官輕則移該衛門供稱明白繳報若干重事聽具奏方許勾對欽差復命令例繼今各衙門官奉命差干事畢回京即於通政使司𮞏本仍就東華門外侯伺召對得旨方可回家五月旨揮禮部出榜敦風化秋七月攅造户籍其法並以六年為󰦕期府縣州官拘集社官各将本社户口赴京對寫起造輿人女丁八月遣皇太子入學帝作詩示之曰至親盍不盡誠爱便嬖剛膓繞指柔所國樊姬光婦德長孫皇后有嘉謀投床重使秦王恨佯醉時知衛󰱤憂眾口咻咻聰耳聒音括讙聲也何曾一見薜居州時皇太后仁惠有餘義斷不足訓戒子孫未嘗变容或有鞭撲尋復悲痛帝憂鏳態漸至驕嚚故作此詩以示之改都省堂為欽刑尚書知詞訟事為左右侍郎中書科改為吏科海科改為户科東科改為禮科南科改為兵科西科改為刑科北科改為工科編科改為尚寶寺各道行遣改為宣政使司造謹德殿九月勑旨故意殺官象定罪有差陳封出为西道宣政使帝諭在朝諸臣曰陳謹為陳封弟謹得罪朕問謹平日行藏於封葑便從此媒蘖謂釀成其罪也其短傾而覆之兄弟之情幾乎覆矣人倫攸斁莫甚於此倘能思盖前愆惟忠惟孝吾亦鼔足待其後效聖旨諭諸鎮縣官選取本衙門掾吏有廉能達練優才許奏置常川各一人以便應務民告煩瑣簿牒倥𬾠官不能燭理又置之吏以檢文案焉故曰官無吏不行吏無官不立所以共行政事也今臣窃慮各衙門倥𬾠簿牒罪累難免伏望定例今降諸縣路各置常川掾吏一人諳曉簿牒頗能書筭以守文牒如是則簿牒無遲滯之愆民事免頒留之苦帝從之故定此例冬十月禁倡優不得戲謔父母並官長帝遣使如明陶雋陶正已黎的歲貢十一月大赦以敬天乾德二殿方成故也國子監祭酒兼文明殿大學士阮伯驥卒先是伯驥以帝為文頗畧經史上疏争之帝諭云朕纔覽疏悉謂其畧經史而尚浮華無用之學極意煙何之表縱如我誠好文不本乎經史云誰書也予反求諸己究諸言浮華無用四字之中實以忠矣予反為文而辦之予誠有過爾當時諍之勿以為是介意也至是卒帝遣司禮監官范虎賫勑諭之云爾事上也忠持身也正旦夕左右于茲六年氣幾絶時忠尚未已頒閲習水步陣圖法其水陣圖法則有中虚常山蛇满天星鴈行聯珠魚隊三才横七門偃其步陣圖法則有張箕相擊奇兵等圖法又頒水陣軍令三十一條象陣軍令二十二條馬陣軍令二十七條京衛步陣四十二條帝又諭五道諸衛軍及府鎮各軍總管知等凣有國家必有武僃當於農隙之時且停不急支務係每月望日入番點目量割軍人守門廊店草屋草象等役餘於一二日以前咱依官頒圖陣於本衛土分整飭隊伍教以坐作進退之法聽其號炩金皷之聲使士卒諳習弓箭不忘武僃至四日以後始造雜役若某官不能用心教戒練習士卒敢有雜擾以貶罷論丙戌七年明成化二年春正月追徵賦税二月八日勑旨内外各衛門官員坐事咱該管追取前給勑命収回本科収照黎仁噲奏凡所降之聀自罷至徒流死罪宜盡追收前所給勑命帝從之置宣政使司參政參議主事推官以范文顯為欽刑院尚書阮時達為順化宣政使司宣正使阮文質為乂安宣正使司參政黎仁噲為司兵院入内少保尚書西道宣政使陳封奏係典賣田等文字自陳胡時至吳時年間並不得贖若自順天元年以來聽贖會試天下舉人取二十七名三月十二日上御敬天門親策抆以帝王治天下命崇進入内左都督兼太子少保黎景徽權政事院尚書兼謹德殿大學士太子賓客阮如堵提調翰林援代學士權御史󰉟都御史大夫陳盤監試翰林院承旨阮直翰林院承旨權户部右侍郎兼謹德殿大學士入侍經筵兼左春坊太子左諭德阮居道翰林院學士行海西道宣政使司參知兼秘書監學士武永禎讀卷擢楊如珠等八名爲進士阮仁等十九名為同進士三年一科自此始二十六日唱進士楊如珠等名頒恩命禮步捧黄榜揭於東化門外習水陣於膠水閏三月初三日賜進士楊如珠等榮歸按覃文禮進士題名碑記云人村之於國家其所關者大矣粤自唐󰔄三代至漢唐宋庠序學校之制立而人村有所成賓興科目之法行而人村有所用雖其治效純駁不同然未嘗不以得人爲先務也黎太祖平定區宇教育英才其博訪則遺逸有求其延攬則學生有試雖進士之科名未設而斯文之氣脉已完太宗肇基自壬戌開科群才入殼仁宗三科繼舉人文益彰至聖宗癸未中興一科取人視前為盛然自壬戌至癸未或六年一舉或五年一科而三年一科以是年丙戌爲始凣預登進號稱得人爾後制度益詳彌文大僃會試登科有録既足以表當代之盛明題名刻石有碑又足以示後來之廣勸焉夏四月禁轉任官不得折取公𪠘噐用等物件初置五府六部改六院置六寺改欽刑院為刑部並為吏户禮兵刑工等部尚書五月太僕寺少卿行尚寶寺少卿黎廷俊奏於五月六月當農務其常班役軍人聽留宿直并守門廊店草屋草象等役其省院局百作諸邑留半在役餘皆放回農務從之賜左都督黎壽域銀二十兩諭云尔为吾臣七年于兹矣但能建明本聀當爲之事未嘗言及吾勤靜不中之節因得此奏吾甚褒之特賜銀二十兩以為他日之期𡸈有此一小事而賞哉時壽域奏一文武官員不時宣召並如傳宣中官引入若尋常出入禁門如六科學士等聀即許入一四方進象馬等物並蚓入端明門外帝覽請旨奏本令即開此兩條特賞之考試各府訓導勑旨訓導鈌員責令該司選各堂監生及各衛門吏會試中一二三塲有行檢學問自三十五歲以上依前年例考試肆長合格方許六月定文武服色自一品至三品著紅衣四五品著綠衣餘著青設立承宣十三道曰清化乂安順化天長南策國威北江安󰘊興化宣光太原諒山中都府改路爲府改鎮為州改路安撫使為知府鎮府為同知府轉運爲知縣巡察為縣承社官為社長頒知府印停路安撫印申明避諱令秋七月改伍正伍長為總旗副伍長為小總旗改隊史爲軍史改工部各匠人為副伍長定奏本題本體式各該衙門該奉聖旨繳題施行等本則曰題本各衛門官吏百姓一切公私事務理應陳奏則曰奏本以僉都御史阮善為清華宣撫副使諭曰爾󰪀為諫官議論切直今撫綏百姓保障一方當奉法憂民懲忿窒欲爾其諄諄勉勉無忝所聀中書令秘書監學生梁如鵠等奉擬係各衛門寫本如遇正官鈌或公出則佐貳官承掌本衙門印信署名於年月下八月裴榴奏一各衙門遷任之官其在勘詞訟簿牒未及交代待至他日再回交領煩人迎送致訟事阻滯伏望係官員遷任之時咱開本任簿牒詞訟及各項事務付該當處掾吏收執見新任官交付施行從之九月勑旨羽林軍犯罪還民不得還官男冬十月頒各部印改左刑為清刑司郎中大夫右刑為慎刑司郎中大夫司刑爲明祥刑停審刑官並置郎中置醫司訓科等屬諭僉都御史陶雋曰太和延寧年間御史之職不出於外戚則出於權臣是以公論混淆馬論不辨國政之弊莫斯為甚又諭云陶雋違棄國例󰦕意妄行今司風憲反輕易言語誠猾吏也丁亥八年明成化三年春正月幸西京回天派江習陣以自秋徂冬天久不雨固也按赦文云上諭公候文武官員百姓等朕以否德君臨兆姓欲咸底阜康以丕臻盛治朕為民父母第疾于𢙇苟不推在宥之寬恩何以見及民之實惠禁織造凉巾以盗剪公私馬尾故也勑旨朝參官帶牌扈從宣署扈從禁𥔿硝不得為煙火之戲從户部尙書陳封之奏也勑旨鎮朔衛繼今大集軍期將終該都承憲三司每司二員就本衛把令放告并博稔永蓬等經畧使所列校旗軍同來本衛習陣十日令五府都督鄭文洒黎希葛等同兵部尚書阮永錫閲選五府諸衛大小總旗充殿前五衛軍禮科給事中汝文蘭奏小總旗久年以上方許充十二日初擬春祭葆神禮無齊戒用帛依國俗而已十六日行慶壽儀於勤政殿初每春首行葆神禮於太廟禮󰍶行慶壽禮至是始行慶壽禮於勤政堂是後率以為常十八日以官員子孫前充金吾衛軍者試中充國子監監生中鄕試及有美質許本監官再類奏留讀書掌監察御史管公添以梁世榮劾其容縱送賂人漢宗業也二十七實帝始至籃京拜謁籃京陵二十九日駕駐安泊行殿頒習陣圖法二月丁酉朔日食行文廟祭八月甲辰帝以天久不雨奏告祈之又命太保阮耒燈禱于至靈弘祐等祠命户部尚書陳封同宣政官藩師宗等勘籃山鄕及霪村官土給功臣自一品至六七品有差仍諭百官耆老曰籃京乃帝鄕根本之地非京師他處可比比者勢家多撓禮法慢視刑章私占其地以為己有諸王公主曾無立錐之地将欲䋲之以法孰若先之以禮使皇族日蕃庶有容身之地今立定界限敢有違犯依律治罪九日乙巳命行總兵屈打領兵征哀牢初哀牢占居弄恫掠邉境至是邊臣以其事聞帝即命屈打領兵千餘人往征之以定勳衛同總兵阮洞為副並汧仁壽賛理軍務會家興鎮守軍討之帝謂仁壽曰汝𭁈屈打聽便宜行事仁壽至東京留守太保黎念援兵于武庫而行諭留守官黎念𭛁官庫錢五十緡令濟生堂買官藥差人醫治國威三󰅾等府人民之瘟疫者並諭今後某府有疫癘者聽本處官用税錢買藥治之十五日駕至𢒎來行殿時粘國使神沈樸勒沙來進貢適至因錫朝見於行殿十六日安󰘊鎮守官奏明人載糧船漂至本處帝謂太師丁列太保阮耒曰往者朕言監執明國載粮之人以彼或設此策以誤我欲阻彼之計權一時之宜非常行之道也耒等曰縱彼妄行意外設為此策我執之彼以為辝不如放回如其不然恐生邉釁帝曰卿等言雖善矣奈奸人反覆何都御史阮居道曰人臣所諭雖有同異在人主断之何如耳竟留明人不還二十日集中虚陣于魯江帝幸天長承宣治所問承宣官犯瑜等民奸疾苦仍賜瑜及知府阮似等錢各有差命寧朔衛權總知陶院為督將代屈打征哀牢打等至哀牢先以遁走打等𢒎奏言哀牢乞伏其地請班師帝諭屈打以陶院代領其眾及賜錢十貫是月二十三日集三才七門陣于韋江西軍都督黎舌等違令靣縛詣營門尋放之罷鎮殿副將軍黎漢庭等官職初漢庭为轉運在職貪汚恐民告訴乞養病指揮使陶保薦之于朝言轉運漢庭𭁈太祝丞阮德素習兵法漢庭等進陣圖一曰中虚二曰满天星三曰常山󰲫帝嘉納之乃拜二人為鎮殿副將軍令五府軍以陣圖習之再三不成帝命二人敎之又不成帝恕拿杖罷回本貫二十六日習魚隊鴈行陣于安吒江習常山陣于白鶴三岐江二十九日大駕還京三月吏部奏考近侍𭓇生除各縣縣丞國子監監生及各衛門吏除各府教職下營繕員外郎黄文弁獄罸錢五十貫工部右侍郎鄭公旦罸錢三十貫以暴露公用林木故也令蠶桑各司𮢶池於講武亭命求故翰林院承旨學士阮文遺藁命禮部上書黎弘欲宴占城使臣於北使舘命内官問占國使臣以事大之禮對曰占國之於聖朝如子之恃父母惟教命是聽然天子所命常貢之外責以錫貢是乃新例不敢專對伏乞遣使問本國主以光下國奪西軍都督黎舌所管以舌子伯達白日馳馬街市縱奴敺人故也以户部尚書兼宫師府太子賓客陳封為刑部尚書兼太子賓客吏部尚書范文顯為中軍府都督同知禮部尚書兼太常寺卿黎弘欲爲西軍府都督同知工部尚書裴括為東軍府都督僉事刑部尚書范公毅为禮部尚書御史󰱑副都御史兼勤政殿奉侍經筵阮居道為御史󰱑都御史權户部尚書知經筵事天長承宣使范瑜爲宣慰大使權工部尚書御史󰱑副都御史陳鷟爲宫師府太子賓客兼御史󰱑都御史翰籃院大學士權吏部左侍郎兼秘書監學士阮廷美為宫師府大學士權户部左侍郎翰林院大學士權兵部左侍郎兼秘書監學士陳盤為宮師府賓客權吏部左侍郎太僕寺卿行通政司通政使黎忠為承德司承德大使權户部右侍郎光祿寺卿兼秘書監學士武永禎爲翰林院大學士權禮部右侍郎兼光祿寺卿秘書監學士知經筵事大理寺卿阮寧为僉事行大理寺卿右諭德權吏部右侍郎潘維禎為宣慰使權天長處承宣使興化承宣使參議阮德輶為御史󰱑僉都督御史歸化府知府阮叔通爲化承宣使參議總管屈打與通政司左丞汧仁壽等招降哀牢賊道同等𤤻師還先是官軍至嘉興木州并土兵三百人直抵馬江溝弄󰀋半月程駐營屈打分遣嘉興衛總知黎勉領本衛軍至丘祝併同越每二州土兵聲言擊賊擾兵實則截其要路賊眾聞之奔潰屈打差人諭以禍福利害道銅等詣營門降屈打乃令木州經畧車蛮脩完舊隘𭁈土官盗琴蘿督率土兵守僃打等班師而還是役也徃𨑰纔十八日經行之處鷄犬不驚献俘之日帝欲将賊眾回本處誅之以警其餘太保丁列等對曰道銅果於誠服來降則待之不死以勸後來若迫於馳逐以圖免死誅之可也詔監道銅於御前獄初明人李茂實等二十九人有船二隻載米二百五斛送廣東布政司漂到安󰘊巡司獲之送詣行在都御史阮居道奏宜放回本國帝不從至是以其米給本船人各一斛充屯田司餘米令四城兵馬裝載分行宣光歸化陀江等處給會其軍人飢困者以御史󰱑僉都御史陽宗海為都给事中權上寶寺卿翰林院直學士權工科給事中梁世榮劾鎮殿將軍裴訓奏畧曰人之大倫有五朋友夫婦實居其一今訓在妻䘮而納輩行子前已娶女為妻薄伉儷之恩蔑綱常之道事關封化係是紊乱彜倫送法司治罪初置五經博士時監生治詩書經者多習禮記周易春秋者少故制五經博士專治一經以授諸生羽林衛指揮使黎宗永冒蔭調遷宗永本嘉遠人阮固子而總管黎元養為己子以蔭調遷為權給事中梁世榮所劾帝奪其職蘇問嗒剌國商舶貢物减省北平通化二府諸州縣官各一員遣北道監察御史潘宗薦徃北平勘問鎮守官黎六阮量等仍執送回京時明國鎮安府土人岑祖德率其眾千餘人駐于音洞聲言捉迯賊岑望因劫掠北平鎮通農那蠻邉民牛畜而去後再占居保樂州哩土蠻祖德有奏云蠻離蠻戎等村原係詐歸附鎮安府劫掠人民牛畜伏望聖恩差撲大軍徃征治戒離等村仍乞追治通農保樂二州驅犯人岑望等回業朝廷皆以為祖德所言皆詐帝特命中書脩辭直告布政司還所掠人畜反宗薦徃勘問之仍執阮量等回京以守僃不謹致外人㓂邉也校尉黄輦以安西府土兵與哀牢人戰于丘牢死傷者三千餘人獲賊馘索聀明國人於蘇問嗒剌國商舶送還本國夏四月初令吏部官凡文武各職白身初授反降職致職並許寫勘合頒給嘉興府順每州送納琴同妻子家属及哀牢俘馘于京師攽五經官板于國子監從秘書監學士武永禎之言也命權尚寶寺卿楊宗海通政司左丞汧仁壽教習驍勇兵馬等軍讀書都給事中鄭鉄長等劾奏刑部杜宗男等居官受賂吏部阮如堵保舉非人並送法司如律治罪以阮復為清化承宣參議帝諭之曰昔年遣爾北使康彊而㱕今年宣召為進昌言深可嘉也今遣監丞阮耒賫銀兩賞賜以旌其忠以盡其情至可領也五月一日北平府知州陶復禮奏明國鎮安府土官令宗紹侵鎖脱隘奪本處田及擅取牛畜詔下朝臣議以防之之策太師丁列等皆以為宜國守封疆無啓邉釁見彼之來拒之而已禮部尚書范公毅奏云古者建國因以為姓胙之土而命之氏契始封傷賜以子氏稷始封邰賜以姬氏常胙土受封以賜姓命氏以立宗自是而後各有其姓如󰔄舜姚氏夏禹姒姓周文姬姓則九官三公五臣十亂皆有勳勞於國未嘗見有賜姓至漢髙祖以婁敬上見都之策則賜姓劉氏唐高祖嘉世勣真純臣之節則賜姓李氏皆是駕馭豪傑之節臣者亦幸以榮殊不知姓有譜系固不可混賜之失所係最大以人臣而同國姓則不敬以人子而忘本族則不孝孰有不敬不孝而能濟事哉宜革正之凡人臣得賜國姓並許改還祖父本姓使澄天璜之宗派明姓氏之本原帝從之宣光鎮守副總兵黎饋奏本鎮𫎇當社被吒音人燒毀人家察詔下朝臣議九日雷震監門衛城上店十日甲戌令五府軍造戰器樣既而又改别樣軍人有咨嗟者威雷衛軍人文廬上疏其畧曰臣竊見本年正月陛下既出新樣遣諸將造戰器今又改為别樣是正令之不常也帝令吏部諭廬曰戦器是同一樣爾所言乃妄爾廬曰國以民為本而兵所以衛民也今號令不信軍民愁嘆公乃近臣職默而不言僕見而言亦愛君之言也鵠等默然十三日丁丑吏部尚書阮如堵奏言會試中二三塲充各衛門吏今考試敎職中格宜除經歷等職帝𠃔其奏十四日戊寅以翰林院侍讀學士行吏科都給事中鄭鉄長為翰林侍講學士權工部右侍郎權國威等處賛治承宣使司參政楊執中為大理寺卿權刑部左侍郎翰林侍讀學士署院事兼兵科都給事中范琚為太僕寺卿權諒山等處賛治承宣參政二十日賜大臣及職事官内宴于勤政殿頃者外人侵入邊境虜畧人畜屡見馳奏戰守之效寂然無聞今欲一一繩之以法恐有不勝尔等宜竭尽心力思盖前𬮜愆攽科令十一條以汧仁壽為尚寶寺卿權吏科都給事中許諒山處權參政阮哿致事勑旨今後任邊遠满九年始得别調京縣六月初一日以大理寺卿黎伯達為招討大使行北平府知府僉知北平衛令十二承宣勘管内山川險易古今事迹畫圖詳註送户部作地理輿圖考試汰東宫侍講武原潜謝彪于鳳儀堂時原潜彪侍學東宮帝幸東宫問󰪀日義字何如太子以原潜所授對帝乃命作制詔表三題令潜彪等試事于鳳儀堂潜等皆忘本事三題並不成文理帝覧之批云可唾仍讓吏部尚書阮如堵東宮官陳封都御史󰱑陳鷟以保舉潜彪非人命都督僉事屈打領五府兵五百人徃守副總兵黎六同總知阮量於遠州以守本鎮為㓂賊所燒關隘事𤼵故也免居作令内外倉粟許該官責令所司常加檢看勿致雨水滲沴音軫陵乱也令各州府縣貳官公堂視事不得𭁈正官正席坐十二月帝以天南皇帝之寶示宰臣使之商議權户部尚書阮居道言皇帝之寶乃傳國之寶但天南二字若稍新異不如順天承運之寶極有含蓄意思帝又諭群臣曰向者傳國之寶再命秘書官梁如鵠等考文献通考以製號為皇帝受命之寶宰臣各官具本奏來帝欲觀國史命内官就翰林院密諭史官黎義曰昔房玄齡為史官唐太宗欲觀實録玄齡不𭁈之觀今尔𭁈玄齡孰賢義曰玄武門之事玄齡却不直書唐太史之而後書恐未為賢義曰人君觀國史固非美事唐太玄齡所為而後世非之内官曰帝謂觀日曆向者有過得以悛改耳義曰陛下強為善而已何必觀史乎疆之福此是不諫而諫帝觀畢遂還史院議安󰘊鎮衛軍以其地頗瘴癘及有邉境阻遠不應援故也草賊犯安󰘊鎮可勒堡命西軍都督府僉事屈打令五府軍一千人並命親軍殿前二司校尉二司軍人討之召太師丁列太保阮耒黎念五府鄭文洒入嘉祐門商議討草賊之方仍命驍衛牒總知黎公儀領五府軍徃救命南軍府都督同知阮德忠等徃監安󰘊討草賊許前殺後奏𭛁官庫米三萬升命中都府人造粮運安鎮以給軍食化州承宣使司參𬢱鄧貼上疏讠興便五條一曰立堡守於思客三曰開連渠四曰罷源頭税使五曰招流亡耕墾布政荒田八月欽差權吏科給事中汧仁壽劾奏安󰘊鎮總兵黎悔不能料敵督將屈打追討失利致有敗衂勑仁壽行勘問仍執回京詔賜减田租人丁税有差以户部奏田禾减失故也令乂安承宣官用官錢買稻粟裝載赴京時京都米價貴乂安稍賤故𨤠之以親衛總知䏓動為安󰘊鎮守副總兵兼承宣使司承宣使以翰林院侍讀學士權御史󰱑副都御史陶雋為太僕寺卿權安󰘊等處賛治承宣使司參政知本衛軍事東軍府權都督鄭公路自安󰘊回上便宜疏四條一曰立萬寕新安營堡以御外侮二曰󰱇置鄕長為甲首以相統攝三曰擇有文武才幹以為鎮守官四曰塞開隘之路勿使斬伐材木開通道路以𦤶失險勑户部疏塞田間水道勿使淹浸乾涸命户部移文各處承宣勘某處勸農河堤司有淹没禾榖及留廢田畝者奏文十五日立石欄于敬天殿陛及起造小殿於講武停十六日以刻皇帝受命之寶奏告太廟是日大風雨諭都督同知阮德忠暫鎮安󰘊遣總兵阮文談等徃安󰘊討賊受阮德忠節制造軍實每衛五所二十隊每隊二十人依新例勑旨恩命一品用制武一品文三品用誥武三四品文四五品用勑餘並給勘合禮部侍郎梁如鵠并阮廷美以時和歲豊民康物阜上表勸進九月小熟蝗欽差權吏科都給事中汧仁壽等觧屈打阮報黎悔等送京師以討賊敗衂故也暹羅國海舶來云屯庄上進金葉表文及献方物帝却不受勑諭安󰘊諒山宣光等處鎮守各衛副總兵等官爾等職為西坊控制邉陲當僃不󰔄以防外禦要令將校戒飭軍人不可狃於故熊迯回留廢所守違者罪加常律杖殿前經歷高伯祥流外州以檢點官黎壽域黎逋范文献等監守軍人充家役放回取錢而伯祥不能󰁮劾故也命道士禳蝗蟲命吏部禮部等部尚書阮如堵等𦤶祭各臣禳蝗二十實颶風南策𰎟山太平建昌海瀕等府海水大漲堤坊决製禾榖浸淹瀕海之民多饑死乂安源頭海瀕等亦被水害勑各鎮府副總兵兼承宣使但由武途出身不曉文學兼司两職恐妨軍政今副總兵宜停兼承宣使若承宣副󰱇文𭓇官其參政參𬢱當省一員邉方有事則總兵承宣並得商議從鎮殿将軍黎紋之言也冬十月哀牢呼籠乞内附却之習武藝定賞伐各有差徙安󰘊鎮守軍營清化承宣使進野繭成絲一筐帝却之勑旨各衛門󰱇儒吏出亲除各職並詳所管從公察枸各縣正官有鈌如無科目許以中叁塲調除明安平州土官李璘領兵八千马三百疋來侵夏琅州璘戰敗退還本州分兵守界土首鎮守官陶院黎伯達等乞致書于璘問其興兵之由十六日大臣百官上表勸進帝批云黄帝之號朕未敢言皇上之稱於羣臣嗣皇之稱於太廟亦足以别諸王之號若比之言卿當擬定數年後如見天順於上民安於下雨若風綢大懷小畏凣徽號始可與謀卿等其熟思之十九日大臣文武百官復上表勸進曰陛下既履至尊宜稱皇帝上不從爪哇國使神那盃等來見太保阮耒曰生殺予奪人君之權非臣下敢論然屈打奉命前功不成六科見劾刑部方按問且待獄成如其無罪用之可也刑部尚書黎伯籌獨曰屈打雖有罪今從權用之又何妨乎勑旨宰臣録囚日有大理寺官囚人鳴寃得便折辦以吏科給事中寕滔兼教習功臣子弟及近侍𭓇生命諫官陳鷟等問掌詔獄都旨揮使阮復不能速勘至獄多淹滯之罪復進辨曰如有淹滯者黎文叨文豊蘂訟而已餘始送來未經律限帝不問十三日詔各衛門官中進士科黎廷俊同秘書監梁世榮三十員人入鳳󰀩堂帝命題試之召吏部尚書阮如堵復聀先是如堵銓註不明錦衣拿問失其聀至是再許復聀刑部尚書陳封等鞠北平總兵黎悔獄成欲以軍令當之以悔有功遂以八𬢱請都御史陳鷟曰悔既付法司按問宜從八𬢱所以不𬢱者惟惡逆耳未聞失律而不議帝諭之曰軍法一而無二鷟之所言是岐而二决非軍法之論乃游説之語耳宜以攸説罪之未幾帝又諭鷟曰予誣爾為游説之客予失言也嘉謀嘉猷入告于内󰱃乎甘霖歲旱舟楫濟川諭陳封曰朕聞國之不有賞罸雖唐󰔄不能以治天下今吾重寄托于汝汝惟勤成敦懿四字而已命檢占人歸順户口及束約禁戢官私奴婢等項人命東軍權右都督鄭公路等督五府軍砌皇城以皇城卑陋故也降北道等處承宣使黎公恪等各一等以本處多蝗蟲不能先奏坐視民瘼也申明功臣子孫還祖父姓待制楊如珠以𭓇業不進出鴻臚寺丞十二月甲午日冬祭初稱曰孝孫國皇國皇之號自此始以行北軍都督僉事黎解為殿前司都檢點兵部尚書黎伯籌為左檢點還西軍左都督黎舌聀初舌以犯贓失律罷至是帝以才可用命頒前所收制命還之頒詔收制勑自舌始勑玉籍秘書省奉行頒給都檢點黎觧等制誥之命並曰皇上制誥之命曰皇上自此始命朝臣舉縣官聀有剛直能觸邪者各一員吏部尚書阮如堵以世家親識人阮世羙等八人應󰱇帝以為皆新進常才翌日又命󰁮内任各聀十員太保黎念󰁮梁世榮都督鄭文洒󰁮户科給事中鄧淑教尚書陳封舉尚寶寺卿楊宗海各󰁮所知帝覧其奏多有以聀而不稱聀者遂揀去梁世榮等姓名止留敎授阮仁隨縣官丁逋剛在選仍批云六部六科御史󰱑保非其人受降罷罪如得其人必加重賞命内官以示廷臣莫不驚駭帝之明察移刑部大理出城外諒山總兵黎練奏言訪得明國廣西總兵調大集兵馬十三萬駐札在浯潯等州聲言脩治浩海谿澗梂路進攻蛮賊於廉州及廣西憑知縣李廣寧詐謂猶設守僃於南交関不暇調兵攻蛮賊帝命朝臣會議太保阮耒等皆曰宜固守關隘任彼所為又何妨乎試宏詞科點集入試官凣三十人時欽刑院郎中武有員外郎䏓廷科五人並辞疾不入試帝恠問詰其至在於賄賂因諭在朝諸臣曰刑獄繁劇其勞有三終日區區垂頭䘮氣一也論刑失當受出入罪二也訟案堆積詳審難辨三也有此三勞人雖無病足以致疾况有病乎盖𬢱武有也許郎中阮詳黎廷俊知縣阮仁浹陶舜󰁮員外郎范如籃奏使陳季暄並入秘書監讀書以中宏詞科故也召應試官范柰等二十員人入鳯󰀩堂帝自命題試之九日帝命吏部尚書阮如堵選内外各衛門有仁恕明𠃔者類取姓名代除刑部郎中員外范柰譚文通等時獄多寃濫往徃於公朝鳴訴帝益厭之故有是命勑停砌宫城以屡奏不登米價騰踊故緩之免瀕海軍人明年大集以八九月間颶𧔧大作海水漲溢瀕海民屋房漂没故也賞秘書監官錢十官而責梁世榮杜欣等以學業不進之罪以國子監敎授阮仁隨縣丞丁逋剛監簿陶仁隨知縣黎伯脩明刑司員外郎陶郎種等為海西東北南等處監察御史命監察丁仁甫韶惟精分行海東西南三道勘瀕海堤岸令本處承司培築二十日以陶武󰁮為翰林院待制入秘書監讀書寶玺成命太師丁列奏告太廟南道監察御史程伯脩上疏極言時政闕失忤旨出為北平府弄原州知州帝以梁如鵠舉陳季暄非其人詔繫獄並收季暄勘合開决順化連港并清化乂安各港是歲斷天下死囚三百二十三人戊子九年明成化四年春正月勑旨官員任邉遠瘴地某能撫字有方催科不擾而税足满六年許遷善地若托疾以避進税多欠者再除邉遠六年方許定奪三月勑旨各衛門係公事首奏許用本衛門印若官員軍色等奏本無有印信並許通政使司檢夾紙鈐縫諭都指揮阮復爾比先為家臣之時乃浮言曰吾當爲天子且為輔導之官便行僥倖之險然吾不負於爾有六而爾之負於吾已十有一矣爾是奸臣矣是亂臣矣是賊臣矣夏四月旱勑諭公侯伯官員百姓等凣九條以裴白良范溥為皇太子侍講六月色旨禮部議定民間諸文字格式頒行天下定祈雨祈晴儀註秋七月諭吏部尚書阮如堵太和年一刑部大夫二員斷天下訟多留滯前年予置一刑三員或四員云何今置一刑二員哉爾吏部速揀閑住在朝在外官員剛柔相濟才長鞠獄置每刑員外三員八月扈從籃京帝𭁈皇太子及祈郡公黎念並從臣黎弘毓杜潤郭廷寶等君臣賡𰙔作英花孝治詩集有擲地金聲之句十三日諭吏部尚書阮如堵等爾固請以教授為縣官姦計生矣教授當久厥任以責人才之效敢有遷移其罪不小九月勑旨今後某申寃訴枉等該衙門勘而無寃枉者聽杖八十罸錢五貫諭阮如堵等觀陳封之為人色厲内荏易語輕言貴游跋胡𤴡尾胡頷下懸夙老狼有胡進則躐其胡退則跲其尾舐德忠之痔吮阮烟之癰此封所以為好官之長策也先是陳封早從眾論糾阮德忠之非晚往德忠家更謝其過德忠長樂皇后之父烟乃后之舅也封請婚於烟庭拜終日烟乃𭁈之諭户部尚書阮居道昔予少寺為爾所友登大寶日爾作經筵以臣下而觀則爾爲知已之友𭓇識之交矣以君臣而觀則以爲魚水之緣風雲之會矣爾能盡心協力勉圖報國至公無私杜塞賄賂若是則吾得為知人之君爾得為盡忠之臣顯親揚名光于方󰀋顧不快哉不能如是則吾為不知人知君爾為尸位之臣矣二者惟爾擇其所從冬十月二十八日帝諭在朝諸臣觀陳封之乞贖犯罪賍黎逋贖鯨是當者多賄而免殃貧者無緣而得罪敢違祖宗之法立恬終而贖鯨是朝廷怜才之恩敢作威福以害國也大理寺按律治罪以范溥為旨揮溥中癸未科進士三上奏章願充武聀帝嘉志足有為故以不次除十一月遣使如明楊文旦范鑑黄仁等歲貢謝種奏永安萬寧等州被虜撂事勑諭御史陳鷟阮文質等爾奏謂内臣阮書朱德大楊明封吳閼潘宗禎俱以近習受賂法司持平罪當誅死其何饒阮書罪而潘宗禎不饒公耶是不信於天下予聞阮武受賍死甘心矣予今不殺尚其他日改過而得驅使且潘宗禎為内官賢假子賢死肉未寒烝賢之婦奪為以妾前年又𭁈宮女阮梅交狎二罪俱重死則宜矣己丑十年明成化五年春閏二月禁天下家臧兵噐勑旨捕海賊陞賞勑旨官員有罪老還民從刑部尚書陳封之奏也會試天下󰁮人取二十名二十六日上御敬天門親策問治國取士命太保平章軍國重事兼提調國子監黎念原吏部尚書阮如堵提調大理寺卿權刑部右侍郎楊執中監試翰林院承旨阮直翰林院大𭓇士署院事兼光祿寺卿同知經筵事武永寕翰林院直𭓇士阮德貞郭廷寶讀卷賜范播等進士出身有差勑旨公侯伯給制命文武百官二品給誥命三品至五品給勑命龍箋六七品給勑命黑爛八品九品給勘合三月帝幸平灘徃征盆蛮占城人乘船航海寇擾化州禁獄官科歛軍錢先是獄官常歛軍錢買猪酒托為祭祀獄主因飲食𧇊損軍錢至是禁之夏四月勑止神武游弩神臂羽林天威等衙司每上期番宿直者並更𤤻專習本藝若五威衛及外衛銃弩各所並停雜差量定守把各處餘皆專習本藝𤤻終考閲如例賞罸定天下十二承宣府州縣社庄󰀋版圖清華四府十六縣四州乂安九府二十七縣二州順化二府七縣四州海陽四府十八縣山南十一府四十二縣山西六府二十四縣京北四府十九縣安󰘊一府三縣三州宣光一府二縣五州興化三府四縣十七州諒山一縣七州寕朔一府七縣并奉天府二縣初九日治指揮使潘師京罪以師京所奏紛紛雜冗簧惑欺慢故也禁造賣粉白勑笠時溥與妻同就徽人同桃家適同桃已入宮中溥𭁈妻伏地羅拜同桃夫武鄰使同桃納己女于宫中以思固權位帝諭在朝諸臣云范溥國之賊臣爾故罷之十二日唱進士范播等名頒恩命授冠帶衣服并賜宴于禮部秋七月十四日帝諭吏部尚書阮如堵爾再三乞管領黎卜為總知而卜有風疾緩若不堪誠奸吏也九月禁以僞錢换税錢冬十一月十六日大赦改元以明年為洪德元年十八日勑諭天下文武官員及百姓等朕惟人之所以異於禽獸者以其有禮之为防範也苟或無禮則肆情縱欲放僻邪移無所不至今後官吏諸色某或遷陞除授即吏部劄示府縣社責令社長僃状端供本員人年已及格嫁娶遵行婚禮方許奏聞陞除如例若非人濫及名噐本員以墨徒十二月勑旨府縣官親行該内相視田疇禁市肆民間賣水磨笠朱漆笠磨笠朱漆笠乃親軍所戴以宿衛今市肆民間多有𭛁賣宜禁止之以黎景耀為户部尚書黎國禎為乂安鎮守副總兵申仁忠為翰林院侍讀覃宗禮為翰林院校理丁叔通為翰林院直𭓇士庚寅洪德元年明成六年選金吾衛武士捕海賊勑旨子居父母䘮妻居夫䘮當遵三年通制不得徇情直行悖禮逆法子居父母䘮而妻妾𢙇孕以流罪罪之妻居夫䘮而肆行滛亂或䘮未满釋服從吉并先通嫁信及娶之者並以死罪辠之若居䘮服出見戲塲縱觀不避以流罪論如有貪財孝色而娶惡逆之妻妾及蛮人蒸亡兄弟妻妾并為官吏而受賂抵罪二月選補軍伍勑旨漏籍人自十歲以上壮者充軍户内有父子兄弟三丁不在充數定󰱇壮健替補令從都清華鎮守副總兵兼清華等處承宣使司阮德忠之奏也勑諭數奸臣阮復罪九十二條時復為錦衣衛都指揮使也幸西京帝曰前年吾徃福光堂洞滂田水淺不可種禾今年多水夏口占一絶云萬󰟸青青是夏田齊民當以食为天村頭三两農夫到皆謂今年勝昔年時帝謁洞滂福光堂也三月定厨人勢家給帖公同買物令從奉天府權知府阮宗西之奏也禁非僧類不得剃髮夏四月帝親製道庵千字其略曰乾健至剛坤順無疆辟兼智勇󰘊俾熾昌配擇妃匹懿媲任姜饒水軍衛指揮使陶保罪上謂朝臣曰陶保是前吳人屠城之後為黎察家奴及收没黎察賜平原府為奴令罪當死然陶保曾為藩邸犬馬特饒死徒種田兵五月帝諭在朝諸臣云小人兩事阮廷羙畧已行之其固權則奏云将士樂起土木其賣直則奏云朝廷臣𢙇疾妬心而請一月三次奏事日者廷羙已曾試於朕今廷美尚為三品之貴朝廷猶崇信之應以小人廷羙居從四品之職足以明朝廷聖讒説疾憸壬之意也󰱃幾他日有如廷美者猶思改心易慮而遷於無過之地秋七月初三日明皇子祐榶生即明孝宗皇帝也八月占城國王槃羅茶全親出水步象馬十餘萬襲化州化州守邉將范文顯等戰不敵驅民入城飛書告急九月勑黄丁十二歲以選取充軍改為十五歲以上開為男子大項從阮日升之奏也勑官員男孫歲小身才大猶隐避不呈送本身充本府軍厥父罷職勑諭天長府承宣使曰制亂莫先用武強兵固在足粮勑至爾等增徵軍邑吏員生徒等項每人米十五筒黄丁老人米十二筒責所收又蒸為熟米勿淹時日𮞏納使司該官起造草舍驗實量入具本奏聞敢有逋迯定為斬首阮廷羙奏占城騷擾邉事郭廷寶奏偷氽珍州及地方侵掠事十一月校令行兵政令五十二條定駕行禁浮言假詐令六日帝下詔親征占城先是占城尸耐人槃羅茶悅以乳母子殺其主賁田而奪其國傳弟茶全為人凶暴滛政慢臣虐民占人民叛茶全不之恤方且侮慢自贒不脩職貢凌辱朝使侵擾邉氓誣詐明人求援入㓂帝乃徵精兵二十六萬下詔親征詔曰昔我大祖髙皇帝蕩平亂畧肇造家󰘊太宗文皇帝敬天勤民繼志术事小懷大畏内修外攘裳𠦄䯻椎梯山航海萬流仰德八極傾風蚩蠢占城趦趄兎窟蜂蠆養而成毒禽獸飽而忘恩躑躅獨夫徘徊小智彰聞穢德好忘無地之軀包藏禍心妄畫射天之策我先皇爱赫斯怒惟懷永圖三載遏音大勳未集仁庙践極種落實繁憑古壘之孤丘恃闍槃之蟻穴惟狂罔念称伯父而姪我皇滅德作威號天佛而臣我越惡積不可揜言辱不可詳呼儔敢逞狗偷之態抵虚投隙潜驅烏合之徒攻刼化州䖍刘屯戍滔天之逆踰月而平計已不行謀之更拙𦕈視不明𭛁有逸口計󰠃辝遁將叛辝慚作孤媚於燕京笙簧行譖人之計萌蚕食於象郡復背陷受敵之危求銅柱立於横山令漢兵下於𭶚道繼言我如天二日自尊南國之帝皇謂我奪金寶貢珍謂我争白花母象視吾民甚輕於草芥忍生沙蟲之心指我國易取如奕棊妄覔蓬莪之骨觀其措言口舌莫非傾人宗祧若是其幾無所不至以致大明之疑慮賫勑連年奈思醜虜之跳梁𨺻兇覆徹何校滅耳良限薰心鴉峙危巢臣僕我朝使蛙鳴底井謦咳我色書日長月增䧺唱雌和與乱同事謂暴無傷涴狗父諸母之腥膻行簒弑而移逋提之祚胤動佛㙮鬼祠之勞費扇禍福而滋茶全之蔓延禁屠而困天民止酒而匱神祀男女盡驅於廝役鰥寡久毒於劓焚占氓則重賦惨刑尸耐則高官好臧󰱐我男婦淵薮我迯亡流民蹐地而啣冤闔境告天而無路族焚其次播奸宂而冐化風帝用不臧逞凶殘而行正事小人在位大󰘊為讐内竊窺窬外揚貫献借使孤鳴帝里誠所甘心𡸈期蟻聚神州竟将肆志我弛則嘯群入㓂我張則掉尾乞怜為宗社讐為生民患謂鞭场不及馬腹謂風末不舉鴻毛敢𢙇好亂之心正犯必誅之令豪傑聞之而切齒忠義見之而傷心原始反終智小謀大有典朕仰體上天之道近繼黄考之心殄春秋九世之仇定國家萬全之計救兆姓倒懸之苦安積年反道之󰘊伐叛救民聖哲以之而耀武栽培傾覆天地以之而為心盖自古夷狄為患國中故聖王孤矢以威天下九黎亂德黄帝治兵三苗不恭大禹誓眾𨿽用兵乃聖人之不得已而立法使愚婦之所共知務小何蔽日明榻邉𡸈容鼾睡󰱇斗量之𢒎将募雲集之健兒貔虎萬夫舳艫千里士百其勇人一厥心莫不扼腕争先持䋲待試軍丁列太保祈郡公征虜将軍黎念領東南北三府衛水軍先行頒征占令二十四條于諸營及錦衣金吳神武殿前各衛司七日辛巳帝奏告太廟曰臣小子無良入承大統惟懷安民保境宣敢黷武窮兵蚩蠢占城窺窬狂㓂不畏天而苟保興我國而為仇始則攻掠化州圖為奪我疆土終則關聞明國更謀󰱧我宗祧以苟父猪母之汚作賊君盗國之逆䐧腈尸耐刀機象郡積惡滔天包臧廣地臣繹之廟筭質之民心咸謂蛇豕之兇生靈正宜興兵間罪懸首梟街臣不得已祗徇眾情恭行天罸甲兵大舉于外威權不少假人於本月初六日庚辰分命征虜將軍麟郡公丁列副將祈郡公黎念領水軍十萬先行十六日庚寅臣督率水軍十五萬繼進深入其地不失其時上以繼祖宗皇考赫怒之心下以救天萬流民倒懸之苦為子孫計殄祖宗讐伏望列聖在天之靈陰相默佑俾陳師鞠旅帖海恬風兵揚熊虎之威賊築鯨鯢之觀妖氛頓掃清廟告成迄收平定之功皆望聖臣之助臣謹具奏聞十六日帝觀率大軍繼進命左都督黎希葛右都督黎景𧗼等居守是日御駕𭛁行小雨北風司天監謝克諧奏曰雨為潤軍雨風從北方為和風故御駕𭛁行有詩云百萬師徒遠啓行󰉎蓬雨作潤軍聲盖紀其實也命吏部尚書阮如堵祀丁先皇祠凡道經神祠命官致祭祈軍也二十五日是夜杜潤侍御前上語及道理二字謂道者當然之事明白易知理者所以然之故徵妙難見予嘗作此二詩積日乃成潤對曰帝之理𭓇緝熙光明於混然之中有粲然之别精徵藴奥形諸聲詩𡸈尋常𭓇士經生窺仰所及上又語天文之𭓇詳指二十八宿五星運行皆有所犯犯于某星則某事應帝之𭓇博槩見其端上覧占國地圖改定山川名號十二月初三日大駕𭛁鉄山賞按察使丁叔通阮才等錢有差帝勑奬諭之曰六師勝敗之事任在將軍一營利害之機責㱕按察太師丁列軰兵無紀律事若而戲爾等䏻露章奏之予惟嘉尔賞賜官錢可至而領初七日玉麻府土官琴麗來朝進貢方物盖倣古者方岳之禮按察使丁叔通范永裕裴叔史阮才等奏議于妄召詣行在詰以腐儒敗事之罪免帽溺以辱之上諭征虜将軍丁列黎念等曰一󰁮兵機百端而戲失火而傷死三十餘人,Chinese
dvsktt,予心揆之實為少矣賫勑告諭爾其思之十八日水軍入占城定考課該内令一内外各衙門長官考課該内詳勘歷任事跡果䏻有心撫恤人民愛慕井管内迯亡數少方稱職若攪擾誅求徇私生弊并管内迯亡數坡者為不称職辛卯二年明成化一年春正月初二日上以大軍將臨敵境時士卒尤宜閑習於是詔順化軍出海以試舟師上慮占國山川有未易知乃命順化土酋阮武圖其險易以進初六日指揮罡遠生致占國具低關吏蓬莪沙沙盃藩酋琴積順平藩酋道二來朝進献方物哀牢國使臣官平鎮守頭目郎儷等各賫方物來献帝親制平占策頒諸營策中有心勝之理者十有可惧之事者三上慮将士未德忠率步兵潜行山脚賊將望見御營遂大潰率相躙藉走入闍槃行至募奴山忽見希葛軍等已截㱕路倉惶失㨿横踰髙山脚人馬軍資僵尸满野黎念吳洪等縱兵擊之斬大將一人餘皆驚散時帝至米芹縱兵進擊斬首三百餘級生擒六十餘人茶全聞弟敗走乃大驚惧遣其親信奉表乞降帝亦遣使徃來無間二十七日帝親率大軍攻破尸耐成斬首百餘級二十八日帝進兵圍闍槃城二十九日直抵城下圍之數重三月初一日闍槃城陷俘獲三萬餘人斬首四萬餘級生擒茶全還班師先是諸營𢒎橋既成茶全日送降疑上召黎厥忠等謂曰賊之鬪志已觧我之攻期既成茶全今日乘城一皷可拨予将𭛁砲恐彼知之不如密約諸營同時進討乃徧諭将士可急梯城有󰟸上遙見前驅營軍已登城堞乃連𭛁砲各三響以應之又命内臣領臣武軍訴東門關以入命同太監阮󰲰諭諸營将士曰府庫財物各宜封守不得燒燔占國茶全生致轅門不得𢦤殺帝命旨揮吳鴈引降賊逋産訶摩至且令陳列求降貨財噐用非我國所有命尉杜環歷指其名有銀匣形如劎上問是何物也環對曰占物自古為國主必有此噐傳之子孫訶摩乃茶全之伯父順仕軍生擒茶全引至上前對曰是也對曰臣望見封釆已知其為聖上矣上曰爾子幾人乎對曰臣之殘息有十餘人杜環曰彼乞憐為臣願陛下待以不死上曰𨦟鏑之下恐爾遇害行䏻生𦤶實慰我心乃命茶全出鎮殿司外小葺居之左右扶去稍急上曰徐引去彼乃一國主𡸈何如是窟迫乎初二日上以茶全已破卽語班師上以茶全所乘船窄不容妻妾令擇二人與偕餘至京師盡還之茶全妻乃賁該之女與女姪皆其兄槃羅茶悅之妻而茶全烝之茶全既被擒其將逋持持走至藩籠㨿其地稱占城主持持得國五分之一使使称臣入貢乃封為王帝又封華英南蟠王凡三國以霸縻之初七日以占降人巴太為太占同知州多水為僉知州上諭之曰太占古壘二州舊爲我境近代淪於占國今盡復之特命汝等鎮守敢有不從殺然後奏十一日命杜子㱕爲同知州知太占軍民事黎倚陀為古壘州知州知軍民占人敢有悖亂殺然後奏哀牢遣使來朝先是哀牢遣使朝于京適大駕啓行乃自京行至思客行殿大駕凱還方得進見鎮寧府土官琴公差頭目來朝貢順平州土官道貳等來朝時駕回至順化知州道貳及其弟道童與部黨百餘人將象五隻來貢攸樸峒知州道夏四月駕駐乂安初八日上至𢒎來江上見皇太后乘船有太子隨侍上馳輕舟而至更服登舟還天派行殿占主茶全以憂悖成疾至是死斬其首焚其尺投于江載其首以行又於船頭樹帛旗題曰占城元惡茶全之首使天下知之十一日駕至土瓦行殿上御于千秋船既而先于珥河之津皇太子隨侍扈從諸船纔數艘上艤舟良久𭛁砲六響俟千秋船至上乃還宫二十二日献俘于太廟以所得占主茶全首及俘獲賊馘訊醜吿籃京五月初一日行駕捷禮群臣黎念等進駕捷表六月以占城地置為廣南承宣及升華衛置十二承宣按察及置廣南三司秋七月定頒降版圖書契體式日其以本年正月初十日為水始後或未奉行准為失格從户部尚書兼太子太保黎景徽之奏也宣准詞體式十日遣太保户部尚書兼太子太保黎景徽賫金󰀋立皇弟五子鑌為建王八月定提刑職掌提刑御史朝參立班必如該道御史若提察刑部大理寺檢諸五刑獄如順天大寶事例非是新設刑部尚書以下及大理寺并獄官不𫧇出入人罪量宜糾劾罪人寃枉亦宜伸雪錦衣衛詔獄及殿前司獄儻有枉屈惨害宜奏聞日日親至檢問九月勑旨係原有官奴婢等人僞官僞吏土官拒敵出城投拜吳父京母姦穴逆黨及哀牢狗玁占城等項一切係官奴婢已補各色役而中罪襁褓變易姓名為民人及嫁娶别縣社其生男女孫姪姓名正身就州林院閲選二十六日校定皇朝官制百姓等今之土宇版章是之昔時大相逕庭不得不躬制作之權盡變通支道内而軍衛之眾則五府分掌之機務之繁則六部參綜之禁兵守禦三司以僃爪牙心膂六科審駮百司六寺承行庶務通政使司以宣上德達下情御史憲察以糾官邪灼民隱外而十三承司與總兵方靣都司守禦控制要衝府州縣以親民堡所䦕以僃御聯常事體且相維持故徵𭛁督府事也體統必䦕兵部出納户部職也幇支必與户科吏部銓敘非才吏科得以駮正體部儀制失序禮科得以封弹刑科論刑部審讞之乖宜工科檢工部課程之勤怠至如各五府軍需簿額填委之多將帥偏裨󰱇𪣷懦軟二音宫外垣也之别經歷首領得以󰏲考糾察之前制建官多以品崇爵侈今制見官總是祿省秩卑官設與前頗增禄費與前将准威權不者國是難摇有道揆法守之風無悖義犯刑之過以成我聖祖神宗之志而保治安於無󰠃非作聪明亂舊章而葙天繼今為我子孫當知此制之行出於不得已法式一定恪宜持循勿是一以之聰明妄擬先朝而改作顛覆典刑以陷于不孝之地為之臣輔亦當恪守常憲永弼乃后俾紹前烈其永無愆敢有妄引前制妄議一官一職委是奸逆之臣紊亂成憲棄市不令家属𭛁去邉遠以明爲臣不忠之罪庶幾萬世之後知夫創制立法之意有在矣其制以皇宗列爵為始親王則皇子受封以府為號如建興府日建興王之類是也嗣親王則親王世子受封以縣為號如海陵縣曰海陵王之類是也公則皇太子親王眾子受封以美字為號如肇康公之類是也侯則嗣親王公長子受封以美字為號如永建侯之類是也伯則皇太孫自親王公眾子親公主長子受封以美字為號如靖共伯之類是也子則視正一品親公主眾子侯伯長子受封以羙字為號如建昌子之類是也男則視從一品追贈親公主長子侯伯眾子受封以美字為號如廣澤男之類然皇宗其例有入自佐國使至敘恩使是也其次勳臣列爵非碩德元勳舊勞於國不可濫封如國公郡公以府縣為號止用一字侯伯以社為號全用二字其勳級則文勳自上柱國至脩慎少尹凡五品各有正從武勳自上柱國至鉄騎尉凡五品亦有正從文階散官自正一品初受特進钅子榮祿大夫至正九品初受將仕庶郎凣九品各有正從武階散官自正一品初受特進輔國上將軍至從六品初受果敢將軍凡六品各有正從内官散官自侍中令正三品至副歷駛從九品其制凡七亦有正副其通資上秩二十四資至下列一資凡十九通其功臣榮封則自推忠至宜力凡二十四字大抵有功文臣武臣初加二字至八字為人宜某字臨時特加又以太師太尉太傅太保少師少尉少副少保為大臣重聀以吏户禮兵刑工為六部六部之外又有六科大理太常光祿太僕鴻臚尚寶為六寺又置十三道監察御史五府軍都督府金吾錦衣謂之二衛中前左右後謂之効力四衛前後左右衛謂之神武四衛羽林宣忠天威水軍神策應天謂之殿前六衛在外各鎮亦置府衛都司江海各處亦置巡檢江官諸承司府縣州外任各衙門莫不各置官以治之焉二十一日遣使如明裴曰良阮覧黎仁等歲貢阮德貞范穆等奏占城󰲡邉事定桑州税錢量𤱈一二三等出錢勑旨凡内文武聀官中官同初任試職吏部具奏須給勘合著官帶給俸三分之一子孫止如百姓至三年稱聀無犯者加陞授實聀不稱者黜還前軍色等項如有才䏻卓異之人出自特恩者不拘此例未入流者官雖正授止給勘合不給勘命今後凡有勑旨及大小諸例該都使司府縣州諸衙門並出榜掛張使百姓欽遵奉行閏九月定衣服補子制度上諭之曰朝廷乃禮樂之地衣服爲章彩之文名分截然詎宜爽越故舜觀古人以章施其五釆禹惡衣服而𦤶美乎冕舜禹聖人不以衣服為末節必於此乎存心服世為人君為人臣者可不於此致謹乎我國家撫安區夏󰏲古禮文上下章服文禽武獸古有制矣貴賤等儀不可踰僣𦾔有禁矣夫何有僚莫辨視國家制度爲虚文庶民犯法以紵絲織金為常服尔官員百姓等其德朕言文武職官章服胷背一循定制百日之内不衣制者降級治罪置輿人女丁冬十月頒花樣補子畫圖凣禽獸色物公侯伯駙馬並畫一文武正品畫一從品畫二風憲堂上官畫一分司畫二雲河山水花木等件繁殺多少隨意制作不拘泥青黄亦白金碧緣等彩色官樣從宜繡造亦不心一槩金緣如雲河如山水禽獸用金線亦許改府縣州禁奏本不得糊塗十一月勑諭山南承宣府縣等官曰爾軰任隆方靣責重親民不𫧇體朝廷惠養之仁乃徒為鞭樸簿書之未今爾使司府縣等宜速行管内山澤海岸等地可為田堤堰溝渠勢可築决及有虎狼為害豪横敎唆風俗澆漓生民疾苦凡便之當興害之當去百日之内謹續奏舉怠慢過期差錦衣衛士體訪得便猶可興害猶可除而爾奏不及府縣罷聀充廣南軍承司官降聀勑旨祖父失職子孫充本府軍勑旨朔望大禮日文武不着公服止著常服躱避門外欠點充軍禁滯考課帝諭云考課之法所以甄别賢府振起治公唐󰔄三載考績行其黜陟成周三歲計治行其誅賞今尔内外各衙門在任聀满三年急告該官無得流滯若經百日内不類送者計所滯每貟罸錢十貫徇私容情一體治罪是月上命合總兵宣召符勑仍諭各衛總兵官爾軰帥閫仲任藩維所寄朝廷有宣召拿問𭛁兵諸軍事務必降勑書内符詳勘合符果無差忒方可從命如有勑無符有符無勑及公侯以下各衙門移勾徵調等文書並是奸詐爾速留起本驛奏𢫔自離任者重子輕流初八日再征占城擒其主茶遂及部黨回京是年以杜閏郭廷寶為東閣校書吳士連為史官修撰以太保建陽伯黎景徽掌六科壬辰三年明成化八年春正月勑旨係有實封奏本許他簽白於奏本紙三月令各衙門吏鄕試中式除正官火燒西門各會試天下󰁮人取黎俊彦等二十六人其試法筋一塲四書入題舉子自擇四題以作文論四題孟四題五經每經三題舉子自擇一題作文惟春秋二題併為一題作一文第二塲則制詔表各三題第三塲詩賦各二題賦用李白體第四塲策問一道其策題以經書旨意之異同歷代政事之得失為問夏四月初失日上臨軒親嗦問以帝王理天下帝命太保兵部尚書兼太子太保建陽伯黎景徽通章大夫左春坊左庶子兼吏部上書陳鷟二貟提調缺名二貟監試丁叔通郭廷寶等五貟讀卷賜弟一甲武傑阮全旨各處承宣承司使司府縣等官培築堤路九月勑旨申戒五府都督六部尚書等官朝退各就本衙門視理一切公務該属下僚齊來承禀長官不得自囬若下僚緩欠長官打點舉奏勑旨太僕寺卿拷占蛮人等姓名如占人姓新原依制蛮人姓㱕保依一如重復名止著三字如蘇門蘇沙門如沙瓜沙哇瓜之類東十月定護衛朝儀凣將士每日進朝先於端門外東西序立朔望即於文廟崇武門外俟皷三嚴𭛁進入丹墀以字陳鎧仗班次整肅如儀仗敢有故違至於失序三嚴發之後猶未整齊錦衣金吾拿捉請罪置髙尺令田土每畝十髙每高十六尺五寸禁官員及百等不得私臧占城人十一月班征蛮令十九條以陶舉為翰林知制告十二月勑諭太宝建陽伯黎景徽等得安󰘊奏謂明人奪兵從廣西會勘官何多爾火急差人體探事情如見事勢頗事即移文各處集兵防守勑旨文武百官繼今進朝如過雨之日補子靴鞋穿著綿麻布服亦許從宜至於天晴路乾服節一如𦾔例以陶雋為兵部上書范仁謙為工科給事中王師伯為國子監教授聖宗淳皇帝下癸巳洪德四年明成化九年春正月帝親耕籍田率群臣耕行郊禮禁酒色勑旨官員及百姓等󰱥今家非賓筵不󰖶飲妻非犯罪不應出太后父吳氏慈母丁氏鄕邑也二十日寢陵有事命工部尚書范瑜往祭弘佑廟日入風雨大作三月旱祈于太廟并命官遍禱于各神二日雨夏四月三日大雨勑旨各衙門奏本用竹𥿄定内外任官禄制簡太簡閑散太閑散錢例各有差别給錦金二衛俸例上諭太保建陽伯黎景徽等曰我尺山寸河𡸈宜抛棄爾宜堅辨勿許漸侵如地不從尚可差官北使詳其曲直汝敢以太祖尺地寸土𨁹賊罪顯誅夷五月禁衛兵擅行差撥屯直空踈勑禮部僃榜百官及軍色人等繼今係非宿望鴻儒年高德盛不得妄呼先生三司軍民海陽安󰘊道監察御史該知神臂司壮士金吾衛副軍神策四衛東軍府海陽安󰘊等處三司軍民山南順化廣南道監察御史該知殿前司六衛南軍府山南順化廣南等處三司軍民三江興化道監察御史該知効力四衛馴象四衛馬閑四衛西軍府三江興化等処三司軍民京北諒山道監察御史該知尚衣御用監工部各匠宣達局應事局屯田蚕桑精米種菜典牧各所司北軍府京北諒山等処三司軍民太原宣光道監察御史該知宣達厨侍衛局奉直軍太元宣光等處三司軍民校定憲司職掌憲察使憲察副職專陳言廉訪紏劾勘理審讞會同檢驗詔刷考課巡行等事務凣三十二條秋七月試醫題凣四門九月大雨先是春季三旬無雨夏少雨至是雨下如注達曉未晴勑旨内外各衛門一應公務奏章該官詳審事例情由親事起草藁付該吏寫󰍶覆檢施行勑旨刑部󰀋子簽黄長衣󰀋子定奏章失格事例如字行髙下及點污枝類從翰林院侍毒兼東閣大𭓇士申仁忠之奏也冬十一月校定征蠻别令凣十條勑旨繼今百官進朝不得唾放芙榴殘汁於丹墀門庭十二月征山蠻甲午五年明成化十年春三月勑諭天下各處承宣府州縣等官曰設律以止奸詐寧容玩律之流置官以息訟端反起賣官之弊弗嚴禁戢曷弭紛争󰱥今以後承認田土猶以經期詐立狀詞預著期内年月不曾候勘及前已容奸𨿽按有供言一寸批停不得勘理該官敢受而為理憲司紏劾以流罪罪之死文充懷仁衛軍五月十五日定造籍買紙令勑旨攅造户籍田土該籍官隨分大小准當差人夫每人叁陌買紙筆呈承司照刷六月十六日勑旨叁舍生散居該官懲治犯過累犯者舉奏充軍定激勸忠義令一忠臣義士如前朝黎輔陳渴真今朝陶表該官府縣官訪求他孫姪各一人覈實僃奏授以散職如無孫姪方𭁈親属一人饒其軍賦俾奉香火若副都御史阮維貞如陣亡例以示激勸閏六月十六日殺何儼帝諭太保祈郡公黎念等曰何儼之死三不幸焉法未宜誅󰱩遭枉死何儼之不幸也無心濫殺自致汚聲朕之不幸也時吏部尚書黄仁添侍郎何儼陳詢多以遠任官轉補近便以厲瘴轉補䐧腴是故令武仁和將黄仁添何儼陳詢等來問朕感疾隨忘仁添未得問兒何儼卒死是不行也秋八月詔願征山蠻者十月𭛁去九月十一日勑旨各衛門吏擅回家徒犒丁充軍本衙門該官擅𭁈罸錢十貫再征山蠻冬十月遣使如明黎弘毓阮敦復吳雷等歲貢汧仁壽阮廷羙等奏占城潰亂擾邉事脩治京城西邉墻哀牢貢方物是年以鄭公旦為兵部尚書王克述為吏科給事中武德康為户科給事中陳棨为刑科給事中乙未六年明成化十一年春正月遣金吾衛指揮使郭景來追捕逃亡景至自洮江路及景還上命太傅祈郡公黎念吏部尚書黄仁添兵部尚書陶雋翰林院侍讀兼東各大𭓇士申仁忠東閣校書杜潤郭廷寶翰林院侍書武傑及史官脩𢮪吳士連作詩帝作序以餞之其序題曰天南洞主道庵序三月會試天下舉人時應舉三千二百人取髙炯等四十三人是科試法第一塲四書論三題孟四題中庸一題總八士人自擇四題作文不可缺五經每經各三題獨春秋二題第四塲詩賦各一詩用唐律賦用李白第弎塲制詔表各一第肆塲策問其策題則以經史同異之旨將帥韜鈐之藴為問夏五月十一日上御敬天殿親策問以古先君臣命光進鎮國尚將軍駙馬都尉東軍都督府左都督端武伯鄭公路吏部尚書黄仁添題調太子少保御史󰱑都御史陳封兵科都汲事中費伯康監試翰林院侍讀兼東閣大𭓇士申亻忠東铬校書杜潤郭廷寶讀卷四武濬昭翁義達髙炯三人薦士及第范璨等十三人進士出身杜榮等二十七人同進士出身二十八日勑㫖各處群聚盗刼所在承宣府州縣官社村長並如律治罪秋七月洪水决蘇瀝江金皷坊八月二十八日試官貟男孫其試法表戞題算一題冬十月勑旨各社造籍一社男婦同姓不得同名如𦾔有著者即改别字新𦾔不得虫復十一月󰱇補軍伍定脧削䂓財令係營造修理托以營内而脧削䂓財以䂓財罪之定試官罪一干公事以有官議之若干私事以無官議之勑旨天下修治堤防及道路等處置勸農河堤等官明立皇子榶为皇太子勑旨總兵官赴京必降勅書内符果無差忒方可從命若有符無勑有勑無符而擅自離任者重死輕流以黎景徽為太保建陽侯黎希葛為延河伯祐豐為提刑監察御史丙申七年明成化十二年春二月帝親幸𭓇命文臣分祭東西廡十六日月食既上幸籃京二十二日帝𭛁自西京乘輕舟出靈長海口作靈長海口詩并自其自云㸔山玩水所以寓仁智之樂也可測世傳以為龍口焉龍口之外則有一石體形特奇世傳以為龍鼻焉龍鼻之下别有一石圓羙絶倫世傳以為頷下之珠焉石巨嶙峋殊色多姿或密或踈紛不可數世傳以為龍鬚焉帝捨舟登岸進步山頭逸興忽生乃寫五十六字以記之二十九日勑諭東京留守太保建陽侯黎景徽延河伯黎希葛及吏部尚書黄仁添等三月初三日大駕來自籃京是日分軍禁遏行人在京護衛壮士屯店謹嚴根從上京特論鄕等知之三月十六日大赦凣四十九條夏四月旱二十三日祈于昊天上帝以自冬迄夏嗇雨固也按祈雨表畧云否德人臣黎某敢竭至誠上請于太上開天執符御曆含真體道昊天至尊玉皇上帝陛下兹以自冬迄夏嗇雨恒暘民事󰠡难工商無聊農桑失望無以臣之否德遽令百姓以受殃茧蠢嗷嗷殆無生理此臣敢不叩閽以伸哀念以𥸤祗情伏願赦過宥罪轉災爲祥大雨甘露遠覃率土臣謹願奏祈以聞六月初七日勑諭二十條十日勑旨󰲛人女丁所生男女每六歲一遭閲󰱇充入率以爲常以翰林院侍書陶󰁮為東閣校書十六日詔捕茶王克昌以克昌潜謀大逆固也至八月初六日克昌病死秋七月二十七日明遣正使禮部郎中樂章副使行人張廷綱賫勑書來告立皇太子并賜綵幣汧仁壽死八月十六日夜五更初刻月食全分冬十月十五日遣使如明裴山王克述褚豊賀立皇太子黎進翁義達謝賜綵弊阮濟奏占城地方事丁酉八年明城化十三年春二月初三日勑旨禮部出榜󰱥今護衛等官除擐衛宿直如常例外如祗受恩命勑遣及拜見拜辝拜謝等日并具常复及公服如朝參官官貟例不得如前用漆帽褻服者文武拜謝並用公服不得如前用常朝服勑㫖天下内外文武等官繼今常參辝見日服圓領衣一如頒降官樣除授三四五六七八品散官長子間有年方少俊好𭓇者𭁈人崇文舘𭓇生讀書吏部詮除司訓典義并文臣年髙有𭓇問者兼行教習每二年教習官僃奏送禮部考試暗寫本一塲經義一道四書二道中者除文官各職若年長魯鈍願習武藝𭁈之肄習錦衣衛每日就西城較藝塲習弓矢手箭楯等藝季冬本衛差官考校每三年該官僃奏送兵部如例考中者除武尉各職若病劣不堪願回鄕貫者僃呈吏部吏科等官閲驗具奏𭁈帶職回鄕閑住勑旨從官應得入流子孫考試中詩表及書筭許充秀林局儒生及各衙門吏如文武子孫試中例夏四月十八日勑諭各處承憲府縣官尋常民事如旱而不禱潦不即䟽利不即興害不即禳災異而不祈禱以流罪罪之秋九月初十日上以鎮寧府金山縣與外夷接景鎮服宜求有力詔吏部作急󰱇官貟有才畧定小江桑洲税定分新市例勑旨天下各處縣州社生民日繁欲分新市則便貿易即府縣州官勘實果便於民起本僃奏從便會市不拘有無𦾔額十一月二十日帝遣兵部左市郎陳中立翰林二至五級外任繁退一次繁退二簡退二太簡退三至五級試官隨其繁簡於既進退之後復退三級而給之十二月十五日月食既二十一日色諭文武官係非錦金二衛臣武殿前効力壮士等衛司親属托故饋遺交通餔啜求交好及與之交好者並拿下廷尉其外臣𭁈内臣交斬罪該官不能檢󰁮以流罪罪之勑旨護衛各司旗軍未有帶牌該衛官詔如護衛懸帶木牌定各衛門又資格出身例凡在内者有出身各衙門吏初充為書吏幹事三年充達吏又幹事三年陞充典吏又幹事三年無過犯陞充都吏如在内無出身各衙門吏初充為通吏幹事六年陞充提吏若在外同在内無出身衙門吏定各府衙令史資格例初充為亞令史幹事三年陞充本府衙承令史又幹事三年陞充有出身衙門都吏定封贈例皇太后封三代皇后三妃封二代九嬪六職及女官一品上封一代其追封者但加官爵號止得一身並無職俸及蔭例文官貟平日幹事遇事亦許封贈凡文武得旨賜封命婦吏部具奏得旨僃将爵號職品奏聞送司禮監照例奉行定官貟給田例戊戌九年明成化十四年春二月二十三日勑㫖各處都承憲三司許察都内官吏或有亷汚勤怠及儒𭓇官教訓人才𮞏年充貢有無多少俱以各聞定行黜陟勑旨各處承宣府縣官等將視田疇勸民引水及時播秧三月會試天下󰁮人取其合格黎寧等凡六十二人黎寕安樂受益人憲之祖夏五月十四日上臨軒策試問以帝王之理天下閲其所對止賜黎廣志第一甲進士及第第二名陳璧宏黎寕並第一甲進士及第第三名阮迪心等九人弟二甲進士出身阮𤩽等五十人第三甲同進士出身秋八月大水每年之内二次朝京每年正月七月各一次來朝若有適已任情廢棄朝禮一次罷職奪官二次拿來治罪九月初五日定首領官署字例一各衙門首領官󰱥今奏本及一切公務文書並紙尾署字不得𭁈堂上官並例二十二日帝下詔征老撾東十一月二十日定選除刑部各司官令勑旨刑部堂上官從公詳審各司官間有由吏貟出身識浅才卑明白僃奏送吏部覆實改除别任更選進士及中塲士人曾京府縣州及首領等職而有才識者代除之定揀汰令三條一内外文識衙門堂上長官各宜從公審詳所該官貟文有庸劣如諒山參𬢱陳惟馨長慶府知府寧闒茸富平府知府范操之類及曾鈍鄙猥不堪任者閑住僃奏送吏部覈實並劾致識更󰱇曾經任事有噐識練達者代除之一内外𬋩軍各衛門堂上長官宜從公詳審所該衛所等官間有疲劣如阮致堯杜有直杜公奭之類及闒茸鄙猥無才幹不堪任者閑住僃奏送吏部覈實或改簡任並劾致職者更󰱇曾經征戰有噐識幹事賈代除之一各衛門長官應揀汰者宜公明無可好惡使󰁮措之際愜服眾心若臧否失實六科御史󰱑憲司檢察紏奏治罪十二月十六日夜月有食之令諸軍習眾陣于講武殿庭二十三日始定婚姻嫁娶󰀩禮其󰀩禮凣娶妻先使媒氏往來定議然後定親禮親禮既󰍶然後議納聘納娉既󰍶然後擇日行親迎禮明日見舊姑三日見于祠堂其儀序節文遵如頒降奉行不得如前男家既行定聘禮經三四年方許親迎定都試賞罸例一公侯伯及内外武官有任𬋩軍職者並宜都試如法每一試弓箭五枚手箭子孫罷職還民百姓子尊罷職充軍夏五月令收熟粮貯各處承司倉内外各衙門吏身粮每人二十升六月初七日帝下詔征盆蠻書曰推亡固存󰘊乃其昌鄕景昭飲醴文身錐耳󰲛贄琛盆賊琴公介居居裔服聖祖澄春育存胥敖蓬𠬠之中文皇山納川藏置季孟壠底之外奈獸心莫革野惟馴躑躅豕嬴譸張祖詐怠篚包而廢任土之貢辱介史而𢙇欺天之心謀之不臧靡可億逞為鬼為蜮敢依逆命之兇如雷如霆薄致義師之伐始則抱頭遠遁喘息巤身終焉掉尾乞憐倉皇納土朕憫一方之生聚寬萬死之罪𠎝置郡縣而甸彼疆易衣裳而縻我爵頑㝠木石孤負乾坤縱溪壑之參饕倒冠屨之名分恣殺戮則盗弄威柄擅財利則販鬻民田溺刹門則毀其髮㦆逞禽行則淫於女媳僚吏部迎勑命則髙枕不行関吏驛報公文則閉門弗納甚則養無聊之刺客稔不逞之邪謀行間諜而窬覷國中構虚辝而扇惑化外麗開惡黨則掩護而相容韓召土酋則拘留而不遣悅德麟賣國而結為父子忌郎竦委積而戮及妻孥嗚合嘯儔屡抗王官之涖邑象恭方命敢󰏲質子之來朝内迷妖納之邪言外倚老撾之聲授制俠阮子󰀩數十餘軰百端旅拒而不恭宗臣王文旦二十餘人一旦殺伐而靡惮方且浚湟繕甲伏莽屯兵謂叢篁可以遁踪狃作偷生之計謂瘈狗可以逞毒敢𢙇及噬之謀彼葛伯殺一餉童而商湯奮始征之旅樓欗刼一行介而漢帝興問罪之師况元惡琴公忮心滋甚虀粉我邑宰魚肉我戍臣怒人奚啻於填胷数罪何多於擢髮子陽背漢妄𢙇蛙井之尊元济叛唐难逭鵝池之戮前車歷歷徃法昭昭特命太尉崇郡公黎壽域端武侯鄭公路延河伯黎希葛掛將軍印授以精銳二十萬期以令年八月分道進兵聲罪致討雲集熊羆之士皷行蛇豕之區社席遐氓鯨鯢凶黨聲赫赫靈濯濯從天揚破竹之威訊連连馘安安指日奏出車之捷布告中外或使聞知定吏抄勑旨令继今各衛門吏奉差勑旨大事用大方紙小事用小方紙並用一張不得釘󰀋秋七月二十蕊日帝下詔親征哀牢詔曰古先帝王制御夷狄服則懷之以德叛則震之以威其於禁暴誅兇殄邉鄙侵陵之患革心欽化全天地覆載之仁故軒皇有涿鹿之師周宣有准夷之伐是皆體乾坤闔闢之機法陰陽舒慘之化𡸈爲好大喜功窮兵黷武之擧哉我祖宗體天凝命保境安民仁育義征賁前裕後北朕丕䋲祖武光御洪圖涖中夏撫外夷廣大舜敖文之治闡帝獸開王志迪周文闢國之䂓惟此老撾界居西徼當聖祖扑狂吳之烈既伺隙而襲我師逮神武滅賊儼之軀又助惡而徂戎旅惟君父之讐未殄而戎狄之虐孔殷驕蹇萬端侵陵百態弟高皇姪裕廟自尊胡異於井蛙鈔良政掠安西扇毒愈滋於蜂蠆蚕食岑上下之居園鼠偷我邉疆之民隷順平沙盃為之驛騷臨安㱕合被其蹂躙湯上湯下我之邉邑彼則攘奪而跳梁道論道車我之叛酋彼則嘯呼而淵藪彼之信使我則厚遺而遺還我之介臣彼則拘囚而禁錮以至琴公竄身之日既翼卵而蔽姦及琴公反噬之時又兵而助暴肉魚我宇宙爪豆我提封侮慢自賢譸竹尤切誑也𡸈疆場一時之患實宗社萬世尸讐朕紹文武丕休恢皇王遠畧雪趙宋和戎之耻弘天地生物以為心復齊襄死國之讐法春秋行師而仗󰒂矧此蠻方之生聚久汚撾狗之腥膻欲還夷俗之綱常合振威聲之孤矢扛頂揭旗之士咸雲集於榖中翹關超氣之才舉星趍於摩下廊廟𬢱論資其謀畫山林遺隐助其技䏻人皆踴躍而揮戈孰不縹絩而指掌試徵眾志可卜人心既於本月二十八日特命将臣分道進擊征西将士黎壽域出前鋒正道節制游擊諸營殄盆賊之孝姪先剪彼羽翼㨿鎮寕之險地再擣彼腹心征夷将軍鄭公路節制土兵諸營從安西道入以據其上流鎮虜将軍黎廷彦節制横野諸營由玉麻道行以截其奔路游騎副将軍黎弄等從順每州所以扼吭拊背討賊副将軍黎仁孝等由清都府所投隙攻瑕要一皷儿破齊必多謀而誤楚彼如蜂屯蟻聚守則左實右虚彼若鹿散鵲驚攻則世分力弱揆我謀之先定知彼賊之成擒今朕躬秉白旄手持黄銊遏彼蠻方覊前代不覊之㓂纘于祖考集先王未集之勳用恢萬世之永圖盡雪百王之大耻上際天下蟠地光昭武烈皇皇西漸海南被河丕闡󰲛圖蕩蕩伐哀盆及老撾大破之駙馬都尉東軍都督府掌府事端武候鄭公路為征夷将軍掛将軍印都督同知黎永為征夷副将軍及總兵同知阮弄等提領東軍明毅廣武玉鈐英德奮威等衛驍勇兵該二千從安西道𭛁去進擊哀牢游騎副將軍黎弄及土兵參將丁世嶢咸受節制仍勑公路等云今命爾軰提熊虎之兵勦犬羊之醜驅馳諸将震讋以威掛將軍印如或失機驛聞行在參副為令檻送御營衛總以下斬首無又勑記録官阮如淵阮矜等上自将帥下至烝徒勤幹惰愚敢有恇怯一一詳記以僃奏聞仍賜征夷将軍營賞功小銀牌付後行賞賜有差命征西将軍崇郡公黎壽域將兵出征茶麟正道節制游擊諸營擊哀盆賜鎮虜将軍黎廷彦節制横野諸營由玉麻道而行以邀截其奔路游騎副将軍黎弄等從順每州道以扼其吭討賊副將軍黎仁孝等由清都府路以投其隙公同五道伐哀牢大破之入老撾城󰱐寶物其國王遁走虜其民畧地至長車河界夾偭國南邊得偭文書捷還九月初一日勅旨五府都督六部尙書官朝退長官及下僚擅自回家以降罪罪之十三日勑旨凣造嘱書及文契以本村邑自年三十歲以上立為文字証見准用施行敢有故違明令誘求幼小之人圖遂奸計者以虚論冬十月十八日大駕𭛁行征哀牢是日駐營於扶烈酉時失火延燒天威火噐庫於端門外燒盡西邉神臂壮士殿前直盧十一月初六日勑遣錦衣衛副断事陳寶都指揮僉事范仁敬前徃鎮寕府便宜經畫調度粮儲陳寶𭁈左右巡哨副將軍阮景清󰱇取左右巡哨二營其軍匠人強壮志願者每營定六百名該一千二百量取列營噐械粮儲前徃征西將軍黎壽域營詔問攻破老撾信息及上流征夷將軍鄭公路下流鎮虜将軍黎廷彦等諸營聲息遠近進止如何得詳具奏期以今月二十一日至鄭榮行殿復命并諭征西軍營攻破老撾捷書以為盆賊邀截脱失将軍黎壽域等從實具本及開陣前得馘姓名付陳寶順𮞏行在初八日車駕行至輸蒲駐營四日至二十二日大駕𭛁還二十九日欽差官錦衣衛副断事陳寶右巡哨副將軍阮景清等賫勑到於老撾土上流三岐江念總中州沙官處十二月二十八日上還京再伐盆蛮遣将軍祈郡公黎念掛将軍印領兵三十萬伐盆蛮以征西營攻破老撾捷書為盆賊邀截脱失故也師入隘琴公走死焚其城攻哨各城焚其積聚初盆蛮眾有户九萬飢死殆盡止存三千余人乃使人称臣乞降遂封其種琴冬為宣慰大使乃置鎮守各縣官吏以治之後琴冬󰱥󰌴庚子十一年明成化十六年春正月大駕至自盆蛮初十日明憑祥知縣李廣寧監執差人黄世恭汰免󰱇三月十五日止揮官貟任瘴地满二考以上称聀無過犯吏部查實調回善地勑止一考課之法以有成例所以别淑慝示勸懲今吏部及内外衙門官宜如例奉行使知攸勸敢有如前因仍廢格該科檢舉如律治罪二十二日酉時雨雹二刻汰軍色夏五月初六日酉時有星隕自中天㱕東户部尚書黎端之奉𬢱一各府縣官賦税𨿽定而押作堤路不勤趂農隙時未完有妨收穫臨考課時不得實聀并陞級以警尋常民務者六月旱二十日勑旨刑官及各處承憲府縣勘理獄訟徇貨者多從公者寡或淹滯文案經三四年或上下衙門互相推轉变白爲黑從僞為真奸詐百端莫䏻伸理冤濫愁嘆馴致旱乾刑官及各處承憲府縣官朝臣從公選汰使皆得人勘理要㱕至當具本施行二十五日北平總兵同知陳鏖差列校陶夫涣将旗軍六百名徃敢果地方開通桄䦕直抵班動處田横截樹柵化外頭目羅傳等将土兵來攻射夫涣退軍還䦕羅傳再率兵断樹柵處斥去燒毀陳鏖以其事聞上令司禮官以示朝臣黎念曰今再立柵彼必再毀無益於事宜差官徃勘果是我田地間在彼地為彼侵占畫圖詳悉回奏得實預作咨文待令今年遣使付陪臣将去呈廣西都司辨其曲直然後修柵從之勑旨官員進朝至端門外如遇雨日暫於東西两廊避雨勑旨凣中塲吏除州縣正官及經歷首領副使等職秋八月色諭云刑官重任宜擇所塲刑部各司官不問儒吏如才識浅陋不諳刑名者本部堂上官揀汰僃奏送吏部改除别職仍󰱇内外官满任二考以上中科塲有才識及由吏貟出身曾歷刑名者大除之二十七日明有勑來云近得雲南鎮守總兵等官奏安南國王無故動調兵馬攻殺老撾地方及今上未退又要征八百媳婦合咨王如有前失宜速退兵如無王須馳來奏聞朝廷淄究妄報之人寘之于法是日上令司禮監將出示朝臣黎壽域等𬢱奏今東䦕十三人投竄老撾邉地因差頭目阮報等就境上索取止得公道車載還不于攻殺老撾并要征八百媳婦事仍委阮文質賫行兵部左侍郎陳中立翰林院檢討黎俊彦潘貴等奉命徃使如明國還朝順賫明帝勑回吴文通將出朝臣㸔勑云兹者陪臣陳中立等奏官物至廣西憑祥龍州知縣李廣寧知州趙原不即應付接𮞏分與上下石两州搬運以𦤶月久被其阻留乞要今凣處臣來京國先朝移文總鎮等官刻期到憑祥𮞏送𦤶珑州及廣西宣府如例打𭛁啓行使臣回付委官送出况村関外庶無󰏲遲僃官黎廷涣不䏻関防付錦衣拏問朝臣黎壽域等曰彼狃前習常侵入俘掠我民合令東閣擬作諒山衛牒文送思陵州責以不䏻禁戢管内人民妄啓邉釁越境刼掠牛畜財物要得追還并擬撰勑遣監察并閑住官各一貟同本處三司詳勘黄蘆等𭁈彼前日有别固曲直緣由明白僃呈今年遣使東閣再僃前後刼畧事由擬朝廷咨文付使臣順賫總鎮總督兩廣等官勘管内思陵州緣何率眾越境刼掠啓釁生事黎廷渙等不能関防𦤶化外透入刼掠如刘𠃔直等所奏拿問吏部急󰱇别官代除冬十一月十八日遣陪臣阮文質尹宏濬武維教歲貢于明并奏占城事十二月丁酉上出翰林院侍書梁世榮所擬歲貢表文示朝臣説來黎壽域等曰三文並以平順如申仁忠等僉奏上貴親戚非類違者以徒論一勘内外雜犯諸訟所在官司依律限斷其曲直不得推諉󰏲延違者罸錢依令夏四月會試天下舉人取犯󰦛禮等四十人二十七日上御敬天殿親策問以理数賜范󰦛禮刘興孝阮𠃔迪三人進士及弟吳文景等八人進士出身阮明道等二十九人同進士出身范󰦛禮字󰔄卿新興御天縣人屋金華清閑登第時年一十七鄕會廷試皆第一世称󰦛禮三五月二十一日召進士范󰦛禮等入丹墀内御敬天殿鴻臚等官傳制唱名吏部頒恩命禮部官捧黄榜皷樂導引出東華門外掛張畢馬厩司用良馬送狀元㱕第旨揮一在内壮士神武効力殿前五府馬閑馴象等衛司所及在外各衛所府州縣官間有脧削士卒漁󰔦軍民惟務肥家不恤國法者在内指揮提督檢點都督堂上及断事經歷等官在外承憲二司各宜断以公心參諸眾論前項冗濫雖無實跡眾所共知者及有亷潔之人不爲參汚之態一體類奏送該道監察御史審覈勘實僃奏區處以示勸懲立屯田所詔曰屯田之置所以盡農力廣󰘊儲其令各處屯田定為上中下三等六月二十日揀汰官祿凣官貟繁多廪祿浮費六科宜查取光順二年以來官貟曾犯受賂等賍已𬢱貶降等罪及列校管押拖欠船板木條柴磚等物隐歛軍錢以致多欠所納之物價錢十貫以上而其人猶在官勒𦤶職者以革冗官以省廪祿二十一日詔曰内外臣僚效尤黷貨諒由言責未得其人或姑息以為䏻或擊搏以招謗官方汚冗民有嗟咨召沴干和弊所當革自今科󰱑憲察等聀朝臣宜從公𬢱󰱇󰰽堪汰出󰰽堪代除具本施行以革前弊秋七月初四日副都御史兼左春坊左中𠃔郭廷寶奏為斥却便宜事臣窃慮庯舍税額並入本坊納税差役兹奉天府官斥却不問雜居無有庯舍税額一切斥回原籍切恐京師之地販賣稀少無復繁麗之盛非惟行商居賈之人多於失業而市肆恐至空虚税額或至欠鈌汜爲不便為此陳奏除雜居無類應斥却外其原有市肆庯舍前續入税額且許居住販賣營生許入本坊入税如例財貨者准錢伍陌以上法司如律治罪外自四陌以下一體罷職充軍如參冗官貟例󰱇補軍伍考試官貟男孫属文書筭鑿海池其池屈曲百里池中有翠玉殿池邉作講武殿肄習揀練兵象以阮伯驥爲吏部尚書阮伯驥至靈人壬寅十三年明成化十八年春正月幸西京秋七月六日勑㫖秀林局儒生人數增多教習少吏部官𢮪擇翰林院官三貟堪兼秀林局司訓具本銓除以便教習定保舉承司官令勑㫖各處承司官職任尤重除󰱇之際宜得僉諧󰱥今各處承司官見鈌吏部具奏送下朝臣如都憲二司例保󰁮内外貟󰰽堪是職送吏部施行十六日以陶󰁮爲翰林院侍讀東各校書以󰁮奉扈從西征勤幹無犯令故陞之八月赦天下六十三條嚴琳奏言造户籍時社長詳註官貟各職品髙下資爵多寡如不詳註明白户科檢奏府縣官及社長一體治罪九月十五日戌時月食冬十月考覈軍民書筭勑㫖檢考户籍及土田簿自六科及吏部秀林局儒生同户部吏及承司吏扵報天寺會同舘等處同府縣檢洘以黎寧為户部左侍郎范興孝爲户科給事中癸卯十賜年明成化十九年春正月十三日禁公讌卓靣僣禮十五日禁飯扳放旗軍取錢并通同商人作文廟大成殿并東西廡及更服殿書板庫祭噐庫明倫東西堂二月十五日勑㫖民人軍色鄕試中三塲充生徒四塲充增廣生如前例若生徒曾經鄕試遭不中塲者充軍中一塲者還民差賦如例增廣生會試不中塲者充軍該承憲國子監官類奏施行如例夏四月十四日勑㫖凣私鬪者法司分首從𬢱罪二十二日勑㫖󰱥今六部有奏題本一應公文事務並於紙尾書名如五府經歷各處承司首領官五月十八日勑㫖許馴象馬閑各所正官帶牌常進朝參如五府正官例定鄕試入塲日期并貢士例禮部尚書臨江伯黎弘毓等奏勑旨照各處承宣使司士人多少量日入塲奉查洪德五年八月初五日翰林侍讀兼東閣大學士申仁忠奏𬢱各處承司貢士例海陽山南三江京北等處每處一百三十名順化安󰘊宣光興化等處每處三十名若鄕試入塲日其未知攸當臣等伏候聖訓天下各使承司及奉天府鄕試以本年八月初八日並入第一塲海陽山南三江京北等處承司以本月十八日入第二塲二十五日入第三塲九月初一日入第四塲初七日掛士人中式榜清華乂安等處以本月十五日入第二塲二十二日入第三塲二十六日入第四塲九月初一日掛士人中式榜順化安廣興化宣光諒山太原等處及奉天府並以本月十三日入第二塲十八日入第三塲二十六日入第四塲九月初一日掛士人中式榜六月九日大風雨洪水二十四日定滅省社長除例令秋九月初二日御史󰱑副都御史兼左春坊左中𠃔郭廷寶奏係犯罪如惡逆背叛盗劫受賂教唆豪横滛奔貪墨閹宦𨺻人固意殺人係常赦所不原外若雜犯𨿽𭛁在赦後而犯在赦前一體在赦法以廣聖恩冬十月十一日遣黎德慶阮忠杜𣂷歲貢于明十二日勑旨各衛司所作噐械就本衛司所武庫如例不得𢫔在城外邂宇軍店等處脩作違者流罪勑諭翰林院承旨東各大𭓇士申仁中御史󰱑副都御史兼左春坊左中𠃔郭廷寶奏東閣校書杜潤翰林院侍讀東閣校書陶󰁮翰林侍書覃文禮纂脩天南餘暇集親征記事帝題大𭓇士申仁忠天南餘暇集序藁云火鼠千端布氷係殘忍婦人或欲其子息少以專厚産或惮於生育圖免劬勞𮗓見妊娠用計墮落傷殘性命斁害彝倫及為人而落之者並行檢察如律治罪然視爲文具莫革前非重習舊風愈滋宿弊玩法敗俗莫此為尤今宜親明前令嚴加戒飭係有前項婦人眾所共知及其夫不䏻戒止者並如律治罪夏賜月初禁奸人倚法擾金銀塲禁天下係非忌臘婚人恩命慶吊等禮而無故相會宴飲者如律治罪初九日禁把門受奇錢二十一日定投納諸額承司度支官庫不得如刁磴令二十九日定後塟不得遮障前塟令先是安󰘊等處清刑憲察使司副使嚴光奏曰官員𭁈百姓未有分别是以愚冥細民見有官者以為地道所𦤶乘有死亡𧡟塟前後左右逼犯墳姓墓地間有公私田土不同以致私田作後塟者不得挾以私田土之故而逼犯遮障前塟者敢有故違許前塟子孫親屬告所在官司斥後塟移避并追謝錢如律上從之應差官養僧士每日十人輪流更代得便更種十三日定官書領降憲司檢刷令時禮部尚書兼左春坊左中𠃔郭廷寶奏前弟年官書領降在外各府如四書五經登科録會試録玉堂文範文憲通考文󰱇綱目及諸醫書之類間有貪曷府官𢫔自固執以為己私不曾文付學官醫官殊甚非理為此陳奏各處憲司檢刷該内各府前項諸書而本府官𢫔自固執學書不𭁈交付學官醫書不𭁈交付醫官者具實紏奏送刑部治罪上從之故有是令五月二十六日勑旨内外管軍民等中間有亷潔者亦有貪冗者倘無旌别何以勸懲内則五府都督外則都承憲三司堂上官各官從公保󰁮該内外衛府縣州官亷潔者及貪冗者各宜詳開實跡期送勑旨三箇月以理具本題文送御史󰱑覆審施行區處以是勸懲之方已舒軍民之力二十七日吏部上書阮伯驥奏官貟縁事刑部勘問有干犯罪治即如欽奉進前勑命勘合交還吏部奏納六月十六日定三舍生除用令御史󰱑副都御史郭有嚴等奏臣等竊見國子監三舍生例准逐年會試中塲者中三塲充上舍生中二塲充中舍生中一塲充下舍生每舍一百名并給季錢三舍生每人九陌及除用時吏部及國子監官保舉選除如三舍生數一體並同殊無差别合無三舍生季錢下舍生宜减上舍生宜增一陌為一貫中舍生如前九陌下舍生减一陌為八陌至除用時吏部及國子監官照鈌保󰁮上舍生三分中舍生二分下舍生一分如此則三舍生中塲多少優劣前後等給適宜而天下人才咸知激勸秋八月初四日定築田界蓄水令勅旨各處承憲二司府縣州等官󰱥今某處該内有破决防隄秋田淹浸勢可蓄水以作夏田承憲二司責令府縣州河隄勸農等官合於潦水稍退之時預為小民救飢之計相視地勢隨其便宜督責鄕民培築田界要令蓄水以作夏田不可遐棄職司視常民瘼坐視無策以𦤶阻飢者十五日立我朝自太宗大寶三年壬戌科以來進士題名等牌并記上以太宗大寶三年以來進士諸科立石題名猶為闕典命禮部尚書郭廷寶詳具自太宗大寶三年壬戌科仁宗太和六年戊辰科光順四年癸未科七年丙戌科十年己丑科洪德三年壬辰科六年乙未科九年戊戌科十二年辛丑科至本年甲辰科進士名次勒于堅珉郭廷寶因請改狀元榜眼探花為進士及第正榜為進士出身附榜爲同進士出身以合今制上可其奏命冬官起工鑿石詞臣翰林院承旨東閣大學士申仁忠翰林院侍讀兼東閣𭓇士杜潤翰林院侍讀東閣校書陶󰁮覃文禮吳綸翰林院侍書兼秀林局司訓阮󰦛厚翰林院侍書兼崇文舘秀林局司訓梁世榮東閣校書黎俊彦翰林院侍讀兼秀林局司訓阮冲慤等分撰記文中書監正字阮竦蔡叔廉典書潘裏等奉勑書金光門待詔蘇碍奉勑篆按杜潤記云帝王政治之大莫急於人材國家制度之詳悉待夫後聖向也六年一大比今則酌從周制定以三年矣向也取士率不過二三十名今廣覈實才不患數倍矣以至崇奬作興德意之厚恩榮次第節目之詳渾然粲然度越古今所以堅珉有刻記實有文置在賢關用勸多士皇王制作猗歟休哉然則黎朝文明之詳科目之政肇於順天始於大寶行於太和而特盛於洪德也向非聖上盡君師之責親制作之權安䏻成先志之未成僃前聖之未僃耶猶在軍伍者許本人投告本處承憲二司僃奏送兵部覈實身材堪用者充錦衣衛俊士若劣弱不堪許復其身從太傅靖國公黎念之請也定構作行殿其殿五間二厦厨房一連三間觀耕󰱑一區在中高五尺闊四十尺作先農𡊨一區高七尺濶三十六尺座處四圍土墻并行馬門皆在清潭縣紅梅社作文廟大成殿并東西廡更服殿書板祭噐庫明倫堂東西講堂東西碑室三舍生學房及諸門四圍繚墻十二月勑旨󰱥今内外各衛門官見鈌奉令保󰱇某人常知某人果有才𧥾廉能除授某職科󰱑等官公同邉祀置簿詳明後或鄙猥貪冗不堪居官無状查照某官貟妄保非人紏󰁮宋問以黎鑿為駙馬都尉雲陽伯黎權為中軍都督府左都督涇陽伯乙巳十十六年明成化二十一年春正月十一日定天下各府縣州等官進人丁田租及原頭諸税敢有怠慢不勤徵收以致拖欠追錢賞如令令謂以十分為率追扵本人七分追該官長三分若飢寒困苦村長端供共保如前令施行二月十二日勑旨内外各衙門奏題等本本官書名不得使書寫吏代書三月太傅靖國公黎念卒夏四月初十日定廣南納税令先是廣南無船𮞏年軍民扛税物常被損失󰱥今每至納税期許廣南承司移開順化都承憲三司交付税物差人轉𮞏上納閏四月二十九日定進朝從小僮令其令大臣文武百官󰱥今進朝至大興門外下轎馬若公侯伯駙馬随從小僮二人一品一人入至玩舚橋外即止違者守門官取遏糾󰁮送問秋七月十三日勑旨禮部備榜一五府各衛所官朝退之時各回本衙門商議公務不得如前扵銮駕庫内廉外會坐商議一百官進朝及猶在朝堂時各衙門吏隨行本官至東長安及南薰等門外不得如前混入朱雀等門若吏部六科尚寶寺度支通政使司并護衛等衙門吏並不之禁一朝退時五府六部東閣御史󰱑六寺史官等衙門吏將簿本檢㸔入六科查問籍牒並不之禁二十六日定以赦前應赦事相告𭛁者罪從提刑監察御史阮資輔之奏也二十七日嚴考試免󰱇令勑旨各處承憲二司而猶在端門左右者該宇門官一體遏截錦衣舍人司紏舉送治九月定識字借寫状非教唆令冬十月十四日正嫡庶子令上諭大小官員百姓等凡預子孫奉承祀事不問年甲之長幼不抅官秩之崇卑宜守經常委之嫡子嫡子先死即以長孫或無長孫方用庶子嫡妻又無眾子方擇次子之賢若長子長孫方有嬰疾及不肖之行不宜奉承即當京告所司擇别子孫承祀以示為人父者不可溺愛而陷敗家支祸為人子者不可昧󰒂而長傷化之風十一月除税使鋪正等職令勑旨󰱥今各税務使見鈌吏部首有出身各衙門吏經󰱇不守者銓除以便修寫󰏲考諸税簿牒若驛承鋪正等税使取得馘旗軍󰱇不取者銓除如前例從吏科都給事中黄卲之言也十四日申明豪横令中軍都督府左都督徑陽伯黎權奏言係豪右有所挾持犯敺傷人奪人田上才物耕破墳墓損侵於人自三遭以上顯是豪横赦所不原定以豪横罪罪之弱前項犯事止一二遭及相争訟田土敺鬪之類如律𬢱罪二十一日銓󰱇方靣官及監守客使勑旨四承司憲察方靣官責任既尊事權亦重銓󰱇之際宜得其人如有鈌貟參𬢱用六品以上有噐𧥾資望任满四考以上憲察用科󰱑國子監六寺等衙門官有廉明歷練應满四考眾所推奬者如例󰱇除敢有徇情妄󰱇品卑任浅之人二十六日定󰦛禮󰒂課農桑令上諭天下各處承憲府縣州官等禮󰒂所以淑民心農桑所以足衣食二者政之急務牧守枝攸司也相視原隰勸課農桑地有遺利則隨方而興作之人有遺力則隋事而勸将之使民有餘財而無凍餒迯亡之弊或歲時巡行之際所致材巷民居必歷舉前代勑諭之文古今禮樂之訓丁寧曉告俾彼從善改過或有傷化敗俗之事必致意戒懲忠信孝悌之人必用心嘉奖民皆㱕厚而革澆薄奸詭之風󰰽䏻遵承見效二司類以名聞定賞倘或尋常職事罷職充軍禮停就都司以黎端之為兵部尚書黎公讓為禮部尚書郭廷寶為刑部尚書鄧見素為監察御史黎志為南軍都督府左都督平淳伯黎廣志為禮部左侍郎兼翰林院掌院事是年殺陳封帝諭尚書阮如堵等曰陳封少時為厲德侯舊臣至陳封為仁宗經筵時愛戴厲德甚輕蔑我今封為我臣常蓄不臣之心謂我建立明國官號而匿國朝通制不臣之心顯矣封以反誰束我手不可殺封封國叛臣󰰽為封螳螂攘臂稱首使吾知之又諭如堵等曰吾見陳封頑薄前後誥諭可也如二賜封詩吾過之大也噬臍将可及乎我觀漢之孝景唐之太宗史稱七制三宗亦有晁錯祖尚之悔吾不及二君之英安得不多有悔吝乎丙午十七年明成化二十二年春正月十二日勑旨󰱥今監察御史差幹瘴地如安󰘊興化諒山太原廣南等處即差該道監察御史併同差期若該道御史通該御史差已盡貟始相輸差别道御史十五日勑旨各衛司儒指揮各貟吏部同本衛官公同閲󰱇内外各衛門見任文職有會試中塲身材頗有壮健銓除各衛門司宿直應務十六日差官檢驗軍需物件二十五日定築立公私田土界碣其法農隙時府縣官即照如田土簿及奉給田土四至界近拘集老大社村長公同指引官田及世業田土築界碣以為一定求遠之法二月初三日定題奉本例署字體式二十九日勑㫖󰱥今通政使司接受内外各衙門官貟奏本間有寫字遺漏差謬即檢奏送刑部罸錢如令若軍色民停罸錢三月󰱇強壮充軍十四日頒洪德軍務凡二十七條按洪德六年三月日頒降一文武官一品二品眾子及三品長子公候伯眾孫不䏻𧥾字充錦衣衛俊士若䏻讀書考中充崇文舘儒生三品眾子及文武從官四六七八品字不能讀書充羽林衛軍䏻讀書考中充秀林局儒生有吏才考中充内外各衛門吏九品二子如八品子餘如百姓子七品以下孫󰱇充軍如百姓例一親父子兄弟三丁以上同居社籍饒一丁󰱇充若在别縣社不饒一傭賃人有文字已有本處承宣司准照便即並饒免充軍夏四月初六日清華等處憲察使司憲察使阮祚奏言係各府縣官不勤押作堤路木捍不得陞級拾三日勅㫖各衛勢家奴婢開姓名送奉天府檢刷從奉天府少尹阮必勃之言也二十一日定農隙時興作建昌府舒池縣知縣陳汝為奏言天下各處田野髙下不同農隙秋夏有異秋田則二三月播種夏田則十一十二月耕種是夏田之急於冬尾也今有司倘遇役作不審民田便宜一槩以冬尾為農隙是獨便於秋務之民而夏田之民有妨伏乞󰱥今培築等務二司查勘某處秋田冬尾興公夏田春月起作以為民事便宜二十四日勑㫖公田每六年從新檢度均給如前申明檢察迯亡令五月初一日禁揀錢勑旨泉貨之用貴於上嗄流通府庫之儲貴於長久無獘󰱥今内外各衙門追徵公私賍罸及度文檢秋各項前應八官庫儲積者並宜選取真銅錢𨿽輸郭少鈌係是真同積久無獘者亦宜選取若官吏代俸及百姓賣買使用錢凡真同穿緡猶著者一體收用不得拒斥苛揀二十二日禁外任官吏娶部内婦女二十六日開廣獄房漆補守獄應差定朝冠󰱥今文武百官進朝戴烏紗帽两趐宜一體稍仄向前不得任意或平或仄六月十一日申明越奏告令󰱥今凡公私等事未經州縣府乘憲󰱑等衙門及已經告而勘理未完者並不得越奏越告十二日禁過回藩鎮籍令如清華乂安順化安󰘊太原宣光諒山等處承宣或清華不得改入乂安諒山不得著入太原十八日令各府縣社有海岸荒閑田而少田人情願培築開懇納税府縣勘實給撥秋七月初一日海陽道監察御史陶如理奏言應試士人遇上番宜納錢初洪德十二年秋以前官貟𨿽未中鄕試亦許入會試至是勑㫖官貟有䏻習科󰁮業願人應試者在京就奉天府在外就所在承宣司入試先經府縣覆覈實如百姓鄕試例然後許入會試塲從翰林院侍書兼崇文舘秀林局司訓梁世榮之奏也九月初四日置諒山承宣炎山嶧山峯山弄山巡檢使初六日勑㫖係考試免󰱇及官貟男孫軍勑書筭等項本社社長就禮部端保認靣至日太早開单入保慶門内旨引方許入塲從禮部左侍郎兼金光門待詔武有之奏也冬十月初三日申明奏章體式初五日禁勢家子孫奴僕等人無故走馬街衢二十六日遣禮部尚書黎䏻讓范福昭郭󱴋等徃歳貢于明二十九日禁盗氽珠試官貟男孫属文書筭冬十一月定出入頒行文武百官係朝班𢮿定之後或奏事詳見而退或有故事畢而出各宜循班磬折不得横去徑行是年以黎端之為户部尚書佐國侯阮如堵爲吏部尚書兼國子監祭酒黎永為北軍都督府左都督棠溪侯阮舘為中軍都督府右都督荗敬子黎旋為駙馬都尉紫嚴伯阮滋至為海陽等處清刑憲察使司憲察使丁未十八年明成化二十三年春二月禁僭越稱呼士人取范珍等六十人夏四月初七日上親臨策問以治道覧卷畢又宣召優等進士入日光門親賜監别以陳崇頴為第一阮德问申景雲㳄之並賜進士及第武耿第三十名進士出身范珍等二十七名同進士出身二十八日申明名呼令如親王卑下者稱呼曰殿下嗣親王曰府下公侯伯駙馬一品稱呼曰閣下二品三品曰門下四五六品曰大人七八九品曰官長之類六月二十六日勑南軍都督府左都督涇陽侯黎權同五府六部御史臺六寺等衙門南軍都督府平淳伯黎志等𢮪用明令一百四十五條一内外衙門各貟󰱥今如有相賀相送障子宜用終紙不得裱褶秋七月初九日勑㫖官貟非犯罪左遷者許满考遷陞一如各處官貟例若考課稱職止陞本處承司不得轉調近地有貪冗者如前令罷聀充廣南軍八月十五日立洪德十八年丁未科進士題名碑十八日禁内外官貟無故不得到錦衣効力神武殿前等衛司直廬二十二日明憲宗崩九月初六日明皇太子祐榶即位改明年為弘治元年是為孝宗冬十一月大赦凣五十四條定朝臣𬢱事次序詔朝堂𬢱事有中官轉奉聖㫖問則先六科御史󰱑為一次六部六寺為一次公侯伯五府都督爲一次隨項議論務要詳明不得模棱雷同緘然躲避違者紏儀監察御史紏󰁮送問若當日紏儀不預議論戊申十九年明孝宗弘治元年春正月扈從籃京賞一資閏正月初三日陶󰁮陞翰林院侍讀東閣𭓇士脩慎少尹以陶󰁮任内繁衙門满三考稱職無犯法故陞之夏五月初九日詔󰱥今各衙門官貟有得病奏乞療治則曰治病或療治不得如前暫用養字從東閣大學士申仁中之奏也十五日戊寅壬子時第二黄孫濬生後為威穆帝也十九日定陪拜禮節詔文武百官凡有事陪拜禮󰍶侍班如󰀩得令則趍出不可徐行翔揚亦不可疾走攙趍秋七月二十五日詔内外各衙門勘理諸訟係有把名証借勾來查問即勘官詳問明白小訟期五箇日大訟期十箇日以紙取供言完畢不得淹滯逾期八月壬辰朔第三皇孫㵮生後為肅宗㵮音純假名󰥙亦音十六日定接明國使衣服公侯伯駙馬文武百官預制青色紵絲紗羅領依長去地一寸袖寬一尺二寸若議官用製衣長去地九寸袖小依舊樣並用補子穿靴務要觧明不得用舊醜候接明國使汰内外各衙門吏老劣不勤致職還民差賦九月詔自今府縣州官𭔎置社長係兄弟叔伯之子並親伯姪舅甥止許一人為社長不得並置以草黨比雷同之弊冬十月初三日命禮部諭廣南參政范播宗曰廣南承政司軍民生男十五歳以上俊秀好學至鄕試日其本處承憲二司公同󰱇取具本充本府生徒使之教誨迤知禮義九日定進朝儀新樣衣服其製衣長去地二寸袖寬一尺三寸二十日詔自今凣士人已曾讀書䏻属文有學檢試中免󰱇者饒賦差半分以廣朝廷養育人才之意十一月二十日明遣正使翰林院侍講刘戬副使刑科給事中吕献來告即位并賜綵弊二十三日行開讀明國詔書於敬天殿置雷䦕縲䦕閬䦕巡檢使黄伯陽奏占城地方并綏阜地方宋福林進香黄德良謝賜綵弊十三日命禮部出敬君榜公侯伯駙馬文武百官󰱥今凡有捧制誥勑命并御寶勑旨係本重噐者並两手横捧髙𭁈頭上平捧奏本奏帖等紙者並捧高𭁈靣平頒降考課例一考課之法三年初考六年再考九年通考通行黜陟一皇内外親並開國功臣子孫及武臣前已得官後有軍功在任满考稱職例陞一二品者吏部其本請旨得旨許陞如例若百姓子白身任官或以白身以戦功得官在任满考称聀例得陞級止許三品不得一二品一九年之内既以别功陞級通考又稱職應陞至二品以上吏部具奏取旨三品以下如例施行一各衙門任满三考僃將任内行過事蹟無有過犯等由僃呈該長官從公考覈以見任為始試官满三年受實職准為初考任内有過犯不應考課及非軍功特陞者自過犯并特陞之後再定為初考僃将称職平常不称聀逐項定爲考課又詳開行過事蹟無有過犯等由僃呈該知衙門覈考送吏部收照俟满九年通考該官付将前後任内每考行過事蹟考定詞語隨其官聀輕重或奏送或留送吏部參照前後繁簡各考如例具奏施行某衙門詐妄𢫔著公䏻隐匿罪犯該官不䏻檢覈欺蔽相容吏部詳查檢送問若有其材異䏻特旨陞除不拘此例定官吏遷陞代交令己酉二十年明弘治二年春正月定保󰁮刑部司官例勑旨刑獄之事所係匪輕鞠勘之官當慎其󰱇自今刑部郎中貟外有鈌幾貟吏部具本内則六部御史󰱑堂上官六寺卿外則承憲二司等官公同保󰁮所知及該各衙門官曾歷二考以上廉𣸲練達諳曉刑名者六部一本板處承憲二司每處一本開註保󰁮者姓名明白具本得㫖送吏部銓除敢有容私殉貨保󰁮非人六科監察御史體察得實紏弹如律治罪定十三道監察御史分司視事該知衙門上諭御使󰱑十三道監察御史曰各恭爾事盤庚所以教在位攸㱕矧風憲之司紏察是聀必分属該知之素定則綱維整而有條若在外三司居理百姓或𭛁官吏奸汚或訴獄訟寃抑一應私事係在府縣州者從分司該道准理施行十三日改著會期上班下班并期班序為大集其上番下番夏五月大旱大赦詔書凡四十九條禁官貟聚徒耽酒色六月二十五日定進朝歛手格詔公侯伯駙馬文武百官󰱥今凡進朝著衣冠歛手在圓領下若護衛著衣歛手在胷下秋七月差指揮校尉公同承宣司䟽决潦水定𭛁軍需九十二條九月初九日禁戢頑民怨相告興訟事冬十月十九日遣陪臣阮克恭裴昌澤阮漢廷等徃歳貢于明以刘興孝為翰林院侍講參掌翰林院事庚戌二十一年明弘治三年春正月大集軍點目足放回代番留守定土官欠朝賀禮例近者一年二朝賀遠者一年一朝賀如正旦不及許聖節欠一遭罷職二遭拿來治罪二月遣翰林院科󰱑錦衣衛校尉徃各府縣𭛁官栗𭁈貧民貸食以荆門各府縣耕種不得民多飢死故也定遷官交代𪠘宇令自今各衙門遷陞守制病故之類所居𪠘宇等物交付官吏差人守看待到任官應用定降服令詔公侯伯駙馬文武百官自今朝廷如有祈察國忌禮宜降服不得擅去花樣或有祈謝者檢問勑旨各衛司儒指揮宿直應務满考以上果能奉公幹事無過犯該衛長官勘實具本吏部照鈌改除文聀未有满考老劣護衛不堪即揀汰由可用者改除敢有奔𧡟如律治罪以杜士風三月會試天下󰁮人取阮敲等五十四人敲東岸扶軫人廷試同進士出身夏四月初五日定天下本圖承宣十三處府五十二縣一百七十八州五十鄕二十坊三十六社六千八百五十一村三百二十二庄六百三十七󰀋四十峝四十原三十塲三十其清華乂安順化安󰘊宣光興化各置都司并守禦十九日大赦四十五條以是歳米貴錢一陌米得二升故也殿試上親策命兵部尚書定功伯鄭功旦刑部尚書黎䏻讓提調御史󰱑副都御史郭有嚴監試東閣大學士申仁忠吏部尚書阮伯驥等讀卷上覧次其髙下賜武睿吳焕刘舒彦三名進士及第黎俊懋等十九名進士出身黎廷适等三十二名同進士出身五月十四日兵部尚書定功伯鄭公旦𬢱錦衣衛侍衛司著見籍在壮士更番舍人之下十八日上御敬天殿臚傳唱進士武睿等名百官朝服稱賀禮部捧黄榜揭于東華門外十九日賜冠󰅾衣服二十日賜宴定折社令某社僃五百户而其餘户又得一百户以上将城一小社應投告類奏折為别社以增廣版圖秋七月定百官進朝例八月十五日立洪德二十一年庚戌科進士題名碑二十六日定百官入朝進止例九月新置諒山承宣十三䦕如炎山峯山樓山三山是也冬十月置臣武右衛考試軍色民人書筭補各衙門吏其試法暗寫一塲書筭一塲十一月廣築鳳城因李陳之制也帝懲仁宗遇害𭛁卒築之而九較交塲之外延廣八里凡八月而後成乃造名保殿又立上林苑中有鹿獸置錦衣金吾二衛錦衣衛勇士自力士司至旗牌司凡二十司副軍並無遂伍止有一班至八班金吾衛武士自力士司至神臂司𭁈中前左右後共為一百司又置神武殿前等司置中東西南北五府軍又作軍政軍戒辛亥二十二年明弘治四年春二月扈從西京賞一資󰱇強壮充軍汰老夏五月定過回别籍令應得過回别籍而貫由在𦾔社至寫籍寺府縣官社長及首領官吏比考要使相同秋八月二十八二十九日夜兼日並大雨不止頽墻敬天殿水溢二尺二寸二十九日差錦衣金吾二衛指揮校尉百户徃近處承宣䟽决壅塞水害禾榖上諭宰臣五府六部六寺六科御史󰱑等官曰政治闕失天示灾变權位󰊹文臣寡於忠󰒂多於狡猾賣直鈞名似忠以信若陳封昔我太宗皇帝君臣一心明良喜起和氣𦤶詳󰒂何乏㢤太和延寧政治周旋帷幄之中爕理操持威福之柄椓伐國勢者克服夢荀之徒雕墻残民者杜秘杜丈之黨以致变起蕭墻禍生󰥺席堂太宗曰君既失國臣𡸈䏻獨全亶其然乎自篤而竭力尽智朕亦為卿上賞之卿其朂之哉左侍郎壬子二十三年明弘治五年春三月申明各例一百三十條夏四月命翰林科󰱑等官徃十二承宣審讞獄以楊直原為海陽承宣憲察使司憲察使直原事忤旨尋下遷還翰林院校理出家譜先是上好文詞御舟至籃山追想聖祖基業詩直原奉賡結句詩云籃山咫尺天南望萬古巍巍創業功御批云此句有長遠氣象六月勑旨功臣子孫受散官開國時預從義旗已受正督同督等號緣擊吳賊陣亡未得職品者并有姓名𨻫崖功臣簿如黎棹之類生時官未一二品者今猶有子孫許投告吏部查實類奏授一品散官冬十月鄕試天下士人命翰林官作海陽山南三江京北四承宣司考官海司四貟翰林作鄕試考官自此始十一月六日遣陪臣黎俞裴崇道阮彦克鄭葵等徃歳貢于明并孔愚徃奏探民人逾越地方交通販賣等事十二月二十四日明差正使刑部郎中沈奉副使行人司行人董振來告立皇太子并賜綵幣大飢民有食禹餘粮置各武庫火噐庫廣田於其中種石竹於其邉置錢庫於海池中忠有上林寺寺置太原都司太原馴象衛并置守禦總知司平狄衛以黎景徽為户部尚書癸丑二十四年明弘治六年春正月八日遣使如明陪臣阮弘碩黎嵩賀立皇太子行人范贇謝賜綵帛三月會試天下󰁮人取武暘等四十八人十六日定文武朝班一朝班文武品同者𦾔官及年長者在右新官及年少者次之一文武官相該知者品卑而聀髙者如三品都督立在二品班七八品郎中立在六品班若品高而職卑者如二品衛官立在三品班四五品貟外郎立在六品班餘以類推一御史󰱑東閣官翰林院監察御史等官朝班並如前例品司而聀重者如七八品六科官立在六品班之有一文武朝謁官品𨿽高而職卑者照本聀班立本班之右一文武官拜見拜辝拜謝等禮照如常朝班次若護衛三品四品照依如本品司所官品𨿽髙序立在衙門官班下夏四月二十一日上臨軒親策命兵部尚書定功伯鄭公旦御史󰱑都御史郭有嚴提調御史󰱑副都御史覃文禮監試翰林院承旨東閣大學士兼國子監祭酒申仁忠吏部尚書阮伯驥翰林院侍讀東閣大學士杜閏賜武暘吳󰠐黎熊三名進士及第頼德輶等二十三名進士出身阮廣懋等二十二名同進士出申五月初八日上親御正殿臚傳唱進士武暘等名禮部官捧黄榜揭於東華門外二十七日賜冠󰅾衣服二十八日賜宴秋八月十九日立癸丑科進士提名碑冬十一月初賜日以杜絪為翰林院校理甲寅二十五年明弘治七年夏賜月詔華文𭓇生間有年深贈經差幹或從征有功者如各衙門出身吏例吏部銓除秋八月初七日命翰林科󰱑等官往十二承宣讞獄以吳焕為東閣校書乙卯二十六年明弘治八年秋八月十八日詔係官貟得病三箇月不得考課冬十一月遣使如明工部右侍郎黎漢廷翰林院侍書武暘等歳貢東閣校書黎俊彦監察御史阮󰉎奏驛路作御製瓊宛九歌上以丑寅二載百榖豊登協于歌詠以紀其瑞併君道臣節君明臣良遙想英賢奇噐并書草戲成文因號瓊宛九歌詩集命東閣大𭓇士申仁忠杜潤東閣校書吳綸吳焕翰林院侍讀掌院事阮冲慤翰林院侍讀參掌院事刘興孝翰林院侍書阮光弼阮德訓武暘吳󰠐翰林院侍制吳文景范智謙刘舒彦翰林院校理阮仁被阮孫󰓳吳權阮寶珪裴溥楊直原周晥翰林院檢討范謹直阮益遜杜純怒范柔惠刘曎譚慎𧗼范道富等奉和賡其韻按九歌詩集始作於此年帝又作古今百詠詩翰林院侍讀掌院事阮冲慤并參掌刘興孝步韻東閣大學士申仁忠𭓇士陶舉奉評丙辰二十七年明弘治九年春二月初四日御舟𭛁自十四日𭛁還閏二月五日賜文武臣僚宴於翠靄洲時御舟𭛁自梁江駐翠靄文武臣僚拜賀故宴之先是二月皇太后上陵而㱕偶嬰苦痢至閏月二十六日亥時崩于承華殿正寝壽七十六初皇太后未崩冬時帝𭁈皇太子日夜視疾弗離左右賜薬飲食必先自賞内告祖先外篤祈懇靡神不󰁮属纊之際亦自呼號太后猶為一󰟸関口欲言而辦也衣衮含飯一一親臨自製以慟之帝作古今宮祠詩并自叙命東閣大𭓇士申仁忠校書吳綸奉評會試天下󰁮人取阮文訓等四十三人三月十九日丁酉上親試于敬天殿丹墀詢以治道命兵部尚書定功伯鄭公旦御史󰱑都御史郭有嚴提調户部左侍郎阮弘碩御史󰱑副都御史覃文禮監試翰林院承旨東閣大𭓇士兼國子監祭酒申仁忠翰林院侍讀東閣𭓇士陶󰁮翰林院侍󰕖掌翰林院事刘興孝東閣校書吳綸吳焕翰林院侍書兼秀林局司訓陳克念翰林院讀書吳󰠐讀卷二十六日進諸士人入金鑾殿庭上親其容貌定取三十人二十七日帝御正殿唱名賜嚴瑗阮勛丁鎏三名進士及第丁󱗦等八名進士出身阮道演等十九名同進士出身夏五月八日詔曰憲司係言責如有鈌貟󰱇内進士科并各衙門文武各衛司儒指揮有會試中塲果䏻奉公幹事剛直不畏避權貴無過犯者銓除憲察副使又以府縣州官必統諸牧民首領等聀如監生儒生𭓇生按吏各衙門吏會試累中塲年深知務動幹及有軍功等項初授知縣知州縣承同知州守領序班等聀满三年無過犯方許得實授六年無過犯知縣知州除貟外郎縣丞同知州知簿典簿序班除司務主事推官都官等聀满六考無過犯貟外郎同知府始得陞為知府二十二日吏部尚書兼國子監祭酒黎潤阮如堵等奏題本看一本山南道監察御史阮陽祺奏各處邊遠州縣吏常𭁈蛮人徃諸各税䏻服水土諳曉夷情可以幹濟事務堪除為本處州縣吏秋七月禁呼朝堂為朝房子男女同嫁為婚姻者並不得置為一社社長若已為社長宜擇某人䏻幹事者留餘即奏却還前項初四日太宗皇帝忌辰是夜大風雨決水暴漲散尽民産九月以陶󰁮為翰林院侍講東閣𭓇士上賜以天南餘暇一部并賜和梁江夜興詩一首及賜錢二十五貫二十三日修作牧馬塲馬厩例冬十一月十七日帝弗豫諭行在東閣大学士申仁忠𭓇士陶󰁮云雲去天中月懸空際雲來則月暗雲去則月明人󰰽不見之吾仰觀天上情動于中言刑于外有句云素蟾皎皎玉盤清雲弄寒光暗復明歐王脩云廬山髙名節之篇杜子羙亦不䏻為唯吾䏻之𡸈云妄想真奇麗精美可𭁈吾侔而清莛澄澈未及吾詩句也𡸈吾鬪一字之奇以為工誇一字之巧以為羙真直説如歐王脩耳爾如何在精專撫恤軍民要均勞佚敢有揀擇不實訓練不勤以𦤶将校猶多猥冗士卒猶多迯亡六科監察錦衣衛舍人體訪紏奏治罪十二月初六日立洪德二十七年丙辰科進士題名碑丁巳二十八年明弘治十年春正月初五日令諸税某年徵納至末年納足不得如前今年納明年徵二十二日禁衙門吏更番并外直舍人非當番不得托别故擅居本衙門作幣二十九日辛未帝疾大漸乃憑玉几命皇太子嗣位帝將崩時有自述詩云五十年華七尺軀剛膓如鐵却成柔風吹牕外黄花謝露浥庭前綠柳癯碧漢望󰠃雲杳杳黄梁夢醒夜悠悠蓬來山上音容断氷玉断魂入夢無三十日壬子帝崩于寶光殿是日神劍神璽皆失帝生皇子十有四長皇太子𨭗次梁王銓宋王鏦唐王鎬建王鑌福王錚演王鏓廣王鐰林王將應王󱴐義王󱴑鎮王鋞肇王鋑荆王鍵皇女二十在等作紫霞殿寶文殿金鵉殿寶光殿籃山寝殿初帝即位上仁宗之尊號稱宣慈之徽號得寧從逆則嚴加顕戮凣政事紛擾者悉釋之刑法暴虐者悉除之帝常論在朝諸臣云朕有二失一曰政令施爲違道干󰕑二曰素尸在位擾乱天工𨿽内外庶職难以枚󰁮且以其尤者而言都督黎練木偶土人安可加以圓冠方履㢤陽經󰘊論道亦未嘗進一君沮退一小人不於羊裘逍遙之誚乎文武並用各隨所長故䏻脩政立事制禮作樂號令文章焕然可述初帝在藩邸時𨿽自養晦及國遭大变群臣倉卒迎立入󰱥大統帝知屯般之軰已就誅夷諒山親王又被其害慘然不楽有戚傷心咎其骨肉相残至使外人乘釁一門兄第俱被其禍初帝不以得位為楽亦不以時當变故為憂故一時豪傑莫不推服諸侯驕恣相󰱥誅夷遂鍳前失内外謹嚴置錦衣金吾二衛神武殿前等司以親人為指揮以舅氏為檢點又擇信厚之臣以為爪牙心膂阮復黄仁添杜熊武鄰之徒俱擐列左右垂衣拱手天下晏然又慮占㓂世嘗薇吾患今日不剪將何其為乃南征茶全而復其封疆西拨雅蘭而掃其巢穴盆忙有征而地闢乎西其䂓模之畧中興之功可以比肩夏少康蹈迹周宣王薄漢光唐憲於下風矣惜其帝以女謁盛身嬰重疾長樂皇后毛燎尸耐血流茶全授首清廟献俘蠢蠢老撾挭吾聲教帝怒爰赫師興致討白旗一麾前戈盡倒竹破灰飛庭犁穴掃三垂息侵九夷通道深仁厚澤垂四十秋二月初一日皇太子令諭公侯伯文武官等聖父皇帝光啓中興克篤前烈在位三十八年夙夜祗勤𢙇慕痛切已權勾當宫中各事内外臣民守職如故每日太早就東長安待令候有司擇日行禮特諭卿等知之仍僃榜文武朝參並著烏紗帽黒圓領衣進詣景門外朝時一次侯行禮如󰀩禮節未盡復古今聖上皇帝奄棄百姓上賔于天愴鉅痛深報德罔極卿等宜議行三年之䘮制以副予愛慕之情衣等不得用紅綠等色奉天府及天下軍民男女著縞素衣停婚嫁三箇月朝臣定公伯鄭公旦等󱗫皇太子即位不𠃔初六月戊寅太保平涼侯黎志兵部上書定功伯鄭公旦西軍都督府左都督崇溪伯黎永就弘文殿奉迎皇太子即位以明年改為景統元年初八日禁抑買并揀錢詔内府今百姓買賣貨物及檢收納官庫諸錢擲地有聲穿緡猶得論郭少鈌自今一體收用不得苛揀拒斥子之尔目揚清激濁職所當為宜體朕心各遵公道󰱥今凣内外各衙門如廉䏻忠直應奬擢者貪墨猥冗不堪任者各宜究其事實具以名聞敢有阿徇私讐貿易貨賄󰁮措失當重憲弗原升至豊熟時照類徵納十六日頒御諱𨭗并皇太后諱恒令官員吏典有科目及會試中塲鄕試中式及監生儒生生徒遭負母䘮方得守制二十六日授陶󰁮翰淋院侍讀東閣學士楊直原為東閣校書時天有大旱直原言乞修德以以回天变令户部議𬢱贈銅税户以足軍用三月初六日定輿人女納金并納蚕子税例定鹹盐税例十二日上諭諸王公主及公侯伯駙馬文武等甿隷徵賤之軰常依托而為奸窩臧容受之人當戒懲而嚴禁󰱥今府衙或權貴諸家有奴婢築屋在奉天府及有田産在各處府縣者並宜標題某府某衙官奴婢某姓之家男女人本府衙門及主𬋩監自檢察及本官奴婢方許居住若混淆雜居一切斥去并開報奴婢姓名数目送該府縣官得憑檢察十六日詔自今沿邉廵司官如有鈌員吏部擇取附近地方京人有戰功得馘例應除用而服水土者銓除二十日色旨󰱥今六科給事中監察御史鈌貟吏部擇内外由進士出身廉勤剛直有政績者擬銓職任一年之後六科給事中公同考覈所行事具奏取旨堪用者留任不堪用者改除别職六科給事中不公許都御史考覈所行事具奏取旨都御史󰱑考覈不公六科官具實紏弹若吏部銓󰱇非人科󰱑互相容隐者一體送問治罪定陞調令󰱥今在外各衙門府縣州各衙首領官有陞調者吏部移文該知衙門詳勘果有廉勤䏻幹事任内公務無廢鈌者方許陞調夏四月十三日准期番給奉錢令十七日申明越告令二十六日定陞充都提典吏令定差幹閲字令定銓󰱇除劇任令如紹天府雷陽梁江等係是劇任󰱥今如有鈌貟吏部擇取廉䏻剛直勤幹者銓除二十八日定改調令如乂安管軍管民有貫在本府縣家居接近本衙門吏部宜改調别任󰱇别貟人代除并詔自今各處管軍管民吏部不得以貫在本處及家居接近所管地方者銓除五月初三日講作待漏院初太祖作待漏院于西門之外太宗仁宗仍之聖宗於大興門外增築二連至是特命五府差搬旗軍於大興門外講作待漏院二連每連三間二厦十四日禁官貟百姓不得用水晶等玉作𤦛唾等噐定追徵女丁夏綿布税例六月初八日禁僣用非法噐物如刻金珠漆龍鳯等禁物秋八月初三日定除擇推官令自今各處承司推官如有鈌貟吏部擇取各衙門官曾經二考以上廉䏻練達諳曉刑名者銓除二十八日定𭛁軍需扈從令九月定文武階封蔭例武階追封退一級如正一品父從一品冬十月二十六日户部尚書鄂侑等奉從新𬢱定給俸錢例十一月遣使如明户科都給事中范興文翰林院校理阮德順告哀置諒山都司平陸樂墟守禦定邊兵例係各處沿邉旗軍父子兄弟同本社村人散充各衛所軍至定作軍貫時照其分邉還一衛隊伍以便紏率以黎䏻讓為殿前都檢點戅川伯黎潤為四衛提督榕湖伯朱鎮為有提點十二月二十四日辛卯上大行皇帝尊號曰崇天廣運髙明光正至德大功聖文神武達孝淳皇帝廟號聖宗諱鏳又諱暉聖宗之長子也在七年壽四十四歳而崩塟裕陵位帝天資英睿運撫隆平纔七年間而天妟然足爲守成之令主享國不永惜哉下其母長樂聖慈皇太后阮氏諱晅宋山嘉苗外庄鄕贈太尉貞國公德忠之第二女也先是聖宗未有繼嗣光淑皇太后嘗爲祈禱命德忠禱于佛跡山徐公庵夢至上帝前祈皇嗣上帝曰許天禄爲阮氏子乃抱坐前𠱾長樂皇太后居永寧宫即有娠及彌月夢黄龍自天而下𢒎入所居少󰟸遂生帝光順二年辛巳八月初十日生按阮伯朋天福寺碑記長樂皇太后有黄龍入左脇之祥云帝之生也天姿日表隆凖龍顔神釆端秀異常聖宗深奇爱之光順三年三月冊立爲皇太子於是即皇帝位改元大赦以誕日爲天壽聖節稱上陽洞主後追上尊謚廟號憲宗戊午景統元年明弘治十一年春正月十六日勑諭内外護衛等司曰行宫之門不嚴則宮城之禁不固如遇大駕󰥭謁山陵護衛三司㔫且號令謹𡧸勿特昇平之時而忽関防之僃書曰有僃無患易曰重門擊柝以待暴客此之謂也見特㫖宣召其人日則用宣召牙牌亦有令旗銅牌不得開闔營壁夜則用两虎金牌亦有令旗銅牌若無金符牙牌並不得施行倘有不審真僞不遵勑㫖則以軍憲從事三月初五日定徵納諸税例係天下諸税其年徵並至末年納足不許今年徵而明年納勑㫖諒山衛六所旗軍稀少官吏数多本處三司官公同量留每所各二員每衛教習博士六人餘皆省减僃将省减姓名具題送吏部兵部調除及差擬教習别衛所初八月甲戌聖宗淳皇帝梓宫至籃京越二十八日甲午安塟于籃山永陵之左日昭陵先是禮官奏請立碑刻銘以昭先帝之業於來世帝可其奏命東閣大學士兼國子監祭酒申仁忠禮部尚書兼東閣大學士覃文禮東閣大𭓇士劉興孝󰱇文是日帝命女官女史十人送金枢安厝而出放宫女数百人遣使往四方追勘貧乏老弱在軍者繞汰之賦役工程偏重者輕减之放𤯝灾伸寃屈録失職褒有功蠲逋負寬刑罸旌節義賑孤貧擢廉絜進賢才中外大悅帝在東宫三十六年德業日進仁孝聞於天下故初政藹有可觀乂安順化部中羣盗並起鄰郡攻討不䏻定帝勑所司悉去設捕兵撫諭許出首復業帝覽户曹所上錢榖簿及詢左右知公私儲蓄状於是尤加意農事手勑承憲府縣官廵行勸課築堤防濬畎澮立田界以僃水旱又命朝臣檢察之每社置社村長一人專於農桑又率社軍農長以紏督之外任官以事赴京及朝使自外至者必召問農榖豊斂百姓樂苦如何其軍匠之上番者如前例六月十月分半㱕農十六日詔内官及外官無子而假養子並照職品許蔭克如所生子定保󰁮總兵例詔曰總兵之官一方重寄不可委非其繼今總兵有闕許科󰱑等官保󰱇各衙門官有膽畧𭓇𧥾資望才幹廉勤者爲之敢有徇私妄保昏猥懦劣者罪加常律定納生絲税例從鄭值之議也以楊直原爲吏科都給事中優加廉絜季俸钱夏四月初五日勑諭典吏綠事克軍得赦應克在外衙門吏情輕者克善地稍寬情重者克邉遠瘴瘧十九日海陽等處賛治承宣使司參政武睿等上奏爲陳言鄕試日期事臣等奉查上年鄕試事例八月初八日入第一塲十九日入第二塲二十五日入第三塲九月初一日入第肆塲奉此臣等窃照今年八月當鄕試期本月初十日恭遇天壽聖節如本月初八日武睿及憲司等員並已入鄕試塲到初十日再出本衙門行禮則試事不謹於試塲中設立香案行禮則禮文不僃伏乞今年鄕試展出本月十二日入第一塲二十日入第二塲二十九日入第三塲九月初六日入第四塲如此一以伸臣子慶祝君上之情一以嚴朝廷設科取士之意五月二十四日定追徵女丁夏綿布税例秋七月十五日御史󰱑都御史郭有嚴奏力勇武士典吏軍色諸人捉得劫人并惡逆賊黨例有出身者吏部照如出身例除用若例無出身者並授散職如令逆人黄翕件伏誅八月二十二日勑諭刑部廷尉司及内外勘理獄訟等官曰刑獄之用民命所懸得其道則民恊于中失其道則民受其害故易象深懲於滯獄書經務要於蔽囚訊鞠理央之間𡸈可容扵遲緩哉󰱥今以後刑部廷尉司及内外勘理獄訟等官凡諸訟情疑難者並依期勘完敢有淹滯逾期每歳季許該及刑部提刑監察御史清刑憲察使司檢察糾奏如律罪之如徇情容縱不䏻檢󰁮者許本人具告御史󰱑堂上官及體察舍人得實具奏治罪前項官員不䏻爲理許被害人具實奏聞如律罪之新置廣南都司升華思義𢙇仁三衛諸所號冬十月二十一日禮部上書武有等言太官署厨人應務猶有迯亡太官署厨人視工部馴象事務畧同而工部馴象每至六月十月已得奉命回農務而厨人未得以爲未均爲此伏乞海陽山南三江京北四處承宣使司類取該内當農人添補厨人如前番例人数以便應務每至六月十月一體分回農務如工部馴象以均劳逸󰱃可革厨人迯亡之弊十一月初八日帝遣陪臣阮觀賢范盛黎俊茂等如明歳貢二十日勑㫖海陽山南三江京北四處承司農𨻶時責令府縣官督押社民丁夫搬運本縣官粟每承司一萬二千五百石赴京投納天會庫檢收貯在前留空庫四連若清華乂安順化太原諒山興化宣光等處承司官粟並宜如前收貯本處以實邉防二十月初十日勑㫖󰱥今内外各衙門長官考課該内衛所府縣等聀宜詳勘實歷任事蹟尽心撫恤軍民爱慕納税例無欠少者方考稱聀如例陞賞若攪擾誅求徇私生弊雖告𭛁無有實跡而奸貪眾所共知并𬋩内迯亡数多並考不稱職擇首領令詔曰首領之職𭁈長官得以相抗衡得以争可否不特查寫府衛之簿牒所以糾󰁮将校之奸非宜公以守法正以率物間有廉潔稱職如武伏龍范如裕武世好軰既行旌賞以勸後來今居是職者不䏻見𦎍思齊反事效尤互相容隱習以成風甚則同流合汚奴顔婢膝長奸作弊不可勝言旌别賢否勸懲無由自今在内六科在外憲司凡首領從公甄别󰰽爲廉潔守法者󰰽爲貪冗徇貨者悉以名聞送該道監察御史審覈僃奏施行敢有徇於親讐溺於財貨󰁮錯失當及容縱無言許六科官一體糾奏己未二年明弘治十二年春正月二十日定納大集差餘錢日期令在内衙門十五箇日海陽山南三江京北二十五箇日清華安拜諒山太原宣光興化一箇月乂安髙平順化一箇月十五箇日廣南二箇月並依日期授納户部檢收足数如例勑㫖諭天下内外官員軍色等立武之名在於有常脩政之方貴乎革弊故三畧重以将統眾之柄六韜垂信賞公罰之文夷攷徵言足爲明鑑我國家利民之力定國之䂓内外府衛之兵要弘立制大小匠工之軰尤重課功懲貪墨者訓勑孔昭奬廉勸者典章悉僃諄諄乎箠楚鞭笞之戒汲汲乎苞苴䦕節之防夫何當職之具僚不顧朝廷之成憲體國忘家者少瘝官曠職者多舍富移貧罔悛舊惡貪財黷貨尚踵前非或瘠人肥己之是崇或徇色酖酒之弗戢或假上進而思行脧削或因下嫁而肆作侵漁或以請托蔽影爲良圖遐遺邦禁或以要索鞭笞爲得討遑恤人窮軍政󰔦墮莫斯爲甚朕光臨寶位思革弊風欲寘嚴刑以清初政慮夫以刑罰而懲奸惡者輔治之具以口舌而代斧鉞者御下之仁特布新條求祛舊習倘䏻體此朕意無從匪彜則懋賞以旌之狃乎故態弗咱訓言則重罰以束之禍福無門各宜慎檡耕籍田二月十七日勑㫖諭太保崇溪侯黎永都檢點贑川侯黎能讓等昨得卿等上奏深爲宗社大計懇請建立皇儲朕甚嘉焉第一皇子洵好服女衣毒藥母氏第二皇子濬幼而不德恐弗克堪第三皇子㵮雅嗜詩書夙󰦛孝敬朕親撫育今已長成󰠣自公心隆以震噐殊非棄長立少盖爲天下檡君然東宫正殿朕猶居之宜扵殿側繕作新宫并建儲冊宣儀禮節文其令有司檡日行之申明禁戢盤饌奢侈事三月初二日行禫祭禮于聖宗是日除服夏四月勑諭禮部尚書武有等人才國家之元氣元氣壮則治道隆科目仕官之正途正途開則真儒出故古者以大比求俊髦必嚴設棘之䂓謹糊名之典傳義有禁易書有制盖所以󱗝繋姦萌彙征𦎍類以資天下無󰠃之用我祖宗取士之法倣古而行於今宏摹至詳且僃然法立寝久弊隨以生常才濫入於󰱇中實𭓇或遺於度外翻騰物議未愜士心朕光御洪圖丕昭公道󰦛崇茂實欲回淳樸之風屏黜浮華思革澆漓之習濟濟兹登於賢哲明明盍致於関防中行各條具列于后凡二十條其一試塲務要廣闊中分四區各以踈籬限之及作塲内四隅各一栈至入塲日用内臣校尉各一員在栈上瞭望會試天下󰁮人上曰法禁不嚴則無以杜僥習沙汰不精則無以得實才仍許儀曹定其試法邇臣申其試題刊降房次區分廵綽亦以日更考官許以親避合格者得五十五名五月十九日詔繼今豊年大熟禾榖倍收各處承宣使司行下該内府縣州官責令農長村長宜用心訓飭本社人各宜蓄積以致豊富不得奢侈妄用以糜費禱雨于太廟暑盛二十九日勑㫖傅刑部今日太廟猶禱雨且緩决仗罪囚并録今月仗罪囚情來急急奉行是月以楊直原爲奉天府尹六月十九日沙汰各吏勑吏部尚書陳瑾等倚法侵漁吏之弊習也以時沙汰國之常經也曩者吏󰱇不公吏途太冗或僥倖一藝即得填充或属托多端希求津要通納賄賂躐等出身間有不䏻草藁奏章唯出錢以雇人者亦不能謄録簿籍唯羅網以執爨者膏肓之病歳月既滋欲治教回淳而群小路塞不可得也爾當移文天下各處内外各衙門三月以裏該官具奏其人廉正公清其人姦冗迷訥及老疾劣弱一體徵還如令汰出又󰱇良家子弟社長端供死罪方許入試者填充二十六日勑㫖󰱥今廣南地方軍民捕得公象許投告三司公同勘實象一隻即三十五人以上許二十爲首捕二十爲從捕各具本諭賞有差秋七月初五日勑諭官員百姓等世道隆汚係乎風俗風俗嬍惡係乎氣数易曰君子以居賢德善俗書曰弘敷五教式和民則禮曰齊八政以防滔一道德以同俗聖經垂訓炳匕足徵古昔帝王御曆膺圖撫己󰖶物莫不迪兹先務也我太祖髙皇帝輯寕家󰘊肇修人紀太宗文皇帝懋昭天憲篤叙民聖宗淳皇帝敷賁前功和淪大化神傳聖󰱥矩襲䂓重仁心仁聞洋溢乎華夏善政善教漸被于際蟠兆民孚嘉靖之休億載衍登宏之盛朕尊臨寶位祗紹先献躬孝敬以端建極之原首綱常而闡敷言之訓上行下效既式底於咸寕長治久安欲永躋於丕績特申條約用列左方故諭初九日殿試策問以人才王政命北軍都督府左都督華林侯鄭遜吏部尚書陳瑾提調刑部尚書丁逋剛監試東閣𭓇士阮保翰林院侍講參掌翰林院事黎彦俊讀卷賜第一甲杜履謙梁得朋阮克儉三名進士及第第二甲黄徵阮恒等二十四名進士出身第三甲陳伯良黎緒等二十八名同進士出身凣五十五名十六日上御敬天殿鴻矑傳唱名禮部引黄榜揭于東華門外十二日天壽聖節停差列校畋獵二十五日御史󰱑都御史郭有嚴奏賞罰予奪帝王厲世之權賞當其功則人人皆勸罰當其罪則人人皆懲是故賞罰之間當盡至公今陛下清明初政總攬化權進賢退奸天下之人莫不景仰休風欣觀盛治然臣窃見前年征山夷占城琉球老撾之時精󰱇効力各衛軍旗有膂力者先登得馘除用未盡及被󰱇汰退充五府軍𭁈無得馘同無有分别伏乞効四衛得馘軍旗被汰退充府軍者兵部類奏置爲効力四另隊如神武另隊例以爲戦士有功之勸又力勇武士吏典軍色之人捕得劫人并惡逆賊黨諸人有例應得出身者有例不得出身者若一槩議賞則重輕之間無有甄别伏乞今捕得劫并逆惡人例有出身者吏部照如出身例除用例無出身並授散職如令如此則爵賞輕重處置適宜而人人和勸矣臣等又窃見轝人犯盗劫奸㓙等事刑部案律流罪不再𭛁去狃習玩法無所忌惮或恣行奸惡報復舊讐良善之人多受其害繼今轝人初犯流罪或墨徒兵南軍者再還轝人如令若不䏻懲創故意再犯則應送流州所者一切𭛁去󰱃吏奸惡之人知所畏惧而不敢肆其㓙暴矣八月初九日詔繼今上自親王下及百姓並不得娶占城人爲妻以厚風俗從户科都給事中武禄之奏也十二日勑㫖良民進粟受官許范泰奏勑勘是良善人一如前例若惡逆盗劫教唆豪横倡優及彼子孫並不許受官十四日工部尚書陳保上奏聖㫖各衙門及百姓𮞏本並於南薰門外跪進接授如前二十日工部尚書陳保奏再議革軍所吏作弊事十二日兵部尚書阮逢時等奏議宣光别所罪囚事重修𫢋跡山天福寺并立碑咱皇太后父貞國公阮德忠之嘱也九月初六日置乂安順化守禦所初九日詔繼今捉得迯囚之人罪未至死倣如前捕盗例議賞罪至死倣如前捕劫例議賞錦衣衛都指揮使司都指揮使掌衛事兼知豊祜堂丁覩等再奉議定力勇武士考較武藝中不中賞罰例十九日勑㫖禮部出榜接明使咱百官並著鞋󰔣冬十月以後係隆冬百官著羅紵絲衣以順時候停著沙衣二十九日禮部奏爲常朝服事嘗謂乾坤衣裳之制取象甚明夏冬葛裘之宜對時爲順公侯伯駙馬文武護衛等繼今常朝衣服自十月以後著紵絲羅衣二月以後方著紗衣如遇風雨日著紗綿布衣以順時候三十月兵部尚書阮逢時奏繼今力勇武士重疾回本貫療治十箇日疾愈投告兵部㸔具本送中官科󰱑等官再公同驗實身才壮健奏還本衛司力勇武馬文武三品以上公服幞頭用黑紗趐稍長大於文武官不得用楊棠樣飾合趐若百官仍舊樣二十一日定考課勑諭吏部尚書陳瑾吏科都給事中黎嵩等爵賞乃厲世之柄考課實計吏之方黜陟󰁏明󰔄舜所以凝󰱃績綜核名實漢宣所以致中興盖在上既神皷舞之機則爲下必厲進修之志不公好惡曷以勸懲我國家󰏲古建官任人共政󰱇󰁮之權公而明考課之條詳又僃云胡百執視作虚文長官罔辨賢愚例分善最該可寕喻可否槩以廉能銓曹例執於權衡吏科間罕於駁正勤勞盡瘁積年方得陞除瑣碌偷奸指日亦𫎇進秩官途冗濫職此之由兹當莅祚之初尤切更絃之治宜如事例諭爾知之繼今内外文武官員任满九年無賍犯應得考課者該考覆官遵如前例詳如審實其員有材幹能應務果非碌碌庸常旅進退者方許考爲稱職陞賞如例若其員雖任满九年無賍犯而其人無有材能因人成事不得考課陞賞及怠慢惰愚如珍羙局局副阮牢之類輕貶重降考覆官敢有徇情妄考吏部考覆不明吏科審駁不當一體送刑部如律治罪二十七日勑清華承司送勘各處開墾挈民家良善許居住御史󰱑都御史郭有嚴奏御史衙門體察吏不敷乞添充以便體察從之十一月十六日詔自今廣南不得窃掠蛮民買賣私奴婢違者許憲司糾󰁮治罪勑㫖另置廷尉司先是洪德年間例廷尉司属錦衣衛天子詔凣犯重情疑獄奉鞠勘問至是不令属錦衣衛仍置指揮使司指揮同知指揮僉事各一員並用儒臣於是另置檡文臣重職的當爲之令馴象各衛練象陣于講武庭并制馴象差󰰻旗軍構作瓦厩以中城軍人守㸔以省遜番構作草舍之費勑㫖各衛軍司所軍匠凡有營造溱作各務如有内府武庫祠宇寺觀之類其該衛司所官及督押員人敢有箠背要索錢財及賣放作弊六科監察御史憲司及錦衣舍人體察檢󰁮治罪十二月初六日辛卯帝遣太保棠溪伯黎永中軍都督府左都督殿前都檢點司都檢點榕湖伯黎闌賫金冊寶章立皇子㵮音淳爲皇太子十五日庚子明遣行人司行人徐鈺来諭祭聖宗皇帝十七日壬寅明遣正使司經局洗馬兼翰林院侍講梁儲副使兵科都給事中王縝來賫冊封帝爲安南國王先是本月初九日帝命兵部尚書贑川伯黎能讓少保鄭公旦刑部左侍郎阮克恭錦衣衛道監察御史鄭葵徃吕瑰驛應接梁儲徐鈺等循故事也二十三日梁儲王縝徐鈺等並至市橋驛是日帝命東閣大𭓇士覃文禮𭓇士阮仁浹裴甄等就市橋驛𭁈梁儲等議禮二十四日徐鈺𭛁自市橋驛就吕瑰驛帝御小光舟詣驛迎接帝還宫儲出驛門外望送語裴甄曰今日仰見國王年長真聖人相真長壽相實天南生靈之福何其博𭓇應事捷敏之速二十五日徐鈺𭛁自吕瑰驛至盛烈津下船帝詣瓊雲殿接見上先還宫徐鈺就勤政殿致祭聖宗皇帝禮畢帝𭁈徐鈺行相見禮仍命百官送出使舘二十七日梁儲等至敬天殿行開讀詔書禮其畧云奉天承運皇帝若曰我皇明君臨萬國統御群方声教誕敷普率漸暨爾安南爲國界在南陲作我藩屏咸称秉禮蔚有華風故國王灝恪勤貢職保民安社垂四十年今属告終國統宜嗣世子鏳德惟出類眾所㱕心貢表請封意專辝懇特遣儲等持節封爲安南國王崇德象賢義無間於遠近繼志述事心勿替於始終尚祈國中耆舊臣僚同寅恊恭以称朕𢙇來之德故下詔示使之知悉舊禮儀註無上香無舞蹈山呼至是儲縝等送儀註有之帝不從各報儲等遵如舊例禮畢帝詣勤政殿行相見禮仍命百官送儲等出使舘二十九日梁儲病帝親詣舘視儲疾儲出見是日帝宴儲等于勤政殿并賜金銀絲絹各有差儲等並不受固辝㱕國帝作詩以餞之立景統二年己未科進士題名碑于太𭓇門庚申三年明弘治十三年春正月二十五日帝遣使如明刑部左侍郎阮維貞禮科都給事中黎蘭馨尚寶少卿阮儒宗等謝致祭東閣𭓇士刘興孝翰林院侍書兼秀林局司訓杜絪通事司丞裴端教謝冊封并求冠服以郭有嚴爲太常寺卿二十七日户部尚書鄭季遵奏議大集軍期差餘本月以裏納足清華乂安等處及四承宣各衙門一箇月十日順化處各衙門一月十五箇日廣南處各衙門二月以裏足並依期投状户部度支同錦衣户科撿收二十八日以陶舜爲户部尚書兼知崇文舘秀林局二月初六日定追賍罰錢日其令十一日承制鄧俊傳奉詔舍生會試中三塲并𮞏年累中塲如訓導有缺者國子監官端保有德行儀表堪爲人師者送吏部銓除夏四月初七日定撿㸔税物濫匿還他令勑㫖繼今木條船庫厰塲門外公同檢驗合例者曳入檢收公同置簿不合例者将入公同檢收置簿以楊直原陞爲都廷尉初直原爲府尹弹壓豪強權貴爲之歛手黎廣度保有政術剛毅可陞廷尉故有是命貶東各校書吳焕充本府軍坐以朝事𭁈外人言也後辛酉科鄕試中叄塲不𭁈入肆塲勑㫖繼今凡有構作脩理各務當先時預定工程財物等件一一僃足量其輕重緩急漸次營爲不可一日同作以舒人力户部左侍郎阮德廣上言太祖髙皇帝起義之初将臣士伍同心戮力将臣有大勳勞並已有封謚追贈有子孫苗裔同得承蔭叙用士伍亦預勳勞雖賜勑命羙文已受各衛将軍而子孫猶多屈在軍伍未得承蔭臣恐勸功之典未盡󰁮也今陛下光登寶位德廣乾坤係從軍得馘許除用雖引󰱇不取猶授正官况開國士伍間䦕百戦凣十餘年已有功勞忍使不追贈子孫不承蔭何以爲人臣之勸今臣伏乞順天年已有功勞衹受勑命羙文許子孫投告該官勘實明白僃将姓名具奏送吏部加贈一級有子孫苗裔不識字者考充錦衣衛俊士䏻讀書識字考充崇文舘𭓇生如功臣例上以伸聖神山河𢃄礪之盟下以篤功臣𭁈國咸休之慶也上從之仍勑㫖順天年開國有羙文勑命自三品以上見󰱐子孫已充軍伍各色許本人投告兵部勘實軍伍者充錦衣衛俊士䏻讀書者充崇文舘儒生三品以下充羽林神臂等衛秋八月十五日御製觀稼亭中秋玩月詩十五韻命東閣大𭓇士阮仁浹黎彦俊黎茂賞阮冲慤翰林院侍書阮孫蔑東閣校書鄧從矩鄧鳴謙梁得朋翰林院校理阮垣武珠校討阮敏等奉賡詔繼今匠人有缺至󰱇壮時取黄丁諳曉各藝社庄之人填充停差人徃各處分擇諳曉各藝充匠冬十月二十五日阮端奏言社長勤於訓飭善俗興行堪雜流官本縣州官勘實呈承憲二司勾取本社及附近各社社長勘實具奏旌賞砌東邉墻定冠帽制令禮部僃榜諸王公侯伯駙馬内外文武百官儒吏軍色民人等照所用冠服制樣遵行構作庫廊及親王公主府辛酉四年明弘治十四年春正月朔幸西京禁扈從官不得使旗軍装載妻子女妓隨行縱情肆欲詔𬋩軍匠官督押公務或有怠惰欠缺應𭛁落告所犯如法懲治不得以大杖手足磚塊木椎親自痛打違者如律治罪以楊直原爲工部右侍郎初二日校定扈從留守事例凡七條夏四月朔詔轝人女丁前頒賜掖庭并公主等止許本人正身若生得子孫並送官五月二十四日詔繼今每年至󰱇壮時其社有貧乏人不限公田私田社長預先保結端供府縣官覆勘開在貧乏項准饒秋七月二十九日詔繼今各處承憲二司官詳訪府縣等官所行功過每至歳終定爲上中下考其人爱恤下民庶勤政績者爲上考爱恤下民徵科不擾公事無缺者爲中考其人碌碌旅進旅退者爲下考承憲府縣州等吏其人有廉䏻勤敏者爲中等其人鄙猥不勤者爲下等並類取姓名許註事跡具本送吏部收照官員通併前满考九年如課例黜陟施行吏典满年限中等多者許照例陞充官吏果有污冗奸怠賍賄實跡者送吏部勘實如例治罪承憲官果有恩怨賄賂類奏不公以致善惡混淆功過失實科󰱑等官體實劾奏送問其御史󰱑官亦詳訪各處承憲功過每至年終定爲上中下考類奏並如承憲官類奏府縣州等官例施行詔各府縣等官有田土猶荒前已給通告人耕種納税如例若貧乏之人前已挚家占射開墾别府縣荒閉田土例得傳子若孫耕種者許告勘官移告本縣社擇得妻妾正身呈勘官僃類囚人及妻妾姓名交付其人妻妾送囚官領去是日又命定儒吏除用令詔華文𭓇生儒生按吏監生各衙門都吏已經󰱇取吏都查實𮞏年會試中塲多者先除少者後除若無中會試塲年深者先除浅者後除不得如前閲󰱇身材行次一槩混除違者抵罪九月朔大雨漲溢城中󰱇壮充軍諸不具人丁不能生理並饒差賦能生理徵身税半分冬十一月十六日帝遣吏部左侍郎阮郁東閣校書丁󱴏翰林院侍書兼秀林局司訓鄧鳴謙如明歳貢二十六日兵部尚書阮弘碩奏轝人捕得盗劫應陞賞次者並如各衙門應差捕得盗劫例陞充宣達局局人再能捕得盗劫者倣如衙門都吏捕得盗劫者少賞資不得陞充該捕壮士既不得陞充則賞資准在衙門吏不减十二月二十五日勑㫖定鄕試事務施行一繼今鄕試時各處社長端保本社士人除秀林生徒外其軍色民人果是良家子弟有行撿𭓇問能属文僃肆塲者亦許端保若興化安邦宣光諒山四處士人僃叁塲亦許入試大社二十人中社十五人小社十人其社習𭓇少者不犯人充本府軍三年終不得入塲彌封監不明以貶降罪之承憲二司一體公同撿察方許入塲考試若其人標試奸跡者拘留正身舉奏送問承憲官敢違容奸作弊該科󰱑及差人體訪得實一體送問治罪一繼今官員見任别處承司并儒生典吏遇上番或留京城應務等項情願應試者本人投告覈實已能行文僃肆塲者方許給回本貫應試不得如前給所保承司并奉天應試違者送問治罪一繼今吏典鄕試中一繼今鄕試入塲監生生徒守制在家並就本府報名點目欠者該官具奏充本府軍𢫔入試塲外門及代試以徒罪罪之終身不得入試塲叙用若社長認靣時見奸同情容縱致代試入塲中有告捉者充本府軍三項等是歳奉天火灾令京人迯漂出首過回藩鎮役壬戌五年明弘治十五年春正月初三日勑㫖一繼今各處縣州官行下各社長凣本社軍人匠局各色等役将至大集軍期上番先行督責令戒或彼盡去期番或做工未满期日而先迯回即󰠃究詰問責令端供明白番是頑怠及期番做者許告縣州官󰁮奏送該部治罪一繼今各衛司所有迯亡復業及老疾民人每至上番如前令銷差輕務若壮健者如有得病應務不得許本伍亦可納錢不得奸詐托病以刑部右侍郎揚直原爲兵部左侍郎阮觀賢爲刑部右侍郎二月會試天下󰁮人應試者五千人取陳翼等吏部以其名聞上親策問以帝王理天下命南軍都督府左都督駙馬都尉臨淮伯黎達昭户部尚書武有提調兵部左侍郎揚直原御史󰱑僉都御史裴昌澤監試禮部尚書左春坊右諭德兼東閣大𭓇士覃文禮禮部尚書兼翰林院侍讀掌翰林院事阮保禮部左侍郎兼東閣𭓇士黎彦俊國子監祭酒何公程司業黄培太常寺卿嚴琳進讀試卷上覧賜第一甲黎益沐水棠縣清朗人前爲道士及中第帝命宣制詞先捧香火爐烈爛其手不之󰔻黎𡺄阮文泰等三人進士及第第二甲阮景演黎仁濟等二十四人進士出身第三甲范謙柄阮茂等三十四人同進士出身鴻矑傳唱第𮞏年黄榜揭于東華門外至是命禮部捧出皷樂前導掛張太𭓇門黄榜張太𭓇門自此始三月󰱇黄丁詔各坊社冊有丁男自景統四年籍十一歳今年𮞏至十二歳及漏籍黄丁身材壮健長大四尺以上社長類名送本處三司及奉天府至農隙時閲󰱇夏四月十八日刑部左侍郎阮觀賢上言臣欽奉勑㫖繼今軍匠色例得放回農務者五六月十月十一月番並得分半㱕農不得間分秋夏奉此阮觀賢窃照上年六月十月番五刑司獄卒並停勾訟今五月十一月番軍匠軍色人分㱕農而五刑司獄所獄卒暫勾訟未奉該及臣謹具奏聞伏望聖訓二十日勑㫖六部尚書侍郎御史󰱑東各翰林六寺六科承宣使憲察使等職有缺吏部具奏取㫖施行六月十二日杜絪奉北使回以爲東閣校書兼秀林局司訓秋八月十九日以杜絪爲禮部右侍郎冬十一月以楊直原爲禮部左侍郎十二月初五日擬󰱇府衛司所官以上五府都督都撿點還督指揮使都總兵使如有缺員吏部具奏取㫖施行一衛所總知缺一員例取𬋩領二員𬋩領缺一員例取武尉三員󰱇取一吏部頻取姓名職色無過犯具奏内任内府引󰱇外任指揮翰林公同都承憲三司󰱇取僃奏銓除十八日遣太常寺卿郭有嚴監察御史阮秉和给事中陳茂材如明謝賜冠服時明國皇后見我國使至差官收取函箱領入内殿討取異香郭有嚴原有所買龍衮禁物貯在箱内恐明國檢得責之乃作戒本部榜文收取異香上進其文曰匹夫𢙇璧麟經貽黷貨之譏胡賈藏珠馬史示輕生之戒故叩闔呈垠者嘉忠純之可尚而進芹献曝者雖微小而可称歷歷薰蕕昭昭黾照得本部使等率自下方之遠來觀上國之光萬里梯航跋涉寕辝於海島九霄日月瞻依快覩於天顔趍清明文物於󰔄朝覩禮樂衣冠之周制尊親在念報答無階凣其随身貨財𡸈宜糊心爱惜其有奇南異香一合呈付差官揀裁進入明主見其文謂三代人才命太監陳寬傳出閣老李東陽等㸔奏云是他一片忠誠宜加優賞以示激勸因問左右他在國何官左右以都御史對明主乃賜宴殿上賜大紅獬豸織金胷背紵絲等物有嚴因上表称謝云臣窃惟天地𭛁育萬物雖萌芽根荄猶感生生化化之仁帝王撫綏兆邦雖絶徼󰠃氓猶仰蕩蕩平平之道今臣沗因夏貢近望堯雲仰天日於長安瞻依正切厠衣冠於王會欣幸良多𡸈圖微遠之餘疊荷寵光之賜章身有耀品釆孔揚命服匪領豸文生色顧惟草木孤根之陋尤感乾坤大造之恩臣不勝仰戴銘佣之至敬祝皇帝萬萬歳壽𭁈天齊年率土臣民均樂雍熙之治庶邦大小永孚漸被之休是臣之所深願望也丙午建王鑌薨輟朝三日賜謚貞靖詔繼今乂安建安馴象等衛所作商船二艘以便載粟阮榮等奉勑㫖光順洪德年間内臣出外擄到人家者斬停常川舍人󰱇取髙大充錦衣衛舍人卑小充外直舍人癸亥六年明弘治十六年春正月旱初八日勑諭清華賛治承宣使司參議楊靜等吾於農務尤且留意爾牧兵民固當盡力善政永保圖功書曰有僃無患此之謂也除已具奏外其方暵潦須先預僃隄防種稼事彼縣州官視秦楚肥瘠恝然予每差内臣徃省南𤱈或田𤱈卑塌或阡陌荒蕪或土堆有缺或翻鵝害苗纔至数朝斷不可久暑未数日殆甚告乾皆由分󰪽之任不得其才扞制之方靡良其策嗚呼汝等以衣冠之羙俸禄之富爲潤屋之貲耶吾一身恐惧之勤而爲爾優游之悅况今年值運下元遭逢末刼玄樞經云冬至得壬地赤千里地母經云癸亥之年雨水太多修築之術将不勤乎汝宜作急部内江䦕水車小溪大路其二箇月以裡爾親來檢閲完好者置爲考上課築漏者編爲不称職許題以聞定行黜陟尔等無情不督責至霖雨田禾淹湿詰得其實一體送問初九日郭有嚴等使明将還陛辝明帝遣西夷都督大通事錦衣衛都指揮使楊琮等宜傳聖㫖賜郭有嚴大紅骨朶雲織金獬豸紵絲四疋熟絲三疋并兵部尚書曾築蘇瀝江邉上自札橋社下至贑川社防水旱以利農并開安福渠下至上福渠處以󰱉民田五月初五日頒題扇詩御製警之云星火昏中夜蓬芒出壁東荆方當大水衛地恐興戎循省尤臨理推占謾異同秋八月御史󰱑官奏翰林官肄業怠慢宜諭罰之九月初十日大火東市燒盡庯舍冬十二月初八日以禮部左侍郎楊直原兼翰林院事是歳前大旱後大水傘圓三島山崩甲子七年六月以後肃宗明弘治十七年春正月詔繼今宫墻内加脩理各務定構作廊廟并廨宇舍二月幸西京夏四月帝由徃幸籃山車駕還宫不豫五月二十三日帝以女謁盛嬰重疾大漸乃遺命皇太子嗣位二十四日帝崩于圖治殿初帝作上陽鑑治圖治長生之殿燕寢之處讀書齋生之殿引水至堂曰流盃󰱑前稱上陽洞主生皇子六長子安王洵第二威穆帝濬第三嗣皇㵮第四通王溶第五明王治第六思王養六月初六日中軍都督府左都督屏山侯黎廣度南軍都督府左都督駙馬都尉臨淮伯黎達昭暨駙馬五府六部東閣翰林院六寺科󰉟等官詣皇極殿奉皇太子㵮即位改元以是年爲泰貞元年賛曰憲宗好文守成節用慎罰脩政任賢敬天勤民亦賢主也武瓊賛曰帝天資日表隆凖龍顔神采異常聖宗奇愛之尤聰明睿智髙出物表而仁慈温和不爲嚴毅常朝退引士大夫詢訪得失假以辝色導之使言達下情决壅蔽臣下過失薄示戒責不忍輟加笞辱有所措置從容閒暇未嘗大聲以色而天下亹亹從化每言聖祖肇造區夏皇父内脩外攘䂓模已定吾無事乎更張惟遵守成憲充擴而光大之以宣昭我祖考之德而已肃宗欽皇帝諱㵮又諱󰥙憲宗之第三子也在位未期年壽十七歳而崩葬敬陵帝篤志好𭓇親賢樂善足爲承平之良主不幸早殁惜哉其母荘順皇太后阮氏諱環天施平陵人也以洪德十九年八月初一日而生帝景統二年三月立爲皇太子及憲宗崩遂即皇帝位改元泰貞以生日爲天明聖節稱嗣皇後追上尊謚廟號肅宗帝既即位稱嗣皇告天地宗廟尊祖母長樂皇太后爲太皇太后秋七月郭有嚴等奉使還自明八月初一日以生日爲天明聖節是月有長星見西北九月初八日奉寶冊上大行皇帝尊謚曰體天凝道懋德至仁昭文紹武宣哲欽聖彰孝睿皇帝廟號憲宗母貴妃爲荘順明懿皇太后逆人段世儂等伏誅時世儂反於髙平捕獲之及其黨五百餘人皆伏誅冬十月十八日甲辰憲宗皇帝梓宫𭛁引回西京十一月初八日遷塟裕陵禮官按故事奏請立碑帝可其奏乃命文臣阮仁浹范盛程志森等󰱇碑文遣使如明吏部左侍郎鄧讚撿討屈瓊玖户科都給事中刘光輔等歳貢兵部右侍郎阮鄰監察御史阮敬嚴等告哀禮部右侍郎阮寶珪東閣校書陳曰良校理武珠等求封是月初八日帝弗豫初帝即位出囚人放宫女停不急之務减偏重之役抑貢献省力役任勳舊攢威權抑戒外戚发篤親藩凡經綸大經建立大本無所不用其極天下臣民皆拭目以觀初政以爲成康文景十二月初六日壬戌帝勑諭朝臣屏山侯黎廣度贑川伯黎能讓及文武臣僚等朕疾未痊慮付托重寄恐有未堪先皇帝第二子濬賢明仁孝可嗣正統以承祖宗以撫臣民大臣百官盡其忠貞以輔成大業棊親王僣于天位天下共誅之初七日癸亥帝疾大漸八日甲子崩于皇極殿遺詔百官䘮服一循古禮十八日甲戌中軍都督府左都督屏山侯黎廣度宗人令叙恩使黎能讓暨公侯伯駙馬都尉五府六部御史󰱑東閣翰林六寺六科提刑十三道等官詣興明殿奉迎憲宗第二子濬即皇帝位大赦改元以明年爲端慶元年時阮寶珪如明未過䦕再改封表文送𭁈寶珪奉行是時頒大赦詔條于天下其一中進士科未有除用而病故者許子孫蔭如官員例并入流試官許饒一男󰱇丁壮一男二十五日定五城門外作直店例勑㫖五城門外效力神武殿前構作瓦屋二連每連七間每日該把門用一人出直店譏察并錦衣肅清員人亦在夜間内臣即在󰱑門内若一連神武殿前效力用二員軍二十人盾五十靣手箭五枝宿直如法二十六日勑㫖五府軍店外作木柜例係外店每店相󰘌並著木柜柱要大每店用鈎五柄有尖頭頭亦有鈎置在店两頭守把官員軍人並在直店不得湊作以别務威穆帝諱濬又諱諠憲宗第二子肅宗之󰱃兄也帝嗜酒好殺荒色立威屠戮宗室幽殺祖母外戚縱横百姓怨怒時稱鬼王徵見矣亂其母昭仁皇太后阮氏諱瑾東岸扶軫人也少孤貧自賣𭁈奉天人其家有罪没入官婢以故得入侍𬋩寕皇后憲宗爲太子時見有羙姿悅之納以爲妃以洪德十九年五月五日子時而生帝泰貞元年肅宗崩無嗣󰱃母敬妃阮氏於禁中定謀立之遂即皇帝位大赦改元以誕日爲天慶聖節稱瓊都洞主乙丑端慶元年明弘治十八年春正月朔日食二十一日詔各處承宣官員百姓等大事用大方紙小事用小方紙嘱書文契用大紙不得猶狃用方紙如前聽一箇月悉如明令若官員百姓嘱書文契猶用方紙許本族人族長投告驗實以虚論賣者失其己分買者失其原錢嘱書文契並不用二月十六日甲戌上大行皇帝尊謚曰昭義顯仁温恭淵默惇孝𠃔恭欽皇帝廟號肅宗十八日丙子追尊生母阮氏爲昭仁弘懿皇太后會試天下󰁮人取黎鼐唐安擇人慕等五十五人廷試賜第一甲黎鼐裴𠃔文陳棐彰德芝泥人啓之子三名進士及第第二甲阮肖象陳磊等十六名進士出身第三甲范󰦛碏阮胥等三十六名同進士出身三月肅宗皇帝梓宫𭛁引回西京癸卯塟于敬陵禮官奏請立碑帝可其奏命覃文禮阮人浹范盛程志森等󰱇碑文二十二日太皇太后阮氏暴崩于長樂殿正寝年六十五初肅宗崩無嗣内臣阮汝爲欲立帝太皇太后以帝婢妾之子不可以承大統固要立吕瑰王於是汝爲諷太后使出迎吕瑰王汝爲等乃閉諸城門立帝太后見帝已立不悅後帝遂使左右密弑之輟朝七日二十七日升祔母昭仁弘懿皇太后于東京太廟明德宫是月化外州透入爭那巖䦕田帝命丹溪伯鄭侑經理明光地方立䦕隘而還夏四月二十七日追尊祖母謚曰徽嘉靜穆温恭柔順太皇太后帝建真元殿作寶瑞堂於東岸扶軫鄕作宣󰕑堂於水堂華陵鄕又作光羙殿於廣德隷園坊以恭奉太皇太后先祖五月初七日明孝宗崩謚曰敬皇帝十三日命鄭侑徃宣光公幹二十五日以誕日爲天慶聖節二十八日明皇太子厚照即皇帝位改元正德是爲武宗以楊直原爲户部左侍郎兼昭文舘六月初五日貶禮部尚書覃文禮御史󰱑都御史阮光弼等于廣南尋殺之初憲宗寝疾帝母昭仁皇后以婢妾得寵生帝而早殁󰱃母敬妃無子養爲己子意欲立之恐大臣不從以金賂文禮不受及憲宗大漸文禮𭁈光弼受遺詔輔皇太子嗣位時諸王爭立文禮恐变起倉卒乃入寝殿取傳國寶㱕家再𭁈文武諸大臣共立肅宗即帝位帝深憾之至是以姜种阮汝爲謀貶二人行廣南承宣使至真福縣大江帝使人道追逼令自盡二人當投水中吟國語詩而没後廷臣心知二人死非其罪爭之帝㱕𠧨於汝爲遂殺之以黎嵩爲清華承宣使起吳煥爲清華憲察使煥前被充軍再試中生徒至是起用丙寅二年明武宗德元年正春初仁睦門陳𬋩領陳姓缺其名領官名也本陳朝之外孫生二女長曰松次曰竹帝聞松有羙色󰱇入後宫生皇子而早没後竹亦入侍二月󰱇黄丁黜范謙柄爲海陽憲察使時謙柄坐𭁈黎𡺄石誌爲朝中所劾故黜之召附翼縣知縣阮貴雅爲提刑監察御史先是貴雅應制落韻被黜至是召還用之夏四月十三日起復杜絪仍禮部右侍郎翰林院侍讀參掌翰林院事以絪丁母󰪽始服闋故也服冬十二月十二日遣兵部尚書阮光羙吏科都給事中阮旌提刑監察御史阮仲逵爲提調監試監考考試軍色民人書筭於講武殿庭改定軍號勇士副軍以下丁卯三年明正二年德春正月初九日明遣正使翰林院編脩曾鐸副使吏科右給事中張弘志來告即位并賜彩幣以阮󰉎爲海陽承宣使初󰉎奉北使有北󰥺甚好不以上進爲舍人所奏黜還家至是始用之後󰉎卒于任所明又遣正使翰林院編脩沈濤副使工科左給事中許天錫賫詔勑封帝爲安南國王并賜皮弁冠服一副常服一套天錫見帝相題詩曰安南四百運尤長天意如何降鬼王覆考書筭一百四十四人中者阮子棊二十五人充華文𭓇生知府阮贄被外戚姜种親人打死復甦先是贄仕憲宗時爲中書監正字會試中塲以帝外鄕東岸人除奉天府少尹後任富平府知府爲人不屈姜种親人阮仲拿于廷尉獄打死抛于城外子孫以席包之乃㱕而塟忽然復甦匿于弟子家日則冗居夜泊樹上妻子以他人骸骨塟之行齋如居䘮禮已經三年鄕村不知至洪順己巳年義師起詣闕陳辝許入秘書舍人賜號還生僞莫時官至義興髙平等府知府三月帝拜謁西京二十四日戊戌還自西京駐營于春杜行殿親幸真元殿顧䀡福地以阮時雍爲清華承宣使冬十一月遣使如明户部左侍郎楊直原東閣校書朱宋文翰林院撿討丁順等賀武宗即位梁侃謝賜綵幣鴻矑寺少卿阮銓進香工部右侍郎阮璹翰林院撿討尹茂魁户科給事中黎挺之等謝致祭清華承宣使黎嵩翰林院撿討丁貞監察御史黎孝忠等謝冊封乂安參議黎淵翰林院校理吳綏監察御史黄岳等歳貢戊辰四年明正三年德春二月會試天下󰁮人取杜鎣音容鎣舒池人廷賜第同進士出身試等五十四人及廷試賜第一甲阮簡清許三省阮有嚴三名進士及第第二甲陳倧等十五名進士出身第三甲阮義壽等三十六名同進士出身以阮伯俊爲清華總兵僉事阮戇爲清華憲察使三月初四日詔内外各衙門都提吏并更番吏有缺数吏部照洪德年間例類取應得填充姓名具本送吏科抄送吏部轉送各衙門遵行以莫登庸爲天武衛都指揮使司都指揮使即至灵竜洞社縣其先祖莫挺之陳朝状元官至左僕射挺之生髙髙生邃邃生嵩移居清河蘭溪社生萍萍又涉于宜陽古斎社萍生檄檄娶本社鄧春長女生三男長曰登庸次曰篤信季曰橛登庸有勇力以武󰁮入宿衛至是乃拜是職夏六月以杜絪爲御史󰱑副都御史户部左侍郎揚直原還自明帝以象笏銀帶賜之冬十月初四日下御史󰱑副都御史杜絪于廷尉獄絪以言事忤㫖繋獄尋放之黒羅羅國人侵入朱村田䦕帝乃以北軍都督府陳叔邁爲右游擊營副将范一鶚爲記録先行命羙郡公黎炯爲征蠻将軍掛征蠻将軍印丹溪伯鄭侑爲副提領将神武効力殿前中東西南北府各衛軍分爲六營每營一萬人以三千人運粮徃征黑羅羅到朱村田分立界碣尋命炯等經理順化處水尾朱䦕地方以脩理䦕隘以後襄翼帝洪明正德四年春二月耕籍田耒折敬天殿乾元洪鍾蒲罕斷鍾自落以阮承業兼掌宗人府宗人令子模總領各宿衛三月勑征蠻将軍黎炯鄭侑等班師還帝姓好勇因謁郊還宫乘援雲象頭入東華門令各司及五府公象将入御前引󰱇并類各鎮公象回于京師󰱇入御象充補各衛是時新置内臣有飛武司力士内使以阮鑁爲飛武司都飛武力士内使直端康宫如都力士直金光殿著銀帽金鳳趐有紅毛尾以阮公論爲飛武司飛武力士内使著水銀帽有紅尾設宫門承制監如司禮監御象御馬二司設御象監御馬監御象帶刀内使著水銀帽𪽗金葵花御馬著水銀帽紅葵花御馬御象二監鬪力持扙相擊自清陽門至太廟門外帝以爲樂以錢帛賞之帝自即位之後每夜𭁈宫人酣酒無量醉即殺之時權㱕外戚東則華陵養鄕父西則仁睦帝鄕妃北則扶軫帝鄕母皆擅怙權勢沉溺臣僚有以私意而屠戮生民有以密體而誅求錢貨凡民間六畜生花等物一切掠取及民家有奇財奇貨標字取之萬民嗟怨而帝弗悛又心𢙇猜忌凡前日臣下之不立己者徃徃誅之又密使内人阮廷科徃體察諸叔父兄弟凡二十六王而荆王以叔父迯遁不知所之獨𥳑脩公以叔伯之子繋獄得脱命都督保禄伯黎子雲武耿等徃經理廣南地方先是洪德元年聖宗親征占城得茶遂妻子㱕于本國置居寶慶門外幾三十年至景統年間子茶福盗其父茶遂骸骨迯㱕其國留一親姊於兵燹先上声野火也時始亡至是諸勢家功臣占奴居田庄亦迯回國武耿驛奏言作乱者帝令殺占人殆盡不知作乱者占人制謾等後得漂海占人麻末等監在承制再供謂前年茶福已回彼國使男罵羅徃明國求援又作船粮数多故命耿等徃經理以楊直原爲御史󰱑都御史秋八月詔捕占人拘執者盡殺之一條奉議國子監監生會試累遭中塲十五年以上年深塲多者方得充上舍生引選銓除牧民首領伴讀長史訓導等職若累中塲已滿十五年未得充舍生及一遭中塲已滿十八年以上者亦許保󰱇除閤門序班伴讀長史講諭等職一條奉議官員子孫充崇文舘秀林局儒生會試中塲年深塲多满十五年以上者并单中一塲满十八年以上者方得保󰱇除牧民首領等職若年深才幹無中塲满二十五年以上者後承教承業行路官員百姓見於一里皆竄走入庯舍市肆家去後始出阮廷科密使人徃天下各處承憲府縣至於民間脅娶處女荼毒蒼生天下失望是時長樂皇太后之親阮文郎亦在逐中回本貫大臣宗室宜郡公黎能謹不得志有詩寄𭁈阮文郎使󰁮兵誅惡黨文郎通韜畧精兵法善觀天時力能捕虎於是文郎率占奴制謾武伯武接并清華三府人󰁮義師于西都城以軍鎮神符海口時帝弑害宗室簡脩公瀠猶被繋獄乃以財物賂守者得脱未及告母并兄弟𭁈其妃乃挺身迯入西都至神符海口見文郎奉迎立爲盟主因𭁈文郎造長鎗及大臣阮演吾楔阮伯髙黎湛𭁈清華總兵僉事阮伯俊承宣使黎嵩參政阮時雍等同起兵使黎得朋爲檄諭大臣百官傷殘骨肉沉溺臣僚寵戚畹而狗尾縱横遠骨鯁而魚頭󰄿伏爵已盡而濫賞不盡民已窮而濫取無窮征賦若錙銖用財若泥沙暴虐殆同於秦政待臣如犬馬視民如草芥慢侮有甚於魏罃况又大其宫室廣其花圀驅民種樹宋花綱之覆轍相尋填海築宫秦阿房之昏風復踵土木築而改改而築疲勞海陽京北之民華宗驕而横横而驕騷擾藩鎮四宣之境居民疾首率土痛心鴆殺祖母魚肉親王以私意而屠戮生民罔知紀極以密體而誅求錢貨益肆貪滛四海困窮萬民愁怨簡脩公瀠詐称爲錦江王竪錦江王招安旗是月初八日簡脩公瀠自西都𭛁水步諸營並進水軍到天健山帝以河清海清二輕船馳到天健山葆寺獲其水營将一人并得兵卒二十馘将回東華門外帝命副将東巖伯黎瑀賛理御史󰱑都御史楊直原記録右侍郎范盛陳能等提領禁軍并神武効力殿前諸衛官軍禦之弗克二十三日瀠兄錦江王漴并弟靖亮公瀛及涓𭁈壽梅駙馬阮敬皆遇害瀠軍猶以錦江王招安旗撫諭使瑀等來降瑀以錦江王頭示之曰此錦江王之頭也何以詐爲瑀騎象兵進戦同樂處陣陷不屈而死楊直原范盛陳能等亦殁於朱橋官軍敗還二十六日瀠軍諸营並進至寶陀仁睦紅梅燒身等處帝出青陽門慰勞金光殿力士及錦衣金吾将士以劎賜程志森黎廣度等𭛁金銀錢財賜五刑見監囚人每人三鏹使以擊賊受畢各㱕其家又倉卒徵兵帝命中使華文𭓇生每司各二員人賫捧勑符徃諒山太原宣光安邦各都司詳勑合符調取各鎮士兵每鎮五千人以防擊賊其人受勑符去帝許御前朱漆短矟每人一柄以隨身未到菩提春耕等處瀠軍以入過城眾皆遁去皇后陳氏松迯出至紅梅社匿于民家自縊於寺廟黎廣度𭁈簡脩公内外相應傳砲爲信揭竿為旗斬木作兵自相攻擊以駭眾軍因刧帝北幸簡脩公至東京城聞父建王𭁈兄錦江王弟靖亮公季弟涓等遇害命官治䘮事𭁈行塟禮二十八日帝走至日昭坊前衛士追獲之納𭁈簡脩公繫麗景門公以衛士不義遂殺之十二月初一日帝飲鴆自盡簡脩公以帝前日殺父母兄弟之慘憤猶未觧使人以大砲置屍火處砲𭛁散盡骸骨止以餘燼回塟母鄕扶軫安陵降爲愍厲公将回北使舘弑之其外戚皆盡弑亦按洪順治平寶範曰端慶年間内朝干政外戚專權法令煩苛紀綱紊乱農桑失業風俗日偷甚可憫也况又傷殘骨肉沉溺臣僚所爲若是欲不亡得乎按阮煜洪順中興記曰愍厲失德种勝專權承業以牧牛之竪兼掌宗人子模以賣魚之兒總領宿衛登進豺狼之軰𧡟開賄賂之門脩第宅則太原宣光等處山無木以塞欲原索鹹盐則乂安安邦地方海無鱗以填餓喙太阿倒置神噐展摇災異屡見下民怨嗟其亡宜矣論曰愍厲信任外戚暴虐無道誅戮宗室殘酷百姓自取滅亡不亦宜乎是月初四日簡脩公即皇帝位以杜絪爲東閣𭓇士陞朝列大夫以絪曾奉北使故授此職帝既即位命頭目黎廣度黎琱阮文郎黎嵩刘興孝程志森鄭綏梁得朋杜履謙丁󱴏鄧鳴謙杜絪黎鼐譚慎簡等上表陳情于明其辝云端慶黎濬襲封王爵經四年間寵任母黨姜种阮伯勝等恣行㓙暴濁乱朝綱屠戮宗親鴆殺祖母荼毒國人民不堪命种勝等權傾中外惡黨日滋圖竊國柄十七日追尊母鄭氏爲徽慈荘惠建皇太后命殿前都檢點瑞陽侯鄭侑爲山陵使户部尚書鄭維岱副之延郡公駙馬都尉黎茂昭爲總護使清華總兵僉事阮伯佺即阮俊也伯譚慎徽等副之以本月十九日遷塟于御天之羙舍鄕二十九日乙丑立徽慈荘惠建皇太后碑命禮部左侍郎翰林院侍讀掌翰林院事梁得朋選記追謚顯祖宣祖太祖皇帝皇太后以下尊號尊父建王曰配天裕聖温良光明文哲寬弘彰信綏休睦孝建皇帝母建皇太后鄭氏曰徽慈荘惠嘉亮柔聖和穆信謙明正懿淳福慶皇太后贈同母兄錦江王漴爲荘定大王次弟靖亮公鎣爲穆懿王季弟涓爲翼恭王漴音崇鎣音雍以吳煥爲清華賛治承宣使司承宣使尋授吏部尚書襄翼帝諱瀠又諱晭聖宗之孫建王鑌之弟二子也在位八年壽二十四為權臣鄭惟㦃所弑塟元陵慎罸亦足以有爲也帝即位之初敷敎優游不󰠣土木紛紜小民失業盗賊滋起馴𦤶危亡實由於此其母徽慈建皇太后鄭氏諱瑄乃雷陽水注人都督僉事兼左崇正仲峯之第四女也以洪德二十六年六月二十五日生憲宗時封简脩公及威穆帝誅戮宗室乃挺身入西都以端慶五年十月󰁮兵至東京遂殺威穆帝而自立以生日爲天保聖節稱仁海洞主及遇害鄭惟㦃降封為靈隱王後追尊襄翼帝庚午洪順二年明正德五年春正月論應義師功以義郡公阮文郎為義國公加紹郡公黎廣度為紹國公諒郡公黎輔為諒國公威郡公黎伯璘為威國公户部尚書鄭維岱為文郡公殿前都檢點瑞陽侯鄭侑為壽郡公駙馬都尉黎荗昭為延郡公文郎子阮弘裕為安和侯鄭惟㦃為美惠侯清華總兵僉事阮伯俊改伯佺為禮部尚書由禮伯清華承宣使黎嵩為吏部尚書󰦛書伯清華參政阮時雍為御史󰱑都御史良文伯譚慎徽為刑部尚書翰林院侍讀參掌翰林院事梁得朋為吏部左侍郎議置提領官有掌提領同提領剛提領提領四城軍務事其職掌則巡警京師各處斥堠擒捕姦非二月帝遣使如明刑部尚書譚慎徽東閣校書阮文泰兵科都給事中黎承休通事阮鋒行人三名從人八名奏事禮部左侍郎阮絅侍書武幹提刑阮𠃔文通事䏓好行人三名從人九名求封時承休往至界首有疾乃遣兵科都給事中阮文俊代行帝稱仁海洞主二十七日以東閣學士杜絪為户部左侍郎絪改名岳避御稱仁海也太祖廟承塵墜夏四月二十五日夜三更内竪阮克諧亂逼帝幸重華宫又幸萬壽謹德敬天等殿帝作國語詩大臣文武入侍奉和惟東閣校書陳翼和合格賜錢五貫夜時有内臣阮領迎帝幸連池逆徒出外以乘輿迎花溪王從為僞主帝命壽郡公鄭侑等討之追至東河逆徒就戮者過半其餘黨渡河過菩提遁去三島山侑差裨將追討之二十六日大赦詔置天武其制帽樣用朱帽有金紅鳳趐哀牢局蒙遣使到乂安𮞏本驛奏乞納欵㱕附詔却之以新得國恐其窺窬國中故也六月以生日為天保聖節秋八月太白經天改號令力士為體察力士九月初七日聖旨凣給賜田土桑洲譚池等項准各處宜給八其留脱猶在人未入官簿籍許太僕官自䏻尋覔具本奏文送下户部并本處承司許該勘具本取㫖轉送禮部奉行勑給公侯伯各有差冬十月以户部左侍郎杜岳為東各大𭓇士入侍經筵起復吏部左侍郎梁得朋兼東閣𭓇士入侍經筵固辭不受得朋因献治平十四策其畧曰臣聞古之聖君不以天下既治而忽警戒之念古之賢臣不以其君既聖而忘箴䂓之心是以󰔄舜之時既熙暭矣而伯益之矢謨則曰罔遊于逸罔滛于樂無怠無荒慄慄乎如危亡之將至帝舜納其言而戒其所當戒此所以為大聖也漢文之時既富庶矣而賈誼之献策必曰厝火積薪可為流涕可為痛哭懦懦乎若禍患之已刑文帝納其言而憂其所當憂此所以為賢君也盖以臣之進言不諄勤不激切則無以助人君納諫之明君之聽言不釆納不寬容則無以開人臣進諫之路今陛下寬仁大度不嗜殺人復高祖之業救萬民之命四海之内如觧倒懸莫不延頸𠆳踵然而即位以來和氣未調干戈未戢朝綱未󰁮軍政未脩灾異屢見恐天道之未順山石剥削恐地道之未寧奸宄竊𭛁逆賊潜萌恐人道之未安也而在朝之臣知而不言其自計得矣如國計何臣忝以舊臣義同休戚𨿽在衰絰之中通䘮未畢而陛下以義奪情置之侍從盖欲臣有所議論猷為裨益天下輔賛太平矣每念時事則終夜不寝臨食不飱犬馬之心自不能以謹條治平十四策以文一曰致警戒以弭灾異之變本請還從之作天光殿定賞蕉園寶陀及鎮宇皇城店功詔山南各處貟人於蕉園處安寕安謨奉化家遠等縣預從義師并從諸營有官賞五資無官者饒軍色倣如前聽󰰻例輸番習藝宿直再有暫留宿直功與宿直同有官陛一級無官者除正九品有宿直󰱇入議衛而無從議師賈除從九品衛士俊士功臣子孫儒生監生文属等項勤幹壮健者除護衛勤幹不壮健者除外任各職民人有軍功並許本職隋庶除用子孫並得承蔭各處員人有能就西都城從駕有公者與清華員人軍功賞同若清潭今改清池上福清威慈廉等縣貟人鎮守并輪番守皇城外店有官者陞一級無官者饒軍色各項倣如前聽󰰻例輪二十番守皇城外店習藝,Chinese
dvsktt,若有輪番宿直無鎮守賞五資輪二十番守皇城外店儒生生徒賞五資十一月帝遣御史󰱑副都御史杜履謙翰林院侍讀兼史官阮秉和超類永世人初名文献提刑監察御史阮德光通事阮明行人入名從人二十五名如明歲貢置直金光殿添寶刀司以費萬全永類春池人為御史󰱑副都御史范謙柄為僉都御史加良文伯阮時雍奉直大夫尚書御史台都御史杜岳奉直大夫尚書東閣大學士入内京筵由禮伯阮伯佺奉直大夫禮部尚書程志森奉直大夫工部尚書武瓊朝列大夫兵部尚書范暭嘉行大夫户部左侍郎鄧明謙朝列大夫吏部左侍郎黎挺之為户部左侍郎辛未三年明正德六年春正月朔日有食之二月帝謁籃京時申惟岳吳文綜起兵于京北安富東岸加林等縣地方有安富儒生朱植告于東京留守瑞郡公吳柄金原伯鄭伯适遣兵擊破之擒維岳文綜等檻送京師傳指行在初維岳於端慶年聞舉進士出身官至錦衣衛斷事直金光殿志帝起義師弑愍厲公維岳遂回家不士稱兵作亂後賞朱植功除奉天府尹維岳武寕大璉人帝𭛁金山并六宫妃嬪幸金甌寺晚駐飛來寺觀𧡟舟幸顯仁殿又幸盛美殿御營駐十翠靄遇暴風大作御舟並漂蕩三月會試天下士人取阮泰華等四十四名泰華青林大育人廷試同進士出身及廷試帝親策問以古今治道命提調太宰太師紹國公黎廣度知貢舉工部上書程志森監試户部左侍郎范暭吏部左侍郎鄧鳴謙讀識卷禮部上書阮伯銓尚書御史󰱑都御史阮時雍尚書東閣大𭓇士入侍經筵杜岳及奉卷進讀上親覽定其髙下進士及第第二甲裴𠃔恊等九名進士出身第三甲陳𠃔明等三十五名同進士出身夏四月命都督同知黎豊為都将范德贇為參将阮篤為總督徃廣南順化地方捕公象以黎公澄為海陽參政范謙柄為海陽憲察使兵部尚書國子監司業兼史官都總裁武瓊唐安縣慕澤社進大越通鑑通考述自鴻庞氏至十二使君以前為外紀自丁先皇至本朝太祖髙皇帝大定初年為本紀并詳節歷代紀年凣二十六卷進封天武衛都指揮使莫登庸為武川伯時豪傑并衛士皆云東方有天子氣帝使義國公阮文郎以術士往塗山厭之登庸亦在此行終不之𮗓二十七日頒治平寶範于天下凣五十條諭文武官貟百姓等惟天惠民必立之君師惟辟奉天必先之教養所以和民心阜民財致國家長治久安之效也湯武臻嘉靖太和之治本於五教之敷八政之用是聖帝明王代天理物曷賞外教養以為治哉太祖髙皇帝創業垂統立𭓇勸農以寵綏乎四方太宗文皇帝繼志術事󰦛化厚民以和寧乎萬國聖宗淳皇帝祗紹先猷盡偷盡制頒大誥以󰦛風化之原憲宗睿皇帝克篤前烈󰦞誓󰦞康作敷言以厲興平之俗重熙累洽德博化󰦛治效之隆於斯為盛比至端慶年間内朝干政外戚專權法禁煩苛紀綱紊亂農桑失業風俗日偷甚可憫也朕念祖宗締造之艱難軫兆姓閭閻之疾苦為宗社生民計大󰁮義兵永清四海即位之始敷教慎罸以防範民心𭛁政施仁以迓續天命惟欲典章制度焕然一新乃取其有関政治風俗者輯為治平寶範以頒行天下惟尔臣庶咸體朕心是訓是行同㱕于治以享萬世太平之福以綿億年永遠之圖所有訓條開列于左一人臣事君宜咸懷忠良恪居官職國尔忘家公尔忘私同寅恊恭直言極諫不可阿䛕取容竊祿倖位私受干謁賣爵鬻獄以𦤶妨害治道違者治以重罪一皇宗功臣掖庭勢家與國同休戚當體朝廷愛養生民之意其給賜田土陂池桑洲遵如明例侯勘給定界碣方得耕作若未經勘實未定界碣不可奪穫禾榖并容受奸人出入妄抑民間田土濫取過多致小民失業并宜教訓子孫戒飭奴婢使曉之禮法不可恃勢驕驁敺打細民走馬街衢践傷人命及遏截道路等處奪取民財違者許被害及見知人投告科󰱑憲司府縣州官具奏送刑部治罪若科󰱑憲司府縣州官畏避權勢不肯之鋰許本人詣闕奏聞科󰱑憲司等弌體治罪一肉外各衙門等官宜正身率厲恪勤厥職在公不可徇欲恣情󰱏迷酒色妄使所属媒引妓妾要素酒殽流運酣欲以致怠棄公務敗傷風化為者如律治罪一吏部宜恪守公平銓衡人物慎惜名噐澄清仕途如引選則每遭四十人吏部先移咨各衙門端供應銓除者姓名公同科󰱑引選具奏取旨銓除年深及塲多者先銓除年浅及塲少者後銓除有軍功者則遵如洪德賞功令銓除疾劣瘦弱者除雜流散官敢有賄賂殉私銓選失序許都󰱑檢奏如律罪之都󰱑不䏻檢奏一體治罪一監生儒生生徒每至朔望各具衣巾點目如法遵守𭓇䂓習肄課業期於成材以資國用敢有僥倖奔競遊戲道途󰲝弛𭓇業一遭欠點罸中紙一百四十張二遭欠點罸中紙二百張三遭欠點答四十下四遭欠點者檢奏刑部勘問一年欠者󰁮奏充軍一鄕試提調監試監考考試巡綽等官及社長宜體朝廷德意務秉公心期得實材為國家用社長脩簿供結士人要得實學不限人數多少送本縣州官考暗寫一塲府官考經義三道承憲官公同考試如例事畢即日類取中三塲干人中四塲干人作簿公同差考試官署字以防奸詐期三箇日提調監試等官具本奏聞停憲司審覈敢有徇私䂓財市恩挟怨聽從權勢貢舉非人及具本遲緩者許科󰱑󰁮奏治罪一端慶時多有奸人出入扶軫華陵惡黨之家或者稱親人或求買帖子侵占民田土奪取民才貨敺打良民挑謔婦女亦有停止奸人分財入己恃勢凌櫟為害愈滋今惡黨𨿽已伏辜而前項奸人猶狃故熊肆行㓙惡攪擾細民者德被害人并坊社村長押引正身投告承憲府縣州官具本如律治罪若承憲府縣州官畏避不肯為理許被害人詣闕奏聞一體送刑部治罪五月初五日上御敬天殿鴻臚傳唱進士黄義富等名百官朝服慶賀奉頒恩命禮部捧黄榜揭張于太𭓇門外仍賜以衣服官󰅾并宴筵平章軍國重事輔國承相上宰太傅威國公阮伯麟工部尚書掌部事知顯福殿譚慎徽吏部尚書知昭文舘秀林局黎賛襄工部有侍郎冬十一月十一日不拨縣光被人陳珣作亂於山西地六珣乃前吏書陳瑾之孫部尚是時京城庯舍人民騷動俱將妻子回于本貫街衢道路絶無人行帝命户部右侍郎黎挺之同科󰱑等官勘庯舍市肆某人由在本家某人妻子已回本貫令加禁止法重嚴謹難於舉動手足或某妻子已回家多以他人詐為妻子以候差官驗實至是命舍人往大臣家文臣家觀其虚實見黎挺之阮宗鷟阮履光并翰林檢討吳綏監察御史陳頊等五人妻子並回本貫帝命殺挺之等于東河坊三岐路以挺之等為檢勘官而妻子先以迯回固罪之帝命美惠侯鄭惟㦃提領官軍往擊陳珣時珣兵逼犯于慈廉縣名國威府属官軍敗積退還駐于東鄂日昭等處珣兵勢甚盛欲逼京城義國公阮文郎令殿前六衛軍拽小天光舟下水欲行清華以據險仍湊調工部各所匠常班象人列奇於東河處為守夜京怖迯回帝命明倫伯黎念總太監黎文輝及華文𭓇生二人以海清河清二司力士把棹二輕舟徃慈廉地方偵訪賊情念先到安嘉市見庯舍燒盡官軍已敗退回渡河入寡悔社念再馳回入殿前靣奏是時惟㦃為賊所敗手下僅存二十餘人裂衣為標誓𭁈擊賊酉𪰛惟㦃猝至突入珣營中見珣著紅袍坐床上以鎗刺殺之其徒黨皆走散時屯聚在别處者不知逆珣已死屯聚如故二十日帝奏告太廟仍命阮文郎將諸營將士馬象討之時惟㦃已殺陳珣因承勢𭛁砲三響諸軍鼓噪進戰大破之追至瑞香果洞東鄂等社刺殺甚多僵屍满野沈溺江中不可勝紀後定功以惟㦃為原郡公其從惟㦃刺殺數多皆授以都指揮同知軍功有刺殺數多授職自此始斬胡把於延興坊先是都力士胡把擊賊去回折金鳳趐藏之及賊平占之殺户部司務李文思先是陳㫬之亂京城諸王公主庯舍市四民間皆走出大羅城外寓於紅梅盛烈等社地方文思亦避去私説輕侮大臣阮文郎鄭維岱等靣奏文故殺之賞大𭓇士杜岳等十一人初陳珣逼近京城人心驚怖惟岳等應務胡堂上命類大臣文臣止友十一貟奉勑㫖議賞以表其忠分金銀税例天下金税例十成色兼金四百四十九兩五分六釐四毫原例四百六十两代納公象二十两十成色金二千九百一两六錢九分五釐一絲原例二千八百六十三两若銀税例十成色花銀六千一百二十五两九钱八分四犛八毫原例四千九百三十两命阮文郎重脩國子監崇儒殿及两廡明倫六堂厨房庫房并新構東西碑室左右每間置一碑是歲立端慶元年乙丑科四年戊辰科進士題名二碑時上既命重脩國子監并新構作碑室又慮端慶二科未有立碑乃命冬官刻石尚書東閣大學士入侍經筵杜岳𢮪記中書監舍人杜如之書知上寶監裴視篆按杜岳記云帝聰明作后睿智表󰘊恢太祖立極之圖弘聖宗觀文之治初設講筵留心典籍煥經天緯地之宸奎則有寶天青暇集廣酌古凖今之治鑑則有光天清暇集聖𭓇益以髙明聖德益以純粹尤且幸𭓇訪道臨軒策士其皷舞之機於是尤至既命官重脩國子監及新構碑室又慮乙丑戊辰二科未有立碑乃命官刻碑𢮪記以立之此可見󰦛崇褒奬之至意也歟壬申四年明正德七年春正月命武將統領兵象杜岳賛理軍務往山西興化地方討平逆阮嚴等三月初三日聖㫖係開國公臣子孫猶屈在軍五許將祖父勅命褒美文投告該處勘實職字者充崇文舘𭓇生不識字者充錦衣衛俊士加黎嵩少保禮部尚書東閣大𭓇士兼國子監祭酒知經筵事󰦛書伯夏四月考試官貟子孫書筭中者充儒生并各衛門吏黎熙一作僖鄭興黎明澈等作亂於乂安地方帝命康郡公陳儀東各校書陳翼等徃討之入乂安地方儀等腹背受敵官軍渡海被風波破打全軍溺死儀翼亦沉于海熙興等進逼雷陽五月既望帝命鄭惟㦃帝領官軍杜岳賛理軍務徃清華乂安討平之斬黎明撤傳首詣经師懸於東津坊生擒熙興檻送京師誅之放湊調四政民兵回田里時倉卒聞鄭興等竊𭛁逼犯清華時日已暮門上已鎖有旨喫朝堂等官議仍勑諭於大興門外令差大臣湊調四政民兵就地方各處分隷兵籍以防討賊至是賊徒就戮令放回田里置左金刀右保刀旱天下大飢作大殿百餘屋初錦江縣明决社匠人武如蘇即名都鴈於家以薕構成百屋脊大殿至是以此圖進勸帝構作之冬十月贈楊直原為御史󰱑都御史癸酉五年明正德八年春義國公阮文郎卒贈義勳王塟祭用王者禮鑄金為象正月二十六日明遣政使翰林院編脩湛若水副使刑科右給事中潘希曾來󰀋封帝為安南國王并賜皮弁一副常服一套希曾見帝謂若水曰安南國王貌羙而身傾性好滛乃諸王也乱亡不久矣及還帝厚贐之若水希曾不受帝餞若水詩云鳳詔祗承出九重皇華到處緫春風恩覃越甸山川外人仰堯天日月中文軌車書㱕混一威儀禮樂藹昭融使星耿耿光輝遍預喜三台瑞色同次韻答云山城水郭度重重初誦新詩見國風南服莫言分土遠北辰長在普天中春風浩蕩花同舞化日昭回海共融記得傳宣天語意永期中外太平同帝餞希曾詩云一自紅雲者案錢使星光彩照南天禮䂓義矩周旋際和氣春風笑語邉恩詔普施新雨露炎封永莫舊山川情知遠大攎賢業勉輔皇家億萬年北臣邉維垣義在思分土納誨才踈愧濟川臨别何須分重幣贈言深意憶他年帝又餞若水詩云聖朝治化正文明内相初承使節行盛禮雍容昭度數至仁廣蕩焕恩榮留時欲禩慇懃意餞日難勝繾綣情此後銮坡承顧問南󰘊民物圀昇平若水次韻答云良富從頭春日明我歌咱罷我將行導蕩平帝又贈希曾詩云乾坤清泰属三春使節光臨喜色新炳焕十行頒漢詔汪洋四海溢堯仁胷中氷玉塵無點筆下珠璣句有神今日星軺回北闕餞筵盃酒莫辭頻希曾次韻答云萬里觀風百越春瘴煙消盡物華新二月二十七日帝遣禮部右侍郎阮其功復召川之機舍江有蛇見二十日三月帝親臨祈嗣於詳光殿加杜岳光業大夫尚書東各大學士侍經筵帝於奉先殿前作穆清殿東西夾七以梁王銓宋王錠以下祔薦先是奉先殿以太祖髙皇帝居中宣祖皇帝居左顯祖皇帝居右太宗聖宗肅宗居宣祖左之東仁宗憲宗德宗居顯祖右之西孝敬堂以昭孝大王郡哀王居東忠勇王居西至是作穆清殿堂東來室曰彰德堂以昭孝大王郡哀王梁王唐王演王名鎬應王名銘肇王名鍰祔之西夾曰昭勳堂以忠勇王名恭石王宋王福王名錚廣王名鎸鎮王名�義王名�荆王名鋧祔之夏六月初七日洪水决安華坊堤通西湖以翰林院檢討阮荗為清華憲察使帝嘗使人採取木綿花荗上疏諫忤旨帝差中使拿答之秋八月三十日勑旨錦衣衛俊士以被充軍再開却還前貫如例立洪順三年新未科進士題名碑命工部尚書掌部事知顯福殿威郡公阮伯麟督理題名碑事少保禮部尚書東閣大𭓇士兼國子監祭酒知經筵事󰦛書伯黎嵩撰記中書監舍人吳寧書知尚寶監各局阮惠篆冬十月十三日遣兵部右侍郎阮仲逵翰林院侍書許三省提刑監察御史阮貴雅如明歳貢封延郡公黎義昭為太傅雄國公加阮侶為户部尚書瓊巖候十二月初三日太付壽郡公鄭侑等奉勑旨順天年間公神有羙文勑命并皇宗緦麻前已承蔭充錦衣衛俊士仍留本衛未充者繼如前例或往年被送充各衛金再還俊士如前所迤表功臣之勸昭親親之風甲戌六年明正德九年春二月初九日帝謁西京耕籍田耒折時應試者五千七百人取阮秉德秉德前名界後改寧止又改寧󰘊廣德縣盛光坊人廷試同進士出身莫朝仕至上書少師廉郡公夏四月二十七日帝親御殿試策問以人才命左平章軍國重事入内檢校上相大尉諒國公黎輔吏部尚書知昭文舘秀林局譚慎徽工部右侍郎黎賛襄少保禮部尚書由禮伯阮伯佺户部尚書知昭文舘秀林局謹禮男段懋少保禮部尚書東閣大𭓇士兼國子監祭酒知經筵事󰦛書伯黎嵩户部尚書東各大学士入侍經筵杜岳分董其事賜阮德亮阮昭訓黄明佐三名弟一甲進士及第阮瑀等二十名弟二甲進士出身阮秉彜等二十名第三甲同進士出身五月詔進士阮德亮等入天光殿應制命作天光殿記是歳有金星晝見大洪水城中湖池有大蛇入見二十日上以砲旗皷制之賜月後出造作城包蘇瀝江為祥光殿帝聽校尉有永缺姓誣奏遂弑宗失凣十五王公殆盡召愍厲宮人及前朝宫人通烝之秋九月命少保禮部尚書兼東閣大𭓇士兼國子監祭酒知經筵事󰦛書伯黎嵩撰大越通監總論嵩前名󰘊本清廉安樂人冬十月十七日吏科都給事中范智囊奏一継今除用官職吏部遵如洪德年間例擇某貟任職年深满考有功績民心所服者方得銓除如吏部銓除人刑部依律治罪十二月初四日禮部尚書掌部事駙馬都尉興郡公阮貞等奏定充福國長公主習畫字禮册并籍冊及墨一梭合無御用監制作󰀋并照𭛁禮添陳設七十士各位禮物用卓子八十件黑線香十八株小束白木香十八把蠟炬二十株茶三两油一斤草芒一两鹿盐鹿脯盐菜稷棘芹青荳俎名十八籩酒二埕柴三十六束至日行禮籍用方紙如册箴以陳崇𩓙為户部尚書乙亥七年明正德十年春正月命瑞郡公吳柄原郡公鄭惟㦃等為都将御史󰱑僉都御史范謙柄賛理軍務討馮章於三島山章敗走二月帝親觀習陣于定功再回幸皇妃黎氏家韶溪伯吳恕作亂伏誅是歳搜各鎮納木船以征哀牢時有麥生栗二米以工部右侍郎黎賛襄權吏部右侍郎八月九月大水冬十月初七日安和侯阮弘裕奏請收穫屯田栗以足國用鄧欣黎訖等作亂于清華玉山縣地方二十七日帝命将領兵以杜岳贊理軍務討平之丙子八年四月以後昭宗光紹元年明正德十一年春正月時大集軍期陳公寧竊𭛁於安朗縣晦渡䖏二十三日命東閣大𭓇士杜岳鎮守京城軍出北辰門御珥河邉行在號令諸将渡河進戰大破之賊󰕛大敗刺殺甚多仍論進士功名授以職先是帝崇興土木築未䏻成功至是勑催京城内外各衛門應差湊作填池搬土帝每日不時幸𨒣各處悅意者賞以金銀牌已成之再更之更之築之年𥝝無窮築城軍人疫癘十分之一三月大水初六日水棠養真庄純美殿監陳暠作乱暠見讖云東方有天子氣乃陰謀大逆者稱陳太宗玄孫光淑皇后外戚與其子昇及其黨潘乙即占人名同利本鄭惟岱家奴廷彦廷藝公藴廷寶段布等稱兵於東潮瓊林寺㨿海陽水棠東潮等縣地方暠身衣緇衣軍皆秃髮自謂帝釋降生僣號天應夏四月朔陳暠率兵過僊遊桂陽嘉林等縣逼犯菩提津阻河不得渡帝親征御祥壽殿即瓊雲殿也號令諸将東岩伯賴叔懋廣福伯阮克讓明武伯鄭洪等提領官軍渡河奮戰到菩提臨賀等地方帝令𭛁砲三響諸軍進擊大破之槁敗走回于鄂山初三日帝命定郡公馮鎮延興伯鄭孔昭富祿伯鄭萼提領官軍討之戰數不勝鎮孔昭皆陷陣而死鄭萼被執暠欲授以官萼不屈而死弘裕領兵住菩提營鄭惟㦃弑帝于太𭓇門先是惟㦃以數諫帝忤旨被杖惟㦃乃與黎廣度程志森等同謀廢立整飭船艘噐械在太極津聲言討賊初六日夜二更將金吾護衛三千餘人入北辰門帝聞之疑有賊至乃出幸寶慶門外七日昧𡙁有承旨阮瑀從帝間行過太𭓇門至碧溝坊朱雀池帝遇惟㦃問曰賊在何方惟㦃不答顧他大笑帝揮馬而西惟㦃使武士名幸者横矟刺帝墜馬弑之阮瑀亦死之將帝屍㱕于北使舘士㝠衣火塟之一云以屍横馬上至南門火於待漏院宰相府䖏欽德皇后謚󰦛節亦自投于火軍士以两梓宮回塟于御天之陵降封靈隐王今有光孝殿在御天縣美舍社后姓阮諱璹乃文江鄕管領之女也阮瑀慈廉天姥人由中鄕試肆塲善草書甲戌科會試年五十八文體蹉跌以不入󰱇帝許再入遂擢第二甲進士出身未幾官至刑部尚書兼保天殿東閣大𭓇士翰林院承旨入侍經筵日夜飲博於内殿為世所輕至是從帝為其子曰食君之祿當死君之難亦為惟㦃所殺論曰靈隱烝父妾短親䘮假兄名奪人國窮奢極欲煩刑重歛殺盡嗣王干戈四起時稱猪王危亡之徵見矣時惟㦃記殺帝乃與宗室大臣謀欲立穆懿王子光治武佐侯馮邁爭議立錦江王漴長子椅光治時年八歳纔三日未及改元鄭惟岱將㱕西都時安和侯阮弘裕屯兵在菩提聞惟㦃弑逆遂𭛁憤󰁮兵渡河燒京城庯舍與其家属子第欲圖報效遂斬武如蘇於京城門外先是如蘇出身匠人以技巧惑帝濫授都督兼工部各所時方作大殿百屋未及󰍶公民間切齒及帝遇害如蘇亦棄市臣民皆指笑或唾其屍是日鄭惟㦃與黎義昭及勳舊宗室大臣共迎立錦江王長子椅為帝時年十四惟㦃義昭等見弘裕燒毀京城乃使力士覃舉迎帝幸外㱕清華西都城會明興起義師獨黎廣度出行于陳暠是時城中失守社稷󰲝棄人民入城爭取金銀寶貨白檀麝香紗羅紵絲满於民間圖書胡椒草香等沕委棄衢路髙一二寸不可勝紀壮勇者爭奪金銀或至三四百两劣者亦二百餘两宮闕府庫爲之一空前歳貢部使兵部右侍郎阮仲逵許三省阮貴雅等還至憑祥州聞陳暠作亂㨿諒原地方道路不通通事何公勉杜慶餘謀相官貨㱕于陳暠至光紹六年仲逵等周誅之十一日陳暠陷京城僣號天應臨朝稱制用黎廣度李國事時慈廉縣名羅寧社名人都力士鉄山伯陳真等糾出𦾔勇士并子第鄕兵五六千人起兵於廣花市暠聞之乃分道使潘乙自青威寶陀而進真亦由清潭餘裕而來真先以兵逆戰進至射堆與乙力戰噐械俱盡乃以小堝擲之真齒口被跡甚痛以孤軍難久留乃夜回駐營于黄花市時楊保等亦有扶國討逆暠檄命鄭惟㦃由天關應天而進阮弘裕由長安莅仁而進正營平富侯阮文慮永興侯鄭綏領水步兵並進直至東京并移檄郡縣十九日帝至蕉園陳真先士卒挺身詣行在拜謁二十三日招安山南營副將安信伯鄭熹提察黎嶘贊理黎翼記録張玄齡等繼進圍大興門外暠出逆徒上大興門樓麾旗𭛁砲以禦官軍少頃見剃髮三叢兵自夢橋進入瑞光宫鄭熹稍却将退紅梅洞遇阮弘裕軍再進入是時惟㦃領水步諸軍並進四靣為城惟㦃擊賊自太極津至東河津逆徒大敗鄭熹圍自大興門外暠閉城自守惟㦃又圍西北城邉再遇山西逆賊何公真率眾逼城欲誅暠與帝争立惟㦃力戰公真敗死時左檢點黎輦戰陷死于驛望社名暠開城走過天德江竄于諒原二十四日帝駐在清潭社名二十五日良文侯阮時雍與杜岳等奉迎帝上京二十七日復位大赦以是年為光紹元年時光治在西都後三人許指揮同知如補得逆暠子賞二十人首捕一人許都督同知秋八月獲陳暠黨潘乙於東潮縣檻送京師斬於東河坊命鄭惟産節制水步諸營以御史台僉都御史范謙柄賛理軍務畧定海陽永興侯鄭綏安美侯賴叔懋并覃󰁮桂陽覧山東人調步兵畧定京北由禮伯阮伯俊歸安集慈山府名諸縣伯俊㱕至桂陽為鄕人所殺綏等進至武寧市橋駐營九月十三日黎義昭再議定捕得僞将賞功令一捕得僞大将難賞十人易賞五人首捕一人難許都指揮使從三品易許都指揮僉事正四品一捕得僞副将難賞八人易賞四人再定功臣捕得逆暠及僞職賞功令并定力勇武士及俊士功臣子孫捕得僞将賞公令冬十一月再命鄭惟㦃阮弘裕與明武侯鄭拱廣福伯阮克讓提領官軍徃討陳暠於至靈鄒山崇嚴寺山麓時惟㦃以軍士久勞逆暠未滅乃作文以慰勞将士又使裨將鉄山伯陳真回京討多士先是多士恃有功勞衡衡國中脅奸豦女逼滛人妻故惟㦃使真討之時有星隕於營中惟㦃軍進至至靈縣名與暠夾戦於南澗裨将名幸死於陣惟㦃見賊挑戦欲擊之諸將諫不聽賊又挑戦惟㦃忿怒分道進戦身先士卒惟㦃及阮尚皆為陣暠所獲至萬劫行舘殺支暠直到菩提帝命鉄山伯陳真進討大破之刺殺甚多暠遂竄于諒原不敢復出以月江為界真與暠軍相持暠傳其子昇僣號宣和髮為僧逃匿得免今保祿安樂周原等村猶有祠在意暠死於此焉昭宗神皇帝諱椅又諱漳聖宗之曾孫建王鑌之嫡孫錦江王漴之長子也在位七年為莫登庸所弑壽二十六塟永興陵時既板蕩政非已出内聽奸䛕外荒禽獸昏暗不明剛愎自用其亡也宜哉其母皇后鄭氏鸞乃清漳丕暴人也以端慶二年十月初四日生洪順八年㐮翼帝遇害無嗣大臣黎義昭鄭惟㦃等迎而立之後㱕西都紏率義師直進至京逐陳暠遂即位改元光夏四月杖殺假天武𬯵克昌克昌天施縣仁武鄕効力前衛軍人於洪順六年稱曰駙馬降身未幾又稱天武至是年正月出居本社寺號曰浮涇乞飯九包食盡取包葉燒化为藥助良民無子息者需索鷄酒救助即効事聞于朝差人捉送赴京杖殺之為其恠誕惑民故誅之命太保瑞郡公吳柄為都将以阮文運為京北賛治承政司承政使五月二十八日追尊靈隱正為襄翼帝秋七月朔安和侯阮弘裕與永興伯鄭綏有隙屯兵相拒先是阮弘裕鄭綏俱徃討賊回于京師聽子弟反間遂成嫌隙弘裕屯于東河坊綏屯于大羅城外相守弘裕稱病不朝科官阮貫之奏言上以廉蘭賈㓂之事諭之不解至是阮文慮鄭維岱俱入御前奏請講和二人文慮以密詔出於袖中奏言鄭綏維岱以阮湞子阮淞立為僞主作大逆於是捕維岱及右都督黎益旧旧音皆斬之鄭伯适絞死以維岱首梟於鐵山伯陳真營外是日阮弘裕󰁮兵擊綏於京城永昌曲浦復古等坊三戰不克鄭綏裨将阮世副中矢而却綏乃走入清華陳真以弘裕逐鄭綏乃舉兵攻弘裕先是惟産𭁈鄭綏同族惟㦃養陳真為義子密劄山西各營子弟擊之是日弘裕入見帝出自大興門意有陳真乃出東華門頃之下船避回清華時莫登庸鎮守山南陳真有書勸截之登庸不忍弘裕得免初弘裕與陳真戰時日向暮有五色雲片出東方而黄雲飄楊滿天諭曰黎朝當光紹時外㓂未平權臣相攻交兵闕下蹀血京師曰色黄昏天雲散落國祚日衰兆於此矣詔追尊愍厲公為威穆帝二十八日殺假天蓬陳公務公務嘉福縣范松社軍人先是副将左都督武川伯莫登庸奏言公務妄行妖恠誑惑愚民並劾丞憲官黎瓚杜韜等信惑邪説其畧云窃惟仁義中正聖人之所當行恠力亂神聖人之所不語稽諸往古厥有明徵皇帝府時必謹幽明之分髙陽立極必絶地天之通是皆揭標的於當時所以垂黾鑑於後代於皇上聖光啓中興作之君作之師誕任寵綏之責化以道化以德期臻沕穆之休凣在際蟠󰁮皆食息今天施仁武軍人瞿克昌嘉福范松軍人陳公務類由賤隷本作齊民謂宜遵王道王路之㱕率循嘉訓却乃假天武天蓬之號誑誘愚民以浮經𫢋寺為賣詐之塲以布𢪒神祠爲藏奸之窟撒灰作薬術行而老少奔波咒水飛符計售而閭閻倒影顧妖恠所為若是宜士夫出力排之而承憲关等曾讀聖賢之書均任師帥之責當如仁傑毀河南滛祠以袪他惑胡頴杖廣東僧人以斥異端胡彼凣流不明常理黎瓚文運則迷而不悟妄狀而信惑其非子驥杜韜則昏而無知妄本而附會其説一一同㱕於左道駸駸幾惑於巫風将惑以恠相惧以神既作譸張之態何儆非刑何度非法盍嚴懲戒之條帝從之以阮預為御史󰱑副都御史冬十一月二十日以杜岳為吏部尚書兼東閣大𭓇士入侍經筵閏十二月誅賊臣黎廣度先是廣度降于陳暠至是鎮将何𢒎鶽音準阮魯等捉得解送京師莫登庸上奏請誅之其畧曰三綱五常扶植天地之棟幹奠安生民之柱石國而無此則中夏而夷狄人而無此則衣裳而禽犢自古及今未有舍此而䏻立於覆載之間也今黎廣度帝祖父之餘蔭蒙朝廷之厚恩践歷四朝列位台鼎因循一節殆甚窺窬要君則百計逢迎專政則多方賣弄釀成端慶洪順之禍𡸈一朝一夕之故哉比年逆暠稱兵僣干位號彼乃貪生畏死忍耻事讐假名爵而為逆暠誑誘愚民假頭目而為逆暠求封外國狗彘其行梟獍其心梟惡鳥名獍音更惡獸名梟食父獍食母人皆唾罵而彼則冥頑自如曾不顧君父之厚恩綱常之大義其得罪於天地得罪於祖宗得罪於天下在所不赦今将臣何飛鶽阮魯等已捉得正身欽奉勑㫖力士拿誅之初六科十三道上奏為大臣臨事变亂䏻死節義事逆賊事臣等檢得前太師紹國公黎廣度居相職不䏻盡忠臨事變不䏻死節臣事逆暠抗拒朝廷至鎮守營将何飛鶽阮魯等捉得觧送果是逆賊之臣至是罪犯臣等竊惟天地常經實在君臣之道春秋大義尤嚴亂賊之誅名分甚明條章具在金黎廣度猥承勳蔭濫典鑑衡固宜節厲忠貞思答思朝之眷顧胡乃行多私僻竟包一已之奸㓙剛方靡效韓休狡險亶浮林甫閨門不正腥聞鄭衛之風柱石非才力乏伊周之噐徇私違理倚法弄權兆瞰室之災則𩾛林木而廣營宫室樂迷心之智則執酒壼而徧酌下僚溪𫫽縱貪饕之欲旌旗招奔走之徒脧削閭閻民窮而不之恤紊亂綱紀政󰔦而不之恩上則負社則卵翼之恩下則墮祖宗箕裘之業所為若是安得智哉󰟸因逆暠之僣干靡効真卿之慷概罔揮衛社之戈顧戀家貲則欲築藏金之塢旦旦敢忘於河誓昏昏便陷於虜庭臨變迷就子之方事讐忍偷生之恥低頭而拜逆賊深慚舞象之有知作俑而諭愚民殆甚屯蜂之凣蠢狺音狺犬爭声然反靣慻音眷回顧也爾噬臍况聖神將欲自新信厚屡頒於明詔胡小醜曾無念𦾔頑嚚滋長於邪謀負龐萌反漢之辜踵朱泚背唐之轍海而洗惡莫勝浩浩之波天𡸈容奸󰱩入恢恢之綱何靣目而見日月何信語而對冠紳忘其親而奪其親事其主而反其主臣子不忠不孝失身既犯於罪魁刑罸有要有倫負質合明於󰘊禁又朝臣上奏為大臣背國從偽至逆暠犯闕不䏻堅守臣節又反北靣事讐顯是背國從僞干有重罪為此臣等竊惟天地常經莫重軍臣之義帝王大柄尤嚴亂賊之誅况此一鄙夫有如黎廣度以斗筲之小噐濫台鼎之重權鬻獄賣官既構禍於端慶守成之日逢君献諂又捉亡於洪順御下之時忍為曷可勝言患失無所不至十載養天下亂有同林甫之奸一朝動漁陽兵遂致祿山之㓂百姓以之騷亂九廟以之震驚固宜報國靡身贖賣國戕民之罪顧乃貪生畏死為事讐從僞之人臣事逆暠累及三年陰助逆暠殆甚百計僞詔僞諭僞勑封名爵以誑惑愚民詭計詭行詭言稱頭目以求封外國誠犬彘之不若曾蜂蟻之不如今謹僃奏聞廣度遂坐誅授阮荗海陽參政兼賛理廣福伯阮克讓營軍務先是荗以清華憲察使回家守制满服赴京時植陳暠構亂荗不應僞命朝廷以荗有士望仍授本䖏參政并兼賛理未幾陞太僕寺卿是歳天下大飢人民餓殍相󰥺海陽東潮𰎟山京北安豊僊𨒣東岸諸經兵處尤甚時主少國危諸將自相䧺長互生嫌隙鉄山伯陳真既逐阮弘裕仍鎮守京師帝遣左顯鐵城伯及新降将阮公度等將步兵莫登庸將水軍追弘裕等走入淳祐今改淳祿避真宗諱也官軍掘弘裕父文郎塚斬其首弘裕再會兵與官軍相拒弘裕因以書并討遺莫登庸登庸得書與詩遂擁兵不戰弘裕等遂全軍走還定順化漕運官栗賞功令凣順化漕運官栗二遭並勤官貟陞一級賞二資前力勇武士年深并已出身寄回本貫情願許如出身除中尉新󰱇出身材項除武尉正八品分入各衛宿直文属有出身例除如縣縣丞若無出身并軍色民人除副武尉從八品黎𡺄為户部尚書戊寅三年明正德十三年春會試天下󰁮人取鄧乙御天縣海湖人廷試進士出身等十七人及廷試問以知人安民賜吳勉紹阮敏篤劉啓顓三名第二甲進士及第賴金榜等六名第二甲進士出身阮度戥八名第三甲同進士出身按阮文泰記云臣謹按前朝自大寶三年壬戌開科或六年一󰁮或五年一舉未有定例至光順賜年癸未科以來始三年一科𭁈明國會典以子午卯酉鄕試辰戌丑未會試惟光紹三年戊寅有科者以二年丁丑歳當大比而時方有事至是始󰁮行焉加封莫登庸為武川侯秋七月初七日天暴風雨雷震擊人甚多十一日殺鐵山伯陳真并其黨陳智阮俄阮伯達黎願欽等六人於禁中先是真既逐阮弘裕權在掌握莫登庸亦憚之乃為其子登瀛娶真女時有好事者為之語曰陳有一人為天下君兎頭虎尾濟世安民以故國舅褚啓壽國公鄭侑𭁈瑞郡公吳柄皆謀曰陳有一人即陳真也兔頭虎尾者寅之末卯之首也恐於是年有变勸帝旱除之至是朝退帝使召真𭁈第子陳智俱入禁中令人閉諸城門使力士捉真真走至城上守門人捉而斬之其第子黄維岳阮敬敬後仕莫官至太尉西國公追贈西岐王阮盎等聞之擊鉦三連将兵入大興門外見諸城門已閉遂直至錦衣衛敵萬司把門拒之不得入帝以兵巡内城以陳真頭示之岳敬等遂走十四日阮敬阮盎阮囂髙春時等一作阮馬舉等贄共聚于安朗寺󰁮兵逼犯京城帝夜幸嘉林菩提以避之明日幸楊光蓄懿堂就覃󰁮家󰁮桂陽人屋在嘉林楊光社至晡時未飲民間至以芋餅進者是時鄭綏屯兵于山南得萬餘人聞帝以幸外眾遂散於是山西之兵肆為暴掠城中空虚京師遂為漁獵之塲帝因召阮弘裕擊阮敬等弘裕猶豫不果行論曰自陳暠入京而宗廟散壞自山西作亂而京城空虚即此而知黎朝之不振矣論曰人生有三事之如一君師𭁈父𡸈有異哉昔張琇表繋於斧殺人以復父讐而名顯唐家郭卜兵入禁中逐君以救部将而聲揚李氏是皆移事軍事主之心為事父事師之節𡸈有他哉陳真在黎朝厥功不細當逆暠僣篡東京真以一旅之眾晝夜轉攻之凣十餘日而暠之渠魁退走及逆暠復至菩提真以數千之兵渡水奮擊之曾未十日而暠之徒黨潰散黎之日月再明黎之宗廟復祀其視臣靡之復夏吉甫之匡周𡸈有誅哉奈何大㓂未平群奸伺隙暗主聽讒於上奸毋構禍於中遂至召入禁中殺及将佐其視李髙宗之殺秉彝陳簡定之殺鄧悉有功見疑無罪被殺啣寃飲恨天地不知𡸈不痛哉合阮敬阮盎而論之二人以帳下之将厲復讐之心篤志除邪挺身赴艱上以報宿昔之德下以解念鬱之寃扶正氣於億年殄奸䧺於當日其於事師之道既明且白矣然真之為将不䏻戒戢左右或殺名臣於大都之中或飲御酒於六清之内甚非人臣之禮則真之死也亦由自取夫何足恠十六日以吏部尚書杜岳為御使󰱑都御使兼東閣大𭓇士入侍經筵以太僕寺卿阮荗爲御史󰱑兼都御史以黎𡺄為吏部尚書八月太白經天京北承政使范謙柄聞帝幸嘉林詣行在拜謁奉命調粮以給軍食帝命恭儉侯何文正檜溪伯黎大堵召莫登庸于海陽帝再幸純羙堂臨朝百官,Chinese
dvsktt,時登庸至謁帝擁水軍於珥河以蓄懿堂稍遠因奏請再移幸菩提御純羙堂得便扈從并使人諭陳真子第阮盎等皆曰鐵山之死由於褚啓鄭侑吳柄之譖若殺此三人則君臣如故無有異圖帝咱覃󰁮之計遂殺啓等而阮盎等益肆暴横擁兵不解九月三十一日莫登庸殺御史󰱑都御史杜岳副都御史阮豫時登庸以帝在純羙殿水軍稍近真子弟地方請迁于寶洲杜岳阮豫皆争之登庸因使其黨丁蒙執岳預就春杜行營北門外桑田殺之武睿有詩云旖旎旖音倚旎音你旌旗從風貌旌旗掛夕陽两宮泛泛駕飛艎函犀戦士淹江上服豸中臣死道傍萬理鋤菁子盈切蕉菁也林有盗三軍餒穗槖無粮昇龍自古興王地何不雌䧺决一塲時睿見帝及弟椿泛舟于外岳豫等諫死天下飢饉士卒乏粮帝又不居昇龍而迁寳洲故有是詩睿山圍人洪德庚午科進士及第歷仕至少保尚書後為節義之臣丁蒙奉帝幸寶洲帝既迁寶洲永興伯鄭綏文臣阮瑡𭁈山西諸将共謀立靜脩公祿之子榜為帝改元大德榜乃恭王昌之曾孫也得半年又廢之而立黎󰥣音猶改元天憲一云󰥣乃榜之同母弟父仍庶人也未詳作行殿於慈廉縣名由芽社以閭閻人分置官属文武進朝綏等既立天憲時黎文前為順化總兵綏有書回於文前帝在寶洲有程志森阮時雍扈從使人諭阮弘裕弘裕聞之乃出清華兵來赴難帝乃命弘裕𭁈莫登庸領清華山南各道兵分道進擊阮盎阮敬等于山西弘裕大敗死者甚眾弘裕走下船自度不䏻克遂罷兵㱕獨留莫登庸𭁈阮盎等相持冬十月命莫登庸提統水步諸營軍遣阮時雍阮儼黎懿吳焕如明歳貢并請封因國亂後果不行前使歳貢阮貴雅還自憑祥以為東各校書帝再幸嘉林春杜營以阮非虎一作惟虎嘉林縣人為御使台僉都御史武麟定為順化參正改命京北承政使范謙柄行乂安承政使命乂安承政使潘廷佐為京北承政使盖以謙柄京北桂陽人廷佐乂安天祿人故改命之謙柄受命廷佐不肯就京北因𭁈謙柄共任乂安以譚慎徽為少保禮部尚書入侍經筵遣吏部尚書黎𡺄諭祭故都御史杜岳并賜吊慰錢一百貫岳文江賴屋人字󰦛正謚文節號義山先生生四男長子總莫明德己丑科進及第仕至東閣大𭓇士次子縉莫大正己未科同進士仕至刑部尚書茶郡公陣亡岳有詠史帝王唐律詩集行于世己卯四年明政德十四年春正月帝在菩提行營浮橋進兵半渡挑戦帝遣大將攻破之斷浮橋斬得賊将梅陽伯綏𭁈黎󰥣退㱕安朗安樂地方帝又命將征之綏等夜驚遂遁走二月初二日勅旨傳中書寫勅命誥命有姓名奉寫尚寶奉用寶三月至四月天大暑損禾米貴太原宣光源頭咤賊作亂劫擄人民妻子財物以東閣校書阮貴雅為東各𭓇士下五月咤賊眾潰時直大雨咤屯于泥淤之地九月二十日帝還京大赦賜覃恩陞一級封莫自是眾心離沮無有鬪志軍遂潰秋七月大雨命莫登庸提統水步諸軍圍黎󰥣於慈廉因决水入黎󰥣軍󰥣與阮瑡等走至寧山即今之安山也官軍獲之載㱕以徇瑡當徇時有詩云本欲𭁈周救萬民誰知天意不隋人烏江水闊難東度赤壁風髙易北焚雲暗寧山龍去遠月明福地鶴來頻英䧺成敗古來有但恨平生志未伸瑡安縣人登庸為明郡公以東閣𭓇士阮貴雅為吏部左侍郎庚辰五年明正德十五年春正月命莫登庸節制各處水步諸營以范嘉謨賛理軍務是時武嚴威起兵於场伸大同属宣光帝命瓊溪侯武護領軍討之以武睿為少保吏部尚書兼東閣大𭓇士入侍經筵以吏部左侍郎阮貴雅為御史󰱑都御史夏四月會試天下士人取阮弼等十四人弼乂安人廷試同進士出身及廷試上親策抆以人才賜阮泰拨第二甲進士出身泰拨錦江平浪社人有節義鄧公瓚阮弼等十三名第三甲同進士出身命禮部尚書兼史官副總裁知昭文舘秀林局鄧鳴謙𢮪大越歷代史記鳴謙山圍圍自号脱軒先越鑑詠史詩集行于世生以阮有嚴掌翰林院事賜少保吏部尚書兼東閣大𭓇士入侍經筵武睿貞懿功臣六月順化處土酋逐總兵使端良伯范文訓掠其妻子財物時文訓多率子弟從行易置衛所官攬擾其民并私殺丹田縣武舍安傳等社土酋胡伯光等四人以故伯光子弟率本處四千餘人逼圍其城逐文訓文訓棄妻子迯出新平地方行順化承宣使范謙柄憲察使吳光祖等𭁈文訓妻子俱承船遁被本處民盡掠取文訓船財物并妻子固要謙柄光祖船逼令還任後二月帝命蔡憼音景代謙柄為順化承政使謙柄等由是始得還秋閏八月二十三日贈杜岳為少保尚書御史󰱑都御史文貞伯謚文節以御史󰱑僉都御史阮荗為副都御史阮貴雅為吏部尚書陪侍經筵辛卯六年明政德十六年春封莫登庸為仁國公節制十三道水步諸營以范謙柄為禮部尚書參預朝政三月十四日明武宗毅皇帝崩無嗣慈壽皇太后定議遵祖訓兄終弟及之㫖為遺詔遣文武大臣迎廣嗣厚熄於興邸入繼大統以四月二十二日即皇帝位以明年爲嘉靖元年夏四月十七日立洪順六年甲戌科進士碑命少保賴部尚書東各大𭓇士入侍經筵武睿撰記中書監典書朱廷寶書金光門待詔范德貌篆按武睿記云洪順六年甲戌科進士其恩榮次第一遵明例春官請刻碑立于太𭓇以垂永久適属厄運兵戈倥偬題名之事未及竣集陛下業荗中興功光前烈緝熙聖𭓇而涵泳道源皷舞化機而作新文治戊寅年春既臨軒而策士庚辰年夏又制󰁮而收賢迄于辛巳又立甲戌題名碑以僃缺典以昭激勸何莫非聖上隆儒盛意之所運用乎且是科進士素已隨其噐使咸在庶僚或奉羈勒於患難之秋或賛秘畫於治平之祭或脩政立事或視草演綸其操履才䏻亦可槩見迺今再蒙粉飭其感激之心當何如耶必精白承休必始終圖報先噐職而後才藝先德行而後文章爲景星慶雲以瑞爲時為渾金璞玉以寶於世為干将鏌鎁以平僣亂為楩楠杞梓以壯棟梁為菽栗布帛以濟民生為參苓芝术以壽國脉使治躋熙暭而措天下於泰山磐石之安方為上不負聖德之所褒下不負平生之所𭓇斯功名事業垂堅珉於不朽矣儻或不然則賢否忠邪之迹是非得失之分𡸈容揜哉秋七月帝幸莫登庸邸加封太傅八月帝幸瓊雲殿尉勞莫登庸及諸将士往京北諒源地方搜捕陳昇九月勑諭莫登庸及諸營将士等朕聞為國除兇蹈危履險将軍之責也唐李愬衝風雪而淮蔡平是皆衛社稷有大勳勞於天下卿朕之所倚賴今逆昇啸俱餘黨窃據諒源地方朝廷命卿為都将節制天下水步諸營分道進討能跋涉山川衝冐風雨破逆賊於鳳眼保祿等縣燒毀賊營斬得賊馘生擒賊俘凣所經過秋毫無犯各社居民並已首服捷書屢奏朕甚嘉焉少保兵部尚書錦山侯黎叔祐司禮監總太監兼村用庫事黎快左侍郎東各大學士阮綗賫勅諭慰勞卿及諸營将士并有銀子一百兩付卿隨宜賞賜有功勅至卿當體朕意以忠義激將士同心恊力議策搜捕要得逆昇正身脅從者一切不問俾積年通迯之㓂巢穴掃空一方塗炭之民按堵如故以通侠道以則圖功則卿之勳名垂於宇宙山河帶礪之盟愛及苗裔永世無窮矣是時官軍進至諒原等地方昇等並走捕得昇妻𭁈女誅之㫒走入七原州一云㫒走亡入明國後檻送京師壬午七年八月以後附恭皇統元元年明世宗嘉靜元年春正月明遣翰林院編脩孫承恩給事中俞󰦛來諭嘉靜皇帝即位會國亂承恩等不得達至癸未年承恩還太平府󰦛道卒夏四月二十日京城盗𭛁燒燬畿内庯舍帝命東郡公莫橛廣郡公喬文琨𭁈諸将入侍宿衛橛文琨等奏請許弟子列奇在城外京畿乃得寶川侯黎克綱良富侯黎伯孝等作乱稱兵於東岸嘉林地方副提領四城軍務鄒山伯黎壽死于陣後伯孝兵敗竄于諒源被擒送京師初伯孝居鄕里人以為善及就擒鄕村老幼當五十餘人詣闕乞贖罪不許殺於東市梟首三日秋七月二十七日帝幸于山西明義縣時莫登庸威權日重眾心㱕向又令長子登嬴為毓羙侯掌金光殿登庸步行則鳳盖鎖金水行則龍舟引䌫出入宫禁無所忌惮并殺署衛阮構都力士明山伯阮壽及覃󰁮等帝陰𭁈范献范恕等謀命人賫密詔於西京使鄭綏迎援乃於二十七夜二更献恕等入侍宴奉帝出外皇太后𭁈弟椿不預知帝幸山西明義縣夢山明日登庸知之以兵邀截要害各處二十八日登庸張旗於京城令各坊庯舍無得驚疑又使黄維岳等以兵馬追帝及於石室帝以石室兵拒之捉得維岳是日登庸入京釋伯駙馬都尉文武臣僚同心推戴謂生民不可無主神噐不可久虚同請于予纂承大統予以宗社生民之故義不容辭已權勾當宮中各務内外文武臣僚守職如故護衛及在京諸營将士嚴加宿直守僃如法奉天府及各府縣社員人安居樂業以保生全之福三十日黎琱阮如桂奉春幸嘉福洪市遂作行殿仍急在軍民築錦江壘以自守北江副都将福山伯何飛鶽平湖伯嚴伯驥福源伯阮熾扶興伯范在等先受光紹帝密詔并撫諭文乃出北江子弟各駐兵於東岸西橋江臨川伯譚慎徽掌翰林院阮有嚴楊楷皆在焉登庸督諸将𭁈飛鶽等相持登庸诱范在爲嚮道伯驥等並北走時文臣阮秉和范正華阮拨萃褚師董共就桂陽縣覧山社𭁈范謙柄謀從光紹帝八月朔登庸𭁈黎輔等率群臣共奉皇弟椿即皇帝位詔曰天之立君所以為民君之奉天所以惠民我大兄光紹皇上祗荷天休丕承祖烈󰈫亂反正布德安民七年于兹今年七月二十七日夜時被姦人脅迁于外朝臣黎輔等以朕明宗哲皇帝之第二子光紹皇上之親弟同心推戴再三勸進朕以宗社生民之仲固辭弗獲乃祗告宗廟以今年撥月初一日即位初十日統元帝幸海陽嘉福縣福延社檜廟又幸洪市遂作行殿于縣中裝載城中府庫金銀錢貨全㱕十一日光紹帝自夢山行營𭛁還京城駐于芒山社大風二日吏科給事中阮克綏入見帝命力士斬之先是帝召克綏克綏見帝幸外不肯就有傲色至是入見故斬之因𤼵行過恭儉江橋折陷江中黄袍乘󰲛並湿命拿國威府楊廷秀等責以假作橋梁之故後又放之十六日御瑞光行殿臨朝百官四方響應臨川伯譚慎徽副都將福山侯何飛鶽等受密詔㱕北江起兵又有王潭侯黎永何里侯黎廣等來見寧川侯黎廷秀在山南下伴亦應之復令廷秀湊本縣并所属諸營分兵鎮守於𣾴渡寧江義禮等社要害處後為登庸所破廷秀為子弟所捉到登庸營仍解送回洪市在行殿統元帝以廷秀有𦾔勳勞止令絞死光紹帝遣阮敬黎永嚴伯驥喬伯謙阮熾等分道進討於嘉林文江唐豪錦江良才嘉定等縣相持閲月勝負未决時光紹帝在瑞光行殿使中史召鄭綏於清華往返凣三四輩綏見帝在瑞光不信諸將信任群小稽遲不赴時西南北等處光紹帝以有之莫登庸分水步諸營犯東河津各處光紹帝命賴叔懋阮餘歡阮定譚克讓等列營鎮守相持為登庸所破叔懋餘歡等兵稍却興賢等四人擁盾持鎗由復古坊直入瑞光殿時光紹帝當視朝總知鄭恩奏曰兵已逼矣帝乃移出󰟸見興賢等突入殿庭護衛人拒之帝乃避出駐于仁睦𦾔亭民間争以米粥進百官倉卒潰乱水集是日申時幸慈廉縣天姥重光寺九月二十日光紹帝再引兵還京師駐于京城之西即慈廉縣上安决作行殿以視朝立太廟於城之東冬十月初三日遇宣慈皇太后忌辰光紹帝詣太廟行禮過安决橋侍侯人侍扇失脚陷于江中四日過儀天聖節百官進慶賀表文經數旬鄭綏将清華三府并各處将士萬餘人來護駕再回本營綏属将阮伯紀入侍范田恐其爭權因奏斬之以首詣營門綏以是念始有異志初十日天雨蝗䖝十三日光紹帝親祈于天其奏告文曰茲以國步遭屯天災示警秋禾就熟適被蝗䖝夏務興功又遭旱熯既失三農之望恐貽兆姓之憂臣久在播迁第深勤恤念休徵之未應由疵正之未除或忠邪並進而未知用舍之方或刑罸不中而猶多僣濫之失或人命横罹於鋒鏑或民財重困於征徭以至秉國正者或乖調爕之宜董師閫者或肆貪殘之態所以陰陽失序災沴屡生焦勞深切於疾心寅畏󰱩申於懇禱伏望曲從民欲妙轉化機俾甘雨旁施惡虫盡去四野載芟載柞不愆播種之時百穀實好實堅咸遂登豊之願盗劫適聞屏息󰘊家聿底謐寧臣不勝懇禱拜祝之至十七日有黄赤氣又有散彩黄色蔽天在東方十八日申時鄭綏鄭惟悛等陽言勘平地處二營鎮守於驛望社至暮駐營明日侵晨綏𭁈惟悛等伏兵驛望𭛁砲三聲率眾大噪綏等因脅帝回清華國子監司業黎孝忠死之於是天下失望十一月莫登庸所弑塟華陽陵云人心已離水素中下時國祚既䏻靖乎帝乃昭宗同母弟以端慶三年七月二十六日生昭宗出外莫登庸因立為帝以生日為欽天聖節逮登容簒位󰲝為恭王𭁈皇太后俱遇害後追謚曰恭皇帝癸未統元二年明嘉靖二年春二月一十九日帝在菩提行營朝百官以前年壬午例有鄕試因國乱未有開科乃詔山南山西海陽京北四政各士人共就嘉林春杜洲應試一云珥河中洲以丁貞黄琮等為提調監試其試法分為四區四政共𭛁一題以王荗淵為弟一即王希曾也會試天下󰁮人取陶儼等三十六人廷試上親問以君師之道賜第一甲黄文賛阮詮阮道貫三名進士及第第二甲段廷章等八名進士出身第三甲阮畜第二十五名同進士出身賓貢士范所玉王希曾亦預選中莫登庸使其黨山東侯莫橛瓊溪侯武護陽川侯武如桂等擊鄭綏于清華大破之綏因迁光紹帝于原頭封阮時雍為良文侯時雍有二女一進於統元帝一適莫登庸後封爲統郡公時雍文江縣多牛社人三月十六日禮部尚書丁貞奏乞行諭祭并加封各䖏自典神祠該一百十三祠夏六月封䧺山侯喬文琨為廣郡公秋七月二十六日以生日為欽天聖節八月蝗莫登庸󰲝光紹帝為陀陽王以東閣大𭓇士阮貴雅為吏部左侍郎甲申三年明嘉靖三年春帝在菩提行營進封莫登庸為平章軍國重事太傅仁國公莫登庸使其黨莫橛領兵擊鄭綏于清華源頭以阮貴雅為御史󰱑副都御史秋八月作考試閲󰱇塲在神武殿前衛直盧造户籍田簿冬十一月二十四日奉加封列聖睿號帝后各一字贈故鉄山伯陳真為郡公封其子陳實爲弘休伯初真為奸臣所譖𭁈子弟六人俱被殺至是帝知其忠故贈之乙酉四年明嘉靖四年是年地震者二夏六月大旱十五日月食冬十月初九日莫登庸經行各處自為都将總率天下水步諸營擊鄭綏于清華源頭二十八日未時接得光紹帝於清都府良政州翠󰁮󰀋髙山安仁洞十一月朔光紹帝回到東河十二日光紹帝在二等御朱所時早未朝軍士集於行在門外婆染處十九日大赦其詔文曰帝王去暴安民聿大春秋之統人君施惠行慶盍弘雨露之仁道合弛張化覃普率我國家乘時啟運應天順人太宗文皇帝立經陳紀奠國势於金湯端本洪源深仁厚澤憲宗睿皇帝位践禮行顯㢤謨承哉烈神傳聖繼矩襲䂓重共和思衍於周休屯否偶遭於漢厄洪順光紹之際國步多难陳暠鄭綏之徒乱階大釀擾擾豺狼肆毒嗷嗷鴻鴈哀鳴予以德宗之孫明宗之子惟義𭁈比俯從百官之樂推視民如傷甚憫帬生之久困欲底戢戈之效載稽推𣫂之文特命都將太傅仁國公莫登庸總率天下水步諸營聲罪至討節制之兵方鷹陽而虎闞逋迯之眾已蟻潰而麕驚暠綏脱喙而速亡敬盎捧頭而就戮克慎餘歡之輩須㬰鱷断於天関公侃廷瓚之流󰟸刻兎窮於良政當此純陰月季接得陀陽王㱕東西南北攸同諒無思而不服溥博淵泉時出宜敷政以在寬戲軍體元而𭛁育兹同天地之生成民敏德而恊中尚挽唐󰔄之熙暭布告天下咸使文之十二月十五日夜雷震十七日月食以楊金鏕提領四城軍務事封端禮侯莫登庸殺福良侯何飛鶽等時飛鶽等聞莫登庸已逼光紹帝解散北竄為其徒紫岳伯執送京師隘殺之飛鶽既死嚴伯驥𭁈阮熾竄死於諒山文淵州譚慎揮以前日奉使諳程常馳告陀陽王播迁亦竄死阮文運阮太拨皆死義阮有嚴竄三農後檻送京師車裂以徇並推殺其子楊楷後亦檻送京師釋之黜為廣南承政使死於任所楷善於詼諧人皆鄙之獨范謙柄䏻告出謁黜爲户部有侍郎阮荗常從光紹帝回清華及光紹帝為登庸所逼荗竄身回京待罪帝将殺之范嘉謨為愛其才可任言諍乃釋之尋貶為宣光承政使未幾再保為御史󰱑都御史丙戌五年明嘉靖五年春二月十二日帝行西京光紹帝預焉命端禮侯楊金鏕留守東京三月十五日月食定扈從留守二十四條夏四月會試天下士人守范廷光等二十人廷試問以聖哲之理天下賜第一甲陳必聞阮文猷劉忠𠃔三名進士及第第二甲黎光貢等四名進士出身第三甲范廷光等十三名同進士出身陳必聞安老縣月盎社人仕莫官至尚書韓川伯藻之父秋七月十五日定功選任令御史󰱑都御史阮荗奏一官軍則有衛司所等職管民則有府縣州等官󰱇任之方不可以不公也伏乞繼今前項職有鈌該長官具奏送吏部照鈌銓除如例若某貟人猶有具本堪保并應除者吏科駁停其本以示󰱇任之公八月令上洪下洪荆門南策太平等府築海陽真金堤莫登庸殺進郡公阮領領娶莫登庸之妹璤僣封慶艷公主領又娶妾十人璤遂訴領樹黨書故殺之因以璤㱕于良溪侯裴堵後封臨國公時侍書阮詮本娶領女及領見殺詮亦出其女初六日以御史󰱑副都御史阮貴雅為吏部尚書陪侍經筵九月二十一日御史󰱑都御史阮荗等奏一賛理記録将臣吏有軍功已具本應引󰱇定為逐項以次銓除牧民首領等職若不合資格者除中尉百户等職以息冗濫之弊冬十二月十八日太傅仁國公莫登庸令沛溪伯范金榜密弑光卲帝于降所因以梓宫回塟于清潭之永興陵以後莫僣明德明嘉靖六年夏四月遣松楊侯武有蘭川伯潘廷佐中使杜孝悌等持節旄賫金󰀋烏龍冠服玉󰅾紫轎畫扇紫傘徃宜陽古齋進封莫登庸為安興王加九錫五月初一日司天奏日食不驗初五日頒扇御制周公輔成王詩祐命周家實自天勤勞佐治任仁賢譖邪肯為讒人設忠孝終存實德堅禮僃樂和平定日政清刑措暭熙年林風令聞光千古景行髙山尚勉㫋莫登庸自古齋詣京師入拜見自東華門出大興門是日有小雨十一日莫登庸再回古齋六月莫登庸自古齋入京逼帝禅位時國中臣民咸属莫登庸俱迎入京十五日百官班定未有禅詔百官令吏部尚書張孚説草之孚説張目叱之曰此何義也復令東閣大𭓇士道源伯阮文泰文泰遂秉筆作之其詔曰惟我大越祖乘時革命誕受多方列聖相傳嗣有曆服盖由天命人心恊應以致然也洪順末年時遭多難陳暠首構乱階鄭綏立逆竪人心既離天命弗祐是時天下以非我家所有予否德忝位負荷弗堪天命人心㱕于有德咨爾太師安興王莫登庸禀睿智之資有文武之畧外飭四征羣方率服内宅百揆庶績咸熙功大德懋天𭁈人㱕兹酌厥中乃遜以位惟克𠃔德永保天命以康兆民尚其欽哉是日登庸稱皇帝大赦改元明德降封帝為恭王與皇太后鄭氏幽于西内宮後數月逼令自盡太后祝天曰登庸乃人臣反萌簒位復殺吾母子他日彼之子孫亦猶是也遂𭁈宮帝俱殂登庸迁其屍于北使舘暴露㱕塟于御天之華陽陵從天子皇後禮今御天縣羙舍社有承休殿是也論曰令望本畧云明人之禍古所未有黎太祖󰁮一旅之師殄百萬之㓂十餘年間而天下大定斯亦難矣復䏻親率六師經理四塞平忙禮平狗玁定太原定宣光占城復從哀牢震懾功德之盛無以加也然多行殺戮頗有不仁太宗重道崇儒設科取士任賢納諫敬天勤民斯亦勤矣然耽于酒色不正其終仁宗以幼冲之資撫豊亨之運母后稱制海宇謐寧然不幸遭变甚可痛惜聖宗時属内難人同推戴尊臨五位振刷百為立府衛定官制興禮樂󰁮廉能征討四疆開拓土宇茶全就擒老撾土崩琉球輿尸琴公走死四瀰賔服八極傾風三十八年天下安治何其盛哉肃宗尊師重道而早年夭殁繼以愍厲之暴虐不道靈隱之簒弑得國陀陽王之内乱見迫恭皇帝之天祚已移果何為哉附莫登庸僣位三年僣追稱尊號為太宗登庸宜陽古齋人初以漁為業及長有舅力考中力士出身洪順間陞都指揮使武川伯歷士三朝統元間位至太師仁國公後封安興王陰結朋黨内外恊謀人心㱕附是月登容入昇龍城居正殿登柄評曰本紀言莫氏代黎盖以明夫簒逆當此之時󰁮朝諸大臣皆注目閉口靣靣相窺向使黎朝中有一人䏻扙義與黎家出力誅逆禁惡以討叛臣之罪則其興復社稷猶可圖也反縱小人陰賛然敎之謀助成其勢以求榮顯使莫氏日益驕弄得以自專上既無軍臣之分下自萌簒逆之心恋爵固寵󰱧義損忠行若狗彘罪惡彰聞其視古之諸賢則遠矣于斯時也權間勢大臣下異心天子孤立於其上舉朝無一人可托欲無傾覆𡸈䏻得乎卒使翻成光紹統元之禍逼脅人心天帝于荒丘奪取黎朝天下僣稱位號居于黄屋絞僞多端以海陽一隅之地稱爲陽京自廢黎朝陵寢誅戮前大功臣子尊迹其所行𭁈曹操無異登庸封其宗室莫鈌名為靖國公中官阮世恩為蒞國公唐安縣慕澤社人使居輔弼左右臣民失望天下惶惶登庸恐人心懷𦾔久復生变乃遵守黎朝法度不敢廢置撫諭臣󰱃鎮則人心掩其耳目謀假求功臣世家子孫於是人多迯竄山林或隐若姓名不出或羣聚為劫黨或去臣於外國以偷生莫知所從矣戊子莫僣明德二年明嘉靖七年春正月是時登庸欲更立新政乃令鑄𦾔年號樣圜法通寶錢多不䏻成後復鑄鉛鉄新色諸間錢頒行天下各處使之通用焉登柄評曰錢年莫氏雖以受禅猶書黎朝統元六年為正自茲以後黎朝無年號可紀乃以莫氏明德年號分注两行不得書正統以明簒僞也至癸巳年荘宗復起兵于哀牢國中𨿽未盡復然以正統書之盖以明夫君臣之分如此也二月登庸以阮國憲為駙馬都尉太保林國公賜姓莫莫國楨為太師麟國公莫廷科為左都督謙郡公少保通郡公阮時雍萊郡公陳棐淳溪侯屈瓊玖慶溪侯阮秉德宏禮侯范嘉謨蘭川伯潘廷佐道川侯阮文泰文達伯阮荗崇禮伯何景道沂川伯莫益徵興殷伯阮鏏祿憲侯阮狄文塲伯范正誼文斗侯阮專羙河汾伯阮度蘇川侯黎光賁文寧侯阮典敬及中宮掌監阮厚廉等五十六人皆陞秩賜爵有差登庸使人徃燕京告于明人謂黎氏子孫無人丞嗣囑使大臣莫氏權官國事統撫民眾明人不信密使人徃探訪國内消息詰問因由陰求黎氏子孫以立之莫人每以文詞華飭對答又多以金銀賄賂及使回密告謂黎氏子孫既絶弗䏻嗣政委托于莫國人尊服㱕之乞少恕罪登庸恐明人問罪乃謀割地納㱕順二州人民及金銀二軀并寶珍奇貨異物明帝納之自此南北復通使徃來冬十月登庸以承平之後制度稍弛意欲更張振作乃命其臣國憲等議定兵制田制祿制及置興國昭武錦衣金吾四衛并五府内外各衛所所属各司司號官名及各衙門員數人數兵數倣如前朝官制依例編補充之廼以海陽處鎮兵属為興國衛山南處鎮兵属㱕昭武衛山西處鎮兵属㱕錦衣衛京北處鎮兵属歸金吾衛分補各司每司置指揮使一貟指揮同知一員指揮僉事一貟忠校十貟忠士一千一百人分爲二十二番宿直如有功勞除千户統制𬋩領中尉等職每衛置書記一貟用前記錄出身如除首領牧民各職其忠士照例分番每番分為五甲每甲置甲首一貟本司官擇取忠校的當者具本除授己丑莫明德三年明嘉靖八年時黎朝𦾔臣鄭顒鄭昂兄弟二人奔告于明莫氏多用賄賂於明沮之事未䏻濟皆死于明時清華右衛殿前將軍安清侯阮金宋山沛庄人一云弘裕之子等率子弟奔哀牢國主乍斗以為唇齒之󰘊給以岑州人民及土地㱕之由是畜養士卒招亡納叛陰求黎氏子孫立之以圖恢復莫開會試科賜杜綜文江縣賴屋社阮沆阮文徽三名進士及第阮雲光等八名進士出身附莫登瀛八年福海六年福原二年莊宗裕皇帝諱寧又諱㫬在位十六年壽三十四歲帝遭屯避難頼舊臣尊立外結鄰封内任贒将故人皆樂用中興之基實兆於此矣帝乃昭宗之子聖宗之玄孫母范氏諱玉瓊瑞原縣髙峙󰀋人時莫登庸簒僣帝避居清華太師興國公阮金使人訪求迎至哀牢國尊立之癸巳元和元年莫大正四年明嘉靖十二年春正月帝即位于哀牢建元元和尊大将軍阮金為尙父太師興國公掌内外事以中人丁公爲少尉䧺國公其餘一一封賞俾之同心匡輔又與哀牢主乍斗相結資其兵糧以圖進取帝遣鄭惟憭如明奏稱莫登庸僣亂窃㨿國城阻絶道路以致久廢職貢甲午二年莫大正五年明嘉靖十三年明聞莫登庸簒奪僞置官属占㨿國城阻絶貢路擅作大誥僣稱上皇罪狀既昭乃命咸寧侯仇鸞爲總督軍務兵部尙書毛伯温參賛軍敄徃討之乙未三年莫大正六年賜阮秉謙裴克篤阮承休等進士及第阮寅亮等七人進士出身阮重光等二十二人同進士出身丙申四年莫大正七年明嘉靖十五年帝遣鄭垣如明僃列莫氏簒弑及帝播遷于清華事由莫使東軍都督府左都督謙郡公莫廷科重脩國子監丁酉五年莫大正八年明嘉靖十六年春正月莫視太學夏四月大風折木𤼵屋海水漲溢人畜溺死莫西安侯黎丕承起兵收掠三司遂𠬧兵入哀牢國效順莫封其子敬典等爲王餘皆以次受封戊戌六年莫大正九年賜甲海陳璲黄岑等進士及第潘鎬等八人進士出身黄詮等二十五人同進士出身莫選黄丁莫遣阮文泰如明賫表乞降并祈處分己亥七年莫大正十年明嘉靖十八年帝封大将軍鄭檢為翼,Chinese
dvsktt,十月乙亥日赤虹見在坤方是月節制鄭松統兵攻破長安天関等府嘉遠安化奉化各縣公畧至蒂市令修作浮橋大破莫新郡公缺名營十一月兵出西南界至羙良縣莫使西道将莫玉󱗲領兵出寕山以攻于左又使南道将阮倦領兵出彰德渡由醴江以攻于右及倦至由醴江分兵設伏山脚小路以待官軍至欲断後兵粮道計畫已定節制鄭松聞之乃分兵留麟郡公何壽禄世郡公吳景祐等守護粮兵在後先差大将榮國公黄廷爱領兵潜地馳回以守清華又使太傅陽郡公阮有僚太保鄭杜𭁈少保鄭桐鄭檸等各領兵徔左路出𭁈莫玉󱗲兵相持㨿守以分其勢節制鄭松督大兵出右路進攻阮倦两兵交戦官軍大勝倦自度不䏻支乃撤兵而走伏兵亦大奔潰相爭渡江沉溺死者無数官軍斬賊馘数百餘級追奔逐比半日程乃駐兵自此倦畏兵威或有相遇輙遠避不敢復𭁈爭鋒玉󱗲使人探知倦兵敗亦撤兵遠遁後日官軍由頓水進駐黄山又進攻安山石室兵之所至無不摧折所󰱐財物牛畜不可勝數十二月節制鄭松𭁈諸将議收兵乃下令撤兵循故道經天関而回所過秋豪無犯莫改端泰為興治元年戊子十一年莫興治元年月莫見官兵日強乃謀定攻守之計令四鎮各縣兵民增築昇龍大羅城外三重壘起自日昭𧻗西湖經椰橋至纏橋透自清池趂珥河之西北髙過昇龍城数丈闊二十五丈掘為三重壕俱種由芽延袤数十里以包城外初莫四岐縣人東郡公范曰敬㱕命朝廷乃許給弘化縣珠綴總兵民隨軍討賊曰敬為政嚴峻民皆畏惮多有嗟嘆土人上表以訴之四日節制府出兵討安謨安康畧定方民而還五月卓筆山大石崩其石直數丈六月有大鳥髙四尺五寸毛白觜紅足赤落在瑞原扶軫地分是月十一日太白經天日月重暈連月不解天降重霧大旱禾苗枯死人民流亡十一月節制鄭松大議出兵庯葛䦕攻長安天䦕各縣兵至安謨安康收得賊牛畜財物甚多乃渡正大江至揚武寨壘駐營經旬節制府佯撤兵回留奇兵象馬設伏營後焚其營舍以誘之賊果空寨柵爭先追擊伏兵卒起󰲡擊斬馘數百餘級賊将新郡公瓊郡公並名缺等僅以身免節制鄭松收軍而回至三疊山令諸軍討取大鉄林木直三十尺每三百人作一距至期拋于灵塲海門其木楂以鉄鎖之十二月二十八日瑞原挽河江水自赤色如流血一里餘己丑十二年莫興治二年月二日有大猿出于永福白石村人󰱐之是月十四日熒惑犯亢十五日月犯歳星米貴民多流散五月十六日有雲氣在日上者如牛伏暈七月十六日丑時月食在北方過半復圓水潦冬十月節制鄭松親督大兵攻畧安康各縣會試天下󰁮人賜黎汝弼梁寘等進士出身梁謙亨黎廷肃等同進士出身莫開會試科賜范伊璿等十七人同進士出身時莫又議起兵使莫󰦛讓統督衛士及四鎮兵刻日齊進至安謨界期𭁈官兵會戦節制鄭松𭁈諸将謀曰今莫悉起大兵而來其要必欲𭁈我交一戦以决雌䧺然敵眾我寡強弱有異但我已在險地賊必無䏻為也兵法云一夫㨿險千夫莫當此之謂也我宣佯作退兵牽入險地彼必輕視我悉眾追之我以重兵襲擊破之必是夜三更節制鄭松差阮有僚領鋭卒一萬五千人及輕騎二百匹暗夜潜行至山脚中尋洞泉蘆葦雜處埋伏以待之約咱大砲三響伏兵悉起有僚既領兵去又差鄭杜鄭桐鄭檸領兵断後下令各依圖次而退如見賊兵追及且戦且走至伏兵所聞大砲三響轉後為前各分左右旌旗隊伍依如圖次諸将領命各回本寨整飭兵象以待之又命吳景祐領粮兵收拾先退入三疊山以示回軍之意又使中軍大營後隊轉為前隊󰱥次而回至三疊山駐營節制鄭松亦督大兵而行是日莫将使人登山頂望之見官兵回笑曰彼見我兵來自知寡不敵眾乃先退回必留黄廷爱断後我諸将士有䏻挺身出力追及敵人或俘賊将或捕󰱐象隻以為上功回朝奏陞秩重賞莫将自恃兵眾奮力爭先不顧躡後寬追及三疊山險地聞砲號三聲伏兵齊起節制鄭松縱大軍四靣奮擊依如號令部伍不差斬首千餘級俘擒六百餘人賊兵大潰七月朔日食太白犯月背后容一指其年盗刼頗多辛卯十四年莫改興治為洪明萬曆十九年寕初年三月彗星指西北行閏三月十三日赤虹貫天日暈两重白氣連環于暈外五月望丙戌月食選方殆盡一箇時復圓十二月節制鄭松又議出兵乃使演郡公鄭文海太郡公阮七里等領水步兵鎮守各海門險要處壽郡公黎和兼知四衛内外武士侍從守宿御營至其進兵調遣分為五隊一齊進𭛁第一隊左區營太傅陽郡公阮有僚奇郡公鄭檸等領鋭兵及忠義各營奇将士兵一萬為先鋒前進第二隊右區營太尉榮郡公黄廷爱永郡公鄭桐等象馬兵卒一萬第三隊前區營太保岸郡公鄭杜甲兵象馬一萬第四隊中區大營節制鄭松親督中軍兵馬二萬第五隊麟郡公何壽禄世郡公吳景祐等同總督粮兵為後軍不分時刻兵出西都循廣平過天開𮢶山開路郡公等領東道兵馬當郡公川郡公等領北道兵馬匡定公新郡公等領四衛兵馬莫戊洽親督正營兵馬後隊内有莫宗室及東道諸宿衛将後進接戦二十七日分道並進至粉上地方两相對陣列陳兵馬莫使匡定公新郡公等督押四衛兵馬爲前隊先鋒西道營将為右翼兵馬南道營将為左翼兵馬東北二道營将為後隊兵馬四隊兵鳴鍾擊皷一齊大進莫茂洽親自督戦節制鄭松聞之即日分兵差右區營将士前進挑戦又󰱇鉄騎四百先登助陣下令各營奇依如節制两兵相迎夾攻自卯至巳鋭氣增倍節制鄭松以旗指揮三軍聞令奮力一攻斬匡定公新郡公於陣前莫見兵勢不敵乃令按兵不動申時節制鄭松親自督戦指揮三軍左攻于左右攻于右咸有紀律将士踴躍劎㦸連天奮力齊聲咸以破敵為誓於是大𭛁砲三聲官軍無不一當百勢如破竹遂追奔逐比莫軍驚惶左不顧右後不顧前兵眾雖多旌旗失次行差官立壇具禮齋戒致祭禱于皇天后土本朝太祖髙皇帝列聖諸位皇帝及國内山川諸灵神古今諸名将座前告曰臣鄭松叨承國家重任濫董征伐大權奉辞討逆伐叛吊民念黎朝社稷生灵遭莫逆奸臣叛命弑君簒國罪惡愈深虐民欺神禍盈怨積致生灵之塗炭者幾七十年稔禍乱之原由者非一二日兹臣𭁈将佐等𭁈賊誓不俱生𡸈肯一天之共戴願先朝列聖皇帝監照臣心滅逆賊以安民復黎朝之境土祝畢是日披雲息霧日色光明節制鄭松會諸将大議進兵仍告諭曰破竹之勢不可失也况我奉辞討不軌本以安民為意諸将宜戒戢将士嚴申軍約整飭部伍號令明信凡兵所至秋毫無犯不得擄掠良民非賊之財物者不得濫取師行有紀律則賊人易破乃下令諸營軍拨寨大進至寕江西岸凡兵所至秋毫無犯市不易肆人皆按堵如故爭持牛羊酒食香花滿道老少男女迎接王師降復軍門曰昔遭曀霧今睹青天歡騰天地及至駐營于寕江列屯陣法堅如鉄城乃下令曰諸營奇将士宜遵三條戒戢諸軍一不得擅入民家托取柴菜二不得擄掠財物斬伐生花三不得脅奸婦女及私仇殺人如違者斬以示眾三軍聞令皆整肅隊伍不敢侵犯百姓悅從咸称三代以下復見仁義之兵㱕者如市凡有智𧥾武勇至軍門皆樂為用五日節制鄭松督兵渡江進至于千春寺将至仁睦橋莫茂洽大驚遂棄昇龍城渡珥河至菩提居于土塊舍留其大将分守城内各門六月節制鄭松督兵過蘇歷江至仁睦橋駐兵射堆處乃分兵布陣各道並進限即日攻破昇龍城以取頭功乃命左區營将阮有僚鄭檸等領兵象一萬攻破椰橋道直進西門右區營将黄廷爱鄭桐等領兵象一萬五百人攻破纏橋道直進南郊門前區營将鄭杜領中軍各奇瑞荘侯等合兵象一萬二千人攻破夢橋直進木橋門分遣以定各領命准僃攻𭛁節制鄭松督大營兵象二萬五千人爲後隊進至紅梅駐兵乃下令曰排布已定陣法以成凡旗幟不得妄張鉦皷不得妄動三軍聞令皆捲旗息皷堅坐以待時莫茂洽雖已渡江猶恃有長江先已准僃差西道将莫玉󱗲領本道兵固守保慶門以西至日昭裴文奎陳百年等領四衛兵㨿椰橋門過夢橋門直至纏橋門分為營次日夜閉門固守大羅城内各相拒守南道将阮倦領兵㨿莫舍以東救應各道軍兵東北二道軍皆属焉莫茂洽自督水軍陳船百餘隻㨿珥河以為聲援阮倦領兵至營設伏于纏橋門外以待陳大銃百子火噐以僃之時節制鄭松𭛁砲三聲諸将張旗鳴金擊皷及聞角聲七連部伍齊肃戈甲鮮明進攻自巳至未未分勝負節制鄭松見两軍大戦迭相誇勇爭䧺射倒百子更兼日色慘淡雲霧散凝風冷天寒軍兵混戦銃砲振天鉦皷動地旌旗蔽野劎㦸如雲節制鄭松督兵催戦以旗指揮許進不許退依圖而進官軍力倍氣增左衝右突爭冐矢石穿壘登城寬先突破壘門文奎百年等自度力不䏻支軍自竄乱奔潰走散莫玉󱗲亦膽破驚遁官軍乘勝逐比至江火燒宫殿及京屋煙焰連天節制鄭松大驅象馬兵卒踏破纏橋兵威如從天而下莫兵大潰阮倦伏兵不及起尽死于纏橋之外倦計窮欲捨命迯生進退無路内外皆是官兵壘門又塞倦子保忠義澤及手下精兵各自力戦一時俱死于陣中倦智竭力乏走回本營為官兵俘󰱐來献軍門丈剪除榛棘鋤剔壕塹悉破為平坦之地不日完畢此盖阮倦之謀乃緩兵之計也時官軍大振西南之民皆隨風靡凣畧定所至俱降服珥河以西悉為所有珥河以東民亦望風向服莫茂洽自此驚慄食不下咽卧不安枕不敢顧盻於珥河之西矣三月節制鄭松至彰德駐營由醴江令造浮橋以濟師又分兵攻畧清池上福富川等縣節制鄭松督兵畧攻慈廉丹鳳等縣後至福禄先豊攻畧麻義安山石室而回是月節制鄭松議回兵應天天䦕道詣闕奏捷全功帝大喜議陞賞勳爵會試天下󰁮人賜鄭景瑞吳𦤶和進士出身吳致知同進士出身莫開會試科賜范有䏻等四人進士出身阮有德等十三人同進士出身六月十二日子時流星大作七月六日洪水驟至河水横流丘陵漲溢清華道禾榖不登十五日水又潦西南之民亦荒飢八月戊子朔壬戌時流星大作赤色長五丈芒如絹電暎入人屋下于地聲如巨雷莫茂洽日肆逰蕩縱酒荒色時山郡公裴文奎妻阮氏年有姊爲茂洽后嘗出入宫中茂洽見有羙色心中悅之乃隂圖文奎以求其妻文奎𮗓之乃率本部兵自回長安嘉遠擁兵不出茂洽召之再三不䏻得乃差将領兵逼問之阮氏年阮第三女也倦十月裴文奎一靣徵兵拒莫兵一靣使子奔至清華行營入拜禀乞㱕命投降跪泣曰臣父裴文奎被莫氏隂差兵逼害因使臣代臣父冐罪㱕命朝廷委身降服願求生路刻骨不忘終身感德幸𫎇大德明察誠心乞加一旅來救微軀天威如指偏方臣父願為向導萬死不辭寸功願報節制鄭松聞言笑曰文奎㱕降是天使我成功之速本朝土地指日可復於是𭁈諸将議起兵上表奏聞命黄廷爱統領諸營奇将士先進救文奎及兵至嘉遠沛頂文奎見有救兵至乃率本部子弟兵三千人迎接拜伏于軍前廷爱南道将義國公屯兵天派江㨿守端偉渡令催大安懿安兵民築土壘江邉拒之放竹尖河岸两邉以防官兵渡江節制鄭松差裴文奎潜拽船出江口以擊其上流差左右銃奇來射沿河以攻其下流使象馬兵卒渡河奮攻于中流收江中賊船莫義國公措手不及棄船而迯士卒奔潰官兵收得戦船七十隻噐械不可勝數義國公收殘卒回京邑㨿自然洲官兵造浮橋渡江駐營懿安縣後進兵平陸駐營塞橋莫陳百年将兵投降賜爵定郡公時南道諸将來降者十餘人因下令軍中秋毫無犯民間村巷無故不得輙入違者以軍法論由是山南一處民皆按堵如故簞食壼漿以迎王師男女老少莫不仰慕其德焉十一月四日節制鄭松進兵于清威精神洲安營曉諭西南各處人民皆我朝之民久罹莫政殘虐我𭁈汝等各宜自新革其前弊汝等安居按堵不得驚怖師行紀律以弔民爲念民不勝歡喜壮者願徔軍老弱者皆𰙔謳舞躍滿路十四日兵出喝江口水陸並進莫将莫玉󱗲陳船拒之安置木楂于喝江口築土壘岸上以為險固官兵進擊破之玉󱗲棄船陸走于三島山下将卒各自棄船登岸官兵渡河收󰱐船艘噐械不可勝數乘勝長驅至昇龍城南門駐兵于沙草津所󰱐船艘大小以千計是夜茂洽迯奔海陽金城縣莫宗族各自偷生亡命其諸将㱕降者󰱥踵于軍門節制鄭松令諸營駐兵于沙草津禁戢軍士不得侵掠使民安業珥河之北順安三帶上洪諸府縣民皆願投降節制鄭松下令撫安之太原刼黨廉郡公缺名亦率本部黨五千人來降二十五日節制鄭松進兵徃海陽處追勦莫黨民皆喜悅開門迎接及至芙蓉縣駐營柳經使左水營太郡公阮七里督前水軍營定郡公陳百年左水軍營羙郡公裴文奎及棠郡公直郡公並名缺等同内水各奇戦船三百隻攻破金城縣莫氏棄城遁走前後不相接船艘尽棄官兵收󰱐金銀財物婦女不可勝數海陽之民離乱遁走官軍擒得莫太后而㱕至菩提莫太后以憂死莫立其子全為王使監國事改號武安初年自爲将督兵拒命十二月朔卯時日中有黑子二點形如烏鳥者三日時節制府分兵大破莫敬止等於清河縣新羙社斬得賊馘并收船艘五十隻及馬匹噐械不可勝數荆門等府廬舍宫室燒毀殆尽時莫餘黨浦郡公缺名以下水郡公沔郡公𨻫郡公豪郡公瑞郡公梁郡公義郡公及吏部尚書福郡公杜汪禮部尚書洪溪侯汝琮工部尚書同沆吏部左侍郎永山侯吳暐户部左侍郎吳慥東閣𭓇士吳珙寺卿阮瑾山南承政使譚文節海陽承政使范如膠等並詣軍門降服節制鄭松令進兵永頼琤江駐營數日回京節制鄭松命茶郡公范文快廉郡公武郡公等将步兵三千象二隻攻畧浦頼江三将分兵攻勦安勇武寧等縣時莫茂洽棄舟步行至鳳眼縣寺隱居凣十一日官軍至鳳眼有村人向導引官軍入寺中󰱐莫茂洽将就駐營武郡公令人以象載之及二妓女還至京師献俘生梟三日斬于菩提傳首詣清華萬頼行在釘其两眼置于市初莫宗室䧺禮公莫敬止竄居東潮至是復收殘卒㨿青林僣位于至灵南澗稱號寶定又改康佑於是莫氏宗室莫敬敷莫敬誠莫敬慎等及男女大小數百人皆應之莫之宿舊文臣武士相率㱕之草立行在出榜招募丁民呼吸之間諸縣響應兵至七萬人先是莫茂洽使其長子全權監國事僣號武安至茂洽被俘人心不服復㱕附莫敬止莫全自遁又為官兵所󰱐時莫敬止㨿青林分置内外左右割㨿諸縣以拒官兵節制鄭松命阮七里裴文奎陳百年阮峩等将兵猝至敬止率軍襲戦於江中七里不及戦死于陣中䏓峩中創倒在舟上士卒急救得免文奎百年等各自奔潰軍粮噐械皆没于賊於是海陽京北復㱕附之十七日節制鄭松命太尉黄廷爱太保鄭杜鄭桐鄭檸等督諸營步兵象馬進討莫敬止駐兵于錦江沿河列屯𭁈之相拒又分命太尉阮有僚總督水軍進至青林𭁈廷爱相為表裏救援官軍在錦江莫敬止悉眾㨿青林以長江一󰅾分南北連兵拒戦日張旌旗夜鳴火砲旬月之間两軍相持不得解甲敬止催兵增築壕壘于青林沿江以守之二十五日節制鄭松令諸營奇大移草津行營于昇龍城之南福林坊居之右本紀附莫僣起自丁亥莫登庸僣位紀元明德元年傳五世至壬辰洪寕三年莫茂洽被俘又繼以癸巳䧺禮公自稱康佑初年迄于其亡前後共六十七年讖云莫得於亥失於亥盖登庸丁亥年簒位至茂洽以癸亥命亡國果有驗云癸巳十六年是歳莫氏亡九日節制鄭松督大軍東渡珥河日夜兼行直指青林進𭛁十二日駐營錦江𭁈諸将大會議分兵水陸並進渡江急戦遣慎義營副都将右相太尉榮郡公黄廷爱壮義營副都将太尉陽郡公阮有僚統領水步諸營奇将士進至青林地方是時莫敬止兵不下六七萬人悉眾㨿青林󰘌岸依川阻水以為固屯營結寨列皷張旗然烏合之󰕛未經訓練節制鄭松傳𭛁砲號即催兵渡河以擊上流黄廷爱渡下流以擊其背阮有僚大率水軍圍繞四傍邀截去處是日四方八靣砲號俱𭛁三軍𧡟力致戦席卷長驅敬止及其宗親男女皆竄身入山林官軍追至東潮至灵等縣哨拿󰱐其安山王莫敬誠宏量公莫履祐郡公陳越裴指賛理阮仁沾等軰尽斬之其餘斬得賊馘收得賊船噐械不可勝數十三日進到至灵節制府再分兵追哨十四日擒得敬止於安廣處横浦縣新萌村一説東潮雷隂山寺及莫敬敷莫敬慎莫敬簡莫敬遵扶寕王缺名以下宏禮公䧺亮公并武安莫全臯郡公脩武侯等及所󰱐金銀寶物銅印两顆又哨得尚書枚功阮𠃔欽阮克敬頼敏阮克綏阮澈阮明璧阮澧都御史鄭光賛左侍郎王文會華有謨王拨萃阮顯績阮汝楫范珙右侍郎范知止鄧諧阮演潘範黎曰倘承政使段世拔阮風欔杜顯寺卿吳盎東閣杜直潘宗參政陳慶圭府尹阮諍都給事中黄琦阮俊彦阮恒監察御史黎世禄范田俊武森范徔命杜演黎金榜黄務本阮仁馥給事中鄭克慎王時中阮挺尹覃陳文藻翰林阮用黄挺范有䏻憲察使范自謙副使阮儒陳丕眼參議黎鴻阮湧斷事阮碩德阮繁並詣軍門解納節制府乃收兵回京二十七日諸将送俘莫氏宗派解納營門節制鄭松令推出俱斬之于草津使人傳莫敬止首詣清華萬頼行在獻于闕下二月節制鄭松命左右将校茶郡公阮廷倫廉郡公劉盞等各領精兵攻畧陸岸安搏等縣時㓂黨渠魁秀梮秀㻡兄弟等率其部黨千餘人投降後又内萌異圖廷倫劉盞等擒得併殺之餘黨驚潰迯入山林初莫應王莫󰦛讓遁走至安搏驚慄病𭛁而死土人塟之于寺側三月莫玉󱗲迯竄北方隂求莫氏宗室得莫敬典之子󰦛厚王莫敬恭於文蘭州立為莫後自號乾統初年時人人猶𢙇二心未尽㱕附聞敬恭立相率㱕附時有莫氏餘黨數十人煽惑人心聚集成黨刼掠州縣分㨿各處珥河以北干戈迭起煙火不息群䧺竄伏㓂刼憑陵大者結成三十黨小者亦不下數十餘群真定都寕缺姓以下名自稱建國公㨿建昌乙技自稱強國公㨿錦江太國公㨿嘉福華國公㨿快州嚴國公㨿四岐慶國公㨿山陽德國公㨿夏華羙壽侯㨿青波威王莫敬用㨿太原壮王莫敬章㨿天施義國公㨿新興文國公㨿三陽錦國公㨿青池忠國公㨿普安福國公㨿右𨻫大者數千餘人小者七八百人所至民皆響應二十一日各處僞黨並起兵出珥河至菩提燒断鉢場浮橋於是海陽京北等處各縣人民皆建立旗幟各應賊二十三日節制鄭松分諸将領兵渡河大擊破之斬󰱐數千餘級僞黨奔潰州縣悉平二十五日大同土官和勝侯武德恭率本部兵三千赴京首服㱕順朝廷献金銀寶物十盤代身銀人一座銀花瓶二件銀香爐一捧銀鶴一隻良馬三十匹至營門拜謁節制鄭松表奏陞為北軍都督府右都督太保和郡公號爲安北營時節制鄭松令匠構作殿宇築起行在于昇龍城之西南椰橋之北錦廷舊所一月而工畢於是令諸大臣及文武百官安排旗幟整飭兵象准僃候奉迎聖駕是時帝在萬頼行在三月起程渡西都城直進廣平道出天䦕過羙良彰德一箇月至青威縣駐軍節制鄭松率文武就青威奉迎聖駕雅樂偕行赴京四月十六日帝登正殿受百官朝賀大赦天下詔曰盖聞上天𭛁生群物必施雨露於雷霆皷動之餘人君撫御八紘必宣德澤於威武奮揚之後理達無間言式用敷我國家太祖髙皇帝應天順人乘時啓運行大誼平殘得天下甚正其立國之䂓模宏且遠矣聖宗淳皇帝創立法制開萬世文明之治其守成之憲度詳且僃矣聖聖相承謨烈啓佑咸正後人足以世守自光紹統元年間運遭中否爲逆臣莫登庸所僣窃然先王之正統上存在人心之遺澤未泯荘宗裕皇帝奮󰒂旅以󰰻乱中宗武皇帝立祖業以救民迨我皇考英宗峻皇帝天挺剛明志平僣叛其翊扶日月整頓乾坤寔頼明康太王之勳之德中興功業實始於此朕紹恢前烈總攢大權每以滅仇敵復中原爲念特命都将節制各處水步諸營兼總内外平章軍國重事左将太尉長國公鄭松總統大兵攻勦莫黨上年十二月擒得逆登庸孫僞洪寕莫茂洽即正以法今年正月擒得偽䧺禮公僣稱康佑又寘于刑其餘孽如偽唐安王偽䧺亮公偽惠成公偽安山王偽扶寕王偽勇義公等軰悉皆就戮逆賊之罪以正神人之憤得紓是雖列聖在天默相之灵亦都帥匡國再造之功而将士用命宣勤之力故䏻臻兹大業復此舊都國家土宇皈章孔厚如故朝廷法制政令方𭁈更新朕慮夫天下祖宗之天下人民祖宗之人民久為彼虐所苦正望吾所以撫安之今即政臨民乃其一初宜施惠行慶以及眾庶年月十六日寅御都城正殿大赦天下以布正始體元之化以慰徯蘇望治之情凣其臣庶咸悉聞知是時論功行賞加黄廷愛為右相太尉榮國公阮有僚為太尉陽國公鄭杜為為太傅鄭桐鄭檸俱為太保黎栢為少尉本郡公何壽禄為少尉吳景祐鄭文海俱爲少保吏部尚書阮茂宣為少傅瓊郡公其餘加陞職爵有差五月太傅端郡公阮黄自順化親率将士象馬船艘赴京拜謁及将順化廣南二鎮兵粮財帛金銀珠寳府庫簿籍進納節制鄭松表奏黄為中軍都督府左都督掌府事太保端國公先是偽建國公起兵㨿建昌府築土壘于江東岸上自延河武仙下至真定各縣義國公起兵㨿青蘭各聚數萬眾種木楂于黄江河門等處以拒官兵節制鄭松差南道将裴文奎陳,Chinese
dvsktt,安廣海陽山南二處亦稍削平惟餘偽乾統莫敬恭莫玉󱗲及次王慶王莫敬寬安勇王唐國公德國公東國公文國公忠國公福國公等偽賊而已六月節制鄭松差諸将領兵分守上洪下洪快州順安慈山等府復令許各縣流民回貫復業七月二日彗星見東方指東北行時莫玉󱗲子立郡及山東侯扶髙侯等先已效順至是山東扶髙又謀反俱去立郡被誅十月太保和郡公武德恭自請回鎮守大同以防㓂賊節制鄭松許之閏十一月四日莫阮倦死于獄中初倦子銳郡公阮信壽巖侯阮儔及扶興侯阮俛子都羙雲榜南陽安義仁智並名缺等見莫主遭擒乃屈身效順至是謀反事𮗓阮信都羙雲榜仁智等皆伏誅南陽安義壽岩等復徔偽去甲午十七年明萬曆十二年二正月莫玉󱗲挾莫敬恭㨿安博縣節制鄭松遣右相黄廷爱領兵討之二月廷爱督兵擊破之于安博縣獲偽萬寕王嚴國公并餘黨尽斬之玉󱗲奔思明府稱臣于明後廷爱回兵安勇縣俘偽福國公而還是年京北太原諒山等處干戈擾動慶王莫敬寬㨿大慈次王㨿太原安郡公㨿普安東郡公㨿陸岸安勇王㨿武崖越國公㨿山陽等處官兵所至賊即觧散還復屯結郡縣苦之時明國多使人來探訪事情殆無虚日海陽山南下畔道賊群起方民日夜不安大同和郡公武德恭自回鎮後隂𢙇二心𭁈賊羙壽潜通使徃來隂使人侵掠山西原頭各縣攻破青波下華又徙東蘭西蘭居民移入大同駐焉節制鄭松命太尉阮有僚領兵攻勦逐比擒󰱐羙壽而還三月望月食天大雨二十二日帝遣阮黄賫金冊加贈明康太王為明康仁智武貞䧺畧太王其金冊曰大臣之有宿勳實䦕眾望朝廷之追元祀必紀宗功肆頒蠲榖之攸同宜載鏤金之孔耀推忠翊運恊謀同德輔國竭節󰦛厚明義功臣特進開府金紫榮禄大夫兼總内外平章軍國重事太國公贈明康仁智大王鄭檢棠喬鉅閥桓卷華纏初應義旗亨屯正經綸時節重恢舊境匡濟定興復䂓模嘉績多于先王盛業徵之後嗣西平一門忠義社稷計安汾陽再造國家天下功盖前休驗於兹敷賁新號加宜侈尊優特命推忠翊運同德功臣特進輔國上将軍中軍都督府左都督掌府事太尉端國公上柱國阮黄賫捧金冊進封推忠翊運恊謀同德輔國竭節󰦛厚明󰒂率龍州人出掠諒山各州節制鄭松差兵會諒山三司兵攻逐之偽黨奔還龍州六月先明縣武陵社人武登起兵㨿超類縣集眾聚黨自稱羅平元年節制鄭松擒󰱐斬之偽信王缺名起兵㨿武崖使偽寕國公缺名将兵拒戦于太原偽越國公自衣黄袍起兵㨿三陽刼掠方民節制鄭松差副将拨郡公范𠃔生将本部兵鎮守三農以安興化之民七月初二日莫駙馬都尉太傅沱國公莫玉󱗲㨿兵萬寕州病死其子駙馬山東等奔入龍州附莫敬恭初玉󱗲将臨終有遺書勸於莫敬恭曰兹莫家氣運已終黎氏復興乃天數也我民是無罪之民而使自罹鋒刃之中何忍也我等宜避居他國養成威力屈節待時伺其天命有所㱕而後可㔫不可以力鬪力两虎相爭必有一傷無益於事也如見彼兵所至我當避之慎勿𭁈鬪要宜謹守為重又切勿邀請明人入我中國以致民苦塗炭是亦罪之莫甚也至是死莫壮王莫敬章𭁈偽太國公出兵㓂掠青河四岐各縣永頼人頼郡公謀反亦率本縣兵眾從之時海陽諸縣人民大荒飢饉相食餓死者三分之一八月右相黄廷爱率兵攻破諒山偽嚴國出降竟殺之九月偽威王莫敬用等使其黨春山侯𭁈文國公等将兵襲攻太原效順将廉郡公死之節制鄭松使太尉阮黄統兵攻破于武崖平之乃引兵還十月節制鄭松差太尉阮黄統領水兵太尉阮有僚督率步兵二道並進直至大同攻破和郡公武德恭營分兵前後夾攻德恭率子弟奔󰒂都二将将兵還太尉阮有僚出奇兵攻偽春山侯文國公等寨大破之獲象三隻焚其營舍而還十二月大同偽武德恭使人献納金銀寶物馬匹赴京入朝首服乞免罪立太王府于福林坊令移行在于城南門之左時太原諸縣猶為偽威王莫敬用等所占諒山猶為莫敬恭莫敬寬等所㨿所在刼掠地方人民太半不得㱕農田野荒廢乙未十八年明萬曆正二十三年月時帝有風疾不䏻視朝詔免朝及謁郊祀禮二月節制鄭松令諸營将校大造戦船五十艘三月會試天下󰁮人于草津賜阮實阮曰壮進偽威王莫敬用春山山東等世貴縱兵擊之斬馘六百級又收獲公象一隻馬十匹及軍需噐械而還是時清華原頭人偽太傅剛國公缺名起兵㨿乂安瓊瑠上畔擄掠居民清華鎮守官何壽禄鄭文海等徵兵擊破之俘󰱐徒黨尽殺之五月令諸營奇類有竭節宣力功臣始終全功定為三次奏功論賞令出再三又寝不行時人民大飢荒更兼瘟疫死者屍相枕六月十二日偽春山𭁈普安人偽晉郡公缺名以下勝郡公桂郡公等合兵五百人刼掠三陽時縣官大率兵民邀截要路斬獲偽晉勝桂等馘四十六級旱二十二日申時两日並出二十四日太原總兵嚴郡公鄭惟精斬󰱐偽󰒂國公杜衍并其黨於太原時偽頼郡公稱莅國公父子相率賊黨由安廣透入海陽刼掠沿河各至東潮襲攻鎮守營陵郡公缺名遂遇害七月偽春山自稱保國公率賊黨攻掠普安縣節制鄭松差兵擊破之󰱐馬四匹銅印一顆賊遂奔潰又命頼世貴将兵攻破太原髙平等處俘獲偽将祈山王福王並名缺等併殺之十三日甲申天無雲而雷忽震宫柱其夜月又入心度内後暈歳星二十三日甲午大會文武百官誓于昇龍城之南門左街二十五日偽春山㱕降赴京請罪付㱕本属将後執殺之火犯昴分經歳不入垣命毅郡公阮惟一守金洞八月令大點軍兵于草津得兵數十二萬餘大旱自八月經歳無雨至明年二月始得雨禾榖枯死一榖不成人民大飢九月令置平獄勘理官使决天下疑訟以文官二員吳慥阮宏詞武官黎稹等為之頒以公差印後再置三員為之皆不䏻守法其職遂廢十月令脩理西京殿時莫舊臣東岸人翰林𭓇士阮時󰕑自稱為太保禮郡公僣號其子為順治王起兵㨿陸岸邀截諒山要路殺本處總兵蘭郡公缺名及奪取象一隻并財物十一月節制鄭松差薊郡公潘彦領諸水奇戦船三百艘象一隻鎮守海陽青林鄭文彰守永頼阮廷倫守錦江海郡公缺名守唐安王珍守超類十二月盗刼處處群起燒家殺人刼掠財畜丙申十九年明萬曆正二十四年月二日偽壮王莫敬章移屯安廣㨿萬寕香蘭使其将永頼人莅國公嘉福人太國公並名缺莫宗子莫瑋莫理等領戦船大小八十隻侵掠四岐永頼江三日至青林青河江𭁈潘彦兵戦自寅至午大擊于江中時潘彦馬未及鞍兵未及甲賊船已到營門軍皆失措潘彦出拒纔四十五人而已膠水将禮郡公見賊勢大自度軍少力不䏻支自率本船軍人先退潘彦以爲恇怯斬之以徇󰕛又得西真一水隊輕船突進賊将疑救兵至乃大潰棄船下水迯生潘彦乃手招本兵大小船一齊突戦奮擊中流斬賊将莅國公太國公安郡公缺名以下瑞郡公及裨将二十餘人斬󰱐賊馘二千二百九十八顆收󰱐船艘噐械不可勝數俘󰱐賊将豪郡公缺名等數人賊黨各散㱕田里即日觧送賊将豪郡公至軍門潘彦親觧其縛慰之曰汝欲生乎若欲生則吾用汝為向導擒得壮王則我饒汝死罪豪郡公乃乞向導引兵兼行海道出安廣擒壮王以圖報效潘彦聽󰰾令󰱇輕船鋭卒數百人戦船五艘自全身鎧甲内藏偽豪郡公于舟中四日彦𭁈諸将謀曰兵貴神速我以取勝之兵乘破竹之勢苟一戦两勝是天使我等成大功可較古之名将耳僕願諸将士聽令同心戮力以立功名勦除偽賊則我等之功莫大焉諸将皆曰願聽令是日彦󰱇壮士假作敬章兵號衣旗色自為前隊諸水軍隨後陸續󰱥進是夜彦自乘輕船先突入重䦕其守䦕人問之答曰我乃豪郡公兵船因戦勝俘󰱐賊将薊郡公等先觧送献納我王由是得入重䦕直進三日夜到萬寕州香蘭社及将近敬章船敬章疑為豪郡公得勝而回乃迎之彦曰我是薊郡公汝等宜速受縛免被刀鎗敬章聞言措手不及乃棄船上岸走至沙中為官軍所󰱐及其妻妾二十人并斬其徒黨四十人是時諸兵率多爭收賊寳貨致賊餘黨走散竄入山林彦軍既󰱐全捷一󰁮連勝两陣軍士歡喜凱還京師觧納莫敬章于闕下是日節制鄭松𬢱賞戦功賜潘彦金牌一两黄金十斤又賞諸将士有䏻用命者銀子三百斤設大宴饗勞之是時莫臣多詭計告于明人曰黎兵者乃鄭氏爭彊起兵攻殺上國貢臣及莫氏子孫實非黎氏子孫重興之兵由是明人多遣使過鎮南交䦕将牒文來我國每期大會勘黎氏子孫果有是否期至交䦕為約二十九日命户部尚書兼東閣𭓇士通郡公杜汪御史󰱑都御史阮文階等候命先至鎮南交䦕𭁈明國左江兵廵道陳惇臨通柬牒辭多謙遜後又使右将黄廷爱印事迹等物件不肯赴勘卒過期三月帝乃還京夏四月令天下各處府縣總社係被經兵人民漂散許回復業饒役三年然所𬋩多侵擾務行苛虐民或至流散未安其業令閲󰱇原定新舊另兵如有功已受職爵年老弱者饒汰之身才彊健者充補之以成兵額望月食是時大旱夏務禾榖皆不得收陂澤枯涸草木多黄落花果不實盗刼群聚於民間大者七八百人小者亦不下數百人日夜燒毀人家刼掠才畜水陸不通道途閉塞民多飢餓死者過半五月太保和郡公武德恭自移大同營就義都居之是月命效順翰林范鴻儒𭁈清華處承政使禮恭男胡秉國勘度本處桑洲土以定税額秋七月時天無風雨瀘江水自漲溢者經旬彗星出指西北行令修造昇龍城内太廟各殿十七日壬午奉迎太祖髙皇帝及列聖皇帝等神位入昇龍城太廟殿歳時享祀八月九日甲辰壬申時京師及山南山西江河并池湖井水無故忽自動一時始觧是月旱密禱得雨閏月朔日有食之時令工象鑄造金銀人二軀各髙一尺二寸並重十斤又鑄銀花瓶二雙小銀香瓶五件又僃用土絹及諸貢献之物以防北使冬十一月二十五日大安縣時務社人范沆自稱為天南招討都元帥二十七日入㨿安謨耽溪山攻破附近社民所至人皆向服月餘眾得萬餘人自此長安莅仁等府盗賊群起多阻行人徃來而隤上各社民兵多從賊黨禮江侯父子亦傾心順服節制鄭松差羙郡公裴文奎将兵𭁈安謨土官良郡公阮体討之俘󰱐范沆送還京斬之十二月四日清華處鎮守将少保演郡公鄭文海卒贈太保是月差户部尚書兼東閣𭓇士通郡公杜汪等候命𭁈廣郡公鄭永禄賫金銀人二軀及諸貢物就諒山城以候明人會勘時明龍州土官多受莫黨賄賂因𭁈結連退托事未果就更值正旦節杜汪鄭永禄等復還京丁酉二十年明萬曆二二十五年月初十日命奉天府尹具設牲醴祭明康太王廟十九日差候命官杜汪阮文皆等復至諒山鎮南交䦕探明人消息遣北道将淳郡公陳德惠𭁈會郡公宏郡公並名缺等領兵護送及至諒山廷爱太尉阮黄阮有僚太傅鄭杜及左右都督七八員兵象五萬󰅾明委官王建立同行至諒山鎮南交關四月初十日帝整飭兵象過鎮南交關與明左江廵道按察副使陳󰦛臨及廣西思明太平等府龍州憑祥等州官大行會勘交接禮各相喜賀自此南北兩國復通命工部左侍郎馮克寬為正使太常寺卿阮仁贍為副使如明歳貢并求封克寬至燕京適遇明帝萬壽聖節克寬上拜賀詩三十首明英武殿大學士少保兼太子太保吏部尚書張位以萬壽詩集上進明帝御筆批曰賢才何地無之朕覧詩集具見馮克寬忠梱殊可深嘉篤羙即命下刊板放行天下於是朝鮮國使刑曹參判李賥光爲之作序是時明義土官勇郡公阮克寬父子𭁈僞黨連結聚集奸惡人欲乱京邑夜常起火燒毀庯坊事𮗓官軍捕得克寬父子三人及徒黨二十四人于昇龍城南門外並拽得木印旗鉦噐械及勑命來納節制鄭松令尽燒之斬克寬父子及徒黨梟其首級二十日帝回京御駕至安常節制鄭松親迎拜于安常扶御駕還宫帝乃視朝節制鄭松親率諸大臣及文武百官行拜賀禮令閲另兵󰱇壮健者補兵額老弱者簡汰然閲已經數年未曾見汰者致老弱多没于軍中五月旱榖豆枯死二十日帝密禱于禁中又立壇于大羅城夢橋合祭山川諸灵神始得雨時有慈廉艾橋社人阮明智前𭁈偽克寬相友父子起兵㨿明義地方偽稱大德三年太尉阮有僚俘󰱐明智父子俱斬之是時萬郡公阮有力守清沔有力為政日務寬平民皆爱慕賊不敢侵境内無事民安其業六月四日山南效順将定郡公陳百年卒是月無風雨瀘江水忽自漲溢衝激是歳前大旱後大水田禾多損失歳屢不登民多流亡秋七月七日太尉陽郡公阮有僚卒年六十贈陽國公阮有僚從姪嵩郡公阮公又病卒熒惑𭁈歳星合宿在畢度容一指相接令天下凣諸噐用隨以職品髙下不得僣越令閲四政軍民丁壮等項以定原籍時宋山人勝郡公枚求守神溪縣有善政民多爱慕保之擢為順化總兵八月東岸土将淳郡公陳德惠及子陳德澤稱岑郡公謀反𭁈安世土将世郡公楊文幹父子俱率弟子夜遁從偽黨去節制鄭松分兵差其子掌錦衣衛䧺良侯鄭桃領兵攻之斬其徒黨德澤文幹等𭁈子弟遠奔時四政人民多煩於刈公象草又被所𬋩攪擾民不勝其苦多從偽黨刼掠民間十月海陽土将水棠縣人水郡公缺名宜陽縣人禮郡公缺名俱率兵反擄掠海陽諸縣襲殺廵守将華橋侯缺名及本縣縣官又有新明縣偽瓊郡公瑞郡公並名缺兄弟聚集徒黨所至脅掠人民𭁈水郡公禮郡公等相結眾至數千海陽諸縣人民畏其殘虐悉皆順從十一月二十日節制鄭松差都督同知豪郡公阮沔羙郡公裴文奎薊郡公潘彦等領水兵五十艘往海陽攻破偽黨即日進𭛁阮沔獨自驕兵輕敵自謂殘賊不足慮不𭁈諸将計𬢱乃親率本部内兵船四隻輕進突入戦陣中至賊伏兵處遇賊人船豪郡公令𭛁大銃射之禮郡公被磾死於船中舟中賊代著禮郡公衣催兵乱戦復剌殺豪郡公死於戦陣中两軍混戦相殺官軍死者亦八十餘人兵卒皆走遇裴文奎兵繼至賊󰕛棄船登岸走散文奎收󰱐阮沔首級而還後文奎再将兵拽尋󰱐禮郡公首回京觧納令梟三日節制鄭松議賞文奎金十斤陞少保是月令天下各處建鄕試塲取士十二月偽陳德澤等㨿兵大慈使人盗捕公䧺象一隻節制鄭松令廣郡公鄭永禄奉郡公鄭有用安岩侯阮鎮安全侯阮光登瓊陽侯阮金龜等領兵追及獲斬之收捕妻子而回戊戌二十一年明萬曆正二十六年月十六日頒大赦布誥天下一切盗刼迯囚及經年賦税並皆赦免二月詔陞公子鄭𭫨為平郡公使督率兵馬以防盗賊三月旱西北多風起禾榖草木枯死節制鄭松使右将黄廷爱将兵攻畧陸岸󰱐䧺禮之子莫敬倫并馬三十五匹及噐械而還節制鄭松又使太尉阮黄領水軍畧定海陽攻破水郡父子及徒黨水郡走入水棠㨿山峙官軍乃還水郡使其黨瑞郡瓊郡侵掠青林青河等縣閲取地方丁壮編入隊伍為兵民多走散四月會試天下士人賜阮庶阮惟時黎弼四等進士出身阮克寬阮儉等同進士出身自正月至是月始得雨節制鄭松差右将黄廷爱統諸步兵太保鄭檸等徃畧定東潮因進兵以擊水棠之北又使太尉阮黄統領水軍少保裴文奎等徃畧定海陽處因進兵以擊水棠之南又分使振郡公海郡公薊郡公壮郡公等将内水各奇徃經畧青林青河出金城以截水棠之上路是日三道一齊進𭛁阮黄差本營将士先突入破水棠山峙士卒争先乃俘󰱐偽水郡公賊黨破潰諸道兵進到收󰱐賊黨船艘偽瓊瑞等率子弟迯出欲回先明到半途遇裴文奎兵大擊两兵混戦於江中自辰至申賊兵力乏潰走文奎催兵乘勝逐比破之俘獲僞瑞于舟中斬馘百餘級僞瓊乃率餘黨奔于安廣二十四日官兵還京俘送偽水瑞献納賞功畢斬水郡公瑞郡公等于廛橋梟其首級五月山陽僞越國公死其眾無統山西守将清郡公鄧璥膠郡公阮有佳等進兵攻逐斬馘數千級󰱐馬十匹而還是月令裴文奎督率新明安陽二縣兵丁使将兵徃鎮守以安方民壮郡公阮峩守青林華陽侯王珠守嘉遠是歳旱七月己亥天小雨數日八月旱莫䧺禮之子敬用聚黨于安博僞稱威王後數敗乏食乃謀誘殺土官富良侯缺名而取其土地自入富良侯家村富良侯使兵守閉䦕隘得𦂳乃出家迎接拜跪於前曰臣居僻境兵少良足大王至此少可安身養兵畜銳乘時待釁招募州縣收拾兵眾乃可復興前業兹臣有一山峙遠且深險大王只可将親近數人入㨿深山臣遣家人贍給奉侍其餘左右将校皆暫居臣村宅以給養之再圖後󰁮威王聽󰰾乃率手足四五人共入㨿山峙去了富良侯即将威王子弟四十人盡殺之不許泄𭁈威王知之富良侯密差人馳告京師乞兵救援觧送威王於是節制鄭松差都督林郡公廣郡公華陽侯等領兵到富良侯村宅果擒󰱐威王俘送京師後論陞賞富良侯總兵職九月旱是時連月亢旱禾苗枯死帝乃密禱禁中又合祭各神于夢橋始得雨六日安世縣楊文幹遣其妻牽馬二匹牛二隻赴京首服許之令遣其夫出首宥罪彰德芝泥監生阮時󰠐偽號兵部尚書林泉侯時擒󰱐送京監之後迯脱免令廣德縣作紙局造作大方新樣紙納官無得私賣是時人數假令示故有是禁以防奸人又令各處承司府縣如見上司差有帖示者查實新樣𥿄依例承行如不是者引納論罪令諸府縣社該官閲󰱇該内民丁十八歳以上身才強健者編補為另以益兵數然閲法多冗民不勝其苦十月令清華乂安順化廣南等處構作󰱇塲候十七日世郡公楊文幹父子赴京乞降饒其罪二十三日鄧璥阮有佳等兵至當道攻破上蘭賊偽扶髙棄寨走大蠻州璥縱兵追之斬僞将扶衛朝巴等󰱐馬匹銅印鉦旗噐械甚多乃還是月髙平土官總兵同知勇郡公何益率兵攻破定化州賊斬󰱐偽忠國公缺名及徒黨三十五馘得馬三十匹赴京觧納二十八日令絞莫敬用于東門市十一月初四日當道土官衛󰒂侯宋時照将兵攻破僞莫斬得僞扶勝侯缺名𭁈徒黨馘十五顆󰱐馬一匹其噐械不勝數初六日右将黄廷爱至諒山城差都督林郡公陳福領兵千餘攻破脱朗州賊時莫敬恭兵從龍州來七泉使偽萬國公缺名拒戦陳福縱兵大擊斬萬國之子󰱐其妻孥徒黨焚其營寨賊兵潰散福等乘勝長驅直至敬恭營敬恭使福王領家小粮食先退入㨿龍州至徒中遇陳福長子壯義侯陳鉄伏兵起攻之福王與兵卒相爭奪路走入龍州王顧謂陳鉄曰有乾統王尚在後汝若欲追吾等乾統至此恐汝軰皆為泉下之鬼也陳鉄聞之不敢追使弟子收拾財貨而還敬恭見陳福兵進攻乃使其將蟠郡公勝郡公缺名等將兵斷後與陳福兵相拒敬恭自領兵拔寨望後潜退陳福見僞将拒敵縱兵擊之斬得蟠勝軰于陣餘黨奔潰敬恭乃率將卒數千人奔入龍州又遇陳鉄伏兵截其要路敬恭自督大兵衛之時陳鉄兵少不敵乃復棄其所󰱐財貨拔隊直入髙平敬恭兵急渡河去後陳福兵進至擒󰱐敬恭第二男十二歳時敬恭兵已遠去陳福令收兵回諒山與右将太尉榮國公議還京觧送敬恭男子以献以户部尚書通郡公杜汪為少保是月太傅鄭杜進兵攻太原通化感化地方差總兵頼世貴攻勦髙平兵至三弄山世貴不能料敵賊黨率各将蠻人四面夾擊世貴大敗走三日夜至上思山為賊所󰱐公象一隻而世貴兄弟多𢃄鎗僅脱身走鄭杜見戦不利遂議還兵朝廷論削世貴兵權滛雨十二月三日令絞莫敬恭第二男于東門之右初六日節制鄭松差候命官杜汪等先僃󰀩註禮物至鎮南交䦕迎接北使先是使臣馮克寬等賫貢物及代身金人沉香象牙至燕京上表乞脩職貢明帝見表大悅復詔封帝為安南都統使司都統使𬋩轄南國土地人民及賜安南都統使司銀印一顆使馮克寬等賫勑書回國克寬乃上表曰臣主黎氏是安南國王之胄憤逆臣莫氏僣奪不忍負千年之讐乃卧薪嘗膽思復祖宗之業以紹祖宗之迹彼莫氏本安南國黎氏之臣弑其君而奪其國實為上國之罪人而又暗求都統之職兹臣主無莫氏之罪而反受莫氏之職此何義也明帝笑曰汝主雖非莫氏之比然以初復國恐人心未定方且受之後以王爵加之未為晚也汝其乃是銅印因𭁈文武大臣議復回書𭁈明國讓責明委官王建立回北國𮞏奏明帝明土官受莫敬恭賄賂又𮞏奏明帝許敬恭安𢮿太原髙平地方己亥二十二年明萬曆正二十七年月二十八日少傅瓊郡公阮茂宣卒年八十二茂宣雷陽盛羙人二十八日羙郡公裴文奎觧納僞瑞郡令殺之二月時彰德芝泥監生阮時忱僞稱尚書禮國公青林蔓汭人偽稱少保安國公福禄人偽稱忠郡公聚兵安朗地方平郡公鄭𭫨差人捕捉觧送京師悉令斬之吏部右侍郎阮宏詞卒大理寺卿陳福祐卒二十七日以工部左侍郎馮克寬爲吏部左侍郎封梅嶺侯三月明左江官陳惇臨使王建立復賫良馬玉𢃄衝天冠賜節制鄭松請為鄰好并柬文二帖内寫八字曰光興前烈定國元勳節制鄭松益厚遇之使人護送還國四月初七日行在内殿流星大起敬天殿折一角進封都将節制各處水步諸營兼總内外平章軍國重事左相太尉長國公鄭松爲都元帥總國政尚父平安王使司天監黎文惠等擇日行󰀋封禮蠲辰誕恊鏤冊載華推忠翊運竭節宣力功臣都将節制各處水步諸營兼總内外平章軍國重事左相太尉長國公鄭松國望泰喬家庭文武建謀定策安社稷光植中天講信修睦比鄰封敉音米撫也安邉境功特髙於宇宙位宜冠於臣僚特遣太宰榮國公黄廷爱賫捧金冊進封都元帥總國政尚父平安王爰賜玉鑽以作介圭仍錫土田以廣封邑尚其秉共慎位皇皇恪守於王章脩德匹休世世永膺於帝眷王其欽㢤二十一日大開會宴六月𬢱定律令是歳三月大旱至六月時天無雨禾苗枯死十三日帝親𭁈平安王就射堆處立𡊨致禱後始得雨十六日酉時月食七月清華鎮守将少尉麟郡公何壽禄卒令欽差本處閲󰱇官黎文歡黎文植等代其職其󰱇簿差詣京進納時大同武德恭反僣稱隆平王使手下将銳郡公等率大蠻州兵攻畧太原白通州各峙山脅取銀塲税於是平安王命海郡公廣郡公奉郡公等将步兵進擊仍遣鎮守将衛義侯宋時照向導擊破之八月六日令旨諸營長官及各奇隊該官諸本營奇隊長次隊長其員有竭節宣力公臣并堅義從軍日久有功應僃類姓名詳註住址職爵逐一明白期本月中旬投納候閲定具本𬢱送該衛門銓除各職以示答勳二十四日丑時帝崩是時平安王𭁈朝臣𬢱太子性不聰敏乃奉次子維新立之以本月二十七日即位于行在改元詔曰朕惟天地生物為德必宣氣行化以神並育之機帝王守位以仁必敷訓錫福以示大公之道理達無間言式用敷我國家天𭁈人㱕神傳聖󰱥謨烈咸正罔鈌紀綱至詳且僃所以遣後人者盖深遠矣皇考紹恢丕緒在御二十有八年適倦于勤以國事付托于朕朕方在疚哀慕不勝然以社稷至重姑抑私情勉從公論謹於本年月二十七日嗣大曆逾年改元自念以幼冲之資承艱大之業負荷惧弗克堪守成不可無助寔頼主帥尚父平安王明朂匡救之德暨諸舊勳大臣左右鄰弼賛佐彌縫之力庶幾嗣有令緒答楊先訓上副天心下蘇人望以衍宗社億萬年無疆之休今即政臨民正四方望宣澤承休之日宜建極敷言施惠行慶以𭁈天下正始其以明年為慎德元年兹方即政一初宜廣推恩四海所有寬大名條頒布天下如賜功臣爵土加封祀典各神饒拖欠賦寬恤始回流民并原受偽職查實仍還前有及内外官賜恩陞級𭁈勇士生徒社長官員子孫等並賜資有差正始大春秋一統兹徵貞觀之期享國兼殷夏歷年用集綿洪之慶布告遐邇咸使聞知二十五日禮部出榜曰大行皇帝賓天其天下臣民照依服制等次遵行其尚父乃勳王也而爲社稷重臣不𭁈百官同列應服一百日諸親王及文武階自郡公以上預朝班者若從營者不拘𭁈朝堂各員五品以上外任方靣各員應服三年武階有侯伯爵至五品以上若從營者不拘内監司自六品是日丑時流星大作長如帛疋及入地聲如巨雷九月二十日令将士護送大行皇帝梓宫㱕山陵世宗毅皇帝諱維潭英宗第五子在二十七年壽三十三歳位帝以幼冲之年信任勳臣故能削平僣叛復舊物身致太平中興之功󰰽大於此焉光帝以正治十年十一月日誕生育于瑞原縣廣施社時英宗幸外帝以幼穉獨不預從左相鄭松迎而立之以生日爲陽元聖節癸酉嘉泰元年莫崇康八年春正月朔左相鄭松暨文武臣僚等共尊皇子即皇帝位改元大赦頒大誥諭其畧曰盖聞上天弘育物之功必方春而布德澤王者謹即位之始必施命以誥臣民上下同符會通不爽我國家乘時啓運立國以仁一祖肇之於前列聖󰱥之於後相傳正統百有餘年󰟸遭漢厄𦤶紊周綱幸頼人心有歸天命有在聖父皇上以帝室之胄紹祖宗之基䂓恢大業十八年餘二月二十六日被細人耿潝廷彦黨輩讒間遂使承轝播迁于外天下臣民無所依戴予皇父第五子以幼冲之資嗣艱大之業惟恐弗堪然上承慈命下徇轝情有弗克于辭者迺於今年正月初一日即位建元爲嘉泰元年寔頼大臣左相太尉長國公鄭松暨文武臣僚同心脩輔共安社稷将頒詔命六事用告迩遐多方一曰民經兵無恒産者並饒役二曰貧民漂居許回本貫饒差賦役三曰凡徔盗刼迯囚迯罪仍就該司出首饒赦四曰内外各衙門有見監囚人情輕者放赦五曰文武官有功者許陞爵一次六曰官員子孫屈滯者許具本隨財録用凣内外各衙門欽遵奉行時洪福皇帝播迁于乂安皇子栢榴梗松皆徔之左相鄭松遣阮有僚等進兵至城帝避于蔗田有僚等跪拜于田曰請陛下速還宫以慰天下臣民之望臣等無異志乃以䧺象四隻迎帝以歸使榜郡公宋德位等扈徔日夜偕行二十二日還至雷陽是日帝崩時左相鄭松使宋德位隂逼陽言自縊上尊號曰英宗峻皇帝本紀曰英宗起身出自寒微以黎民之玄孫爲帝室之胄頼左相鄭松及諸臣僚尊立之君臨天下圖济厥艱後信任群小自咱間言輕将神噐播迁于外害及其身甚矣小人之言自誤人國家也如此可不戒㢤帝既即位封左相太尉長國公鄭松爲都将節制各處水步諸營兼總内外平章軍國重事國家事務皆自裁决然後奏聞以太傅仁國公武公紀爲右相榮郡公黄廷爱潮郡公武師鑠陽郡公阮有僚等俱爲太傅鄭杜爲太保岸郡公䧺茶侯范文快爲䧺郡公西興侯何壽禄爲麟郡公又遣使賫勑徃順化以端郡公阮黄爲太傅令貯粟以實邉其差餘錢歳納銀子四百斤帛五百匹七月莫兵侵安塲營官軍收兵入壘以示弱後日賊復培壘将渡段澤節制鄭松出舟師分擊大破之賊遂遁還十月命右相太傅仁國公武公紀領本部兵回鎮大同以安方民時莫敬典扶莫氏茂洽㱕昇龍城令軍營于城之南門外居焉甲戌二年莫崇康九年春莫開會試科賜武文奎進士及第莫廷󰕑等十人進士出身武維翰等十三人同進士出身六月莫使南道将阮倦領兵侵掠乂安大河以北皆𨺻于莫宏郡公𭁈戦數不勝見士卒多迯亡者乃用鉄爲環鎖其軍士之足于船後賊兵追至亦皆不戦宏郡公乃棄船陸走到布政爲莫将阮倦所獲㱕京邑遂遇害秋七月節制鄭松差太傅萊郡公潘公績晋郡公鄭模領兵救乂安𭁈莫阮倦相拒數月後倦等領兵還京公績亦收兵回清華時節制鄭松兼統内外鄭永紹鄭栢良郡公等隂謀圖害事泄俱繋獄議罪太王妃阮氏力救之得免削其權太王妃節鄭松母也制二十日莫封莅王莫履遜長子莫琪爲興禮王乙亥三年莫崇康十年正月六日莫遣敬典領兵侵掠清華阮倦等領兵侵掠乂安是時莫氏兵強所至人皆草靡遠遁山林以避其鋒敬典自統大兵進擊安定瑞原等江又分兵𭁈西道将莫玉璉等進擊雷陽東山各縣是日两道並進八月節制鄭松命太傅榮郡公黄廷爱統率󰒂郡公杜衍石郡公䧺郡公范文快等将兵救雷陽農貢東山駐兵先沐山節制自統中營大兵命太傅潮郡公武師鑠陽郡公阮有僚等爲先鋒前隊太傅衛陽侯鄭栢永壽侯鄭桐廣延侯鄭擰爲左隊太傅文鋒侯鄭永紹太傅岸郡公鄭杜良郡公榜郡公宋德位爲右隊麟郡公何壽禄等為後隊並進招山駐兵莫敬典率大兵戦于安定東里師鑠有僚等出奇兵逐之是月命太傅安郡公頼世卿晋郡公鄭模萊郡公潘公績等領兵救乂安𭁈莫南道将阮倦數戦不勝倦為奇兵設伏以待引戦連勝擒󰱐公績而還丙子四年莫崇康十一明萬曆四年莫敬典復領兵侵掠清華進擊瑞原藍江使西道将莫玉璉領兵進擊安定銅皷江又分兵使南道将阮倦侵乂安𭁈晋郡公鄭模相持數月餘後鄭模累戦不勝遁回清華至玉山縣阮倦曰鄭模戦敗而還兵回無令我必擒之乃自督兵追至玉山󰱐模中途引㱕京邑自是阮倦威聲日振為莫之名将江東䧺将䏻臣皆以為不及也丁丑五年莫崇康十二明萬曆五年設制科取士賜黎擢秀等三人第一甲制科出身胡秉國等二人第二甲同制科出身莫開會試科范家門等進士及第黎曰倘等五人進士出身陳如林等十人同進士出身莫令收各縣兵一二三項各具三月粮以僃侵掠清華五月節制鄭松令清華乂安各處所該督各縣社民限六月以上務宜耕種及時不可容緩以防經兵所至妨農事七月令清華沿河各縣居民收財畜家小入山脚險地避居以防賊至令諸海門及沿途各處巡把各置砲號如見賊兵所至即𭛁一聲于本海門後沿途傳𭛁為信使居民咱令准僃便徒行之毋爲賊兵所害又令各縣山脚如見沿河社民及牛畜徒居本社應嚴加廵僃若有盗刼率相赴救倘或不䏻赴救致失居人財畜者本地分償之八月莫敬典侵銅皷江節制鄭松親率大兵出快樂壘門相拒莫兵攻破會上營黄廷爱以奇兵挑之阮有僚将兵截擊破之又𭁈莫兵戦于河都宋德位墜象幾爲莫兵所󰱐鄭栢大驅兵象來救󰱐免後莫兵又進至河都南道将阮倦等将兵伏于堤外以待之使弘郡公缺名與頼世興元年戊寅光興元年莫崇康十三明萬曆六年二月二十一日莫茂洽被雷降于宫中半身不遂後醫治復免乃改元以是年為延成初年七月莫敬典領兵侵清華沿河各縣進至江表節制鄭松差鄭栢等領兵渡河設伏于奉公山大戰于奉公橋發銃合射之莫兵者死不勝計敬典乃退兵還京邑帝立行在于萬頼册立南郊于萬頼壘門外十月莫西道将莫玉󱗲領兵徃侵宣光興化各州縣至枚州物州太傅仁國公武公紀縱兵大戰莫兵敗績而還己卯二年莫延成二年明萬曆七年七月莫敬典復領兵侵清華㓂擾沿江及至河中宋山江犯章閣節制鄭松差太傅義郡公鄧訓督兵拒于太堂使演郡公鄭文海為先鋒挑戰大擊于金甌山鄧訓督兵潜進宋山地方出平和江目山截其後莫兵大敗而還九月太傅安郡公頼世卿卒贈謙國公,Chinese
dvsktt,庚辰三年莫延成三年莫開會試科賜杜珙進士及第杜直等三人進士出身阮壽椿等二十人同進士出身五月榜郡公宋德位卒德位安定快樂人七月莫遣南道将阮倦西道将莫玉󱗲降将弘郡公等領兵侵清華㓂掠沿河各縣居民財畜而還八月立會試科賜阮文階等四人進士出身黎光華等二人同進士出身九月流星大作聲如巨雷又有彗星出十月莫敬典卒敬典仁厚勇畧聰慧敏達履歷艱險勤勞忠誠生子九人長敬止封唐安王副總帥次敬直封忠謹公錦衣衛掌衛事敬敷封端亮公興國衛掌衛事敬簡封惠成公昭武衛掌衛事敬遵封勇義公朝東衛掌衛事敬慎封達禮公敬恭封󰦛厚公敬體封匡輔公敬邦未得封女九人長玉󱗵封良郡上主次玉琯封宜郡上主玉璽封安郡上主玉琰封陽郡上主惟幼女三歳未封養女玉琬封僊郡上主十二月初三日莫遣良逢辰阮仁安阮渊阮克綏陳道泳阮璥杜汪武瑾汝琮黎挺秀武謹武靖等如明歳貢辛巳四年莫延成四年秋莫議授其輔政應王莫󰦛讓統領兵權使徵各道兵侵掠清華沿河各縣󰦛讓遂領兵𧻗海道至廣昌縣唐囊山駐兵節制鄭松奏帝命黄廷爱統領諸将進兵禦之廷爱會諸将分爲三道使阮有僚為先鋒廷爱自督大兵為正隊進兵𭁈莫兵對陣鄭丙何壽禄等為左隊拒阮倦鄭文海等為右隊拒莫玉󱗲鄭桐鄭檸等為後隊是日並進𭁈莫兵大戰官軍銳氣益壮無不一當百斬六百餘級俘󰱐賊将振郡公阮公扶󰘊侯缺名等于陣前賊兵大敗奔潰󰦛讓及諸道将卒膽破心驚收殘兵遁回京邑官軍全捷凱還詣行營献俘賊将賊兵數百餘人振郡公阮公乃阮有僚之舅也逢辰等回還夏五月大雨雹於萬頼冊其塊大如瓜田禾皆折毀是年録唐囊戦功以黄廷爱為太尉阮有僚為西軍都督府掌府事鄭栢為南軍都督府掌府事鄭杜為南軍都督府左都督䧺郡公缺名為太保鄭桐鄭檸等俱為都督僉事演郡公缺名為西軍都督府右都督吳景祐為北軍都督府右都督其餘受封有差六月莫将扶義侯阮廷倫㱕命賜爵茶郡公時乂安瓊瑠縣東回社有大白石不知何自而來在海門水中躍出平地󰘌水十五丈而止土人以為灵異立祠事之九月莫泳橋伯黄士愷及郎中裴徔矩議給前太保嘉國公阮探世業田五十畆江東諸儒臣上表于莫氏且言請去強臣以尊王室其畧曰時方拯渙義效徔坤旦夕弗離於王所始終不負於主恩彼阮倦奸邪餘孽反覆小人背國罔慚於乃父㱕朝更媚於吾君為今之計固當武恊於文将謀於相北恊薊溪侯𭁈之參謀西授岸郡公𭁈之同力以此二三豪傑心德攸同保兹百二山河富貴共享将見皇綱復正帝座復安王室子孫百世其量矣癸未六年莫延成六年試天下士人賜阮仁瞻等三人進士出身黎文通同進士出身莫開會試科賜阮俊彦進士及第陶倧等三人進士出身阮德懋等十四人同進士出身六月十八日太傅義郡公鄧訓卒贈南軍都督府左都督掌府事太尉義國公七月莫兵侵清華㓂掠沿河各縣節制鄭松差兵大擊于海門外逐之而還自是莫兵不敢復侵而清華乂安各處人民始得休息矣是時哀牢鎮安貢献方物十月節制鄭松督大兵出山南下路攻畧安謨安康各縣收稻而回莫東道将奇郡公阮曰敬㱕命朝廷賜爵東郡公甲申七年莫延成七年正明萬曆二十年月節制府復出兵攻畧嘉遠安謨安康各縣又進兵徇天関奉化而還以世郡公吳景祐兵遮道先回貶二資九月四日鄭檜卒于莫初檜降莫賜爵忠良侯後陞忠郡公至是卒莫使人弔祭之復遣兵送柩許家人親母及妻子歸塟節制鄭松亦差人迎接殯于安定軍安山之右爲設牲醴上表奏帝恕其罪贈太傅忠郡公許其子鄭森等掛孝莫以吏部尚書掌部事兼東閣大𭓇士知經筵事參預朝政太保倫郡公甲澂為策國公安樂縣中官豪郡公為安國公西道将岸郡公莫玉󱗲為沱國公南道将石郡公阮倦為常國公忠義沔郡公缺名為西軍都督府左都督弘郡公十月清華瑞原安定地方地震五十餘里莫南道将南陽侯陳缺名來㱕賜爵蟠郡公莫使阮𠃔欽阮永祈鄧顕阮䏻潤武師錫阮澧等如明歳貢乙酉八年莫延成八年月節制鄭松自督大兵畧定西道邉界出天関擊破羙良石室安山各縣兵至柴山而还留裨将昭郡公在廣舍市莫兵追及之昭郡公𨺻于陣莫兵收󰱐象一隻二月節制鄭松議回兵六月莫欲復入居昇龍城遂議脩築其城大興工役陶作磚瓦期年而成乃以明年為端泰初年一月十二日莫策國公甲澂致仕十二月節制府出兵山南攻畧嘉遠奉化而還莫策國公甲澂卒丙戌九年莫端泰初年明萬曆十四春莫開會試科賜阮教方進士及第范明義等七人進士出身阮文藻等十七人同進士出身夏四月五日大水潦六月莫氏安排車駕移入昇龍居正殿受群臣朝賀禮畢陞莫玉󱗲阮倦等俱為太保弘郡公為南軍都督府左都督二十五日清華地方天無風雨忽馬江洪水漲溢西都城没溺于水江表逆流湍急若射木樹塞川沿河之家多流蕩于海秋七月二日大水潦癸卯夜月赤暈凝光矇矓色如噴血占云其变應妃后亡二十五日又大水潦一年之中水潦凡七次八月五日非時雷降十三日太國夫人張氏玉冷卒十七日安塲營大火時風急火猛延燒府營軍房觧宇庯舍數千家紅雲蔽日煙瘴满天自午至申火始滅太王妃阮氏玉寶被火卒節制鄭松避居掛孝追尊為明康󰁙王太妃二十三日太保䧺郡公卒二十八日安塲營中狂風大作二里餘倒人𭛁屋揚沙飛石拨樹觧瓦九月三日大水霖雨經旬九日又大水十八日雨止是歳清華地方禾榖不登十月天又滛雨經二旬不止各縣諸山乱崩丁亥十年莫端泰二年月莫令脩理昇龍城外層及整治街衢二月莫令天下各處務築土壘及種由竿上自喝江下至山明華停江延袤数百里以防兵至三月十一日辰時天忽自鳴時永福縣卓筆山有大石髙一丈其石骨深入地中四尺餘無故自拨出地上移他處而止是月安定縣澄舍社井中水忽沸動混濁者三日後復清如故占者云應折一大将軍五月太傅衛陽侯鄭栢有罪絞初栢𭁈節制鄭松同一泒常𭁈黎及第隂欲圖害謀泄及第被殺栢󰱐罪常有不足之心隂養妖術巫人又圖塟其父于禁地事𮗓坐絞七月江水漲溢八月壬申望夜月食九月丁亥朔日食令各縣原頭討木五百條為木揸分植各海門以防賊㓂船及拒挑之計十月乙亥日赤虹見在坤方是月節制鄭松統兵攻破長安天関等府嘉遠安化奉化各縣公畧至蒂市令修作浮橋大破莫新郡公缺名營十一月兵出西南界至羙良縣莫使西道将莫玉󱗲領兵出寕山以攻于左又使南道将阮倦領兵出彰德渡由醴江以攻于右及倦至由醴江分兵設伏山脚小路以待官軍至欲断後兵粮道計畫已定節制鄭松聞之乃分兵留麟郡公何壽禄世郡公吳景祐等守護粮兵在後先差大将榮國公黄廷爱領兵潜地馳回以守清華又使太傅陽郡公阮有僚太保鄭杜𭁈少保鄭桐鄭檸等各領兵徔左路出𭁈莫玉󱗲兵相持㨿守以分其勢節制鄭松督大兵出右路進攻阮倦两兵交戦官軍大勝倦自度不䏻支乃撤兵而走伏兵亦大奔潰相爭渡江沉溺死者無数官軍斬賊馘数百餘級追奔逐比半日程乃駐兵自此倦畏兵威或有相遇輙遠避不敢復𭁈爭鋒玉󱗲使人探知倦兵敗亦撤兵遠遁後日官軍由頓水進駐黄山又進攻安山石室兵之所至無不摧折所󰱐財物牛畜不可勝數十二月節制鄭松𭁈諸将議收兵乃下令撤兵循故道經天関而回所過秋豪無犯莫改端泰為興治元年戊子十一年莫興治元年月莫見官兵日強乃謀定攻守之計令四鎮各縣兵民增築昇龍大羅城外三重壘起自日昭𧻗西湖經椰橋至纏橋透自清池趂珥河之西北髙過昇龍城数丈闊二十五丈掘為三重壕俱種由芽延袤数十里以包城外初莫四岐縣人東郡公范曰敬㱕命朝廷乃許給弘化縣珠綴總兵民隨軍討賊曰敬為政嚴峻民皆畏惮多有嗟嘆土人上表以訴之四日節制府出兵討安謨安康畧定方民而還五月卓筆山大石崩其石直數丈六月有大鳥髙四尺五寸毛白觜紅足赤落在瑞原扶軫地分是月十一日太白經天日月重暈連月不解天降重霧大旱禾苗枯死人民流亡十一月節制鄭松大議出兵庯葛䦕攻長安天䦕各縣兵至安謨安康收得賊牛畜財物甚多乃渡正大江至揚武寨壘駐營經旬節制府佯撤兵回留奇兵象馬設伏營後焚其營舍以誘之賊果空寨柵爭先追擊伏兵卒起󰲡擊斬馘數百餘級賊将新郡公瓊郡公並名缺等僅以身免節制鄭松收軍而回至三疊山令諸軍討取大鉄林木直三十尺每三百人作一距至期拋于灵塲海門其木楂以鉄鎖之十二月二十八日瑞原挽河江水自赤色如流血一里餘己丑十二年莫興治二年月二日有大猿出于永福白石村人󰱐之是月十四日熒惑犯亢十五日月犯歳星米貴民多流散五月十六日有雲氣在日上者如牛伏暈七月十六日丑時月食在北方過半復圓水潦冬十月節制鄭松親督大兵攻畧安康各縣會試天下󰁮人賜黎汝弼梁寘等進士出身梁謙亨黎廷肃等同進士出身莫開會試科賜范伊璿等十七人同進士出身時莫又議起兵使莫󰦛讓統督衛士及四鎮兵刻日齊進至安謨界期𭁈官兵會戦節制鄭松𭁈諸将謀曰今莫悉起大兵而來其要必欲𭁈我交一戦以决雌䧺然敵眾我寡強弱有異但我已在險地賊必無䏻為也兵法云一夫㨿險千夫莫當此之謂也我宣佯作退兵牽入險地彼必輕視我悉眾追之我以重兵襲擊破之必是夜三更節制鄭松差阮有僚領鋭卒一萬五千人及輕騎二百匹暗夜潜行至山脚中尋洞泉蘆葦雜處埋伏以待之約咱大砲三響伏兵悉起有僚既領兵去又差鄭杜鄭桐鄭檸領兵断後下令各依圖次而退如見賊兵追及且戦且走至伏兵所聞大砲三響轉後為前各分左右旌旗隊伍依如圖次諸将領命各回本寨整飭兵象以待之又命吳景祐領粮兵收拾先退入三疊山以示回軍之意又使中軍大營後隊轉為前隊󰱥次而回至三疊山駐營節制鄭松亦督大兵而行是日莫将使人登山頂望之見官兵回笑曰彼見我兵來自知寡不敵眾乃先退回必留黄廷爱断後我諸将士有䏻挺身出力追及敵人或俘賊将或捕󰱐象隻以為上功回朝奏陞秩重賞莫将自恃兵眾奮力爭先不顧躡後寬追及三疊山險地聞砲號三聲伏兵齊起節制鄭松縱大軍四靣奮擊依如號令部伍不差斬首千餘級俘擒六百餘人賊兵大潰七月朔日食太白犯月背后容一指其年盗刼頗多辛卯十四年莫改興治為洪明萬曆十九年寕初年三月彗星指西北行閏三月十三日赤虹貫天日暈两重白氣連環于暈外五月望丙戌月食選方殆盡一箇時復圓十二月節制鄭松又議出兵乃使演郡公鄭文海太郡公阮七里等領水步兵鎮守各海門險要處壽郡公黎和兼知四衛内外武士侍從守宿御營至其進兵調遣分為五隊一齊進𭛁第一隊左區營太傅陽郡公阮有僚奇郡公鄭檸等領鋭兵及忠義各營奇将士兵一萬為先鋒前進第二隊右區營太尉榮郡公黄廷爱永郡公鄭桐等象馬兵卒一萬第三隊前區營太保岸郡公鄭杜甲兵象馬一萬第四隊中區大營節制鄭松親督中軍兵馬二萬第五隊麟郡公何壽禄世郡公吳景祐等同總督粮兵為後軍不分時刻兵出西都循廣平過天開𮢶山開路郡公等領東道兵馬當郡公川郡公等領北道兵馬匡定公新郡公等領四衛兵馬莫戊洽親督正營兵馬後隊内有莫宗室及東道諸宿衛将後進接戦二十七日分道並進至粉上地方两相對陣列陳兵馬莫使匡定公新郡公等督押四衛兵馬爲前隊先鋒西道營将為右翼兵馬南道營将為左翼兵馬東北二道營将為後隊兵馬四隊兵鳴鍾擊皷一齊大進莫茂洽親自督戦節制鄭松聞之即日分兵差右區營将士前進挑戦又󰱇鉄騎四百先登助陣下令各營奇依如節制两兵相迎夾攻自卯至巳鋭氣增倍節制鄭松以旗指揮三軍聞令奮力一攻斬匡定公新郡公於陣前莫見兵勢不敵乃令按兵不動申時節制鄭松親自督戦指揮三軍左攻于左右攻于右咸有紀律将士踴躍劎㦸連天奮力齊聲咸以破敵為誓於是大𭛁砲三聲官軍無不一當百勢如破竹遂追奔逐比莫軍驚惶左不顧右後不顧前兵眾雖多旌旗失次行差官立壇具禮齋戒致祭禱于皇天后土本朝太祖髙皇帝列聖諸位皇帝及國内山川諸灵神古今諸名将座前告曰臣鄭松叨承國家重任濫董征伐大權奉辞討逆伐叛吊民念黎朝社稷生灵遭莫逆奸臣叛命弑君簒國罪惡愈深虐民欺神禍盈怨積致生灵之塗炭者幾七十年稔禍乱之原由者非一二日兹臣𭁈将佐等𭁈賊誓不俱生𡸈肯一天之共戴願先朝列聖皇帝監照臣心滅逆賊以安民復黎朝之境土祝畢是日披雲息霧日色光明節制鄭松會諸将大議進兵仍告諭曰破竹之勢不可失也况我奉辞討不軌本以安民為意諸将宜戒戢将士嚴申軍約整飭部伍號令明信凡兵所至秋毫無犯不得擄掠良民非賊之財物者不得濫取師行有紀律則賊人易破乃下令諸營軍拨寨大進至寕江西岸凡兵所至秋毫無犯市不易肆人皆按堵如故爭持牛羊酒食香花滿道老少男女迎接王師降復軍門曰昔遭曀霧今睹青天歡騰天地及至駐營于寕江列屯陣法堅如鉄城乃下令曰諸營奇将士宜遵三條戒戢諸軍一不得擅入民家托取柴菜二不得擄掠財物斬伐生花三不得脅奸婦女及私仇殺人如違者斬以示眾三軍聞令皆整肅隊伍不敢侵犯百姓悅從咸称三代以下復見仁義之兵㱕者如市凡有智𧥾武勇至軍門皆樂為用五日節制鄭松督兵渡江進至于千春寺将至仁睦橋莫茂洽大驚遂棄昇龍城渡珥河至菩提居于土塊舍留其大将分守城内各門六月節制鄭松督兵過蘇歷江至仁睦橋駐兵射堆處乃分兵布陣各道並進限即日攻破昇龍城以取頭功乃命左區營将阮有僚鄭檸等領兵象一萬攻破椰橋道直進西門右區營将黄廷爱鄭桐等領兵象一萬五百人攻破纏橋道直進南郊門前區營将鄭杜領中軍各奇瑞荘侯等合兵象一萬二千人攻破夢橋直進木橋門分遣以定各領命准僃攻𭛁節制鄭松督大營兵象二萬五千人爲後隊進至紅梅駐兵乃下令曰排布已定陣法以成凡旗幟不得妄張鉦皷不得妄動三軍聞令皆捲旗息皷堅坐以待時莫茂洽雖已渡江猶恃有長江先已准僃差西道将莫玉󱗲領本道兵固守保慶門以西至日昭裴文奎陳百年等領四衛兵㨿椰橋門過夢橋門直至纏橋門分為營次日夜閉門固守大羅城内各相拒守南道将阮倦領兵㨿莫舍以東救應各道軍兵東北二道軍皆属焉莫茂洽自督水軍陳船百餘隻㨿珥河以為聲援阮倦領兵至營設伏于纏橋門外以待陳大銃百子火噐以僃之時節制鄭松𭛁砲三聲諸将張旗鳴金擊皷及聞角聲七連部伍齊肃戈甲鮮明進攻自巳至未未分勝負節制鄭松見两軍大戦迭相誇勇爭䧺射倒百子更兼日色慘淡雲霧散凝風冷天寒軍兵混戦銃砲振天鉦皷動地旌旗蔽野劎㦸如雲節制鄭松督兵催戦以旗指揮許進不許退依圖而進官軍力倍氣增左衝右突爭冐矢石穿壘登城寬先突破壘門文奎百年等自度力不䏻支軍自竄乱奔潰走散莫玉󱗲亦膽破驚遁官軍乘勝逐比至江火燒宫殿及京屋煙焰連天節制鄭松大驅象馬兵卒踏破纏橋兵威如從天而下莫兵大潰阮倦伏兵不及起尽死于纏橋之外倦計窮欲捨命迯生進退無路内外皆是官兵壘門又塞倦子保忠義澤及手下精兵各自力戦一時俱死于陣中倦智竭力乏走回本營為官兵俘󰱐來献軍門丈剪除榛棘鋤剔壕塹悉破為平坦之地不日完畢此盖阮倦之謀乃緩兵之計也時官軍大振西南之民皆隨風靡凣畧定所至俱降服珥河以西悉為所有珥河以東民亦望風向服莫茂洽自此驚慄食不下咽卧不安枕不敢顧盻於珥河之西矣三月節制鄭松至彰德駐營由醴江令造浮橋以濟師又分兵攻畧清池上福富川等縣節制鄭松督兵畧攻慈廉丹鳳等縣後至福禄先豊攻畧麻義安山石室而回是月節制鄭松議回兵應天天䦕道詣闕奏捷全功帝大喜議陞賞勳爵會試天下󰁮人賜鄭景瑞吳𦤶和進士出身吳致知同進士出身莫開會試科賜范有䏻等四人進士出身阮有德等十三人同進士出身六月十二日子時流星大作七月六日洪水驟至河水横流丘陵漲溢清華道禾榖不登十五日水又潦西南之民亦荒飢八月戊子朔壬戌時流星大作赤色長五丈芒如絹電暎入人屋下于地聲如巨雷莫茂洽日肆逰蕩縱酒荒色時山郡公裴文奎妻阮氏年有姊爲茂洽后嘗出入宫中茂洽見有羙色心中悅之乃隂圖文奎以求其妻文奎𮗓之乃率本部兵自回長安嘉遠擁兵不出茂洽召之再三不䏻得乃差将領兵逼問之阮氏年阮第三女也倦十月裴文奎一靣徵兵拒莫兵一靣使子奔至清華行營入拜禀乞㱕命投降跪泣曰臣父裴文奎被莫氏隂差兵逼害因使臣代臣父冐罪㱕命朝廷委身降服願求生路刻骨不忘終身感德幸𫎇大德明察誠心乞加一旅來救微軀天威如指偏方臣父願為向導萬死不辭寸功願報節制鄭松聞言笑曰文奎㱕降是天使我成功之速本朝土地指日可復於是𭁈諸将議起兵上表奏聞命黄廷爱統領諸營奇将士先進救文奎及兵至嘉遠沛頂文奎見有救兵至乃率本部子弟兵三千人迎接拜伏于軍前廷爱南道将義國公屯兵天派江㨿守端偉渡令催大安懿安兵民築土壘江邉拒之放竹尖河岸两邉以防官兵渡江節制鄭松差裴文奎潜拽船出江口以擊其上流差左右銃奇來射沿河以攻其下流使象馬兵卒渡河奮攻于中流收江中賊船莫義國公措手不及棄船而迯士卒奔潰官兵收得戦船七十隻噐械不可勝數義國公收殘卒回京邑㨿自然洲官兵造浮橋渡江駐營懿安縣後進兵平陸駐營塞橋莫陳百年将兵投降賜爵定郡公時南道諸将來降者十餘人因下令軍中秋毫無犯民間村巷無故不得輙入違者以軍法論由是山南一處民皆按堵如故簞食壼漿以迎王師男女老少莫不仰慕其德焉十一月四日節制鄭松進兵于清威精神洲安營曉諭西南各處人民皆我朝之民久罹莫政殘虐我𭁈汝等各宜自新革其前弊汝等安居按堵不得驚怖師行紀律以弔民爲念民不勝歡喜壮者願徔軍老弱者皆𰙔謳舞躍滿路十四日兵出喝江口水陸並進莫将莫玉󱗲陳船拒之安置木楂于喝江口築土壘岸上以為險固官兵進擊破之玉󱗲棄船陸走于三島山下将卒各自棄船登岸官兵渡河收󰱐船艘噐械不可勝數乘勝長驅至昇龍城南門駐兵于沙草津所󰱐船艘大小以千計是夜茂洽迯奔海陽金城縣莫宗族各自偷生亡命其諸将㱕降者󰱥踵于軍門節制鄭松令諸營駐兵于沙草津禁戢軍士不得侵掠使民安業珥河之北順安三帶上洪諸府縣民皆願投降節制鄭松下令撫安之太原刼黨廉郡公缺名亦率本部黨五千人來降二十五日節制鄭松進兵徃海陽處追勦莫黨民皆喜悅開門迎接及至芙蓉縣駐營柳經使左水營太郡公阮七里督前水軍營定郡公陳百年左水軍營羙郡公裴文奎及棠郡公直郡公並名缺等同内水各奇戦船三百隻攻破金城縣莫氏棄城遁走前後不相接船艘尽棄官兵收󰱐金銀財物婦女不可勝數海陽之民離乱遁走官軍擒得莫太后而㱕至菩提莫太后以憂死莫立其子全為王使監國事改號武安初年自爲将督兵拒命十二月朔卯時日中有黑子二點形如烏鳥者三日時節制府分兵大破莫敬止等於清河縣新羙社斬得賊馘并收船艘五十隻及馬匹噐械不可勝數荆門等府廬舍宫室燒毀殆尽時莫餘黨浦郡公缺名以下水郡公沔郡公𨻫郡公豪郡公瑞郡公梁郡公義郡公及吏部尚書福郡公杜汪禮部尚書洪溪侯汝琮工部尚書同沆吏部左侍郎永山侯吳暐户部左侍郎吳慥東閣𭓇士吳珙寺卿阮瑾山南承政使譚文節海陽承政使范如膠等並詣軍門降服節制鄭松令進兵永頼琤江駐營數日回京節制鄭松命茶郡公范文快廉郡公武郡公等将步兵三千象二隻攻畧浦頼江三将分兵攻勦安勇武寧等縣時莫茂洽棄舟步行至鳳眼縣寺隱居凣十一日官軍至鳳眼有村人向導引官軍入寺中󰱐莫茂洽将就駐營武郡公令人以象載之及二妓女還至京師献俘生梟三日斬于菩提傳首詣清華萬頼行在釘其两眼置于市初莫宗室䧺禮公莫敬止竄居東潮至是復收殘卒㨿青林僣位于至灵南澗稱號寶定又改康佑於是莫氏宗室莫敬敷莫敬誠莫敬慎等及男女大小數百人皆應之莫之宿舊文臣武士相率㱕之草立行在出榜招募丁民呼吸之間諸縣響應兵至七萬人先是莫茂洽使其長子全權監國事僣號武安至茂洽被俘人心不服復㱕附莫敬止莫全自遁又為官兵所󰱐時莫敬止㨿青林分置内外左右割㨿諸縣以拒官兵節制鄭松命阮七里裴文奎陳百年阮峩等将兵猝至敬止率軍襲戦於江中七里不及戦死于陣中䏓峩中創倒在舟上士卒急救得免文奎百年等各自奔潰軍粮噐械皆没于賊於是海陽京北復㱕附之十七日節制鄭松命太尉黄廷爱太保鄭杜鄭桐鄭檸等督諸營步兵象馬進討莫敬止駐兵于錦江沿河列屯𭁈之相拒又分命太尉阮有僚總督水軍進至青林𭁈廷爱相為表裏救援官軍在錦江莫敬止悉眾㨿青林以長江一󰅾分南北連兵拒戦日張旌旗夜鳴火砲旬月之間两軍相持不得解甲敬止催兵增築壕壘于青林沿江以守之二十五日節制鄭松令諸營奇大移草津行營于昇龍城之南福林坊居之右本紀附莫僣起自丁亥莫登庸僣位紀元明德元年傳五世至壬辰洪寕三年莫茂洽被俘又繼以癸巳䧺禮公自稱康佑初年迄于其亡前後共六十七年讖云莫得於亥失於亥盖登庸丁亥年簒位至茂洽以癸亥命亡國果有驗云癸巳十六年是歳莫氏亡九日節制鄭松督大軍東渡珥河日夜兼行直指青林進𭛁十二日駐營錦江𭁈諸将大會議分兵水陸並進渡江急戦遣慎義營副都将右相太尉榮郡公黄廷爱壮義營副都将太尉陽郡公阮有僚統領水步諸營奇将士進至青林地方是時莫敬止兵不下六七萬人悉眾㨿青林󰘌岸依川阻水以為固屯營結寨列皷張旗然烏合之󰕛未經訓練節制鄭松傳𭛁砲號即催兵渡河以擊上流黄廷爱渡下流以擊其背阮有僚大率水軍圍繞四傍邀截去處是日四方八靣砲號俱𭛁三軍𧡟力致戦席卷長驅敬止及其宗親男女皆竄身入山林官軍追至東潮至灵等縣哨拿󰱐其安山王莫敬誠宏量公莫履祐郡公陳越裴指賛理阮仁沾等軰尽斬之其餘斬得賊馘收得賊船噐械不可勝數十三日進到至灵節制府再分兵追哨十四日擒得敬止於安廣處横浦縣新萌村一説東潮雷隂山寺及莫敬敷莫敬慎莫敬簡莫敬遵扶寕王缺名以下宏禮公䧺亮公并武安莫全臯郡公脩武侯等及所󰱐金銀寶物銅印两顆又哨得尚書枚功阮𠃔欽阮克敬頼敏阮克綏阮澈阮明璧阮澧都御史鄭光賛左侍郎王文會華有謨王拨萃阮顯績阮汝楫范珙右侍郎范知止鄧諧阮演潘範黎曰倘承政使段世拔阮風欔杜顯寺卿吳盎東閣杜直潘宗參政陳慶圭府尹阮諍都給事中黄琦阮俊彦阮恒監察御史黎世禄范田俊武森范徔命杜演黎金榜黄務本阮仁馥給事中鄭克慎王時中阮挺尹覃陳文藻翰林阮用黄挺范有䏻憲察使范自謙副使阮儒陳丕眼參議黎鴻阮湧斷事阮碩德阮繁並詣軍門解納節制府乃收兵回京二十七日諸将送俘莫氏宗派解納營門節制鄭松令推出俱斬之于草津使人傳莫敬止首詣清華萬頼行在獻于闕下二月節制鄭松命左右将校茶郡公阮廷倫廉郡公劉盞等各領精兵攻畧陸岸安搏等縣時㓂黨渠魁秀梮秀㻡兄弟等率其部黨千餘人投降後又内萌異圖廷倫劉盞等擒得併殺之餘黨驚潰迯入山林初莫應王莫󰦛讓遁走至安搏驚慄病𭛁而死土人塟之于寺側三月莫玉󱗲迯竄北方隂求莫氏宗室得莫敬典之子󰦛厚王莫敬恭於文蘭州立為莫後自號乾統初年時人人猶𢙇二心未尽㱕附聞敬恭立相率㱕附時有莫氏餘黨數十人煽惑人心聚集成黨刼掠州縣分㨿各處珥河以北干戈迭起煙火不息群䧺竄伏㓂刼憑陵大者結成三十黨小者亦不下數十餘群真定都寕缺姓以下名自稱建國公㨿建昌乙技自稱強國公㨿錦江太國公㨿嘉福華國公㨿快州嚴國公㨿四岐慶國公㨿山陽德國公㨿夏華羙壽侯㨿青波威王莫敬用㨿太原壮王莫敬章㨿天施義國公㨿新興文國公㨿三陽錦國公㨿青池忠國公㨿普安福國公㨿右𨻫大者數千餘人小者七八百人所至民皆響應二十一日各處僞黨並起兵出珥河至菩提燒断鉢場浮橋於是海陽京北等處各縣人民皆建立旗幟各應賊二十三日節制鄭松分諸将領兵渡河大擊破之斬󰱐數千餘級僞黨奔潰州縣悉平二十五日大同土官和勝侯武德恭率本部兵三千赴京首服㱕順朝廷献金銀寶物十盤代身銀人一座銀花瓶二件銀香爐一捧銀鶴一隻良馬三十匹至營門拜謁節制鄭松表奏陞為北軍都督府右都督太保和郡公號爲安北營時節制鄭松令匠構作殿宇築起行在于昇龍城之西南椰橋之北錦廷舊所一月而工畢於是令諸大臣及文武百官安排旗幟整飭兵象准僃候奉迎聖駕是時帝在萬頼行在三月起程渡西都城直進廣平道出天䦕過羙良彰德一箇月至青威縣駐軍節制鄭松率文武就青威奉迎聖駕雅樂偕行赴京四月十六日帝登正殿受百官朝賀大赦天下詔曰盖聞上天𭛁生群物必施雨露於雷霆皷動之餘人君撫御八紘必宣德澤於威武奮揚之後理達無間言式用敷我國家太祖髙皇帝應天順人乘時啓運行大誼平殘得天下甚正其立國之䂓模宏且遠矣聖宗淳皇帝創立法制開萬世文明之治其守成之憲度詳且僃矣聖聖相承謨烈啓佑咸正後人足以世守自光紹統元年間運遭中否爲逆臣莫登庸所僣窃然先王之正統上存在人心之遺澤未泯荘宗裕皇帝奮󰒂旅以󰰻乱中宗武皇帝立祖業以救民迨我皇考英宗峻皇帝天挺剛明志平僣叛其翊扶日月整頓乾坤寔頼明康太王之勳之德中興功業實始於此朕紹恢前烈總攢大權每以滅仇敵復中原爲念特命都将節制各處水步諸營兼總内外平章軍國重事左将太尉長國公鄭松總統大兵攻勦莫黨上年十二月擒得逆登庸孫僞洪寕莫茂洽即正以法今年正月擒得偽䧺禮公僣稱康佑又寘于刑其餘孽如偽唐安王偽䧺亮公偽惠成公偽安山王偽扶寕王偽勇義公等軰悉皆就戮逆賊之罪以正神人之憤得紓是雖列聖在天默相之灵亦都帥匡國再造之功而将士用命宣勤之力故䏻臻兹大業復此舊都國家土宇皈章孔厚如故朝廷法制政令方𭁈更新朕慮夫天下祖宗之天下人民祖宗之人民久為彼虐所苦正望吾所以撫安之今即政臨民乃其一初宜施惠行慶以及眾庶年月十六日寅御都城正殿大赦天下以布正始體元之化以慰徯蘇望治之情凣其臣庶咸悉聞知是時論功行賞加黄廷愛為右相太尉榮國公阮有僚為太尉陽國公鄭杜為為太傅鄭桐鄭檸俱為太保黎栢為少尉本郡公何壽禄為少尉吳景祐鄭文海俱爲少保吏部尚書阮茂宣為少傅瓊郡公其餘加陞職爵有差五月太傅端郡公阮黄自順化親率将士象馬船艘赴京拜謁及将順化廣南二鎮兵粮財帛金銀珠寳府庫簿籍進納節制鄭松表奏黄為中軍都督府左都督掌府事太保端國公先是偽建國公起兵㨿建昌府築土壘于江東岸上自延河武仙下至真定各縣義國公起兵㨿青蘭各聚數萬眾種木楂于黄江河門等處以拒官兵節制鄭松差南道将裴文奎陳安廣海陽山南二處亦稍削平惟餘偽乾統莫敬恭莫玉󱗲及次王慶王莫敬寬安勇王唐國公德國公東國公文國公忠國公福國公等偽賊而已六月節制鄭松差諸将領兵分守上洪下洪快州順安慈山等府復令許各縣流民回貫復業七月二日彗星見東方指東北行時莫玉󱗲子立郡及山東侯扶髙侯等先已效順至是山東扶髙又謀反俱去立郡被誅十月太保和郡公武德恭自請回鎮守大同以防㓂賊節制鄭松許之閏十一月四日莫阮倦死于獄中初倦子銳郡公阮信壽巖侯阮儔及扶興侯阮俛子都羙雲榜南陽安義仁智並名缺等見莫主遭擒乃屈身效順至是謀反事𮗓阮信都羙雲榜仁智等皆伏誅南陽安義壽岩等復徔偽去甲午十七年明萬曆十二年二正月莫玉󱗲挾莫敬恭㨿安博縣節制鄭松遣右相黄廷爱領兵討之二月廷爱督兵擊破之于安博縣獲偽萬寕王嚴國公并餘黨尽斬之玉󱗲奔思明府稱臣于明後廷爱回兵安勇縣俘偽福國公而還是年京北太原諒山等處干戈擾動慶王莫敬寬㨿大慈次王㨿太原安郡公㨿普安東郡公㨿陸岸安勇王㨿武崖越國公㨿山陽等處官兵所至賊即觧散還復屯結郡縣苦之時明國多使人來探訪事情殆無虚日海陽山南下畔道賊群起方民日夜不安大同和郡公武德恭自回鎮後隂𢙇二心𭁈賊羙壽潜通使徃來隂使人侵掠山西原頭各縣攻破青波下華又徙東蘭西蘭居民移入大同駐焉節制鄭松命太尉阮有僚領兵攻勦逐比擒󰱐羙壽而還三月望月食天大雨二十二日帝遣阮黄賫金冊加贈明康太王為明康仁智武貞䧺畧太王其金冊曰大臣之有宿勳實䦕眾望朝廷之追元祀必紀宗功肆頒蠲榖之攸同宜載鏤金之孔耀推忠翊運恊謀同德輔國竭節󰦛厚明義功臣特進開府金紫榮禄大夫兼總内外平章軍國重事太國公贈明康仁智大王鄭檢棠喬鉅閥桓卷華纏初應義旗亨屯正經綸時節重恢舊境匡濟定興復䂓模嘉績多于先王盛業徵之後嗣西平一門忠義社稷計安汾陽再造國家天下功盖前休驗於兹敷賁新號加宜侈尊優特命推忠翊運同德功臣特進輔國上将軍中軍都督府左都督掌府事太尉端國公上柱國阮黄賫捧金冊進封推忠翊運恊謀同德輔國竭節󰦛厚明󰒂率龍州人出掠諒山各州節制鄭松差兵會諒山三司兵攻逐之偽黨奔還龍州六月先明縣武陵社人武登起兵㨿超類縣集眾聚黨自稱羅平元年節制鄭松擒󰱐斬之偽信王缺名起兵㨿武崖使偽寕國公缺名将兵拒戦于太原偽越國公自衣黄袍起兵㨿三陽刼掠方民節制鄭松差副将拨郡公范𠃔生将本部兵鎮守三農以安興化之民七月初二日莫駙馬都尉太傅沱國公莫玉󱗲㨿兵萬寕州病死其子駙馬山東等奔入龍州附莫敬恭初玉󱗲将臨終有遺書勸於莫敬恭曰兹莫家氣運已終黎氏復興乃天數也我民是無罪之民而使自罹鋒刃之中何忍也我等宜避居他國養成威力屈節待時伺其天命有所㱕而後可㔫不可以力鬪力两虎相爭必有一傷無益於事也如見彼兵所至我當避之慎勿𭁈鬪要宜謹守為重又切勿邀請明人入我中國以致民苦塗炭是亦罪之莫甚也至是死莫壮王莫敬章𭁈偽太國公出兵㓂掠青河四岐各縣永頼人頼郡公謀反亦率本縣兵眾從之時海陽諸縣人民大荒飢饉相食餓死者三分之一八月右相黄廷爱率兵攻破諒山偽嚴國出降竟殺之九月偽威王莫敬用等使其黨春山侯𭁈文國公等将兵襲攻太原效順将廉郡公死之節制鄭松使太尉阮黄統兵攻破于武崖平之乃引兵還十月節制鄭松差太尉阮黄統領水兵太尉阮有僚督率步兵二道並進直至大同攻破和郡公武德恭營分兵前後夾攻德恭率子弟奔󰒂都二将将兵還太尉阮有僚出奇兵攻偽春山侯文國公等寨大破之獲象三隻焚其營舍而還十二月大同偽武德恭使人献納金銀寶物馬匹赴京入朝首服乞免罪立太王府于福林坊令移行在于城南門之左時太原諸縣猶為偽威王莫敬用等所占諒山猶為莫敬恭莫敬寬等所㨿所在刼掠地方人民太半不得㱕農田野荒廢乙未十八年明萬曆正二十三年月時帝有風疾不䏻視朝詔免朝及謁郊祀禮二月節制鄭松令諸營将校大造戦船五十艘三月會試天下󰁮人于草津賜阮實阮曰壮進偽威王莫敬用春山山東等世貴縱兵擊之斬馘六百級又收獲公象一隻馬十匹及軍需噐械而還是時清華原頭人偽太傅剛國公缺名起兵㨿乂安瓊瑠上畔擄掠居民清華鎮守官何壽禄鄭文海等徵兵擊破之俘󰱐徒黨尽殺之五月令諸營奇類有竭節宣力功臣始終全功定為三次奏功論賞令出再三又寝不行時人民大飢荒更兼瘟疫死者屍相枕六月十二日偽春山𭁈普安人偽晉郡公缺名以下勝郡公桂郡公等合兵五百人刼掠三陽時縣官大率兵民邀截要路斬獲偽晉勝桂等馘四十六級旱二十二日申時两日並出二十四日太原總兵嚴郡公鄭惟精斬󰱐偽󰒂國公杜衍并其黨於太原時偽頼郡公稱莅國公父子相率賊黨由安廣透入海陽刼掠沿河各至東潮襲攻鎮守營陵郡公缺名遂遇害七月偽春山自稱保國公率賊黨攻掠普安縣節制鄭松差兵擊破之󰱐馬四匹銅印一顆賊遂奔潰又命頼世貴将兵攻破太原髙平等處俘獲偽将祈山王福王並名缺等併殺之十三日甲申天無雲而雷忽震宫柱其夜月又入心度内後暈歳星二十三日甲午大會文武百官誓于昇龍城之南門左街二十五日偽春山㱕降赴京請罪付㱕本属将後執殺之火犯昴分經歳不入垣命毅郡公阮惟一守金洞八月令大點軍兵于草津得兵數十二萬餘大旱自八月經歳無雨至明年二月始得雨禾榖枯死一榖不成人民大飢九月令置平獄勘理官使决天下疑訟以文官二員吳慥阮宏詞武官黎稹等為之頒以公差印後再置三員為之皆不䏻守法其職遂廢十月令脩理西京殿時莫舊臣東岸人翰林𭓇士阮時󰕑自稱為太保禮郡公僣號其子為順治王起兵㨿陸岸邀截諒山要路殺本處總兵蘭郡公缺名及奪取象一隻并財物十一月節制鄭松差薊郡公潘彦領諸水奇戦船三百艘象一隻鎮守海陽青林鄭文彰守永頼阮廷倫守錦江海郡公缺名守唐安王珍守超類十二月盗刼處處群起燒家殺人刼掠財畜丙申十九年明萬曆正二十四年月二日偽壮王莫敬章移屯安廣㨿萬寕香蘭使其将永頼人莅國公嘉福人太國公並名缺莫宗子莫瑋莫理等領戦船大小八十隻侵掠四岐永頼江三日至青林青河江𭁈潘彦兵戦自寅至午大擊于江中時潘彦馬未及鞍兵未及甲賊船已到營門軍皆失措潘彦出拒纔四十五人而已膠水将禮郡公見賊勢大自度軍少力不䏻支自率本船軍人先退潘彦以爲恇怯斬之以徇󰕛又得西真一水隊輕船突進賊将疑救兵至乃大潰棄船下水迯生潘彦乃手招本兵大小船一齊突戦奮擊中流斬賊将莅國公太國公安郡公缺名以下瑞郡公及裨将二十餘人斬󰱐賊馘二千二百九十八顆收󰱐船艘噐械不可勝數俘󰱐賊将豪郡公缺名等數人賊黨各散㱕田里即日觧送賊将豪郡公至軍門潘彦親觧其縛慰之曰汝欲生乎若欲生則吾用汝為向導擒得壮王則我饒汝死罪豪郡公乃乞向導引兵兼行海道出安廣擒壮王以圖報效潘彦聽󰰾令󰱇輕船鋭卒數百人戦船五艘自全身鎧甲内藏偽豪郡公于舟中四日彦𭁈諸将謀曰兵貴神速我以取勝之兵乘破竹之勢苟一戦两勝是天使我等成大功可較古之名将耳僕願諸将士聽令同心戮力以立功名勦除偽賊則我等之功莫大焉諸将皆曰願聽令是日彦󰱇壮士假作敬章兵號衣旗色自為前隊諸水軍隨後陸續󰱥進是夜彦自乘輕船先突入重䦕其守䦕人問之答曰我乃豪郡公兵船因戦勝俘󰱐賊将薊郡公等先觧送献納我王由是得入重䦕直進三日夜到萬寕州香蘭社及将近敬章船敬章疑為豪郡公得勝而回乃迎之彦曰我是薊郡公汝等宜速受縛免被刀鎗敬章聞言措手不及乃棄船上岸走至沙中為官軍所󰱐及其妻妾二十人并斬其徒黨四十人是時諸兵率多爭收賊寳貨致賊餘黨走散竄入山林彦軍既󰱐全捷一󰁮連勝两陣軍士歡喜凱還京師觧納莫敬章于闕下是日節制鄭松𬢱賞戦功賜潘彦金牌一两黄金十斤又賞諸将士有䏻用命者銀子三百斤設大宴饗勞之是時莫臣多詭計告于明人曰黎兵者乃鄭氏爭彊起兵攻殺上國貢臣及莫氏子孫實非黎氏子孫重興之兵由是明人多遣使過鎮南交䦕将牒文來我國每期大會勘黎氏子孫果有是否期至交䦕為約二十九日命户部尚書兼東閣𭓇士通郡公杜汪御史󰱑都御史阮文階等候命先至鎮南交䦕𭁈明國左江兵廵道陳惇臨通柬牒辭多謙遜後又使右将黄廷爱印事迹等物件不肯赴勘卒過期三月帝乃還京夏四月令天下各處府縣總社係被經兵人民漂散許回復業饒役三年然所𬋩多侵擾務行苛虐民或至流散未安其業令閲󰱇原定新舊另兵如有功已受職爵年老弱者饒汰之身才彊健者充補之以成兵額望月食是時大旱夏務禾榖皆不得收陂澤枯涸草木多黄落花果不實盗刼群聚於民間大者七八百人小者亦不下數百人日夜燒毀人家刼掠才畜水陸不通道途閉塞民多飢餓死者過半五月太保和郡公武德恭自移大同營就義都居之是月命效順翰林范鴻儒𭁈清華處承政使禮恭男胡秉國勘度本處桑洲土以定税額秋七月時天無風雨瀘江水自漲溢者經旬彗星出指西北行令修造昇龍城内太廟各殿十七日壬午奉迎太祖髙皇帝及列聖皇帝等神位入昇龍城太廟殿歳時享祀八月九日甲辰壬申時京師及山南山西江河并池湖井水無故忽自動一時始觧是月旱密禱得雨閏月朔日有食之時令工象鑄造金銀人二軀各髙一尺二寸並重十斤又鑄銀花瓶二雙小銀香瓶五件又僃用土絹及諸貢献之物以防北使冬十一月二十五日大安縣時務社人范沆自稱為天南招討都元帥二十七日入㨿安謨耽溪山攻破附近社民所至人皆向服月餘眾得萬餘人自此長安莅仁等府盗賊群起多阻行人徃來而隤上各社民兵多從賊黨禮江侯父子亦傾心順服節制鄭松差羙郡公裴文奎将兵𭁈安謨土官良郡公阮体討之俘󰱐范沆送還京斬之十二月四日清華處鎮守将少保演郡公鄭文海卒贈太保是月差户部尚書兼東閣𭓇士通郡公杜汪等候命𭁈廣郡公鄭永禄賫金銀人二軀及諸貢物就諒山城以候明人會勘時明龍州土官多受莫黨賄賂因𭁈結連退托事未果就更值正旦節杜汪鄭永禄等復還京丁酉二十年明萬曆二二十五年月初十日命奉天府尹具設牲醴祭明康太王廟十九日差候命官杜汪阮文皆等復至諒山鎮南交䦕探明人消息遣北道将淳郡公陳德惠𭁈會郡公宏郡公並名缺等領兵護送及至諒山廷爱太尉阮黄阮有僚太傅鄭杜及左右都督七八員兵象五萬󰅾明委官王建立同行至諒山鎮南交關四月初十日帝整飭兵象過鎮南交關與明左江廵道按察副使陳󰦛臨及廣西思明太平等府龍州憑祥等州官大行會勘交接禮各相喜賀自此南北兩國復通命工部左侍郎馮克寬為正使太常寺卿阮仁贍為副使如明歳貢并求封克寬至燕京適遇明帝萬壽聖節克寬上拜賀詩三十首明英武殿大學士少保兼太子太保吏部尚書張位以萬壽詩集上進明帝御筆批曰賢才何地無之朕覧詩集具見馮克寬忠梱殊可深嘉篤羙即命下刊板放行天下於是朝鮮國使刑曹參判李賥光爲之作序是時明義土官勇郡公阮克寬父子𭁈僞黨連結聚集奸惡人欲乱京邑夜常起火燒毀庯坊事𮗓官軍捕得克寬父子三人及徒黨二十四人于昇龍城南門外並拽得木印旗鉦噐械及勑命來納節制鄭松令尽燒之斬克寬父子及徒黨梟其首級二十日帝回京御駕至安常節制鄭松親迎拜于安常扶御駕還宫帝乃視朝節制鄭松親率諸大臣及文武百官行拜賀禮令閲另兵󰱇壮健者補兵額老弱者簡汰然閲已經數年未曾見汰者致老弱多没于軍中五月旱榖豆枯死二十日帝密禱于禁中又立壇于大羅城夢橋合祭山川諸灵神始得雨時有慈廉艾橋社人阮明智前𭁈偽克寬相友父子起兵㨿明義地方偽稱大德三年太尉阮有僚俘󰱐明智父子俱斬之是時萬郡公阮有力守清沔有力為政日務寬平民皆爱慕賊不敢侵境内無事民安其業六月四日山南效順将定郡公陳百年卒是月無風雨瀘江水忽自漲溢衝激是歳前大旱後大水田禾多損失歳屢不登民多流亡秋七月七日太尉陽郡公阮有僚卒年六十贈陽國公阮有僚從姪嵩郡公阮公又病卒熒惑𭁈歳星合宿在畢度容一指相接令天下凣諸噐用隨以職品髙下不得僣越令閲四政軍民丁壮等項以定原籍時宋山人勝郡公枚求守神溪縣有善政民多爱慕保之擢為順化總兵八月東岸土将淳郡公陳德惠及子陳德澤稱岑郡公謀反𭁈安世土将世郡公楊文幹父子俱率弟子夜遁從偽黨去節制鄭松分兵差其子掌錦衣衛䧺良侯鄭桃領兵攻之斬其徒黨德澤文幹等𭁈子弟遠奔時四政人民多煩於刈公象草又被所𬋩攪擾民不勝其苦多從偽黨刼掠民間十月海陽土将水棠縣人水郡公缺名宜陽縣人禮郡公缺名俱率兵反擄掠海陽諸縣襲殺廵守将華橋侯缺名及本縣縣官又有新明縣偽瓊郡公瑞郡公並名缺兄弟聚集徒黨所至脅掠人民𭁈水郡公禮郡公等相結眾至數千海陽諸縣人民畏其殘虐悉皆順從十一月二十日節制鄭松差都督同知豪郡公阮沔羙郡公裴文奎薊郡公潘彦等領水兵五十艘往海陽攻破偽黨即日進𭛁阮沔獨自驕兵輕敵自謂殘賊不足慮不𭁈諸将計𬢱乃親率本部内兵船四隻輕進突入戦陣中至賊伏兵處遇賊人船豪郡公令𭛁大銃射之禮郡公被磾死於船中舟中賊代著禮郡公衣催兵乱戦復剌殺豪郡公死於戦陣中两軍混戦相殺官軍死者亦八十餘人兵卒皆走遇裴文奎兵繼至賊󰕛棄船登岸走散文奎收󰱐阮沔首級而還後文奎再将兵拽尋󰱐禮郡公首回京觧納令梟三日節制鄭松議賞文奎金十斤陞少保是月令天下各處建鄕試塲取士十二月偽陳德澤等㨿兵大慈使人盗捕公䧺象一隻節制鄭松令廣郡公鄭永禄奉郡公鄭有用安岩侯阮鎮安全侯阮光登瓊陽侯阮金龜等領兵追及獲斬之收捕妻子而回戊戌二十一年明萬曆正二十六年月十六日頒大赦布誥天下一切盗刼迯囚及經年賦税並皆赦免二月詔陞公子鄭𭫨為平郡公使督率兵馬以防盗賊三月旱西北多風起禾榖草木枯死節制鄭松使右将黄廷爱将兵攻畧陸岸󰱐䧺禮之子莫敬倫并馬三十五匹及噐械而還節制鄭松又使太尉阮黄領水軍畧定海陽攻破水郡父子及徒黨水郡走入水棠㨿山峙官軍乃還水郡使其黨瑞郡瓊郡侵掠青林青河等縣閲取地方丁壮編入隊伍為兵民多走散四月會試天下士人賜阮庶阮惟時黎弼四等進士出身阮克寬阮儉等同進士出身自正月至是月始得雨節制鄭松差右将黄廷爱統諸步兵太保鄭檸等徃畧定東潮因進兵以擊水棠之北又使太尉阮黄統領水軍少保裴文奎等徃畧定海陽處因進兵以擊水棠之南又分使振郡公海郡公薊郡公壮郡公等将内水各奇徃經畧青林青河出金城以截水棠之上路是日三道一齊進𭛁阮黄差本營将士先突入破水棠山峙士卒争先乃俘󰱐偽水郡公賊黨破潰諸道兵進到收󰱐賊黨船艘偽瓊瑞等率子弟迯出欲回先明到半途遇裴文奎兵大擊两兵混戦於江中自辰至申賊兵力乏潰走文奎催兵乘勝逐比破之俘獲僞瑞于舟中斬馘百餘級僞瓊乃率餘黨奔于安廣二十四日官兵還京俘送偽水瑞献納賞功畢斬水郡公瑞郡公等于廛橋梟其首級五月山陽僞越國公死其眾無統山西守将清郡公鄧璥膠郡公阮有佳等進兵攻逐斬馘數千級󰱐馬十匹而還是月令裴文奎督率新明安陽二縣兵丁使将兵徃鎮守以安方民壮郡公阮峩守青林華陽侯王珠守嘉遠是歳旱七月己亥天小雨數日八月旱莫䧺禮之子敬用聚黨于安博僞稱威王後數敗乏食乃謀誘殺土官富良侯缺名而取其土地自入富良侯家村富良侯使兵守閉䦕隘得𦂳乃出家迎接拜跪於前曰臣居僻境兵少良足大王至此少可安身養兵畜銳乘時待釁招募州縣收拾兵眾乃可復興前業兹臣有一山峙遠且深險大王只可将親近數人入㨿深山臣遣家人贍給奉侍其餘左右将校皆暫居臣村宅以給養之再圖後󰁮威王聽󰰾乃率手足四五人共入㨿山峙去了富良侯即将威王子弟四十人盡殺之不許泄𭁈威王知之富良侯密差人馳告京師乞兵救援觧送威王於是節制鄭松差都督林郡公廣郡公華陽侯等領兵到富良侯村宅果擒󰱐威王俘送京師後論陞賞富良侯總兵職九月旱是時連月亢旱禾苗枯死帝乃密禱禁中又合祭各神于夢橋始得雨六日安世縣楊文幹遣其妻牽馬二匹牛二隻赴京首服許之令遣其夫出首宥罪彰德芝泥監生阮時󰠐偽號兵部尚書林泉侯時擒󰱐送京監之後迯脱免令廣德縣作紙局造作大方新樣紙納官無得私賣是時人數假令示故有是禁以防奸人又令各處承司府縣如見上司差有帖示者查實新樣𥿄依例承行如不是者引納論罪令諸府縣社該官閲󰱇該内民丁十八歳以上身才強健者編補為另以益兵數然閲法多冗民不勝其苦十月令清華乂安順化廣南等處構作󰱇塲候十七日世郡公楊文幹父子赴京乞降饒其罪二十三日鄧璥阮有佳等兵至當道攻破上蘭賊偽扶髙棄寨走大蠻州璥縱兵追之斬僞将扶衛朝巴等󰱐馬匹銅印鉦旗噐械甚多乃還是月髙平土官總兵同知勇郡公何益率兵攻破定化州賊斬󰱐偽忠國公缺名及徒黨三十五馘得馬三十匹赴京觧納二十八日令絞莫敬用于東門市十一月初四日當道土官衛󰒂侯宋時照将兵攻破僞莫斬得僞扶勝侯缺名𭁈徒黨馘十五顆󰱐馬一匹其噐械不勝數初六日右将黄廷爱至諒山城差都督林郡公陳福領兵千餘攻破脱朗州賊時莫敬恭兵從龍州來七泉使偽萬國公缺名拒戦陳福縱兵大擊斬萬國之子󰱐其妻孥徒黨焚其營寨賊兵潰散福等乘勝長驅直至敬恭營敬恭使福王領家小粮食先退入㨿龍州至徒中遇陳福長子壯義侯陳鉄伏兵起攻之福王與兵卒相爭奪路走入龍州王顧謂陳鉄曰有乾統王尚在後汝若欲追吾等乾統至此恐汝軰皆為泉下之鬼也陳鉄聞之不敢追使弟子收拾財貨而還敬恭見陳福兵進攻乃使其將蟠郡公勝郡公缺名等將兵斷後與陳福兵相拒敬恭自領兵拔寨望後潜退陳福見僞将拒敵縱兵擊之斬得蟠勝軰于陣餘黨奔潰敬恭乃率將卒數千人奔入龍州又遇陳鉄伏兵截其要路敬恭自督大兵衛之時陳鉄兵少不敵乃復棄其所󰱐財貨拔隊直入髙平敬恭兵急渡河去後陳福兵進至擒󰱐敬恭第二男十二歳時敬恭兵已遠去陳福令收兵回諒山與右将太尉榮國公議還京觧送敬恭男子以献以户部尚書通郡公杜汪為少保是月太傅鄭杜進兵攻太原通化感化地方差總兵頼世貴攻勦髙平兵至三弄山世貴不能料敵賊黨率各将蠻人四面夾擊世貴大敗走三日夜至上思山為賊所󰱐公象一隻而世貴兄弟多𢃄鎗僅脱身走鄭杜見戦不利遂議還兵朝廷論削世貴兵權滛雨十二月三日令絞莫敬恭第二男于東門之右初六日節制鄭松差候命官杜汪等先僃󰀩註禮物至鎮南交䦕迎接北使先是使臣馮克寬等賫貢物及代身金人沉香象牙至燕京上表乞脩職貢明帝見表大悅復詔封帝為安南都統使司都統使𬋩轄南國土地人民及賜安南都統使司銀印一顆使馮克寬等賫勑書回國克寬乃上表曰臣主黎氏是安南國王之胄憤逆臣莫氏僣奪不忍負千年之讐乃卧薪嘗膽思復祖宗之業以紹祖宗之迹彼莫氏本安南國黎氏之臣弑其君而奪其國實為上國之罪人而又暗求都統之職兹臣主無莫氏之罪而反受莫氏之職此何義也明帝笑曰汝主雖非莫氏之比然以初復國恐人心未定方且受之後以王爵加之未為晚也汝其乃是銅印因𭁈文武大臣議復回書𭁈明國讓責明委官王建立回北國𮞏奏明帝明土官受莫敬恭賄賂又𮞏奏明帝許敬恭安𢮿太原髙平地方己亥二十二年明萬曆正二十七年月二十八日少傅瓊郡公阮茂宣卒年八十二茂宣雷陽盛羙人二十八日羙郡公裴文奎觧納僞瑞郡令殺之二月時彰德芝泥監生阮時忱僞稱尚書禮國公青林蔓汭人偽稱少保安國公福禄人偽稱忠郡公聚兵安朗地方平郡公鄭𭫨差人捕捉觧送京師悉令斬之吏部右侍郎阮宏詞卒大理寺卿陳福祐卒二十七日以工部左侍郎馮克寬爲吏部左侍郎封梅嶺侯三月明左江官陳惇臨使王建立復賫良馬玉𢃄衝天冠賜節制鄭松請為鄰好并柬文二帖内寫八字曰光興前烈定國元勳節制鄭松益厚遇之使人護送還國四月初七日行在内殿流星大起敬天殿折一角進封都将節制各處水步諸營兼總内外平章軍國重事左相太尉長國公鄭松爲都元帥總國政尚父平安王使司天監黎文惠等擇日行󰀋封禮蠲辰誕恊鏤冊載華推忠翊運竭節宣力功臣都将節制各處水步諸營兼總内外平章軍國重事左相太尉長國公鄭松國望泰喬家庭文武建謀定策安社稷光植中天講信修睦比鄰封敉音米撫也安邉境功特髙於宇宙位宜冠於臣僚特遣太宰榮國公黄廷爱賫捧金冊進封都元帥總國政尚父平安王爰賜玉鑽以作介圭仍錫土田以廣封邑尚其秉共慎位皇皇恪守於王章脩德匹休世世永膺於帝眷王其欽㢤二十一日大開會宴六月𬢱定律令是歳三月大旱至六月時天無雨禾苗枯死十三日帝親𭁈平安王就射堆處立𡊨致禱後始得雨十六日酉時月食七月清華鎮守将少尉麟郡公何壽禄卒令欽差本處閲󰱇官黎文歡黎文植等代其職其󰱇簿差詣京進納時大同武德恭反僣稱隆平王使手下将銳郡公等率大蠻州兵攻畧太原白通州各峙山脅取銀塲税於是平安王命海郡公廣郡公奉郡公等将步兵進擊仍遣鎮守将衛義侯宋時照向導擊破之八月六日令旨諸營長官及各奇隊該官諸本營奇隊長次隊長其員有竭節宣力公臣并堅義從軍日久有功應僃類姓名詳註住址職爵逐一明白期本月中旬投納候閲定具本𬢱送該衛門銓除各職以示答勳二十四日丑時帝崩是時平安王𭁈朝臣𬢱太子性不聰敏乃奉次子維新立之以本月二十七日即位于行在改元詔曰朕惟天地生物為德必宣氣行化以神並育之機帝王守位以仁必敷訓錫福以示大公之道理達無間言式用敷我國家天𭁈人㱕神傳聖󰱥謨烈咸正罔鈌紀綱至詳且僃所以遣後人者盖深遠矣皇考紹恢丕緒在御二十有八年適倦于勤以國事付托于朕朕方在疚哀慕不勝然以社稷至重姑抑私情勉從公論謹於本年月二十七日嗣大曆逾年改元自念以幼冲之資承艱大之業負荷惧弗克堪守成不可無助寔頼主帥尚父平安王明朂匡救之德暨諸舊勳大臣左右鄰弼賛佐彌縫之力庶幾嗣有令緒答楊先訓上副天心下蘇人望以衍宗社億萬年無疆之休今即政臨民正四方望宣澤承休之日宜建極敷言施惠行慶以𭁈天下正始其以明年為慎德元年兹方即政一初宜廣推恩四海所有寬大名條頒布天下如賜功臣爵土加封祀典各神饒拖欠賦寬恤始回流民并原受偽職查實仍還前有及内外官賜恩陞級𭁈勇士生徒社長官員子孫等並賜資有差正始大春秋一統兹徵貞觀之期享國兼殷夏歷年用集綿洪之慶布告遐邇咸使聞知二十五日禮部出榜曰大行皇帝賓天其天下臣民照依服制等次遵行其尚父乃勳王也而爲社稷重臣不𭁈百官同列應服一百日諸親王及文武階自郡公以上預朝班者若從營者不拘𭁈朝堂各員五品以上外任方靣各員應服三年武階有侯伯爵至五品以上若從營者不拘内監司自六品是日丑時流星大作長如帛疋及入地聲如巨雷九月二十日令将士護送大行皇帝梓宫㱕山陵敬宗惠皇帝諱維新世宗次子也在壽三十二崩塟華臠陵位二十年帝容貌雄偉繼体守成而天謀致有不祥之事良可悲夫十一月以後弘定明萬曆二十八年元年夏五月大水是時太尉端國公阮黄陰使薊郡公潘彦壮郡公吳廷峩美郡公裴文奎等謀反平安王𭁈諸臣方議征討黄欲售私計托爲請兵追擊遂大燒營寨潜回順化此時國内擾攘人心摇動皇上回銮以圖固本時潘彦吳廷峩裴文奎等引兵附莫招安城市既而彦疑文奎有異謀乃使人射殺文奎於江中彦自稱爲節制郢國公廷峩稱爲太保花郡公彦弟缺名文奎妻阮氏年欲爲夫報讐泣謂本軍曰有能竭力報恩殺得彦者重賞彦聞之大怒六月朔彦𭛁軍至黄江交戦文奎妻兵射殺彦于江中平安王遣僉都御史嘉祿子黎義澤賫書于廣南太尉端國曰大臣與國義同休戚舅以國言之則累世勳舊之臣也以家言之則親親之義也傾以僞莫僣干國運遭否先祖太宰興國昭勳靖公興國公阮金乃平安王之外祖故亦稱先祖也先祖即世先考明康太王當國重寄以舅肺腑之親委以順廣二處舅自受命撫安方民寔有其功先考上賓甥掌兵政仍舅舊職累書催督財賦漕運以濟國用舅每以海道難阻爲辭及其城既復天下既定舅始從容就道朝廷優加營河中一府及山南上伴七縣授以右相意欲舅與左相榮國公黄廷愛左扶右持以濟中天之業安南國之民比者逆臣潘彦裴文奎吳廷峩等萌心背叛稱兵犯順甥方與舅料理兵事追勦逆黨不期舅不待命私自𢫔回摇動方民不知本舅意耶兹裴文奎潘彦互相攻擊俱被殺戮乃知天道昭明禍不旋踵舅亦知之矣事既如此舅果能超然覺悟追悔前咎思先祖之勳業當使人奉書詣行在𢪒禀督集財賦以供國用則以功凖過朝廷自有典憲而舅之前日勳業得以復全累世勳各事業永永不替若其不爾則以順攻逆朝廷用兵有各矣舅之各節當如何耶舅在兵務常以經史留心其審思之毋貽後悔義澤行至境内揣知黄素多謀自貯詔書于筒置于野外叢處使舍人移來黄聞之謀奪詔書圖辱使者夜令勇士就于住處刼奪囊槖罄尽回㸔不見詔書又使就于住舘悉焚之黄以爲書文尽焚扵烈焰之中明日親率将佐整飭象馬儀衛來迎望見義澤两手捧書而至乃自駭愕顧謂将佐曰天生主将朝廷有人自是無復有睥睨之志率本道兵船艘三百隻自稱海陽大将莫宗親僞祁惠王招山南兵自稱南土節制時莫茂洽母僞稱國母代居尊位莫氏宗室及餘黨前避山林者至是𭁈茂洽長子缺名茂洽母使人迎敬恭自推恩賞上自官員下至庶民不拘新舊勳勞各封爲都指揮使同知僉事左右校點等聀秋七月敬恭在関門𭛁行至武寕市橋吳廷峩等各率本属縣兵往迎之敬恭皆仍其爵扵是天下官員将士共迎敬恭至京師時帝在清華留鎮郡公鄭林扶駕遣尚父平安王出兵拜頂處駐營僞雲郡缺名來降令饒其罪八月進兵出長安捉得茂洽母在中都城船出喝門直進至京莫兵大敗溺死者不可勝計由是尽復京城数日潘彦弟瓊郡出首亦饒其罪時僞西道将涯郡缺名髙郡缺名㨿兵于日昭地方夜時大兵潜至日昭營涯郡驚走收獲船四十隻象七隻來献營門王大喜九月捕得吳廷峩于天德江献營門令斬之僞威武侯南陽侯缺名将船二百隻至青池縣翁莫處𭁈官軍交戦大敗威武侯走㨿海門禁遏鹹盐買賣冬十月平安王差海郡公阮廷倫領兵南征船至黄江口𭁈南陽交戦敗走棄船四十餘隻收兵回京,Chinese
dvsktt,以太僕寺卿潘興造禮科給事中勇川男陳文󰱇爲督視九月命太保壽郡公鄭欐爲統領刑科給事中梁谊爲督視少傅武郡公鄭棟爲督率户科給事中馮曰脩爲督視各率所属往乂安接應冬十月會試天下士人取中格阮廷柱等六名十一月屯鎮諸軍並進過南河寧國公鄭㯀屯兵于廣勸太保富郡公鄭根駐兵于拨擢廣勸拨擢二社属天禄縣名各令諸軍浚壕築壘分守要處密差人偵探賊情洞知虚實時節制鄭㯀恃功負氣隂懷異心日夜撫養将士靡金散玉無有限度乃自带兵回安塲統領官副都将太保富郡公鄭根揣知其意亦領諸軍回扶隆社名属興元縣繕脩營壘以觀動靜十二月殿試賜阮廷柱等同進士出身丁酉五年明永曆十一年夏四月十六日大元帥統國政上主師父功髙聰斷仁聖清王薨追尊封爲誼王謚隆緒時鄭㯀逆謀既露其手下鄭檻張得名恐禍及己先遁降賊由是士卒解散一時属将皆趨附于佐國營㯀無計可施遂使人將本部象馬噐械獻于軍門且有乞憐之情統領官太保富郡公鄭根因借以古今順逆事理曉之且曰事已如此自當請闕待命㯀聽之心懼自度不䏻免乃勉強赴京於是付下廷臣鞠問盡得其状王以㯀至親不忍加誅遂奏請安置獄中先是鄭㯀隂圖不軌於内又有阮孽憑陵於外人情國步難屯于時統領官副都将太保富郡公鄭根妙謀䧺斷鎮服群心故䏻杜惡逆於将萌殄寇攘於孔熾使人心不摇國家寧靖泰盤之勢從此益固矣五月以黎時憲爲右都督󰰾吳士榮職爵以時憲䏻棄鄭㯀先附佐國營而士榮爲督視不先啓诉也以黄義膠爲都督同知是月賜統領官副都将太保富郡公鄭根兼撫治乂安處添差潘兼全爲督視六月統領官副都将太保富郡公鄭根差黎時憲黄義膠鄧世功等各領諸軍分道渡河時憲出正道左則義膠右則世功並進擊賊徒于南華地方南華社名属清漳縣時憲義膠纔一交鋒破得賊壘諸軍爭功深入行伍造次各自奔潰賊乘勢追至河邊統領官副都将太保富郡公鄭根差内候兵縱射賊因退却鄧世功在右支横射拒戦枚文孝黎仕厚等亦差水兵上岸救應賊遂敗走秋七月論南華陣戦功許陞職爵有差以鄧世功爲有都督枚文孝爲都督同知阮授髙才黎仕厚並爲都督僉事吳文仕阮進堅阮德揚爲參督賜黎公朝爵拨郡公譚景提爵進郡公阮如珪爵覇郡公復仍鄭丙舊爵浦郡公黎派爲提督裴仕禎爲署衛事九月大風雨拨木折屋清華及山南下畔諸縣人民陷没禾榖盡偃吏部尚書知經筵事兼國子監祭酒少傅楊郡公阮宜卒贈太傅賜謚恭懿宜與父實同時進用居官醇謹仕歷貴顯獨尚清約󰰽賢業時人莫不敬仰焉冬十月加統領官副都将太保富郡公鄭根爲太傅鄭棟爲少尉十一月加恩文武百官各陞職二次爵一次戊戌六年二月以後改永壽元年永春正月以阮性爲佐國營參視鄭登第爲副參視與陳文󰱇潘兼全竝協同參贊軍務二月改元以是年爲永壽元年夏五月時天下錢幣日用官民出納買賣循習相效揀擇太過至是始禁自今不得揀擇其買物者亦不得雜用鉛錫破鈌錢自是財貨通融公私俱便時用兵日久用度煩費令天下入粟各以多少除官有差六月瓊瑠仲洽册郎公僅隂懷異志潛引賊徒間行山脚至東城陽洽方民騷動統領官富郡公鄭根差黎文暿劉世賡等攻破之公僅後復屯聚再差范晟譚景楷等率兵擒獲檻送京師秋七月賊渡河侵興元羙裕阮有佐以寨兵少不敵敗走黎時憲率所属将校合戦賊聚退還溺死甚多乃󰰾阮有佐職爵八月論陽洽功賜黎文暿爵海郡公以劉世賡黎克悰並爲參督范晟爲提督譚景楷爲參督是月賊渡河過南塘白塘陶光饒率兵禦之時黄義袗往討賊于東城而回遇賊不䏻救應論罪絞死冬十月命官考覈天下士望取優等阮晟鄧惟精武惟斷三名中項黄直等十九名並賜銀衣除任内外各職有差十一月命陪從阮䏻紹爲佐國營參視十二月統領官太傅富郡公鄭根差督率陶光饒領黎時憲鄭世功等同副參視鄭登第分道進討賊徒于香山循禮地方諸道皷行而前與賊交戦賊徒敗走大致克捷鄧世功遲緩在後獨無所得己亥永壽二年明永曆十三年春閏正月論循禮功以陶光饒爲副将少尉開營號左匡軍頒營印鄭登第爲鴻矑寺卿禮派子黎時憲爲少保丁文左譚景堅陶世僊黎文登並爲都督同知其餘陞職有差貶鄧世功爲都督僉事以其逡廵不䏻救應接賊故也二月會試天下士人取中格黎軾等二十名夏四月殿試賜阮國楨阮文璧阮文實等三名進士及第枚仲和等二名進士出身范維質等十五名同進士出身六月阮德揚有罪伏誅德揚屯守江岸與賊通同販賣事覺處斬九月二日尊封元帥掌國政西定王爲大元帥掌國政尚師西王其冊文曰謹󰔄后以圖幾思底泰和之治體周官而錫命盍󰏲尊貴之文榖旦載蠲芝綸誕播恭惟翊運賛治功臣元帥掌國政西定王鄭柞英䧺冠古忠厚傳家肆朕躬恢復輿圖内修政事外攘夷狄頼主帥匡扶宗社功盖宇宙德配乾坤名𠃔溢國中位宜居王上時遣特進金紫榮禄大夫工部尚書頴川侯阮厚眷持節賫捧金冊金璽進尊封翊運賛治功臣大元帥掌國政尚師西王尚其祇膺重眷恪慎令名惟賛皇圖永永萬年益衍王業綿綿億載冬十月上親試東閣取中格阮登鎬胡士揚阮詹范維質裴廷員等五名除東閣大學士學士校書等職庚子三年明永曆十四年夏四月禁大臣文武及諸營奇将士不得托以他故捉人畿内五月詔脩閲户籍參從楊致澤范公著等二言鄕試券塲什物供頓當從簡約以省民費又上言以爲理國之術曰文與武致治之道信賞必罸其武将當折衝禦侮以衛國家如䏻嚴明約束用命效力以成事功則隨功次等第論賞儻或逗遛恇怯行師失律則論以軍憲這此勸懲常典最已甚嚴其文臣當致君澤民以飾治平如䏻慎守廉勤履正奉公以稱職司則隨政績優次奬賞儻或奉行事務及勘問詞訟間有不改前非而枉法受賂稽留逾期勘斷失當相結朋黨偏爲恩義聽受請託多行冗弊以致󰔦政害民輕者以貶罷論重者則依軍憲論以革弊風嚴國典是月禁益兵取細弱及省减户分表牌各役秋八月化州阮福頻使其黨順義昭武等渡河侵羙裕鄭搛敗走鄭梁整兵禦戦其弟鄭榶陣亡賊因逼至華園社名統率鄭棟使黄義膠等接戦破之賊溺死者甚眾退㨿南河是月命閔文蓮鄭柳鄭世卿等各率本部兵往乂安處属統領官聽隨差󰰻討賊是時賊勢猖狂阻河對壘統領官富郡公鄭根特出勝筭先爲形兵之勢使賊不知所僃九月十一日仍差属将黎時憲黄義膠與參視陳文󰱇潘兼全等各領将校分爲二道黄義膠等由隂功社名興元縣属廵渡河而進黎時憲等渡會統海口而進並期夜半進討黎明統領官富郡公鄭根親提大兵登勇决山整排陣勢堂堂耀威震武相機分差接戦時義膠兼全等先渡河分遣所属阮德忠譚景楷等往攻賊将昭武相持于悔扛處自率将校進破賊壘直扺安樂山寨馳至花園属宜春縣賊徒望風奔潰所獲象馬噐械不可勝計賊收其散卒退守宜春縣是月追贈閔文蓮爲少保陳公栢爲右都督鄧郡公丁德潤爲提督翊郡公阮德潤爲提督恩郡公阮璜爲參督堅榮侯並追封爲福神立祠祭之表其陣亡也貶枚文孝爲都督同知鄭柳爲提督范晟爲參督楊瓊爲署衛事󰰾鄭世卿黎文暿劉世賡職爵斬武百福並治其退走之罪而百福㔫甚也先是賊黨方熾官軍久與賊於是統領官富郡公鄭根會諸将議曰我以國本受委專征家幹國權一爲己任乃于兹六載未底盪平我心耻之爾等有何計策其悉敷陳諸将皆曰明公所命敢不遵承然動出萬全無逾明公勝筭󰟸之各趨出公栢獨後再請入見統領官富郡公鄭根召詣密室栢因進言曰今欲破賊自非赴蹈湯火出入危險何以成取勝之功統領官富郡公鄭根曰汝意欲何如栢曰吝山在宜春縣乃必爭之地先得吝山則賊易破矣今汝所言正掌中火字也栢因請爲先鋒統領官富郡公鄭根嘉其志而許之及大兵渡河栢獨先至吝山賊見兵寡悉眾圍之栢冐刃决戦尋遇害栢懿安添禄陳奉賜姓鄭姓冬十月命鄭榩與陳良儒黎尊鄭樸鄭威范福添鄭楦髙𣆴等往乂安属佐國營統領官聽隨差󰰻討賊差黎仕澈爲佐國營參視鄭世濟爲副參視胡士揚爲中匡軍營督視申璿爲左内軍營督視中匡鄭棟營號左内鄭榩營號命天下築天里路以便往來十一月十七日統領官富郡公鄭根差属将黎時憲黄義膠參視黎仕澈阮䏻紹等分道討賊時憲仕澈由海岸經剛澗地方社名属宜春縣而進義膠䏻紹等由陸道經巄鄒幔長地方社名属天禄縣而進又令諸道統率督率各整本属兵晝夜効力奮迅四靣攻擊賊勢紛紛紜紜不知措手十八日時憲仕澈等破賊于安恬地方社名属天禄縣十九日時憲仕澈義膠能紹等會兵進擊復破賊黨于芙蒥上社名属天禄縣将士乘勝奮擊又大破之斬賊首級者甚眾收得賊象馬噐械不可勝計賊敗衂遁走盡復南河七縣是日統領官富郡公鄭根預馳捷牌來獻十九日大戦賊徒于天禄地方三軍奮力而爭先逆賊望風而奔潰斬賊首級俘賊兵卒獲鄭根爲欽差節制各處水步諸營兼總政柄太尉宜國公開理國府領銀印榖旦載蠲芝論誕播睠惟奉差統領副都将太傅富郡公鄭根性兼仁厚才挺英䧺肆予頼主帥上輔德下爲民保國家益延厥緒嘉乃以王嗣文附眾武威敵安社稷寔大具功望咸孚率土之心位盍冠諸公之上特遣參從禮部尚書燕郡公范公著持節賫捧金冊銀印加榮封爲理國府欽差節制各處水步諸營兼總政柄太尉宜國公爾其恪遵成命茂建殊勳監國撫軍這大小事欽閲决迪毅登辟舉内外效厎治安以答予心責成之重副王父委寄之隆斯益衍皇圖鞏固之長保王業綿洪之大爾其欽哉辛丑四年明永曆十五年春二月節制太尉宜國公鄭根振旅還京留陶光饒爲鎮守黎仕澈胡士揚鄭時濟爲督視領諸将屯于奇華河中地三月十八日節制太尉宜國公鄭根進至清華大慶府以會試期在邇預差属将黎時憲黄義膠與參視潘兼全等先進赴京以及試期扈從二十八日太尉宜國公鄭根至京詣殿庭󰥭謁帝歡悅慇懃奬勞及詣府中󰥭見王父王大喜慰以衝冐霜雪多年勸除逆賊收復境土不負委寄之重會試天下士人取中格陳春榜等十三名及殿試賜鄧公瓆陶公正吳珪三名進士及第陳春榜黎致平二名進士出身黎仁傑等八名同進士出身夏四月論平賊收復境土功陞黎時憲爲副将少尉開營號左中軍頒營印黄義膠爲副将左都督又以陳文󰱇阮能紹潘兼全等參謀籌畫有功陞文󰱇爲御史󰱑都御史川郡公䏻紹爲御史󰱑副都御史陽郡公兼全爲吏部右侍郎瑞郡公又以黎仕澈奉差參視有功陞爲户部左侍郎桂海侯其餘属将黎文隆黎文進劉世賡陳公衛等二十六員並陞職爵賞給民禄有差又以鄭棟鄭榩奉差統率分守要道有功陞鄭棟爲太傅鄭榩爲少尉六月加户部尚書兼翰林院侍講掌翰林院事少保拔郡公楊致澤爲吏部尚書國老太保致仕命朝臣申制公位文武百官品服行儀噐用閏十月尚師西王以賊福頻雖散敗迯回尚未投降納欵乃親扶皇上大駕親征委節制太尉宜國公鄭根董兵直扺日麗海門差副将少尉陶光饒爲統率副将少尉黎時憲左都督黄義膠等並爲督率陪從黎仕澈鄭時濟申璿等爲督視分三道進討壬寅五年九月以後萬慶元年永春盛烈社陂水涸一刻餘二月詔班師時阮福頻依險固守大兵按臨日久糧食頗匱且熱氣方蒸久留不便乃諭諸将班師而還三月車駕還京乃命副将少尉雲郡公鄭榩爲統領僉都御史馮曰脩爲督視領兵進討賊黨聞之迯走東閣大學士阮登鎬󰰾鎬以文章名然性行非常居官好異不慎職守以是󰰾夏五月命參從禮部尚書兼東閣大學士少保燕郡公范公著監守國子監皂隷民奉事時國學殿堂宫墻内外率多榛漏公著增加脩理制度規模稍復輪奐又於月朔望大會諸生肄習課程自是儒風益振人才多有成就焉副将左都督黄義膠卒義膠以世家名将忠義智勇奉差留屯日久累破賊陣有功於國至是卒年四十贈太保賜謚勇畧褒封爲福神立祠享祀義膠金黄雲人洞命陪從胡士揚等往關上接北使秋七月致仕楊𦤶澤卒贈太宰八月天雨久不止九月帝感疽疾詔改元爲萬慶元年時帝疽氣未愈因旨諭尙師西王曰前日因宗嗣未廣取别姓人維䄚立爲黄太子兹因慮後事上畏聖祖神宗在天之靈不敢以大位輕付他人其維䄚應廢㱕母姓兹嫡子維䄔年方九歳漸已長成尙賴王翊賛成就以承大統慰臣民之望王以事關重大乃命文武百僚並入丹墀待命因委參從禮部尚書兼東閣大學士少保燕郡公范公著右都督兼太監沛郡公黎曰登𣕲郡公黎登進等入御寝所靣受顧命上曉諭欵曲再三如前諭旨公著等具以其事復于王於是王與羣臣尊立皇子維䄔爲皇太子廢維䄚爲庶人㱕母姓復命胡士揚與翰林待制阮名實等往關上候命二十二日帝崩僉都御史馮曰脩枉法受賂事覺絞死山西承政使郭同德亦以賄賂󰰾職辭逮同知府張文嶺由任國威日受賂處文嶺年七十餘亦寘于刑時人莫不憐之冬十一月皇太子即皇帝位以明年爲景治元年詔曰盖聞天道運於上必宣氣布澤以成品物之亨君位陟在初必施惠行慶以播邇遐之告會通𠃔恊聞見普同我國家立國以仁得民有道太祖髙皇帝武以定文以守藉賢臣而恢創業之宏謨列聖皇帝仁以結禮以維資碩德而保守成之丕憲雖一厄時遭屯五然重興運正泰初荘宗裕皇帝帝奮起義旅收復京城而尊立帝室全資敬宗惠皇帝克濟大業光宅區夏而翊扶正統多頼烈謨增賁于前基緒永再於後逮我皇父誕膺駿命嗣守鴻圖上承聖祖神宗創守之䂓恪遵紀律前頼文祖誼王扶持之力興起治功中正德欲進乾剛髙明學益資頤養寔頼大元帥掌國政尚師西王薰陶成就而致其德之純暨欽差節制各處水步諸營兼總政柄太尉宜國公輔弼彌縫而成其政之羙四十四年無爲而治億兆百姓咸遂其生兹適倦勤之餘念以託孤之重幸頼大元帥掌國政尚師西王德昭忠聖力茂保衡𠃔節制府准大臣文武百僚等請尊立朕即皇帝位朕居諒隂自以幼冲難當負荷然念宗廟大噐社稷重寄弗堪辭遜惟謹遵承廼於本年本月日即皇帝位大赦改元以明年癸卯爲景治元年尚頼大臣文武百官明勗交脩輔成厥德以膺天地祖宗付畀之重以慰内外臣民視聽之情五位光登兹布清明之政億年卜歷佇綿長久之圖布告邇遐使皆聞見命胡士揚阮名實與户科給事中嘉壽男阮廷正等徃關上接使領受北朝頒賞銀幣等物并勑諭文十二月奉賫回京大越史記本紀續編卷之十九玄宗穆皇帝諱維䄔神宗之子真宗之弟帝天資仁厚神采靖嚴居拱之年海内安治年榖豊登亦可謂賢君矣享國不永癸卯景治元年明永曆十七年清康熙二年春正月時帝年幼王遣左都督擢郡公鄭槏右都督普郡公黄仕科都督同知强郡公阮援都督僉事膠郡公鄭楹入管四衛兵侍衛二月以胡士楊爲東閣大學士陞子爵阮名實陞男爵阮廷正陞子爵以其徃關上接領北朝攷賞勑諭銀幣故也命胡士楊阮名實阮廷正等徃關上候命贈都督同知韜郡公莫敬門爲左都督敬門係僞族屬先以革心歸命蒙加職爵王含弘大德更容納優待至是殆又贈之三月禁天下官民賭搏是月十五日皇弟黎維祫誕生夏四月加少傅護郡公武公添掌司禮監總太監兼各監司事五月令旨御史󰉟勘問詞訟當遵律令守廉勒仍戒勑十三道監察御史一體遵行毋得淹留廢格令旨各處承憲二司查察所屬府縣官某能用心撫字訓化部民公明廉直政平訟理某不能盡心恤民務爲苛刻貪鄙賄賂怠廢政事者各以名聞以僃黜陟六月遣正使黎斅副使楊㵆同存澤如清歲貢附謝恩及告哀事大水泛溢渰民田禾浸民盧屋快州常信地方水害愈甚令旨各處鎮守係諸犯人迯匿應拿捉付襨議施行又戒内外該勘官諸犯人不預八議各隨輕重論刑毋得許贖其畧曰爲臣盡忠爲子止孝兄弟相和睦夫妻相愛敬朋友止信以輔仁父母脩身以教子師生以道相持家長以禮立教子弟恪敬父兄婦人無違夫子婦人夫亡無子不得私運貨財居鄕黨者長幼相敬愛便害相興除毋以强而陵弱無唱訟而行私豪强不得勘訟事男女不得肆滛風證訟者以實而無徇貨財旅次者防姦而勿拒投宿勿占道路爲園圃勿侵溪港爲沼池山林川澤之便與眾共之坊社村庄之長擇人爲之生業務勤鄕飲從儉毋倚特權勢而寄記詞訟毋故将老弱而嫁禍善人毋托僧妮以避役無唆人訟以取財事爭訟者毋爲羅織以誣人業商買者毋聚徒黨而爲盗橋梁道路有頽弊者隨便修培吏事簿牒不得倒顛陵廟祠墓不得侵破男女勿爲巫覡之徒䘮家勿為中元之唱毋傲慢官長毋誘賣人口配匹當班族類勿論貨財䘮禮各隨豊儉毋索飲食間耕同田不得相要錢榖同居鄕邑不得相攘財物凡若干條攷布天下各處承憲府縣州等衙門各抄一本掛于視事堂仍輔送所屬各社民各書于扁留掛亭中許官員監生生徒社長以鄕飲日會集男女長幼講解曉示使之耳濡目染知所勸懲自是人心漸歸善俗矣八月令旨各處承司察屬内民有外國客人寓居者各類以聞隨疑區處以别姝俗九月以阮公璧爲京北處參政阮簷爲海陽處參政阮名實爲刑科都給事中黎公朝爲清華道監察御史修南郊昭事殿先是南郊以有殿宇而制度猶尙狹小至是王命增加營作其正殿堂四角柱用石爲之基庭内外並砌以石棟梁榱桷一皆朱漆湘金規模制度煥爾鼎新王復命詞臣胡士楊等撰文勒石以紀其事冬十月禁天下學花郎道初有花郎國人入居國中立爲異道誕惑愚民鄙夫鄙婦多信慕之聽講之塲羣居混雜男女無别󰪀已驅去其人而書居猶存弊習未改至是復嚴禁之以阮曰任爲太原處承政使范維質爲山西處參政十一月减赦四鎮民季税有差由被洪水損失禾榖故也鄕試天下士人十二月以衛郡公鄭梐爲都督同知貶范立禮爲兵科都給中中以立禮任海陽處參政勘堤路失實故也中以都督同知祿郡公丁文左行安廣處都總兵使命京官徃清華乂安二處開例甲辰二年明永曆十八年清康熙三年春二月參酌會試塲條例自是永爲常制帝加尊王以殊禮曉論文武臣僚曰朕聞建無窮之基必有無窮之聞有殊常之功必待殊常之禮刊諸捥琰萬世可徵我國家乘時啓運應天順人太祖髙皇帝起義平吳時多頼賢臣宣勞而功弘開創冠󰅾衣裳因而復正綱常統紀頼以復明其荗功盛德盖亦罕有列聖皇帝繼體法祖時寔頼勳臣爲輔而業保守成紀綱制度罔不󰍶張號今典文煥然可述其豊功偉績謁然可觀祭自光紹統元年間被莫氏之姦臣竊羿浞之禍心六年之間已無复矣所幸皇天啓中興之基篤生鄭先祖世祖太王成祖哲王奮起布衣糾率義旅爲天下除殘安社稷爲念尊立我皇祖莊宗裕皇帝中宗武皇帝中興基業實肇於此至英宗峻皇帝自位時有小人耿潝廷彦之讒致有不平之事此時成祖哲王處大疑而不恤任重責而不顧欽立世宗毅皇帝即位于萬頼行在殿仍發大兵掃除僞莫收復京城英䧺並入彀中天下又能篤尊君之義奉迎聖駕進御昇龍城物光复复社更生春其聖德文功輝煥天地太山磐石寧撫國家雖中興之詩中興之碑曷足以形容其萬一繼以敬宗惠皇帝䂓國綿長久之休于家督婚媾之義不意結與逆椿之邪謀卒啓不祥之釁此時成祖哲王無纖芥于胸中不以天下自私更尊立我皇考神宗淵皇帝誕膺景命嗣守鴻圖若禮若度全資文祖誼王造就之功兹大元帥掌國政尙師西王保乂皇家撫安中外其忠愛拳拳始終弗渝又傅委王世子欽差節制各處水步諸營兼總政柄太尉宜國公鄭根内賛政機外楊武衞殄不庭之烏冦復有指之舊疆功盖宇宙德被生靈天下賴以平安而我家統綿有永治享無窮大扺皆王家匡扶其力之所致歟逮黄考適倦于勸危疑之際全頼尙師西王任託孤之寄惟節制府及大臣文武百官等尊立朕即皇帝位以繼大統養正旣顯󰌩功歸姝又諧泰祉其交修舊頼若是其切視夫前代之功之德益以大矣曾聞古者敬大臣之禮有敬以不名有敬以不拜况今尙師西王有大勳勞于天下其功德如天精忠貫日質諸前代而未有參諸前史而未聞若不荗著表揚何以稱王文之功聖之德副朕倚望之心繼今應尊以不名不拜之禮其入朝特設板床於御殿之左以示殊禮朕以幼冲嗣位雖未徧知來歷事由然常聞顧命之言不得不宣諭于天下使知王家功德之盛取中格武惟斷等十三名以阮潤爲刑部左侍郎阮國櫆爲刑部右侍郎黄榮爲大理寺卿夏四月命副将少傅宗郡公鄭横陪從禮部左侍郎豊禄子吳濬襨考各處生徒于珥河沙中先是試法疏闊尙容懷挾庚子以來雖已禁止亦未周密中舉者多有木訥借手眾議沸騰至是命官襨考丁酉庚子癸卯三科生徒考題用唐律詩一首與暗寫傅正文兼大註入格者仍生徒不入格者留學三年免役再試不中者始還民受役時不入格者過半五月麥大熟禁便許職爵時倖濫之徒多妄求職爵及封贈𦤶有名噐冗濫立粟米五量法其󰱡合升斗斛倣黄鍾律爲凖頒内外各衙門一體遵行六月殿試賜阮曰庻進士出身梁荗勳等十二名同進士出身以阮能紹爲吏部左侍郎武榮進爲副都御史阮名實爲清華處參政黎公朝爲清華處憲察使貶石都督萊郡公鄭栢爲都督同知都督八月以范質爲刑科都給事中冬十月刑部尙書桂堂侯致仕文允䌙卒十一月戊子朔日有食之己酉彗出東南翼軫分尾指張宿長五丈帝與王交修儆省避宫殿减膳徹樂詔文武臣僚商議時政得失即散去非額水陸廵司凣十三處如正大廵慕周廵之類人心悅喜自是彗漸消散矣時諸犯人已經論罪迯遁者多令旨許各自首重者减輕者赦設五府掌署御史論奉使功以禮部右侍郎芳桂伯黎斅爲工部尙書陞侯爵國子監司業延禄子楊㵆爲工部左侍郎陞伯爵刑科都給事中義嶺男同存澤爲户部右侍郎陞子爵又以阮勢濱通諳北語隨使濟事陞爲京北處參政伯爵以大理少卿香澤子武方丈爲太僕寺卿太常少卿廉勇子陳登瀛爲尙寶寺卿以其隨理國府常從征伐有功故也聘王次女鄭氏玉𣖮爲正宮令旨各處承司送下所属縣官𮞏年至十月期徃勘民間堤路有應築作者僃實以聞某處功程小者照補水勢所及各社民任爲私役許縣官督押某處功呈浩大待差官押作期以正月初十日起功三月中旬完成永爲恒式十二月清遣正使吳光副使朱志遠等來諭祭神宗淵皇帝其祭文曰遐方抒慕義之悃屏翰宣猷國家弘柔遠之恩贈唁示䘏爾安南國王輸誠納欸向化歸心獻馘而俘僞王助兵以除鄧賊克宣忠盡荗著勳簩方将寵錫殊恩何意溘先朝露兹聞訃告㦖惻良深特攷祭賻之儀以昭軫悼之意嗚呼効共球於南服永篤忠貞賁華衮於幽宫式光泉壤靈如不昧尙克欽承南郊殿成乙巳三年明永曆十九年清康熙四年春三月許内外各職陞次以翰林院侍󰕖鄧公質爲工部右侍郎黎德望爲海陽處承政使阮偉爲安廣䖏承政使范維質爲東各大學士阮永爲乂安處參政范立禮爲山西處參政裴廷員爲東閣學士阮公璧阮榮盛武弼諧爲提刑監察御史杜善政阮公弼武求誨黎志道黎仁傑譚登用並爲給事中頼登進黎致平枚仲和費登任並爲憲察使武公平吳策諭爲翰林院校討阮廷柱阮光繕黎軾阮仕教汝進用梁荗勳武卓犖阮曰當阮進材裴宗並爲監察御史又以經歷阮光岳爲司業阮登明爲興化處憲察使張論道黎純噽寧達黎僚阮嵩並爲監察御使時光岳登明等原被貶罷至是准許陞次故復得録用令旨御史󰉟考課内外任各衙門官并吏行過事跡官則立爲三等吏則分爲二等歲季僃類以聞論行黜陟夏四月加諒山藩臣阮廷繼爵弘郡公以其論得土酋閉公亮閉國濟歸命故也以參議范公兼爲山南處參政禮部左侍郎慈廉侯阮可濯以年老乞致仕許之加陞工部尙書慈郡公更給以惠養田禄令旨申禁鬪鷄圍棊賭博及巫覡僧妮等事令旨内外該勘諸司凣勘訟有所論刑僃類以聞罪至死者付下襨議施行罪則杖者便宜行之毋得淹滯秋七月禮部左侍郎豊禄子吳濬年七十乞致事加陞工部尙書伯爵更給以田禄隨行惠養八月󰀋立正宫鄭氏玉𣖮爲皇后尊親生母范氏玉厚爲皇太后太后雷陽㫧銳人冬十一月命官考制内外各司行過事跡貶户部尙書川郡公陳登選爲户部左侍郎禮部尙書陽郡公阮能紹爲禮部左侍郎吏部左侍郎道江子阮宗澧爲禮部右侍郎都御史桂海侯黎仕澈爲刑部左侍郎副都御史麗海子武榮進爲太僕寺卿僉都御史㫧川男鄭時濟爲鴻臚寺卿刑部尙書瑞郡公潘兼全爲户部右侍郎以登選等舊任御史及仕澈等當任御史勘訟逾期而兼全舊任吏部銓除超次故也先是吏部尙書范公著之子公兼由參議陞任參政朝臣以爲不可相率力爭王不悅即命公著與黎斅查刷諸司所行事故並被貶黜立除任品次條例間有軍功前以授便許職超資再詔功次循品銓除令旨各處承司精擇属内各縣社有孝廉者即以名聞命官閲選隨材授任申明行儀品服噐用各條十二月以申德才爲參督漢郡公加兵部左侍郎潤裔子胡士揚伯爵以其累徃關上候命接使濟事故也以户部右侍郎義嶺子同存澤爲工部左侍郎加提刑監察御史武弼諧爵書澤男刑科給事中黎仁傑爵朗圭男並以奉差徃安廣公務故特許之以陳進朝爲參督兼郡公令旨自今該勘諸司斷已當理而訟人妄自翻襨者各隨訟理大小照官品髙下論謝錢有差東閣大學士范維質卒丙午四年明永曆二十年清康熙五年時莫孽敬宇竊㨿髙平茶毒方民太原藩将通郡公何仕置率本處兵討之爲賊所獲報至王命太傅莅郡公鄭棟爲統領少尉豪郡公黎時憲副之鴻臚寺卿㫧川男鄭時濟吏科給事中杜善正爲督視領諸軍徃進擊敬宇乃殺通郡公何仕置棄其巢穴遁入山林於是官軍從火焚毀所居而還二月擢清華參政阮名實爲鴻臚寺卿賞錢一百貫時有監察御史黎僚原與名實同士望科素所相識及僚丁父憂回家守制多行悖理不法有訟到衙門名實鞫得其状斷以公義謹啓論糾上嘉其不私親故特賞擢之夏四月旨傳諸該𬋩將校撫養士卒如有病恙給以藥餌保養歲以爲常以汪銳爲清華處參政五月清遣范成功馬文壁賫勑諭出南關令拿解海冦楊二楊三黨軰命東閣學士裴廷員翰林侍書陶公正徃關上接領回京甲午望月有食之令旨該勘各衙門所勘諸訟或當受而不受及訟人越告者論罰有差六月庚戌朔日有食之大赦天下季税十分之一令旨許内監各員所養子孫饒䕃限以職品髙下爲差秋八月九日有星隕如雨九月王經理巡省民風行至盐户海門盐户社名属瑞英縣存問民間長老攷賜緡錢八十以上人叄緡七十以上人貳緡民情喜悅又令於海靣排列船艘載度兵馬練習戰陣張耀威武復行至五漫地方攷賜長老亦如之乃還京以武兼爲山西處參政阮廷正爲京北處參正阮公璧爲海陽處參政陶公正爲奉天府尹十二月許安廣處承政使純禮伯阮偉陞工部右侍郎侯爵致仕伟時年七十有七平調京北處參政廣林伯阮勢濱爲太原處參政以其考課失實也丁未五年明永曆蕊十一年清康熙六年春二月會試天下舉人取中格阮有登等三名三月清遣正使程芳朝副使張易賁奉册來封帝爲安南國王命東各學士裴廷員吏科給事中杜善正徃迎接回京行欽受禮其册文曰來王來享要荒昭事大之誠悉士悉臣國家著柔遠之義象賢崇德愛載舊章纘服承先宜加新寵爾安南國嗣子黎日南啓宇辰北歸心圭璧禔躬夙被禮義之化梯航奉職遠慕聲教之隆傾復納僞印以攄󰠐繳僞勑而效順念爾忠貞世篤久揚繼述於前徽譽命未光爱有編音之下逮特遣内國史院侍讀學士之從三品俸程芳朝禮部儀制司郎中張易賁封爾爲安南國王奄有属郡撫兹舊邦守職宣猷用永線夫󰅾礪制節謹度期報答於君親欽哉無替朕命夏四月殿試賜阮冠儒等三名同進士出身令旨乂安處南河諸縣社民人有以堅義功祇受勑命止復其身其子孫與百姓同加兵部尙書芳嶺侯武惟志爵芳郡公户部左侍郎義舍侯裴挺爵義郡公以其奉侍潜邸日久累隨征罰有功故也令旨開例官校正清華乂安官田數另率反寓居人率等條五月以王孫榮良侯鄭栐爲副将都督同知良郡公令旨戒𬋩兵官毋得脧削奇虐兵民命京官分行四鎮閲選民丁取其强健者爲另送歸隊伍以時練習侯僃差行征討遣兵部右侍郎潤裔伯胡士揚東閣學士裴廷員徃關上候命六月清華處河決水溢渰浸民田秋七月遣正使阮潤副使鄭時濟黎榮等如清歲貢又遣正使阮國櫆阮公璧如清謝恩令旨𬋩兵官不得留房另兵䂓取錢財以署衛事隴郡公范院爲都督僉事以其奉侍潜邸日久有功故也八月有無頼僞徒啸聚於永頼瑞英地方僣號應天于時瑞英縣縣丞杜文洽與永頼會庵人陶世相等率本部兵擒獲檻送京師斬之其文洽世相等各加陞職爵有差九月大舉進征髙平於是王親提大兵進𤼵諒山道委節制府太尉宜國公鄭根統督諸将進𤼵太原道差太傅莅郡公鄭棟少尉雲郡公鄭榩少尉豪郡公黎時憲少傅奠郡公鄭楃都督同知禄郡公丁文左立郡公黎珠等爲統領督率以禮部左侍郎陽郡公阮能紹刑部左侍郎桂海侯黎仕澈工部左侍郎延禄伯楊㵆兵部右侍郎潤裔伯胡士揚鴻臚寺卿海山男阮名實監察御史張論道等爲督視分道並進直抵平敬宇聞大兵至乃與其黨奔入内地鎮安州諸道追趕哨拿俘獲莫氏族属男女與其徒黨及人畜噐械財物不可勝紀先後歸降者益眾王體好生大德諸投降者特加恩宥脅從者一皆寬赦又宣布明論安集州民各使復業率遵聲教一方之民咸蘇徯望焉冬十月丙戌望日有食之都督僉事頴郡公鄭樑卒于軍贈左都督甲申六年清康熙七年春正月己丑有天棓星出西北方長半丈形如彗星是年旱二月王大捷凱還留都督同知禄郡公丁文左鎮守七泉地方以鴻臚寺卿阮名實爲督同至京告廟奏捷凣莫氏渠魁寘之國法其餘悉皆放赦四月帝以王復國讐有大功乃尊封爲大元帥掌國政尙師太父德功仁威明聖西王其冊文曰朕惟皇天生賢聖之才所以福國人君設尊貴之禮用以答勳誕協明徵載鏤華冊󱘢惟大元帥掌國政尙師西王英䧺盖世忠厚傅家昔成祖纘世祖鴻基尊立先君賛成恢復之功平定之績兹勳王率誼王大業來輔冲人頼多匡扶之力造就之仁政圖而朝重社安威加而内平外讋親提三軍進討髙平之莫孽巢穴掃空歸恢一統混洞先王之舊疆版章盡復諒盛德大功之素著信異數殊禮之當加特遣特進金紫榮禄大夫陪從工部尙書芳桂侯黎斅捧賫金冊普尊大元帥掌國政尙師太父德功仁威明聖西王王以其光受鴻名命永膺於𮌐祐莫安鰲世丕顯於治平王家延有道之長皇圖衍無疆之󰆑令各處諸社村民如有重例者各備以聞付監督平例官查實量减分與本縣各社共受以均賦役兵部左侍郎延禄伯楊㵆爲史部左侍郎立郡公黎珠爲都督僉事枚世康爲參督弘郡公提督芳岩󰞌陶光廣太原道監察御史枚林子張論道爲東各校書僉太監才兼侯鄧仕榮爲太監竝以從征髙平俘獲賊黨有功故也秋七月都督命事通郡公鄭樭卒山南處參政范公兼罷以督押堤路假作且緩期故也八月禮部左侍郎楊郡公阮能紹卒能紹爲人質直居官清白南河之役參賛軍務有功至是卒贈禮部尙書賜諡忠肅削阮德忠官爵德忠桂陽桂塢人少保豪郡公阮德業之子嘗從征伐果敢善戰累官至都督同知爵瑞郡公王以次女鄭氏玉檉嫁之但性殘忍特功驕横第宅僣侈又父子潜貯噐械私𤼵與民隂圖不軌事覺付下廷議反形已具王念其有戰功止削奪官爵免死而誅其子阮德兼等三人九月甲辰日上一抱一背現于兑方亢宿度許國子監司業綏禄伯阮光岳陞翰林院侍讀致仕冬十二月參從吏部尙書兼東閣大學士少保燕郡公范公著年老乞謝事上慰論𮌐留上許之加陞國老太保參預朝政致仕許户科事中󰆑堂男阮公弼陞吏科都給事中職子爵致仕己酉七年清康熙八年春正月清遣内秘書院侍讀李僊跟兵部郎中楊兆傑賫旨論來使我以髙平四川退還莫氏時廷臣與清使辨解徃返數四清使堅執不聽十四日文祖誼王太妃陳氏薨時清使李楊等遣前路李唐胤趙光朂魏象賢等僃儀致祭二月使臣阮國櫆阮公璧黎榮等還國舊制歲貢三年一徃餽送煩數明朝萬曆年間已準例六年两貢並進至是欲如明故事乃修本遣國櫆等如清一體奏請清帝許之是後遵爲常例夏四月朔日食既是年旱五月太僕寺卿麗海子武榮進卒時榮進奉命督鎮髙平會清朝遣使宣旨以髙平四州退還莫氏乃還京回到中途病卒六月以武惟志爲禮部尙書陳登選爲兵部尙書黎斅爲刑部尙書並加參從宰相以裴挺爲工部尙書同存澤爲都御史阮宗澧爲户部左侍郎潘兼全爲刑部左侍郎鄧公瓆爲吏部右侍郎阮荗材爲户部右侍郎阮名實爲副都御史吳珪爲僉都御史論奉使功以阮國櫆爲禮部左侍郎玉池子阮公璧爲刑部右侍郎嘉昌男又以阮潤鄭時濟卒于清追贈阮潤爲工部尙書伯爵鄭時濟工部左侍郎子爵仍給民田祀事以黎珠爲都督同知馮恩義爲參督並以其護送文祖誼王太妃䘮事襄成故也秋七月都督同知萊郡公鄭栢卒八月以胡士揚爲吏部右侍郎九月以爵郡公黎庭堅爲提督時庭堅留守山南治事廉平盗息民安故特擢陞二次旨傳凣徵收季税及奉買供用貨財物得要索外例與抑買賤價以悅民情初宣光安北營嘉國公武文密於恢復之日率兵從義累有功勞先朝仍鎮宣光地方許以世守傳襲其子太傅仁郡公武公紀孫太保和郡公武德恭並能繼承先志恪修臣職至曾孫少傅宗郡公武公㥁特其山川險遠隂蓄不臣之心僣稱王爵僞立朝班又結黨于莫孽屡有交書徃復事跡顯露上以勳臣之後含容未忍問罪至是公㥁因與手下麻福長不平内懷疑惧赴京自訴行至東蘭巡夜爲人所殺事聞上以公㥁雖失臣節然念彼祖父有大勳勞義不可絶乃立其子武公俊爲後許爲都督僉事賜爵寬郡公領給民禄使之承祀其諸子女悉加慰撫又以麻福長不忠所事乃監于獄中冬十月議行善政革弊習令凣十八條其一前代帝王及各神祠舊有皂隸付禮部查實論行其二廟祠祭禮許府縣官依例遵行二司吏不得干預其三徃年不合格生徒及士人補另已歸農者並許應試其四辨舍吏之廉平貪冗以爲賞罰其五别諸吏之勒幹狡𤟕以僃陞汰其六諸贖罰錢未收得者一皆饒赦其七留監囚人許饑渴者隨時給養其入輕重諸刑並付刑部襨議其九擇良家子弟爲社長俾訓化社民曉知禮義其十諸渡津處隨水淺深取濟功錢不得過索其十一凣迯罪者許鎮守拿捉其十二刷訟事例許前次勘官詳註事跡侯後次官刷行其下六條皆申明勘訟之事領布天下遠近無不喜悅平補四鎮季税例成初國家恢復伊始賦税因循徃舊輕重未均乃者王命官分行天下照隨民産厚薄田壤肥饒平補季税例額有差即具着令例攷許官民各守其一俾得遵㨿遂爲經常之制禁勸農河堤索取民錢時任是職者不思循省勸課惟務索民賀禮故嚴禁之十一月封王孫鄭椽爲副将謙郡公賜參政黎得全子爵參督洮郡公范𣆭爲提督署衛事匡武侯范錄爲參督以得全奉差督視乂安日䂓科差拨捉得逆賊張福裡而𣆭錄亦預差行捕拿有功故也以阮名實爲兵部右侍郎閏十二月賜胡士揚侯爵裴廷員杜善政等男爵以候命迎接使臣有功故也旨傳歲季刷訟事例遞年十月御史󰉟送下該道輔送内外各衙門僃類所勘諸訟並詳註事由納在後次官俟刷󰍶以次輔納在御史󰉟御史󰉟亦類本衙門所勘諸訟及具類前次簿輔納待旨論行以僃黜陟庚戌八年清康熙九年春三月火星入南斗月入南斗色赤金星入太微命山南參政碧江子黎得全刑科都給事中陳春榜等賫論文徃諭順廣阮氏于時得全等奉命至布政日麗海門使行人先𮞏䦕文通報又以言詞徃復數四阮氏拒命不納得全等遂回京夏四月貶山南處憲察使黎𦤶平為海陽道監察御史以督押堤路科事未明故貶命禮部左侍郎阮國櫆吏部右侍郎鄧公瓆等陪侍經筵五月不雨人多疫癘上精心密禱仰祈天貺旨傳凣奏給官田止許耕種本貫十畝其餘照收税錢不得濫耕六月以提督普郡公鄭檱爲都督僉事左校點禎祥侯黎時宲爲參督檱陶光饒之子奉賜姓鄭時宲黎時憲之子貶山西參政武兼爲户科給事中以僃類堤路緩期故也命少尉豪郡公黎時憲爲統率吏部右侍郎潤裔侯胡士揚爲督視将兵經畧宣光地方時宣光麻福長之子惠挺麻福蘭及其弟趁勝麻福淀聚眾刼掠方民騷擾上乃命時憲與參督詠郡公阮德霑等分道徃擊擒獲福蘭斬之福淀北奔入内地時憲等乃安集州民而回秋七月以陳興學爲參督朝潤侯陳興讓爲署衛事朝憲侯以其能糾率者賞以銀錢或饒官役其寓藏停止以盗刼罪之或罪人在迯知情容養者按律論行十二月以署衛事舒泰侯阮仕健爲參督工科都給事中黎公朝爲禮科都給事中以其奉差開例爲民所保故也辛亥九年清康熙十年春正月殿試賜劉名公進士及第第一名韶仕琳進士及第第三名黎有名武廷臨進士出身黎䧺稱等二十七名並同進士出身二月命官閲選四鎮另兵補入隊伍加教習以後年大舉夏四月兵部尙書頴郡公阮悌致仕悌時七十八秋七月命朝臣各舉所知凣有學行政術堪爲守令者二品舉四人三品至五品舉三人六品至八品舉二人各以名聞付吏部銓除任職舉得其人者議加奬賞如見或負所薦肆爲貪墨許先陳言免其連坐八月己酉朔日有食之清朝平西親王欽旨委開化鎮標遊擊曹知府劉解送迯罪人麻福淀并伊家人就交界乃差官領回與麻福長並誅之九月命兵部左侍郎黎仕澈吏部右侍郎鄧公瓆等考課内外各衙門時同存澤獨任都御史勘訟多有逾期以是罷職冬十月十五日帝崩羣臣上尊號曰豁達睿聰剛毅中正温柔和樂欽明文思允恭克讓穆皇帝廟號玄宗十一月十三日奉玄宗穆皇帝梓宫回塟于宲盛陵立乾龍殿奉事之從皇太后鄕也初神宗崩皇次子惟檜時方二歲王與正妃鄭氏玉瓏養之府忠涵養薰陶成就德性至是玄宗崩無嗣王乃旨諭節制府及大臣文武百官曰我聞天下者皇朝聖祖神宗之天下󰟸遭國運中衰𦤶使莫姦上僣時我先祖考奮起義旅推尊夾輔列聖皇帝掃除莫氏收復京城開拓封疆尊安國勢好通北國王爵普封兹我承祖宗功德之傳任社稷生民之寄篤忠貞大節照精白一心纘修先緒保安皇家當神宗淵皇帝在御則協恭同寅懋勉政事夙夜謀慮興致太平迨神宗淵皇帝陟方則亨屯濟蹇左扶右持明言用保弘濟艱難尊立大行皇帝於幼冲嗣位之初薰陶聖德就将敬學聲名洋溢外方信義有孚上國寵以王章榮以金印居位垂有十年時和年豊民康物阜號令典刑煥然可述加以内平四海外讋百蠻其土地之廣人民之眾親於昔時大有逕庭矣詎意本年十月十五日大行皇帝上賓嗣承猶乏第念神噐至重惟先君之子有賢德者足以克堪今皇弟黎維襘乃先帝神宗淵皇帝之次子適值先帝於倦勤之日甫初二歲奉囑託阿保鞠育于府中蒙養匡救教導誘掖正言正道日使聞行兹年十有一德年俱長賢孝夙聞可承大統應尊立即皇帝位以副天下臣民之望節制府暨大臣文武百官等當體我至意同心修輔夙夜祗勤各盡當爲以成致治之功以躋悠久之盛保永世惟帝惟王之業朂哉是月十九日丙寅王親率節制府暨大臣文武百官尊立皇弟維襘即皇帝位以明年爲陽德元年尊王正妃鄭氏玉瓏爲國太母嘉宗羙皇帝諱維襘神宗次子也初神宗崩帝甫二歲王命正妃鄭氏玉瓏養于宫中玄宗崩無嗣遂登大寶在位四年崩壽十五歲塟福安陵帝體貌英偉天性寬和有君之德壬子陽德元年清康熙十一年春正月仍給開國功臣黎來祭田孫姪世守祀事三月以楊㵆爲御史󰉟都御史阮宗澧爲吏部左侍郎阮荗材爲副都御史棃得全爲僉都御史,Chinese
dvsktt,夏四月王以廣南阮福頻久違朝命負固不服告祭于天地神祗聲罪致討命副都将太傅莅郡公鄭棟爲統領預徃乂安屯鎮協與統率少尉當郡公陶光饒䂓料布置控制邊方以范質爲大理寺卿五月鎮守乂安處兼鎮布政州統率官左匡軍營副将少尉當郡公陶光饒卒光饒奉侍王潜邸日久累期討賊安内靖外多有勳勞在鎮凣十八年令行禁止盗賊屏息邊陲晏然年七十一卒于鎮贈太宰賜諡純謹褒封爲福神立祠享祀光饒青威泉甘人委節制太尉宜國公鄭根總提大兵直進廣南順化地方時御駕南征寬郡公武公俊在京遁歸宣光攻刼州民留守京城少傅殿郡公鄭楃差兵追殺之盡獲其黨而還副将少尉羙郡公鄭桓卒工部尙書少保錦郡公致仕阮厚眷卒年九十五厚眷至灵樂山人秋閏八月大軍進到布政州差諸将分道進討節制太尉宣國公鄭根親率大兵渡河放曉諭于順化廣南二處民人曰伐罪救民乃王者興師之義爾之二處人民本是皇朝聖祖神宗之土地人民非阮氏開拓之所有仰荷先聖王念及莩葭之親奏知先皇帝准許端國公鎮守二處供納貢税以資國用指誓天地期以始終盡節爲臣于時光聖王志厲恢復皇家勦除僞莫端國公居在外鎮曾無汗馬守功及天下大定始赴京拜賀先聖王量廣含弘不叙勳勞止以親義仍具本加以職爵寵禄優厚位冠廷臣不意違皆約盟隂圖反側於庚子年誘使姦臣作亂私自迯回有乖臣節正當裁之以法先聖王憐愛曲容宥其過失况差官賫捧勑書曉誘事理而焚毀使舘圖奪勑書隂辱使命其不軌之心以萌於此自後循習畧不必言上年差官賫諭曉以君臣大義示以禍福两端欲彼革心歸命以免詎料彼孽不能覺悟更驕慢辭説拒遏欽命行人其叛逆不敬之罪孰夫土乃王土民乃王民彼之竊據此土者不知是何名󰉍而深溝髙壘以逆命厚賦重斂以虐民脇爾以執㦸執戈何有乎班聯職秩致爾失學書學禮何有乎科目功名迹其所爲旣負固作逆又拒我朝廷再茶毒我方民彼之罪惡如此容可置而不問乎民之倒懸如此容何恬而不救乎事非得已兵征言興兹我恭奉大元帥統國政尙師太父德功仁威明聖西王翊扶皇上飭駕親征專委我以總提大兵號令諸将分道進討期以萬全取勝盡殄逆徒而後以爾二處人等倘能倍暗向明歸人避虐或倒前戈以投降或詣軍門而出首名目則赦過賞功小民則輕徭薄賦倘或别處人民畏罪而逃有爲賊所誘竄居于此如見大兵進至先來歸命亦得赦過録用若執迷不悟則火炎崑崗玉石俱焚到此時節爾等将安迯乎特諭冬十一月統率黎時憲督本道官兵直進賊外壘差所属僉掌侯梁登光禎祥侯武俊材承夜奪戰賊徒于多吝處燒毀賊寨斬得賊馘收得賊旗幟噐械調詣軍門獻納以梁登光爲參督武俊材爲提督賞其能先登破賊也副将都督同知衛郡公鄭梐卒十二月王以順化地濕又値降冬寒凍士卒難久留遂奏知于帝還師凣俘獲賊人男女老少皆給錢米𤼵回命副将少尉豪郡公黎時憲鎮守乂安處兼鎮布政州陪從兵部左侍郎桂海侯黎仕澈爲督視陪從兵部右侍郎海山男阮名實爲副督視追贈南征陣亡将士職爵田禄有差癸丑二年清康熙十二年春正月車駕至京師命阮廷正裴廷員黎公朝等徃闕上候命三月遣正使阮荗材胡士揚副使陶公正武公道武惟諧等二部如清歲貢附告哀事賜參督膠璿侯陶登用郡公爵以潘兼全爲史部左侍郎阮國櫆爲户部左侍郎范質爲副都御史申全爲史部右侍郎黎榮爲户部右侍郎阮廷控御邊陲保安方民正爲禮部右侍郎武良爲刑部右侍郎裴廷員爲工部右侍郎以同存澤爲兵部左侍郎先是存澤任御史󰉟勘訟逾期罷職至是復用之秋七月起復參從史部尙書兼東閣大學士國老參預朝政太保燕郡公致仕范公著入朝掌六部事參賛機務令文官入王府内閣議事奉侍内閣自是始九月陶光輝有罪伏誅光輝乃光饒之子籍父功隂蒙加職爵權禄配以郡主而乃驕弄自恣多行悖逆不道又隂營居禁地有訴告事𤼵付廷臣議盡得情状論梟首以正條律王念彼父多有功勞於國降賜絞死併誅其黨兼禄侯鄭楏鄕試各處士人是時清華處參政武求誨多受銀錢寄托士人爲肆塲奉天府尹吳策論應務試塲潜将文書入塲私使家大寫試卷混送入考取中䂓取錢財事覺並加徒刑山西處參政黎志道私考士人失實又於塲中以無中卷標名中榜及多寄托士人爲肆塲論罷職其各府縣校僃類士人得實者奬賞失實者貶罰各有差冬十一月會試天下貢士取合格阮公望等五名及殿試賜裴光運等並同進士出身十二月考天下士望取阮洐等三十名除内外任名職罷參從宰相刑部尙書芳桂侯黎斅東閣校書梅林子張論道等職爵貶吏部左侍郎瑞郡公潘兼全爲太常寺卿侯爵兵部左侍郎桂海侯黎仕澈爲諒山處憲察使職伯爵以其便許勑旨并憑批各衙門吏應務間有多少故也以阮國櫆爲吏部左侍郎阮曰庶爲吏科都給事中參從宰相兵部尙書川郡公陳登選卒登選爲人沉毅端正學識該搏南征之舉參賛軍務籌畫有功至是卒贈户部尙書少保賜謚雅量陪從兵部尙書少保頴郡公致仕阮悌卒悌玉山禾塲人甲寅三年十月以後改德元元年清康熙十三年春二月令旨訓戒各職司大畧以爲宰相之職在乎進賢退不肖當量才授官度德定立使卿大夫各當其任不得以私心自用吏部之職在乎權衡人物當察言行觀噐識可爲京官者除京官堪爲守令者銓守令不可徇私取舍刑部襨視之官如見重囚付下襨議合公同審讞務以得情爲本不得󰏲滯逾期御史耳目之任所以振紀綱而警風采凣宰執有過将臣有失百司違法時政有闕並許糾劾陳言提刑監察御史職專諍論審讞案問糾劾察録照刷等事監察御史彈劾之責如見時政有闕百官有過當陳言糾劾吏科繳疾苦查勘權勢脅捉諸訟承司膺方面之重寄如見所属官司政治均平應保舉有不如法者糾舉郡守民之師帥如見属内縣官有政績稱職者保舉不稱職者糾舉縣令親民之官當存心撫字勸課農桑興便除害留意敎化使仁讓風行告訐俗易其義婦孝子亦當輔達旌表以厚風俗凣内外各衙門官如見本吏某人奉公守法廉勤練達年月積累無有過犯者保舉之某人恣行貪冗志在䂓財怠慢廢事有過犯者即糾𮞏斥去三月以王嫡孫副将鄭栐爲左都督夏五月初九日陪從吏部左侍郎蓮池子阮國櫆卒國櫆爲人慷慨敢言訃聞上深爲哀悼贈兵部尙書池郡公賜謚剛忠國櫆青池月盎人以黎斅爲兵部左侍郎潘兼全爲刑部左侍郎黎仕澈爲工部左侍郎先是斅等綠事既罷貶至是復用之六月六日太白畫見與日爭光賜碩忠侯黎時海郡公爵秋七月十八日帝以王世子節制太尉宜國公鄭根功望隆重晉封爲元帥典國政定南王其󰀋文曰皇天生賢聖之才所以壽至治人君優尊貴之禮所以表殊勳亶協榖辰載敭華󰀋特進開府欽差節制各處水部諸營兼總政柄太尉宜國公鄭根英䧺盖世氣象過人昔先君恢復舊疆多頼前王經綸屯亨之力暨朕躬光膺景命全資師父造就󰌩養之功保國永奠鴻圖傳家深貽燕翼睠惟王嗣克暢皇猷任征伐則南鋤阮孽北掃莫徒功特髙宇宙總政柄則内安中國外服遠裔德彌暎乾坤望久孚四海之心位當冠百僚之首特遣特進金紫榮祿大夫參從吏部尙書兼東閣大學士國老參預朝政掌六部事太保燕郡公范公著捧賫金󰀋玉章普封元帥典國政定南王榮如圭瓚用啓宇田尙其受命承休乘彛慎位政詳典章法度悋守成䂓德得位禄壽名誕膺申眷賛皇家緒綿於有永衍王室業保於無疆王其欽哉旨准目今王府領布命令曰令諭臣民進啓者曰謹啓聞曰令旨進啓者曰謹啓八月王諭定南王曰王者創業垂統必貽厥嘉猷世嫡繼體守成當遵其善法兹我承家丕緒攬國大權修王業紹先王積累之基興起治功討安天下賛聖皇承列聖繼傳之統謐寧海宇磐奠國家泰山安保鴻圖豊󱘬謀深燕翼於庚子年已奉加開府位委總政機乃能志愛君親明習機務典司庶政令簡肅中外悅徒經營四方威震耀藩侯賓服功寔多社稷寄堪任生民我仍奏知皇上欽遵勑旨晉封王爵授以統裁國家庶務内統百官外均四海位至隆至重謀是訓是行今其知業保以成幾圖不忽防非室󱘥正心脩身一言一行祖宗之懿德是遵一政一令祖宗之成䂓是述日與親勳大臣文武百官協同心德共求治理區處世務以興太平官人則量才能課功狀使官皆稱其職求賢則察言行試政事使賢咸登于朝任将則御以恩威使将咸樂爲用愛民則省其征役使民皆遂有生爵賞刑罰之權公操信必禮樂教化之本加務詳明如是則政事得以脩紀綱得以振文德洽而武功成中國安而外夷服䂓模混一宗社久長以衍意萬年惟王之業尙其敬之以副我委任傳授之意兹論帝尊封親生母黎氏玉環爲昭儀冬十月改元德元旨准推恩武班陞次太傅溪郡公鄭杖秉郡公鄭󱘦莅郡公鄭棟等並爲太宰少尉廉郡公鄭榩豪郡公黎時憲等並爲太傅少尉安郡公鄭橏兼郡公鄭樹少傅奠郡公鄭楃等並爲太保恩郡公鄭棉爲少尉左都督副将良郡公鄭栐爲少傅濯郡公鄭槏禄郡公丁文左等並爲少保詠郡公譚景堅纘郡公鄭𣛧燕郡公鄭柳等並爲右都督副将派澤侯鄭榆爲都督同知郡公爵副将謙郡公鄭椽爲都督僉事其餘各陞職爵有差廢潘兼全爲庶人送歸清華鎮居住以其累行事犯故也斅爲興化處參政仕澈爲太原處憲察使十二月吏部右侍郎申全等除内外任各職一千二百三十九員名貶乂安處參政梁實爲東閣校書以其抑取士人銀錢故也乙卯德元二年清康熙十四年春三月使臣阮荗材胡士揚等回國夏四月三日帝崩群臣上尊號曰寬明敏達英果徽柔克仁篤義羙皇帝廟號嘉宗論奉使功以阮荗材爲刑部尙書子爵胡士揚爲工部尙書郡公爵陶公正爲刑部右侍郎武公道爲工部右侍郎並男爵武惟赦吏部掌官爵封賜銓選考課黜陟之政填充補給之事户部掌土地人民倉厙錢糧調𤼵之政禄食貢賦盐鐵之事禮部掌禮儀祠祭󰆑宴學校科舉之政衣冠印符章表貢使朝覲之節兼總司天醫卜及僧道教坊同文雅樂之属兵部掌兵戒禁衛車馬儀仗噐械之政邊夷鎮戎驛庯險要緊急之事刑部掌律令刑法按襨獄訟之政治五刑之罪工部掌城池橋梁道路土木工匠之政繕修營造之事山林園苑川澤之禁秋七月以武惟志爲户部尙書阮荗材爲兵部尙書申全為御史󰉟都御史鄧公瓆爲吏部左侍郎黎榮爲户部左侍郎阮公璧爲禮部左侍郎同存澤爲工部左侍郎阮名實爲吏部右侍郎武惟諧爲兵部右侍郎裴廷員爲刑部右侍郎九月鎮守乂安處兼鎮布政州統率官左中軍營副将太尉豪郡公黎時憲卒時憲爲人智畧勇敢有機變才治軍號令嚴肃每出征伐數立奇功年六十有六卒于鎮贈太宰賜謚嚴智褒封爲福神立祠祭祀命右都督燕郡公鄭柳鎮守乂安處兼鎮布政州命阮公璧陶公正入侍經筵貶僉都御史杜善政爲户科都給事中以其勘訟失當故也冬十月吏部尙書兼東閣大學士國老參預朝政掌六部事太保燕郡公范公著卒公著爲人深沉簡重行有操術輔王於潜邸日籌畫居多當國日久法度屢有建明年七十有六卒十一月鄕試各處士人十二月旱以范質爲刑部左侍郎武惟諧爲御史󰉟副都御史阮曰庶爲僉都御史韶仕琳爲吏科都給事中國之有史尙矣我越歷代史記先正黎文休潘孚先作之於前吳士連武瓊述之於後其間事蹟之詳畧政治之得失莫不悉備於記载之中但未行鋟梓更手傳筆因循抄録不䏻無陶陰帝乕之疑迨至我朝玄宗穆皇帝臨御之𥘉頼弘祖陽王興建治平造就𭓇問命宰臣范公著等參考𦾔史有如史記外紀本紀全書本紀實録並依前史名例又參究編述自國朝荘宗裕皇帝至神宗渊皇帝增入國史命曰本紀續編付諸刊刻十纔五六第事未告竣猶藏於秘閣求䏻繼其志而述其事纂其要而集其成盖必有待於今日矣欽帷皇上陛下理會道源緝熙敬學寔頼大元帥綂國政上聖父師盛功仁明威德定王整頓乾坤綱維治教專委欽差節制各處水歩諸營兼掌政權太尉晉國公鄭柄賛㐮治化振作文風深帷史記之中明是非而公好惡森乎華衮斧鉞之榮嚴寔為萬世衡鑑乃於事幾之暇特命臣等訂考𦾔史訛者正之純者録之其世次凣例年表一如前所著述又蓃獵𦾔跡參諸野史類編自玄宗穆皇帝景治之𥘉年至嘉宗羙皇帝德元之二年凣十有三載事實亦命曰本紀續編書成上進御覽遂命工刊刻頒布天下使徔前天百年未集之事績遹底于成天下之人目是編者豁然如覩青天坦然如循大路善者知所激昂惡者知所懲𠬠推而為脩齊治平之極功綏来動和之大效端在是矣謹序正和十八年嵗在丁丑仲冬榖日奉㫖考編特進金紫榮禄大夫參從刑部尙書知中書監萊山子臣黎僖光進慎禄大夫陪從户部右侍郎廉堂男臣阮貴德弘信大夫陪從太僕寺卿知侍内書寫兵番臣阮公董弘信大夫陪從鴻矑寺卿知侍内書寫户番臣武城弘信大夫陪從奉天府尹知水師臣何宗穆進功郎陪從吏科級事中知侍内書寫户番臣阮行進功郎户科給事中臣阮致中進功郎工科給事中臣阮當褒謹事郎翰林院校理臣阮邁謹事佐郎翰林院校討臣阮湖謹事佐郎翰林院校討臣吳公擢進功郎昭文舘司訓臣陳附翼進功郎昭文舘司訓臣杜公弼内差特進金紫榮禄大夫司禮監左監丞珪祥侯臣阮俊堂奉監謄刊内差特進金紫縈禄大夫司禮監左監丞望祥侯臣吳冠倫奉監謄刊特進金紫縈禄大夫少卿副勾󰧇将臣吏燿堂子臣吳德勝奉㸔謄寫副該合将臣吏少卿洪江男臣棃仕勳奉属㸔謄優中侍内書寫兵番臣髙登朝奉謄優中侍内書寫兵番臣杜公廉奉謄優中侍内書寫水兵番臣鄧有斐奉謄優中都吏臣阮有德奉謄梓人紅录柳幢等社人奉刊大越史記續編書盖史以記事為主有一代之治必有一代之史而史之載筆持論甚嚴如黼黻至治與日月而並明铁鉞亂賊與秋霜而俱厲善者知可以為法惡者知可以為戒䦕係治體不為不多故有爲而作也粤自我國繼天地之開闢鴻庞氏首出御世歷至國朝黎恭皇有君有臣有體統其政治之得失世道之隆汚禮樂之興󰲝人物之賢否莫不僃載於史󰀋之中試嘗考之昔翰林院學士兼國史院監修黎文休承陳太宗之命編大越史記自趙武帝至李昭皇及修史官潘孚先奉皇朝仁宗命續編大越史記自陳太宗至明人還國其抑揚大義已昭昭於史筆之公論矣迨聖宗淳皇帝稟睿智之資厲英雄之志拓土開疆創法定制尤䏻留意史籍乃於洪德十年間命禮部左侍郎兼國子監司業吳士連纂修大越史記全書襄翼帝於洪順三年命兵部尙書兼國子監司業兼史官都總裁武󰔂撰大越通鑑述自鴻庞氏至十二使君别為外紀自丁先皇至國朝太祖髙皇帝大定天下𥘉年為本紀其筆削大法又炳炳於史筆之徵㫖矣至於洪順六年又命少保禮部尙書東閣大學士兼國子監祭酒知經筵事󰦛書伯黎嵩𢮪大越通鑑總論可謂篤志於史學而其是非亦不䏻逃於公議矣暨光紹五年又命禮部尙書史官副都總裁知昭文舘秀林局鄧鳴謙作詠史詩集亦可謂䏻求諷詠於詩而考見其得失矣由是而觀編集國史者屢至再四但未刊板頒布致傳録錯繆不䏻無亥豕魚魯之失若不委之板正何以洗相沿之故習㢤欽惟皇上陛下嗣守丕基率循大卞日與大元帥掌國政尙師西王整飭紀綱作興文教專委欽差節制各處水步諸營兼總政柄太尉宜國公鄭根典司政本講求治理深知夫史乃正當時之名分示來世之勸懲於是渙起宸斷紬繹書史特命臣與左侍郎臣楊㵆右侍郎臣胡士揚臣阮國櫆臣鄧公瓆寺卿臣阮公壁東各神裴廷貟侍書臣陶公正待制臣吳珪府尹臣阮廷正給事中臣阮公弼翰林臣阮曰庶臣武惟斷等訂改國史自洪庞氏至恭皇紀义命續編自荘宗裕帝至神宗淵皇帝萬慶年間述為成書鋟梓頒行臣等自知󰔹線其才甕天其見目不業侯萬軸骨不世南秘書其才又出於黎鄧諸君子之下安敢馳鶩於數千載之上以僃補綴者㢤然既叨承成命不敢以淺拙辭因共加蒐獵間見抄録遺舛字義蹇澁乃推尋意義之中補輯一二使讀者易曉非敢妄為附會臆説又摭取自洪庞氏至吳使君題曰大越史記外紀全書自丁先皇至我國朝太祖髙皇帝為本紀全書並依如前史臣吳士連武瓊等之所着述也其自國朝太宗至恭皇則因前書所載題曰本紀實録又參究登柄野史及畧取當時所献各遺編述自國朝庄宗裕皇帝至神宗淵皇帝增入國史命曰大𧻗史記本紀續編總分爲二十三卷凣所續編其繋年之下非正統者及北朝年號皆两行分註與夫凣例所書一遵前史書式皆所以尊正統而黜僭偽󰁮大綱而昭監戒耳間或字義之未精句法之未當幸賴博洽諸君子補正之使人知是史之作其言正治亦古史之尙書其寓褒貶亦魯史之春秋󰱃有補於治道有裨於風教是亦考正之一助云景治三年歳在乙巳仲秋節榖日賜戊辰科同進士出身參從吏部尙書兼東閣大𭓇士少保燕郡公臣范公著奉編史以記事也而事之得失為将來之鑒戒古者列國各有史如魯之春秋晉之擣杌楚之乘是已大越居五嶺之南乃天限南北也其始祖出於神農氏之後乃天啟真主也所以䏻與北朝各帝一方焉奈史籍闕於紀載而事實出於傳聞文涉恠誕事或遺忘以至謄寫之失真紀録之繁冗徒為嵬目将何鑒焉至陳太宗始命學士黎文休重修自趙武帝以下至李招皇初年本朝仁宗又命修史潘孚先續編自陳太宗以下至明人睘國皆以大越史記名然後歷代事蹟彰可鑒文休陳時大手筆也孚先聖朝故老人也皆奉詔編其本國之史旁蒐遺史會輯成書史後之覽者無遺憾焉可也而記志猶有未僃義例猶有未當文字猶有未安讀者不能無憾焉獨胡宗鷟越史綱目有作書事慎重而有法評事切當而不冗殆亦庶幾火之後其書不傳意若有待皇上中興崇儒重道儒典考文廼於光順年間詔求也史及家人所藏古今傳記悉令奏進以僃參考又命儒臣討論編次臣前在史院嘗預焉及再入也而其書已上進藏之東閤莫得之見竊自惟念幸祭明時漸無補報輙不自揆取先正二書校正編摩增入外紀一卷凣若干卷名曰大越史記全書遺忘者補之例有未當者正之文有未安者改之間有𦎍惡可以勸懲者贅鄙見於其後極知僭妄罪無所逃然職在當為不敢以才識謭陋為辭謹編定成書留之史舘雖未能公是於萬年猶足資󰏲考之一助云洪德十年歳在己亥冬至節賜大寶壬戌科同進士禮部右侍郎朝列大夫兼兼史官修𢮪吳士連序禮部右侍郎朝列大夫兼國子監司業兼史官修撰臣吳士連兹者伏𫎇聖恩除臣舘職臣取前大越史記二書參以野史輯成大越史記全書謹謄為十五卷奏進臣吳士連成惶誠恐󰏲首頓首上言伏以文風大振適當景運之興史筆重修載纂歷朝之紀俯殫管見󰱆達隆知臣竊惟古有信書國之大典所以紀國綂之離所以明治化之隆污盖欲垂監戒於将來𡸈特著幾徵於既徃必善惡具形褒貶始足示於勸懲必翰墨久役心神方可觀於著述非苟作者𡸈易言哉鷖大越史記之書載前代帝王之正粤肇南󰘊之繼嗣實與北朝而抗衡綂緒之傳億萬年與天罔極英明之君六七作于古有光雖強弱時或不同而豪傑世未嘗乏觀之在昔厥有可󰏲吳氏以前慨亂多而治少李氏而後漸世变以風移夫極治者亂生而履霜者氷至賊臣因之盜㨿敵國以是來侵满地干戈莫匪狂明之㓂一國圖籍翻為洁劫之灰欲求事跡於煨烬之餘難免是非於亥豕之辨於皇昭代思釆陳編下明詔以購求蒐散書而萃集既命朝士檢閲討論又勑儒臣縂裁潤色務兹簡實捐彼浮華臣當直舘之初得預濡毫之列倐遭家禍莫覩成書念夙志之未酧釆羣言而增校僃歷代君臣之蹟明古今治亂之原歳周於上而天道明統正於下而人紀立以至禮樂征伐與夫制度紀綱莫不正其謬訛補其闕畧間有䦕於風化附臆説以𭛁明名曰大越史記全書增入鴻庞蜀王外紀總若干卷今已成編效馬史之編年第慚補綴法麟經之比事敢望謹嚴但於彜倫日用之常與其致知格物之學嘗於燕暇少僃覽觀傳信傳疑期汗青之無愧繁辝繁事庶文献之足徵臣吳士連下情無任瞻天仰聖激切屏營之至謹装潢成帙封全隨表上進以聞洪德十年歳在己亥冬至節一是書之作本黎文休潘孚先大越史記二書參以北史野史傳至諸本及所傳授見聞考技編輯爲之其記始於吳王者王我越人當南北分争之時䏻󰈫亂興󰘊以繼䧺王趙武之統故也今依武瓊所󰖠著本紀全書水自丁先皇以明其大一統也一歷代帝王在位久近前帝前王於某年創業以是年爲在位之首年至某年崩薨禪讓或弑後帝後王即位改元則是年猶爲前帝前王在位其或崩薨禪讓在某年之春夏則是年爲後帝後王在位之首年而春夏之月爲前帝前王之奇零月如崩薨禪讓在嵗終逆數在位之年猶有不盡之月亦爲奇零月至若楊日禮僣位雖已逾年然陳家曆數猶相接故以前年属裕宗後年属藝宗而通計焉附録日禮一趙紀當北朝漢高惠文景之世以建亥爲嵗首者庶考之朱子綱目不爲謬矣一士王之時雖有守任然王以諸侯當國國人皆呼爲王守任徒爲虚設而王之貴重威服百蠻不下趙武後代追封王爵故表而出之𭁈諸王同然乘亂用杜英翰計圍都護府守任官病子乃入居府治未正位號尋沒其子始尊以王爵故微之也一黎中宗即位三日而遇害雖未逾年然諸王争立凣八月實中宗嗣位之年一陳末二胡之後明人併㨿凣二十年止以四年属明者盖癸巳以前簡定重光猶係陳緒戊戌以後我朝太祖高皇帝已起義兵故不以属明書正國統也一外紀全書自鴻庞氏至吳使君舊史編爲一集并本己全書自李太祖至昭皇編爲一集自陳太宗至明宗編爲一集陳憲宗至重光帝編爲一集及本己實錄國朝聖宗淳皇帝一集分爲上下二集以便觀覽一恭皇爲權神莫登庸篡弑自丁亥至壬辰九六年無有位號則以次年紀之其莫僣則两行分註於次年之下以尊正統沮僣竊也一莊宗自癸巳年起義即位于行在萬賴󰀋雖未混一中元亦以正統書之明其爲帝胄承大統也一中宗英宗起義即位並以繼統書之明國緒相傳也一神宗在位二十五年書爲神宗上其遜位六年書在真宗紀又復帝位十三年書爲神宗下凣例畢鴻庞氏紀起壬戌至癸卯年凣二千六百二十二年卷之二趙氏紀起甲午至庚午凣九十七年武帝在位七十一年明王在位十二年属西漢紀起辛未至己亥凣一百四十九年徵女王紀起庚子至壬寅凣三年徵王在位三年属東漢紀起癸卯至丙寅凣一百四十曲節度父子共十四年楊正公在位八年吳氏紀起己亥至丁卯凣二十九年前吳王在位六年楊三哥簒位六年先皇在位十二年紀元者一太平凣十二廢帝在位一年仍太平年號黎紀起辛巳至己酉凣二十九年大行皇帝在位二十四年紀景瑞凣四卷之二李紀起庚戌至乙酉年凣二百十六年太祖皇帝在位十八年紀元者一順天凣十八太宗皇帝在位二十七年卷之三龍瑞太平凣四彰聖嘉慶凣七龍章天嗣凣三天貺寳象凣一天符睿武凣七天符慶壽凣一神宗皇帝在位十一年紀元者二天順凣六天彰寳嗣凣五英宗皇帝在位三十七年紀元天嘉寳祐凣三治平龍應凣五惠宗皇帝在位十四年紀元者一建嘉凣十四天章有道凣一昭皇在位一年仍天章有道號聖宗皇帝在位二十一年紀元者二紹隆凣十五寳符凣六仁宗皇帝在位十四年紀元者二紹寳凣六重興凣八憲宗皇帝在位十二年紀元者一開祐凣十二附楊日禮六月以後卷之八昌符凣十二順宗皇帝在位九年紀元者一光泰凣九少帝在位二年紀元者一後陳紀起丁亥至癸巳凣七年簡定帝在位二年紀元者一興慶凣二重光帝在位五年紀元者一重光凣五順天凣六卷之十一太宗文皇帝在位九年紀元者二紹平凣七大寳凣二仁宗宣皇帝在位十七年紀元者二洪德凣二十五憲宗睿皇帝在位七年紀元者一景統凣七肅宗欽皇帝在位一年紀元者端慶凣五卷之十五洪順凣七陀陽王在位六年紀元者一光紹凣六恭皇在位五年紀元者一莊宗裕帝在位十六年紀元者一元和凣十六附莫登瀛大正八年福海廣和六年福源永定一年景曆一年洪福凣一附莫福源光寳五年茂洽淳福五年崇康六年卷之十七神宗淵皇帝上在位二十五年紀元者三永祚凣十德隆凣七陽和凣八真宗順皇帝在位七年紀元者一玄宗穆皇帝在位九年紀元者一景治凣九嘉宗美皇帝在位四年紀元者二陽德凣三德元凣一皇黎朝萬萬世越鑑通考總論臣聞󰔄典即󰔄書自孔子刪尙書以為典謨而帝王脩齊治平之道益彰春秋本魯史自孔子脩春秋以定褒貶而天子與禮命討之權益重是以聖帝明王之治天下有志於任君師之責不可不究帝王之學有志於究帝王之學不可不明古今之理然則諸史有作所以為歷大人君之黾鑑意在矣欽惟皇上陛下聖學髙明道心純粹紹祖功宗德之休應天與人㱕之會大業既成治功已定乃銳意太平留心墳典有志於帝王之學洞究乎聖賢之書覧聖宗淳皇帝天南餘暇諸集而監夫聖謨典則之詳懌德宗建皇帝樂宛餘閑各編而會夫帝範渊原之意燕暇則隨事詩賦言形警戒即󰔄舜勑天之𰙔也噐皿則寓理制銘心存脩省即殷湯盤銘之戒也凡其經天緯地之文治國齊家之道靡不貫通日啟經筵講求治理乃命兵部尙書國子監司業兼史舘都總裁臣武瓊𪮙越鑑通考述自洪庞氏至十二使君列為外紀自丁先皇至國朝太祖髙皇帝大定之初年着為本紀凡二十六卷大而三綱五常之道以至事物細微之理莫不該載又命秘書監黄樞等寫為列本以垂永久皇上陛下以宸心淵廣而包括乎乾坤以天智光明而洞燭乎日月欲撮其大要使一覧之間而天地綱常之道益著常王治平之道益明如大綱既舉而󰕛目畢張如明鏡既懸而萬象皆照其有關於世教者大矣乃命臣黎嵩為之總論顧臣學識迂踈見聞淺薄奚足以商確古今𭛁揮至理然既叨奉明詔敢不對揚聖天子之休命乎臣謹拜手󰏲首而献論曰臣聞周易曰有天地然後有萬物有萬物然後有夫婦有夫婦然後有父子有父子然後有君臣此綱常之道所由著也此治平之道所由行也然則天地之道不能外綱常以立極帝王之道𡸈䏻外綱常以為治㢤粤自洪庞氏經陽王繼神農之後娶洞庭君女明夫婦之道正風化之原君焉則以德化民垂衣掑手民焉則耕田𮢶井出作入息其炎帝太古之風󰊹貉龍君繼鴻庞之世娶甌貉氏女而生有百男之祥百粤之祖實始於此享國歷年最為久長富壽多男自古以來未之有也䧺王嗣貉龍之統務施德惠而撫綏其民專事農桑之業靡有兵戈之警繼世子孫並以䧺王為號祚凡十八世𡻕經二千餘年結䋲為政民無詐偽可見淳厖樸野之俗矣後王德衰怠於政事廢武僃而不脩󰱏酒色以為樂蜀兵一至而國綂遂亡安陽王西徒巴蜀南烕䧺王都于螺城保有甌貉得龟爪之弩却秦人之兵狃於戰勝安樂而驕趙兵來攻而邊疆失守趙武帝承秦之亂奄有領表都于番禺與漢髙祖各帝一方有爱民之仁有保󰘊之智武功懾乎蠶叢文教振乎象郡以詩書而化訓國俗以仁義而固結人心教民耕種國富兵強至於遣使一節詞極謙遜南北交歡天下無事享國百有餘年真英雄才畧之主也文王以武帝之嫡孫纘承𦾔業凡其制度典章一遵先王成憲感鄰以義却敵亦繼體守成之君也明王嗣德之初安於縱弛樛后得寵越姬見󰲝國中不睦紀綱大亂哀王以童稚之年昧經國之理母后驕滛權臣執政而趙家基業卒至陵夷術陽王以哀王之兄建立於權臣之守智力短淺強虜來侵而趙氏基圖從茲蕧没迹其哀王之禍雖出於吕嘉而實由明王寵嬖樛后以啟之也女色之傾人國家如此深可為戒逮夫徵王胃出雄王之後姊妹俱以勇畧聞念蘇定苛政紏率諸部奮󰁮雄師大振威名郡縣響應故䏻畧定嶺外六十五成盡復南越故境亦女中之豪傑也然天不祚貉漢兵來侵向使當時有英雄才畧之主則漢𡸈敢窺於梅嶺㢤士王習魯國之風流學問博洽謙虚下士化國俗以詩書淑人心以禮樂治國踰四十年境内無事然而子徽輕信士匡之言不設兵僃遂為吕岱所害趙嫗以九真之女聚徒山中攻破城邑諸部景從易於反掌雖未㨿嶺表如徵王故事亦女中之雄才也前南帝有聰明之至性僃文武之奇才北逐蕭諮南平林邑建國號正尊稱置百官紀年號有帝王䂓畫之大畧奈何澈湖之師已潰覇先之寇方張白牛之書盖有天數也桃郎王以南帝之兄收餘烬之卒一戦而敗退保野䏻盖其威力不足也趙越王接前南帝之統保有朱鳶之地初與桃郎乘時而稱王卒與後李分國而共治幸得龍爪之瑞大破全梁之兵奈何螺城之築未乾鴉海之師隨溺鵝毛之禍是誰𠧨也業承二兄治踰四紀然背義而滅趙望風而降隋遂成北狩之辱由其自取也嗚呼天命靡常人心難信前乎安陽王恃有龜爪之瑞怠心一形而國隨以滅後乎趙𧻗王恃有龍爪之祥驕心一生而國隨以亡祥瑞之事果何益㢤趙武帝使仲始托婚於安陽王之女乃窃其龜爪以伐安陽王而取其國則趙武帝之計險矣而趙氏尋滅於漢後南帝使雅郎托娶於趙𧻗王之女乃窃其龍爪以伐趙𧻗王而移其祚則後南帝之術深矣而李氏卒陷於隋滅人之國人亦滅其國天道昭昭足為明戒梅黒帝起自驩州忿楚客之虐政󰁮兵攻之南㨿海嶺北距李唐可謂豪傑之主也惜其禦㓂非才人心寡助而不䏻遏楊思朂之乱也馮布盖以唐林之英豪惡正平之苛虐兄弟乘時屈起拯民󰰻乱布德立功可謂仁厚之主也惜其子安不䏻嗣守見立於破𣂷迎降於趙昌雖有杜英翰謀國之臣亦無救乎馮氏之亡也曲先主世爲巨族䧺睿智畧因唐之亡群心爱戴共推為主都于羅城民安國治功德永垂享年弗久曲中主克承先業綽有祖風運籌决勝出人意表𭁈北朝諸國而抗衡為我𧻗之令主定府籍𬋩甲之職制度稍立中道崩殂至於後主瀆於干戈賦繁役重百姓怨嗟尋為南漢所滅楊正公念我𧻗土宇久為南漢所併收用豪傑大興󰒂旅两敗賊将尽復轝圖然僃患無謀更為󰒂兒所弑吳先主誅公羡之賊臣破弘操之勍敵置文武百官之階定律令衣服之制真𦙟世之奇才也然顧托非人禍及後嗣楊三哥以外戚之親受托孤之寄然廢主自立難迯簒弑之誅吳後主克復祖宗之業保安境内之民足爲承平之主然政尚姑息黷於武功禍及其身天策王以主之嫡嗣始爲奸臣所簒而不䏻正其罪終以南晋所逼而不䏻讓其功𢫔作威福之權竟失友于之義皆庸才之主也嗟夫自有天地即有綱常父為子綱君為臣綱萬古截然而不可紊橋矯公罕㨿峯州阮太平㨿三帶杜景碩㨿杜洞阮守捷㨿仙逰各守封域莫䏻相攝世道至此風俗澆漓甚矣十二使君皆吳王之舊臣當後主親征唐阮為毒矢所中而殂爲臣下者固宜復讎致討而雪後主之耻可也亦當圖立嗣君以繼先主之統可也胡乃君既遇害臣皆恝心各相雄長僣僞紛紜非惟得罪於當時抑亦貽譏於後世卒為丁先皇所定固其宜也故史臣於十二使君以前著爲外紀以别内外之分自丁先皇以後著爲正統以明君臣之分世道升降之幾於此可以見矣丁先皇因吳國之䘮乱平十二使君天𭁈人㱕轝圖混一任丁佃阮匐刘基鄭琇之儔為之輔佐剏制朝󰀩定立軍旅我𧻗正統之君實自此始論其平戎破敵功則偉矣然宗庙未立𭓇校未建設鼎養虎以爲刑獄之具遺犀納象徒爲貢献之勞禮樂刑政之不脩重門擊柝之不謹卒使身弑國危禍及其子是防微杜漸之無謀也少帝以幼虫之年嗣艱大之業國家多難社稷傾危加以占㓂擾其南宋師侵其北權臣攝政國内離心丁氏訖籙是保󰘊制治之無策也盖丁氏之興雖出於天数及其衰也由三綱之不正焉先皇廢嫡立少而父子之恩暌五后並立而夫婦之倫紊𫳭任杜釋以成簒弑之禍而君臣之道䘮是則丁氏之興由於先皇丁氏之亡亦由於先皇非天命之不佑盖人謀之弗臧也黎大行擁十道之權行居攝之事主少國危乘時受命誅占城主以雪執使之耻摧趙宋師以挫必勝之謀用洪献巨俩徐穆子安之流為之左右耕籍田於龍隊徵處士於象山󰱇用賢良創立𭓇校有帝王之大畧然土木繁興以金玉而飭其宫室干戈屡起以草芥而視其人民雖欲不衰其可得乎中宗奉大行之遺詔入承國統赦母弟簒弑之罪而政失於柔懦卧朝不君弑兄虐眾以火焦刀鋸而爲刑以木杪水牢而為獄溺乱女色伐性傷生雖欲不亡其可得乎盖大行之興雖出於眾心及其亡也亦由三綱之不正焉大行廢丁皇之子而降為衛王則無君臣之󰒂生子有九而不早定皇儲則無父子之恩立后有五而上蒸丁后則無夫婦之道知有欲而不知有󰒂知有身而不知有子好殺而不好生好刑而不好德身既亡而國隨滅由不仁之積也李太祖因卧朝之失德恊震文之休祥應天順人乘時啓運有寬人之大度有宏遠之䂓模迁都定鼎敬天愛民田租有賜賦役有制南北通好天下晏然然聖𭓇不開儒風未振僧尼半於民間佛寺滿於天下非創業垂統之道也太宗勇智兼全征伐四克友好友之德習禮樂之文討賊平戎勸農耕籍伸寃有鍾制刑有律爲守成之令主也然耽僊遊詩偈之禅感西天𰙔調之曲非經國子民之道也聖宗恤民重農柔遠䏻迩置博𭓇之科重養廉之令秘閣之有其官明倫之有其制文脩武僃海内謐寕爲嗣德之賢君也然疲民力以築報天之㙮費民財以造霪潭之宫此其短也仁宗天資仁孝稱爲盛德重名臣之󰱇置進士之科侍經筵之有其官開言路之有其詔求賢納諫薄賦輕徭故䏻身致太平俗臻殷富足為承平之令主也然開覧山宴而咱母后之盤遊鑄龜田鍾而𨺻僧尼之簧惑此其失也神宗脩政立事任賢使䏻設宏詞之科定兵農之令政則勤矣然酷好祥瑞崇尚浮屠破敵而㱕功於佛献鹿而得濫其官何其愚也英宗設講武之塲以嚴武僃脩孔子之庙以振文風籍田有耕圜法有立治則詳矣然儉邪莫辨賞罰不明𫳭任奸臣而開象脚之路崇信佛老而制僧道之科何其暗也髙宗初年專任蘇憲誠李敬脩之賢臣共圖政治賑貧有令求賢有詔故天資嘉瑞以前其政猶有可觀至天嘉寳祐以後土木蝟興盗賊蜂起而亡國之兆已萌於此矣惠宗󰱏縱荒淫委政蘇忠嗣陳慶餘之權臣君弱臣強天怨民怒政暴刑繁民窮盗起而䘮國之兆以决於斯矣加以昭皇女主負苛不堪陳氏因之以移李祚可勝惜㢤抑又論之李朝之時世更八帝傳祚二百餘年所可稱者太祖有帝王之量太宗有智勇之資聖宗有愛民之仁仁宗有惠民之德然太祖立后者三情牽於爱而家道不正太宗制峯有五當哀而樂而孝道以𧇊聖宗蹈太祖之轍而立后過制仁宗惑生母之言而幽殺嫡母至於禁嫁百官之女則神宗溺乱女色之迷也爱養滛乱之臣則英宗嬖𫳭儉人之過也髙宗以荒滛爲樂惠宗以酒色自娛帝王脩齊治平之道果如是乎在朝之臣則有李道成之托孤蘇憲誠之輔政彷彿乎伊尹周公之忠爱固可嘉矣至於陶甘沐陶碩輔梁任文陶處中李道紀廖嘉貞金英傑曹良翰楊景通魏仲弘刘禹儞李公平黄義賢李敬脩之諸彦不䏻正其君以成俗宜其治之不古若也他如杜英武之驕滛譚以𫎇之暴横何足道㢤陳太宗應天命之㱕受昭皇之樿有仁厚之德有簡重之容討叛保民設科取宰相則擇宗室賢䏻朝典則定禮󰀩刑律陳家制度由此而興然閨門慙德踵於唐太之昏風聖宗有仁恕之心有孝悌之德仁親睦族尊賢重道侍經筵則擇其賢良輔東宫則󰱇其德行陳家基業由此而固然釋教󰱏心流於梁武之弊習仁宗得聖賢之精有金僊之相體質渾全慈仁和易下詔賑貧而民心益固󰱇将禦戎而元㓂以平重興事業昭映千古足爲陳家之賢君然遊心釋典而築天健之庵給養僧尼而鑄普明之鼎非帝王之治也英宗定朝班文武之階制士人科󰁮之式大旱則録囚大飢則賑貸治急養民政先風憲文物制度渙然一新亦足為陳家之令主然從沙門於安子之山勞民力於英雲之閣非帝王之量也明宗天性謙冲受英宗議逰神於翰墨之娛馳筆於水雲之集勸賢有詩嗜酒有戒似可稱矣然官制冗多刑獄寃濫輕信克終之奸以致國頊之死𡸈不爲聰明之玷乎憲宗天資英睿運撫承平撰御書則有集教皇子則有詩隨朝𭓇士之定其令著作典雅之有其官築石堤以防水患立倉漕以賑流民亦可嘉矣然逍遙於甘露之峰勤懇於瓊林之佛逐日博戲以爲娛頻年災異而不𮗓𡸈不為人明之累乎裕宗至性聰敏𭓇問髙明武僃文脩四夷賓服紹豊大治之時政事悉󰁮似可取矣然而晚節信任鄒庚縱聚麀之欲開暏博之塲荒游無度飢饉荐臻陳家之業由此而衰藝宗削平内難光復舊物有敬天爱民之實有保󰘊制治之䂓僊逰有取士之科葆和有餘暇之集定國朝禮󰀩之制除沙州截脚之令䂓模功烈炳彪宇宙然恭儉有餘而剛斷不足外而占㓂侵逼京畿内而逆胡窺窬神噐陳家之業由此而亡睿宗受神之初留心圖治󰱇将練兵設科取士帝箴有制皇訓有書自可有為然𫳭任外戚以啓奸臣僣竊之謀拒黎錫忠諫之䟽聽子平詭奏之言親征占城輕入倚忙之洞忿兵取禍卒殞其身簡皇童心益甚秉德不常運寶貨以臧天健之山頒旗劎以厚季犛之賜禦㓂無謀威令不振卒使蒲黄得志而資福見囚順宗聽命權臣徒擁虚噐金甌之役未󰰾石城之宴方醲列侯就誅至靈㱕隱卒使赤觜横行而玉清見逼少帝以幼冲之年廢立之權出於胡季犛之口而陳家之祚亡矣抑又論之陳家歷代凡十二帝享國一百七十餘年所可稱者太宗有帝王之量聖宗有仁厚之德仁宗有重興之功英宗有達孝之實明宗有文治之稱矣至於陳光啓馮佐周陳元旦范五老段汝諧張漢超丁拱垣范師孟阮忠彦黎伯适之諸賢而時君或以見踈宜其治之不古若也他如陳克終之奸邪陳慶餘之貪鄙何足𬢱㢤大抵李陳之亡雖由綱常之紊亂亦由異端之蠱惑𭛁庫钱而造佛像𭛁庫銅而鑄洪鍾𭛁庫紙而寫佛經李朝之事佛謹矣然殺李氏之子孫者纔出於陳守度之兇險而佛不䏻救以天子而爲大士以妃嬪而爲丘尼以王主而爲僧眾陳家之事佛篤矣然弑陳氏之宗室者皆出於胡季犛之奸甚而佛不䏻度則奉佛之事果何補㢤若夫胡季犛倚掖庭之親稔奸臣之惡肆虐以暴其民欺君而簒其位罪盈怨積海内離心明人入㓂身虜國亡死作他鄕之鬼卒為天下所笑胡漢蒼承簒國之後行暴民之政明人南侵而䦕河失守社稷為墟天綱恢恢踈而不漏嗚呼禮莫大於分分莫大於名名分者國之隄防不可不謹名分正則綱常立彼龍鋌以弟弑兄而簒其國是乱賊之尤也而史臣乃以皇帝書之則名不正矣季犛以臣弑君而奪其位是奸臣之魁也而史臣乃以先主書之則分不明矣若按春秋之法定褒貶之公固當削卧朝之僞稱以誅逆賊去季犛之僣號以討奸臣然後正名分於當時扶綱常於萬世而史臣之謬可盡洗矣至若陳家忠義之臣如周居敬陳平仲阮翰陳錫阮鋭陶堅陳實黎桶陳紹范玄齡黎亞夫阮决阮雲霓阮訶黎勤刘常阮沆何德鄰陳渴真梁元彪之諸賢正氣猶存芳名不朽其節󰒂之稱不可枚󰁮為陳家而思報仇裴伯耆之心即包胥豫讓之心也為陳家而請立後黎景詢之心即舅犯仁傑之心也萬言之書忠貫日月非斯文之力乎七斬之疏󰒂感鬼神非吾儒之功乎惜其時君昏暗不䏻信聽以𦤶淪亡無足怪矣迨夫後陳簡定帝即位於播迁之餘有鄧悉景真之徒與之恊謀奮興󰒂旅致討明賊逋姑之戦幾復陳祚所謂仁󰒂之師也輕信讒言遽殺良将速取於敗陳重光帝即位於離乱之際有鄧容阮帥之儔𭁈之戮力共圖帝業蔡茄之捷軍聲大振所謂復讐之󰁮也夫何将帥不和失其機會遂至於亡嗟夫鄧悉景真以讒見殺而明人入㓂視夫檀道濟見殺而魏人來侵岳武穆見殺而金人入㓂讒侫覆人國家前後一轍人君用舍之際不可不謹閏胡既虜後陳亦亡境内爪分蝠裂甚於周季之時官吏法峻刑苛慘於秦亡之日由是明人肆虐生民塗炭未有甚於此時也幸頼天道好還人心恊順洪惟國朝太祖髙皇帝以殷湯智勇之資奮周武仁󰒂之旅收用豪傑掃蕩妖氛雖以明将梟䧺如柳昇梁銘之軰皆陣𨺻而屍輿狡譎如崔聚黄福之徒亦計窮而靣縛二十餘年之乱一旦削平山河以之改觀海宇以之寕謚由太祖髙皇帝勇智寬仁君臣恊心同德之所𦤶也觀其帝之神武不殺即天地之心也秋豪無犯即天地之量也秋養諸路流民即天地之仁也放㱕十萬降卒即天地之德也󰁮賢有令即成湯之立賢無方也論降有書即成湯之代虐以寬也兵農有法即武王之農用八政也牧民有條即武王之𫳭綏四方也論以十條軍政講君臣之󰒂也布以六條教化明父子之倫也慎重刑罰謹號令之信也結好明國存交鄰之禮也若夫建太庙以奉祖考設𭓇校以明人倫平吳大誥無非仁義忠信之言藍山實録無非脩齊治平之道宜乎定大越之乾坤奠皇圖之社稷𡸈趙丁李陳所䏻及㢤然後知帝王大業也鋼常正道也鋼常立而帝王之大業以成仁󰒂明而天下之大噐以定湯武推仁󰒂之心爽仁󰒂之師其得天下以正守天下以仁故䏻臻有道之長欽惟太祖髙皇帝取天下於狂明㓂亂之餘其得天下也甚正其守天下也以仁尤必維持之以󰒂固結之以仁照臨之以智範圍之以信其脩齊治平之道則𭁈唐󰔄三代而比隆于以衍億載綿洪之業其積累固非一日矣方今皇上陛下恢太祖髙皇帝之洪圖備太祖髙皇帝之良法特命臣𢮪𧻗鑑通考總論盖以扶天地綱常之道明帝王治亂之原𭁈夫述太祖髙皇帝創業之艱難使天下後世誦念而不忘焉皇帝陛下於萬幾之暇講明治道讀趙丁李陳之事則知天命人心之去留識國統󰘊圖之隆賛辨君子小人之消長察氣数風俗之盛衰而歷代政事之得失可得而明矣讀本朝太祖髙皇帝創業之事則想卧薪嘗膽之焦勞念沐雨櫛風之艰苦審制治保󰘊之至計恢子民經國之遠圖而聖朝宏遠䂓模可得而見矣於是聖𭓇益以髙明聖域益以深造治道益以尊隆所以爲天地而立心所以爲綱常而立極為生民而立命為億萬世而開太平于以奠國勢於泰盤于以措生民於袵席而帝王大業洪圖𭁈天地同悠久矣洪順六年甲戌仲秋賜甲辰科進士特進金紫榮禄大夫少保禮部尚書東閣大𭓇士兼國子監祭酒知經筵事󰦛書伯柱國臣黎嵩謹奉勅𢮪,Chinese
gia-pha-cao-tran.no.txt,高族世次譜籙序天錫姓以立宗本系所自出而起家稱鼻祖繼緒當思不忘我高族發迹自陳家肇基禋于衙渚前作後述肯溝肯堂仰深啟佑之人更切作求之念爰是集為譜籙永示宗祧庶乎祀事孔明而世次可紀者也陳貴公字無心陳一郎字福善,Nom
gia-pha-cao-tran.no.txt,公諱罗翁芃原前在清化省雷陽縣盛美社俗號罗渡𣖙始遷于茲改姓爲高蓋字公始也太祖妣黃氏一娘號慈信九月二十九日忌墓在舊貫妣生得三男長高一郎字真性集爵平論公早沒無後墓在舊貫八月十九日忌次曰公弼三曰季郎字孝良早沒無後墓在舊貫八月二十三日忌,Nom
gia-pha-cao-tran.no.txt,四女高一娘號慈清俗罗婆度七月初三日忌二娘號慈在九月十五日忌三娘號慈明俗罗婆壽八月二十四日忌,Nom
gia-pha-cao-tran.no.txt,按吾族自無意公將公于玆新邑一父一子此時人丁尚存稀少至于公三房廣嗣疌有瓜瓞綿生之兆莧此則公誠起家之祖也妣尹三娘號慈忍墓在土宅六度次七十一月初六日忌妣生二男長曰翁耀字忠直未有妻子早沒七月初五日忌次諱罗翁森後改名功盖一女高氏行一號慈幸俗罗婆生六月十六日忌次妣阮氏行號慈緣七月十五日忌墓塟未詳妣生二男長諱祿後改名選二諱利後改功吏俗號罗翁輸一女高氏榴號慈嚴俗罗婆簿僚四月十一日忌,Nom
gia-pha-cao-tran.no.txt,三妣阮氏行號慈賢八月二十三日忌墓未詳妣生二男一諱儞後改名遂一女高氏號妙姿俗號罗婆往正月十五日忌,Nom
hich-danh-trinh.no.txt,恨國傅歯峼背上戼西山唱義勤王苉卥垠焈廏堚匇矯党逆撻謀岌紤畱卥扅湄霪欺旱矯窮人沙準淋炭叿峼俼群咜頉富春,Nom
hich-danh-trinh.no.txt,亁玌辸吏基圖華夏儍別辻俼固斎賊戶張櫲遍氾厰份俸吹侙搩爭倈碎茹夏沛收回侼搩侙蚌鷸當群對炦軐鯨狼澃窖緫碒外瀓坘救援乄名民驚亂舉兵弔罰瑇亖岲承危底腋準承平戼餒流離,Nom
hich-danh-trinh.no.txt,廣南它撅瀝樚塵順化吏剾衛坡憥南沒綨沁鯨滂焔機太平蹱待乑媑北亖城信雁荗安僟救援憹鐭澃便感功德噖黎敢負弄權行戶鄭讱牐辻皇帝撻空甧搩隰牢絤獕鄧罪黃巢拯固峼貞挑緈侟屏乨端王強煏腋無君,Nom
hich-danh-trinh.no.txt,謀篡奪戼峼背父長宮本汖哰卥嫡權吒槒背泊澃乭殿都雖珷岺仍英命吒僲爭欺澃沛碒拯兌彣坘顧命炦儍鐭侟準梓宮遣沒彈岞娋彈堏剾岲孝堖招笹坦底仍丗碎桰圤様曢嘺冤乑動彣俼志尊扶叿拯謀珄時敕令銀錢儍待佊詟虐杆群剾笹撨義理儍俼坦群容,Nom
hich-danh-trinh.no.txt,戈槣孟拂旗周武歯壦處正篭斜侟坦關凒馭漢皇志決娎仁啚暴插嵦本原峼寔啔腬沛俌坘桰岲向明沛瀓埃推傷士女玄黃卥世,Nom
hich-danh-trinh.no.txt,簕助順罕蜫丗別女些埃別推理沛決沒峼夏眾兮蘇些拯負民肑亁侼岲秋毫無犯軐背反籒慣如苉刼太平群底浌憻搩潮東啻拯順匇吏拒強僲篍壦振帞奵廏塩和峢玉凨賢愚坤扨歄俼恩買威俌告坘恒順呍逆默峼埃決,Nom
hoanh-phi-cau-doi-page-3-29-manual.no.txt,教養人才𡽫滝𨷈祿節占𢗼民計坦渃萬𦭒春㳥禮幅貞春坦渃𨷈紅千紫熷𤇊穹景節𡽫滝𤾓色萬牟𨒺𠄼占𢗼産出經盈窖了儉勤𨒺𠄼節𦊚務磊搷餒𣑺𢫖生能周到𦊚務春學丐買𢖵條初共爰𬧐文明現代除奸貪摳敝難決待𨀤落後𧹅難𡶀𢌌滝𨱽准准𦹵花𠓨會𡤓民𢀭渃孟𣈜𣈜通牒報信春吨𣳮春𧗱坦渃迍嘲時𢷮𡤓𢜠𢝙節𦥃𡽫滝歡喜𣇜庚新𫼳義𡚚於𠁀局戰斗空𨀤沒𨀈𥙩至高𠓨陣𨀈長征庄管堆蹎重德貴才坦渃𢜠𢝙𠓨會𡤓惵文孟武𡽫滝鮮創𤎜𠦳初勝跡名藍𥋴景強𬁷坦渃奇山秀水啂𢚸決與𡽫滝忠貝渃𧶄獨立自由㐌捨身爲渃孝買民底廕𩛂幸福強篤力爲民迍節盡用時机准備行妝進𨀈𢜠春𣾼過試嘁産床氣勢𠫾𨖲浦𠓨景節熷𤇊𡳩從古潭沱情坦渃廊𨷑會春閏喋曲民歌𤁠搣義圭鄕𠦳𠄼記𢖵功恩黨𨷈課芇悁德博胡功德𠦳𠄼記碑𥒥傳統𨷈𠁀怍心肝幸福自由留𨷈課共和社會凭𠦳𠄼民族𠫾𨖲哿渃熷𤇊會𡤔賢才發展𨷈茹歡喜迍春𤯨固道固情春𨷈課順情廊義渃𢝙爲仁爲義節𥾽𥹰和意黨𢚸民祖國𠇍岸春史潭印𤊢勢渃江山𨷈萬節花𦹳𪹟咯恩𠊛文化高學術化高亙力𢪲高民智世紀買千年紀買喝𢚸𢷮買思惟干部與𫳘正廉奮斗犧生民幸福乙𥾽㭲𦮲人民𢖵勾勤儉悁命勞動渃繁榮󰑼自𦰟源𡥵𡥙草賢𤎜德前人𣳔孝義翁婆卯墨創𢚸後世攝人慈坦渃𠃅茹終坦越撑𦞁核獨立,Nom
hoanh-phi-cau-doi-page-3-29-manual.no.txt,人民𡋂朦凭𡗶南燦爛𤒘文明坦𢝙𢌌塘春𦓅劸稚頑𡏦幸福圭鄕𢜠𠁀𡤔佳才𡛔担𢫡將來迍春𨖅抉滌奸貪與凭紀綱除國難𢜠節𦥃𡏦𥾽人義尊高道理重家風𠲟濁啟沖泣裊圭鄕撑滌𫅠嘟才斗力每纏坦渃孟朝𢝙局𤯨𣈜每高𨀈𫥨塘𥋴裙襖牟𫅠如貞節民生𠄼每可𠫾泣裊𥆾時妝𢚸𢝙似花春萬琰浮沙培歷使𢜠春坦渃㐌𨖅張與傳統文明怍胣終情忠貝渃𡏦家風清歷記𢚸終義孝貝民𢆫高志強高常穿体育養生唯世局論人情𢝘廉正勸呡後世𠊛擬心庄擬占注修身積德滅內侵除國難𫳘孝忠學習前人運渃當𨖲多方化多樣化邦交𡗶自主揚高旗獨立力民㐌劸發展高發揮高內力坦人和造凭勢繁榮初軒昂蹎𨫊𦢳銅戰功綏接戰功𥙩泖赭絩𡋂獨立𫢩凭豸肝鐄腋玉潛力增強潛力󰝂𢚸崙𦂾景圭鄕油風波勿𢷮𣋀移輪崙瑟沒𢚸忠貝黨,Nom
hoanh-phi-cau-doi-page-3-29-manual.no.txt,欣𠤩𨔿春過固黨引唐民族越仰頭拱𦊚𣷷外𠄼𠄻秋意伯胡指𨇒渃𡽫雄𤎔𩈘貝𠄼州𢲫擧世界同情𢵰技藝底洡󰠢公益𢷮𡤔全民終飭拱施嘟𢧚艿𦬑人才𡽫滝統一坦渃和平𢀭仁義惵文明𦎛卯𠳐蹺𠳒伯祖國光榮家庭幸福𤎜良心𡃋道德孝忠㑏援情民初襖𡲫旗𣑯滅強暴𢫡𡽫滝事業豪雄民偉大尼蹎銅𦠘𨫊勝侵陵𡏦獨立功勞偉大黨前鋒紀元春每精花調發露𢵰份建設圭鄉大會𠃩𠊛才德得進身終飭振興坦渃祖國熷𤇊會𡤔渃𨀈唐𠫾𦠘逞閍方佳調𥘷𡶀滝𥾽憑𡋂𠸗崇文尚武堞拱萬課曲歌春𠀧𨑮𢆥安聀葩亭𬃻𦙦𡘯包觥𦊚𣷷𬙞𠃩𢆫𨤼𪫵祖國𦰟𤒘紅𤊧𤏬𠄼州頓春坦渃𦬑花𨷑𨷯清平摳毒害爲孟𢀭爰細𢜠渃圭鄉𢷮𡤔啟源勤儉滅奸貪扠𠨪𩟡進𨖲盃節青平願篤飭𡏦圭鄕𢀭惵𢀭春鮮𧺀𠡚點蘇朱𡽫渃錦花𢵯󱰎㘇垌𢝙節𥯎廊温革命電𤐝創𨳱頓春𦓅𥘷𢖵伯胡坦矮𤽸垌𢲫𪽏徐砭昆渃𤽸核嫩碧祿怯𣑳待乳細𣙺青𡲈幅帳春𤞼脿𪃿𢀱應意𡞕題句對節芌𡗂穭卒惵情𫯳穭𣦆牟𩇢垌𤲌每沔當𢷮買花󰎓色𧺀圭鄕𨷈裊頓𢜠春,Nom
hoanh-phi-cau-doi-page-3-29-manual.no.txt,𩆐𩄰窖無情𡗶兜女𤄌些庄𠇍𨑮𢆥魂渃吏魂茄鐘𢶢𤿰搈仍約自由󰑼幸福𡽫滝終亙𥘀埃乃拱如翁奇外𨑮𨤮㗂歌連㗂哭𩄎和𩙋順群懞不死意精神喭餒𡗶坦庄傷𠊛志仕𣍊𢚸兵域權民朱𡽫渃𨷑𫼳眉𩈘嘆喂江山群少𩈘英雄𥙩埃𢗼算役渃底彈昆隴仍𤴬𢚸𣊍𥇀聀夢𢢇𡽫滝姊㛪碎㐌別之兜芇主芇民芇權渃芇權𠊛𢘾固先生才操略陳濁𬌓身爲社會神聖𠓀枚𡢐群𢖵固坦固𡗶固魂吒固魂媄𥘀𢺹恨死胣冰傾聖神搖動𣦆𠦳秋買固𣊾𣉹銀𢠐𩙋匝湄沙怯幅先知𡗶𡝖󰡫國家興運唒沒𠊛共空掙塊嗷喭渃愁吉培𤴬𢚸後輩𣷷群猪𨑮𠄻𢆥𠓀𧡊具於低劍野蠻𠀧𡱩稽頭慷慨𠇍𠳒𡗶坦証明𢚸鐵石𠇍兆同胞𥉫具𧗱渃臺文化姅澄搓處𩙋湄沒陣渃𡽫滇渚湥桑滄𠇍𨑮𢆥𧣳𣷭邊𡗶彙𤊨𬌓孤忠𨕭爲渃𠁑爲民精神沕浪𢗼滝𡶀越㐌𡗉課摳鐘搈𤿰滀催魂故國𠓀合𢚸𡢐合飭事業停付托𡥙𡥵鴻精神𣩂鄧𫨩空躺𢆥乙丑𫳵疑吏𣎃𠄩丙寅喭台滝陀群㳥𡶀陀群𩄲翁𡝖𠫾兜恩渃沕群𢚸鐵石心血𤯨埃拱󰡫𠊛准南圻聀𢪀吏𠊛京城化終奇𡗶越󰑼吒坦越󰑼媄魂皮𧗱妒傷昆坤𨤮湥山河𠄩𠄶兆同胞𠊛𦓅𠊛稚𠊛蹎踸眜𤍶𫼳𧆄𠫾兜𠽔具具徹忉𦛌𡗋𦊚𠦳𢆥祖國尼𡶀尼滝尼錢棱鉑𣷭句魂𧗱𣜾𠳨𡗶𡗶固景頭庄功恩黨𠦳秋吻𢖵德博胡𨷈課空𫡾渃獨立民自由幸福𠦳𢆥坦越景𠀧圻𡋂統一和平𨷈課𡗶春武略煉雄兵綠水𠦳秋𥱬史越文才謀上將白藤沒陣勝軍元陵寢自𢆥芇𡶀傘滝沱𡽫渃抆乖𧗱坦祖文明當𣇜買𡥵鴻𡥙貉種㐻群別𢖵墓翁𨑮𠇍科群咦󱟐𡗶固福固份,Nom
hoanh-phi-cau-doi-page-3-29-manual.no.txt,𢆥𨑮𢆫成才𢜠翁強眇強夷穭糝𥝎𤇪𣎃四㘨四摸𠄼貫𦒹最𠀧𨑮怯𦑃乾坤𠺁秩吏矯魔王迻鬼𬧐󱽇曚沒挵杄造化𨷑循𫥨朱少女迍春𧗱𨕭官𠁑民𫳵朱𨕭順𠁑和夦几𬁷欣𡗉𠊛恄外廊𥪝𣱆貴乎外淹𥪝廕沒勾忍󰑼𠃩勾忴坦庄沛𫯳󰝂改𦧘𩩫𫳵鄧𡗶麻𣩂𡞕試䀡肝𦛌摱𪘵𠓀共想秦晉沒茄丕份薄沛洳坦客芇固別北南堆我󰝂挭鐄𠫾賭滝吳𢀭固少之錢󰝂沒𠄩貫空沛義𨖅空辰共薄劍𠄼𠀧𡦂噲羅情𨷯齋禪娘似渚包𥹰𣋑𢬥師𠰺經偈師㷙香𤏧畑挑𭝫願仍懞師孟跬塘淨渡車摡𢧚丿祝鐘𤿰尾拞廚廛尾抉花󰎓果供𣌋𢇡女底尾諸𬋱𨕭𣘃固花𠁑𣘃固花翁榮花碎探花書曰重華此之謂也外𡑝固杜𥪝茄固杜𤾰悶杜些朱杜詩曰悌杜不其然乎㐌卒㳚𢬣醜調欣𡨧𥐧貴乎順眜𧺀夦吏派𡗉姑盧姑祿渥趾𨖲趾𠁑蜂半行𢢅客客𢖵茄行茄行空𢖵客會𢄂𥙩𠊛𠊛爫𢧚𧵑𧵑庄爫𢧚𠊛妾爲𢚸𤽸空台腋客悶𠶣崙沛摱牟江山縿吏堆𡑝叩文武󰝂𫥨沒曲琴𨷑𢯖乾坤固𫥨𢬣買別𫥨𠓨相將試𥆁眜麻𥋳𩙋𢭸墻昂𨉞𩙋坂𦝄𥇷𨷯數眜𦝄𩖫坦𪫳𣷷𣴓蒲添渃𡶀𢜝𡗶迎拖𥙩𩄲沒𠄧旬𥗜𤽸𥙩爫𢝙課𠓀固蜍之聖𨢇𠀧𨑮𦒹傘鐄辰共盃𧗱𡢐空禮降神粓翁老庄別之文打虐册䀡𣵶𢀭糝萬固固空空𠱋仉𢫣湯空綏𨃴將士𥋳共卒車咹連砲䟢挬騎𦊚象昂昂育育妒𠊛騎馬噉𫥨𢬣渃𤄯𤃜𣱾𩵜㗳𩵜𡗶𣌝𤑈𤑈𠊛𦀑𠊛讀𠀧𤾓𦒹𨑮卷經庄神聖佛仙仍恪俗能糝萬𠦳司墨偈空君臣父子的𫥨𠊛,Nom
hoanh-phi-cau-doi-page-3-29-manual.no.txt,𩙋眷𦰟𣘃𣘃眷𩙋𦝄弄𡌠渃渃弄𦝄拁𢬣貝試𡗶高𥰊蜀𨀿𡳤䀡坦𥐇𨱽扱古鏡𫥨尋𥙩𣈖插殘衣吏底𠴔唏狀元糝𢆫𦹳𡗶越使事𨑮𢆥𤋸坦吳得辰撝輸辰𧼋恄瘴英雄苫咹𥙩課於𥙩辰𥋳𠊛些如落沒隻柑𣜰蹎固帝𠀧𤥑欽𨫊𨀈辰王𠶐古𪂮𥉫榜空𠸜𡗶坦咳文章𠁑𣷷𨇒頭𫛐𧗱茄噲𡞕媄𡞖𠲖錢𥺊𨖲𡗶印如草木𡗶南來󰝂奇山河坦北𨖅𫥨𢬣扲杆炊𥪝渃吟𤐡噴𩄲瀝𡏧塵攝蔞悁𩘩鯨核𡥵𡥙娘󱟐爲𡓅役渃𫥨拪轉缽北南兜底來行固疾秩命救病如救火𠛣𢬣咍茦爫福如爫𢀭丐𪂮𠓬洡坡滝喻𠯇餒𡥵𦓡化寔襘鳳噤嵬𠁑𤂬冰傾緣姊吏徐底繓蹎騏驥查𠓨㮲律𦛌桑蓬呂女𩚵姊㛪㗒𠀧𨑮𦒹𢆫耒泣東西南北𦊚方𡗶兜共凌名公子壳𡗶坦𠰚亙沒番尼女插弓劍琴書𠓨沒挭爫朱浽㗂丈夫鯨𡦂義𠻦寅𡥵稚喝𩭶𩮭鈂買丐𦓅𫥨坦民廚廊風景佛𠊛𠁀𧵑世渃𡽫仙花果𢚸誠󰎓供佛畑香恭奉敬家先空󰎓春𦥃之茄伵固𥛭𡗶芇㨂𨷯埃劍沒核𫈜疎貝具吀堆句對底蜍翁四時八節庚終始岸柳堆蒲欲點妝敬誠𠄩𡦂禮忠孝沒弄蜍品菓供羕迎佛祖香花誠敬獻天仙𦓅稚𧵆賒娘䏾佛旬𦝃花菓度生靈志切修道𨷈𠁀福誠心念佛萬年康𨷯𢌊青湯𠊛戈徠塘𠫾𣦎集客𫥨𠓨坦渃廚廊風景佛𧵑𠁀𠊛世渃𡽫仙塘覺悟提攜進化𨷯慈悲接引隨緣強憑強商強歷事拯𢫝庄轉庄桑滄生時仰慕慈悲沒𢚸蜍供佛謝世西天念德感淪道化神陵墓巍峨映玉朝𠸗創買廟𡑴𤊧焒焚香𨁪𦼨𥾽𥹰位正𨑮方常變現嵬高萬丈抆威儀𩙋法𩄎慈潤泣奇人間𠀧𡎝瓢𡗶景佛𢝙終窮世界𠄼州𨷯佛𨷑𫼳碑𥒥𥱬𠸜廚廊社𡑝𡗶沫渼鐘鐄𠽋㗂景圭些夢沒節夢𠄩節夢𠀧節唹節𣌋㐌醝𣌂吏醝最拱醝朱醝固󰑼包𠀧萬𦒹𠦳𣈜得𤾓丐節約咦洏沒𢆥𨑮𠄩躺奇𦊚務春𢧚佛𢧚神坦𦼨細𫢩𥱬𨁪印尼陵尼廟焒香群買貝𡽫撑固祖固先固吒固媄恩德劬勞𥘀洏,Nom
hoanh-phi-cau-doi-page-3-29-manual.no.txt,羅𡥙羅𡥵羅𣳔羅種義情報答𣋀低𣌋󰎓花念佛彌陀最供菓誦經懺悔坦渃平安𢜠德聖圭鄕盛旺迍功神𦖑㗂鐘鐄固沛𣱆行埃帝洏,Nom
hoanh-phi-cau-doi-page-3-29-manual.no.txt,𥉫𨖲閣紫想如𡗶佛於兜低著碧沒牟印景佛𣘃撑𦊚𩈘𫅠𡽫先佛固應靈由誠心信仰修𡃋菓福𤳸憑至煉㷙𣷭苦𣷷迷船濟渡花靈𤒘慧𨷯慈悲𨷯佛慈悲爫福得福機𡗶報應於𬙽及𬙽𣎃堆吝爫禮念經得𨒺年盛旺𢆥𦊚季𨖲廚禮佛求八節平安𣷭苦𣷷迷船濟渡花靈𤒘慧𨷯慈悲回鐘感動𠃩𨑮方南無佛潙成愁潙𣷭苦念偈傳通𠀧𬙞𡎝轉機𡗶扶國泰護民安鐘霜嘺噲魂今古樓𩙋𠫾𧗱䏾色空劇陳緣沒職鐄界定慧𣌋修身成佛爭世事𤾓𢆥鉑貪瞋癡𡢐芒業𠓨身𨷯空𤾓映經𤾓蘿茹淨𩙋𦹳香𦊚務本𣳔詩禮堆糝春秋﨤客書生時𧡊𢚸欲易弟此庄周𨑮𢆥孔孟𧡊娘顔色某沛𠽔呈翠翹𠫾戈梂䀩𧡊払金𢚸㐌重仲水𥇷𠓨渃曠𥆾娘媚眜來珠𧸝蔞𧸝𨢇空𧸝渃𧶭𤾓𧶭𨔿庄𧶭貫𥒥撑𡏦貢𡉕𠁑擃𡉕𨕭𤮞赤立𠑢笠𡢐提笠𠓀𡥵𡘮吒如𪀄離祖𣘃㦖朗𫳵𩙋拯停德媄高𠼪審切疎癡𠃩𡦂𢚸𡥵報答唅𠿯𡬷𦹵𠀧春翁𠫾兜𠫾兜𩛄唁菓𤮾頒𢫟𥙩埃𢝙𢽙女吒哭鄰哭淥頭喪𩯀𦇒徘徊𧡊景唅𠿯台婆𢝙𨖲𡎝佛𡎝仙姑貝𡥙𢖵傷坤掣計茹㗂󰡫空𢀭空固媄共英𢗼料仍爫𫳵𢜠𠽄注共如吒每役娘𢘾群掣計𠵚餒注𧗱景佛㤕情傷𢖵別包饒老𣜾𦓅兜迎語爲埃𢧚𩯀鉑春𫳵稚買𢮿運𦥃󰡫抆桃嫩創𫥨𡶀創𧡊花鐄𢖵具黃花柴𦥃廚柴𥆾磬𥒥想𢚸石磬縣三陽固𠀧昆𫅕𥪸𡶀𥒥𥉫𧗱立石廊白穀行𤾓次禿蹺邊滝𣵶𦥃緣河𤳆廊𥫭𦠘挭杶䓡𠫾過堪竹咀𫥨戲哈官府鑊頭白如𪂮扲筆𣯡𪃿曰伶如鴶埃公侯埃卿相𥪝塵埃埃𣉷別埃󰡫戰國󰡫春秋﨤時󰡫󰡫時沛󰡫𣦆𠦳𢆥文獻坦昇龍曾歸聚人才接傳統豪花𠊛河內輪𢲫𫼳智慧貴廉正重才能社會公平𨒺𢆥節除官僚排貪冗全民團結𦊚務春𧹥桃日新𧹥㳥滝紅春𢢲世涅春河內𩇢渃湖西𩇢核還劍節𢝙咍𡲈𫅠昇龍節𢖵媄𦓅頭㐌白春傷昆𥘷𩯀群𩇢𠺅渡湄𣑎廊路雨伊𩆢𩆐動坦風雷賣𨔈怲學悁𠳒佈施杜爫官𠽋㗂柴杜外朗招兜調逗菓豆安排𣑺買抆擼花含㺏𥙩兜搗𫥨𡗉𦧘𪀄鶴𠃝𦟻仍窒𠡧𩩫,Nom
https://chunom.org/shelf/corpus/1/,埃喂傷𥙩饒穷𨕭頭畧㩫簮掑𥪝𠀧𨑮𦒹傳英攝固𨱽𫨩空欺𢧚𡗶拱朝𢚸奇𠄩題𠸜𡭉鵲縁𡗶𦓡𢧚𠫾𨔈麻吏﨤仙結願,Nom
https://chunom.org/shelf/corpus/1/,宋珍麻𥙩菊花沛𨖅使事交和𨑮冬主韜不義堆塘買𠳒教訓丁丁,Nom
https://chunom.org/shelf/corpus/1/,傳尼女則家庭恨灰傳尼貞鼠摄制几忠𠊚佞固𡗶於𥪝傳翹計㐌属𢚸𢧚庄辰拱在𢚸媄吒阮生傳意䀡制𠫾𫥨習學縁𡗶吹𢧚西楊傳意此䀡珠竜餒伴朱𢧚〓𠊛買台𡽫渃車𣾺,Nom
https://chunom.org/shelf/corpus/1/,詐形爫𡛔此𠳒端荘征婦傳意朱詳觀音傳意欺𫢩氏牟抌覩冤尼庒他潘陳傳意䀡戈翁寧傳意此𥋳,Nom
https://chunom.org/shelf/corpus/1/,揲安𦊚𡎝麻𡗶𡊰功九夫傳意䀡戈别包𣉹特室家如𠊚,Nom
https://chunom.org/shelf/corpus/1/,蓬萊傳意䀡制准仙𢝙趣結縁買命,Nom
https://chunom.org/shelf/corpus/1/,𤊰縁秦晋矯命約𬇚玉𫅜群待價高女芇咹槾者桃𠇍埃謀謨麻𥙩特𠊚𡥵官春情傳𧘇論盘𣎀𦣰思想事娘𠬠𠄩芙蓉傳意𦘧撝俸〓几晋𠊚秦,Nom
https://chunom.org/shelf/corpus/1/,芳花傳𧘇珠陳義初黄秀傳𧘇縁於﨤娘美女𡗶車𠬠茹勸孝傳𧘇䀡戈,Nom
https://chunom.org/shelf/corpus/10/,𢖵𠸗双鳳奇縁跡𠁀漢代留傳呐𥹰原𠊚圭於越州空𤳇𮈟後承前,Nom
https://chunom.org/shelf/corpus/10/,𡗶朱生特𠬠䝨美娘㛼𫯳𢜠𫺙妖傷噠𠸜皓月王祥昭君歲皮𠄩糁青春聪明性質諳祥書詩,Nom
https://chunom.org/shelf/corpus/10/,媄吒貴化妖為𢝙𨔈賞月跡留明皇昭君膝下承歓瞇𣊍職桂魂梅夢中丿𧡊聘𬛕漢皇,Nom
https://chunom.org/shelf/corpus/10/,占包當𣅶更残推𠫾𢪀吏舌欣論盤双親群𠅎呐𣦍,Nom
https://chunom.org/shelf/corpus/10/,㐌尼結𩯀𫨩𠫅房空娘浪監禀主公桃疎柳要待𥉫英䧺,Nom
https://chunom.org/shelf/corpus/10/,越州父母於拱王祥号妾昭君𠸜尼漢皇𦖑奏𢜠台西宮聀意封𣦍朱娘𫺓朱會合朝中,Nom
https://chunom.org/shelf/corpus/100/,斜陽俸我課紅樓,Nom
https://chunom.org/shelf/corpus/100/,世界冬𢧚玉蔑瓢,Nom
https://chunom.org/shelf/corpus/100/,雪朔撩核點粉,Nom
https://chunom.org/shelf/corpus/100/,晷東豸月印鈎,Nom
https://chunom.org/shelf/corpus/100/,𤌋沉水國涓滂,Nom
https://chunom.org/shelf/corpus/100/,船𫵈群掉拯肯杜,Nom
https://chunom.org/shelf/corpus/101/,𨑮𦊚𣎃腊西,Nom
https://chunom.org/shelf/corpus/101/,特官全權𫥨令㤙赦蹺𦎛亞拉伯吧非律津故飭学行底𨖲塘文明辰𠊛法仕朱自治,Nom
https://chunom.org/shelf/corpus/101/,卷創造少年南越之方法固呐仍調進歩𦓡政府法㐌𨢟朱渃南吏固曰卷法越提𢹂政見書,Nom
https://chunom.org/shelf/corpus/101/,𡢐欺㑹同提刑処罰翁苦差終身,Nom
https://chunom.org/shelf/corpus/101/,國民故飭運動朱翁特他,Nom
https://chunom.org/shelf/corpus/101/,翁会長会中圻相済固𢭮朱官全權𠬠幅電信,Nom
https://chunom.org/shelf/corpus/101/,㑹㜥接特電信官全權者𠳒如𡢐尼官全權東法答吏翁黃進講会長会中圻相済,Nom
https://chunom.org/shelf/corpus/102/,集,Nom
https://chunom.org/shelf/corpus/102/,𣋚夢𠄼𣎃腊西,Nom
https://chunom.org/shelf/corpus/102/,官全權細河内,Nom
https://chunom.org/shelf/corpus/102/,曰朋𡦂西、仍低譯𫥨囯語如𡢐尼,Nom
https://chunom.org/shelf/corpus/102/,拱嵩𨖲𠬠幅𦃿曰仍𠳒祝頌官全權,Nom
https://chunom.org/shelf/corpus/103/,翁吏𦤾扒𢬣𠇍翁学生𦓡𤍊𠳒𠸦𬢱,Nom
https://chunom.org/shelf/corpus/103/,功役𧵑各翁爫耒拱固成效,Nom
https://chunom.org/shelf/corpus/103/,欺車官全權𦤾頭庯𪦲、,Nom
https://chunom.org/shelf/corpus/103/,各姑教穷女生同𢚸𢭮電信𫥨府全權吀㤙赦朱翁潘,Nom
https://chunom.org/shelf/corpus/103/,仍所電报𪧚吏空𢭮𠫾,Nom
https://chunom.org/shelf/corpus/103/,𣈗,Nom
https://chunom.org/shelf/corpus/106/,客保朱花特别詳,Nom
https://chunom.org/shelf/corpus/106/,丈夫坤𨤰𥠭𠊚常,Nom
https://chunom.org/shelf/corpus/106/,賖伴同心丕沛傷,Nom
https://chunom.org/shelf/corpus/107/,㦖細共埃𤋵𬌓𢚸,Nom
https://chunom.org/shelf/corpus/107/,春𠫾春吏無穷盡,Nom
https://chunom.org/shelf/corpus/107/,固𨤰些兜𢹇買𨦩,Nom
https://chunom.org/shelf/corpus/109/,祝朱𩔖産於𥪝𠁀,Nom
https://chunom.org/shelf/corpus/109/,𤤰官士庶𠊚泣渃,Nom
https://chunom.org/shelf/corpus/109/,据㩀𫳵𫥨丐𥠭𠊚,Nom
https://chunom.org/shelf/corpus/11/,踈浪〓〓𨔍𠁀盆情喭呐仍𠊚凌仍粓碎𢫕𫴋産床連唻昆侯𠳐𠰺罕咴侯差蚤𫴋麻隊𤽗𨖲𠳐ㇶ㖡ㇶ𢧚ㇶ娘皮𧿨𨃴払連蹺真払自蹺妸𦋦𡑝𫽄𠲖厲𫽄𢢆𭉝𫽄吱悲拱𫽄𢫞易之買傳仍几下门𦋦外朱静矯屯𠰺庒隊生生𨀈𨖲𧵆浪𤽗𠳒寔沛排払生𢬣歛𨆝跪尋柴北道移𠇮方南𢧚身𣌋𢼂朱甘戈低袩体軒堂英㛪仍約𢀭𢀨如侯姑碎制於園𨍦,Nom
https://chunom.org/shelf/corpus/11/,油庒權暫ㇶ權㐌餘講朱生别尽辝催ㇶ推庒爫之些袩𥪝會竜雲於低些仕料鍊習朱𢌌𠰷𣷭愛德𠰷𡽫鐄𠲝時𢧚几爫高𠵌時𠰘卋噋嗃坤寒𠳐𠳒𨍦仕𡬶郎裊麻於丕爫清憲官浪渚世時仃𠰷生唉劄𥱬𠇍𠳒吟珪皮意昔為迻信小童𠳐𠰺𦋦𠫾朋埃𣦍实麻𢚸許香𦋦朝恪𧘇如羕𢜝些踈浪沛達時𦋦倍傍達買接迎,Nom
https://chunom.org/shelf/corpus/11/,噲童朱别意情爫牢小童計歇湿高固詩浪油忍酌朱嗔免責達連袩体詩生别塘兵法𫽄塘包容𧗱浪群𡮇志高浪科試拱㐌掑𨍦𨉞𨀈𠓨𨍦𫏾踈生払生自𧘇𠵌信時停心事強專學行鄕場皮課典科達自𠵌体边𦖻𡬶柴嗔𨄹塘枚𦋦𧗱可浪埃亟别芸咹制别埃師弟别埃小童共饒計歇事情𭮫耒生買𦋦呈憲官浪碎𥪝几士寒𠵌𫥨秩解長安陣尼𠳚戈官奇特台沛移矯㐌拮𡬶科鄉𠰺浪些錦文章,Nom
https://chunom.org/shelf/corpus/11/,媄昆路傳𨍦初皮戈辛卯吏𨖅壬辰會春計外𠀧𠦳𠀧𤾓奇策都才芸庭撟榜群𠄩𫽄包𡾵同進士名屯𢄂圭𡨸浪天道無私爫𢧚𦊚德恩如道𠀧些浪玉静昆些嫁朱阮達交和人縁玉清自課信傳明ㇶ勹ㇶ庒安於耒明浪払㐌𢧚名明浪払㐌𢧚名𡲤酌些拱盃𥪝每皮𢪀浪𡨸貴易交新城乙𫽄劒之紅顔哸生耒吏嫁娘朱生於冷埋吏﨤冷,Nom
https://chunom.org/shelf/corpus/114/,庵高庵𥰊達隊層,Nom
https://chunom.org/shelf/corpus/114/,抉竹𨀈戈𢚸𤂬,Nom
https://chunom.org/shelf/corpus/114/,賞梅𧗱踏俸𦝄,Nom
https://chunom.org/shelf/corpus/114/,松菊逋持汝役恒,Nom
https://chunom.org/shelf/corpus/114/,蔑丿清閑工課意,Nom
https://chunom.org/shelf/corpus/114/,千金約対特咍庄,Nom
https://chunom.org/shelf/corpus/115/,禀翁𢀲、边法拱如边安南眾𡥵固勾浪：,Nom
https://chunom.org/shelf/corpus/115/,吀翁𢀲畑𡗶炤依𠳒眾𡥵、及悲𣉹𦓡除截偻逆𠫾,Nom
https://chunom.org/shelf/corpus/115/,呐買官使沛轉𢚸,Nom
https://chunom.org/shelf/corpus/115/,聀浪節西𦤾、低𠃣𫥨拱特刀𥘀北斗佩星,Nom
https://chunom.org/shelf/corpus/115/,𫽄呐𫽄查拠送𪾋𠇍𩛷耒解省,Nom
https://chunom.org/shelf/corpus/115/,耒悲𣉹辰扒爫柴伵朱𠇍注陪行粓西,Nom
https://chunom.org/shelf/corpus/115/,吧試𠳨𡥵丐,Nom
https://chunom.org/shelf/corpus/116/,庵葉𪀄呌花侈動,Nom
https://chunom.org/shelf/corpus/116/,窻〓香羡𤌋初殘,Nom
https://chunom.org/shelf/corpus/116/,湄秋〓𠀧塘菊,Nom
https://chunom.org/shelf/corpus/116/,隐奇路之城市女,Nom
https://chunom.org/shelf/corpus/117/,滄浪𠇍坎蔑船鈎,Nom
https://chunom.org/shelf/corpus/117/,月木頭𡽫鯨唯㗂,Nom
https://chunom.org/shelf/corpus/117/,𤌋散𩈘渃〓空樓,Nom
https://chunom.org/shelf/corpus/117/,扛山淡特圖𠄩幅,Nom
https://chunom.org/shelf/corpus/117/,世界冬𢧚玉蔑䕯,Nom
https://chunom.org/shelf/corpus/117/,盃初庄管刁歐,Nom
https://chunom.org/shelf/corpus/118/,裊固咹𪰛固慮,Nom
https://chunom.org/shelf/corpus/118/,朱咍塘利拯觥觚,Nom
https://chunom.org/shelf/corpus/118/,渚易平埃旦買都,Nom
https://chunom.org/shelf/corpus/120/,浪碎执政典除,Nom
https://chunom.org/shelf/corpus/120/,没𢚸公正討𬆄,Nom
https://chunom.org/shelf/corpus/120/,麻埃誣呌役尼朱碎,Nom
https://chunom.org/shelf/corpus/120/,髙明吀𤍊畑𡗶,Nom
https://chunom.org/shelf/corpus/120/,查𠊛誣告𠳨𠊛冤愆,Nom
https://chunom.org/shelf/corpus/121/,法公據炤律𡗶駭朱各聀許囬生民,Nom
https://chunom.org/shelf/corpus/121/,府官判保殷勤,Nom
https://chunom.org/shelf/corpus/121/,闭除息𫺶衮昂招兵買馬𨷑塘威風,Nom
https://chunom.org/shelf/corpus/121/,𠸦朱當飭英䧺,Nom
https://chunom.org/shelf/corpus/121/,威鋒凛冽方民,Nom
https://chunom.org/shelf/corpus/121/,府官𦖑㗂𨑮方驚惶,Nom
https://chunom.org/shelf/corpus/121/,𭣼斉兵馬倍傍,Nom
https://chunom.org/shelf/corpus/122/,𨴦牕豸侵唏𪹷,Nom
https://chunom.org/shelf/corpus/122/,𧒌𦣰鶴吝𢧚排伴,Nom
https://chunom.org/shelf/corpus/122/,类邑共些𬈋丐昆,Nom
https://chunom.org/shelf/corpus/123/,𣈜𣎃平梭蔑丿唭,Nom
https://chunom.org/shelf/corpus/123/,世事𠊚奴㛱節𬙞,Nom
https://chunom.org/shelf/corpus/123/,船棹店月滝碧,Nom
https://chunom.org/shelf/corpus/123/,核旦𣈜春蘿鮮,Nom
https://chunom.org/shelf/corpus/123/,𢚸芇尾某唏ㇶ,Nom
https://chunom.org/shelf/corpus/124/,𠄩边當𣅶𢧐爭,Nom
https://chunom.org/shelf/corpus/124/,侅鐄𫥨飭英雄,Nom
https://chunom.org/shelf/corpus/124/,軍兵㨂〓方𡗶,Nom
https://chunom.org/shelf/corpus/124/,府官輸𧼋𠓨尼城池差軍飛报詞申朝堂,Nom
https://chunom.org/shelf/corpus/124/,闭除决罕没塘進兵,Nom
https://chunom.org/shelf/corpus/124/,兵威蹅覩𠀧城官軍闭度㪚情𦧘昌,Nom
https://chunom.org/shelf/corpus/124/,仍算爭伯图王信疑群刎𠄩塘𢧚庒,Nom
https://chunom.org/shelf/corpus/125/,卞隊𠀧妸小妃,Nom
https://chunom.org/shelf/corpus/125/,𠀧㛪可呐𤍊詳底朱英特塊塘狐疑,Nom
https://chunom.org/shelf/corpus/125/,娘奇疎呐即辰,Nom
https://chunom.org/shelf/corpus/125/,妾吀呈呐払辰沛𦖑少之聀重少之官𢀨,Nom
https://chunom.org/shelf/corpus/125/,庒貪錦𫃚泊鐄,Nom
https://chunom.org/shelf/corpus/125/,干夷麻沛爫塘逆凶爫𠊛節烈孝忠𠦳𢆥底㗂𧗱𡢐,Nom
https://chunom.org/shelf/corpus/125/,〓𥪝䏾妾〓疎,Nom
https://chunom.org/shelf/corpus/125/,"𪾋吀决断𢌌〓〓〓払𦖑娘呐〓𠳒唭浪：""㐌丕群辰娘𠄩？",Nom
https://chunom.org/shelf/corpus/125/,𢌌朱妾特疎連没𠳒,Nom
https://chunom.org/shelf/corpus/129/,道梏罷𢚸誠信合,Nom
https://chunom.org/shelf/corpus/129/,𢚸埌香𤌋接傳𦋦,Nom
https://chunom.org/shelf/corpus/129/,敬誠求愿仙爺證𢚸,Nom
https://chunom.org/shelf/corpus/129/,吀神聖𨘗搈騎鶴𨑜凡塵踣挌車仙,Nom
https://chunom.org/shelf/corpus/129/,𢚸所望拫記禱吿𢘾恩𨕭補報福𫅞,Nom
https://chunom.org/shelf/corpus/13/,𥙩𦲿桎爫旗𦲿蓮爫㳥麻吏固性輕𠊛𠬠𣋚𫡉最中秋辰些迻眾悲𠫾䀡𠊛頭𡚢朋丐蒲翁瓊保眾悲強𢪀𠬠祝耒騷迻𠫾䀡底蚤𠫾針焒𤐝朱䀡翁𡚢頭只侈𢀲於吏𦓡僱箕眾悲𥊛𠓨壁𦓡䀡翁𡚢頭㐌𫥨帝只𧡊俸瓊於壁頭𡚢如丐蒲寔辰翁意嗃𠽍𨖲吏𠬠𣋚茹固魯爫𬚸𤞼𠶆客冬𡗋拱固𢚸腰𦓡〓撟,Nom
https://chunom.org/shelf/corpus/13/,𢓽対特辰騷他句対浪𤞼艮咹粓巽瓊対𣦍浪㹥坤𠤆哏乾翁秀吏𫥨勾女浪𡗶生翁秀吉瓊吏対應口浪翁秀沛丐𡀀截秩旦𡢐官司天䀡天文𧡊𧗱地分省清固𠬠𡾵𬁖𠓇聀浪省意固𠊛才仍空别於𧗱廊芇,Nom
https://chunom.org/shelf/corpus/13/,𠓨奏𤤰𤤰交廷臣𪹾固𠬠員奏浪吀交朱省臣清化飭朱𤁘轄每廊沛進𠬠昆羝特𦍺限𠬠𣎃空特辰治罪,Nom
https://chunom.org/shelf/corpus/13/,底𡥵𠫾摸𠮩空特辰𠇮𡥵𠺥罪朱奇廊𢪀䏾浪,Nom
https://chunom.org/shelf/corpus/13/,些此𦖑𪨅𡥵䀡牢爫詞甘結𢱖羝旦尼瓊呐買布𠫾𢵋羅𠳨䀡𣋚芾𤤰御制鋪𠳨特耒旦𣋚𤤰御瓊𠖰寔𣌋車馭官軍𠫾赤ヌ𨕭𡎴瓊連哭呱𨖲𣃣𣅶車驾𤤰𠫾旦𦖑㗂𪨅哭𦓡空𧡊𠊛,Nom
https://chunom.org/shelf/corpus/13/,呐浪疎翁碎𧡊冬車馭𢜝𣩂撤朱𢧚碎𨁎〓𡎴𤤰𠳨爫牢眉哭疎翁媄碎𣩂㐌𠀧𢆥𫢩牢買空𧡊布碎𤯰底𥙩㛪揞𢧚碎哭弹翁芇吏𤯰瓊呐疎翁買耒碎𧡊𤤰飭𥙩羝特𦍺碎想羝特𦍺辰布碎拱𤯰特𤤰吧各官弼唭赦朱民廊空沛納羝女麻浽㗂狀自芇,Nom
https://chunom.org/shelf/corpus/132/,慈悲駕御𤎜門禅,Nom
https://chunom.org/shelf/corpus/132/,𣍋矇上帝洒恩天,Nom
https://chunom.org/shelf/corpus/133/,天恩惠照降禅明,Nom
https://chunom.org/shelf/corpus/133/,樂興叩躬皆勉禮,Nom
https://chunom.org/shelf/corpus/133/,脱災百性仰恩生,Nom
https://chunom.org/shelf/corpus/134/,梅春月菊味茶香,Nom
https://chunom.org/shelf/corpus/134/,敬禮誠心獻寶漿,Nom
https://chunom.org/shelf/corpus/134/,仰望慈悲加濟福,Nom
https://chunom.org/shelf/corpus/134/,開明大道護清平,Nom
https://chunom.org/shelf/corpus/135/,南無一愿大道弘開,Nom
https://chunom.org/shelf/corpus/135/,二愿普度衆生,Nom
https://chunom.org/shelf/corpus/135/,三愿舍罪弟子,Nom
https://chunom.org/shelf/corpus/135/,四愿天下太平,Nom
https://chunom.org/shelf/corpus/135/,五愿聖室安寧,Nom
https://chunom.org/shelf/corpus/136/,𥪝天下包𣉹朱𣍊𡜤,Nom
https://chunom.org/shelf/corpus/136/,𡗶生𫥨本底麻制,Nom
https://chunom.org/shelf/corpus/136/,𡜤包子芸制强歷,Nom
https://chunom.org/shelf/corpus/136/,他胡朱曲𡁸姉㛪唭,Nom
https://chunom.org/shelf/corpus/136/,嗷喭𨤰如埃辰𡜤沐,Nom
https://chunom.org/shelf/corpus/136/,固殘固傘固香案固盘讀,Nom
https://chunom.org/shelf/corpus/136/,意㵋别浪𡜤固宗,Nom
https://chunom.org/shelf/corpus/136/,𡜤𨑮方𡜤朱𨇜𢒂,Nom
https://chunom.org/shelf/corpus/136/,劍吒丐𢼂𣑯紅,Nom
https://chunom.org/shelf/corpus/15/,𠄼丐𠄼吝𠄼𤾓𠄼𨑮𠄼𢆥,Nom
https://chunom.org/shelf/corpus/15/,𠄼𡥵〓隻𠄼𣈜咍𠄼𠄼𣈗,Nom
https://chunom.org/shelf/corpus/15/,𠄼𠊛𠄼𠊚數𠄼数𠄼𢼂𠄼,Nom
https://chunom.org/shelf/corpus/15/,𢆥𡢐、𢆥𡢐、𢆥𠓀、𢆥𫏾,Nom
https://chunom.org/shelf/corpus/15/,次𠄼、𠄼𨑮、𠄼同,Nom
https://chunom.org/shelf/corpus/16/,𣅶翁瓊学路茹𧹅沛旦殿崇吀𦓿𢩵,Nom
https://chunom.org/shelf/corpus/16/,瓊懇吧吀阴阳䀡主順𥙩㭲咍𥙩䓂吝頭主順𥙩䓂,Nom
https://chunom.org/shelf/corpus/16/,辰種仍𧃷矩吝次𠄩吏吀阴阳主順𥙩㭲底䓂朱瓊,Nom
https://chunom.org/shelf/corpus/16/,瓊割䓂主沛𠄩吝𪐝䧟仍㐌卒順耒,Nom
https://chunom.org/shelf/corpus/16/,吏旦吝次𠀧瓊旦吀辰主𥙩奇㭲吝䓂女,Nom
https://chunom.org/shelf/corpus/16/,旦期特𢯏,Nom
https://chunom.org/shelf/corpus/17/,𠬠吝翁琼𠓨謁殿定撝𦓡懇浪,Nom
https://chunom.org/shelf/corpus/17/,㛪度尼縱竭𬨨𦓡姉固銭底空,Nom
https://chunom.org/shelf/corpus/17/,吀姉朱㛪撝底劍利餒𡥙呐耒〓〓阴阳,Nom
https://chunom.org/shelf/corpus/17/,𠮩𢺹𦊛姉朱撝𠬠分,Nom
https://chunom.org/shelf/corpus/17/,𢺹𠀧姉朱㛪撝𠬠分𠮩姉朱撝𠬠𤖩,Nom
https://chunom.org/shelf/corpus/17/,辰吀一阴一阳主㐌别性瓊咍馿空朱一阴一阳,Nom
https://chunom.org/shelf/corpus/18/,翁瓊生拱辰買氏點𠬠𤳇𠬠𡛔咍一𠁀𠰺学路冬𡗋瓊𣈗ヌ假格旦䀡評文底𥄫𥊘氏點学路别意,Nom
https://chunom.org/shelf/corpus/18/,𠓨疎官榜,Nom
https://chunom.org/shelf/corpus/18/,瓊踈浪碎𪜀学路𧡊場官𢀲評文碎旦𦖑滥官榜呐些别英停假名学路𦓡扒酌従𪀄𤝞固沛𪜀学路些𫥨朱𠬠勾対,Nom
https://chunom.org/shelf/corpus/18/,空対特辰打杶空他瓊𠳐瓊対應口浪官榜𧡊瓊出口成章固意愛才餒朱咹学瓊学進細𡗋期文芇拱〓評,Nom
https://chunom.org/shelf/corpus/18/,自𣈜場学官榜固瓊𠓨各学路名士劔名價𠫾官榜𧡊瓊学力大才,Nom
https://chunom.org/shelf/corpus/18/,帳内無風㠶自立瓊対連𬆄浪胸中不雨水長流,Nom
https://chunom.org/shelf/corpus/18/,氏點吏讀勾女𣘃昌𧏵𧏵坦𧋻竜刎还竜,Nom
https://chunom.org/shelf/corpus/18/,瓊吏対𬆄菓荼𤝞𤝞𣦎𡬼鼠制辰鼠,Nom
https://chunom.org/shelf/corpus/19/,咹制朱沛别𠳒𠓀𡢐埃𢀭𠄩户包徐𡶀箕埃㙮麻高滝箕𣷭意埃陶麻溇渃朝埃薩埃洃干𨖲辰世干耒如空𥪝棱核意埃槞𡄎䀡造化机圖人生埃拱刼𠊛麻催〓䀡西代東征百戰百勝㐌𩑭𫡦𡗶埃台垓不变移計制各𨁯麻推亊𡗶争坤争窖埃埋特𡗉窖台逹垥人間傳𥪝呐𠬠外盘𦋦𠀧埃䀡旦傳計𦋦買詳庒𠲖阁鳯楼𦥄体花時旦埃才禁垠群空台㐌尼芇称斤他鄕及客故人闭𫢩永仍渴嗃悲徐情𢪀爫牢咳情計之𨖲托𫴋京花浪計准清台𠲢𠹚唐笘边坡桃群待柳包徐朱衝疎𦋦芇别浪𢚸固𦖑,Nom
https://chunom.org/shelf/corpus/19/,於低仍𡶀拱溪眞参䏾𥒥㗂蟡哙愁𠊚如阁鳯竜楼少之卿相公侯每尼碎如𤌋〓敢制度芇𧊉浪唉客𦟐桃〓尼弄底搭𠓨朱埃催推低㐌别耒包徐少仉𨕭𠁀才花埃喂〓買油麻強攄〓𡗋強𫅷失緣𨕭𡽫徐式修仙中間群景眞〓蹺隊女𡗋工夫埃𡊰修縁秦晋安〓草花花浪𣈙呐〓戈拱曾㐌别𧵆賖每塘,Nom
https://chunom.org/shelf/corpus/19/,𠬠〓縁𤊰焒香朱停買几雪霜别共妥𢞂埃别朱𢚸尼諸魂梅迷水失〓催信螉𧊉吏書晋秦強𠹚強𠬠吝巾呐𦋦𤏣吏𢢆殊淹𦋦辰𢜝咮𢗼㗂沁拯傷兑〓仍〓襖𥹰拯默拱艚花箕〓買特牟縁庒㐌迻緣細閣藤𪀄群想𩙌𥉫𦝄矧徐當干渃〓〓〓㯲樔待别包𣉹朱冲悴情㤕仍𪨅中牢娘於准林穷閉吟𢝙制〓𡶀花林客塵𠇍几别尼開塘〓翁〓窖訴詳花浪别准林泉清台趣味塵緣恪〓𡗶撑𣱾𣱾𦝄冲幅幀埃窖〓撝㗂𦝄花窖𫃚𠊚如空摱芒丐㗂𦟐紅𢚁才𢚁色英雄約𬇚,Nom
https://chunom.org/shelf/corpus/19/,𢖵情别𠇍〓分果𢣧〓紅〓買曾〓固𣎀𡎢䏾𦝄斜𪟂吒丐女傾城責縁𡲤吏恨𠁀㗂埃窖達仍𠳒𧊉螉𧊉浪𧡊呐添強想𨉓麻吏𢖵傷旦𠊚紅顔易𠇍𨕭𡗶花𦹳曾課𠊚𨔈固辰仍調𦝄𩙌計之賖𥸷乙拱固欺吏𧵆玉珠𠸗結鄧春尾之堆𡦂情縁𢪀牢朱院朱𧷺矯麻𢢆買渃𡽫牢停困𫢩㐌願貝情芇埃負義三生油麻決𢚸細景探花,Nom
https://chunom.org/shelf/corpus/19/,唒肝鉄𥒥拱停朱衝𢧚空決罕停空事𠇮麻吏柁𢚸𠳨埃花浪坦𢌌𡗶高風情固少之尼風情㐌浪牢固修行牢麻𠹾庫芒經旦厨,Nom
https://chunom.org/shelf/corpus/19/,𠄼更刻快𣎀秋吏𠫅𧊉浪呐吏朱〓鳳凰牢塊細𣘃𥟊垌悲𣉹𢚸㐌别𢚸吝戈䏾桂𭤲㙴𢪀𠇮想客鍾𠊛知音惜台花沛葛淋𥋸𦎛司馬麻𠰃埃喂矯欺月𠸍花唭拯咍花浪悁㗂渃尼事情𠬠帝𠬠低〓之𥉫𠊛𥪝揊樸〓女才價意當辰成包債𠊚宮禁楼高居光㐌𠇍𨑗𠁀唒花𥉫𧡊拱派牟紅群庒客於𡽫𤂧𧊉浪𨖲𠳨宮𦝄固欺拱摱赤绳車緣,Nom
https://chunom.org/shelf/corpus/19/,𠳒凣𠳨寔客仙當干平地波濤催停想𩙌𥉫𩄲絲秦𥿗晋產低朱耒花浪呐拯料𠳒縁𠊚吏固縁𡗶㵋𢧚仕𪨀初𣅶𧴤𠸜准空辰〓准願庒衝𣅶於默䋥𪀄鴻埃咍必宰别𥪝机𡗶𦎛塵𥙩帝麻𥋸料牢朱沛𨑗𠁀買饒催停迡𫏾邀𡢐女情決𢚸𣘈鉄底名𥪝𠁀庒符𧆄㐌迷𢚸杏春花浪𣷭愛源恩計牢朱掣餒塘𨤮賖庒生拱㗂𬁖沙㐌算用斫𪽋侯,Nom
https://chunom.org/shelf/corpus/19/,為之堆𡨸朱陳㩒樔吏妬庒戈為情厨芇𫢋拯䧏生花𦹳埃拯損梗麻𨔈呐𦋦芒㗂𡗋𠳒唵𦋦辰𢘝𢚸𠊛世芇闭𫢩咹槾者桃信𠫾信吏别包工呈𢧚丕唉客春𣛟我迎沛呐底情尼咍爫之吝〓𢠩恾責埃牢庒訴𢚸妬埃禁𩙌ヌ停容𣘃唒牢瑟拱攄〓〓琴花浪咳客知音〓〓固者情深買出閉𫢩信𢭮書迻爫之朱雁蓮魚别𢚸彈箕〓𣅶𦝄沖吟詩白雪打宮春情圣他圣〓如生當干𢭸幅萌疎花𦹳嗷𠯪𩙌迻冷𨓡船埃箕待边滝固𢚸渚客咍空咳船𧊉箕𨔍渚〓悁𢚸群㦖𠳨根原𠇍𠳒空仍船固棟尼𣷷尼花箕群别𤊰𣘃嬋娟牢塊細𢬣英豪〓箕染渃扶桃春群〓〓情群〓〓𢝙台趣味清閒𠦳春義瀋情𥱬花浪催拱别𠊚〓爫之女世唭𠊚吱雪霜𢢆几𠫾𧗱箕滝怒𡶀𠳒誓渚悁𧊉浪碑鑿群𠸜悲𣉹𢚸㐌别弄呐臭呐虎賖吹䀡𥪝賦意覩𠳒冬迻𡄎徐課怒典𣉹𠇍𠳒句𠸠〓ヌ拯差朱𢧚固達𠇍𠳒唒𠸦拱默唒唭庒牢𠊚芇種性𠊚芇意埃意𧘇攄牢朱皮〓句𠰘𩵜坤皮達麻𠳒沛𢜝埃吱唭傳尼〓劄事𠁀典欺從且䀡制〓之,Nom
https://chunom.org/shelf/corpus/2/,𧊉浪𢆥𠇍𣎃春咹制朱妥〓塵買〓吏低𠳨客𦟐桃群空咍㐌尼芇称斤他鄕﨤客故人〓𢚸支𪨀𢪀眞世芇閉𫢩永仍渴嗃悲𣉹情咳爫牢咳情計之𨖲托𬺗𡹞花浪計𥙩清台𤂬群固㗂𥒥強之之〓𠹚唐〓边坡桃群待柳包𣉹朱冲拯𠽔𦋦𥒥𨔍𨓡〓𦋦芇别浪𢚸固𦖑於低仍𡶀穷溪眞〓䏾𥒥㗂蟡哙愁𠊚如閣鳯重〓少之卿相空侯每尼碎如𤌋〓监制度芇𧊉浪唉客𦟐桃〓尼〓底搭𠓨朱埃催推低㐌别耒包𣉹少几𨕭𠁀才花埃喂〓買油𦓡強攄〓𡗋強𫅷失緣𨕭𡽫徐-式修仙中間群景眞〓蹺𠾕女𡗋工夫埃〓他乎志立辰𢧚修縁秦晋安〓草花花浪〓呐𠶤崇拱曾㐌别𧵆賖每塘朱停買几雪霜别共〓𢞂埃别朱𢚸尼諸魂梅迷水失〓催信螉𧊉吏書晋秦強𠹚強𠬠吝〓,Nom
https://chunom.org/shelf/corpus/2/,𨑮分牢拯𠬠分扒朱呐𦋦𤏣吏𢢆殊淹𦋦辰𢜝咮𢗼㗂沁拯傷兑〓仍〓襖𥹰拯默拱艚花箕〓買特牟縁庒㐌迻緣細閣藤𪀄群想𩙌𥉫𦝄矧徐當干渃〓〓〓㯲樔待别包𣉹朱冲悴情㤕仍𪨅中牢娘於准林穷閉吟𢝙制〓𡶀花林客塵𠇍几别尼開塘〓翁〓窖訴詳花浪别准林泉,Nom
https://chunom.org/shelf/corpus/2/,清台趣味塵緣恪〓𡗶撑𣱾𣱾𦝄冲幅幀埃窖〓撝㗂𦝄花窖𫃚𠊚如空摱芒丐㗂𦟐紅𢚁才𢚁色英雄約𬇚𡨸情想𢖵别包爫沖少惱渴滈𢚸塵𢖵埃群固欺寅固𣎀𡎢䏾𦝄斜𪟂吒丐女傾城責縁𡲤吏恨𠁀㗂埃窖達仍𠳒𧊉螉𧊉浪𧡊呐添強想𨉓麻吏𢖵傷旦𠊚紅顔易𠇍𨕭𡗶花𦹳曾課𠊚𨔈固辰仍調𦝄𩙌計之賖𥸷乙拱固欺吏𧵆玉珠𠸗結鄧春尾之堆𡦂情縁𢪀牢朱院朱𧷺矯麻𢢆買渃𡽫牢停困𫢩㐌願貝情芇埃負義三生油麻決𢚸細景探花庒修固典廛𫅷爫之船漁細准洞桃花浪𩙌動霜𠖤信螉使蝶吏添絆𢚸〓群打買拯冲寔𢝙固打特庄咳煩𧊉浪咳客婵娟𨀈𠓨𥪝准園花䀡浪默客𨕭𠁀底停芒㗂𦋦𠊚冬迻決如妸〓𢬣𫅷花浪䏾月漏漏雪霜停〓冷𣼰𣎀冬𠸠初庒可朱衝默𠊚庒𦖑𦋦拱呢𠳒𡦂縁𢧚妬㗂唭在埃𧊉浪催渚甚𠳒𠳨制群大𨔍𨓡𠬠低𠬠帝恪𢚸之庒才情特𠇍妸姮𠰚情𢧚沛尽辞,Nom
https://chunom.org/shelf/corpus/2/,秦低晋帝包𣉹朱𢧚悲𣉹滝浪渃安巢箕㐌𨔾朱船𨖅渚戾欺声氣弭恒𦝄箕缺怒埃扛朱𦋦腰𣘃𢧚沛〓花為情𢧚沛𠓨𦋦買情潮𨖲㳥渃竜冷花𦹳嗷𠯪𦲿撑夷夷𠦳𢆥碑𥒥鑿𥱬𠳒誓群妬停停花浪催吏𤑟𤉜㐌修固𢪀之賖焒香窖𨤧情期䀡厨清永空師修行於低〓〓岌𡹞客情固𬺗船情尼空咍群想𢖵𡽫蓬樁嘹竹化〓紅清台船〓只待徐𠊚情鍾花浪芇固𨔍𨓡𢪀浪𢚸㐌别𢚸辰催埃𪫢吏庒信𠳒固縁如果〓味空縁如𦑃花涞𡧲塘意浪埃拱㗂鍾渚誇才色捤摓爫之𧊉浪惵意順情唒肝鉄𥒥拱停朱衝𢧚空決罕停空事𠇮麻吏柁𢚸𠳨埃花浪坦𢌌𡗶高風情固少之尼風情㐌浪牢固修行牢麻𠹾庫芒經旦厨𠄼更刻快𣎀秋吏𠫅𧊉浪呐吏朱〓鳳凰牢塊細𣘃𥟊垌悲𣉹𢚸㐌别𢚸吝戈䏾桂𭤲㙴𢪀𠇮想客鍾𠊛知音惜台花沛葛淋𥋸𦎛司馬麻𠰃埃喂矯欺月𠸍花唭拯咍花浪悁㗂渃尼事情𠬠帝𠬠低〓之𥉫𠊛𥪝揊樸〓女才價意當辰成包債𠊚宮禁楼高居光㐌𠇍𨑗𠁀唒花𥉫𧡊拱派牟紅群庒客於𡽫𤂧,Nom
https://chunom.org/shelf/corpus/2/,埃咍必宰别𥪝机𡗶𦎛塵𥙩帝麻𥋸料牢朱沛𨑗𠁀買饒催停迡𫏾邀𡢐女情決𢚸𣘈鉄底名𥪝𠁀庒符𧆄㐌迷𢚸杏春花浪𣷭愛源恩計牢朱掣餒塘𨤮賖庒生拱㗂𬁖沙㐌算用斫𪽋侯固埃别餒尼朱𠬠𨉓強𢪀強𢗼添強責埃牢拯料塘少之竜鳳約願泠夷隻船杜𣷷容营徐朱特客鍾情𨀈𫥨𧊉浪此咭𡑰花戈𨔈風景䀡𫥨世芇吨低固客媽桃朱𢧚𠇍沛尋𠓨典低悲𣉹鵉鳳逞排𢪀牢唉客章臺女才聘𠇍朱生𢪀牢朱院𤾓塘𢪀浪𢝙丕麻𨔈㐌𨔈固少之尼有情埃喂渚倍誇𠇮春群𡗋几才名𨔍𠁀㗂湖仍渃群潙槾桃妬沛渃〓花𦖑咳𡂱如〓愁𥢆吏底朝𦝄𥙩𢚸催催𢪀吏朱穷㗂𧵆賖𧘇覩𠓨朱埃否戈催𨅸吏𡎢占包青情魂梅𥊚𥇀𢖵之欣女𢖵縁固香〓䏾𦝄𧷺強𦖑猿唿〓〓強愁滝銀渚北衝梂,Nom
https://chunom.org/shelf/corpus/2/,𦛌蟳𠃩曲𤋵油如汙魂枚魄桂矧疎聀鐄𧊉㕸〓〓〓〓挨𨕭摱𠳨𦝄𫅷〓箕朱蒂陳低仍𠊛為埃禁𩙌垠滝爫朱牛、女𡗶蒙𨖅求欺彈〓六〓〓〓東句傳〓〓〓初味蘭〓桂称渚〓〓〓〓情〓𦋦𥆾冰傾𫢩待枚尋責埃拯院𡨸從筭𦖑英燕負𢚸故人為〓堆𡨸朱陳當干滝渃沙ヌ,Nom
https://chunom.org/shelf/corpus/2/,𢶢樔吏妬庒戈為情厨芇𫢋拯䧏生花𦹳埃拯〓梗麻𨔈呐𦋦芒㗂𡗋𠳒淹𦋦辰〓𢚸𠊚世〓,Nom
https://chunom.org/shelf/corpus/2/,信𠫾信吏别包工呈〓丕唉客春撑我〓沛呐底情尼咍爫之〓〓杏〓麻〓〓㳥花枚〓牟責埃牢庒𤏣𢚸妬埃禁𩙌ヌ停容𣘃唒牢瑟拱攄〓〓琴花浪咳客知音〓〓固者情深買出閉𫢩信𢭮書迻爫之朱雁蓮魚别𢚸彈箕〓𣅶𦝄沖吟詩白雪打宮春情圣他圣〓如生當干𢭸幅萌疎花𦹳嗷𠯪𩙌迻冷𨓡船埃箕待边滝固𢚸渚客咍空咳船𧊉箕𨔍渚〓悁𢚸群㦖𠳨根原𠇍𠳒空仍船固棟尼𣷷尼花箕群别𤊰𣘃嬋娟牢塊細𢬣英豪〓箕染渃扶桃春群〓〓情群〓〓𢝙台趣味清閒𠦳春義瀋情𥱬花浪催拱别𠊚〓爫之女世唭𠊚吱雪霜𢢆几𠫾𧗱箕滝怒𡶀𠳒誓渚悁𧊉浪碑鑿群𠸜悲𣉹𢚸㐌别弄呐臭呐虎賖吹䀡𥪝賦意覩𠳒冬迻𡄎徐課怒典𣉹𠇍𠳒句𠸠〓ヌ拯差朱𢧚固達𠇍𠳒唒𠸦拱默唒唭庒牢𠊚芇種性𠊚芇意埃意𧘇攄牢朱皮〓句𠰘𩵜坤皮達麻𠳒沛𢜝埃吱唭傳尼〓劄事𠁀典欺從且䀡制〓之,Nom
https://chunom.org/shelf/corpus/24/,𢨵𣦍深瀋細茹翁,Nom
https://chunom.org/shelf/corpus/24/,書生嗔且哪𬗝𬗝,Nom
https://chunom.org/shelf/corpus/25/,補才盘妬𡦂𠫾傕改良𫢩吏𢵋𢝙𠃣痴,Nom
https://chunom.org/shelf/corpus/25/,𫢩當𣇊争詩鍾鼎埃伶𢬣窖性辰𢧚埃麻𠫾踸𥄭悁庄責仉粉𣘈愚𢘽,Nom
https://chunom.org/shelf/corpus/25/,只責𠊚襖解鬚眉,Nom
https://chunom.org/shelf/corpus/25/,化朱𢧚老道𠬠命性算𣗓及𢧚陀吏傕油英傕拱辰沛𢪀𠎪㛪愚庫体盛強朱𠊚只𡑩拸塘其村商賣怒廊百公辰㛪拱𢝙𢚸痗襘感㤙英指𫮇買𢧚𢧚虛咍𧿨庄儋呐之,Nom
https://chunom.org/shelf/corpus/25/,各英據醝離棋泊才盘輸計行𤾓𠃣痴輸計旦𠄼𫤯𠦳輸泰𬨨吹𢧚𡗋幣特辰𢝙𨤔唭𨥁仉輸泰中𢚸即恨,Nom
https://chunom.org/shelf/corpus/25/,𣅶輸𡢐教折尽情吒𡥵伴友拱𠱷吝𠑬據呐能乱射庄京,Nom
https://chunom.org/shelf/corpus/25/,偨伵外𥄫𥇚𢺺排他浪春日都𢝙欺爫拱固欺𨔈計夷仍棋泊卒辰𠄼𣎃,Nom
https://chunom.org/shelf/corpus/25/,吏添秃𥒦𠃣痴𡀍𠑬𠫾棧𨔈辰旦冬,Nom
https://chunom.org/shelf/corpus/25/,謨麻䀡𠀍態人情官麻扒特囚刑惨台吏群仉𢘽𫢩𬨨呆嗃同人耒散省詩福宗必得耒輸歇銭𫅷辰生腿性桄処床吹公𢖵仉南𠊚北𫯳𡥵𠅎𢚁媄吒𠅎𢘾沛都坤争窖𠁀𫢩,Nom
https://chunom.org/shelf/corpus/25/,抵吒媄𫯳𡥵特𢚁吏添𫼳㗂醜沙牢朱平𣈜𡗶從且𠊚中渃拱辰㤙隊爫𢧚歷坦迎𡗶唒𡛔𤳇拱中𡗶坦,Nom
https://chunom.org/shelf/corpus/26/,𠳨包饒𣦮咳姑𨉓,Nom
https://chunom.org/shelf/corpus/26/,姉拱生𦓡㛪拱生,Nom
https://chunom.org/shelf/corpus/26/,堆侶如印詞絏𤽸,Nom
https://chunom.org/shelf/corpus/26/,𠦳𢆥群買丐春撐,Nom
https://chunom.org/shelf/corpus/26/,標梅之監情𦝄𩙌,Nom
https://chunom.org/shelf/corpus/26/,群趣𢝙箕𫳵𫽄𤳰,Nom
https://chunom.org/shelf/corpus/26/,責𠊚𠏲𤳰窖無情,Nom
https://chunom.org/shelf/corpus/28/,罕縁扵分荫欣𠊛,Nom
https://chunom.org/shelf/corpus/28/,無縁抪纀𥙩𠊛紅顔,Nom
https://chunom.org/shelf/corpus/28/,𠸦朱妬奇肝月老,Nom
https://chunom.org/shelf/corpus/28/,𩈘傾城今古無双,Nom
https://chunom.org/shelf/corpus/28/,曲琴𠫾𨁥𠄼宮,Nom
https://chunom.org/shelf/corpus/28/,武吏能騎𡭉𪀄𠖤,Nom
https://chunom.org/shelf/corpus/28/,棋高帝釋昂𢬣,Nom
https://chunom.org/shelf/corpus/29/,𤳇司馬相如𠁀𠓀,Nom
https://chunom.org/shelf/corpus/29/,唒固羣劍虐尋吹𠦳鐄𣠖𥚯𠬠唭,Nom
https://chunom.org/shelf/corpus/29/,玉抌𠬠𨶜羣𡎢𢗼縐𥆾渃𣷭㳥秋強潤屡英雄𬑉䀼醝迷醝迷𢲩襖麻𧗱,Nom
https://chunom.org/shelf/corpus/29/,𪀄英𥄭𦥃𠰘唭供醝𠬠茄鐄待𤒘天然邀花麻吏底煩朱花,Nom
https://chunom.org/shelf/corpus/29/,𥪝宮禁𪀄車少仉外𤾓官卿宰别包,Nom
https://chunom.org/shelf/corpus/29/,醝終鼎悁沔道奇𬆄供𤤰舌朶夭桃想浪權奇嵬高,Nom
https://chunom.org/shelf/corpus/29/,假女渃詫之𠇮玉香𡗶敖鄂唏𠖤,Nom
https://chunom.org/shelf/corpus/29/,雪霜丿俸耗𤷍𠇮蟡固𢝙麻庒固夭,Nom
https://chunom.org/shelf/corpus/29/,責蛮王底𡛔堯過辰,Nom
https://chunom.org/shelf/corpus/3/,天𡗶地坦雲𩄲雨𩄎風𩙋日𣈜夜𣎀巾〓衣襖,Nom
https://chunom.org/shelf/corpus/3/,一𠬠二𠄩八𠔭九𠃩十𨑮萬𨷈,Nom
https://chunom.org/shelf/corpus/3/,滑裴甘𤮾〓𤯆酸䣷苦〓〓〓辛𨐮心𢚸面𫖀手𢬣〓〓髮𩯀,Nom
https://chunom.org/shelf/corpus/3/,眉〓足蹎量量尺𡱩衡斤篙樔杖梞竿竿標標鷄𪃿,Nom
https://chunom.org/shelf/corpus/3/,鵝〓牛𤛠犬㹥貓猫羊羝木𣘃草𦹵,Nom
https://chunom.org/shelf/corpus/3/,〓𥯌梁〓麥𥟼〓〓〓𣘛池〓井汫橋橋榔橰煙茦芙〓灰洃,Nom
https://chunom.org/shelf/corpus/30/,恄忠直醝迷讒嚀品金㐌𤑟價珠罕祥蛮夷𥙩色爫奇,Nom
https://chunom.org/shelf/corpus/30/,惜藝㐻学與才名嘆喂國色傾城,Nom
https://chunom.org/shelf/corpus/30/,𧯄造化〓外〓𨷑,Nom
https://chunom.org/shelf/corpus/30/,𨀋蹎辰㐌𫅩紅𠖤高,Nom
https://chunom.org/shelf/corpus/30/,〓𠓨棱〓語塘𫥨香鵉擬𢢆俸俄,Nom
https://chunom.org/shelf/corpus/30/,鼎終𢝙𨤔之麻鼎終,Nom
https://chunom.org/shelf/corpus/30/,外噋嗃体助秦王𢗽𢝙供丐事常,Nom
https://chunom.org/shelf/corpus/30/,𠸦埃窖𦘧堆塘格𩜙䀡花𣠖𤑟㐌芒㗂𠁀,Nom
https://chunom.org/shelf/corpus/30/,𥆾蓮菊想味茶味江南想望忉𢚸𢘾傷,Nom
https://chunom.org/shelf/corpus/31/,𣈗𩲉梅塢愈𨉓尼𡶀姮𡽫泰𤌋𠖤〓𢠩𢖵𦑗濃強𠸗挹冷𢖵勾生我劬勞,Nom
https://chunom.org/shelf/corpus/31/,察勾拾女朱𠓨曰無儗𢢆仉揞墓拖𩆐,Nom
https://chunom.org/shelf/corpus/31/,㤙義意海河記〓怨恨尼揞〓底边𢞂𥉫風景渃番,Nom
https://chunom.org/shelf/corpus/31/,𬈋𢖵埃〓掑簮〓姊㛪疎矧𠓀軒,Nom
https://chunom.org/shelf/corpus/31/,〓梗壁採花蓮〓唭外花𦹳仍〓㐌残,Nom
https://chunom.org/shelf/corpus/31/,草芇欺𠓀出䦕𠄩娘意𦹳秋閍〓,Nom
https://chunom.org/shelf/corpus/31/,名㗂強〓𤊪撩𦎛𠬠𬆄為主𠄩傷為𫯰羣些低絲紅𣠖定,Nom
https://chunom.org/shelf/corpus/32/,𦟐紅奇遇𡗶撑用移著庒沛𨁥味買歷𠄩𫅜芸七夕買豊如埃𩈘令古弓,Nom
https://chunom.org/shelf/corpus/32/,羣之月女麻春空制𫼳㗂女難别包當𪱆𭚯湄𤁓吏晴,Nom
https://chunom.org/shelf/corpus/32/,卽台𡗶𠹳景調囂𠊛𠁀𧯶沛榾梂桃花𧯶沛䑓霜麻𠊛𢩧𠬃边塘𨀈過,Nom
https://chunom.org/shelf/corpus/32/,𢢇縁傷分悴賖責𠊛扵萡責些磊辰,Nom
https://chunom.org/shelf/corpus/32/,渃𣳔塵沚𥊢爫之,Nom
https://chunom.org/shelf/corpus/32/,他浪拻𠄀顛𬏝,Nom
https://chunom.org/shelf/corpus/32/,𥙩英勾螠脾ㇴ𡃹𦝚襖𥯒名姅撘姅𦣰布孤媄娣𠲖𪡷供双,Nom
https://chunom.org/shelf/corpus/33/,唒𢙪怓甘𢚸𢼂分𡦂自由决罕欣𠊛加夷〓焠腩鮮,Nom
https://chunom.org/shelf/corpus/33/,縵鵉襘鳯請台床𤘋悶𫥨𠓨沛𠳨宦官或欺承叶竜顔,Nom
https://chunom.org/shelf/corpus/33/,仉朝𠊛直𢝙強虎台况𠇮分䕯𩄲㵢𣼸吏強𢞂台職南柯南柯𠬠職熾斜,Nom
https://chunom.org/shelf/corpus/33/,悴台浽公勞自意直房鵉庒𧡊𩈘竜𤒘花懝𢢆𩃳紅湥洡𢢇分孤房淒涼,Nom
https://chunom.org/shelf/corpus/33/,房空揞幅篆残𦖱𦖑徃夕邊𧜞蟡嗃蟡嗃哭房𫕟往𨤔𦹵花𦹳空仉永𪮨,Nom
https://chunom.org/shelf/corpus/33/,責翁絲窖制堪𦟐紅據咹𭉏𥄭技𣎃𣈗添吏特朝𧵆𠃩陛䟻朱照𦥃霜䑓㐌冬,Nom
https://chunom.org/shelf/corpus/34/,俸埃爫如仉未亡,Nom
https://chunom.org/shelf/corpus/34/,𢝙之女麻𡎢終𣇓,Nom
https://chunom.org/shelf/corpus/34/,𫨩之麻掛梗江山,Nom
https://chunom.org/shelf/corpus/34/,𢝙之麻笛麻彈,Nom
https://chunom.org/shelf/corpus/34/,麻吟風月麻𢺤𢬢情,Nom
https://chunom.org/shelf/corpus/34/,催些唉暫仃隻𩃳,Nom
https://chunom.org/shelf/corpus/34/,終,Nom
https://chunom.org/shelf/corpus/35/,故𫳵欺缺吏欺𧷺,Nom
https://chunom.org/shelf/corpus/35/,𠳨𡥵白兔陀包𣦮,Nom
https://chunom.org/shelf/corpus/35/,𠳨姉姮娥㐌𠇍𡥵,Nom
https://chunom.org/shelf/corpus/35/,𣎀最故𫳵𥋸閣紫,Nom
https://chunom.org/shelf/corpus/35/,𠄼更泸𣼽除埃帝,Nom
https://chunom.org/shelf/corpus/35/,𫨩固情𥢅貝渃𡽫,Nom
https://chunom.org/shelf/corpus/36/,咳姉姮娥媷廣寒,Nom
https://chunom.org/shelf/corpus/36/,襖仙雖潤味王母,Nom
https://chunom.org/shelf/corpus/36/,香俗群燶焒后郎,Nom
https://chunom.org/shelf/corpus/36/,𬑉鳳𢖵醝味玉素,Nom
https://chunom.org/shelf/corpus/36/,宫倪𫳵𢢆曲琴鸞,Nom
https://chunom.org/shelf/corpus/36/,𡀮空縁𡢻共𠊚世,Nom
https://chunom.org/shelf/corpus/37/,𤾓𢆥𠀧萬𦒹𠦳𣈜,Nom
https://chunom.org/shelf/corpus/37/,唒固𠦳鐄𧁹𢷮台,Nom
https://chunom.org/shelf/corpus/37/,𧡊几奸頑䏾吏苔,Nom
https://chunom.org/shelf/corpus/37/,噔㤕𡃊台味俗累,Nom
https://chunom.org/shelf/corpus/39/,佛說大聖末刼真經,Nom
https://chunom.org/shelf/corpus/39/,演音,Nom
https://chunom.org/shelf/corpus/39/,從容因𣅶清閑演排𠬠本喃哪底朱𡥵𪨅弹婆拱䀡,Nom
https://chunom.org/shelf/corpus/39/,買𫨩𪱨𧡊眼前埃麻忍特買𢧚身𠊛事尼原於渃𠊛,Nom
https://chunom.org/shelf/corpus/39/,洛陽𪜀縣西平府分,Nom
https://chunom.org/shelf/corpus/39/,王家𪜀社於𧵆城隍廟意固分英灵,Nom
https://chunom.org/shelf/corpus/39/,𡗶當唵𠵇𦊚方埃埃𦖑拱咳雄,Nom
https://chunom.org/shelf/corpus/4/,占吒丐刧𥙩𫯳終,Nom
https://chunom.org/shelf/corpus/4/,𠄼澄𨑮祸𫨩庒渚,Nom
https://chunom.org/shelf/corpus/4/,故𢶸咹𥸷𥸷吏孔,Nom
https://chunom.org/shelf/corpus/4/,餒尼𠸠别羕尼𠰚,Nom
https://chunom.org/shelf/corpus/4/,辰𠓀傕停於丕衝,Nom
https://chunom.org/shelf/corpus/40/,朱些腰唒𫽄移拪,Nom
https://chunom.org/shelf/corpus/40/,強𤎐包饒辰彊𠖾,Nom
https://chunom.org/shelf/corpus/40/,紅紅𦟐粉縁爲梞,Nom
https://chunom.org/shelf/corpus/40/,主唒𤤰腰𠬠丐尼,Nom
https://chunom.org/shelf/corpus/44/,𠦳𠸗名節𪽋芳,Nom
https://chunom.org/shelf/corpus/44/,䀡𫥨買别𡗶𧵆爫𠊛𢖵𪧚𥙩分善端,Nom
https://chunom.org/shelf/corpus/44/,𧡊𥪝小節新刊停ヌ,Nom
https://chunom.org/shelf/corpus/44/,𢖵初楊礼刘平,Nom
https://chunom.org/shelf/corpus/44/,拱饒交吏𠬠茄芝蘭撻床徐子𢭾幔董公,Nom
https://chunom.org/shelf/corpus/44/,𨑮𢆥𥪝准文房𣈜𬓲堆册𣈘終𠬠畑,Nom
https://chunom.org/shelf/corpus/44/,𤍇𥸷經聖傳䝨,Nom
https://chunom.org/shelf/corpus/44/,都饒捽玉燶鐄欺招韻賦欺盘藝文,Nom
https://chunom.org/shelf/corpus/45/,堆塸蓬島霜群唅,Nom
https://chunom.org/shelf/corpus/46/,都饒草聖詩神,Nom
https://chunom.org/shelf/corpus/46/,文人士子𧵆賖摺招桂月𢯏花都才功名埃几讓埃払楊脱㐌三魁榜鐄,Nom
https://chunom.org/shelf/corpus/46/,𢂎𩂏馭𮪍迎昂,Nom
https://chunom.org/shelf/corpus/46/,箕朋友怒鄉粦宦階吝堛𣈜𣈜𨖲髙隊㤙𡗶坦别包福茄禄渃洡𤁓奇𠄩,Nom
https://chunom.org/shelf/corpus/46/,念忠孝堛英才𤎜𪤍祖廕浽𠁀科名𡄎身荣𩔰㐌仃想𠊛故友晚成麻傷,Nom
https://chunom.org/shelf/corpus/46/,𧡊𠓀題扵榜鐄仍埃傕辰𣌋闷麻之史經温吏朱漏傷台仍堛才花,Nom
https://chunom.org/shelf/corpus/47/,荣永𦖻𦖑㗂哭夷,Nom
https://chunom.org/shelf/corpus/47/,傷𫯳𢧚餒哭比絲,Nom
https://chunom.org/shelf/corpus/47/,𠮾嗷妾𢖵味甘草,Nom
https://chunom.org/shelf/corpus/47/,𨢟䔲払喂味桂枝,Nom
https://chunom.org/shelf/corpus/47/,交梂妾别埃特,Nom
https://chunom.org/shelf/corpus/47/,生寄払喂死則歸,Nom
https://chunom.org/shelf/corpus/48/,奇𢘝朱𢧚餒懙揚,Nom
https://chunom.org/shelf/corpus/48/,縁天𣜾𧡊〓頭育,Nom
https://chunom.org/shelf/corpus/48/,片情𠬠塊妾嗔恾,Nom
https://chunom.org/shelf/corpus/49/,娓納𪢈𨉞𦒹𬙞婆,Nom
https://chunom.org/shelf/corpus/49/,𡴯嶌銼蓮怒妬𦓡,Nom
https://chunom.org/shelf/corpus/5/,詩云賊殷𨑮萬没𣘃棍𠀧𢆫𠦳𠸗没聖𡥵功業標蓮頭馭〓孝忠𤋵𤏣𬌓𢚸𣜱𫥨𢬣解救朱〓𥠭底㗂𥹰𨱽貝渃𡽫固固空空芇赦𠸥𠊚𠸗群買渃𡽫群,Nom
https://chunom.org/shelf/corpus/5/,𠸗𫢩仍𠎬奇人功名事業𨑮分恪𠊚立碑立〓𣄒𠁀英雄𨢟𢸞𢧚时世咍渃些固傳奇台奇人奇事〓低包𠁀爫𢧚功業齊𡗶史撑群劄𠰘𠁀群碑,Nom
https://chunom.org/shelf/corpus/5/,𣇫𠸗固没聖兒𠸜𪜀〓𣱆𪜀〓空〓本𠊚𣄒北寧𫢩廊〓扶董縣〓僊遊媄吒固㗂茄𢀭富堪敵國𥚯歐𠇍𠊚只嫌没餒〓咴𧵆𠄼𨑮〓𣠖𠊚承家求低拜妬𧵆賖爫緣爫福𠸥陀包尼𢆧𫳵𡗶拯負𠊚𣄒𫅜吏享福𡗶空差没𣋚𩅹𩆐㘇𡗶〓𡑰固𨃴蹎𠊚窒𡚢老婆此𥙩蹎搊,Nom
https://chunom.org/shelf/corpus/5/,𪀄𬊽羕㕸𦤾回𦬑𫥨富翁没聀南柯𥊚𥇀𠫾細没座天宮楼抬𠄼式𩄲封𧏵朝陛玉香籠座蓮百官朝服𠄩边没𠊚占占〓𨕭凱鐄𠳨𫥨買〓玉皇,Nom
https://chunom.org/shelf/corpus/5/,將箕領命𠫾𬆄富翁拱𣅶𥊚尼醒𫥨𣃣咍〓報𥪝茄宮𦝄桂㐌艿𫥨没梗香迻𠶗㘃門庭𥋳𠊚異𠍵𤑟形𣅶迷翁婆𢜠懙𤾓皮鐄招玉〓𣋽𣌉拯〓㐱𠲖神梦𠇍𠳒𡥵𨖲𠀧𣦮𧗱𡗶空𥹰翁撑〓假之饒固𦓡固〓〓𠱋〓空,Nom
https://chunom.org/shelf/corpus/5/,餒𥢆𢚸仍𢠣𢚸𥪞〓謹拯吘穷埃咍,Nom
https://chunom.org/shelf/corpus/5/,〓兜特𠇍𣎃迟,Nom
https://chunom.org/shelf/corpus/5/,老婆隻𩄴𢩣霜姅𠲖𡥵𪨅姅傷𨉟𫅷𢞅𡥵𢚸吏淡陀羕如𢪲𠨡〓花𣎀𣈜𢪲〓拯𫵀淶𢬣懞𣎀别呐懞𣈜别𠫾𠀧𢆥〓飭〓持𦓡𡥵摘摘知知𨔍讓𨔍〓㳥𣷭𠰘廊仍𠳒制〓每塘〓箕不仁𢀭𧘇寶〓𡗶朱貴子𣃣〓𣃣唫婆𦖑𧡊仍𤴬𢚸𥢆𨉓只𤋵良心𠇍𡗶,Nom
https://chunom.org/shelf/corpus/50/,攊溪沚𢱖藍岩,Nom
https://chunom.org/shelf/corpus/50/,旦買别浪𧯄聖化,Nom
https://chunom.org/shelf/corpus/52/,基圖䝉正江山買臣塵間窒堛清貧,Nom
https://chunom.org/shelf/corpus/52/,𢖵𠊛伴友故知,Nom
https://chunom.org/shelf/corpus/52/,傕悲徐𣅶屯邅执經徔權别牢打料払買𨀈𠓨𠳨𠶀,Nom
https://chunom.org/shelf/corpus/52/,𠊛它𩔰宦碎群寒儒源干包管𢢆殊𧡊𠳒呐拱㤕車,Nom
https://chunom.org/shelf/corpus/52/,房𦖑心事闭徐,Nom
https://chunom.org/shelf/corpus/52/,𨀈𠓨私室陳辞分明,Nom
https://chunom.org/shelf/corpus/54/,塘𠫾偏召舘𦼔標,Nom
https://chunom.org/shelf/corpus/54/,𢯧技橋椥拙肯跳,Nom
https://chunom.org/shelf/corpus/54/,𠀧濯𣘃撑形捥𢰳,Nom
https://chunom.org/shelf/corpus/54/,箕丐鹞埃𩙌論繚,Nom
https://chunom.org/shelf/corpus/55/,排撻爲埃寔窖𫩓,Nom
https://chunom.org/shelf/corpus/55/,𠊚悁景佛𨆁蹎𠽖,Nom
https://chunom.org/shelf/corpus/55/,几𨔍瓢仙痗眜𥈺,Nom
https://chunom.org/shelf/corpus/55/,湥渃有情涞聖説,Nom
https://chunom.org/shelf/corpus/56/,𠸦埃窖撻景招蹽,Nom
https://chunom.org/shelf/corpus/56/,丸𥒥撑夷論噴𦼔,Nom
https://chunom.org/shelf/corpus/56/,栗了梗樁干𩙌蔟,Nom
https://chunom.org/shelf/corpus/56/,潭池蘿柳湥霜招,Nom
https://chunom.org/shelf/corpus/56/,痗𨆝𨀛蹎沕𫺓岧,Nom
https://chunom.org/shelf/corpus/57/,窖窖排路造化工,Nom
https://chunom.org/shelf/corpus/57/,曾𨕭雪㸃坡𩭶泊,Nom
https://chunom.org/shelf/corpus/57/,肝義𤋵𫥨共姉月,Nom
https://chunom.org/shelf/corpus/57/,塊情固買𠇍𡽫滝,Nom
https://chunom.org/shelf/corpus/57/,𥒥箕群别滝𫅷胤,Nom
https://chunom.org/shelf/corpus/58/,朱𢧚𠊛沛𡬶𨖅底𢘾,Nom
https://chunom.org/shelf/corpus/58/,楊公者格爫盧𠵩浪䋲窖𡬶噅稟𠳹眉它别𤏣世庒傕辰㐌典低些,Nom
https://chunom.org/shelf/corpus/58/,𢫕𦝄粓怒辱牙𨇜塘,Nom
https://chunom.org/shelf/corpus/58/,准官司監吝巾呐乾空推冲准芝𬞕翁碎涓别包徐,Nom
https://chunom.org/shelf/corpus/58/,為英碎沛勤拳仍麻英拱枚麻,Nom
https://chunom.org/shelf/corpus/58/,紆𮈔𠃩曲涞珠堆行故知負几他郷朱仃𭌝朱丐𫗂人情,Nom
https://chunom.org/shelf/corpus/59/,傕ヌ計礼之𣈙謝辞渚﨤𢴑𠳒払楊強擬𧵆賖強油隊夫人貝娘侯咀嘆仍些買博刘平,Nom
https://chunom.org/shelf/corpus/59/,别包書𪽗棋琴筆硯畑册𨑮𢆥𡗶𧷺些它荣𩔰𠊛群寒微塘文章别𥙩之專勤闷朱伴友成身,Nom
https://chunom.org/shelf/corpus/59/,丕𢧚𢚁旦夫人𠬠𠳒,Nom
https://chunom.org/shelf/corpus/59/,包徐𠊛占魁元仕𧗱𠓀𡢐朱院𠬠皮夫人𦖑訴情頭𠽔浪翁𠰺𡗋勾𠽋唭𥋳辰𡂂眜𦖑辰債𦖻,Nom
https://chunom.org/shelf/corpus/59/,古今拱渚𧡊埃,Nom
https://chunom.org/shelf/corpus/59/,悲徐買𧡊翁差恪皮,Nom
https://chunom.org/shelf/corpus/59/,空䀡冲趣茄圭,Nom
https://chunom.org/shelf/corpus/6/,坤儀貞静柔媚分明四德𠰺浪買三從意𠸗曾撩𦎛涅停燶艿倍傍㐌和平吏妙揚買咍𧡊調沛意爫𬆄别勾磊𤵺之低𢬭連靜時噒嚕勤拳,Nom
https://chunom.org/shelf/corpus/6/,眜箕𬆄𥊢𪿄𠫾䏾尼淹朗𢪀之調𠳹寛台𠳒意沛庒勾尼調𠊛空沛黙尸調𨉟空沛𠹾𣦍𠫾𦓡𫳵𢧚𩢬𠲝𠊛些𫳵𢧚謟佞讒坡傳𠁀從之唭𠹳容𨱽𡗉𠳒𡗋傳羅𠊛空咍催停𡀍𠯽埃低荼漿坤窖唁𫅜學藝𦄅習藝𦁼綘停𣜱粉點粧形神質樸容光完全爫朱𡥵眜世間痗𡗉𢚸尼空想怒箕典欺嫁半時些蹺𫯳𠸠朋縁分龍冬蹺𡥵朱凭𬌓𢚸坚貞奉蜍𠄩布媄𨉟欺𣋚欺𣌋𠰘𫅜𠰘唁𣘃徐㭲渃徐源,Nom
https://chunom.org/shelf/corpus/6/,粓淶𥺊擺抇𣦍倍傍𡛔𤳇𡎥𠤆鐘床迻咦抵帝𫽄常𢭂𢬣敬皮歲作腰類疎癡於𠁀忠厚買咍斗摸斤半堆𢬣公平停𧵆仍几佞些停信𠳒呐讒坡麻𪬃貪之丐利𡮈尼求之丐㗂𠸦咍買𠁀恨𢜠仕謹吣唏恄腰停固如偏𢚸㤕傷屡蜆弹虫𢜝𡗶𫳵𪾋負穷𫗃湄停用絏𡨸仍詞箕𠸜䝨聖包𣇞监輕蜍先祖沛精誠待𠊛侯下固情寛容𠫾𣎀𥙩𤒘麻𢫝𧵑时黙𧵑𨉟空料𨉟,Nom
https://chunom.org/shelf/corpus/6/,𢚸淹朗氣和平恕𠊛麻拱責𨉟買衝家風沛認朱伶媄吒順奇𤾓朝鸞鐘鳳乍刼尼𦝄𫅷結𥿗車𢇁監昂𠑕𩈘麻疎切𢚸拱停債命夫君姉㛪妯處朱和罕灰買住漫麻穷姑娘侯尼沛傷朱𡥵𫯳箕𠤆𠫅紆恄悭払麻虚𤵺恍忏吀𭈷曾𣅶𠹚勸仍吝払麻敗理傷輪美苗停頷𨉟些特𢀭𢀨𠤆輕𠁀,Nom
https://chunom.org/shelf/corpus/6/,固才𫳵監𢚁才世油払𬥣𩛜沛於朱論𠁀払麻𢤞恨𬨨𠳒𡬶勾𠹚𠳿料排呐能催停辯餒沛庒𠯻𠯻𫗃抱喑喑𩆐〓仍𣎀𣋚意鐘床㐌欺咇湥渃桃焒情拉吏𠤆朝世之𢜝塘生𦬑固欺𧁷𢚸咹常停𬨨𩛂𢚸默常停底𫗃東律𠓨𢬣箕停固𢱎高蹎箕停固𧼋料𨀈𣭻䏾停息恨兜兜𠰘停呐傳𠰁饒輕𠊛㗂滛停底𠓨𦖻色奸邪停𢙇眜𥉫𫼳胎麻𫽄乾𢫝生𡥵𠓇率𢖮空愚𪬡,Nom
https://chunom.org/shelf/corpus/6/,𠶛欺冽𡨺欺燶㐌𩂏欺𩙌吏防欺霜𫳵𢧚恨𢤡每塘𠶖常𠶛𠶖咹常𠶛咹𡃊台汫𤇮固神生𡥵𫥨悶𢧚𠊛㐌功餒𩟻吏𠳒勸𡂰停刼襖𠤆𠫅𧜖停朱𠮾意穷咹𦟐尼𡮈疎徐𣇫𢧚𠄩𠸒朱信寔矯差性常道爫𠊛意𤍊詳講明𤳇时芸業習情,Nom
https://chunom.org/shelf/corpus/6/,餒𡥵麻抵制空𫽄外茶𨢇时𥪝棋排筓冠𣃣旦歲尼㐌欺挸壻吏𣈜掄妯停迷𧵑𠤆尚𢀭婿时掄几賢良道齊家於正身𧵑朱𡥵沛均分買和爫身𡥵𡛔弹婆肝如鉄胣如鐄𢚸常如柏𦛌常如樁尼尼𡗶坦傷腰鬼神扶䕶别包調𫅜壽耆福祿顯荣,Nom
https://chunom.org/shelf/corpus/60/,役税拯歇群針役夷翁牢呐拯𫨩推,Nom
https://chunom.org/shelf/corpus/60/,𠸗𫢩沕别娘珠竜耒本𣳔阃範麻𠊛端莊𢚸葵篤道向陽,Nom
https://chunom.org/shelf/corpus/60/,𨇜冲𭲖𦊚徔𠀧,Nom
https://chunom.org/shelf/corpus/60/,小星𢜠㐌𬙾縁衾裯,Nom
https://chunom.org/shelf/corpus/60/,㤕身柳要疎桃粦羅貝伴文房,Nom
https://chunom.org/shelf/corpus/60/,𢜝𢚸君子智高𫆧溇如𣷭𢲛牢朱穷,Nom
https://chunom.org/shelf/corpus/60/,别浪𢚸固傷空,Nom
https://chunom.org/shelf/corpus/61/,𡥵𪂲拉買𪮊𣎀輸,Nom
https://chunom.org/shelf/corpus/61/,𠄩蹎蹅𫴋能能𢭪,Nom
https://chunom.org/shelf/corpus/61/,𬑵𨱽囷苦沕如饒,Nom
https://chunom.org/shelf/corpus/61/,除旦𠀧秋唉𤋵牟,Nom
https://chunom.org/shelf/corpus/62/,固𡗶固坦固些固𠇮為埃娘沛身征愈𢚸妾拯𥒥鐄,Nom
https://chunom.org/shelf/corpus/62/,責些群固責埃𠦳鐄𪾋𢬭𠬠𠳒呐牢傷娘㤕分夭桃,Nom
https://chunom.org/shelf/corpus/62/,為情刀等管包待油傕辰功意𡊰𡢐,Nom
https://chunom.org/shelf/corpus/62/,共饒森合𠬠茄歇𠳒𫰅𡮈湿高,Nom
https://chunom.org/shelf/corpus/62/,𨀈寅旦舘迎香𧡊払刘駭群當𡎢麻,Nom
https://chunom.org/shelf/corpus/62/,𢬣辰扲𦰟茟花㝍情払買題𢽼𦊚勾浪牢唉客書生因牢払買細低,Nom
https://chunom.org/shelf/corpus/62/,𪾋吀君子𤋵排妾𦖑払浪擬拱𨔍𥡳女人麻拱别藝文章,Nom
https://chunom.org/shelf/corpus/63/,佳人渚易特𠄩浽念払買歴陳分明,Nom
https://chunom.org/shelf/corpus/63/,浪些𪾋唒之𠇮責英楊禮薄情𡗋傕交逰别𠇍𫷜𡗶,Nom
https://chunom.org/shelf/corpus/63/,管包塘舍賖侵沙機𧏵﨤𩵽唭沛油,Nom
https://chunom.org/shelf/corpus/63/,舍盘之𥒥愚夫源干責几同𥦗丕𢧚詠𠬠𢽼韻,Nom
https://chunom.org/shelf/corpus/63/,姅分責伴姅分𫺶身,Nom
https://chunom.org/shelf/corpus/63/,油浪否極固分泰来功名塘駭群𨱽拯𫨩娘𠳨之些悲除,Nom
https://chunom.org/shelf/corpus/63/,浪㛪㤕分紅顔,Nom
https://chunom.org/shelf/corpus/63/,㤙吒𢘾媄拱𫔮丐身,Nom
https://chunom.org/shelf/corpus/64/,婵娟固𠻷英雄𫨩牢朱𢧚妾拯管包𢀭危,Nom
https://chunom.org/shelf/corpus/64/,沛縁沛刼辰蹺払𦖑擬𬢱秦銀,Nom
https://chunom.org/shelf/corpus/64/,因縁埃窖磋運吏朱擬𠇮當𣅶寒儒别埃麻㐌𠻷㗅買埃,Nom
https://chunom.org/shelf/corpus/64/,拯戈作合在𡗶吹𠊛青眼﨤𠊛紅顔情期𢧚伴鳳鵉,Nom
https://chunom.org/shelf/corpus/64/,沛𠊛𩙌𦲿𫚳梗如埃,Nom
https://chunom.org/shelf/corpus/64/,為縁𢧚沛勿奈闭除払買蹺蹎払𧗱𥋷𥊛風景闭除書𥦗墻壁雷傕,Nom
https://chunom.org/shelf/corpus/64/,詩辰𤁕墨𪽗辰派𣘈𨔍之景遇干𢞂仍䀡骨格沕群風光,Nom
https://chunom.org/shelf/corpus/64/,共払娘買𢯢𨖅房文垠吏𠬠間𭓇行,Nom
https://chunom.org/shelf/corpus/65/,𠊚辰𨖲打几辰𥉫,Nom
https://chunom.org/shelf/corpus/65/,𡛔腕𨉞螉𫤋𫤋𢚸,Nom
https://chunom.org/shelf/corpus/65/,𠄩行蹎玉𨀤双双,Nom
https://chunom.org/shelf/corpus/65/,制春㐌别春庒佐,Nom
https://chunom.org/shelf/corpus/67/,𤾓𢆥翁府永祥喂,Nom
https://chunom.org/shelf/corpus/67/,丐𡢻𠀧生㐌者耒,Nom
https://chunom.org/shelf/corpus/67/,墫秩文章𠀧𡱩坦,Nom
https://chunom.org/shelf/corpus/67/,𤾓𠄼翁府永祥喂,Nom
https://chunom.org/shelf/corpus/68/,𣒵耕勤敏𢝙沔女工,Nom
https://chunom.org/shelf/corpus/68/,𣈘𣈗𢚸仍啂𢚸朱𫨩𡬷腋貞坚,Nom
https://chunom.org/shelf/corpus/68/,𥒥鐄㗂㐌凭𥾽情春払徐欺﨤佳人海堂皮聀春霄,Nom
https://chunom.org/shelf/corpus/68/,拮𠳒娘㐌呈疎,Nom
https://chunom.org/shelf/corpus/68/,浪牢君子擬渚盡詳本𠊛文脉書香,Nom
https://chunom.org/shelf/corpus/68/,𦀊紅㐌𥾾𣈗𩇢群𨱽包除欺旦荣𡚖,Nom
https://chunom.org/shelf/corpus/68/,闭除妾𪾋惜之買払,Nom
https://chunom.org/shelf/corpus/68/,吏勾如𤥨如磨技強,Nom
https://chunom.org/shelf/corpus/7/,節皮蓮𦬶桃絲𩙌春海々〓香迻𠃣𡗉題詩吏𢪀𤾓朝𧡊𡗶坦吏勉腰每塘,Nom
https://chunom.org/shelf/corpus/7/,𠊛䑓閣几衡〓𠊛精武略几詳文韜𠊛耕牧几漁樵,Nom
https://chunom.org/shelf/corpus/7/,如富濁与貧清庒戈造物磋情性朱,Nom
https://chunom.org/shelf/corpus/7/,𪩪經最偈爫愚䐘𠁀庒松林拱窒潙清光𨕭上殿𠁑行廊椿嘹竹化隊尼𫔳慈易遣胣𠊛絲紅,Nom
https://chunom.org/shelf/corpus/7/,南無𫢋教如來渃楊急洒胣𠊛撕迷,Nom
https://chunom.org/shelf/corpus/7/,枚𢝙買竹鳯掑買鵉南無芇客紅顔𧵆尼便特咀嘆事𢚸南無色々〓空々〓,Nom
https://chunom.org/shelf/corpus/7/,庵𩄲念𫢋𡽫蓬想仙南無香火院全𡦂情哏咘𡦂緣洡漅南無東柳西桃𡽫巫彷彿臺𦎛𢠩恾,Nom
https://chunom.org/shelf/corpus/7/,南無𦲿𧺀𥿗紅排情風月妥𢚸雨雲南無𣷭愛源㤙晉𥘿沛侶朱陳當堆,Nom
https://chunom.org/shelf/corpus/70/,谷城南𦫼蔑閒,Nom
https://chunom.org/shelf/corpus/70/,朝官拯沛隐庒沛,Nom
https://chunom.org/shelf/corpus/70/,㭲城南𦫼蔑閒,Nom
https://chunom.org/shelf/corpus/71/,老少諸𢧚節丈夫,Nom
https://chunom.org/shelf/corpus/71/,免羅倣樣道先儒,Nom
https://chunom.org/shelf/corpus/71/,𠁑功名刀苦辱,Nom
https://chunom.org/shelf/corpus/71/,𥪝曳悅固風流,Nom
https://chunom.org/shelf/corpus/71/,𦲿梧桐末秋,Nom
https://chunom.org/shelf/corpus/72/,隻柏𢞂𧗱分浽𬈿,Nom
https://chunom.org/shelf/corpus/72/,𡧲𣳔𢭂札渃泠汀,Nom
https://chunom.org/shelf/corpus/72/,姅漫風波𨻫潗泙,Nom
https://chunom.org/shelf/corpus/72/,扲梩黙埃啉杜𣷷,Nom
https://chunom.org/shelf/corpus/72/,𣳔繚屍几㕸𣵶𡹡,Nom
https://chunom.org/shelf/corpus/72/,意埃𠽄板甘𢚸丕,Nom
https://chunom.org/shelf/corpus/75/,𫷜𧷺審脱迻梭夏戈秋細冬耒吏春䋦情娘買賖𧵆咀嘆,Nom
https://chunom.org/shelf/corpus/75/,𢖵茄娘拱盘桓念西,Nom
https://chunom.org/shelf/corpus/75/,情𬓲拯𪾋呐䏻,Nom
https://chunom.org/shelf/corpus/75/,几𧵆納卷几賖𨕭唐文人闹𠽋𦊚方𠰘吟𢬣討卷鐄噴珠𠰹玉𠸌旬,Nom
https://chunom.org/shelf/corpus/75/,會𬙽亇渃森圍補功畑册闭𫢩文房,Nom
https://chunom.org/shelf/corpus/76/,娘𦖑信拱𢜠𢚸想𠳒𡽫審渃溇,Nom
https://chunom.org/shelf/corpus/76/,矇朱旦㑹竜雲悲除㐌院每皮綱常𠄩𡦂妾空𪾋移,Nom
https://chunom.org/shelf/corpus/76/,払油拯固信𠳒,Nom
https://chunom.org/shelf/corpus/76/,払浪胣仍丁寧别包𥐆咀𨱽嘆亊𢚸章䑓隔阻渃𡽫,Nom
https://chunom.org/shelf/corpus/77/,欺勾詩聖欺盘棋仙東桃西桞鮮研唱随𢧚道室家,Nom
https://chunom.org/shelf/corpus/77/,徐𣈗占特榜鐄払強想𢖵強愁詩題皮断﨤娘占詩𠬠𠄩拫抪𩯀絲,Nom
https://chunom.org/shelf/corpus/77/,埃𫨩𡬷胣坚貞爫𢧚價重名髙,Nom
https://chunom.org/shelf/corpus/77/,𣋚𣈕𨻫仍堇魚餒𬓲競ㇴ边𢚸吏群責浽同𥦗薄情,Nom
https://chunom.org/shelf/corpus/77/,𫢩𢜠珥𨀈𩄲𩇢,Nom
https://chunom.org/shelf/corpus/78/,初𫢩冲曲弹琴𡗶𣋚唐吏群賖,Nom
https://chunom.org/shelf/corpus/78/,浪㤙博固𢚸傷徐𣈗𦖑㗂吨賖矇朱简役茄尼,Nom
https://chunom.org/shelf/corpus/78/,〓功碎拱定𣈗𨖅制,Nom
https://chunom.org/shelf/corpus/78/,𣈗包饒吏𢖵𠊛闭饒梗春渭北𩄲朝江東,Nom
https://chunom.org/shelf/corpus/78/,旦𣋚𫢩買重逢𢜠𢝙㐌妥𬌓𢚸渴滈房𠳐傳保闭𣇞,Nom
https://chunom.org/shelf/corpus/78/,𦖑信娘拱𠽋唭娘嘲渚𢴑意払㐌𫨩,Nom
https://chunom.org/shelf/corpus/78/,𠽃朱功業院全無情怒意𪾋吀恕情𢘾㤙英姉功程,Nom
https://chunom.org/shelf/corpus/79/,席耒辞謝𠬠𠄩徔容𤏣𡑩唐梅吏𧗱払自鴈㙮荣𡚖,Nom
https://chunom.org/shelf/corpus/79/,泰来𢜠㐌旦旬门庭𣈗吏添春𠬠𣈗𠬠茄桃李森圍𠬠𡑝槐桂聘排卒鮮𢘾禄渃隊㤙𡗶,Nom
https://chunom.org/shelf/corpus/79/,本𠊛文𭓇科名欺棋舘𣅶琴𠅘棋昂帝释弹檠把牙𠇮強富貴荣花,Nom
https://chunom.org/shelf/corpus/79/,女流如妸珠竜吏強寔𠊛烈女不更𡦂貞天古𭄁名群𨱽朱𫨩𡗶拯𬓲埃,Nom
https://chunom.org/shelf/corpus/79/,𡦂心拱貴𡦂才拱傷固忠孝固綱常役夷辰拱𢧚功役夷辰拱調穷安𢝙,Nom
https://chunom.org/shelf/corpus/79/,房文因𣅶𡎢耒天子萬萬年刘平新傳吟畢,Nom
https://chunom.org/shelf/corpus/8/,英㛪喂英㛪喂搓運局世坤買咹𠊛坤拱𡗉、𤵺拱𡗋𬂙妬拱别、𠊚𠀧𠎬𧵑𠀧𩔗𡥵𤤰𤤰唒、𡥵主主腰𧵑英英𫼳、𧵑娘娘捇𡎢空𧯶𠹾底𢬣乖蜜𠃣𧋆𡗉、𢪀𠊚些堂𦋦飭𢵋爭𣘃𧹦群算陶歇㭲𨢇唁尼㐌〓戈味䏾𢪀〓役爫買〓欺𫏾恪悲𣉹吏恪、,Nom
https://chunom.org/shelf/corpus/8/,〓〓如禮生𠅎〓𥄭部𢞂唭庒柴牢𠋥爫𢧚、箕高等、箕階固錢摸仙拱特、芇中州、芇邊省、𠏲𦁼咹緆、𠏲𤳰咹糊、𬁖朋𠊚〓䏾信𣦍、𠫾覺懺瓢、𠫾句懺櫓、圖爫沛𨇜、𢬣空渚𢩽𤍊𨑮𨑮䀡𥪝團体、𣇜買骨、渚𢪀浪些呐𠲝、仃制仍几虚荒、咹菓𢖵几𥠭𣘃、報答牢朱𥾽特願,Nom
https://chunom.org/shelf/corpus/8/,𠀧萬卷棱歐𣷭愛、塘居處牢朱别𡓃、於瓢辰𧷺、於甕辰𨱽,Nom
https://chunom.org/shelf/corpus/8/,箕仍几𤳰坤𤳰窖、𩛜朱〓、𮖤朱𦹳、𧯶如埃、渃濁脿𪂮、庒𢪀𡥵丐𨉓、𥘀𢬣鉊鈽咹固啀、如固𢪀、渚算事〓𡗶扒鴶、𨀈功名𢝙𡗋拱𢗼𡗉、仃窖洫之藝劍𩵜塘名利荣箕𦓡辱妬、窖迷瞞之事咹𥸷惨典埃拍𦲿尋溇、𫨩之事諌𥑥𦋦𦟐、𫃚古猫撩古㹥、典勢辰催咹果芇樔果意,Nom
https://chunom.org/shelf/corpus/87/,舍另身閒課役耒,Nom
https://chunom.org/shelf/corpus/87/,檜俗茶常坡渃雪,Nom
https://chunom.org/shelf/corpus/87/,尋清中曰羡茶梅,Nom
https://chunom.org/shelf/corpus/87/,𪀄叫花𦬑𣈜春净,Nom
https://chunom.org/shelf/corpus/87/,香論碁殘席客催,Nom
https://chunom.org/shelf/corpus/87/,盃固蔑念庒女豸,Nom
https://chunom.org/shelf/corpus/87/,道濫昆免道濫碎,Nom
https://chunom.org/shelf/corpus/88/,潘佩珠小史,Nom
https://chunom.org/shelf/corpus/88/,翁圭於廊丹染縣南𣐙省乂安,Nom
https://chunom.org/shelf/corpus/88/,杜首科場乂𢆥更子,Nom
https://chunom.org/shelf/corpus/88/,期第一曰兼治,Nom
https://chunom.org/shelf/corpus/88/,𢆥辛丑翁招集伴同志謀圖局反対政治,Nom
https://chunom.org/shelf/corpus/88/,爫卷琉球血淚書𢭮朱各朝臣穷各名士底鼓動𢚸愛,Nom
https://chunom.org/shelf/corpus/89/,國𧵑人民,Nom
https://chunom.org/shelf/corpus/89/,𡢐𫥨北圻交𨒣𠇍各名人外北如：具督定宅、翁秀昌、耒𨖲𠇍提探、仍不得志,Nom
https://chunom.org/shelf/corpus/89/,穷𠇍翁具道組織党革𠇮,Nom
https://chunom.org/shelf/corpus/89/,𨖅潮卅廣東於𠇍刘永福,Nom
https://chunom.org/shelf/corpus/89/,耒吏𨖅德、𨖅俄会同提刑結案苦差終身,Nom
https://chunom.org/shelf/corpus/89/,𣈗𠄩,Nom
https://chunom.org/shelf/corpus/9/,節春夜天清雲静准旅庭聀醒更𣌉𦖻𦖑〓咏𦊛皮𦎛娥〓𤊨𤋵掑桂蘭𧡊𦝄脱動𢚸鐄吟句問月度昂𠇍𠳒𠳨姨月𠇍𡢐〓,Nom
https://chunom.org/shelf/corpus/9/,縁故𪱊𦓡特清台月浪物𢬭𣋀移𦎛尼𡗶底朱𠊚〓終爫朱痗𤻻英〓𠳨姨月固塘𨕭細月浪些吏𠇍些,Nom
https://chunom.org/shelf/corpus/9/,固𣘃丹桂𧘇𪜀姉㛪英〓𨀈細度䀡箕𦎛玉兔、怒簾水晶𠳨姨月固情庒些渚年花倣㐌羕包月浪要柳疎桃,Nom
https://chunom.org/shelf/corpus/9/,強𨖲強𤏣、強高強𧷺𬌓𦎛〓𤊨拯𤷱𠳨姨月姮娥𠇍𢆫拠𣈜𠄻𦤾最辰𫥨,Nom
https://chunom.org/shelf/corpus/9/,冥冥長夜埃吏别埃别尼岩險、别𠊛邪奸𧡊月呐𢚸強𢞅月别𢚸些固月咍庒,Nom
https://chunom.org/shelf/corpus/9/,𨀈𨕭朱𦤾宮𦝄結縁朱特娥-姮買他别饒只固更𠀧點從月拱㦖嚈𢚸吏𠳨局𠁀䀡似占包公侯卿相噋哰𥪝𨦩挣𠑬為𡭲唏銅,Nom
https://chunom.org/shelf/corpus/9/,月吏𠳨棱儒𠇍仉𤑟𤉜𢬣𢯏桂長-安月𠳨些疎矧矧疎更強演月強高月些些月别包饒情𠇍句吟准旅庭固埃别月别𨉓咍庒,Nom
https://chunom.org/shelf/corpus/90/,庵竹軒梅𣈜𣎃戈,Nom
https://chunom.org/shelf/corpus/90/,是非芇典𡎝煙霞,Nom
https://chunom.org/shelf/corpus/90/,襖默奈之錦羅,Nom
https://chunom.org/shelf/corpus/90/,渃養朱清池賞月,Nom
https://chunom.org/shelf/corpus/90/,坦𦓿牛隘𪽏秧花,Nom
https://chunom.org/shelf/corpus/91/,塘𠃣𠊚𠫾𦹵急侵,Nom
https://chunom.org/shelf/corpus/91/,主無心〓客無心,Nom
https://chunom.org/shelf/corpus/92/,滥𠊚拯固德共才,Nom
https://chunom.org/shelf/corpus/92/,𠫾儗調𪰛劔歇𠄩,Nom
https://chunom.org/shelf/corpus/92/,易咍𦛌𣷭溇𣴓,Nom
https://chunom.org/shelf/corpus/92/,坤别𢚸𠊚𬑵𨱽,Nom
https://chunom.org/shelf/corpus/92/,事世𭁈冷埃𠳨旦,Nom
https://chunom.org/shelf/corpus/93/,場屋𠀧秋枉某名,Nom
https://chunom.org/shelf/corpus/93/,〓勤約操園諸子,Nom
https://chunom.org/shelf/corpus/93/,船𫵈坤都𣷭六經,Nom
https://chunom.org/shelf/corpus/93/,吏𢜠元氣皮盛,Nom
https://chunom.org/shelf/corpus/93/,群忌爲咍蔑𡨸丁,Nom
https://chunom.org/shelf/corpus/94/,㐌𠇍秋尼底例茹,Nom
https://chunom.org/shelf/corpus/94/,縁芇刁等庫庒赦,Nom
https://chunom.org/shelf/corpus/94/,蔑身吝橘塘科目,Nom
https://chunom.org/shelf/corpus/94/,𠄩𡨸麻〓役國家,Nom
https://chunom.org/shelf/corpus/94/,才劣辣饒𢧚劔伴,Nom
https://chunom.org/shelf/corpus/94/,𠊚𤷱痗歇福群些,Nom
https://chunom.org/shelf/corpus/94/,情負粓𡗶襖吒,Nom
https://chunom.org/shelf/corpus/95/,襊踈䕯𨢇〓情控,Nom
https://chunom.org/shelf/corpus/95/,挂用〓歆𠇍琰塘,Nom
https://chunom.org/shelf/corpus/95/,臺子陵高秋沫,Nom
https://chunom.org/shelf/corpus/95/,𤿤張騫珥客𢀨,Nom
https://chunom.org/shelf/corpus/95/,蟳〓六辱船頭罢,Nom
https://chunom.org/shelf/corpus/95/,蠔質摳離㯲檜廊,Nom
https://chunom.org/shelf/corpus/95/,㗂朝𠰺泣滄浪,Nom
https://chunom.org/shelf/corpus/96/,𢀨共庫𪽝蒸𡗶,Nom
https://chunom.org/shelf/corpus/96/,吝木爫之朱辱唏,Nom
https://chunom.org/shelf/corpus/96/,瀉𢚸清味耨渃,Nom
https://chunom.org/shelf/corpus/96/,𡍋坦隘𪽏夢葸,Nom
https://chunom.org/shelf/corpus/96/,〓勤節奇〓恒捻,Nom
https://chunom.org/shelf/corpus/96/,忠孝念初馬女移,Nom
https://chunom.org/shelf/corpus/96/,昆𡥙渚嫌双曰兀,Nom
https://chunom.org/shelf/corpus/97/,𦝄〓䏧〓相〓〓,Nom
https://chunom.org/shelf/corpus/97/,林泉清永伴巢許,Nom
https://chunom.org/shelf/corpus/97/,礼楽閑制道孔周,Nom
https://chunom.org/shelf/corpus/97/,鉢粓叉如恩社稷,Nom
https://chunom.org/shelf/corpus/97/,間𦫼𦹵隊〓唐虞,Nom
https://chunom.org/shelf/corpus/97/,絲豪庄固填恩主,Nom
https://chunom.org/shelf/corpus/97/,𠰺廊溋𠇍士儒,Nom
https://chunom.org/shelf/corpus/98/,竹立軒梅抉俗塵,Nom
https://chunom.org/shelf/corpus/98/,業𪧘詩疎恒蔑職,Nom
https://chunom.org/shelf/corpus/98/,縁初香火象𠀧身,Nom
https://chunom.org/shelf/corpus/98/,顔淵渃貯瓢群月,Nom
https://chunom.org/shelf/corpus/98/,杜甫詩𢧚筆固神,Nom
https://chunom.org/shelf/corpus/98/,女君親渚報特,Nom
https://chunom.org/shelf/corpus/99/,輸特朋棊埃几堆,Nom
https://chunom.org/shelf/corpus/99/,掬制春泣每頽,Nom
https://chunom.org/shelf/corpus/99/,昆𡥙馬嫌双曰賤,Nom
https://chunom.org/shelf/corpus/99/,𠦳頭柑橘意羅碎,Nom
https://www.thivien.net/%C4%90%E1%BA%B7ng-Minh-Khi%C3%AAm/An-D%C6%B0%C6%A1ng-V%C6%B0%C6%A1ng/poem-1XxPaeXoCn8wYLccScnqfQ,謾誇神弩屈人兵,Chinese
https://www.thivien.net/%C4%90%E1%BA%B7ng-Minh-Khi%C3%AAm/An-D%C6%B0%C6%A1ng-V%C6%B0%C6%A1ng/poem-1XxPaeXoCn8wYLccScnqfQ,君王自眛苞桑戒,Chinese
https://www.thivien.net/%C4%90%E1%BA%B7ng-Minh-Khi%C3%AAm/An-D%C6%B0%C6%A1ng-V%C6%B0%C6%A1ng/poem-1XxPaeXoCn8wYLccScnqfQ,女子何關國重輕,Chinese
https://www.thivien.net/%C4%90o%C3%A0n-Huy%C3%AAn/%E1%BA%A4t-H%E1%BB%A3i-th%C3%AD-b%C3%BAt/poem-NER2LUlV4g_MJ3zWUUVSdg,乙亥試筆冷官三考幾風塵,Chinese
https://www.thivien.net/%C4%90o%C3%A0n-Huy%C3%AAn/%E1%BA%A4t-H%E1%BB%A3i-th%C3%AD-b%C3%BAt/poem-NER2LUlV4g_MJ3zWUUVSdg,鶯花恰好對新春,Chinese
https://www.thivien.net/%C4%90o%C3%A0n-Huy%C3%AAn/%E1%BA%A4t-H%E1%BB%A3i-th%C3%AD-b%C3%BAt/poem-NER2LUlV4g_MJ3zWUUVSdg,孫曾繞膝歡吾幼,Chinese
https://www.thivien.net/%C4%90o%C3%A0n-Huy%C3%AAn/%E1%BA%A4t-H%E1%BB%A3i-th%C3%AD-b%C3%BAt/poem-NER2LUlV4g_MJ3zWUUVSdg,鄰里談心敘故人,Chinese
https://www.thivien.net/%C4%90o%C3%A0n-Huy%C3%AAn/%E1%BA%A4t-H%E1%BB%A3i-th%C3%AD-b%C3%BAt/poem-NER2LUlV4g_MJ3zWUUVSdg,獨是京華游宦子,Chinese
https://www.thivien.net/%C4%90o%C3%A0n-Huy%C3%AAn/%E1%BA%A4t-H%E1%BB%A3i-th%C3%AD-b%C3%BAt/poem-NER2LUlV4g_MJ3zWUUVSdg,適逢佳節正思親,Chinese
https://www.thivien.net/Cao-B%C3%A1-Qu%C3%A1t/%E1%BA%A8m-t%E1%BB%ADu-%C4%91%E1%BA%AFc-ch%C6%B0-h%E1%BB%AFu-giai-t%C3%A1c-t%E1%BB%A9c-ph%E1%BB%A5c-t%E1%BA%A9u-b%C3%BAt-th%C6%B0-th%E1%BB%8B/poem-_tE-xp0feLTIu7WTW5TmEA,飲酒得諸友佳作即復走筆書示故鄉顏色尚依然,Chinese
https://www.thivien.net/Cao-B%C3%A1-Qu%C3%A1t/%E1%BA%A8m-t%E1%BB%ADu-%C4%91%E1%BA%AFc-ch%C6%B0-h%E1%BB%AFu-giai-t%C3%A1c-t%E1%BB%A9c-ph%E1%BB%A5c-t%E1%BA%A9u-b%C3%BAt-th%C6%B0-th%E1%BB%8B/poem-_tE-xp0feLTIu7WTW5TmEA,人世升沉五六年,Chinese
https://www.thivien.net/Cao-B%C3%A1-Qu%C3%A1t/%E1%BA%A8m-t%E1%BB%ADu-%C4%91%E1%BA%AFc-ch%C6%B0-h%E1%BB%AFu-giai-t%C3%A1c-t%E1%BB%A9c-ph%E1%BB%A5c-t%E1%BA%A9u-b%C3%BAt-th%C6%B0-th%E1%BB%8B/poem-_tE-xp0feLTIu7WTW5TmEA,孤帆天分即浮煙,Chinese
https://www.thivien.net/Cao-B%C3%A1-Qu%C3%A1t/%E1%BA%A8m-t%E1%BB%ADu-%C4%91%E1%BA%AFc-ch%C6%B0-h%E1%BB%AFu-giai-t%C3%A1c-t%E1%BB%A9c-ph%E1%BB%A5c-t%E1%BA%A9u-b%C3%BAt-th%C6%B0-th%E1%BB%8B/poem-_tE-xp0feLTIu7WTW5TmEA,亭亭缺月如曾約,Chinese
https://www.thivien.net/Cao-B%C3%A1-Qu%C3%A1t/%E1%BA%A8m-t%E1%BB%ADu-%C4%91%E1%BA%AFc-ch%C6%B0-h%E1%BB%AFu-giai-t%C3%A1c-t%E1%BB%A9c-ph%E1%BB%A5c-t%E1%BA%A9u-b%C3%BAt-th%C6%B0-th%E1%BB%8B/poem-_tE-xp0feLTIu7WTW5TmEA,片片危峰只在前,Chinese
https://www.thivien.net/Cao-B%C3%A1-Qu%C3%A1t/%E1%BA%A8m-t%E1%BB%ADu-%C4%91%E1%BA%AFc-ch%C6%B0-h%E1%BB%AFu-giai-t%C3%A1c-t%E1%BB%A9c-ph%E1%BB%A5c-t%E1%BA%A9u-b%C3%BAt-th%C6%B0-th%E1%BB%8B/poem-_tE-xp0feLTIu7WTW5TmEA,猶來聱叟是頑仙,Chinese
https://www.thivien.net/Cao-B%C3%A1-Qu%C3%A1t/An-Qu%C3%A1n-t%E1%BA%A3o-xu%C3%A2n-k%E1%BB%B3-1/poem-37brwuhEgf5NtqgSoVqIkA,安館早春其一三更鐘斷雞咿喔,Chinese
https://www.thivien.net/Cao-B%C3%A1-Qu%C3%A1t/An-Qu%C3%A1n-t%E1%BA%A3o-xu%C3%A2n-k%E1%BB%B3-1/poem-37brwuhEgf5NtqgSoVqIkA,落落數家聞爆竹,Chinese
https://www.thivien.net/Cao-B%C3%A1-Qu%C3%A1t/An-Qu%C3%A1n-t%E1%BA%A3o-xu%C3%A2n-k%E1%BB%B3-1/poem-37brwuhEgf5NtqgSoVqIkA,出門倦倚立門看,Chinese
https://www.thivien.net/Cao-B%C3%A1-Qu%C3%A1t/An-Qu%C3%A1n-t%E1%BA%A3o-xu%C3%A2n-k%E1%BB%B3-1/poem-37brwuhEgf5NtqgSoVqIkA,路少燈行室稀燭,Chinese
https://www.thivien.net/Cao-B%C3%A1-Qu%C3%A1t/An-Qu%C3%A1n-t%E1%BA%A3o-xu%C3%A2n-k%E1%BB%B3-2/poem-9SeNtDy05JMZOSLWCMtmxA,安館早春其二客話當初蕃盛時,Chinese
https://www.thivien.net/Cao-B%C3%A1-Qu%C3%A1t/An-Qu%C3%A1n-t%E1%BA%A3o-xu%C3%A2n-k%E1%BB%B3-2/poem-9SeNtDy05JMZOSLWCMtmxA,即今春早銜泥燕,Chinese
https://www.thivien.net/Chu-V%C4%83n-Th%C6%B0%E1%BB%9Dng/An-Ho%E1%BA%A1ch-s%C6%A1n-B%C3%A1o-%C3%82n-t%E1%BB%B1-bi-k%C3%BD/poem-VMsZJa3_qA9RQB4PwzHmIQ,安獲山報恩寺碑記昭昭乎妙理湛寂照物物而物不相侵蕩蕩乎迥彼真空納塵塵而塵莫混跡是亦不謂幽深宏遠哉佛之有金色人之有佛性而不能自覺自悟也人之欲證者必資善以證焉所可參者莫大於像法像法之所崇莫崇於凈剎故仿優闐阿育之芳蹤挈摩騰法蘭之遺跡,Chinese
https://www.thivien.net/Chu-V%C4%83n-Th%C6%B0%E1%BB%9Dng/An-Ho%E1%BA%A1ch-s%C6%A1n-B%C3%A1o-%C3%82n-t%E1%BB%B1-bi-k%C3%BD/poem-VMsZJa3_qA9RQB4PwzHmIQ,今有太尉李公佐皇越第四帝授推誠協謀保節守正佐理翊戴功臣守尚書令開府欽同三司入內內侍省都都知撿校太尉兼御史大夫遙授諸鎮節度使同中書門下平章事上柱國天子義弟開國上將軍越國公食邑一萬戶食實封四千戶圖臨大節言授綴旒信乎六尺之孤可托百里之命可寄厥後乃誓于師北征鄰國西討不庭善七縱七擒之勝敵非漢有韓彭之功豈齊有管晏之烈,Chinese
https://www.thivien.net/Chu-V%C4%83n-Th%C6%B0%E1%BB%9Dng/An-Ho%E1%BA%A1ch-s%C6%A1n-B%C3%A1o-%C3%82n-t%E1%BB%B1-bi-k%C3%BD/poem-VMsZJa3_qA9RQB4PwzHmIQ,惟公輔君國家殷富多歷年所可垂臣道千古之熙績也至壬戌之歲皇帝特加清化一軍賜公封邑,Chinese
https://www.thivien.net/Chu-V%C4%83n-Th%C6%B0%E1%BB%9Dng/An-Ho%E1%BA%A1ch-s%C6%A1n-B%C3%A1o-%C3%82n-t%E1%BB%B1-bi-k%C3%BD/poem-VMsZJa3_qA9RQB4PwzHmIQ,群牧嚮風萬民慕德正縣西南有山高而且大名安獲所產美石其石公家之貴物瑩瑩色如藍玉青青質擬生煙然後鑿而為器其器也鑿為嚮磬扣處而萬里流音；用作銘碑遺文而千齡蓋固是則太尉李公祇差侍者甲首武承叨一名領九真鄉人也搜其山採其石十有九年實踐節操民就焉戰戰而若履輕冰恪勤特盈己清焉兢兢而類乘朽索自省曰：量器微而裁重本智小而謀大,Chinese
https://www.thivien.net/Chu-V%C4%83n-Th%C6%B0%E1%BB%9Dng/An-Ho%E1%BA%A1ch-s%C6%A1n-B%C3%A1o-%C3%82n-t%E1%BB%B1-bi-k%C3%BD/poem-VMsZJa3_qA9RQB4PwzHmIQ,積塵纖而豈拂五嶽漸成；注滴水而無休四溟轉溢況蒙究錫之踰涯以何能之報效賢愚列次貧富有宜所見於斯處者芟夷翠野草建仁祠號為報恩之寺也端偉能仁之相次列菩薩之容顏麗雙南體完繪事經營於己卯炎天慶成於庚辰燠景其屋乃一旦借丹青點綴百年延氣象芬芳前依赤帝之方境列古戰之縣井分攸耿,Chinese
https://www.thivien.net/Chu-V%C4%83n-Th%C6%B0%E1%BB%9Dng/An-Ho%E1%BA%A1ch-s%C6%A1n-B%C3%A1o-%C3%82n-t%E1%BB%B1-bi-k%C3%BD/poem-VMsZJa3_qA9RQB4PwzHmIQ,緣茂如雲後聯翔鳳之嵎旁聳白龍之岫橫注清流勢成一帶左達隅夷之表之鬲分為之間遙拂扶桑敬賓出日右通昧谷之都逼鎮堯嶽之巍夤餞斜暉隙臨疏牖門間石甃雙影特涌尖丘；橋外花香十里若飄濃麝但愚乃學文昧淺勝事何窮濫矢蕪詞以貽銘曰：空門虛寂俗累罕纓極微而顯至小何輕吉凶由己禍福易迎塵途則背,Chinese
https://www.thivien.net/Ho%C3%A0ng-%C4%90%E1%BB%A9c-L%C6%B0%C6%A1ng/An-Kh%C3%A1nh-hi%E1%BB%83u-h%C3%A0n/poem-_1C8EFyl5OTOiGV4xOAWjA,安慶曉寒擁被睨船窗,Chinese
https://www.thivien.net/Ho%C3%A0ng-%C4%90%E1%BB%A9c-L%C6%B0%C6%A1ng/An-Kh%C3%A1nh-hi%E1%BB%83u-h%C3%A0n/poem-_1C8EFyl5OTOiGV4xOAWjA,行客重曉發,Chinese
https://www.thivien.net/Ho%C3%A0ng-%C4%90%E1%BB%A9c-L%C6%B0%C6%A1ng/An-Kh%C3%A1nh-hi%E1%BB%83u-h%C3%A0n/poem-_1C8EFyl5OTOiGV4xOAWjA,江邊酒店翁,Chinese
https://www.thivien.net/Ho%C3%A0ng-%C4%90%E1%BB%A9c-L%C6%B0%C6%A1ng/An-Kh%C3%A1nh-hi%E1%BB%83u-h%C3%A0n/poem-_1C8EFyl5OTOiGV4xOAWjA,寒掃門前雪,Chinese
https://www.thivien.net/Huy%E1%BB%81n-Quang-thi%E1%BB%81n-s%C6%B0/Ai-phu-l%E1%BB%97/poem-8bqIgi0XRgTrAI0QLOYtHQ,哀俘虜刳血書成欲寄音,Chinese
https://www.thivien.net/Huy%E1%BB%81n-Quang-thi%E1%BB%81n-s%C6%B0/Ai-phu-l%E1%BB%97/poem-8bqIgi0XRgTrAI0QLOYtHQ,幾家愁對今霄月,Chinese
https://www.thivien.net/Khuy%E1%BA%BFt-danh-Vi%E1%BB%87t-Nam/An-Nam-s%E1%BB%A9-bi%E1%BB%87t-b%E1%BA%A1n-T%E1%BB%91ng-Quan-thi/poem-KXCu_bnJT9BTczwMbn5NNA,暮雲春樹兩堪憐,Chinese
https://www.thivien.net/Khuy%E1%BA%BFt-danh-Vi%E1%BB%87t-Nam/An-Nam-s%E1%BB%A9-bi%E1%BB%87t-b%E1%BA%A1n-T%E1%BB%91ng-Quan-thi/poem-KXCu_bnJT9BTczwMbn5NNA,昔非命使原逢面,Chinese
https://www.thivien.net/Khuy%E1%BA%BFt-danh-Vi%E1%BB%87t-Nam/An-Nam-s%E1%BB%A9-bi%E1%BB%87t-b%E1%BA%A1n-T%E1%BB%91ng-Quan-thi/poem-KXCu_bnJT9BTczwMbn5NNA,今識荊州亦是天,Chinese
https://www.thivien.net/Khuy%E1%BA%BFt-danh-Vi%E1%BB%87t-Nam/An-Nam-s%E1%BB%A9-bi%E1%BB%87t-b%E1%BA%A1n-T%E1%BB%91ng-Quan-thi/poem-KXCu_bnJT9BTczwMbn5NNA,論文共載李膺船,Chinese
https://www.thivien.net/Khuy%E1%BA%BFt-danh-Vi%E1%BB%87t-Nam/An-Nam-s%E1%BB%A9-bi%E1%BB%87t-b%E1%BA%A1n-T%E1%BB%91ng-Quan-thi/poem-KXCu_bnJT9BTczwMbn5NNA,要知別後相思近,Chinese
https://www.thivien.net/Khuy%E1%BA%BFt-danh-Vi%E1%BB%87t-Nam/An-Nam-s%E1%BB%A9-bi%E1%BB%87t-b%E1%BA%A1n-T%E1%BB%91ng-Quan-thi/poem-KXCu_bnJT9BTczwMbn5NNA,長在光風霽月前,Chinese
https://www.thivien.net/Khuy%E1%BA%BFt-danh-Vi%E1%BB%87t-Nam/An-Nam-s%E1%BB%A9-nh%C3%A2n-%E1%BB%A9ng-H%E1%BB%93-Qu%E1%BA%A3ng-t%E1%BB%89nh-m%E1%BB%87nh-ph%C3%BA-thi/poem-7fcU6uiKU1QasOx89c2XHg,安南使人應湖廣省命賦詩獵獵風吹拂面沙,Chinese
https://www.thivien.net/Khuy%E1%BA%BFt-danh-Vi%E1%BB%87t-Nam/An-Nam-s%E1%BB%A9-nh%C3%A2n-%E1%BB%A9ng-H%E1%BB%93-Qu%E1%BA%A3ng-t%E1%BB%89nh-m%E1%BB%87nh-ph%C3%BA-thi/poem-7fcU6uiKU1QasOx89c2XHg,潭潭官府建高衙,Chinese
https://www.thivien.net/Khuy%E1%BA%BFt-danh-Vi%E1%BB%87t-Nam/An-Nam-s%E1%BB%A9-nh%C3%A2n-%E1%BB%A9ng-H%E1%BB%93-Qu%E1%BA%A3ng-t%E1%BB%89nh-m%E1%BB%87nh-ph%C3%BA-thi/poem-7fcU6uiKU1QasOx89c2XHg,貪看百二關河闊,Chinese
https://www.thivien.net/Khuy%E1%BA%BFt-danh-Vi%E1%BB%87t-Nam/An-Nam-s%E1%BB%A9-nh%C3%A2n-%E1%BB%A9ng-H%E1%BB%93-Qu%E1%BA%A3ng-t%E1%BB%89nh-m%E1%BB%87nh-ph%C3%BA-thi/poem-7fcU6uiKU1QasOx89c2XHg,不顧八千路途賒,Chinese
https://www.thivien.net/Khuy%E1%BA%BFt-danh-Vi%E1%BB%87t-Nam/An-Nam-s%E1%BB%A9-nh%C3%A2n-%E1%BB%A9ng-H%E1%BB%93-Qu%E1%BA%A3ng-t%E1%BB%89nh-m%E1%BB%87nh-ph%C3%BA-thi/poem-7fcU6uiKU1QasOx89c2XHg,樽盒桂盤開蓋請,Chinese
https://www.thivien.net/Khuy%E1%BA%BFt-danh-Vi%E1%BB%87t-Nam/An-Nam-s%E1%BB%A9-nh%C3%A2n-%E1%BB%A9ng-H%E1%BB%93-Qu%E1%BA%A3ng-t%E1%BB%89nh-m%E1%BB%87nh-ph%C3%BA-thi/poem-7fcU6uiKU1QasOx89c2XHg,衣冠禮樂愧皇華,Chinese
https://www.thivien.net/Khuy%E1%BA%BFt-danh-Vi%E1%BB%87t-Nam/An-Nam-s%E1%BB%A9-nh%C3%A2n-%E1%BB%A9ng-H%E1%BB%93-Qu%E1%BA%A3ng-t%E1%BB%89nh-m%E1%BB%87nh-ph%C3%BA-thi/poem-7fcU6uiKU1QasOx89c2XHg,人生聚散如南北,Chinese
https://www.thivien.net/Khuy%E1%BA%BFt-danh-Vi%E1%BB%87t-Nam/An-Nam-s%E1%BB%A9-nh%C3%A2n-%E1%BB%A9ng-H%E1%BB%93-Qu%E1%BA%A3ng-t%E1%BB%89nh-m%E1%BB%87nh-ph%C3%BA-thi/poem-7fcU6uiKU1QasOx89c2XHg,同樂清朝厚德嘉,Chinese
https://www.thivien.net/L%C3%AA-Kh%E1%BA%AFc-C%E1%BA%A9n/%E1%BA%A4t-d%E1%BA%A1-tu%C3%BD-kh%E1%BB%9Fi-ng%E1%BA%ABu-th%C3%A0nh/poem-83Wlbz6i5hUmRJwGwzQkNA,乙夜醉起偶成半旬病起甕初開,Chinese
https://www.thivien.net/L%C3%AA-Kh%E1%BA%AFc-C%E1%BA%A9n/%E1%BA%A4t-d%E1%BA%A1-tu%C3%BD-kh%E1%BB%9Fi-ng%E1%BA%ABu-th%C3%A0nh/poem-83Wlbz6i5hUmRJwGwzQkNA,甚處嘉餚送到來,Chinese
https://www.thivien.net/L%C3%AA-Kh%E1%BA%AFc-C%E1%BA%A9n/%E1%BA%A4t-d%E1%BA%A1-tu%C3%BD-kh%E1%BB%9Fi-ng%E1%BA%ABu-th%C3%A0nh/poem-83Wlbz6i5hUmRJwGwzQkNA,欲釋離愁千萬縷,Chinese
https://www.thivien.net/L%C3%AA-Kh%E1%BA%AFc-C%E1%BA%A9n/%E1%BA%A4t-d%E1%BA%A1-tu%C3%BD-kh%E1%BB%9Fi-ng%E1%BA%ABu-th%C3%A0nh/poem-83Wlbz6i5hUmRJwGwzQkNA,何妨軟飽兩三杯,Chinese
https://www.thivien.net/L%C3%AA-Kh%E1%BA%AFc-C%E1%BA%A9n/%E1%BA%A4t-d%E1%BA%A1-tu%C3%BD-kh%E1%BB%9Fi-ng%E1%BA%ABu-th%C3%A0nh/poem-83Wlbz6i5hUmRJwGwzQkNA,妻兒久已寒喧隔,Chinese
https://www.thivien.net/L%C3%AA-Kh%E1%BA%AFc-C%E1%BA%A9n/%E1%BA%A4t-d%E1%BA%A1-tu%C3%BD-kh%E1%BB%9Fi-ng%E1%BA%ABu-th%C3%A0nh/poem-83Wlbz6i5hUmRJwGwzQkNA,叔季偏能日夜陪,Chinese
https://www.thivien.net/L%C3%AA-Kh%E1%BA%AFc-C%E1%BA%A9n/%E1%BA%A4t-d%E1%BA%A1-tu%C3%BD-kh%E1%BB%9Fi-ng%E1%BA%ABu-th%C3%A0nh/poem-83Wlbz6i5hUmRJwGwzQkNA,醉臥前楹驚乍覺,Chinese
https://www.thivien.net/L%C3%AA-Kh%E1%BA%AFc-C%E1%BA%A9n/%E1%BA%A4t-d%E1%BA%A1-tu%C3%BD-kh%E1%BB%9Fi-ng%E1%BA%ABu-th%C3%A0nh/poem-83Wlbz6i5hUmRJwGwzQkNA,一輪明月上層臺,Chinese
https://www.thivien.net/L%C3%AA-Qu%E1%BA%A3-D%E1%BB%A5c/%E1%BA%A4t-D%E1%BA%ADu-ni%C3%AAn-v%C3%A3ng-H%C3%A0-N%E1%BB%99i-c%E1%BA%A3m-t%C3%A1c/poem-L52iAU_MJm94cJVyCoabYQ,乙酉年往河内感作廾五年來此一臨,Chinese
https://www.thivien.net/L%C3%AA-Qu%E1%BA%A3-D%E1%BB%A5c/%E1%BA%A4t-D%E1%BA%ADu-ni%C3%AAn-v%C3%A3ng-H%C3%A0-N%E1%BB%99i-c%E1%BA%A3m-t%C3%A1c/poem-L52iAU_MJm94cJVyCoabYQ,舊遊無處復相尋,Chinese
https://www.thivien.net/L%C3%AA-Qu%E1%BA%A3-D%E1%BB%A5c/%E1%BA%A4t-D%E1%BA%ADu-ni%C3%AAn-v%C3%A3ng-H%C3%A0-N%E1%BB%99i-c%E1%BA%A3m-t%C3%A1c/poem-L52iAU_MJm94cJVyCoabYQ,拭目新亭潛墜淚,Chinese
https://www.thivien.net/L%C3%AA-Qu%E1%BA%A3-D%E1%BB%A5c/%E1%BA%A4t-D%E1%BA%ADu-ni%C3%AAn-v%C3%A3ng-H%C3%A0-N%E1%BB%99i-c%E1%BA%A3m-t%C3%A1c/poem-L52iAU_MJm94cJVyCoabYQ,回頭故國暗傷心,Chinese
https://www.thivien.net/L%C3%AA-Qu%E1%BA%A3-D%E1%BB%A5c/%E1%BA%A4t-D%E1%BA%ADu-ni%C3%AAn-v%C3%A3ng-H%C3%A0-N%E1%BB%99i-c%E1%BA%A3m-t%C3%A1c/poem-L52iAU_MJm94cJVyCoabYQ,斜陽旅館閒沽酒,Chinese
https://www.thivien.net/L%C3%AA-Qu%E1%BA%A3-D%E1%BB%A5c/%E1%BA%A4t-D%E1%BA%ADu-ni%C3%AAn-v%C3%A3ng-H%C3%A0-N%E1%BB%99i-c%E1%BA%A3m-t%C3%A1c/poem-L52iAU_MJm94cJVyCoabYQ,嘈雜人中獨自斟,Chinese
https://www.thivien.net/L%C3%AA-Th%C3%A1nh-T%C3%B4ng/An-Bang-phong-th%E1%BB%95/poem-skLCzowXvmPUjrShb1J6sg,安邦灃土海上萬峰宭玉立,Chinese
https://www.thivien.net/L%C3%AA-Th%C3%A1nh-T%C3%B4ng/An-Bang-phong-th%E1%BB%95/poem-skLCzowXvmPUjrShb1J6sg,星羅奇布翠崢嶸,Chinese
https://www.thivien.net/L%C3%AA-Th%C3%A1nh-T%C3%B4ng/An-Bang-phong-th%E1%BB%95/poem-skLCzowXvmPUjrShb1J6sg,魚鹽如土民趍便,Chinese
https://www.thivien.net/L%C3%AA-Th%C3%A1nh-T%C3%B4ng/An-Bang-phong-th%E1%BB%95/poem-skLCzowXvmPUjrShb1J6sg,鏵稻無田賦薄征,Chinese
https://www.thivien.net/L%C3%AA-Th%C3%A1nh-T%C3%B4ng/An-Bang-phong-th%E1%BB%95/poem-skLCzowXvmPUjrShb1J6sg,波向山坪低處踊,Chinese
https://www.thivien.net/L%C3%AA-Th%C3%A1nh-T%C3%B4ng/An-Bang-phong-th%E1%BB%95/poem-skLCzowXvmPUjrShb1J6sg,舟穿石壁隙中行,Chinese
https://www.thivien.net/L%C3%AA-Th%C3%A1nh-T%C3%B4ng/An-Bang-phong-th%E1%BB%95/poem-skLCzowXvmPUjrShb1J6sg,邊氓久樂承平化,Chinese
https://www.thivien.net/L%C3%AA-Th%C3%A1nh-T%C3%B4ng/An-Bang-phong-th%E1%BB%95/poem-skLCzowXvmPUjrShb1J6sg,四十余年不識兵,Chinese
https://www.thivien.net/Ng%C3%B4-Th%C3%AC-Nh%E1%BA%ADm/%C3%82n-th%C3%A1i-s%C6%B0-T%E1%BB%89-Can-chi-m%E1%BB%99/poem-OJuiNLHNgk7TfY5K2zo0xA,忠節昭回日月光,Chinese
https://www.thivien.net/Ng%C3%B4-Th%C3%AC-Nh%E1%BA%ADm/%C3%82n-th%C3%A1i-s%C6%B0-T%E1%BB%89-Can-chi-m%E1%BB%99/poem-OJuiNLHNgk7TfY5K2zo0xA,狂遁更誰憂故國,Chinese
https://www.thivien.net/Ng%C3%B4-Th%C3%AC-Nh%E1%BA%ADm/%C3%82n-th%C3%A1i-s%C6%B0-T%E1%BB%89-Can-chi-m%E1%BB%99/poem-OJuiNLHNgk7TfY5K2zo0xA,規箴何敢負時王,Chinese
https://www.thivien.net/Ng%C3%B4-Th%C3%AC-Nh%E1%BA%ADm/%C3%82n-th%C3%A1i-s%C6%B0-T%E1%BB%89-Can-chi-m%E1%BB%99/poem-OJuiNLHNgk7TfY5K2zo0xA,方霸衣戎且晦藏,Chinese
https://www.thivien.net/Ng%C3%B4-Th%C3%AC-Nh%E1%BA%ADm/%C3%82n-th%C3%A1i-s%C6%B0-T%E1%BB%89-Can-chi-m%E1%BB%99/poem-OJuiNLHNgk7TfY5K2zo0xA,六七聖賢遺跡渺,Chinese
https://www.thivien.net/Ng%C3%B4-Th%C3%AC-Nh%E1%BA%ADm/%C3%82n-th%C3%A1i-s%C6%B0-T%E1%BB%89-Can-chi-m%E1%BB%99/poem-OJuiNLHNgk7TfY5K2zo0xA,壟頭孤塢小碑香,Chinese
https://www.thivien.net/Nguy%E1%BB%85n-Du/%C3%81-Ph%E1%BB%A5-m%E1%BB%99/poem-pGoWciwj6vCHv38Zl6AP6w,亞父墓眼看霸上五雲浮,Chinese
https://www.thivien.net/Nguy%E1%BB%85n-Du/%C3%81-Ph%E1%BB%A5-m%E1%BB%99/poem-pGoWciwj6vCHv38Zl6AP6w,汲汲方圖一擊謀,Chinese
https://www.thivien.net/Nguy%E1%BB%85n-Du/%C3%81-Ph%E1%BB%A5-m%E1%BB%99/poem-pGoWciwj6vCHv38Zl6AP6w,但得此心無負楚,Chinese
https://www.thivien.net/Nguy%E1%BB%85n-Du/%C3%81-Ph%E1%BB%A5-m%E1%BB%99/poem-pGoWciwj6vCHv38Zl6AP6w,不知天命已歸劉,Chinese
https://www.thivien.net/Nguy%E1%BB%85n-Du/%C3%81-Ph%E1%BB%A5-m%E1%BB%99/poem-pGoWciwj6vCHv38Zl6AP6w,伯圖泯滅千年後,Chinese
https://www.thivien.net/Nguy%E1%BB%85n-Du/%C3%81-Ph%E1%BB%A5-m%E1%BB%99/poem-pGoWciwj6vCHv38Zl6AP6w,古墓荒涼三尺秋,Chinese
https://www.thivien.net/Nguy%E1%BB%85n-Du/%C3%81-Ph%E1%BB%A5-m%E1%BB%99/poem-pGoWciwj6vCHv38Zl6AP6w,多少一心忠所事,Chinese
https://www.thivien.net/Nguy%E1%BB%85n-Du/%C3%81-Ph%E1%BB%A5-m%E1%BB%99/poem-pGoWciwj6vCHv38Zl6AP6w,每為天下笑其愚,Chinese
https://www.thivien.net/Nguy%E1%BB%85n-Du/%C3%82u-D%C6%B0%C6%A1ng-V%C4%83n-Trung-C%C3%B4ng-m%E1%BB%99/poem-qI9UHMMflLE3z07EmEsamw,歐陽文忠公墓五尺豐碑立道傍,Chinese
https://www.thivien.net/Nguy%E1%BB%85n-Du/%C3%82u-D%C6%B0%C6%A1ng-V%C4%83n-Trung-C%C3%B4ng-m%E1%BB%99/poem-qI9UHMMflLE3z07EmEsamw,宋朝古墓記歐陽,Chinese
https://www.thivien.net/Nguy%E1%BB%85n-Du/%C3%82u-D%C6%B0%C6%A1ng-V%C4%83n-Trung-C%C3%B4ng-m%E1%BB%99/poem-qI9UHMMflLE3z07EmEsamw,平生直道無遺憾,Chinese
https://www.thivien.net/Nguy%E1%BB%85n-Du/%C3%82u-D%C6%B0%C6%A1ng-V%C4%83n-Trung-C%C3%B4ng-m%E1%BB%99/poem-qI9UHMMflLE3z07EmEsamw,秋草一丘藏鼠貉,Chinese
https://www.thivien.net/Nguy%E1%BB%85n-Du/%C3%82u-D%C6%B0%C6%A1ng-V%C4%83n-Trung-C%C3%B4ng-m%E1%BB%99/poem-qI9UHMMflLE3z07EmEsamw,名家八大擅文章,Chinese
https://www.thivien.net/Nguy%E1%BB%85n-Du/%C3%82u-D%C6%B0%C6%A1ng-V%C4%83n-Trung-C%C3%B4ng-m%E1%BB%99/poem-qI9UHMMflLE3z07EmEsamw,長松芝草生何處,Chinese
https://www.thivien.net/Nguy%E1%BB%85n-Du/%C3%82u-D%C6%B0%C6%A1ng-V%C4%83n-Trung-C%C3%B4ng-m%E1%BB%99/poem-qI9UHMMflLE3z07EmEsamw,樵牧歌吟過夕陽,Chinese
https://www.thivien.net/Nguy%E1%BB%85n-Du/An-Huy-%C4%91%E1%BA%A1o-trung/poem-7tAKVuFsG4MhHuNYXqn0_A,徐北徐南曉色分,Chinese
https://www.thivien.net/Nguy%E1%BB%85n-Du/An-Huy-%C4%91%E1%BA%A1o-trung/poem-7tAKVuFsG4MhHuNYXqn0_A,一帶雪田青者麥,Chinese
https://www.thivien.net/Nguy%E1%BB%85n-Du/An-Huy-%C4%91%E1%BA%A1o-trung/poem-7tAKVuFsG4MhHuNYXqn0_A,四山松樹白為雲,Chinese
https://www.thivien.net/Nguy%E1%BB%85n-Du/An-Huy-%C4%91%E1%BA%A1o-trung/poem-7tAKVuFsG4MhHuNYXqn0_A,悠悠鄉國八千里,Chinese
https://www.thivien.net/Nguy%E1%BB%85n-Du/An-Huy-%C4%91%E1%BA%A1o-trung/poem-7tAKVuFsG4MhHuNYXqn0_A,共指梅花報消息,Chinese
https://www.thivien.net/Nguy%E1%BB%85n-Du/An-Huy-%C4%91%E1%BA%A1o-trung/poem-7tAKVuFsG4MhHuNYXqn0_A,春何曾到異鄉人,Chinese
https://www.thivien.net/Nguy%E1%BB%85n-Hi%E1%BB%83n-T%C3%B4ng/%E1%BA%A2i-L%C4%A9nh-xu%C3%A2n-v%C3%A2n/poem-BpTT9wDsi_9UiVTwxDs7ww,隘嶺春雲越南衝要此山巔,Chinese
https://www.thivien.net/Nguy%E1%BB%85n-Hi%E1%BB%83n-T%C3%B4ng/%E1%BA%A2i-L%C4%A9nh-xu%C3%A2n-v%C3%A2n/poem-BpTT9wDsi_9UiVTwxDs7ww,但見雲橫三峻嶺,Chinese
https://www.thivien.net/Nguy%E1%BB%85n-Hi%E1%BB%83n-T%C3%B4ng/%E1%BA%A2i-L%C4%A9nh-xu%C3%A2n-v%C3%A2n/poem-BpTT9wDsi_9UiVTwxDs7ww,不知人在幾重天,Chinese
https://www.thivien.net/Nguy%E1%BB%85n-Hi%E1%BB%83n-T%C3%B4ng/%E1%BA%A2i-L%C4%A9nh-xu%C3%A2n-v%C3%A2n/poem-BpTT9wDsi_9UiVTwxDs7ww,冷沾鬚髮非同雪,Chinese
https://www.thivien.net/Nguy%E1%BB%85n-Hi%E1%BB%83n-T%C3%B4ng/%E1%BA%A2i-L%C4%A9nh-xu%C3%A2n-v%C3%A2n/poem-BpTT9wDsi_9UiVTwxDs7ww,濕濺衣裳豈是泉,Chinese
https://www.thivien.net/Nguy%E1%BB%85n-Hi%E1%BB%83n-T%C3%B4ng/%E1%BA%A2i-L%C4%A9nh-xu%C3%A2n-v%C3%A2n/poem-BpTT9wDsi_9UiVTwxDs7ww,惟願海風吹作雨,Chinese
https://www.thivien.net/Nguy%E1%BB%85n-Phong/%C3%81i-s%C6%A1n/poem-A8RS53C3_adJtXCvkXOc3g,愛惟山,Chinese
https://www.thivien.net/Nguy%E1%BB%85n-Phong/%C3%81i-s%C6%A1n/poem-A8RS53C3_adJtXCvkXOc3g,擡頭滿地草花閒,Chinese
https://www.thivien.net/Nguy%E1%BB%85n-Phong/%C3%81i-s%C6%A1n/poem-A8RS53C3_adJtXCvkXOc3g,梅嘲曉日知春暖百立東風茂歲寒,Chinese
https://www.thivien.net/Nguy%E1%BB%85n-Phong/%C3%81i-s%C6%A1n/poem-A8RS53C3_adJtXCvkXOc3g,葉舟寧待泛長瀾,Chinese
https://www.thivien.net/Nguy%E1%BB%85n-Th%C3%B4ng/An-Giang-t%E1%BB%91ng-Tr%E1%BA%A7n-T%E1%BB%AD-M%E1%BA%ABn-Ph%C3%BA-Y%C3%AAn-qu%E1%BA%A3n-%C4%91%E1%BA%A1o/poem-iP05XNPHi_FuwvXf3Drthg,含悽送遠遊,Chinese
https://www.thivien.net/Nguy%E1%BB%85n-Th%C3%B4ng/An-Giang-t%E1%BB%91ng-Tr%E1%BA%A7n-T%E1%BB%AD-M%E1%BA%ABn-Ph%C3%BA-Y%C3%AAn-qu%E1%BA%A3n-%C4%91%E1%BA%A1o/poem-iP05XNPHi_FuwvXf3Drthg,多病獨移舟,Chinese
https://www.thivien.net/Nguy%E1%BB%85n-Th%C3%B4ng/An-Giang-t%E1%BB%91ng-Tr%E1%BA%A7n-T%E1%BB%AD-M%E1%BA%ABn-Ph%C3%BA-Y%C3%AAn-qu%E1%BA%A3n-%C4%91%E1%BA%A1o/poem-iP05XNPHi_FuwvXf3Drthg,瞿山斗海流,Chinese
https://www.thivien.net/Nguy%E1%BB%85n-Th%C3%B4ng/An-Giang-t%E1%BB%91ng-Tr%E1%BA%A7n-T%E1%BB%AD-M%E1%BA%ABn-Ph%C3%BA-Y%C3%AAn-qu%E1%BA%A3n-%C4%91%E1%BA%A1o/poem-iP05XNPHi_FuwvXf3Drthg,登林逢旅雁,Chinese
https://www.thivien.net/Nguy%E1%BB%85n-V%C4%83n-Si%C3%AAu/%C3%81i-mai-tr%C3%BAc-di-Ng%C3%B4-D%C6%B0%C6%A1ng-%C4%90%C3%ACnh/poem--T2Ii5pJodtKyQNaq1Yq1Q,獨負空山操,Chinese
https://www.thivien.net/Nguy%E1%BB%85n-V%C4%83n-Si%C3%AAu/%C3%81i-mai-tr%C3%BAc-di-Ng%C3%B4-D%C6%B0%C6%A1ng-%C4%90%C3%ACnh/poem--T2Ii5pJodtKyQNaq1Yq1Q,矧此冰玉姿,Chinese
https://www.thivien.net/Nguy%E1%BB%85n-V%C4%83n-Si%C3%AAu/%C3%81i-mai-tr%C3%BAc-di-Ng%C3%B4-D%C6%B0%C6%A1ng-%C4%90%C3%ACnh/poem--T2Ii5pJodtKyQNaq1Yq1Q,肯向雪霜老何樹不生花,Chinese
https://www.thivien.net/Nguy%E1%BB%85n-V%C4%83n-Si%C3%AAu/%C3%81i-mai-tr%C3%BAc-di-Ng%C3%B4-D%C6%B0%C6%A1ng-%C4%90%C3%ACnh/poem--T2Ii5pJodtKyQNaq1Yq1Q,寧知春信早可愛還似予,Chinese
https://www.thivien.net/Nguy%E1%BB%85n-V%C4%83n-Si%C3%AAu/%C3%81i-mai-tr%C3%BAc-di-Ng%C3%B4-D%C6%B0%C6%A1ng-%C4%90%C3%ACnh/poem--T2Ii5pJodtKyQNaq1Yq1Q,生來無奇巧,Chinese
https://www.thivien.net/Nguy%E1%BB%85n-V%C4%83n-Si%C3%AAu/%C3%81i-mai-tr%C3%BAc-di-Ng%C3%B4-D%C6%B0%C6%A1ng-%C4%90%C3%ACnh/poem--T2Ii5pJodtKyQNaq1Yq1Q,且去話同心踟躕南嶺道,Chinese
https://www.thivien.net/Nguy%E1%BB%85n-V%C4%83n-Si%C3%AAu/%E1%BA%A4t-D%E1%BA%ADu-ni%C3%AAn-tam-nguy%E1%BB%87t-th%E1%BA%ADp-c%E1%BB%ADu-nh%E1%BA%ADt-h%E1%BB%AFu-c%E1%BA%A3m/poem-YL1TToxoBFx2BbJw9u5pmQ,乙酉年三月十九日有感人心有邪正,Chinese
https://www.thivien.net/Nguy%E1%BB%85n-V%C4%83n-Si%C3%AAu/%E1%BA%A4t-D%E1%BA%ADu-ni%C3%AAn-tam-nguy%E1%BB%87t-th%E1%BA%ADp-c%E1%BB%ADu-nh%E1%BA%ADt-h%E1%BB%AFu-c%E1%BA%A3m/poem-YL1TToxoBFx2BbJw9u5pmQ,義理又至微,Chinese
https://www.thivien.net/Nguy%E1%BB%85n-V%C4%83n-Si%C3%AAu/%E1%BA%A4t-D%E1%BA%ADu-ni%C3%AAn-tam-nguy%E1%BB%87t-th%E1%BA%ADp-c%E1%BB%ADu-nh%E1%BA%ADt-h%E1%BB%AFu-c%E1%BA%A3m/poem-YL1TToxoBFx2BbJw9u5pmQ,誰自一身處,Chinese
https://www.thivien.net/Nguy%E1%BB%85n-V%C4%83n-Si%C3%AAu/%E1%BA%A4t-D%E1%BA%ADu-ni%C3%AAn-tam-nguy%E1%BB%87t-th%E1%BA%ADp-c%E1%BB%ADu-nh%E1%BA%ADt-h%E1%BB%AFu-c%E1%BA%A3m/poem-YL1TToxoBFx2BbJw9u5pmQ,吾今失所準,Chinese
https://www.thivien.net/Nguy%E1%BB%85n-V%C4%83n-Si%C3%AAu/%E1%BA%A4t-D%E1%BA%ADu-ni%C3%AAn-tam-nguy%E1%BB%87t-th%E1%BA%ADp-c%E1%BB%ADu-nh%E1%BA%ADt-h%E1%BB%AFu-c%E1%BA%A3m/poem-YL1TToxoBFx2BbJw9u5pmQ,斯道將安歸,Chinese
https://www.thivien.net/Nguy%E1%BB%85n-V%C4%83n-Si%C3%AAu/An-S%C6%A1n-Ph%E1%BA%ADt-T%C3%ADch-s%C6%A1n-ho%C3%A0i-c%E1%BB%95/poem-aAZuq3IV51EkAdKsyrm0WQ,安山佛跡山懷古崚嶒山勢傲倉蒼,Chinese
https://www.thivien.net/Nguy%E1%BB%85n-V%C4%83n-Si%C3%AAu/An-S%C6%A1n-Ph%E1%BA%ADt-T%C3%ADch-s%C6%A1n-ho%C3%A0i-c%E1%BB%95/poem-aAZuq3IV51EkAdKsyrm0WQ,花草長留峒口香,Chinese
https://www.thivien.net/Nguy%E1%BB%85n-V%C4%83n-Si%C3%AAu/An-S%C6%A1n-Ph%E1%BA%ADt-T%C3%ADch-s%C6%A1n-ho%C3%A0i-c%E1%BB%95/poem-aAZuq3IV51EkAdKsyrm0WQ,生化相傳徐子事,Chinese
https://www.thivien.net/Nguy%E1%BB%85n-V%C4%83n-Si%C3%AAu/An-S%C6%A1n-Ph%E1%BA%ADt-T%C3%ADch-s%C6%A1n-ho%C3%A0i-c%E1%BB%95/poem-aAZuq3IV51EkAdKsyrm0WQ,有無誰辨李朝王,Chinese
https://www.thivien.net/Nguy%E1%BB%85n-V%C4%83n-Si%C3%AAu/An-S%C6%A1n-Ph%E1%BA%ADt-T%C3%ADch-s%C6%A1n-ho%C3%A0i-c%E1%BB%95/poem-aAZuq3IV51EkAdKsyrm0WQ,半踣殘碑證海桑,Chinese
https://www.thivien.net/Nguy%E1%BB%85n-V%C4%83n-Si%C3%AAu/An-S%C6%A1n-Ph%E1%BA%ADt-T%C3%ADch-s%C6%A1n-ho%C3%A0i-c%E1%BB%95/poem-aAZuq3IV51EkAdKsyrm0WQ,難與俗僧談往事,Chinese
https://www.thivien.net/Nguy%E1%BB%85n-V%C4%83n-Si%C3%AAu/An-S%C6%A1n-Ph%E1%BA%ADt-T%C3%ADch-s%C6%A1n-ho%C3%A0i-c%E1%BB%95/poem-aAZuq3IV51EkAdKsyrm0WQ,劫灰空稔舊池溏,Chinese
https://www.thivien.net/Nguy%E1%BB%85n-V%C4%83n-Si%C3%AAu/An-S%C6%A1n-huy%E1%BB%87n/poem-YokAO2ehgOhegxQIcfMh9g,安山縣斜日倚林轉,Chinese
https://www.thivien.net/Nguy%E1%BB%85n-V%C4%83n-Si%C3%AAu/An-S%C6%A1n-huy%E1%BB%87n/poem-YokAO2ehgOhegxQIcfMh9g,遊雲共鳥還,Chinese
https://www.thivien.net/Nguy%E1%BB%85n-V%C4%83n-Si%C3%AAu/An-S%C6%A1n-huy%E1%BB%87n/poem-YokAO2ehgOhegxQIcfMh9g,東風吹太急,Chinese
https://www.thivien.net/Nguy%E1%BB%85n-V%C4%83n-Si%C3%AAu/An-S%C6%A1n-huy%E1%BB%87n/poem-YokAO2ehgOhegxQIcfMh9g,雷雨不離山,Chinese
https://www.thivien.net/Ph%E1%BA%A1m-S%C6%B0-M%E1%BA%A1nh/%C3%81n-Thao-Giang-l%E1%BB%99/poem-kATsqBllq2Vg0XFMeBlstA,按洮江路關河萬里一征衫,Chinese
https://www.thivien.net/Ph%E1%BA%A1m-S%C6%B0-M%E1%BA%A1nh/%C3%81n-Thao-Giang-l%E1%BB%99/poem-kATsqBllq2Vg0XFMeBlstA,雨伯風師闢瘴嵐,Chinese
https://www.thivien.net/Ph%E1%BA%A1m-S%C6%B0-M%E1%BA%A1nh/%C3%81n-Thao-Giang-l%E1%BB%99/poem-kATsqBllq2Vg0XFMeBlstA,俗雜冉龐兼𤏡北,Chinese
https://www.thivien.net/Ph%E1%BA%A1m-S%C6%B0-M%E1%BA%A1nh/%C3%81n-Thao-Giang-l%E1%BB%99/poem-kATsqBllq2Vg0XFMeBlstA,地連鄯善與雲南,Chinese
https://www.thivien.net/Ph%E1%BA%A1m-S%C6%B0-M%E1%BA%A1nh/%C3%81n-Thao-Giang-l%E1%BB%99/poem-kATsqBllq2Vg0XFMeBlstA,丹心白髮天門九,Chinese
https://www.thivien.net/Ph%E1%BA%A1m-S%C6%B0-M%E1%BA%A1nh/%C3%81n-Thao-Giang-l%E1%BB%99/poem-kATsqBllq2Vg0XFMeBlstA,碧水青山邊郡三,Chinese
https://www.thivien.net/Ph%E1%BA%A1m-S%C6%B0-M%E1%BA%A1nh/%C3%81n-Thao-Giang-l%E1%BB%99/poem-kATsqBllq2Vg0XFMeBlstA,我為朝庭訪民瘼,Chinese
https://www.thivien.net/Ph%E1%BA%A1m-S%C6%B0-M%E1%BA%A1nh/%C3%81n-Thao-Giang-l%E1%BB%99/poem-kATsqBllq2Vg0XFMeBlstA,剗除蠹弊革奸貪,Chinese
https://www.thivien.net/Ph%E1%BA%A1m-V%C4%83n-Ngh%E1%BB%8B-I/An-D%C6%B0%C6%A1ng-V%C6%B0%C6%A1ng-mi%E1%BA%BFu/poem-nmj1JpADw6UepPPLUfUUtg,安陽王廟螺城已矣江山古,Chinese
https://www.thivien.net/Ph%E1%BA%A1m-V%C4%83n-Ngh%E1%BB%8B-I/An-D%C6%B0%C6%A1ng-V%C6%B0%C6%A1ng-mi%E1%BA%BFu/poem-nmj1JpADw6UepPPLUfUUtg,夜嶺依然廟宇新,Chinese
https://www.thivien.net/Ph%E1%BA%A1m-V%C4%83n-Ngh%E1%BB%8B-I/An-D%C6%B0%C6%A1ng-V%C6%B0%C6%A1ng-mi%E1%BA%BFu/poem-nmj1JpADw6UepPPLUfUUtg,靈雀至今猶顯異,Chinese
https://www.thivien.net/Ph%E1%BA%A1m-V%C4%83n-Ngh%E1%BB%8B-I/An-D%C6%B0%C6%A1ng-V%C6%B0%C6%A1ng-mi%E1%BA%BFu/poem-nmj1JpADw6UepPPLUfUUtg,當初龜爪屬何人,Chinese
https://www.thivien.net/Phan-Huy-%C3%8Dch/%E1%BA%A4t-M%C3%A3o-xu%C3%A2n-%C4%91%C3%A1n-s%C6%A1n-gia-k%E1%BB%B7-h%E1%BB%A9ng/poem-BeEoiLfjuVUO0O1mgEWGlA,乙卯春旦山家紀興萬彙韶芳報歲華,Chinese
https://www.thivien.net/Phan-Huy-%C3%8Dch/%E1%BA%A4t-M%C3%A3o-xu%C3%A2n-%C4%91%C3%A1n-s%C6%A1n-gia-k%E1%BB%B7-h%E1%BB%A9ng/poem-BeEoiLfjuVUO0O1mgEWGlA,行旌遙指故山家,Chinese
https://www.thivien.net/Phan-Huy-%C3%8Dch/%E1%BA%A4t-M%C3%A3o-xu%C3%A2n-%C4%91%C3%A1n-s%C6%A1n-gia-k%E1%BB%B7-h%E1%BB%A9ng/poem-BeEoiLfjuVUO0O1mgEWGlA,肅瞻廟祀陳春酒,Chinese
https://www.thivien.net/Phan-Huy-%C3%8Dch/%E1%BA%A4t-M%C3%A3o-xu%C3%A2n-%C4%91%C3%A1n-s%C6%A1n-gia-k%E1%BB%B7-h%E1%BB%A9ng/poem-BeEoiLfjuVUO0O1mgEWGlA,遍訪鄉亭向佛伽,Chinese
https://www.thivien.net/Phan-Huy-%C3%8Dch/%E1%BA%A4t-M%C3%A3o-xu%C3%A2n-%C4%91%C3%A1n-s%C6%A1n-gia-k%E1%BB%B7-h%E1%BB%A9ng/poem-BeEoiLfjuVUO0O1mgEWGlA,老少歡愉同侑席,Chinese
https://www.thivien.net/Phan-Huy-%C3%8Dch/%E1%BA%A4t-M%C3%A3o-xu%C3%A2n-%C4%91%C3%A1n-s%C6%A1n-gia-k%E1%BB%B7-h%E1%BB%A9ng/poem-BeEoiLfjuVUO0O1mgEWGlA,兒童嘻笑邇隨車,Chinese
https://www.thivien.net/Phan-Huy-%C3%8Dch/%E1%BA%A4t-M%C3%A3o-xu%C3%A2n-%C4%91%C3%A1n-s%C6%A1n-gia-k%E1%BB%B7-h%E1%BB%A9ng/poem-BeEoiLfjuVUO0O1mgEWGlA,偷閒最愛千金刻,Chinese
https://www.thivien.net/Phan-Huy-%C3%8Dch/%E1%BA%A4t-M%C3%A3o-xu%C3%A2n-%C4%91%C3%A1n-s%C6%A1n-gia-k%E1%BB%B7-h%E1%BB%A9ng/poem-BeEoiLfjuVUO0O1mgEWGlA,燦爛巖扃曉暮霞,Chinese
https://www.thivien.net/Phan-Huy-%C3%8Dch/%E1%BA%A4t-M%C3%B9i-xu%C3%A2n-v%C4%83n-v%C6%B0%C6%A1ng-s%C6%B0-ti%E1%BA%BFn-kh%E1%BA%AFc-Ph%C3%BA-Xu%C3%A2n-th%C3%A0nh-ng%E1%BA%ABu-ph%C3%BA/poem-gpq_AzU2zRcJ40DTgZ43iQ,聞王師進克富春城偶賦枕嶺襟江擁巨州,Chinese
https://www.thivien.net/Phan-Huy-%C3%8Dch/%E1%BA%A4t-M%C3%B9i-xu%C3%A2n-v%C4%83n-v%C6%B0%C6%A1ng-s%C6%B0-ti%E1%BA%BFn-kh%E1%BA%AFc-Ph%C3%BA-Xu%C3%A2n-th%C3%A0nh-ng%E1%BA%ABu-ph%C3%BA/poem-gpq_AzU2zRcJ40DTgZ43iQ,哩烏形勢此兼收,Chinese
https://www.thivien.net/Phan-Huy-%C3%8Dch/%E1%BA%A4t-M%C3%B9i-xu%C3%A2n-v%C4%83n-v%C6%B0%C6%A1ng-s%C6%B0-ti%E1%BA%BFn-kh%E1%BA%AFc-Ph%C3%BA-Xu%C3%A2n-th%C3%A0nh-ng%E1%BA%ABu-ph%C3%BA/poem-gpq_AzU2zRcJ40DTgZ43iQ,戅駭承家棄地頭,Chinese
https://www.thivien.net/Phan-Huy-%C3%8Dch/%E1%BA%A4t-M%C3%B9i-xu%C3%A2n-v%C4%83n-v%C6%B0%C6%A1ng-s%C6%B0-ti%E1%BA%BFn-kh%E1%BA%AFc-Ph%C3%BA-Xu%C3%A2n-th%C3%A0nh-ng%E1%BA%ABu-ph%C3%BA/poem-gpq_AzU2zRcJ40DTgZ43iQ,海國輿圖旋混合,Chinese
https://www.thivien.net/Phan-Huy-%C3%8Dch/%E1%BA%A4t-M%C3%B9i-xu%C3%A2n-v%C4%83n-v%C6%B0%C6%A1ng-s%C6%B0-ti%E1%BA%BFn-kh%E1%BA%AFc-Ph%C3%BA-Xu%C3%A2n-th%C3%A0nh-ng%E1%BA%ABu-ph%C3%BA/poem-gpq_AzU2zRcJ40DTgZ43iQ,王朝聲教正周流,Chinese
https://www.thivien.net/Phan-Huy-%C3%8Dch/%E1%BA%A4t-M%C3%B9i-xu%C3%A2n-v%C4%83n-v%C6%B0%C6%A1ng-s%C6%B0-ti%E1%BA%BFn-kh%E1%BA%AFc-Ph%C3%BA-Xu%C3%A2n-th%C3%A0nh-ng%E1%BA%ABu-ph%C3%BA/poem-gpq_AzU2zRcJ40DTgZ43iQ,隘雲南入皆遺壤,Chinese
https://www.thivien.net/Phan-Huy-%C3%8Dch/%E1%BA%A4t-T%E1%BB%8B-khai-xu%C3%A2n-th%C3%AD-b%C3%BAt/poem-CafB18AqTyKXJ4SSmyXBnA,乙巳開春試筆靜靄恬風萬彙晴,Chinese
https://www.thivien.net/Phan-Huy-%C3%8Dch/%E1%BA%A4t-T%E1%BB%8B-khai-xu%C3%A2n-th%C3%AD-b%C3%BAt/poem-CafB18AqTyKXJ4SSmyXBnA,鞦韆蘸水高低影,Chinese
https://www.thivien.net/Phan-Huy-%C3%8Dch/%E1%BA%A4t-T%E1%BB%8B-khai-xu%C3%A2n-th%C3%AD-b%C3%BAt/poem-CafB18AqTyKXJ4SSmyXBnA,火砲騰空遠近聲,Chinese
https://www.thivien.net/Phan-Huy-%C3%8Dch/%E1%BA%A4t-T%E1%BB%8B-khai-xu%C3%A2n-th%C3%AD-b%C3%BAt/poem-CafB18AqTyKXJ4SSmyXBnA,歲律噓回花草媚,Chinese
https://www.thivien.net/Phan-Huy-%C3%8Dch/%E1%BA%A4t-T%E1%BB%8B-khai-xu%C3%A2n-th%C3%AD-b%C3%BAt/poem-CafB18AqTyKXJ4SSmyXBnA,宦裝標出鶴琴清,Chinese
https://www.thivien.net/Phan-Huy-%C3%8Dch/%E1%BA%A4t-T%E1%BB%8B-khai-xu%C3%A2n-th%C3%AD-b%C3%BAt/poem-CafB18AqTyKXJ4SSmyXBnA,斑堂恰是歡愉會,Chinese
https://www.thivien.net/Phan-Huy-%C3%8Dch/%E1%BA%A4t-T%E1%BB%8B-khai-xu%C3%A2n-th%C3%AD-b%C3%BAt/poem-CafB18AqTyKXJ4SSmyXBnA,千里瞻雲動孝誠,Chinese
https://www.thivien.net/Phan-Huy-Th%E1%BB%B1c/%C3%82n-th%C3%A1i-s%C6%B0-T%E1%BB%89-Can-mi%E1%BA%BFu-m%E1%BB%99/poem-XdKxdkkR-GV4YjCfahEeXw,殷太師比干廟墓眼前商果十分黃,Chinese
https://www.thivien.net/Phan-Huy-Th%E1%BB%B1c/%C3%82n-th%C3%A1i-s%C6%B0-T%E1%BB%89-Can-mi%E1%BA%BFu-m%E1%BB%99/poem-XdKxdkkR-GV4YjCfahEeXw,故國有懷愚可諫,Chinese
https://www.thivien.net/Phan-Huy-Th%E1%BB%B1c/%C3%82n-th%C3%A1i-s%C6%B0-T%E1%BB%89-Can-mi%E1%BA%BFu-m%E1%BB%99/poem-XdKxdkkR-GV4YjCfahEeXw,此心無愧剖何妨,Chinese
https://www.thivien.net/Phan-Huy-Th%E1%BB%B1c/%C3%82n-th%C3%A1i-s%C6%B0-T%E1%BB%89-Can-mi%E1%BA%BFu-m%E1%BB%99/poem-XdKxdkkR-GV4YjCfahEeXw,孟津省識崇朝會,Chinese
https://www.thivien.net/Phan-Huy-Th%E1%BB%B1c/%C3%82n-th%C3%A1i-s%C6%B0-T%E1%BB%89-Can-mi%E1%BA%BFu-m%E1%BB%99/poem-XdKxdkkR-GV4YjCfahEeXw,殷土甘從七作王,Chinese
https://www.thivien.net/Phan-Huy-Th%E1%BB%B1c/%C3%82n-th%C3%A1i-s%C6%B0-T%E1%BB%89-Can-mi%E1%BA%BFu-m%E1%BB%99/poem-XdKxdkkR-GV4YjCfahEeXw,阿誠鹵莽別忠良,Chinese
https://www.thivien.net/Phan-Huy-Th%E1%BB%B1c/%C3%82n-tri%E1%BB%81u-l%E1%BB%A5c-th%E1%BA%A5t-th%C3%A1nh-hi%E1%BB%81n-qu%C3%A2n-c%E1%BB%91-%C4%91%C3%B4/poem-KDxOgKAXpzTyzpi3yLLitw,殷朝六七聖賢君故都殷朝碑碣倚城頭,Chinese
https://www.thivien.net/Phan-Huy-Th%E1%BB%B1c/%C3%82n-tri%E1%BB%81u-l%E1%BB%A5c-th%E1%BA%A5t-th%C3%A1nh-hi%E1%BB%81n-qu%C3%A2n-c%E1%BB%91-%C4%91%C3%B4/poem-KDxOgKAXpzTyzpi3yLLitw,賢聖遺蹤萬古留,Chinese
https://www.thivien.net/Phan-Huy-Th%E1%BB%B1c/%C3%82n-tri%E1%BB%81u-l%E1%BB%A5c-th%E1%BA%A5t-th%C3%A1nh-hi%E1%BB%81n-qu%C3%A2n-c%E1%BB%91-%C4%91%C3%B4/poem-KDxOgKAXpzTyzpi3yLLitw,表表哲王昭配澤,Chinese
https://www.thivien.net/Phan-Huy-Th%E1%BB%B1c/%C3%82n-tri%E1%BB%81u-l%E1%BB%A5c-th%E1%BA%A5t-th%C3%A1nh-hi%E1%BB%81n-qu%C3%A2n-c%E1%BB%91-%C4%91%C3%B4/poem-KDxOgKAXpzTyzpi3yLLitw,依依來史播徽猷,Chinese
https://www.thivien.net/Phan-Huy-Th%E1%BB%B1c/%C3%82n-tri%E1%BB%81u-l%E1%BB%A5c-th%E1%BA%A5t-th%C3%A1nh-hi%E1%BB%81n-qu%C3%A2n-c%E1%BB%91-%C4%91%C3%B4/poem-KDxOgKAXpzTyzpi3yLLitw,暴殘經過獨夫受,Chinese
https://www.thivien.net/Phan-Huy-Th%E1%BB%B1c/%C3%82n-tri%E1%BB%81u-l%E1%BB%A5c-th%E1%BA%A5t-th%C3%A1nh-hi%E1%BB%81n-qu%C3%A2n-c%E1%BB%91-%C4%91%C3%B4/poem-KDxOgKAXpzTyzpi3yLLitw,思慕猶勞三紀周,Chinese
https://www.thivien.net/Phan-Huy-Th%E1%BB%B1c/%C3%82n-tri%E1%BB%81u-l%E1%BB%A5c-th%E1%BA%A5t-th%C3%A1nh-hi%E1%BB%81n-qu%C3%A2n-c%E1%BB%91-%C4%91%C3%B4/poem-KDxOgKAXpzTyzpi3yLLitw,更有仁人祠屋在,Chinese
https://www.thivien.net/Phan-V%C4%83n-%C3%81i/Tang-th%C6%B0%C6%A1ng-ng%E1%BA%ABu-l%E1%BB%A5c-%C4%91%E1%BB%81-h%E1%BA%ADu/poem-cq8euUvmyOK2GUVj1f-stg,桑滄偶錄題後坐策興亡一愴然,Chinese
https://www.thivien.net/Phan-V%C4%83n-%C3%81i/Tang-th%C6%B0%C6%A1ng-ng%E1%BA%ABu-l%E1%BB%A5c-%C4%91%E1%BB%81-h%E1%BA%ADu/poem-cq8euUvmyOK2GUVj1f-stg,無窮人世奈何天,Chinese
https://www.thivien.net/Phan-V%C4%83n-%C3%81i/Tang-th%C6%B0%C6%A1ng-ng%E1%BA%ABu-l%E1%BB%A5c-%C4%91%E1%BB%81-h%E1%BA%ADu/poem-cq8euUvmyOK2GUVj1f-stg,切齒烏南鵬郡劍,Chinese
https://www.thivien.net/Phan-V%C4%83n-%C3%81i/Tang-th%C6%B0%C6%A1ng-ng%E1%BA%ABu-l%E1%BB%A5c-%C4%91%E1%BB%81-h%E1%BA%ADu/poem-cq8euUvmyOK2GUVj1f-stg,那堪讀竟桑滄傳,Chinese
https://www.thivien.net/Phan-V%C4%83n-%C3%81i/Tang-th%C6%B0%C6%A1ng-ng%E1%BA%ABu-l%E1%BB%A5c-%C4%91%E1%BB%81-h%E1%BA%ADu/poem-cq8euUvmyOK2GUVj1f-stg,此日還今又百年,Chinese
https://www.thivien.net/Th%C3%A1i-Thu%E1%BA%ADn/%E1%BA%A8n-gi%E1%BA%A3/poem-Z1S9KucXHucaFAlcHHXMcw,景有山川花是客,Chinese
https://www.thivien.net/Th%C3%A1i-Thu%E1%BA%ADn/%E1%BA%A8n-gi%E1%BA%A3/poem-Z1S9KucXHucaFAlcHHXMcw,門無車馬草常春,Chinese
https://www.thivien.net/Th%C3%A1i-Thu%E1%BA%ADn/%E1%BA%A8n-gi%E1%BA%A3/poem-Z1S9KucXHucaFAlcHHXMcw,桐江釣月忘歸漢,Chinese
https://www.thivien.net/Th%C3%A1i-Thu%E1%BA%ADn/%E1%BA%A8n-gi%E1%BA%A3/poem-Z1S9KucXHucaFAlcHHXMcw,芝嶺耕雲樂去秦,Chinese
https://www.thivien.net/Th%C3%A1i-Thu%E1%BA%ADn/%E1%BA%A8n-gi%E1%BA%A3/poem-Z1S9KucXHucaFAlcHHXMcw,卻羨陶朱興越日,Chinese
https://www.thivien.net/Th%C3%A1i-Thu%E1%BA%ADn/%E1%BA%A8n-gi%E1%BA%A3/poem-Z1S9KucXHucaFAlcHHXMcw,五湖煙水一閒身,Chinese
https://www.thivien.net/Tr%E1%BA%A7n-B%C3%ADch-San/An-D%C6%B0%C6%A1ng-V%C6%B0%C6%A1ng/poem-Z4iIZJ1qb42Hg4O9DYeVvg,安陽王甌貉基圖屬趙王,Chinese
https://www.thivien.net/Tr%E1%BA%A7n-B%C3%ADch-San/An-D%C6%B0%C6%A1ng-V%C6%B0%C6%A1ng/poem-Z4iIZJ1qb42Hg4O9DYeVvg,可憐枉殺媚珠娘,Chinese
https://www.thivien.net/Tr%E1%BA%A7n-B%C3%ADch-San/An-D%C6%B0%C6%A1ng-V%C6%B0%C6%A1ng/poem-Z4iIZJ1qb42Hg4O9DYeVvg,靈光何日機先去,Chinese
https://www.thivien.net/Tr%E1%BA%A7n-B%C3%ADch-San/An-D%C6%B0%C6%A1ng-V%C6%B0%C6%A1ng/poem-Z4iIZJ1qb42Hg4O9DYeVvg,王子當年局未殘,Chinese
https://www.thivien.net/Tr%E1%BA%A7n-Kh%E1%BA%A3n/An-L%E1%BA%A1c-am-ng%C3%A2m/poem-PYSJxcspnjakcxWt9qiSmg,安樂庵吟功名墮甑莫回頭,Chinese
https://www.thivien.net/Tr%E1%BA%A7n-Kh%E1%BA%A3n/An-L%E1%BA%A1c-am-ng%C3%A2m/poem-PYSJxcspnjakcxWt9qiSmg,富貴浮雲底用求,Chinese
https://www.thivien.net/Tr%E1%BA%A7n-Kh%E1%BA%A3n/An-L%E1%BA%A1c-am-ng%C3%A2m/poem-PYSJxcspnjakcxWt9qiSmg,不妒不貪隨分過,Chinese
https://www.thivien.net/Tr%E1%BB%8Bnh-Ho%C3%A0i-%C4%90%E1%BB%A9c/Anh-V%C5%A9-ch%C3%A2u/poem-a9Y2hmEsd1lJvx2YoypyyQ,蕭森煙景入清流,Chinese
https://www.thivien.net/Tr%E1%BB%8Bnh-Ho%C3%A0i-%C4%90%E1%BB%A9c/Anh-V%C5%A9-ch%C3%A2u/poem-a9Y2hmEsd1lJvx2YoypyyQ,綠蘋燠帶春眠塢,Chinese
https://www.thivien.net/Tr%E1%BB%8Bnh-Ho%C3%A0i-%C4%90%E1%BB%A9c/Anh-V%C5%A9-ch%C3%A2u/poem-a9Y2hmEsd1lJvx2YoypyyQ,紅豆香餘晚啄秋,Chinese
https://www.thivien.net/Tr%E1%BB%8Bnh-Ho%C3%A0i-%C4%90%E1%BB%A9c/Anh-V%C5%A9-ch%C3%A2u/poem-a9Y2hmEsd1lJvx2YoypyyQ,魏武心勞身自辱,Chinese
https://www.thivien.net/Tr%E1%BB%8Bnh-Ho%C3%A0i-%C4%90%E1%BB%A9c/Anh-V%C5%A9-ch%C3%A2u/poem-a9Y2hmEsd1lJvx2YoypyyQ,正平才逸世難投,Chinese
https://www.thivien.net/Tr%E1%BB%8Bnh-Ho%C3%A0i-%C4%90%E1%BB%A9c/Anh-V%C5%A9-ch%C3%A2u/poem-a9Y2hmEsd1lJvx2YoypyyQ,停槎細與居人道,Chinese
https://www.thivien.net/Tr%E1%BB%8Bnh-Ho%C3%A0i-%C4%90%E1%BB%A9c/Anh-V%C5%A9-ch%C3%A2u/poem-a9Y2hmEsd1lJvx2YoypyyQ,莫鼓漁陽草木愁,Chinese
https://www.thivien.net/Tu%E1%BB%87-Trung-th%C6%B0%E1%BB%A3ng-s%C4%A9/An-%C4%91%E1%BB%8Bnh-th%E1%BB%9Di-ti%E1%BA%BFt/poem-OqiBOy3rerqe9jxmshpjUQ,安定時節生死由來罷問程,Chinese
https://www.thivien.net/Tu%E1%BB%87-Trung-th%C6%B0%E1%BB%A3ng-s%C4%A9/An-%C4%91%E1%BB%8Bnh-th%E1%BB%9Di-ti%E1%BA%BFt/poem-OqiBOy3rerqe9jxmshpjUQ,因緣時節自然成,Chinese
https://www.thivien.net/Tu%E1%BB%87-Trung-th%C6%B0%E1%BB%A3ng-s%C4%A9/An-%C4%91%E1%BB%8Bnh-th%E1%BB%9Di-ti%E1%BA%BFt/poem-OqiBOy3rerqe9jxmshpjUQ,山雲也有出山勢,Chinese
https://www.thivien.net/Tu%E1%BB%87-Trung-th%C6%B0%E1%BB%A3ng-s%C4%A9/An-%C4%91%E1%BB%8Bnh-th%E1%BB%9Di-ti%E1%BA%BFt/poem-OqiBOy3rerqe9jxmshpjUQ,澗水終無投澗聲,Chinese
https://www.thivien.net/Tu%E1%BB%87-Trung-th%C6%B0%E1%BB%A3ng-s%C4%A9/An-%C4%91%E1%BB%8Bnh-th%E1%BB%9Di-ti%E1%BA%BFt/poem-OqiBOy3rerqe9jxmshpjUQ,歲歲花隨三月笑,Chinese
https://www.thivien.net/Tu%E1%BB%87-Trung-th%C6%B0%E1%BB%A3ng-s%C4%A9/An-%C4%91%E1%BB%8Bnh-th%E1%BB%9Di-ti%E1%BA%BFt/poem-OqiBOy3rerqe9jxmshpjUQ,阿誰會得娘生面,Chinese
https://www.thivien.net/Tu%E1%BB%87-Trung-th%C6%B0%E1%BB%A3ng-s%C4%A9/An-%C4%91%E1%BB%8Bnh-th%E1%BB%9Di-ti%E1%BA%BFt/poem-OqiBOy3rerqe9jxmshpjUQ,始信人天總假名,Chinese
https://www.thivien.net/V%C5%A9-Ph%E1%BA%A1m-Kh%E1%BA%A3i/%E1%BA%A8m-%C4%91%E1%BA%A1o/poem-erI2KrBBBujJa-e9YTSHQQ,飲醻橫秋雁帶片雲還,Chinese
https://www.thivien.net/V%C5%A9-Ph%E1%BA%A1m-Kh%E1%BA%A3i/%E1%BA%A8m-%C4%91%E1%BA%A1o/poem-erI2KrBBBujJa-e9YTSHQQ,京洛重逢鬢共班,Chinese
https://www.thivien.net/V%C5%A9-Ph%E1%BA%A1m-Kh%E1%BA%A3i/%E1%BA%A8m-%C4%91%E1%BA%A1o/poem-erI2KrBBBujJa-e9YTSHQQ,啣結同心應自信,Chinese
https://www.thivien.net/V%C5%A9-Ph%E1%BA%A1m-Kh%E1%BA%A3i/%E1%BA%A8m-%C4%91%E1%BA%A1o/poem-erI2KrBBBujJa-e9YTSHQQ,雌黄隨口更何關,Chinese
https://www.thivien.net/V%C5%A9-Ph%E1%BA%A1m-Kh%E1%BA%A3i/%E1%BA%A8m-%C4%91%E1%BA%A1o/poem-erI2KrBBBujJa-e9YTSHQQ,世多愛老還憎老,Chinese
https://www.thivien.net/V%C5%A9-Ph%E1%BA%A1m-Kh%E1%BA%A3i/%E1%BA%A8m-%C4%91%E1%BA%A1o/poem-erI2KrBBBujJa-e9YTSHQQ,指日戎塵空北塞,Chinese
https://www.thivien.net/V%C5%A9-Ph%E1%BA%A1m-Kh%E1%BA%A3i/%E1%BA%A8m-%C4%91%E1%BA%A1o/poem-erI2KrBBBujJa-e9YTSHQQ,醉携彭澤上南山,Chinese
loi-nguyen-tam-quyet.no.txt,唎願心決,Nom
loi-nguyen-tam-quyet.no.txt,認𧡊佛教渃茹當𣅶迎𫤋碎羅沒修仕命名羅長子𧵑如来空𥙪㨿𡓮恬然坐視底朱佛教消忘𢧚碎𢝙𨤔發願燒身假暫呢供養諸佛底回向功德保存佛教,Nom
loi-nguyen-tam-quyet.no.txt,𠄩羅𢘾恩佛慈悲加護朱佛教越南特長存不滅,Nom
loi-nguyen-tam-quyet.no.txt,𠀧羅蒙𢘾洪恩德佛加護朱諸大德僧尼佛子越南諍塊災難恐佈扒咟緘𨆓𧵑仉姦惡𦊚羅求願朱坦渃清平國民安樂,Nom
loi-nguyen-tam-quyet.no.txt,𠓀欺𥄮眜𧗱境佛碎珍重敬𢭮唎朱總統吳庭燄𢧚𥙩𢚸博愛慈悲對唄國民調施行政册平等宗教底渃茹稱宴𨷈𣇫碎窃他呌噲諸大德僧尼佛子𢧚團結一智犧牲底保存佛教,Nom
loi-nguyen-tam-quyet.no.txt,南無阿彌陀佛,Nom
loi-nguyen-tam-quyet.no.txt,爫在廚印光𣈜𦊚𣎃𦒹𢆥沒𠦳𠃩𤾓𦒹𨒒𠀧琵丘釋廣德手記,Nom
luc-van-tien-full.no.txt,妬它別𡦂始終呂󰑼些沛蹺󰠃爫之月娥別意󰝸𠫾哙戈𠸜户𠬠欺朱詳䜹浪便妾𠫾塘󰝸咍君子圭鄕尼芇𦖻𦖑㗂呐請台云仙包𦬑𢚸芇配波東城本寔圭茄户󰑼陸氏𠸜󰑼云仙月娥本𨅸嬋娟𦖻𦖑𢈱呐𢬣連𢭂簪䜹浪󰅒﨤知音嗔迻𠬠物底扲爫信云仙仰󰘚󰝸𥆾月娥𥆁𧡊𥆁辰󰞺那物之𠬠𡮇哙󰑼妾䜹渚一払它爫魚𧵑尼󰑼𧵑沕爲𢚸吱拱沛󰘚魚牢仃云仙苦浽爫清𡦂恩󰑼󰒂𡦂情󰑼𦀊嘆浪妬窖嘹低恩箕㐌買𧵑尼𢭂朗当欺﨤𡂂𡨌塘𠬠𢈱嗔汝𠦳鐄󰝸差汝勾重󰒂輕財芇埃𠹾𥙩𧵑埃爫之䜹浪碎分女兒本渚別氏固欺覔𢚸埃𪟽𨅸󰘚𮎦雄𧡊簪催吏𢢆󰠃丐簪嘆浪簪咳󰑼簪㐌無縁闭埃扲麻嘛迻簪払㐌爫魚妾嗔爫𠬠排书謝辞云仙𥄭吏𢚸唹爫詩朱急𠬠徐渚𥹰月娥應㗂吀侯𠖈𢬣卞曰糁句𠄼韻詩浪前恩思报念徘徊爱述一詩爲贈來字匕長情新笔寫言匕厚意錦雲𫔭金簮雖貴輕由葉大󰒂深𢙇重萬杯從此願君爭甲第妾看馬上錦衣囬詩耒尼妾吀𤼸仰𬂙量𢌌文人󰡫芇云仙䀡𧡊喭敖埃咍飭𡛔才髙幅尼㐌毛麻吏添咍󰝸畨宋玉拱󰟴西詩汝句愈出愈奇埃咍才𡛔劍夷才𤳆如𡆫埃易收埃云仙和吏𠬠排𢭂𦋦詩浪排徊相別執󰡞盃敢曰施恩望報哉重󰒂数言髙唱入叙情一幅和𰙔來币𫎇既𡴯隨享達日月長流用去囬軫重個中無別語天長地久永相𢙇䀡詩買別𧵆賖枚和韻𫠓匕和韻枚塘賖審匕興𢙇塘賖審匕淡𨱽潙匕埃匕拱扵𥪝𡗶﨤饒𢈱㐌𣴓𢈱辰傕云仙辞謝返囬月娥嘆哭情喂󰑼情𢪀𠇮麻喭朱𠇮浽恩渚呂浽情吏芒󰠱泥𠄩𡦂鴛鴦叛愁埃窖问王𠓨𢚸𠳿󰠃月老絲紅𤾓𠄼朱論𡦂從貝安有情之闭牛𬞕𬌓𢚸娥女爲払麻迎傕匕㛪唉金連𠖰車朱姉戈沔河溪󰠵戈𨁪𤟛塘羝𪀄呌猿唿𦊚皮渃𡽫拜𡗶吀鄧󱓨𧷺𤾓𠄼朱援𢚸崙󰠃払丿兜㐌細府堂矯公䀡𧡊𢚸強生𪟽哙浪芇𥘷过兒故牢𢧚浽昆𠫾𠬠𠇮,Nom
luc-van-tien-full.no.txt,月娥踈𭛣前程矯公𦖑呐事情庒盃月娥胣唉嵬匕𢪀隊杆吏𣳔涞隊杆劳刀淬分之遲𣈗芇香焒功恩朱払矯公𦖑呐徬徨𠰺浪昆唉暫安府鐄𣅶芇吒領役官曰書戈妬𨑮払鄧低畧𡢐󰡫拱庒迡吒願呂特󰒂尼辰傕後塘昆呵暫𨆢爫虧胣𥘷朱盃𢚸𫅷侈𦖑鼓點郎𠀧月娥汝細㤕𢚷分𠇮移吀𦋦准梨庭䀡𦝄耒吏想情故人嘆浪流水清山㝵芇𦖑鄧㗂弹知音𡦂情乾想乾深悶分苦辨悶淫苦沛潙匕坦𢌌天高芇埃女底朱埃𠹾煩阻𠓨卞𥙩笔硯達盘香案祝願神灵漏匕𠬠𬌓𢚸誠𦘧𦋦幅像𢧚形云仙嘆浪𠦳淡山川𡦂恩底胣𡦂縁冉牟𡀯娘𡢐唉群𥹰𡀯払吀呐自頭劄𦋦云仙自󰘌月娥𡧲塘吏﨤𠊛𦋦京畿賖䀡󰘚𪖫顛痴𠇮高路匕異奇叱凶汝句泙水相逢𮎦䧺吏﨤𮎦雄𠬠欺庒咍名姓󰑼之𠬠𠇮芒笈麻𠫾役之答浪些拱𠖈詩漢明姓字水支圭茄云仙別理正邪係󰑼異相乙󰑼才高𡦂浪朋友之交情箕㐌﨤理芇爫𢗃𨑗棱𧯶易𠬠核悶朱固妬固低森𡆫箕尼庙宇𧵆低𠄩些𠓨妬𢬥𢬣卞𡎢共饒排户𠸜耒謝辞庙宇卞𨆢𦋦塘漢明𠫾畧就塲云仙群唉囬鄕咏茄𢜠浪𫢩𧡊昆些吒𫅷仍想媄𫅷仍𬂙闭𥹰畑册固功昆它𢧚𡦂䘮蓬󰠃庒云仙逵󱖺䜹浪庒欣几古󰠃朋𠊛今敢吀父母安心鄧昆呂女袄𩚵朱耒双親𦖑呐𢚸盃吏卢𡽫渃賖吹𠦳重朱𠫾𠬠妸小童曰书𠬠幅吲󰠃云仙畧它定𡦂良縁昆官休致扵沔寒江昆𠊛󰑼武彩鵉歲𣃣𠄩𬙞容顔𠼦麻𡦂浪胡越一家昆𠫾細妬𢭂戈书尼昆油𨀈鄧湯𩄲󰡎嗔㐌産固𦀊絲紅双親吲保𣃣衝云仙󰠃妸小童移蹎𬂙澄買淡䦕山𩙌西𣈙㐌迻春創夏盆䀡淡柳塘槐信蜂魚菫㗂蟡󰠓𠼪盆䀡渃奴𡽫尼渃滈㳥演𡽫𡆫𥒥高𥒅戈買𩈘別芇𨑗梗𪀄呐𠖈𬇚󰠩唭󰠵戈堆森景𠊛景撑如𡳒𠊛鮮如𬁻寒江丿㐌細耒云仙暫住𠬠囬𢭂书武公䀡𧡊信书𢜠縁琴瑟䋦絲鄧連䀡戈相貌云仙呵𠸦户陸福䝨生昆眉蠶𬑉鳳𠶣崙𨑮分骨格𣃱𧷺𨑮分仍𠲖几晋𠊛秦芇咍𡦂壻鄧連𡦂佳𥄮它𢢲胣和𠄩尼妯南澗怒𤳆東麻公浪𫢩󰒂壻郎悶卢役渃沛筭役茄仙浪𢘾量岳爺大科嗔及小科卢夷公浪昆篤𠖈詩牢空結伴麻𠫾𠓨塲𧵆低固𠬠户王𠸜󰑼子直文章捽𠁀吒浪差几戈𨑮朱昆󰠃妸此制𠬠排湿高買別所才丕𡢐客竹伴枚買牟𠫾兜子直細侯武公産達𠬠瓢𨢇唁公浪󰖆𩈘𠄩昆詩咍爫𫴋𨢇唁賞連悶朱直𤯭󰠃仙𥙩句泙水有縁爲題双離堆妸交掑陸王𠄩户都芸𠬠欺朱咍奇吏﨤奇白函妬易劔夷朱生公浪丹桂𠄩梗榜鐄𥮋泊㐌仃𤎜𢭂如鍾庒打牢呌𦰟畑鄧𤏣畧挑罷𠇮尼莊樑棟㐌仃呵𠰙𠄩妸才苓奇𠄩直浪仙本高才固兠鴻鵠𤯭𦢳𠬠排情棋麻﨤饒低直浪嗔讓仙󰉨爫英𫢩它結󰒂弟兄嗔𧗱埋仕上程󰠃饒𠫾𦖑鼔㐌點頭云仙𠓨准書楼𢪀安武公阻吏後堂店𢇡代𡁹彩鵉每𢈱󰉹枚𣃣𤎜蹎𡗶彩鵉荘點𦋦尼梨庭哙󰑼𡮇󰒂送情防𡢐朱塊不平𢚸饒䏾𦝄𣃣格梗橷云仙𠓨謝午欧出行移蹎𣃣課平明彩鵉𨅸畧𡑝庭欽容踈浪君子赴京説身󰲍要𡦂情㝵𠸗𬌓𢚸惨切如湄塘賖𠦳淡嗔迻𠬠𢈱㝵𫢩圣主治𠁀願朱灵鳳及尼梧桐管包𡮇分𦟐紅𣎃迡坤掣㝵𬂙苦量払油﨤𣅶顯荣妾吀汝𡦂糟糠朱仃嗔仃貪妬補䔲制梨涓㩅制𦝄涓畑仙浪如焒買燃易冲𠬠𤇮麻𢷆𠄩󰌎埋縁𦇒女渚哺唉吀朱汝𡀯卢買神鵉浪史馬經𡑝固句正節固韻整躬𤾓𢆥𢚸庄差𢚸另盆荘子直房王󰁇,Nom
luc-van-tien-full.no.txt,彩鸾倍且𨆢蹎云仙拮梗𬂙澄長安賖匕𣃣𠬠淡塘﨤王子直崩𠦳調𠫾󰠵戈水秀山岐𡶀高󰠩䟢及其𪀄悲𠊛咍吏及景咍恪芇仙子﨤㝵蓬萊󰠃饒写𡮇情𢙇𠄼𠀧󱋓󰀃𠬠𢽼句詩直浪悶𡮇溇𨱽默油鐄𧺀默油制𩄲仙浪鴻鵠高𬲊𠲖欺麻瘼落排𧗱兜莽群盘泊共饒𬂙澄京地㐌候細尼征匕𣃣熾西𡗶𠄩𠊛尋舘󰀢𪟽待期丿󰠲﨤伴故知調排𠸜户𠬠欺買詳𠬠𠊛扵府潘章𠸜歆户郑尋常業文𠬠𠊛扵府楊春户裴𠸜儉索澄堆𨑮𠄩𠊛吏﨤𠄩𠊛調𠓨𠬠舘盃唭語迎儉浪𦖑㗂𮎦仙𫢩它﨤鄧匪願約𬇚歆浪渚別湿高爫书買𤑟幅芇才能卞呌翁舘𠰺浪呵筭讖所物咹朱皮舘浪𨢇𦧘𠲖兮姑鱗鯺鳯少夷物󰠲箕󰑼茦𦲿𨢇橷尼䃣白雪怒瓢菊椿防欺待客𮎦雄待荘䝨右𤯭󰠃的弓彼盘茶𨢇𣃣衝𦊚𠊛𡎢吏𠬠𣳔爫詩儉歆群𢪀菫𠽐丿󰦓仙直𠬠徐調衝儉歆䀡𧡊𨔍𨓡𢴾詳仙直曰從古詩󰝸咍翁舘唭之撫𢬣摺昭𠬠欺唭𨱽仙浪翁舘唭埃舘浪唭几不才𠁀𠸗唭󰎡孫殯空𩢬畧它𧡊買󰝸𪟽龎涓直浪𢈱呐有縁󰡫冲經史固全󰠃庒舘浪經史㐌曾䀡耒吏遣𢚸恒㤕車哙辰些沛呐𠚢爲蒸咍咭罷麻咍傷仙浪冲濁渚詳庒󰀉傷咭匕傷理芇舘浪咭𭛣尋抛咭荄咭𨐸咭𠓨細心咭𠁀傑紂多滛底民細浽沙𡌢𤇧𧯄咭𠁀󰁏厲多端遣民𨻫𠹾凛湯𬮙分咭𠁀五伯紛紜乱臣多僣爫民嗕咽咭𠁀叔季分崩󰉲頭最打凌絖󰑚民傷󰑼傷󱉎圣人欺𧗱渃魯傑陳道王傷柴顔子󰇾揚𠀧𨑮𠬠歳惜塘功名傷翁諸葛才苓﨤欺漢末㐌仃配波傷柴童子高賒志皮固志嵬皮空嵬傷𤽗元諒嵬匕㐌咍𢩾渃吏𨆢𧗱𦓿傷翁翰子庒埋󰉲𤼸𢈱表最苔𠫾賖傷柴廉洛㐌󰲺被𡗶欧𠲝𧗱茄𠰺民䀡戈册𡲈買𨁮姅分吏咭姅分吏傷直浪厨瀝佛鐄埃咍冲舘固藏經綸傷民牢庒立身当欺𣌝夏筭分爫湄舘浪堯舜課𠸗苦垠巢父坤魚許由夷齊庒併𢩾周𠬠𨉓𠬠𡶀埃候之埃翁伊翁傅揞才几𦓿𠊛󱃨兑𢙇之饒太公𠸗𠬠勤鈎󰉲埋𣳔渭墨油盃制嚴陵㐌買都排袄𥯒󰓳𬌓𩂏𡗶俸橷陳平㐌𠇍卢欧𫕲𦝄𠬠會公候占包𠊛𫢩固恪𠸗芇悶𠚢埃禁悶𠓨埃垠歆浪老舘呐咽油朱󰠵𭛣拱繩半𩚵󱖺󰻩蹺分󱖺󰻩固󰠲󰡎湿麻淡𨖲高舘浪𩅀𤎜湄滛螠𡎢𦨢汫𧡊包饒𡗶滝溇󰠩𣷮請台䀡𠄩昆𬑉㐌碍如珠拠嘹弹𢭮𦖻𬌥渃滈頭𪇴𢪀𥹰𠽋唭仙浪翁舘渚唭低它𤑟別仍𠊛竹林󰠃饒結伴同心欺棋欺𨢇欺琴欺詩功名富貴爫之庒朋從且點欺盃𢚸舘浪妬別𧘇低𢈱箕㐌罕𨢇尼賞朱郑歆󰑼𫯍󰪟都𧡊仙𦍛意侵卢冲𢚸科尼仙乙𢧚功歆油固杜拱空𢧚耒𠇮群𢪀𭛣細𨆢𠫾䀡榜𨴦󰠯傕𠓨塲几硯𠊛笈質塘潦滈屡罷𣳔𣳔屢𠀧云仙𣃣𨀈蹎𦋦丿󰦓𠫾﨤信茄󰝂书󰡠封䀡幅𬌓书𨉓沙𠖈坦𠬠徐𠻨𠽐伴皮埃乃巴潙哙𦋦買別母慈𧗱圭直浪󰞿渚𠶑𠲖嗔𠓨冲舘定皮󰆕家小童咀問嘆𨱽𡗶牢女負仍才𠊚𣦍直浪㐌細浽尼小童𤽗唉爫𢗃渚繁󰉺卢𡨹役茦湯除些𨅌𣇊𦋦塲𠱊咍闭徐急逴署埋懺龱成服内㝵朱衝𦀊篮帽󰺔袄縫拠蹺冲礼文公麻爫嘆浪媄北昆南渃󰝶瀋匕㐌甘𥐧󰀩冲𠇮空𦑃空𡆫𥙩之㳻淡𥙩夷奔䘮尋官麻吏﨤䘮𠻨𠽐𠊛扵呂廊𠊛𠫾𠬠𠇮𡗶坦禁之𬁖移物𠲝群夷麻蒙𠄩行渃𬑉𣳔匕想包饒吏𤴬𢚸闭饒競󱏹包󰓞𩙌漂𢪀浪渃沚𠃩朝𦛌𤴬傷台九字劬劳三年乳哺別包饒情舘浪𡗶坦清明𬰅湄󰦓丿核梗天香埃匕䀡𧡊庒傷呂皮報孝呂皮立身埃咍斫鬼謀神󰘩塵埃拱󰘩塵如埃喓離埃窖達排𡦂才扵貝𡦂災𠬠韻塘𠫾𠬠𣎃庒𧵆欺戈欺吏買路衝波𠫾󰦓伴作𣃣󰑾直󰠃歆儉合麻迻仙歆浪𮎦庒㧅煩科尼㐌呂些願科𡢐𧡊饒折苦貝饒𠬠彙巾泊油匕呵傷云仙拮挭𬨠塘郑歆卞𥄭𠄩行淚沙𠫾𣃣𠬠淡賖匕𠫾󰦓翁舘奔波蹺󰠃舘浪傷等𮎦䧺迻𠀧󰘩茦底防𫉚身庒埋麻﨤𣅶芇當欺过対咹𠓨拱𩛂仙浪𠹾𥙩恩朱𬌓𢚸𪿒匕唉卢賖𧵆舘浪些拱󰘊傾𧡊丕𢧚買避塵除低𡽫𣛟渃碧盃𡆫𠬠瓢枯酒𠬠潙金𬞕隐身蹺准安閒渚尼名利另塘是非呐耒乖果󰑾𠫾云仙䀡𧡊卞𪟽冲𢚸𬂙澄淡紫𣦎冬𢪀隊干吏𠼦麻隊干𢧚庒𡮇分之麻汝句養育卢恩生成芒句不孝㐌仃𢪀𠇮麻𢢆朱𠇮爫昆嵬匕𠬠𬌓𢚸崙仍啉呂浽渃𡽫朱耒芇咍渃沚花㵢芇咍分泊如𪿙󰡫尼𠬠𠇮魚菫塘𩄲恪芇𪀄鴈落排呌霜旦𫢩買別訴詳䝨之柴𠰺科塲群賖小童𧡊丕踈戈自低朱細圭茄群𥹰󰡫尼庒弋胣愁𠇮𠫾㐌痗𣳔珠添油𠲖欺芒病姅澄冲𡽫苦料𡨌棱苦筭仙浪枯㭳𦲿肝喂傕昆𬑉㐌芒愁愁𤻻瘼芇𧡊之󰦓蹎𠫾㐌痗𠇮𤴬如寅固身吏苦貝身身喂身別𠇍吝庒埋童浪𡗶坦固咍𦋦𠫾買邒𨑮㝵吏𤴬𠬠𠇮󰂌畧󰂌𡢐𣛟匕坡󰀒油匕枯核本空廊𥯎之低嗔吝細畧尋柴茦湯𣃣埋﨤客戈塘𠊚調指裊𠓨廊同文𢩮饒欺意哙𠽄﨤柴爫茦𠸜浪趙昂昂浪唉暫𢪀安𤎜㝵䀡脉投湯買仃﨤柴辰病乙苓泊鐄冲𫋻産爭包饒童浪钱泊庒饒嗔柴𢪀量邒條茦湯埋麻病𧘇邒安泊群𠄼𭃂𢭂郎朱柴昂浪柴扵準尼𠀧𠁀󰡸業爫柴奇𠀧𠰌之拱𬦼冲茄内經㐌産外科添牟畧䀡尋世爫頭𡢐䀡医斈次求東医𡄎冲銀漢精溦拱󰑼綱目收夷青東𡄎冲集𩡭良方拱󰑼御製𣥱塘回生味之産達君臣茦它炮製𨑮分𤑟𤉜脉辰讀賦矑山達𢬣𠓨病別塘死生六君四物湯名十全八味産仃内傷吏通八陣奇方内傷外感投湯五柴童浪柴寔固才嗔柴䀡脉朱排茦湯昂浪六部調散部𫔭边左脉昂浽紅拠冲册畧麻通𠇮門相火㐌衝𨕭頭三焦積热㐌𥹰悶朱降火沛投資隂黃連黃栢黃苓加𠓨朱倍热心買平外辰朱點萬灵冲辰朱㕵还情買衝呵𢭂𠄩月泊𣳔補添味茦低防投湯庒戈爫福朱払芇埃隊局隊𡊨之埃小童卞想固才倍鐄󰘉𫋻𥙩潙𭃂𢭂𨑮㝵庒叭𡮇芇添𤴬冲胣如炮如𢬗童浪𠓨妬柴𥋳病牢庒叭麻隊泊添昂浪𦣰𧡊欺店祖師覔保𠬠恬占包鬼神𠊚扵𨑗高𠲖欺塘詫理芇別󰦓小童𤽗呵戈求拱翁柴𧴤扵頭西𭍝小童𦖑呐𠫾連﨤翁柴𧴤達钱䀡𥋳𧴤浪渚邒牢灰㨿牢𢧚浽達𥋳󰡫尼些低庒沛各柴𧴤爲𧴤曰呐之庒𠰃温潤經易𠇍𢆥𦒹𨑮𦊚卦𠀧𤾓餘爻黃金野鶴册高六壬六甲𡊲芇庒咍,Nom
luc-van-tien-full.no.txt,干支調扵冲𢬣㐌通天地吏咍𭛣𠁀現钱貫𠬠𦊚𨑮𣛣蔞󱋓𨢇朱鮮𢚸誠達𨑗𠳿貝神灵感𠸜歳𧘇路程莫之哙󰑾𠸜戸󰑼之朱柴達卦𠬠欺買詳童浪𠊚扵東方󰑾𠫾奔拌𫡉塘庒安固茄戸陸󰑼払歲𣃣𠄩糁群塘踈𬏝扑浪丁卯𢆥𫢩䝨之甲子㝵𣈙庒安𠇮金吏扵宮乾歲尼󰑼歲油廊𨑗𠁀固󰦓奔半賖𧵆牢𤽗窖劎忍𢈱嘹些扲钱招𠖈䀡戈𠬠交𠄩册麻𠀧爻重荘成󰑾卦六衝𧡊爻父母克󰠃子孫化󰑾爫卦遊𩲉吏添世動克屯細官㨿冲卦意麻盘歲尼買𠹾母䘮扵𠇮吹𢧚芒病声灵爲烝麻鬼路程叱千悶朱病意邒安沛尋柴法渚專朱󰉨童浪法扵󰠲低扑浪拱扵准尼𨀈戈法咍㗂曳吨賖𠸜󰑼道士扵茶青村小童本庒別坤𠫾𦖑𢈱呐吏奔墫尋士浪𥙩扵󰦓尋咍󰑼㐌莫𥙩恬之低童浪𦖑呐吨柴除邪掩鬼符柴叱咍士浪印㐌高𢬣吏添符注𠸗𫢩埃皮戈滝󰥶𧡊摄𡆫𠓨棱𤜯𧡊調跪𥛉迻法咍爫𬰅爫湄差𪀄遣猿𠲝𩢬物𬌥法咍念咒𠬠句總收𰿘物𠓨瓢壼灵法咍洒豆成兵变形爫相破城阎王法咍𠫾道火場𡎢劎𠫾教󰘉塘天寬固𠀧月泊𢭂郎邒柴韯所立𡊨渚專童浪碎㐌󰟭欧空茄渚別𠓨󰠲悲除𫡉塘𠳝語逸徐泊仃𠄩月防除卢筭專渚病意邒安耒辰碎仕𢭂郎朱柴士浪𧗱𥙩泊低待朱筭料󰉺排𡊨󰑾童浪碎㐌卢賖卢爲𠊚病扵茄空安泊𫢩碎沛迻郎吀柴論法卢筭󰡫芇士浪固苦之牢𤽗𦣰些渚符𢭂𧗱耒童浪碎本䋲兮𤴬之細浽筭皮渚專士浪些沛用權病南渚北麻痊買才小童𦖑律𠓨𦖻𢚸𢜠倍𡲤𦣰𨱽吁專士浪谷匕呼連𨑮翁盘古坐前證明𨑮翁大圣󰟴天共妑武后調連細低𨑮翁元帥征西共妑漂母森𡆫𠬠欺𨑮翁佛祖它弥共妑故喜調𡆫𠄩房𨑮妑公主五竜平蛮五虎会同安营吏𨑮千將千兵𨑮位三府洞廷赤鱗𨒒它泣歇鬼神󰝡饒𪧍准下塵𠫾制朱𤽗𠀧道符𡗶㕵𠓨跬孟如𢈱庒差小童𨻫仍𧼋𢙇領符阻吏筭排茦湯𠓨茄疎貝趙昂法符㐌𨇜柴筭理芇昂浪冲𫋻群包𤽗𠓨󰘉𫋻麻𢭂朱柴童浪碎决𢈱尼病箕油呵𠇮尼半𠫾趙昂別庒群之劎𢈱到啅吹𠫾塊忘扵低廊渃苦𢚸𠲖欺湄𪱆埃紅拖𩂏童浪冲𫋻咏潙罷信𢧚莫罷𦖑𢧚啉買卢併歇𠬠𤾓𠇮蟡枯蝎𦛌蚕㭳敦傷台钱𠅍疾芒巴爲坦客鄕村󰡫尼傕匕直強塊低碎嗔勸教餒󰉨󰠃饒云仙之掣浽愁小童𢴿𢩮𫢩橋埋滝當欺湄𩙌竜冬𠊚盆吏﨤景盆添傷掣包咹雪𦣰霜幔𡗶詔坦塘長劳刀油朱才智叱高﨤干危𣷷別牢邒常嘵嗷𦍛客他鄕埃匕訴別空傷包徐仙浪𠫾㐌吃𠽐尋尼溪𣷮培坡𢪀蹎童浪𡮇汝塊棱尋尼舘舍仕仃𢪀蹎𡽫西𣃣格𩈘𡗶伵柴󰲲𢩮細尼大堤徒詩𠬠屡𦋦𧗱郑歆䀡𧡊吏掑哙深𮎦𧗱𫢩㐌𠄩𢆥故牢莫病群𦣰扵底仙浪碎㐌庒埋庒台眾伴科尼󰡫芇歆浪子直杜高碎󰠃裴儉調𠓨󰦄人𠬠碎𧗱畧省親直󰠃裴儉群吝𠫾𥹰当欺患难﨤饒𠊚苓𦬑補𠊚𤴬牢仃自低𧗱旦東城𠬠𠇮病重步行牢衝吝囬細准江中尋船些仕論盘󰠃饒仙浪情畧󰒂𡢐,Nom
luc-van-tien-full.no.txt,仙浪汝細寒江武公茄扵𧵆塘低庒魚浪户武扵𧵆塊𠀧曲咏辰吝細尼仙浪𠸗固呵前𡢽爺包𦬑対移庒傷𡟱𫯳󰑼󰒂糟糠之朋細妬尋方改𠇮林𢆥悶論恩情﨤欺患难牢仃補饒汝句救死恩溇吀迻細妬畧𡢐朱𧷺魚浪󰥎分壻昆恪芇𥿥𥿗麻𫐮𠓨針𠲖𢒎麻痗𦑃𪀄巴爲景𫇰坤尋核𠸗𠲖欺踸𨀈細猪渚信滝𫇰𣷷𠸗麻啉󰋇埃扵特好心𪱆亨𢩾笠湄淫𢩾𥯒󰋇埃咍𢪀役𠁀涓尼危苦𢖵尼郎𢀭老𧈧𣦆役奔鈎𡄎冲役渃恪󰦓役茄云仙畧㐌約麻魚翁𡢐沛㳻潙迻朗𢩮仙𠓨准前堂武公䀡𧡊𢚸強虎𤽗庒戈𢜝世间唭󰘉𢈱亘強嘲𠊚㝵𠸗鱼翁㐌固功迻𧗱𡢐些沛卢𩢬𡊰恩鱼浪碎庒𥉩恩朱𧷺仁󰒂辰欣泊鐄𢖵𠸗冲𡶀󰓗山固翁鱼父迻払五員旦𡢐亭長艤船迻翁項羽於沔烏江𠸗群󰋇几莫𮥷况𫢩包𦬑垃塘姻緣鱼浪辞謝𠖈船武公䀡𧡊𢚸煩悶台雲仙𤽗唉𡎢低朱些阻吏𡢐尼料󰝺公浪媒唉瓊荘共󰑼愛女彩鵉世芇默悲󰝺料󰥎牢本空押𡞕理芇押昆鵉浪𨃴䚂如𪳔𠸗𫢩埃𦬑󰝡墫󰡎𡎛埃朱蓮𣑁𠬠盆埃朱𣔥楔𤯭共榴梨他空律𠹾𠬠皮𧯶󰝡𨉓玉預㘛武夫荘浪官品名儒壻󰦓固壻𥊖瞙世尼𦖻𦖑𠊛呐会尼固王子直杜󰉨首科些油悶結𡢽爺户王户武𠬠茄買𠰮公浪悶論𭛣𨉓排󰝺𠬠斫弋情朱衝荘浪𦖑𡶀倉松固𡎟深匕莂蓬坤𦋦東城𠦳淡群賖󰝡払捕妬埃麻別󰦓䏾核𦝄㐌拮頭雲仙𡎢畧茄求咀嘆武公𦋦畧誘払𠖈船朱𥙩迻郎東城𦋦𠫾皮𣅶散更𢩮𠓨𧯄󰀎補仃雲仙補耒練匕𨀈連𠖈核𢴿桂措船㐌賖仙浪各注迻些功恩吀旦圭茄仕咍𢭄𢚸篤論討𣦍𠬠畨朱塊𠦳㝵庒涓咏𦖻㗂呐𠄩边冲𡎟沁最𥒥󰲵質重雲仙欺𧘇咳䧺𢪀𦋦買別武公害𨉓𠶗唭昆造詐貞𡦂緣到啅𡦂情対𢭂計𦋦灾𮥷掣包買𨕭塊𣷷吏𠓨冲𧯄𦀊愁埃窖同王另尼䋥兎﨤塘𣷭橷冲𧯄畧乙𡢐囂悶𦋦朱塊埃𢴿些𠫾寃家埃窖畧排喂傕身体群夷麻󰝺㐌停賖𡎝人間預𠇮𠓨准石盘𦣰孤店𣅘𦰟𩙌𠺙󰌎霜𢒎洛達𦣰孤冷𫥌五更𠹾𣳔匕匕如𠀧风茦拖𢚸歆枚𨒣神䀡𧡊傷𢙇察冲𠇮妸固排符天買咍事六雲仙共饒𢴿𢩮調連阻𦋦塊𧯄𠬠淡㐌賖細尼大鹿𡗶它𤑍東遊神阻吏山中雲仙群唉聀燶迷曼老樵粓𫋻産床󰉺枚捇鈽𠫾昂𠓨棱涓塘大麗󰑼澄𦋦𠫾皮𧡊𨁪蹎𨀈𠓨喂傕𤜯扒𠊛芇𠊛芇𤜯扒󰝡𠓨底低吁𩲉吁魄老尼迻猪𡮇姅扽核𧵆耒雲仙𠬠聀𣃣耒侈𦖑㗂呐亘𡎢𨱽呌老樵𦖑㗂埃呌真𨃝庒恪如𨅹𨖲核𣃣𨁏𣃣𨀺𣃣𪡔畨尼莫沛禍魔害𫅷仙浪碎本𠊚些爲蒸莫𮥷買𦋦世尼語𥉩量𢌌高苔救碎𠬠𣅶恩󰟴再生老樵欺意歇驚吏𧵆連哙事情買咍郑𢚸傷細𠊚𣦍尼又迻老𢩮𢬣𧗱茄仙浪𩛜㐌㤕車𫢩它𠯿𣇊庄和味之吏添𫫵列四支悶𠫾蹺妬麻𠫾坤移老樵底仰𥶄𥯒嗎𦋦粓𫋻𨑮勸雲仙冲𨉓咹㕵㐌安老𦋦飭孟󰲶仙𧗱茄塊棱𦋦細頭塘埋󰦓侈﨤𠬠払漢明老樵栗達奔呈漢明蹺哙事情𠬠欺雲仙𦖑㗂故知姅𢜠姅𢜝姅衣分𨉓明浪𫢩哙人兄㨿牢𢧚浽身形世尼仙浪庄掣呐之身尼芇固恪之𣘃㵢泠汀𫕲摺㳥洡󰉨滝枚𣷷󰋇囬󰠡𮥷明浪低苦哙㗍𠓨厨些仕論盘󰠃饒樵浪庄呵呐𥹰𠓨棱扽桧半󰉨𢄂番漢明蹺哙𥛉連恩翁救鄧雲仙姅𠸖尼𠄩月泊冲𨉓碎吀报答󰭊情朱翁樵浪些本庄用𠬠𨉓嗷喭𧀒松𣋚枚沁𢚸庄悶𧵑埃祿𣘃梗博𠄩󰒺󰠱泥伴𤿤󰠃貝鹿麋𣌋𠫾猿逴最𧗱兎迻默油𩛷𩛜𩛷𩛂埃垠隊𦬑埃𡐚扒搜冲𨉓領𭛣公侯𣋚枚𡽫嶺默油盃醝雲仙𦖑別𠊛𣦍𠳨𠽄𠸜户防𣈗𡊰恩老樵阻吏林山仙明𠄩𡥚調𧗱庵𩄲仙浪㐌﨤科尼故牢玉友於低󰥎夷明浪𠸗篤𠖈詩﨤饒庙宇調𠫾𠬠吝英時回貫省親㛪芒劄册畧吝𦋦京𠫾𣃣細郡鵉灵﨤昆知府鄧生󰑼払𢀭郎涓退荒堂﨤昆𡛔卒󰥎昂庄爲碎卞浽陣𠬠欺勿払𠖈妬𢯏𠫾𠬠𨃝𨉓󰥎𨉓底埃𢗼执𢬣𠹾𫃚納朱縣堂𣃣苔𦋦郡朔方碎卞破獄尋塘𧗱低𣃣埋吏﨤厨尼埋名隱跡闭迡𤍇𢭗雲仙𦖑呐郑傷調排各𭛣󰠡𮥷冲𨉓漢明𦖑呐動情𬑉沙紇淚如瓶渃迎仙浪𢖵桧松天索高歲𡘯𠹾煩劳刀𥉩昆如󰠩𥉩𬁖𨉓尼𧯶易方芇別󰦓𠬠彙巾󰺔𩂏頭𠀧𢆥渚論𠬠勾生誠顕荣渚𧡊顕荣小童畧㐌爲𨉓托寃想𦋦如割𦛌肝想包饒吏渚滇隊吝明浪𠊚於冲󰡰固欺富貴固吝󰠡𮥷𥰊高鐄別歲鐄﨤欺焒䚂牟強添稽悲除英渚倍𧗱於低𢭗𤍇󰝺皮茦湯包除歇𣅶灾𮥷󰝡饒些仕立塘功名甘來否𫽄吏亨𨅸頭士子共荣𠇍𠁀𢧚庄固坦固𡗶𦋦𢬣康濟役𠁀共衝雲仙欺意安𢚸於尼奄寺伴󰠃漢明武公𥙩𭛣詐貞𢩮情户六結情户王計自𡎟瀋害払彩鵉仃胣𢚸強添盃㝵匕荘点粉𥅦防欺﨤󰣞𨅸𡎢朱吹丿󰦓子直𣃣𧗱𠓨茄户武探皮雲仙公浪汝浽雲仙奴㐌臨病黄泉賖制傷払分泊於𠁀共爲月老車𦀊𥿗紅𦖑戈子直動𢚸𠄩行渃𬑉𣳔匕如湄嘆浪󰉨汝灵𠸗󰒂它結󰒂情渚訴情𡗶牢𦬑害𠊚苓榜鐄渚占眉𣛟㐌󰍹共㛪渚特󰉓𧷺𠊚苓辰𠅍些群爫之冲𠁀󰋇幅己知󰋇荘同道󰋇󰀩同心公浪些共𢢇󰠐𢢇緣昆𥘷瑟琴󰇾揚崔匕妬渚咀嘆低它併特𠬠塘叱咍細低辰於吏低󰠃𡥵𡛔老森𡆫室家防欺󰉺最𠓨𦋦𧡊王子直共󰑼雲仙直浪󰑼󰒂筆𡥵英㛪畧㐌結願󰠃饒𡞕仙󰑼直姉妯姉妯㛪伴固󰦓𥐧饒庒咍𠊚𭓇󰀋之呐𦋦仍傳異奇苦𦖑咍󰑼𭓇𠺙渃󰟴𡟱𤽗子紏迻𧗱桓公咍󰑼斈𠺙唐宮𡟱𤽗剿刺制共世民武公󰘚𪖫暢珍𠰘猪如𧍉咹啉沛𪿙彩鵉冲帳𦋦𡎢𠲶嘲柴󰁮新魁買𧗱妾㐌󰝸論𠳒誓呂皮拖笈呂皮能巾惜台𢚸𤟛康匕𦀼簾除待䏾𦝄闭迡庒應辰拱爫虧𦬑󰝡㗂呐爫𡆫庒堅直浪埃𨔍奉仙防筭󰝡𠺙彫船嘹𤽗𡏢𫯳𦰟𦹵群鮮𢚸芇𢚸𦬑󰝡𠳒月花𧘇䀡丕拱𠊚些推𩑛禽獸芇󰑼恪之雲仙英唉故知𣷮鐄固別役尼朱些𢬣捞渃𬑉阻𦋦𧗱茄懺所尋戈京城武公虎𢢆冲𨉓𠄼𣈜𦣰病失情托寃彩鵉共媒瓊荘媄昆凍󰘂底䘮冲茄次尼細次月娥河溪府意蹺吒斈行矯公𨖲聀太卿差𦋦𡎢郡東城治民𦋦詞隊泣𦊚方𠳨𠽄户六源干於𠁀𠰺軍󰝡幅书𠶆六公𠳐令細尼营前矯公哙傳雲仙六公𢖵細俸連哭嘆闭𥹰𦖑㗂吨󰠓昆碎染病𡧲塘補屍別信自意旦𫢩丿𦖑𠳒呐𣈗󰉨吏傷矯公冲胣惨傷阻𠓨呐傳󰠃娘月娥娥浪𢖵𣅶塘賖嗔𠸼户六󰝡𦋦役堂,Nom
luc-van-tien-full.no.txt,矯浪𠲖𢜝㗂娘六翁𠓨准役堂𡎢衝月娥𨅸預边房𢬣揞幅像哭𣳔如湄公浪幅像𠊚𠸗月娥昆呵󰝡迻𠊚𥆾矯公各役𢧚印六公欺𧘇買信事情公浪役𬞺宁宁𢖵涓𠄩𡦂恩情課𠸗泊鐄礼𨳒嗔迻𧵑尼爫󰒂𡊰𠸗恩払六浪恩𧘇語喭碎󰦓监𠹾泊鐄爫之𡂂󰑼昆𥘷𠅍𠫾咍󰦓𬋩格群𥱬像尼𫢩它𧡊特昆低𬌓𢚸傷𢖵拱虧特耒六翁辞謝𨆢蹎矯公差几迻回𧵑朱月娥染病𦣰孤冲𨉓𤾓䋦㐌卢吏愁碎㐌除待闭𥹰㐌空朱﨤𣇜頭辰傕別饒渚待󰋇囬几群𠊚𠅍𡗶喂唉𡗶課𠸗渚者󰋇𢈱呵𠸦君子別𠁀芇派傷爲𠊚等英才芸文業武芇埃𤯭󰠃傷爲畑󰀋固功𦊚方渚特桑蓬󰜋勾傷爲𠄩糝歳頭𠊚𠁀如俸蜉蝣呂廊傷爲渚特顕荣㵢㵢花󰲼󰉺残功名傷爲堆呂渚成㘧香鉢渃唉仃㝵𡢐𠄼更庒𠯪紇珠兑𥆾幅像𦛌𤴬如𬁻嘆浪渚特󰋇回㝵𡢐別固﨤堆庒󰑼矯公冲帳𨀈𦋦𦖑昆嘆咀㤕車𢚸鐄勸昆辰渚多芒錦皮群𠅍󰑼常𠸗𫢩恩情強想強苔庒戈𣛠造𨒻𡏦庄常娥浪空掣浽傷欺空𢭮挭𡧲塘芇咍𫢩㐌鵉鳳落排捻迎𫋻隻分尼㐌應別包饒浽風塵滝湘迻伴梂銀迻𠊚身昆群𨅸𡧲𡗶嗔蜍幅像論𠁀辰催矯公𢚸叱庒盃昆它守節群吹理芇固𠊚聀奇嵬高太師聀𠹾冲朝敕封𦖑吨昆𡛔矯公買𨑮𦊚歳𥿗紅渚筭太師用礼物𨖅𠼦𠋦容呐結塘通家矯公坤押月娥礼迻呂吏𧗱茄太師太師庒別𢌌推󰝡調怨恨吏𥱬𠓨𢚸丿󰦓潘國交鋒烏戈渃意兵戎曳乱打𠓨細隘同䦕楚王𢚸𢜝𠳨㗍群臣牢朱安渃安民朝中埃固法神奏戈太師因役於茄倍鐄跪󱖺奏戈每𠳒爲𠸗賊浽倍又共爲貪色於𠁀中華悶𫢩塊曳干戈迻昆𡛔卒交和辰衝月娥󰑼𡛔矯公買𨑮𦊚歳𦟐紅当𣛟娘添國色頃城吏添𠄩𡦂才苓叱頑冲朝固𠬠𨉓娘妸朱潘國乙安每塘楚王𦖑𢢲𢚸鐄硃批遣使󰝡郎東城敕差户矯太卿役冲茄渃㐌仃朱𤽗月娥娘𧘇𢧚𠊚選㝵𣎃𠃩𠄩𨑮貢胡矯公𠳐旨貢胡𢚸𦖑芇敢呐孤理芇月娥冲胣如炮更迡庒𥄭仍韜式𢙇失情情拱变拱預幔咀𬑰咀𨱽𡎢𢗼昭君𠸗拱貢胡𤳄𤽗延壽𪽗龱朱畨杏元𠸗拱貢胡𤳄𤽗盧起𫇰讎群𥱬𠄩娘畧㐌沛𠫾󰜋爲𣦍主𠄩爲討吒昭君𬦮𠖈江河傷𢚸渃漢沛𦋦料𨉓杏元𬦮𠖈池灵傷𠊚良玉論𨉓特他細𫢩泊分󰑼些願󰠃幅像㗂它終身情夫婦义君臣情麻庒論朱陳字𢧚𠄩边使奇𠄩边悶𬆄共主𦬑涓恩成沙机󰜋𡮇辰󰡶以𨉓𢩾主以𢚸蜍𤤰矯公𢭗󱖺当愁𦖑昆咀哭󰋇句添煩呌𠓨外預帳前𥙩𡗶𠰺訪朱全身名庒戈󰑼役朝廷芇吒固悶押情之昆娘浪昆詫之昆巴潙另分𠅍群𬋩包傷吒歲鶴㐌高𠲖欺䕃冷𣅶芇別󰦓芇冲辰運添愁󰉺啉最永埃侯共吒公浪庒𢪀役茄唉安胣𥘷麻戈渃𠊚最𫢩㐌細夢𨑮沛󰝺韯所𠄩𨒒出行娘浪役𧘇㐌仃群卢𠄩𡦂恩情渚衝昆嗔戈𥛉六翁爫斎𬙞𩛷論共雲仙嗔朱恩󰒂援全防欺𠖈准黄泉及饒矯公別𢪀畧𡢐頒朱钱泊給侯迻𠫾六翁𦋦逴𠬠欺月娥𠓨達礼󰀩産床㝵苓沁浍連𡊨咹𧗱󰳄坦朱払雲仙𬮎𦋦幅像撩𨖲冲茄朱細𡌽廊調傷月娥奔㗂哭払雲仙払於󰋞鐄固咍𬙞㝵耒𭛣爫齋吏󰝡钱泊討󰉨六公𬂙𫯳麻庒﨤𫯳㐌仃𠬠分侍紅無緣自󰉨令嫁𧗱潘决𢚸𠖈准黄泉﨤饒庒之拱哙㗂妯悶卢役渃沛欧役茄𠬠㝵𠬠󰘌𠬠車𧵑尼底吏朱吒养𫅷𥛉耒渃𬑉乳沙𠿯匕辞謝𨀈𦋦阻𧗱各官車駕𦊚皮𠄼𨑮侍女蹺掑蹎𢬣𠄩𨑮𫢩㐌旦𣈗各官調𫉚迻𣦍𠖈船月娥倍遣金蓮𨖲侍親父𠖈船疎戈公浪胣㐌㤕車昆仃嘆哭麻吒添愁娥浪𡽫渃高溇自𫢩隔别坤侯𧡊吒身昆𧗱渃烏戈㐌仃𠬠浽爫蹺坦𠊚𠄩边南北賖󰁍畧嗔𠳚吏𠬠𠳒爫鏡囂又𩙌𠺙𦰟𣘃𧘇󰑼𩲉𥘷𧗱𫢩探𫅷矯公紇淚乳沙,Nom
luc-van-tien-full.no.txt,娘浪𠸗斈史經爫身昆𡛔𡦂貞爫頭庒於𠺙渃郑󰦓現𠊚細󰘂󰝡妯私情儉浪㐌斈史經牢空𤐝察底𨉓𦣰空胡陽𠸗買化𫯳唉群顔色宋公󰑼𣃣夏姬結裕課𠸗󰉺迻尹父最𧗱徐君漢初呂后當春𤯭󰠃髙祖册群𥱬底唐𠸗武后寔之二夭吏𥙩三思緣𫅷拠冲册史呐𦋦𠬠𠁀盃暢拱戈𠬠𠁀正專󰝸敢対移淡仙課畧歇𠁀𦋦魔𠊚些󰝸悶𠊚些拠揞幅像𩈘花守鐄強𥆾強絆𢚸娘斈隊如世󰖽払文君月娥別𠁂小人爫声筭斫脱身塊妄裴翁唁𣲍濁冲悶浪朱鄧𤯭拱昆些娘仃𢪀𬢱𧵆賖良緣解逅意󰑼緣天細低緣㐌𤊰緣𦝄清𩙌沫㩒船待埃𢖵句春不再來𧡊󰅒花𦬑𠲖埋花残爫之舌分紅顔𠄼更𫋻鳳𧜖鵉冷㳥望夫𠸗仍蒙𫯳眉𣛟悶痗𦟐紅配波傕又娘渚咀𦋦𡆫共昆老𠬠茄朱盃月娥車𧺀𢜠盃踈浪𠊚㐌恩餒闭迡昆󰦓敢𠳚𠳒尼唉嗔踸又仕𡆫姻緣碎𠓨𥛉像雲仙斎𡊨𬙞𩛷朱全始終吒昆𦖑呐𢜠𢚸𢮪茄所駐動房朱吹詔花𫋻躡𦊚皮古圖八宝慢𧗱蒸𦋦侈𣃣典𣅶更𠀧月娥𥙩筆題󰑼排詩粘𨖲𨕭壁𠬠詞󰒺芒幅像𠬠除𦋦𠫾詩浪英雄𠬠丿﨤婵娟責󰋇化工窖倒顛鐄𥒥共払它懇咘柳蒲分妾𨻫流連𧊉蜂戈𨄹默埃佐船栢冷汀沕𢚸專指𡶀誓滝芇固透𠬠念鉄𥒥付皇天𠄩边坡𡏧𥯓𥯌𣈘𣅘咏𢽙𠰃欺𦝄𪾦𬂙澄塘詫󰜫爲固昆󰳃又𤍎徐𠫾蹺戈滝耒吏𨖲岧𧍝吟吲唯蟡呌荣同苔𥑥蹅𥗐𤈘衝𣃣枚𡗶㐌𤎜𤑍彙東月娥𠫾㐌旦耒﨤尼盤石暫𡎢𢪀蹎𠊚𣦍𡗶坦拱𠳐老妑𢶢梞冲棱𠫾𦋦𠳨浪娘沛月娥呵須亘強𧗱茄󰠃些欺𣈘𦣰𧡊佛󰜏𠊛它覔保𢧚𫅷典低月娥半信半𪟽打料𥄮𬑉蹺𠫾𧗱茄𨀈𠓨𧡊仍弹妑爫藝綆𦀻𫄄𬗢麻催月娥停胣於耒自低買歇細𨆢准芇𠳨𠽄𦋦𡶀烏巢同䦕󰋇淡𠫾𠓨細尼次尼細次𦋦𠁀云仙課畧於尼厨廛姅𣈘𦣰𧡊翁仙󰝡朱󱋓茦𬑉連𤎜𦋦計自染病塘賖典𫢩計吏啐它𦊚𠄼歳吒𫢩㐌𠄼𠄻郑𢚸𢖵旦潭又淚沙雲仙阻吏圭茄漢明迻塊𠄼𠀧淡塘仙浪些吏故鄕恩饒𡢐﨤科塲仕咍明浪𫢩本庒埋㝵𠸗莫沛案苔遁𠫾敢󰦓排𩈘𦋦詩㐌仃𠄩𡦂歸依厨尼仙浪志鄧傘𩄲㝵𡢐拱併森𡆫買饒𦊚𢆥噷唿醬蒌苦𪬡群𦬑𢀨𢀭𦬑𫡻𣅶虚拱固𣅶𢧚勸𤽗𪧚胣朱𥾽討𣦍漢明於吏奄𩄲雲仙𧗱𠬠𣎃迡細尼六翁渃𬑉𣻆淶埃咍昆𤯩𨕭𠁀共吒𥯎廊注博𧵆賖調𢜠𧼋細秩茄𠳨𠽄翁浪啐㐌𦊚𢆥昆芒疾病咹𦣰尼芇仙浪患𮥷掣包媄碎墳墓尼芇㐌安達𦋦礼物産床讀排文祭畧盘銘生𣷮鐄𩲉媄固灵証朱昆𥘷𢚸誠㝵𫢩想皮源渃桧核功高𠦳丈恩苔𠃩𦝄推𠊚𦣰這哭𣒣𠄩𨑮𦊚討庒朋𠁀𠸗雲仙渃𬑉如湄祭耒吏𠳨𭛣𠸗於茄翁浪固矯月娥泊鐄󰝡𢩾𫔳茄鄧吹洳娘𢧚買𦋦皮庒之苦𩛜於圭虚耒雲仙𦖑呐唉喂蠲情𢪀吏𠬠囬𦀊𥹰𠳨浪娘𧘇於󰦓朱碎細妬答句恩情六翁哙𭛣朝廷頭𡳪𡀯󰲽訴情󰠃仙矯公𣈙於西川拱爲縸佞刼權𧻐𦋦仙浪感󰒂月娥碎吀戈妬𠽄吒娘共西川買淡𣦎衝細尼𦋦𬑉矯公哭連娘群扵准渃畨別牢﨤特云仙𣇜尼矯公遣於吏低𣋚埋𧡊󰘚朱虧𬌓𢚸雲仙於𠬠𢆥𣳔温潤經史底防𫥨詩侈𦖑𣈙㐌典期雲仙𠓨𥛉嗔𠫾應場𧗱茄辝謝嚴堂京師𠦳淡𠬠塘𣦎𫥨雲仙中状元科𢪀𫥨𢆥子寔󰑼𢆥𫢩課𠸗柴呐叱咍北方﨤𤝞𫥨𣈙𢧚名雲仙𠓨謝朝廷令頒帶帽朱荣皈𣈙侈𦖑信賊畨西兵𡆫外隘㐌苔兎山楚王判畧凱鐄状元𫥨飭擛乱朱衝状元跪畧陛𧏵嗔朱𠬠將饒󰠃提兵固𠊚户漢𠸜明飭当項羽孟鯨張飛㝵𠸗縸案苔𠫾𫢩𧗱於𡶀翠微隐𠇮楚王判畧朝廷𠰺𦋦他罪漢明隊𧗱先鋒𠄩𡦂旗題漢明𣈙特預掑雲仙調󰝡兵馬𠫾連衝霜蹅雪細沔隘関边畨𠄩將堂又𠬠払火虎𠬠払水竜吏添骨突元戎𬑉韜𩅘𬦃相凶𨔍𨓡漢明𫥨飭先鋒打󰠃火虎水竜𠬠回漢明𢭄𠖈雷霆𠄩払調沛𠬠辰𠇮亡元戎骨突浽衝𠄩𤽗𫼬鈽打󰠃漢明漢𫥨飭孟敵鯨𧡊払化法秩𠇮𧼋𨆢雲仙頭隊金魁𢬣扲超泊𠇮𡎢馭烏𠬠𠇮𥄮陣衝無󰠃𤽗骨突打朱最㝵倍横𢮿馭朋𫢩傳軍以𧖱題𣦍𦰟旗,Nom
luc-van-tien-full.no.txt,𠀧軍劍敎調抒火魔䀡𧡊𠬠除調散法𫥨骨突驚惶𤇊又浮陣打󰠃雲仙雲仙𨀈細陣前共𤽗骨突打連最㝵沙机𠬠丿𧼋𣦍状元逐馭及𣈙𢬭蹺󰠵戈𣃣鄧𬙞岧感傷骨突運𠨪奈包状元鉆骨突耒頭撩古馭𪔠回收軍諸軍𦊚費調㖫𡗶它最󱔚別澄𧵆賖冲𨉓㐌𩛜㤕𢚷𠬠𨉓冲𡶀別𦋦𡉦芇𡏦𨒺冲𡶀烏巢姅店盘論塘𠓨𡉦𦋦次尼細次月娥於低併它欣𠀧𢆥耒𣈘𣈗炵𦰟畑𡎢庒咍冲胣徘徊𡀯之󰞹音𢈱畧群𥱬吹𢧚胣妾喓𠻗待𢙇㐌停𥒥󰞺鐄派㐌仃𠖈准泉󰉟﨤饒月娥渚掣浽愁侈𦖑岳馭於󰦓細茄呌浪埃於冲茄塘𧗱䦕隘指𦋦朱𨉓月娥𡎢𢜝爫清状元𠖈馭𢬣衝𢭹𠓨老妑曳𠳨𠊚芇店𣅘𨔍𩈘敢𠓨茄些浪碎國状楚家爲蹺擛賊烏戈落塘老妑𦖑呐驚惶尖蒌掘渃倍鐄𠳐𦋦状元𡎢𥄮月娥兑𥆾幅像𢚸它生𪟽𠳨浪像𧘇像之𠰙埃窖𡳒容󰀩󰲾𨉓頭𡳪渚訴事情老妑呵呐姓名朱詳老妑庒敢呐奸像尼本寔𫯳娘𡎢低状浪娘𨁯吏低呐冲𠸜户像尼些𦖑月娥胣唉胡𪟽𥆁𥆾從󰘚吏𠲖𨔍𠊚𡎢枝𢬣袄虎𤽗状元䀡𧡊𠲶唭𠬠欺爫牢娘庒呐𠫾買𢈱些𠳨󰣉夷庒𦋦月娥𧡊𠳨疎戈𠊚冲幅像𠸜󰑼雲仙払它𧗱准九泉妾爲傷𢖵另沔𩙌𦝄状元欺𧘇𠳨㕫𫯳󰑼𠸜𧘇𡞕󰑼𠸜之月娥訴事𠬠欺状元倍𡲤𠖈跪𥿺𢬣疎浪𫢩﨤娘低嗔迻𦊚𥛉仕排源干󰋇𠳒誓海盟山芒恩畧沛謝恩朱耒雲仙本寔𠸜碎﨤饒𫢩㐌匪囬約𬇚月娥榜浪巴󰁍姅𢜠姅𢜝姅疑浪畨疎浪払沛雲仙呐𦋦𣅶畧根源仍󰑼状元呐昔𠸗𦋦月娥欺意哭和如湄恩情強計強唹当群盘泊𡗶𣃣𤎜𦋦侈𦖑軍喝󰠓移𦊚皮坡𦹷調𡆫干戈状元連馭阻𦋦𦰟旗題𡦂𠸜󰑼漢明漢明欺𧘇仃兵英㛪𢜠𠴊訴情󰠃饒明浪良嫂於󰦓朱㛪𦋦𬑉姉妯󰡫芇状元󰝡漢明𠓨月娥𨅸曳𠰘嘲貴員明浪想姉於畨决󰝡兵馬細沔烏戈𫢩它森合𠬠茄擛它安賊欧𰙔囬朝状浪娘併爫牢娘浪英唉囬朝奏𨖲仰𬂙量𢌌皮𨕭嗔他罪畧買𢧚仍󰑼状元辝謝老妑吲𠻀𠳚吏月娥𣈜󰉨些辰𥙩幅像尼奏戈塊罪逴𣦍𧗱茄仙明𠄩馭阻𦋦󰝡兵阻吏朝𰙔𠬠皮楚王𦖑状元𧗱朱官𦋦逴𠓨掑边凱楚王𨀈𠖈金階𢬣𠳐󱋓𨢇賞才状元判浪朕𢜝渃畨固𤽗骨突法仙𨔍𨓡𫢩麻除骨突衝寔𡗶生状𢩾冲渃茄󰂇油畧固状𦋦爫之典浽月娥貢胡令傳待宴朝都咹𢜠󰉨㐌西烏擛耒状元跪奏𠬠囬月娥各傳頭𡳪𤑟𤉜楚王𦖑奏根原判浪朕想娘群於畨庒𪟽娘貝状元󰠃饒課畧泣縁𣅶頭太師畧陛連奏西畨曳賊閉𥹰拱爲詐婚怨𫇰群𥱬月娥娘意罪欺㐌仃太師温奏朝廷芇根原畧事情仍之状元𦋦畧陛跪𤼸𨖲幅像𠬠欺爫憑楚王䀡像判浪月娥貞節共朋𠊚𠸗於𠁀牢庒別馭少之昆𡛔麻迻細娘油朱日月𤑟𤉜坤𤐝𡊱挹拱芒㗂𠁀𠖈𡗶埃敢改𡗶𭛣尼爲朕𦖑𠳒太師状元奏事太師爫碎庒鄧吏私怨󰠐加添浽󰲿郑歆郑歆課畧謀󰠐害碎𫢩㐌𤑟󰘚佞耒仰𥉩量圣栽培󰡫芇楚王陳判冲朝太師悶併理芇㝵𡢐咍󰑼董卓謀溇餒𬂙吕布防欧漢權咍󰑼元載謀𥢆餒󰮇雀彦蒙專茄唐咍󰑼安石𠺙奸餒󰮇秦卞防筭宋朝𠁀𠸗碎佞別包太師㐱固恪芇曹喂筭專倚𡄎嵬𡗶𧡊𠊚忠正劍𢈱󰕔坡典𫢩買訴正邪拱爲課畧在些𨇒用傕匕些拱𢌌容太師拮聀𧗱共民間郑歆󰑼󰻛暴残交朱囯状默筭法刑月娥󰑼𡛔忠貞敕封郡主顕荣朱娘矯公復聀太卿吏封巡撫東城治民状元寔等良臣敕封相囯畧行公卿漢明封聀縂兵英㛪𢜠謝丹庭調𨆢户王户漢户裴共饒㕵𨢇調盃調唭状浪嗔𠳨𠬠𠳒郑歆罪畧各𠊚併牢左刀引郑歆𠓨󰘚𥆾𧡊伴𠲶嘲浪英明浪埃曼呌英畧它󰝡𠺙庒苓辰傕引𦋦鉆郭朱耒底之𣘃𬑉苦𡎢錦肝直浪英渚呐昂折𧋆埃用鎌鐄爫之𠸗𫢩󰋇𠁂󰟁󰀩油朱奴𤯩爫之成身歆浪洳量大人本碎買曳𠬠吝嗔容状浪些𨅸英雄芇埃固𣩁𠁂󰠃爫之傕又些拱𢌌推傳軍𬮎𨴦𨒻𠫾朱耒郑歆塊𣩂𢜠盃倍鐄跪𥛉嗔𨆢𦋦𧗱群𤽗裴儉𥁚羝虎𤽗告病嗔𧗱矯𥹰漢明子直𠓨奏嗔迻國状及朝荣歸𠬠𤽗裴儉庒𠫾冲𢚸它𢢆拱爲虎台状元車駕倍鐄差軍户𧗱逴娘月娥泊鐄󰝡謝老妑逴娘迻細𣦎戈東城網條梇𬦃𦆆𣛟状元子直漢明𨕭塘郑歆𧗱細寒江㳥神浽曳船払沉𦖑郑歆沛󰠩𠽆屍寔𡗶果报理尼叱㕰爫𠊚庒𢪀畧𡢐謀溇吏默祸溇庒迡小童畧𡨹墓尼㝵戈𣎃論㐌苔𠀧𢆥碎𠫾勸教買𢆥併󰝡骸骨𧗱𠽄主茄嫌爲庒固𠊚些唉群疎矧𠓨𦋦渚𧗱状元𣃣細大堤傳軍𩂏壙祭兮童𠸗想情師弟過唹拱爲户郑課𠸗謀󰠐讀文配動冲𢚸𠄩行渃𬑉𣳔又如湄侈󰦓𡗶坦窖迻小童𧼋細𨅸𣃣𠬠边𥄭𠓨牌位𧡊𠸜郑𢚸童買哭𨕭闭除状元𥄭吏承唹姅信浪伵姅𪟽浪麻𢬣捞渃𬑉𨀈𦋦小童𡥵於󰦓麻細低辰昆呵呐󰠃柴根由渚𤑟故尼爫牢小童達󱖺奏𠓨闭𥹰𨻫𠹾音耗汜油排𠳒叙事𡳪頭𠀧𢆥𨻫𠹾惨愁細𫢩悲除伵㐌﨤柴荣花𠬠課森干牟状元車駕𠖰連丿󰦓㐌細𧵆沔秦江武公自𠖈𣷮鐄彩鵉󰠃媒瓊荘𤴬愁媄昆仍莽卢欧𦖑雲仙𤯩﨤朝公名浪些初拱恩情沛𦋦迍逴払荣皈󰉨鵉浪𨉓於庒𫨩𠲖𠊚群𢖵仍㝵冲𡎟荘浪昆固紅顔朱払𧡊󰘚辰払乙唹󰂇油固𢖵跡𠸗媄昆些吏杜承武公󰠃饒盘論㐌衝𤐝𠻁打蠟𦟐紅逴縁𫢩㐌細𣅶状元寒江𧗱細侈連埬軍泊鐄珠玉襖裙状元󰝡細𡊰恩魚樵漁樵󰉨㐌名標恩𦋦𠬠貝𧵑𡗉𤾓車状元辝謝𦋦𧗱𧡊瓊荘細𡎢掑捉軍彩鵉畧駕欽傳媄昆碎細𦋦侯状元父親㐌𠖈黄泉嗔傷𥙩妾婵娟分尼状浪挷鉢渃苔覩𣦍𠖈坦㧾󰉨朱衝寃家女畧呂衝少之𢧚浽麻蒙細隊漢明子直調𥋳𠽋唭花窖爫𠿃嘹蜂𠳐朱𢚸庒𢢆𢚸群芒󰘚細㧼蓬爫之明浪牢庒於𠫾𧗱朱嫂嫂拖欺捇𨃐媄昆𨅸時春台調卞辝謝疎󰉨𨀈𦋦阻𧗱渚及細茄𧡊𠄩翁𤜯𧼋𦋦迍塘汰調扒媄昆娘󰝡𧗱吏補冲𡎟蒼松𦊚皮𥒥泣莂蓬媄昆嘆哭坤𬂙𨅸𡎢𠁀𠸗呂女󰋇回惜台𪳔粉點味闭𥹰唉𠊚爫𡢼𠊚𡢐﨤欺患𮥷󰠃饒󱓨𧷺仃群抔斫媄昆托它𠅍刧㗂群碑名状元𧗱細東成六公𫢩㐌𡏦营於廊排𦋦六礼産床各官𠫾户𡠣娘月娥𡢽爺㐌称𡢽爺󰉨𢜠𠄩户𠬠茄成身𤾓𢆥誰𤎜精神生昆特󰡸𨃴璘𠁀匕嫌爲格阻堆尼𢧚之沛寫𢁍𠳒吟哦底麻除待儒家沛修節行買𦋦歷𠊚仃群悲𢪀事𠁀根由自意𠳨𡗶麻傕,Nom
nam-duoc-quoc-ngu-phu-manual.no.txt,軫窖𤍌,Nom
nam-duoc-quoc-ngu-phu-manual.no.txt,𫶸生蔑性物化閍類,Nom
nam-duoc-quoc-ngu-phu-manual.no.txt,堆氣陰陽轉運𦊚務寒暑往來㝵召氣中和因課感傷侈沛朿隊方加減用時實效拯差𢖵初,Nom
nam-duoc-quoc-ngu-phu-manual.no.txt,盤古化𢧚神農唸別,Nom
nam-duoc-quoc-ngu-phu-manual.no.txt,義達固佐使君臣性察別溫涼寒熱傷民夭札先聖它劄底圖經𬐩道養生後學舍尋尼妙訣碎先師敬道先師𧆄南越助㝵南越意軫𣘃咘𤙭名浪牛奶𦹵𢵼馭號沃馬鞭矩菱浪王瓜土瓜石從根意萃羅𥒥㫧𬗂浪稻米糯米白龍皮實補朱邊,Nom
nam-duoc-quoc-ngu-phu-manual.no.txt,草三棱羅𣘃余渃山三賴羅矩地連烏扇射干僊人掌羅𣘃鬼扇萱草鹿葱宜男草羅矩𣘃萱竹茹𠞟精𣘃竹蓮房𦷫𦎛𣘃蓮白檀香意香白檀吻𥙩藍六供沉水香尼香沉水共感典諸天苦練藤羅路法棱𣘃𣖙㺔名羅象蔗,Nom
nam-duoc-quoc-ngu-phu-manual.no.txt,山寒根羅𣘃莐𡶀紇𨀒馭號沃車前,Nom
nam-duoc-quoc-ngu-phu-manual.no.txt,板藍根庾𦮲莐哿吳藍葉𦷫蘿莐顛山薑羅矩黄精𦀊㖼名浪截路剪草羅矩白藥𦟐戶號沃連錢南人參羅矩括悶紇救脂羅𣡚黄難,Nom
nam-duoc-quoc-ngu-phu-manual.no.txt,大荳卷夢荳哿披枯黄毛籠毛黄𤈪,Nom
nam-duoc-quoc-ngu-phu-manual.no.txt,地笋根𦮲曼載𣳮瀝青黛勃莐撑顛,Nom
nam-duoc-quoc-ngu-phu-manual.no.txt,花菊󰺛𫏾延壽客花菊黄明傅延年黄荊瀝咍助風痰炪𥙩渃荊瀝牡丹皮咍除結氣卜𥙩補牡丹朱咍,Nom
nam-duoc-quoc-ngu-phu-manual.no.txt,物𫏾𩈘調仍朿伶㝵𨕭代調𫧧𡎝壽𫏾軒𠀧根𦼔悶技固書堂𨍦茹蔑𪢿坦乘用濫藥圃准奔橦特遂所𢧚欺方便默油所固㐌乙体用休號別𩈘上工吏咍助渃助民囉𪮏妙手感恩柴傳不死方如德聖馬安生路,Nom
nam-duoc-quoc-ngu-phu-manual.no.txt,士𫢩戇子群希俸無逸和欺耒,Nom
quoc-am-thi-tap-nf.no.txt,谷城南𦫼蔑閒昆隊遁樣埃眷󰜏馭𤷍少几𧜖𬇚𪽝狹囘坤且𩵜茹涓趣󰱃礙挼𤝋朝官拯沛隱庒沛谷城南𦫼蔑閒商周件𪧘各諸堆舍另身閒課役耒檜俗茶常坡渃雪尋清中日羡茶梅𪀄呌花𦬑𣈜春凈香論碁殘席客催盃固蔑念庒女豸道濫昆免道濫碎老少諸𢧚節丈夫免羅倣樣道先儒片冊𣈜春𡎢枕勾󰡎功名刁苦辱𥪝曵悅固風流蘿梧桐課末秋是非󰅹典𡎝煙霞𩛷咹油固𦼞㙁渃養朱清池賞月坦𦓿午隘𪽏秧花工欺興動皮店雪𢷀包饒蓓匕淋󰞳𪮏襖旦叢林棱饒核葉花迡動塘𠃣𠊚𠫾𦹵急侵踈帶俗嫌勾帶俗主無心倚客無心竹椿軒永工欺意能某山僧𬈋伴吟𬈋𠊚拯固德共才𠫾擬調𪰛劔歇𠄩險旭󰘂權庒突吝清閑案冊矣刁帶坤別𢚸𠊚𬑵𨱽拯才兠称聀先生󱃨勤約操園諸子案冊核畑𠄩伴𪧘窻梅軒竹蔑𢚸清群忌為咍蔑𡨸丁緣󰅹刁等庫庒赦𠄩𡨸麻恾役國家才劣辣饒𢧚劔伴君親渚報𢚸更更情負𩚵𡗶襖吒襊踈䕯𨢇𬋩情控挂用覃歆𠇍琰塘蟳庵六辱船頭𣺽蠔質樞離㯲檜廊吟索尚䊷工課意㗂嘲𠰺泣滄浪吝木𬈋之朱辱唏瀉𢚸清味耨渃𡍋坦隘𪽏夢葸廉勤節竒須恒捻詩書實意寶𠦳𠁀景似厨纏𢚸似柴固身渚沛利名圍店清吸月迎󱋓𣈜永𫀅花把核核𦽔𣑳梗𪀄結祖𬇚光戊幼𩵜𢧚排𠃣饒瀟洒𢚸外世能蔑翁尼枼趣尼𦹵撑𨴦養底𢚸仁業𪧘詩書恒蔑職緣初香火象𠀧身顏淵渃貯瓢群月鞋花群𥾽琰青雲身閑油細油𨙝伴𪧘少庵畑免冊性涓庒劎竹共梅斜陽俸我課江樓晷東豸月印鈎𤌋沉水國涓滂鴈篆虛空󰊄偷船𫵈群棹庒肯杜𡗶班最約𧗱兠皮󰮏󰁰餘糁𫡦秋𦝄𦓿䏧耻相󰔄句礼樂閑制道孔周鉢鉗义如恩社稷閒𦫼𦹵隊󰆙唐虞𮈔毫庒固填恩主𠰺廊溋𠇍士儒泣輕𠀧󱞉阻吏平枌榆了鳥傷圭𪧘蔑丿清閑工課意千金約対特咍庄𣈜永𫀅制冊蔑案窻隂香羡𤌋初殘湄秋灑𠀧塘菊󰊄春迻蔑𪽏蘭隱奇路之城市女󰅹兠羅拯坦茹官突衝丙細盎干戈迪𦫼些養性些双曰恒例片冊𪧘歆遙𨇜𩛷鉢鉗义店清月現外軒竹𣈜永𪀄呌檜㯲花君子矣林卞志𪧘庒謳兀庒謳𫅷滄浪𠇍坎蔑船勾景邏店清興𪽝兠月木頭𡽫鯨唯㗂𤌋散𩈘渃蜃空樓江山淡特圖𠄩幅些乙𢚸朋文正女盃初庒𬋩刁歐庒朋掑󰘂哎孚匕𣈜閑󱰙卷䀡周易㐌別󰘂權饒險旭朱咍塘利極觥觚從尼谷特皮欣舌渚易平埃旦買都鬪㝵𠫾羅𥒥𤷱唐花咏勿竹論𬮌牕豸侵唏𪹷㗂猿呌󰠓隔𡽫湖清月現俸𡃋󰁏邑共些𬈋丐昆庒咍立立㐌𦊚󰁰人情埃塢菊夢󰁰𢚸󰅹尾某唏唏𣈜𣎃󰏲芌仍產恒墙桃午槾碍㫪升道些忌𪽝眞𡽫跬𢚸世信之𩈘渃平池𦹵特勾吟󰠶軒梅扲󱋓𠳨𦝄誓共猿鶴工𠄩意𧡊固埃嘆渚代𬟙吟𠮾山林免市朝󰅹兠羅庒坦唐堯𠊚貪富貴𠊚恒重些特清閒些舍腰奴僕乙群𠄩󰜙橘室家庒𬋩蔑昆𦫼勉羅瀟洒戈𣈜𣎃祿特包饒咹閉饒固夢自然吏固核事爫詠勿乙群迡始終某物調如主動靜󰅹埃庒𪽝柴喜怒剛柔雖㐌固義仁礼智馬朱亐咍文咍武𪰛用旦拯㐌坤𦖑窖苔董頂朝歆𢴑𪮏𬖉世界丿𪀄󱢐𡽫高𡽫𥰊𩄲熟核勁核󱟇󰊄咍渃𠇍𤾓秋群丕月包饒刼忍尼外蒸每准調通歇盃蔑𢚸𠊚極險台山水閑制分庫巾𬮌權險旭碍村真醝明月茶𠀧󱋓迪清風𦫼蔑閒午𬮌儒徐客典槞核德底昆咹特輸富貴油天命𢷆木𬈋之朱辱因唐椿課𢶢蔑𦓿事世包饒榅㐌亐杷丐竹烘分𤂬抉昆庵底貯𩄲池貪月現庒󱖮𩵜棱惜𪀄𧗱礙𤼵核油孛油仙埃几𠳨翁尼㐌固趣翁尼於渚泥咍𭓇古人另命朱塊盎風塵𪀄呌𩵜沫安隊分鈎夐𦓿閒養某身茹兀𬞚空錢母子疾饒𫊚別味君臣意群朗蕩𬈋之女舍惜命制盎水雲眞庒律旦󰘂王侯意歲󰅹世㐌泊頭料𬮌茹𫀅平館客󰝡功名対𥙩芹鈎身它歇累身𢧚珥孛意羅𢚸孛呵求𢝙蔑君親恩極󰪀𮈔毫渚報矣群歐庵夐燒香讀五經灵臺瀝蔑羕清茹群詩礼歐之兀𠁀乏文章枉某名頭焟隊𤷱巾杜甫𪮏群路𦷫菊淵明之羅𧵑消𣈜𣎃踈蔑𠄩篇𨢇蔑瓶想身虛幻浽平苞志𪧘功名愠𣳮膠院固花殘庒括坦渃群月現舍摧棹𢚸𠊚似𩈘埃匕恪事世平碁北匕嶤空歇計之𪮏智術抵隊欺我失欺腰耨𧗱圭𪧘閉饒春朗賞渚離䋥塵於世仍嫌戈某世固身𪰛舍谷蒸身園群椿竹當𠄼畝鈎約功名対蔑芹襪把鞋荄巾谷清腔𬈋某打村人塲文𦣰我𠇍秋餘枉損功閑辨魯魚群𠰘似瓶它㐱𡨺固𢚸平竹某𢧚虛燕自裊落茹王謝橛㐌侯収𢚸婕妤㐱舍雷麻守分吏脩身恪默詩書圭𪧘茹些少𧵑󰅹蒌工内𩵜工𬇚隔牕梅醒魂姑射掑渃琴迻㗂九臯客旦園群花落踈𢧚󰘂𧡊月𠓨景清羕意庒𧗱擬吝矧𬈋之盎槾桃案雪󰁰秋枉讀書矯群律律𡦂相如渃𡽫計泣圭何有事業閑誇賦子虛昆𬑉和撑頭易泊𦝄坤𭓩祿𢧚辝埃埃調㐌朋鈎歇渃庒群固史魚自𣈜趿會風雲補報渚兮鄧某分梗坤當權相府𬧾午特坦儒臣約皮把恩明主歇跬扶道聖人國富兵強庒固䂨朋碎󰅹所益蒸民黄泊茹庒固某分冷世𩚵𥼲特奴咹論課冬恒如𤇮律務夏矯答𧜖鵶兔似梭𫀅吝木󱃨𦓿羅趣仍村真忌𡗶群固悲饒女之歲庒嫌几庫巾笣𬈋棹竹𬈋茹特趣盃𣈜𣎃戈𩚵几不仁咹倚渚襖𠊚無義默庒𪰛塊朝官買咍恩主生特昆𪰛感德吒明課太平腰歇則奴𢚸自在𬋩之羅弄弄𡗶私㤕兠󰅹埃庒隊於𨕭頭双𬮌玉雲煙隔待𢚸丹日月偷𪀄典核高𪀄擬杜橛咍秋冷橛初收外𠄼󰁰歲外徵世乙㐌𡃋平渃於瓢昆棋快𨢇苔瓢隊渃𡽫制𬋩油踏盎𩄲掩布檜𡎢邊𤂬閣芹鈎江山𩈘𧡊𢧚涓熟名利𢚸󰅹約卓求王質情期些厭𠳨嫽配配𧡊仙兠棹蘭閑扒課斜陽蔑𤼵戈𠫾蔑邏樣岸怒󰖚沔釆石廊箕󱫤景瀟湘行𪀄俉欺船杜暈月󰁯課渃強模特趣牟工課意世間咍蔑客文章󱋓庒路祝󱶊羅浮客典吟制免固句𢚸蔑𡬷丹群汝主𩯀𠄩分泊𪽝傷秋庫卞買沛𠊚君子命亘𪰛𢧚几丈夫𦓿𬏑󱃨園油歇跬碎唐虞於坦唐虞渚忌𢀨麻押泥󱊻庒沛愠坤𦖑抅䂓世閉𦛌沃曲考𬈋之𢁑槐𠄩𡦂功名庒感谷蔑場恩𭜨仍歆希𬈋𠊚馬忌欺權󰟨固課盤碁卒𧻐車𬙞糁󰁰平蔑扒𪮏𠊚生於世某閑台蘭亭席合𩄲幻金谷園荒󱸿𦓿日月𤐝隊准現冬夏󰠵㐌初咍些群朗蕩𬈋之女象固𡗶排達為竹梅伴𪧘合饒涓𨴦槾墻桃眞礙旃制渃制𡽫刁癖𪧘戈𣈜戈𣎃養身閑𪰛嶤事变饒平𬨻茹兀官清冷女畑味世䔲荄共曼札乙饒它尾没𠄩畨固身𪰛谷可𬈋牢朗凭功虛歲索󰅹𠊚幻化誇身幻化課占包說事占包棱禅乙𧡊年覃䕃唐世󰅹尼庒𥰊高埃浪梅花清歇則吏庒特劄曲離騷蔑𦓿蔑󱃨趣茹圭盎菊蘭杄捤豆󰏲客典𪀄明花侈𬈭茶煎渃謹月刁𧗱伯夷㝵浪清羅趣顏子些𫀅兀意例係㗂𭁈冷𦖻𬋩㙮求埃𠸦免戾埃吱文尼吟体某村員滄海咍犒鉄石𤷱志𪧘些料饒事旭𠊚初史劄体埃群月穿呵易偷𢚸竹渃沚謳坤掣俸𡽫双曰吏算󰅹𧵑積,Nom
quoc-am-thi-tap-nf.no.txt,泊梅黄菊底朱昆旦場桃槾萼庒通圭𪧘於𬈋主菊椿愁󰪀少陵邊㐌泊興饒北海󱋓諸空梅庒𢯏傷梗玉竹日𡍋惜沼𧍰盃蔑𡬷𢚸憂愛𪧘店𣈜滾滾渃朝東景𪧘𡽫圭日祝夢占包𪟽㐌旦𥪝茶煎渃謹瓢印月,Nom
quoc-am-thi-tap-nf.no.txt,梅𬈭花刁俸隔牕󰊄日迻戈竹塢𩄲𣻆󱸶葉書房式𦣰擬艾群恾象𦲿諸埃括𬮌椿昆𦫼𫵈𫵈葉牢󰡰世庒朱𣷷某毫客邏典㟁花渚𬈭勾牟吟胣月強高仍恾吝橘園蘭菊乙𪿒令挣盎槾桃馭馭車車羅綺𡨧熠燿羅意占包係几𬈋官㐌固緣細雷默分自然身初香火庒群約志𪧘功名㐌丕願𥘷和廊意福𫅷特𫤍羅仙朱𧗱朱於調恩主路沛村真旦𬮌權檜核羅𥒥𥙩𬈋茹隣閣埃侯模旦些𡽫邏渃清濫鬪坦凡𡎝俗隔賒天台𦷫束緣及渭水招鈎歲𫅷骨冷魂清庒肯化謳群女主共吒金谷風流女底荒歆埋枉𠺥辱筭當𢀭󰋇刼貪婪閉𫪹包󱸻到底恾羅綺熠燿行𢄂合𬮌茹𥾽練祖螉藏篇踈案冊戈𣈜𣎃蔑刻扲𢧚󰋇两黄𬏑堆巴坎坦昆螉苔四唭𦓿矯慢夢事固求𠊚年礼𩈘分雖浪庫免安𢚸秋庵𬮌竹𩄲撫春凈唐花錦封埃固𧵑通防󱋉客蔑𬇚侫侫買茼茼茹兀平些埃几為庫巾沛累旦妻兒得𪰛親戚旃眞旦失所廊盈迎𩈘𠫾𦫼賤顏淵尋細杜唐穷阮籍哭𬈋之書牕永尾閑無事𦖻拯群𦖑㗂是非𢩣文㙮𬮌論𣈜秋畑󰀋閑𬈋双曰儒收特算之機漢楚𢧚庄仃礼件商周醝味道茶巴󱋓瀉𢚸煩踈𦊚勾庫免盃庒所責為蒸𠁀固主唐虞庵圭𧗱於養閑制安分安𢚸矯㗂唏些𬋩逍遙戈某世埃曾富貴󰋇𤾓𠁀身閑典准油自在春悶󰅹花拯𬈭浰忍𧡊愚公須舍𠳨𡽫自尼馬損功移𪿒於人間䋥塵𪰛𦣰村野免安身竹梅庒負𢚸君子猿鶴它涓伴逸民𦷫菊秧蘭香𣷷襖尋梅踏月雪侵巾弹琴𤂬工腮准群蔑𡽫撑羅故人𫅷制酉固𧵑奴用󱋓𨢇勾踈意興濃𪟳丁馨𦣰𬮌竹醝了少頂唐椿𬈋官他曵才庒𨇜𧗱於清閑限㐌烘浪又㝵浪鐘意石棟𪰛拱固㗂工又身閑道恰西東唐細󰁰秋塊倍紅󱔔縣花群眷客𣈙邊雪㐌𢧚翁停咍滄海隊𪰛变它別人間每事空拯乏江湖尼永尾景清路約景𡽫蓬富貴包饒𠊚世間麻匕朋課職槐安名𦹳蔑盎𩄲浽伴𪧘巴秋蘿殘𢚸賤𬧾油日月誓初虎固江山意群忌局𬈋之女裊骨渚濃󰥺渚筭站自然蔑草庵油𢚸𪠞北免𧗱南棖禪定𤞻𦣰直𣡚𪰛𭤕猿辱󰝡𡶀廊盈𪀄部伴𩄲客次月󰞿三漕溪𣳮𠦳尋𤂬瀝庒群蔑㤕凡𡽫富春高渃渭清𩄲涓月客無情坦天子養碎天子代太平𰙔曲太平𩚵襖坤田堯舜治𩯀𮈔渚報媄吒生𣈙明天下𠄩𧵑宰相䝨才主聖明庫巾𪰛默固忙包強庫包饒志買豪大地苔南岳跬九霄永北辰高󰟵欺覃䕃坡欺冷渚課枯槁固課𩆍箕裊蘇秦𣈜𨎠渚刁相印固埃嘲站自然蔑糁𦫼戈𣈜𣎃󰟵兠饒𫗄羡簾台箒括𪩮掑󰘂矯畑拞𩚵咹拯𬋩𦼞莓襖默奈之錦絩揨檜核𡎢烘沫𦫼囂些矣蔑𦫼囂平生染特疾踈狂昆𫲤饒𣈜𠺥庫楊羅綺𥙩兜庄䋥洒熊魚坤劎沛𩝎慵𬇚官且改𠄩𤿤𡗐坦孛秧如蔑𪽏𬟃群固蔑𢚸謳役渃店店式忍裊初鐘功名㐌特合𧗱閑冷𭁈謳之世議𠸦𬇚𣴓越䕯𦔙夢池清𤼵𦹯秧蓮庫收風月苔戈耨船阻煙霞󰠱尾杄盃固𠬠𢚸忠免孝𥕄庄鈌染庄顛另塵耨趣山林蘿椿弹㗂竹琴冊𪧘𣈜尋𠊚有道池清店眷月無心醝歇𡬷𢚸鴻鵠𠳨𬈋之事古今世事油埃咍纀𥾽蓮󰅹固变工淋強蔑𣈜強兀旦昌乙為數命乙文章𠊚嫌浪菊戈重九几矣朋葵向太陽茶課煎𪰛命謹渃琴欺弹遣妾燒香𡽫圭𣈜怒占包𧡊猿鶴庒恨吏仍傷𡽫荒幀尾蟄𠄩岸渃󰋇𣳔清玉󰋇寒念𪧘生靈刁乙󰠱詰徵湖海達諸安仍為聖主謳𠁀治可計身閑惜歲殘承旨埃浪𪰛庫兀襊踈貯歇每江山羊腸塘險曲孤規圭𢄂包饒客底車富貴󱏪霜𦰟𦹵功名改蜆梗槐風流𤷱痗𠀧唐菊𣈜𣎃消磨蔑鉢茶眞𧼋𦑃󱗟埃某分天工󰅹固所私𩂏𡽫渃共些㐌固緣特閑舍養性自然長庚𠳨月𪮏停󱋓坡老制秋客浽船𢚸庒默貪羅𧵑寶𠊚麻歇累意身仙𢃊堯舜民堯舜羕意些它丕所願少年場屋㗂虛𫹊沛累為名㐌虎台盎菊椿涓圍部伴𬮌權貴𪿒歛眞𪮏戈隊景劄勾隊景閑蔑𣈜𢧚卷蔑𣈜歲㐌𠄼󰁰頭㐌泊意群瓢練𥙩之為於世常嫌恪俗𤽗典低浪歇㗂吱唭計𣈜昆渃算潮落𠰌󰕛尚䊷斫𩵜鮮酒對扲󰝡踈蔑首些共俸免月𠀧𠊚𦖻常倣樣勾埃讀室人生𬙞糁󰁰𢀭庒及庫群平名利𢚸它乙仍仍徒竹衝戈𡔔𤂬尋梅燒踏俸𪩮江山八歹箕圭𪧘松菊扶持意𧵑恒蔑丿清閒工課意𠦳黄約対特咍庄瀟灑自然珥歇命奈包嵬奇盎功名無心池固𪩮泊得趣庫苔󰊄清𥘷油制昆造化𫅷路服束長生養閑免特戈𣈜𣎃𡽫渃群󰏲准有情𪹷爌踈匕俸竹𩂏核庵書室浪朋絁訴詳片冊昆周易盤泊𢚸閑丐橘茶隊課庫巾庒綴隘体尼抄確㐌眉泥𣈜閑󰊄寬寬旦撻撻掑牕職槐𮈔𩯀諸兮報所生𫅷和屡碎饒行蔠荄你唐名利蔓辣奴味世情冊蔑𠄩片𬈋部伴󱶊𠄼𠀧󱋓対功名外蒸分意求兠女求蔑𫮋瑰代太平昆𦫼𫵈𫵈隔紅塵詠勿𦊛務仍伴親竹蔣詡𢧚添節勁梅林逋抌特勾神丈夫𡽫永羅知己仙客源庵意故人𠇍𧵑腰當它占特吏蒙占哿歇和春路之仙孛辱尋芳特趣安閑𣈜𣎃長牕固花梅池固月案群片冊篆群香碎𤽗蔑節卞朋𥒥邊𩯀󰁰分𠺥仍霜𡨸斈𣈜初涓歇樣拯涓固蔑𡨸綱常富貴𢚸欣富貴名身和自在趣和清錢蓮積底包饒𥴗鐄菊󰝡朱別𠇍瓶外󰘂槾桃羅客杜工茹柑橘意碎命埃咍埃拯咍𪰛渚盃蔑些𠸦些有情𦼔閑無事意樓臺𦣰於拯曾屈擾埃雪淡茶梅勾易動池印俸月興添曵卷詩書仍忙涓𩈘㗂是非庒凍旦腮拯𧡊繁花工課怒𠃣饒改蜆梗槐𢚸𠊚蛮觸辱都唏拯谷人生改制梭日月迻戈某丿盎繁花合󰋇𤾓𠁀花強誇𡨧𡨧𪰛呂渃渚朱苔苔乙為買別盈虛它固數埃曾改特𢚸𡗶斫算渚枼裊平生旦課𫅷吏責命苦竹拯於𢚸客薄老梅舍𭓇湼𠊚清功名呂唐無事𡽫渃󰏲准有情󰅹𧵑檜盆工課意固踈苔𬞚𨢇苔瓶吟咍味道極烝唁𠦳刼𠱋咹揾矣群日月易戈邊󰺛綱常坤变𡬷𪿽埕鐄拯惜名𪰛惜羅𥒥咍𤷱義拯𤷱宁康康埃女負扶持罵可底村員鄰羅免景山溪事世𢧚忘歇每皮𣳢課潮強除月木核欺鵶吝綽𪀄𧗱𢀭默分𢢯𢚸約室安貧意古例乙悶典制城市女謳羅𡽫渃奴弹吱才雖庒午智庒高權旦工𪮏志買豪𠰘遣酒兵破壘麴命爫詩將頂𡊨騷琹樞歇馬碁樞象𪀄扒工棱亇扒𬇚群固英䧺包拿女隊𪰛丕易欣󰅹世仍唭些浪打踈曵和俸湼𪪏居驢尋岸𬡹如梅保船浽𣳔秋固月迻外𬮌明𠊚油丐󱮒,Nom
quoc-am-thi-tap-nf.no.txt,蔑卷羲經蔑篆香了眞𦣰園獨樂𥱱𦫼於坦南陽花庒用台排脂粉椿舍逋持夢橛樑馬責世間𢚸淡泊世間淡泊帝𢚸常𬕩踈踈𠄩㯲竹床㙮㙮蔑㘨香猿𪀄結伴渃𡽫夐琴冊共饒𣈜𣎃長鞋𦹵𤗽眞𠫾董頂襖逋涓𦛋運聲腔𦊚民業固高共㙮調歇爫碎聖上皇爫𠊚𪰛渚道中庸恳恳𡂰𠴗所𢚸歇敬歇辰皮進退馬貪馬曵湼英䧺𤞻威獴孟群𦣰櫃𫛕唿𪀄坤沛於篭󰠱𥙩凶興皮血氣灾𮥷拯沛吏從容道德䝨冷特每方自然奇悶󰕛推讓利貪歇𥙩饒𪰛竸義沛󰝡朱乙拯妨事世舍防欺特秩𢚸𠊚須断課明傷拯閑初劄𠅜傳保遣渚朱戈蔑道常駢道中庸拯課藏忙之富貴辱誇光冬𧗱節悶梅饒泊秋裊信傳菊固黄結伴罵涓𠊚固𫇰安茹女負𡞕糟糠渃淘汫𩚵𦓿𪽞汰汰羕朋月九江固𧵑恒朱吏固通積饒𡥵𡥙怒󱪬業劉季盛兠傳寶碑魏徵高呵挼宗嫌几醝蒸皮酒色和𠊚辰特腿吒翁群饒舍合算咹㕵糁𠃩󰁰𪰛萬事空仁義忠勤渚昔寧庫𪰛󱝠矯困咍亨代商聖別求伊尹茹漢埃疑特子卿欺雹買咍羅𦹵勁課𠨪𪰛別固碎冷箕埃核哿閑𫮋揨裊固功饒路沛爭福𧵑終𪰛禍𧵑終稔𪰛禍塊福𧗱共文章劄𥙩隊勾聖事業須辰沛道中除毒除貪除暴虐固仁固智固英䧺廛朱別尼羕意拯㙮𪰛高乙特用𥙩欺富貴荅飢寒運轉拯停事世閒裊塊小人君子辱油庒君子小人乱𧵑饒山野󰝡饒典庫於京城少几嘆恒𥙩道中爫義奇戈𣈜戈𣎃特安閑扱納爫之唉世間固𪰛咹默渚󱳮算冬嫌這冷沉綿甲夏戾戊灰結襖單𦣰固詔𧜖朱䕃押咹𪰛羹𩵜渚枯刊福油咍典𤾓歲命錯𪰛𢧚每𧵑散荣華饒体客󰝡招貧賤埃羅几重腰𧵑典渃賒𢧚貴價𠊚離圭𪧘𥙩爫漂挼昆買別𢚸吒媄𧡊乱𪰛咍𠁀舜堯福及垠󰅹意命爫之都辱損功饒陳陳罵忌仍些冷福禍情期侈渚停𠰘世悅欣蔠鏌悅𢚸𠊚觥女渃𡽫觥拯馭𡮈謳𢧚󰞯裊固蝼𪰛補羹於世閑咹庄固事𠦳𨷈遜讓渚都爭悶咹󰞯養𢧚核埃斈𪰛咍馬戾迡𬘂怛坤扲󰜏馭𭁈官高󰅹典羕𠊚𬏝治民初立𢚸朱正固渃常印月可籂固拯固才用拯典馬浪聖德固尼𧇊鳩蔑𢚸𣦍恪󰕛𤽗於蒸塵世𠇍畨唭福饒初𪽝尼些積春典自然每物鮮固𧵑逋逋恒直𧵑𭜨𠊚納納仍謳𠊚爫之砲覆𢚸饒閉󰭾人生𬙞糁󰁰𢀭𠊚合庫𠊚散𠄩意恒例事世閒仍几殷勤欺富貴和埃暴匐課艱難𦫼空昆丐恒情負,Nom
quoc-am-thi-tap-nf.no.txt,𤇮冷󰞿三丙𠳨嘆𢚸世泊顛油奴变些辰仁義渚乱单富貴𪰛饒几典旃𭓩隊世態性渚涓𩚵咹免固油义泊襖默謳之𬋩𪧘顛庫兀矣駢𢚸庫兀吱𠸦馬𪿒㗂吱𠸦𪽞饒圭祖𠄼𠀧所鑿井耕田自在閑才論功名合每皮曵𣦍𢧚少几㗂吱客賢󰅹𬋩涓共邏𩚵対奈之錦免溪安分𪧘庄朋分恪奇𢚸𠫾默乳𢚸𧗱𠊚唭曵庫些甘𠹾㐌矯淋𤴽免末例同胞骨肉󰒂強駢梗北梗南蔑檜𢧚田地渚貪欣補隘人倫馬𥙩󰡎爫𨕭󰖄𪮏油怛皮坤挼𧚢襖拯群謨易嗔於世忍饒𰿘事枼剛柔共別歇𠄩邊𪽝𢚸拯於𬮌權呵浪君臣拯沛緣双曰固饒民固庫𬮌茹強曠世強煩󰝡命𡽫渃閑戈歲結伴椿梅午丕願祝聖朱斉堯舜女特𧗱於趣田園咹祿茹官𠺥役官渚貪小利沛󰠡𮥷求䝨志𪧘蒙朱特不義𢚸󰅹馬女筭渚課風流坡課庫𥙩欺富貴㙮欺寒朱咍否泰買例𪧘裊固嶤𪰛固安固宗固族罵踈台萬葉千枝𪽝蔑核腰重𠊚仍羅𧵑改傷為親戚󰒂眞𪮏官高認󱸺門徒怒患𮥷扶持兄弟悲漂泊共饒群特𢭄罵𦖑󰕔佞固𢚸私生等中它福德台拯高拯㙮免戈𣈜於安𪰛汝𢚸衝突咹祿調恩几𦔙𦓿饒𧵑意庄戈𡦂義養𠊚朱矯辱眞𪮏𡗶㐌固庫無盡停底兒孫塊備為冷𠊚典𭁈𠊚揚腰麝為因味固香於兀𪰛欣饒几重戈珠連擁固埃忙𢚸𬈋冷対𢚸𬈋𭁈性於柔欣性於剛吟急審𪰛派吏急腰饒拯㐌道常常於瓢𪰛羕乙𢧚𧷺丒卒調𪰛立囷鄰近茹𢀭奴𩛷𥼲伴𤿤几𬈋沛𤴬𤵊制共𠀲曵𢧚排曵結貝㝵坤斈湼坤於等㙮𪰛𢧚等㙮顛𧵆墨堵𧵆𣗾𧵑󱋉𠊚羅𧵑群庫巾沛道𥹙強唁𧡊咹𧼌典𪰛奴胣助打兵饒乙沛𤵊渚𥙩害𠊚𬈋益己矣能積德底朱昆𪮏埃𪰛吏𬈋挼𠰘𬈋丙𫮋咹𣳮𡶀𡽫棱儒曠赧岸阴紇改情期特每金𣷭斈場文恒日摆唐名𤂬利險坤尋主欗裊塊散昆𤚇丸坦侯林末丐𪀄坎𬏑咹𣈜𣎃堵伴共片冊㗂弹琴埃責嫌核吏責命本初蔑檜托共梗梗枯急閉尼𢧚檜紇㐱披諸立底瓶炭焒𢙇蒸傷物𤒛◻燒㗂哭感神靈世間埃固𪰛谷罵女朱亏義弟兄干據愿朱別事由𫀅麻决断𥙩剛柔特輸據法爫䋲󰍕高㙮奈饒似旦都磊托舍筭尼委曲和休𪰛遣怒羞繆罪埃朱乃甘名分渚固親踈買丈夫𥪞造化固機牟咍杜咍停買矯謳渃碧𡽫撑船檜𣺽店清月泊客𨕭樓󱋓斟酒瀆𣈜𣈜𣴓碎抉疎閑准匕收堪下嚴光辝拯典桐江特赧蔑臺鈎蔑園花竹𦊚皮收另身閑特趣牟󰡎鑿𢧚𬇚𠃩曲𥪞餒特𩵜𠦳頭局吝棊㙮散𣈜演𤇮勝茶麄檜課謳𦊚𣷭忍群蒙𤒘炪油𧗱油於默些油𠦳琰𫀅𩄲汝圭拯除檜印強嗔𧗱蔑瓢風月閑自在𠄩字功名丙󰬷為引𤂬渃苔丐竹抉𦝄𬞚󰠱尚奚㐌外蒸世油欣舌拯𬋩埃𠸦拯𬋩吱渚㝵濁匕渚些清𥙩沛𪰛中道於經耒役買咍囷特趣塊權㐌矯累蒸名蔑瓢和別𢚸顏子糁陣坤台斫孔明双曰況群𡽫渃𪧘默油輸特固埃爭拯坤拯曵𨻫央央拯曵𠊚和吏拯傷𣷷柳買移船䢐月閣芸群渚筆刁香索吟泊汜梅工雪対㕵黄苔菊課霜聞達拯求安某分𠀧閒𦫼𦹵坦南陽眞𣼺𪿒𨀈琰𩄲撑閨𪧘尋𧗱景𪧘清香隔閣芸秋冷冷船掑𣺽雪月征征恩私羅意腰楊主磊錯為尼累摆名盃固蔑念忠孝𪧘拯𦣰式曵裊𠀧更每役停欣歇每謳田園另默些油索吟牕古梅𬏓點移午簾篭月蔑鈎󰡎功名饒錯奇𥪝隱逸固機牟道君親忍油埃磊虎撑撑於祿頭弄開𪿒越𣷭朝官雷細隊𪰛免分安𭔃𬮌店除香桂律括軒𣈜戾俸花散代用𠊚固才伊傅茹兀些卞道孔顏堪下賢初筭吝特吟勾名利不如閑,Nom
quoc-am-thi-tap-nf.no.txt,腰辱饒畨愠㐌曾𢚸𠊚事世体凌凌重𪰛𢧚午閑𪰛曵秩拯兮謳特拯明安樂蔑𦫼油迪太平󰁰䂨𪿒𤼸奴󰅹別特𢚸知己詠𡽫西月蔑彙世情窖𭓩愠朋鈎隊分麻安呵所求𣋑群蹺仙閣鳯𣈙㐌結伴沙鷗特𪰛𫀅盎功名易典理咍機造化牟堪下張良拯肯於尋仙底納印封侯路之城市路林泉特趣𪰛欣免分安俸不才𢧚劔伴𫅷無事意羅仙圖書𦊚壁茹爫𧵑風月𠄼湖客浽船窮達󱩿咍尼固命隊機造化默自然蔑案蔑冊蔑昆𦫼双曰包饒默閉饒𬕩菊秋黄乃落𡑝梅雪泊支調固昆買別恩吒󰠱停祿𪰛咍義主饒𡀀工閑󰅹所特苔牕花𦬑㗂𪀄呌𠇍畨吝𨀈琰青雲刁利𬈋之𨻫辱身汝主𢚸群丹蔑𡬷謳𪰛𩯀㐌泊󰁰分池清𩵜沫印彙月核凈𪀄𧗱葉俸春油沛油庄默世㙮腮丙󰪾事云云挼業先人讀蔑經拯疑𨀈細盎功名感恩女負𨷈代主沛累為因蔑𫳘丁武子𨎿雖召曵伯夷另某𢧚清初群劄勾經底安分𪰛庄辱典命𬈋𠊚別楣坤牢磊托埃為某㤕󰅹蔑𤼵客迡群体𠳨𠄩畨吝典乙庄嘲𬮌柴這然然冷𢚸伴𦝄域域高蘭蕙拯𦹳𪰛渚女之吏沛准醒蚤對吝㐌𠇍盎繁花油兀些盃道些󱪌𫀅梅咍雪典𫑹賞月戾秋戈巴身香火茹恩主蔑𬮌詩書唯業茹体𣷭朝官它𪿒越𥪝𣳔滂固風波仍仍事世丙堆爭油默吱𠸦默𭁈冷𧴤於吝尋𡽫謝傅嗔𧗱初檜印卢卿廊盈蔑盎𩄲泊客󰱃𠄩岸𡶀撑固課丙探伴𪧘𢚸踈𠦳琰月巴更耒烘沫課𣈜長槐綠屯屯伞葉張石榴軒群噴式堵紅蓮池㐌羡味香牢敲助亇廊漁父𠱆唯琴蟡樓夕陽礼固卢琴弹蔑㗂民𢀭堵泣隊方対庫𪰛爫役語𪮏渚爫事磊鬼神咍饒坤拯㐌皮坤實𤾓窖󰅹戈斫窖苔固𧵑朱𠊚𢧚曠𠰘拯貪於世矯珠眉不仁無𢼂茹豪富𧵑意󰅹埃曾特迡固麝自然味𠯪拜路羅等󰊄空𪮏餅冷𥪞蘿󰏲𠊚𧡊錢卒外邉和几咍墨托世間油固沛斤稱天下󰟵兠齊饒坤饒庫卢朱辱拯㐌坤𣦍窖苔几坤𪰛保几𬏝凡藝業扲𪮏於買甘𢧚署𢧚柴為固𭓇奴咹奴默摆咍爫蔑𩚵𠄩役饒𠊚悶𠄩庶𠀧𣳔和几貪体利𪰛爫朱沛󰒂馬私𩈘遣免𢚸󰝡雖浪𦊚𣷭共英三固几䝨冷固几凡饒說㐌停饒事磊𠃣咹𪰛吏𠃣𠊚爫奢華於曠𢧚庫爭𧡟爫恨摆貪箕倘奴唯󰅹固怛𠊚欣些舌買侯甘祿𡗶朱㐌固垠須咍所分渚群󱋔𢀭饒𧵑昆拯固𤯩欣𠊚命庫巾係几名𦹳咍特福𠇍𠊚𦟐覩沛饒吝𥐆𨱽特秩油天命豸恠爫之朱辱因役外鄉黨渚堆孤𧡊几英䧺矣忍朱𬘂怒固唯󰅹固怛核箕筭旦吏筭都渚都血氣𢧚恨爫秩𢚸𠊚仍󱳮係几爫坤𪰛沛庫拯朋無事哎孚孚田地茹些体苔造情仍約特娄𣈜春戈群保昆隊󱃨夏典它朱几恪𦓿谷吏所爫強損舌益之群悶辱眞𪮏𪽞娘羅主𠊚羅客道德冷意𧵑迡部伴共饒義渚忘𠊚箕富貴女涓𢚸󱢎黄庄渚句羲易輕薄忙吟踈谷風君子渃交謳仍辣䝨人𨢇󱋉路羅濃蔑畨伴典群覃審𠄩𩛷明饒蔑𩈘空劄歇包饒事世於埃埃它別特咍渚金銀意𧵑𠊚共悶酒色羅尼業呵除世事󰛐腰妾悶人情丐汝𫯳初拯醝庄󱸽羅君子𠊚險𢚸台矣舍𪟽拯虎身𫅷歲索虛庫巾曵悅某𪪏居筭共𠊚貝𪰛拯堵處蔑些尼乙固餘伴索易唯它沛召󰞿㛪責祿倚坤辝朋𧍰奴埃畨及末󰟨朱𢧚𩈘曵𬏝特秩唯尼事惜明道些通別歇凌凌嫩高白石󰅹代轉渃竒黃河𧯶課仍天下唯傳綾固𫵟世間保浪秃筭升辱因埃渚群嘆咀咹固停𪰛役固停底傳𰧀𠰘刼󰅹𤷱高㙮共𫀅事秩群傷𩵜托為鈎󱹂󰟴吟𧋆󰅹折鉢戊丸𫅷默𢼂𡗶坦酉埃戈𡞕昆君子聖賢𢚸似渃強𫅷強吟𧵑裴唁智戈󰁰買可浪𢧚倚𥙩儒侯等賢刀筆沛用才㐌院旨書乃劄役強專𧗱南買買囉𪮏𡱩殿北它它安分先業蕭何爫可及初𫢩共蔑史撐傳才德𪰛朱吏固仁才𪰛劔德蔑𠄩分蜍吒𥙩討爫法立主恒𣦍免勤讀冊𪰛通隊義冊󰝡民罵女秩𢚸民𧵑拯沛道爫之女𨷈刼󰅹兮累典身尼󱊻忍保客傍覌坤沛卢量曵特安怒几爭䧺𢧚漢將箕埃辝爵隱商山𫅷碎𨨧朱𢧚󱫣把㘨香𪤄我盤勸几丈夫生於世係唐不義渚乱单𧵑饒生拯特昆賢𣈜𣎃功虛直魯錢須舍寬寬𢚸世𠃣渚忙忌忌遣𢚸煩家財意𫀅閑暇道德尼可正專醝𨢇奴𩚵共䕃襖𨕭𠁀㐱意客羅仙庫巾富貴𭓇蘇秦免德欣才特某分誇節漏漏尼𭓇道於朝恳恳𡨸忠勤𡎝凡俗塊𢚸凡俗𭓇聖人專態聖人忠孝綱常𢚸覩自然論業巴身忠勤呵女豸斤称饒聖賢初刼㐌曾爵賞強𣈜強唯召恩陞蔑𨀈蔑畨明於臺閣𡨸𢚸包拯任相卿辰態魏徵啌𠳚太平代盛治業開創似業中興重陽𠇍𤼵客天涯及畨尼特杜茹𫄆㐌空錢坤卓𨢇園雖固菊渚󰝡花風霜㐌变邉詩客桑梓群傷跡故家𣈜恪咍兠群役恪節冷馬女底朱戈色羅賊󰠐𬈋之課重群防固課衰紂秩國家為妲己吳离天下𪽝西施敗散家窒代曾体損害精神事益之,Nom
quoc-am-thi-tap-nf.no.txt,夫婦道常拯特渚𫃸宗和沛蔑堆欺陣𬈋之損氣和󰅹曾有益辱命些裊都氣血涓仁義和失人心湼𬮌茹𠇍𤼵痷󰠐羕霹靂蔑干凌礼似風波旦欺夕買咹𡅧吏忍双𪰛萬事戈𠴍保鋪悲道丐昆𦖑歛𥙩路之𤵊奢華𪽮浪饒咍歇苛賤兠當𠃣矣群襖默免羅朱𦛋䕃𩚵咹拯路見味唁初㐌固勾傳保𬈋丙咍咹呂𡽫唐雪椿群這印㐌差燕玉吏朱認春迡柳体諸咍𩈘園謹花傳買律信梗固精神󱹀渚体性涓輕泊蝶拯辰洛陽客乙探󱚷辱舍罵朱埃𢮿旦边󰁰𠄩𣎃論󰁰𠄩歇則冬長朗埋黑帝玄冥㐌対印朔風白雪矣刁帶終畑直嵗荄昆𬑉炪竹驅儺䔲鲁𦖻拯体歷官須舍𠳨暗𫀅寅月小咍大筭自及節良晨少蔑𠄩麻奴𠃩旬刼少年𠫾傷旦歲沃陽和吏午停眞園花哭惜𬰢妃子池𦹵鮮仍𢚸小人扲𤒘制店尼客呐㗂鐘渚棟乙群春𬏓𣎃夏天俸󰪀曵秋冬冷了奇和𠄩東風自限信春旦覃䕃󰅹花拯卒鮮為埃朱丐杜鵑呌𪮏玉用孕紙丙絩吏固槐花羶俸綠式春蔑點惱𢚸饒冬它悶吏郎春春悶𪰛夏吏対吝筭計司務固月秋謳羅忍蔑𠄩分侯𢧚坤吏惜傾傾秋旦店戈感󰬷𢜠蔑㗂持兠󰝡檜月寬寬仍戾鵶散暈󱔔竹群誇節勁𣈙柳㐌𢷀𮈔𩞝樓紅固客扲春於琴玉𪮏埃𠱆唯添𠱆唯边𦖻㗂管弦𢚸春忍動乙坤辰春撑渚易𠄩畨吏𧡊景強添惜少年惜少年戈栗限冷花花月月𨻫無情边撑女負唭頭泊頭泊初尼固課撑矣几边撑渚負𠊚式春計特𠇍畨鮮為秋朱忍𢧚頭泊渚易埃它𠀧𬙞󰁰𠀧𬙞󰁰󰅹𨻫辱身特輸㐌別事云云渚唭䝨𫏾浪曵扲𤒘制店𪽝惜春惜春扲𤒘莾制店仍戾春戈歲索添極体外軒𮈔柳愈蔑畨柳愈蔑畨𩞝柳𩞝愈日迻香興卞樓踈客𪿒浪体景𢚸踈強問曰蔑畨惜景蔑畨傷傷景為因景有情況之𠊚邏景和清春𠀧𣎃𪰛秋𠀧𣎃花月敦用𠇍𤼵冷乱单暗𠳨客樓紅覃䕃𪰛傷几冷滝外意油群襖󰭺奇𢚸慢㙮𥙩唏共𠀧春𪰛特𠃩󰁰𣈜生物𢚸𡗶拯私𠯇保東風諧曷𠃣世情渚惜仍仍台樓撑自体客詩人為景𢚸𠊚惜景春買責青童信演旦罢徵係主東君兠兠共召令東君󰅹准󰅹庄󰊄春况吏園群花竹𪧘搥式卒邏󰁰分月工底渃月𨕭空𫀅乙𪩦蔑式共海若折𢧚梗桂子江妃占特職蟾宮秋高兔厭探𢚸𣷭域冷珠明脫𠰘𧍰悼怯天顏拯女羡𬧾船朗蕩於𨕭𣳔𡗶𪟽𩂁渃溟濛𠄩意共𫀅蔑式共香兔沉沁海若茹蛟豸俸蟾宮筆𤍌摩詰𪮏坤模勾窖玄暉意渚冬󱗟固𪀄𫹊共𩵜𧿆買咍箕渃怒虛空𡧲務冬磊式春南枝𦬑極清新𨕭核恪語魂姑射底渃𪟽羅𬰢太真強課𫅷強骨格蔑畨這蔑精神𠊚唭浪劔才梁棟所役調羹倍𠇍分花乃核𢧚課篤霜拯殘拯檜矣風光隔牕恪語魂姑射爌俸印𢧚𬰢壽陽店固𩄲󰅹眷月𣈜雖󰊄拯拜香洳恩雨露它奴歇冬対油冬矣蔑羕𠊚都顏色課春陽𢪀除秋拯邏羕花忍浪刁名隱逸式群通伴客文章性清󰅹哾皮螉𧊉節悶拯奈課雪霜油体春蘭共論特埃埃調固某味香晷東朱式麝朱香造化生成恪等常炪𢚸丹拯变俗駢節玉計之霜名𦹳上苑群畨及伴𪧘東籬乙可讓免特主仙腰重旦𣈜󰅹可意重陽秋旦𣘃󰅹拯邏𨓡蔑命辣課𠀧冬林泉埃浪𫅷爫客才棟樑高乙奇用棟樑才固𠇍朋眉茹奇隊畨𢶢跬台檜𣑶駢移拯動雪霜体㐌鄧饒𣈜雪霜体㐌鄧饒𣈜固𬟥長生強跬台琥珀茯苓認買別𪩧群底助民尼花柳朝春拱有情於眉為摆節眉清㐌曾固㗂工代女君子埃拯󰪾名名君子㗂饒𣈜保客知音買別咍况吏仍仍生变俗丈夫節勁恪𠊚台丈夫節勁恪𠊚台養愈𡗶固意為徐課化𧍰強邏女主春𡄎強初台春旦󰅹花拯卒鮮於眉為節瀝欣𠊚閣東乙㐌曾爫客呵仍逋仙結伴制仙逋結㐌閉秋迡吟𠮾羕朋覔重台吏固蔑梗外意𬯰俸踈󱽏渃動𠊚為俸踈󱽏渃動𠊚為󱽐迻香蔑月咍况吏榜春初占特𨎆三友拯朋眉蔑朶桃花窖卒鮮隔春𠽊𠽊体春唭東風乙固情咍女建羡味香易動𠊚動𠊚花窖𤇚精神𠃣摆為花𠃣摆春𠯇使𪀄撑停祝磊逋持㐌固氣洪鈞氣洪鈞矣舍才戈渚負春尼渚負花花固意𪰛春固意兠兠共蔑氣陽和氣陽和可固私埃能蔑花尼忍每類筭計㐱群𠀧𣎃女及春馬底𦟐桃派𦟐桃派歇摆春戈裊吏󰝡𪰛連𨻫花宴所瑤池它固限渚朱方朔旦鄰羅方朔鄰羅㐌許機𠀧畨𬈋特呵情期固埃厭𠳨仙王母信可信𪰛疑可疑蔑身和卒吏𢀨富貴謳拯劔海棠來朗𢚸踈吟渚堵外娘璇玉篆群香坦餘養特㯲黃精構方冷底養命埃浪繂柴拯𨇜𬟥咍園㐌固味長生核綠院院俸綠印春饒歲㐌計餘𠦳㝵㝵㐌固仙爫伴迻束仙來拯沛嗔自变唏春卒吏添苔蓬邏牟偷店情書蔑幅封群謹󰊄尼兠強𩦓𫀅󱽏渃花印蔑朶紅援洳拯变孛羅𢚸朝埋𦬑朝歆𬈭事邏朱咍絕色空院春覃䕃𪹷初唯襖細凶凶課默催咹渃箕埃特趣吝曾炪買咍味尋特林泉准養身蔑畨春細蔑畨春雖它渚固才梁棟俸奇如群葉旦民󰅹花拯变氣覃歆固𠇍保霜蘂買󰝡重九渚嫌秋㐌悶朱咍秋悶節強𦹳𡗶生物愠朋㝵裊特𦹳菟少卒鮮乙固咍隊所分拯腰𪰛渚女之唭枚𣗾变粉移移店月迻春蔑月咍󰋇几紅顏𪰛泊分紅顏箕渚忌命台淋洳拯变卒和清君子堪困特所名󰊄迻香店月凈貞爫𧵑固埃爭夢冷乃乃摆槐槞蔑𤼵春戈蔑𤼵𬖉固課𣈜夏張傘綠屯屯俸葉󰠮三公体俸甘棠汝召公坦餘移特伴共椿筆踈㐌劄香群变吟議󰅹埃拯動𢚸意拯西施𪰛太真𡗶朱卒邏󰁰分𣈜迡點㐌丰裙堵焒𦊛務蔑式春占特韶光𠃩󰁰移移花𦬑卒和鮮東風固意逋持女蔑𤼵春羅蔑動𠊚吟咍事世珥朋󱲧咹㕵拯奈俸𧗱公樓月㐌涓仙𠺙笛𡽫春曾伴客咹椿󰰍侵白雪󰁰分泊頂染丹砂𠃩轉紅𠦳埮𡗶油董頂堪唭󰢒鵡默蒸篭渃汜潮強檜摆苔𬈋竒正窖𢧚排弹沉䃅玉𤚧北拂唯旗𦰤󰊄西秋𤼵令嚴行杜急霜清榜日㗂呌迡◻◻◻◻◻◻◻紫塞唐嶤𢚸馬疑𬈋使𠫾探信息春嚟咍󰰍珥󰁰分内花𬱻𬱻圍隊𠳨󰓥柳寬寬呌呂吝蜀帝底城嘹𠺒蜂王㙮壘哭噒主春教習餘𠀧𣎃󰪾琴蟡買杜軍路蚊生罢買方西奉事如來𬈋法柴欣㹥特𫮋欺面𤇮惜𤞻拯保斫撩𣘃𪠞󰅹几禁𢩣絁謹咹待埃𬈋盤󱸾苔庫免𢀨庄女負因蒸恨𤝞沛挼眉𨱽含銳𪖫勁𬖅特養為蒸固所用磊和弹精北斗郎蔑點瑞遼東眞欺𩈘渃諸咍辣賤拯咍皮变化張𠄩昆𬑉吏𫀅𧍰傳信拯路辱青童檜𢚸春𬈋使通𠄼式批批𡓋鳳𨷑糁𢚸掩掩𡨸鴈封唯戈岸柳王𮈔泊拜羡𢚸花動䏾紅裊典信兠調歇固娘嵬埃女底𪮏空潭制𣷭學㐌饒春移旦𨕭案𦣰𢮿眞眉某歆遙𢚸墨客其埋𣈜𣎃𧵑詩人跬𦓿𪽞聖㐌饒坎特養高文無數分,Nom
thien-nam-ngu-luc.no.txt,命𨕭𦛋馭歆歆衝𠓨施索𢚸𫽄計包𢬣扲宝㦸夾饒𫥸𥓄收特埃固讓埃計𤾓𠓨簇動外𦊚方索兵󰟨𤁕坤当𡗶󰟯渚祚神󰟯渚𠳐索軍𢜝胣𤇮𤇊倒戈埃乃尋塘𧗱营哰饒廛𭁈四城保娘側貳每情朱咍兵蘇󰟨奴孟台娘𦋦塘𢴑𧗱𣈙喝门𪰹󰞿𦋦陣蔑干󰟨特時𧿬󰟨收時𨆢娘浪拉志扶𠁀渚之㐌移营累爫牢妾嗔共払助饒𨑮𤞺易侯收蔑𤞻𠱋払浪𥪝𭛣兵機准尼平地𡨸渚特苓喝门固󰟨用兵滝溇爫拠棱撑爫茹底󰞿油忍󰟨沙些𧗱㨿蒂底麻𡨸嵬更𠄩皮課永𠊛姉㛪徵側謹唏𦋦𧗱馭停查樂奴𦖑戈崇𢬭裊尋𧗱喝门更長吝木渃𡽫𬮦山𠦳琰鄕村𧗱茹遣𠊛子弟兵家立爫城累防和奴箕埃𪟽𡗶𦄵户施運渚達時功業渚𢧚𬮦防踈卒𪧚廛兵尚蘇定姅店典𧵆施索渚及𦋦軍奴𫃚𠀧吝馭󰖁典尼倍鐄󰘚渚及󰏤焠营𤈜歇折𠊛散萌語羣側弍冲营哰軍尋歇𦼔觥𦋦外固𠊛啂保曲挼娘它准塊賒吹坤尋吏𧗱𪽝買姅店蘇兵𧿨吏典沔舊营𢭯清蔑縣武寕諒江長度調驚延延保信𧗱典喝门傷𫯳娘側𢞂𫔬拯𦣰堆行珠淚潭潭㐌傷時惜吏忴麻𢤞詧尼質凭𡶀𡽫鐄派𫽄補𥒥𤷱拯涓傷為缘渚匪缘𮎦雄側阻婵娟呂廊𡞕𫯳󰑼義糟糠𩯀絲渚𡮍𦧘昌㐌願忍油𫔬刧敢捐𤯩爫節義𣨰𢧚福神姉㛪傳檄賒𧵆爫𤳇俟志為民助𠁀渃些𧯶少人才朱尚蘇定於嵬絲紅朱奴吝𤁕柏松𣑶旁𣑶檁渚𪡥咹埃應傳天下昆𤳇蔑旬兵計餘外𨑮𫔬共饒合𬮌喝门割𢬣𥙩𧖱𨖲𡊨誓饒时尼吏待時芇𤞻𫅷𫀢𡶀坤𠓨棱撑尊娘徵𪧚主盟雖身󰑼𡛔𡲤名𡥙神群𡗉故主𫇰臣几㤙襖襘𠊛咹𩚵承共饒󰝡吏業初𭛣雖固󰘉拉它産筐娘卞買𨀈𨖲𡊨𠳿蒸天地江山鬼神碎羅昆𡛔婦人時乱㤙眾立身助𠁀油尚蘇定易𤽗𫏾誇𩵜鑊𨍦㵢焒󰌎蔑嗔𣳮󱧔渃讐𠄩嗔󰝡吏業初户雄𠀧矯冤抑𢚸𫯳𦊚嗔援援所功令尼退扲黄鉞工𢬣𨅸和慰劳泣和𠁑𨕭埃埃敢恪𠳒願春雲浽陣秋𨖲㩒旗𠯻𠯻威𩙌𠺙迻封豕長蛇埃𧡊拯驚定自𦖑別風声𠽋唭昆𥘷𫃚觥祖𤞻𫯳奴初㐌謀爫令征朱沛洳鎌蚤𣈙群奴𤯩卒𧗱西語別自𣈙𧿨吏爫碎時蚤容恕養餒执之𡛔寡麻𢙇鎌󱨉行銅𦋦胣𢬥𨨨鲸鲸𦖑𢶢筭𬓲󰜡分駸麻拯𢩾婦人底𥹰讒所涓身凌乱𢪭茹底奴𡘯𨖲時梗連𤉗些筭朱倍孟暴奴󰑼𠇍𨑮𩄲浽𡧲𡗶陣𩙌𠺙𠖤哰軍奇闷共咍懺生粮食󱙼𣈜𥙒𠫾定𨀈𨖲馭蔑欺𡧲塘侈𧡊小児𰙔𠳒奇湄渃汜滝兑𦹵𨖲提穭𩵜𣈙泠汀定浪恬意卒苓男兵如𩙌女兵如䕯喝江𫃚歇󰝡招𫪹𢫝𬙞蛰鉦𢬥𠀧囬姉㛪徵側𦖑唏卞𨖲𦛋馭細尼敵共定卞𦋦𨅸軍中𧡊𠄩將𡛔㐌衝典𧵆容顔面貌芳菲𠸍潙阆宛恪之姮娥𠰘唭漢漢𦬑花䏧似𫧾𬷤𦟐似粉燕戰袍蜀錦𨤔印𨉞㧅帶玉蹎穿花鞋𨕭頭𢭲𩯀援枚花掑左右簪掑𫏾𨍦󰏤󰟯月𢚵東樓動𢚸王粲𧡊謳坤扲定𫀅𧡊𩈘約忱拉筭扒𤯩生扲𧗱营娘𠻵蘇定縱横脇民𥙩𧵑󰝡兵害𠊛𫯳伵𬮦係之𤽗無故女𢙇輔導官郎伵群惜󰒂糟糠丕麻伵沛劔方报詧眉油闷援全軀󰝡塘𧗱㨿渃吳茹眉若群捍御扵低拯苔䏾𩵜時醝胣鷂涓身性氣自驕渃芇失業爫嘹主茹定𢠣𠽖馭衝𦋦娘󰝂黄鉞兵和𥘶堆蔑𠇮蘇定𠹾𠄩衝南突北势󰏤𮎦䧺歆歆左突右衝𫥸蘇𥪞陣如𧍰捲𩄲軍吳秩𤽶𧼌𣦍定卞秩𤽶𠇮𣈙操𦋦󰝂兵𧗱拠营茹姉㛪徵側闭除󱁲蹺娘當杆陣故料摳尚蘇定如䕯𩙌迻炪散累隘营奇吳兵󰟨縱如棋秩車卞共娘夾干戈娘拁黄鉞𫥸披蔑囬󰟨平𤞻𩛜争㖼渚咹它歇芇埃立𥚆扲頭蘇定枷𨖲吳兵𥚆𧡊俸連倒戈󰟯㹯󰘉䋥𧼌披𠇮群於越魂它𧗱吳𡄎𠳒弹𥘷𰙔初𡗶湄渃汜兑𦉼方西上流特󰟨沚𣦍𦹵𨖲提穭𩵜𣈙托虚𡨸蘇草頭和魚應恬定托闭除𰛻汀徵兵𠓨典蘇营招安士卒𠴗𠼵官軍埃󰠲扵帝安身待除赦仕移真𧗱茹些時払𡨺渃些𠊛吳朱奴𧗱茹渃吳包饒士卒𣈜初沛蘇定脅闭除特安傳𦋦𨅸󰘂軒门埃願夫婦埃願吏圭油埃歇飭助時從軍𦋦志男児默𠇮𧵑蘇定積底𰈏分𢺹汰汰蔑萌拯兮㤙調𨕭𠁑頗非娘卞車駕𧿨𧗱喝门𫔬民自意𢶒𢤞裊滝塊𣷮塘𡽫塊蹽官軍奇𨳒共調尊娘爫主𫀅朝越邦尊號称󰑼徵王設官分聀所郎𭛣爫喪𫯳卞買祭󰝂或人固几𠳨娘浪悲理時傷索仰排亊畨太祖爲𠳒𢙇王渚之㐌𭉩刀鎗夷斉虎𩈘武王𢢆𢚸𤤰浪諸將𫽄通𡀮兵掛孝時𢚸𫽄𠸟自然氣銳𢧚頽愁麻㐌𧻭奴𥚆𦋦之丕卞粧點芳菲奴涓𠓨慾奴時𪡇囊朱𢧚兵奴雉長乘机些買鋪㕫𮎦䧺诸將埃乃服從𠸦𤤰料敵蘇公畨斉女牛𢧚等髙𢬣𡛔名豪傑禍𣈙固𠄩飭𦋦域渃助𠁀󰒂𫯳渚援民𡗶特㤙𪭱清培培烣残收𧗱汰汰江山版圖𧻭自庚子爫𤤰典壬寅計时皮𠀧𢆥城外餘𦒹𨑮𠄻收𧗱蔑䋦𢬣扲㖫㖫󰘉通裊𣷭塘棱冲空󰍄社外空𤞺城説亊蘇定敗兵𧿨𧗱𨍦𫏾排情漢光浪官刺史南邦𦉼󱫱蘇定沛傷補𠇮固𠄩昆𡛔曳兵折官称號達𠇮爫𤤰光武即恨𡗉󰟯勿之交趾𡮍方訥𧋆麻吏拯沛𡥵𤳇𡲤名昆𡛔称才丈夫卞差馬援闭除餘𨑮𫔬𥛭兵和𥙒郎娘𦖑東漢𤤰光信讒𢚸拯𡮍傷諸侯日程軍奇撟𠓨特收蔑陣体芇仕咍𨖲鞍黄鉞扲𢬣𠀧軍𡄐𡄐限𣈜進兵夾饒於𡎝蛮城風雲浽陣雷霆𦋦威𡴯𡗶𩄓䏾旌旗干戈論老城池戰鋒女男𦋦飭𮎦䧺平𤞻争𦧘平𧍰争珠徵王坤窖戈唹遣𠊛卞強㩒旗󰘂营請降𠄩𡨸炩炩馬援𫀅𧡊𨆢兵𦋦外徵王遣使典尼將軍固汝𡨸𢙇侯庒馬援卞買保浪因牢眉固㐫𡃳争強使浪兵固法常欺𫀅動靜買讓飭󰘵丕卞遣碎郎侯北南坡𡎝埃󰠲蒂爫定期貢税拠𢆥称臣朝貢𠓨爫碎吳援卞割界分朱蛮城立累帝𦉼司明銅柱㩒於蛮城漢徵𠄩渃引兵共𧗱埃𪟽造化典期仙魂吏汝仙位天家姉㛪染病畑霞姅店補坦𨇒𦋦𨖲𡗶冲外將佐𢢯𢢯惜功󰘉𠁀業享渚𥹰姉㛪共渚𫃸𨍦保饒立庙呂󰘵奉蜍節髙󱙼女𦝄秋冲茹渃𤀓瀝如𦎛𥓄㤙𨕭上帝察𤐝爲𫯳把義爲𠁀𦋦功渃南係洒文宮王預公同行雨行雲󱠢髙第一福神𠁀𠁀皿食民民扶持揲因固客𠫾𧗱戈祠感景𢧚踈笔排婺山遺種出紅顔勇畧兼資绝卋间半點銀粧豪客聚一揮金盾定兵殘三岐江口千戈洗百越封彊一旦還功蓋當時人报祀𮎦靈澤及滿江山易吹𢚸客往来讀踈𢧚感吟𠿯隊欺自𤤰晏駕戈時主麻拯固埃爲昆踈仕弹散犠巴為蚌亏飭𧉻𪂲亏飭𪂲𠁀卞吏𧡊蜘蛛𫔬民吏沛泥塗囷台再附漢太守拯才司牧𦋦𫢩漢差朱蔽吏𣈙󰭽郎達朱都𧦈边方𠄩𨑮糁載民強㤕車區令𠊛渃南些平生習用干戈蔑𠇮卞𠓨象郡𧻭兵算爫亊奇功名扵𠁀𢬣空扒教語制才䝨飭要固味之󰠲仍官刺史漢朝呂󰘵郎任達调南那𫏾時太守賈光虎符兵馬𡨸床𫔬民祝良鎮坦九真𠴗民𥙩德吹民󰜡𢚸張喬郎扵城竜皮方德教民共特㤙周顒委靡民囒鑊迎烏滸𢚸𢤞擛西浪蚤於坦渃尼亊之如几咹眉劫𥸷卞哰天下昆𤳇𢶢共太守計外𠀧𢆥朱雋𦖑買別信󰝡兵细𡨸台權周顒許燄𧡊債𮎦雄𩸲牢敢𧿆戈簦𢚁𠇮吒昆卞買服情降書蔑幅侯呈軍门朱雋信拯𡮍恨爵權扔𭛣吒昆𡨸廛𣈙低𣈕妬相連几貪時固几賢時空都饒𦋦飭𮎦䧺民如蒲𧋉呌空典𡗶芇埃󰑼固𡨸𫀢吒生時𠃣吒餒𬀦󰬥对吝計別包饒细旬三國漢朝分争固𠊛蒼󰏲郡城𠸜𦉼士爕𢧚名𭓇路店𣈜練習詩書聖賢義理計餘𫔬𠦳詞章蓋世埃畨孝廉科意試連杜鮮尚書聀重欣𠊛因公亊沛秩𡾵𧗱茹爫民𦓿𦔙村家𢬣拯塊册特𠀧𢆥𡗶𢆥𨍦𠓨科茂材榜𧡊𠸜排士爕名髙朝封爫龍编侯爫官刺史任交州𣈙󰘉𦬆政教店𣈜態奸時補態𣦍時爫治民戒襲几貪官清曉氏民凡特咍吏時𥵚敏朱咍奉公守法渚私𡮍𢚸𡛔𤳇篤道孝忠𦋦外礼󰒂𠓨冲儉勤𠸕𠻀中國賒𧵆𡛔𭛣藻蘋𤳇𭛣耕農罵兮雉乃𨻫功夏春𦓿𦔙秋冬斈行昆㛪時敬吒𮎦父子至情兄弟至親自意中國士人沛時乱落及旬飢荒詩書業補雉長聖賢磊道文章失傳𡽫撑渃碧𦖑信襊書秩󰘂𩄲𪵚𪨣𡗶𣋚𪰹斈習錐𥓄百家諸史󱙼𤐝漏漏民间埃乃保饒象𡗶生聖体埃𦋦時旬尼乙拯󱳮之䋦𦀚㐌訴律例㐌分仝年季税固垠官軍𤑟法兵民𤑟塘调和制度纪綱󰘉洃教化𤑟𤉜人倫婸民民吏𫫵民埃底尼𧵆麻逴尼賒官軍麻吏柴些府君尊位号𦉼士王渃𢧚文憲之那德教𫽄讓竇氏河西治位𦊚𨑮𢆥遲北南和好東西太平渃些自意简兵買通󰒂埋買苓文章𤯩𥹰糁𨒒𢆥長典機造化埃󰟯日㝹士王自達𠇮𤴬𠼕文武𠓨傳太子徽碎𤽗傷惜塢𠲖發喪移柩迻𠫾三河碎𤽗󰒂𭓇𣈜初拱𠊛功業𠓨𦋦朝侯店𣈜慘切𢚸愁保󰘵立庙底𨍦奉蜍嚴平北斗󱙼拁畨殿亞聖𠁔祠文王士徽業奇𠓨𠳐𢬣𣟮飭要坤挷鑊𡗶和添委靡不才碎𡳶歇𠊛碎買空埃皮皮仍几𡨸嵬𥘷踈俸𤵺少𠊛󱳮筭飭󰠲挭特江山𢚁庒士五羣肝𮎦雄徽𫽄𦖑斫五用兵拯𬮦防𭛣拯預󱳮课意三國東吳卞差呂岱闭除󰭽郎戎韜秘計埃當外󰟯決勝𥪝󰟯神謀拉𠁀𢧚等𮎦豪北𢶢户曹西𢶢户刘𦊚𨑮𢆥𫏾闭𥹰士王𢬣𢭯吳侯𪡇囊闭除士徽纪纲碎主奴󰟯仍𠀲愚痴些筭拮󰜡及時矯中國奴吏皮争󰘵裊麻𣘃奇󰜡𥹰鋾時辱飭𫥸敺美鐐岱兵旦𡎝南州士徽纳㗂𧼌敺塘𨱽泣和士女𡛔𤳇𧗱吳呂岱𡨸𡾵竜城𠰺民咹扵䝨苓官𢀨辅導歇情腰饒税期旦仕郎收𠀧𢆥蔑貢呂饒𠫾𧗱埃麻睥睨調之法兵𥪞意乙時拯他呂岱兵𧿨𧗱吳民依法𠰺𩯀絲拯兮九真固蔑女児吝矧戈期歲外𠄩𨑮𫯳昆渚固特尼高冲糁𢭑𢌌外𨑮𡬷威󰀩面貌端莊𠫾󰟯𤎒铁銅󰟯𩆐󰠓𩈘如暈月買𨖲𬑉󱙼如畑𦟐似𬞕檑乳𨱽𠀧𢭑雷傕𡎥枕典𦢶𩠴𢷀典蹎飭掛浽鑊𠦳斤拯潺馬援欣分李詧㐫𡃳孟暴㐱稽𥘷時詩賦󰞯時干戈𥛗𫀅冲渃南些拯几芇𦉼固志丈夫仍才仕𠉜𠫾修南無𥛉孛𠫾朱塊𠇮默吳𦋦飭縱横仍吏焒城爫困𩵜𬇚徵王初𠊛爫牢󰜡頭蘇定恪芇探囊些嫌分𡛔呂廊󰂇𤳇奴拱爫𤤰渃尼𫫵咦子弟店𣈜招兵買馬計𣈙𨑮𫔬清華拠汝嚴屯󰜡滝爫險󰜡𡽫爫城吳侯自𠻵風声浪边南國女兵㖂乱固蔑昆𡛔红颜𦋦才豪傑𢘮筭𥙩𠁀包󰘵輔導爫碎共𠳒尊立共𠳒拮兵卞差陸胤進程渃𡽫𠦳琰󰝡兵敵共娘哰本國𮎦䧺埃𦋦𢬣𢭯擛衝賊尼朱民特𢭄𣈕𣈜乙絲月老車𦀊赤绳信娘自𧡊呐䏻闭除天下埃庒敵共保󰘵都志立功拉󰝡䋥𩵜底拱󰜡𪀄𠁑旗衆別󰋇𠦳拁𢬣扲𥒥拮𨖲戈頭催卞皿誓共饒尊娘爫主底𨍦治𠁀娘折𠄩乳𨖲㺔陣𦋦埃几敢𫀢󰠲󰑼𢬣扲黄鉞金戈𠇮默襖甲光华㖂󰟯歆歆神武埃當𩙌迻威馭𩆐󰠓㗂𠊛陸胤秩𤽶兵𨆢娘衝㺔趂托鲜𡧲塘邓徇吏進兵郎步秩裊塘水秩𣳔滝船船馭馭都𨀐㗂𨨨㗂𫪹󰠓滝㖂同𩙌迻旗論曲𧍰拁銅天㦸張弓月頭細󰠲𡽫渃乾䕯陶𣘃𫒬𣑶扲𢴿船都娘卞𢶢打𢆥餘坦秦立累滝吳㩒韩共軍甘苦󱳮筭這霜油𤋵𬮦山突料邓徇󰟨㐌班危󰜩生爫將收驕弹󰜏於種運𧚟𠓨𦋦𩈘芇吏𧡊𠊛些𠫾塘卞共謀士筭当悲除遣使呐唐婚姻𪮙𠊛善射無分誘奴典𧵆斈楊一郎闭除弓矢𢏑郎理󰅹麻拯破荒竜城󱙼𣈜桑顙平明徇差使者排情趙娘官碎固𠳚𠳒郎勉威德娘立鄧業初蔑茹秦晉缘扵渃南共飭𢶢吳害之胡塗娘渚意𦖑跪台使者卞跪吏勸娘㐌計等婵娟𮎦䧺埃𠁔兵權埃当孤陰麻拯固陽春𧗱草木空唐𦬑花連城老地𥙷𫅷徇娽埃几𦓿麻爫之拯平筭朱及時𫏾安家室𨍦𬀦罷兵北南停亊戰争民特安苓茹特𢪀宜娘𦖑使呐淹𦖻𡲤身寡婦󱳮𨑮拱虚姅唭姅呐幽唹限𪰹𦋦𣌋闭除仕咍語𦉼奴實𢚸排𢪀機造化窖𣈙吹𢧚𣈜𨍦卞買陣前娘蒙信𡳶俸涓𬮦防典𧵆徇買呐共𠊛吳奴𢏑筅弓沛娘軍連失次乱行干䋥䋎𦀚亇散𦊚边埃埃𧼌拯固𥚆鄧徇淂志爫煩交州脇民𧵑積苔庫吳興折󰜡闭除𡨸台自吳刧渃忍𫢩晋差霍弋連𣈙𤽗融楊稷卢纪郎共連𤽗師翊連工陶璜嫌󰘵埃拯固情几争功𫏾𠊛争分初󰅹埃兑典命𤤰沙󰠲蔭帝免朱益𠇮導官李祚𦋦兵戾欺禍𩙌󰝡𠇮郎吳奏排晋主缘由卞差陶侃阮敷堆𠊛祚𧗱渚及典尼沛陶绥迍折鮮𡧲塘祝敷歇飭𪧚床爫權總督边方順和固𠊛林邑圭賒占城坦𫯲外和𣷭南𦋦范胡達謀爫起兵𡨸󰜡渃南每城共陶總督相争晋兵失势南兵󱁲𨱽戈墓士王𢪀宜奴卞汝吏事𠊛𠸦初㤙饒群底交州惜渚別𩈘𢚸油朱安遣𠊛軍士摆𨖲𩈘𪖬萬全顔色如初𤍌台顕現闭除吹󰄼陣𩙌𩄲迻垠塘林兵𧡊亊𨔍󰟯嘆浪仙主氣剛㖂𠁀朱鳶初固蔑𠊛𠸜󰑼杜援固才󰝡兵圭茹扵縣武寕郎爫碎晋朝廷㐌咍𠇍亊刺史奏排𭛣爫苛虐民𠹽如姜眾碎捥𨆝𣟮𨉞強加耻辱𡮍庒傷為󰜡爫𢀨重權時旗埃乃拂亊之傷埃民芇󰑼拯民𡗶民芇羅拯爫碎朝廷眾碎蛮昧愚氓陛下准情憂愛㤕車朱𢧚𡥵拯固吒廊盆吝𤁕𠊛些𨃌扜𤤰𦖑援呐如𠱋𠸦浪夷狄埃𨋤堵𠳒係󰑼聖人用𠊛補𥐆󰜡𨱽女負之󰠲𡲤吏外𡎝南州塘賒𠦳琰渃溇𡽫𨱽補時上國不才朱郎苦辱碎𤽗𠫾𧗱坦賒𤞩𤞦蛮夷常時治綏常時併吞烝欺征戰纷紜埃易𢚸𭉆禽獸意為杜援奴㐌𠓨低封爫太守𡨸尼圭茹貢胡𢆥計拠𠀧討𣦍浽㗂实𠺮𢧚名胡達奴拯服情女遣民苓吏沛干戈噷唏㹥𢚁主茹󱁲𤞻奴語实󰑼特台埃𪟽托拯固咍援抛昆博連𠖤秩魂係󰑼倍𢠣歇坤包饒軍𤞩援扽蔑唏称臣稽首爫碎𢭯空林邑𡎝外𣷭賒渃南域域𬮦河民民無亊茹茹平安援𫅷慧度台權昆綏吒傳固法如印援群坤窖提杄智𢧚智將謀𢧚謀神卞遣𡥵𦉼弘文底茹爫質称神晋都度𦋦𢬣抉晋州安如焒盛跬如石盘𦊚方域域凭安沉空㗂鴈隘残𤐡狼𫔬民𢝙業農桑趣默𡨸床飭默𢪀宜固𠊛侵兵𡎝外永嘉太守𦉼𤽗盧循無故俸犯边鄰兼收侯國併吞𡎝𠊛󰅹咍禍福𪽝𡗶貪欣沛舌貪𨱽沛蝼循拱彗度争饒待機乘󰟨計侯𣎃餘彗度連曰蔑書𠳚弘文別渃茹固兵弘文𫀅別每情𥛉辞聖主領兵救茹典白藤江闭除盧循兵敗文和夾軍文兵買羅蔑吝𫥸特盧循傳首永嘉𥪝城𡥵𥘷弹󰜏軒门哏𦹵嗔他屠城弘文卞買會兵永嘉蔑郡饒生萬全凱还𧗱坦竜编杜公𬲢歲𠇮連饒生弘文領󰜡印兵𡥙翁蔑󰘂顕榮𠀧𠁀𡨸權假𬡹假碎窒兵󰟯意窒𡾵󰟯尼冬𧗱春吏对台文𫅷昆𡥙𤵺𬏝別之固尚揚邁林夷昆眉胡達初箕占城求封晋國謹名意奴拉情劫户杜𫢩蕭懿柴伵別咍迍塘折󰜡劫𣈙敕封兵𠓨𡨸󰜡昇竜固季叔献㛪從長仁𢠣尚阮寺𧻭軍為󰞿托󰜡晋人把詧語𦉼安渃安茹埃𢪀阮讒奴和折冤𤽗房法乘吟𭉆𧻭兵本國破残宋人仗登共扵西真台房𡨸󰜡南民萬全𠻆台梁國侵边差尚李凱爫煩民些默𠇮昂育𠓨𦋦凱𧗱蕭懿兵和吏郎季䧺属貝󰘉𫼳餘参百載属塘北人乱南別󰋇𨑮吝民如荳餅扑寅麻咹蒙包除鄧安身計自晋宋梁陳分𢺹末旬𡗶㐌歇衰盛󰘉旦期南帝興王前李南帝紀祖初𠊛於北方𠁀西漢乱移郎南城立圭扵府太平奔半養𠇮𢝙業爫咹辰𢚸積德修仁孛𡗶㐌別鬼神㐌咍擼生昆𡥙𦋦𣈙󰞿㛪時𡗋𦑃𩻟時𡗉和添興盛富饒埃當時運埃𡗉及為㐌𢧚盛𧵑盛𠊛蔑化𦋦𨑮𨑮化𦋦𤾓典𫢩計󰋇𠁀𠇮生𦋦李賁奇坤欣𠊛方言呐蔑咍𨑮固才堯舜固才高光𮎦䧺神武埃當𥪞奇户行外𡗉几推雖渚固聀權之双皮筐法恪之王侯𧡊𠁀𡁞𠳗争饒埃󰠲禁𢄂埃󰠲垠唐𧵑𡗉纳叛招亡蔑𡗶𩄲合𦊚方𮎦䧺仍才踤𡶀𧿆滝索共孫武飭共班超謀冲𬀦𢚁并韶咾通計任欣𡗉琰賒敵時服蛮范脩陣破入𬑉城屠𧿨𢬣合󰘵典太平尼𧡊尚蕭懿奴𣈙驕貪脅威慘酷渃南𠰘誇浪沛胣爫債昂𡗶𢤞坦𢢂拯傷蔑𠇮𦢄脿𦊚方𤷍𤷱李南柴伵吒昆兵家子弟𠀧𫔬敵共欺欣𡗶拱执功破尚蕭懿拯通蔑除北南𪭱󱧔平詞移兵聖駕定都竜城外塵沙漠𪭱清甌鐄跬達宮撑凭鐄𫔬𠁀治唯金湯改元天德渃浪萬春占城𤞩𤞦夷人拯𠳐声教拮軍爫乱兵侵廣化乂安都唏𤞻𩛜󱁲弹𤞼昆孟之尚𤞩斈坤范修兵典󱁲𧿬破散𤤰差太尉服蛮𠊛圭丹鳳固奸𮎦䧺平生志氣桑蓬扵圭古派昆𣳔生𦋦𨋤𠁀蔑拯𠄩𠀧相如拯屈廉頗拯辰𡗄咍韜畧机權倍𤾓白起执𠦳孫吳扱𠁀南帝󰘉圖功名斐志丈夫甘情𠳐𦋦鎮特占城亞夫傳令柳营嚴屯威𦋦振動乾坤𤞩𤞽吝裊碎昆蔑茹凭平蹎鑊𥹰賒𫔬𠁀治跬渃茹千秋占城自意敢呼垃嚧拠累哺哺𡨸𠇮隘𬮦絶𠍵沁鯨鴈沉拯合𤞺城拯光課意霸先渃梁蔑𢚸兼併𦊚方𧗱茹牒使初強威加󰝡兵侵𡎝埃󰑼敢當屯屯似蜆𢹣塘東自求𣷭西行頭𡽫𪭱空蔑𡮨拯群𧵑茹户李碎昆茹陳𤤰卞遣將󰝡軍併韶𦋦飭𢶢共霸先差趙光服𡨸殿恪󰅹河内扔權寇恂安根本買𦋦軍運用粮食專勤𣋚𪰹𤤰共文武冲外親征兵馬细尼徹胡𡨸饒別󰋇𣎃餘并韶固飭𢫘如長城𢚸𡗶意祚梁兵挼霸先㕸底𰈏𫃸梁戎韜密計埃當決机料敵平󰟯神明奴𫀅𫏾𨍦地形𧡊𤤰南帝㨂兵水頭奴唭𤞦𤞩別󰠲陣圖拯斈戎韜別之冲爫踈率拯期斫些決水埃時別机哰軍𥕄󱃨懺奴除潮渃𬉆沚溩𠓨𫢩𪱴椥爫𣙷渚迡分兵𠄩隊東西朱勤令傳𨍦𫏾官軍奇兵係典除申𨷑旗爫碎誘敵𧼌𦋦底朱奴󱁲𠄩𠀧琰塘除典除酉北郎水兵趂典𢫟昂坡胡𠀧軍依計待除奇兵卞進呌和南軍夾󰘵皮頭除申梁兵爫格呂真𧼌󱱊南兵語特󱁲耒𬮦防爫易拯𫀢宮𠇮𢧚啉沛斫梁兵𨕭𡽫𦖑㗂甕城奇󰠓時皮酉末𨀈郎𤆹𥋲𡥵𬑉拯詳𨆢真𦖑𠀧㗂甕呌𡂰步兵阻吏水兵橋𠓨𤒘柊店創平𬁖筅似湄霪銃似粓𤐝李兵失势𧼌𨱽𠊚沙𫴋渃屍㵢如䕯霸先兵奴󱁲蹺𠊚呌󱋽󱋽渃嘹音音店𣅙𡗶坦最沁𠀧𨦩軍𫃚蔑尋渃溇李南范將保饒干尼㐌拯爫牢塊𠇮𦊚皮𧡊仍梁兵主碎𨷑陣料𠇮突衝𠓨屈僚洞拯防并韶呂吏敵共霸先蒸欺冲陣砲筅為𤤰𦋦飭㐌捐所𠇮助难包碍死生干𤞻𫄓䋥干鯨操包梁兵𦊚𩈘都𠓨韶台𠇮薄別包血紅𠹚𡗶𠳿坦咍𢚸扲鎌自刎𥪞𨦩軍梁霸先特势埃當󱁲蹺南帝悉塘屈獠李南𧡊事㐌危料拯塊芇刎𠇮冲𧯄陳假兵󰒂爫塘封陵准意所郎𧗱茹服蛮鎮守𡎝賒𦖑信南帝沛收徹胡𤤰共將軍范修𠓨屈獠托虚𨖲𡗶蔑𠇮音倚曲挼𤤰升賊𧻭𢭄埃低󰑼占城雖奴於賒亊冲渃乱奴和㐌咍凭昆奴動典低奴初㘨耨奴𣈙外衝丐嵬丐乙坤蒙服蛮固志𮎦䧺爫之𡨸浪狐托虎威碎拯固主恪之螉残𩛜冲𣎃買𧡊粮渃賒帆拯塘長真𤴬冲尼油固亊󰅹信𦋦蔑𣎃信𠓨𠀧𨑮𪮙旬外望堆𨑮𦝄𣅘店永最𡗶埃咍奴它外歇营尼服蛮不意坤咍麻除奴卞󰝡火箭𦋦屹𡗶焒𤎜𤈜和营奇𠀧軍失󰟨𠀧為坤除粮食坤除援兵朝廷坤別𭁈苓服蛮失󰟨料𠇮衝𦋦𡲤添󱳮渃󱳮茹乱落埃󰑼𦋦飭扶𤤰占人特󰟨長驅將軍料托蹺𤤰陽臺家人傷惜𢢯𢢯𧿨𧗱󰝡柩細外馬津𧗱圭古所封墳𮎦灵特享福神南州鳳城野客吟踈吊𢚸仁󰒂糁勾劄排平生志氣古来無佐李南時一節輸遠鎮蕭𬮦胡響息長留亊業日光猶荆州羽恨銘肝胆雎郡巡常鑿骨膚致主𮎦䧺心未满生来願想滅占徒𢢯𢢯功業惜台及時双拱𦋦𢬣执扶南帝自收徹胡京城失守门徒破散趙越王趙光𧗱據東安扶𤤰天宝隠岸野能霸先𧡊渃㐌平兵𧗱梁國乃蒸楊孱扲軍扵坦南蛮𠸕爫王朱政安民情罵分暴虐蒼生罪累典𠇮女拯責埃拯𪟽楊孱貪才為民涓態𢧚𠁀斉梁將李群蔑趙光拠沉夜澤焚香告𡗶庙群童子移移仙容公主昆𠁀䧺王及𢧚夫婦糟糠固楼邀月固塲賞花楼臺变化髙賒沈城夜澤庙𦉼褚公𮎦灵报應無穷扶人𧦈物去㐫除邪盛衰別亊𠊛些埃信祈祷現𦋦𫼢𢬗趙光典帝𡄩𠳒恩神执飭朱碎擛乱自𫢩天下特安功神𫀅凭泰山𠦳𠁀姅店侈𧡊蔑𠊛騎𧍰󰦕󰦕𨕭𡗶𫴋𫢩浪些恩天地𣈙為蒸𪽝蔑涅𣦍𢚸恒朱𢧚造化飛昇盛衰別数废興別時𧡊𤤰𢚸篤祷祈𢚸傷百姓𢚸為大王丕麻降赴𡊨塲𢯰朱蔑𤢇𧍰鐄扲𢬣𠸕浪𡨸󰜡𧵑尼底爫宝貝𪰹𣈜𦋦𠁀当欺征戰排排󰠲牢拱𩯀油𡗶拱驚俸連变化藏形趙光拜謝神灵𦋦𧗱㤙神夜澤傷為𠸕𠻀戰陣扶持蒼生催卞將士起程為民𦋦飭󰝡兵擛乱檄傳泣歇民间將軍户李埃群吏𦋦合󰘵平葛平河兵轉圭茹典縣慈廉州君臣累拉連楊孱自奴𦖑信敵共趙光㖂志𮎦䧺頭隊𤢇𧍰𡧲陣衝𦋦工𢬣扲丐金戈指𡗶𡗶绝指邪邪散𠀧魂𬙞𤽶楊孱𠊛群渃越魂还边吳𠀧軍𭉆亊徹胡󰋇尚𪘵𤽸折和󱧔空同同屍捕秩同𠀲孤如𧍉𠀲衝如𪂲包饒器械尚吳質髙疊疊摄收萬萬󰘩塵𦊚𣷭撫安車書蔑䋦江山萬全闭除諸將各員共饒公論𠁑𨕭浪丕自兵梁乱典𫢩民愁征戰𠊛𣈙渃嫩別包昌涅䏧󰍹㐌料𫔬托買群蔑生福台𡗶绝梁兵為官首將𢚸誠󱳮筭󰝡兵𧗱於東安㐌求竜鳳吏安竜城辱因別󰋇功程朱安梁賊朱清渃茹理時尊立皇家双离户李拯和群埃包呵𣈜𣈙永󱠢趙公功業拉𠁀㐌當可尊𨖲御座鐄𡨸𫀢天下所郎朝廷填公打内打城底几恪争時拱補虚亊拯特渚闭除趙公即位扵州君臣催連攽爵攽㤙𨕭官斐志𠁑民安𢚸号称󰑼趙越王渃跬兵強賊歇民安初𤤰生特蔑昆杲娘󰑼号容顔埃皮丰姿𩈘𪖫芳菲可𨋤神女可皮姮娥呐亊文宝𮎦𤤰及乱補茹𬨠扵野能餒軍習馭於棱闭除兵革蒙蒸業茹坦保別買琰賒,Nom
thien-nam-ngu-luc.no.txt,眾噲号𦉼李桃郎王中興初立󰘉𦬆俸祝姅唐文宝魂𫅫郎王渚𫃸𭉆台群茹昆注闭迡蹺𠫾𠸜󰑼𫢋子初箕眾卞尊立台位桃郎重修業𡳶所郎昆琛𧗱保趙王即位𫢋子𢚸嫌掣之埃苔㘨乃闷之朱埃語𦉼為渃為𠁀拯𪟽假㗂謾唏戒𠇮誓𢚸柴伵𦋦兵水步順行𧗱典烏鳶趙王自𦖑𧡊信備用礼物兵𨖲逴𢜠浪初先帝臨崩賊梁特󰟨㐫興𧻭乱娘𡗶𪭱󱧔賊殘察尋户李庒群蔑埃眾保押遣𨖲𡾵𡨸位沛暫𨖲𡎥爫𤤰矯麻几恪捏𢺀如䊷固笠易和矯𦀊悲除𤤰㐌𧗱低󰒂昆𡥙𣈙之敢堆𢮩共饒誓説順和李趙蔑茹咹扵如初𡎝坡自君臣州西朱户李東朱趙皇張吽張喝堆払丈夫節󰒂氣剛𦉼𢚸初𫢩䋎綏亊常𠊛讓𠰘𫡦埃讓爫𤤰󰜡𦎛楚鄧麻拁赦楚楚吏殄誅鄧侯蔑貪蔑惜斉饒裊㐌𢯰頭埃几呵𡳪趙王浪虎固𡗶係󰑼天子拯𠳒戲言蔑󰑼朱渃特安初箕堯舜傳賢爫牢順和堆户腰饒之調益己之謀害𠊛吽喝谋拯𦖑𠳒補官𧗱於蒸外扶蘭態圭爫趣清𫔮芹鈞㐌拮石盘拯𫀅堆边將士拯嫌合𠊛爫𠎪制店爫排後李南帝紀𫢋子買称號𫢩𦉼後李帝𡨺台業茹趙固昆𡛔平花趙王腰唒𠸜𦉼杲娘昆李𠸜󰑼八郎坤窖午昂心術智謀李朝㐌󰜡爫腰所󰅹拯別𠳒󰅹拯通因欺朝永從容八郎因買排情後南趙𢚁固𤢇𧍰󰝡傷𤤰先帝假爫唐仁埃𦖑和順拱安祝意㤙奴捻分朱些為國時不顧家𮎦䧺固兌亊茹爫之特時筭朱及時𠅜朱拯󰜡吏時責埃謀爫󰜡𠊛𠴗𠊛些畨仲始迻𠳒求婚𤢇𧍰对特埃筭蔑𪰹󰝡吏江山李朝後南浪合意蚤遣𠊛媒姉尋𠓨趙邦呐排昆李南王八郎求配杲娘結願趙王浪意亊𢧚𡥙昆𤤰𫏾敢涓㤙誼免󰑼𢧚道夫妻官家本篤蔑皮浪𢧚張吽張喝𦖑信柢棱卞吏典殿垠𤤰𦎛群仲始壻初󰋇𨑮秋俸悲除㐌涓唐賢仍計拯賢裊爫親切時𢧚怨讐趙王浪拯通󱳮戾之些蔑固機𡨸防啫㤙𠄩𡥚歇𢚸󰜡𣦍保朕朕共𡨸㤙喝吽𧡊拯𦖑干趣初𧿨吏扶蘭養𠇮越保李使每情𢚸㐌決丕丁寕实時𭉑期懺所迻朱昆𤤰吏󰜡昆𤤰蔑茹初蔑和𫢩𠄩和越王傕𪟽李王歇𢙇払郎自意𣌋𣅘㐌𩛂李阁吏𧗱越楼八郎志午所牟咏腰娘杲咍󰠲謀排弋㨢如鉢渃菭󰜡尼㤙󰒂对尼𤢇𧍰𡛔坤𢲛胣𮎦䧺當干式寸呐共杲娘𫢩它𢧚󰒂糟糠𤢇𧍰吒付朱娘𡨸𡾵𮎦渚曾𧡊宝𡗶咏娘此󰜡𮎦𫀢体󰅹娘𦖑拯固𬋩包𡞕𫯳侯易𢚸󰅹女𠱋咏吒𠓨󰜡滥𦋦八郎𫀅𧡊爫如𤢇𧍰𢬭𠓨援援謹封杲娘不意語𫯳实台收𢬣吏拮𠓨𣈙八郎𢬭特𢜠台𨑮分𧗱卞保吒拮軍蔑城户趙𠀧吝𫃚兵趙王𨖲𨅸𨕭城保李南帝背盟𠱋󰑼願初𠄩渃順和昆㐌蔑茹吒噲双親女󰅹爫亊不仁𡗶坦牢証鬼神牢𦖑李南浪主不󰒂王家拯立孤𢵴蔑𠇮呐傕卞𠽖進兵趙越𢚁𠇮拁𤢇𧍰𦋦威拯群轉如初窒𠇮𧼌旦大鴉海外塘穷歇渃必唏魂𤍌車駕制外俸撑民傷立蔑𦼔𦱊奉蜍香𤐡底名𫔬𠁀後南𨖲御正𡾵冲固蔑𠊛呐亊𠄩張亊機󰀢諫趙皇拯𦖑𧗱扵蒸𤞽扶蘭典𣈜皇子求婚󰀢𦖑󰀢吏𦋦干趙皇㐌𢧚節𥒥肝鐄願初噅典甘𢚸大夫後南遣使典茹𠄩𠊛虎渃𢢆𤤰刎𠇮後南感景傷情󰋇𠊛節󰒂󰋇名忠臣𨖲𡾵渚特󰋇吝𰦫願眾𧡊鬼神甚明渚包隨吏拮兵押下姥城攻破烏鳶店𣈜征戰相連將士辱煩民亊󱳮敺後南失󰟨𢚸愁補殿𧼌典海頭小鴉𦊚皮𧡊仍干戈隨兵𠽖󱁲如摳弹𧋆八郎卞乃𡨸𡾵简遁𦋦外求救援兵拯𪟽隨㐌破城八郎󰟨迫刎𠇮冲宮補虚功对𤢇𧍰汫滝仲始調共𠫾制埃公朱凭道𡗶負𠊛眾闭𧡊鮮眼前隨兵燒㷝𦊚边後李窒卞坤別𢚁埃𡧲塘𠑕𩈘𠳿𡗶𢧚碎牢女負碎𢧚𢚸𥋷𧡊趙王如空負饒𣈙吏典共饒𠱋後南咍对𠳒初沈𠇮准意矯󱳮生扲業李自意絶沁坤懞𦬑𣟃坤啉木䒹民傷立蔑小臺𣦍祠趙越共𡎥𬖉󰘵𰦫願虎𩈘底󰠲隨兵自意爫愁民些𢚸民下姥㤕車𠊛傷户李𠸜󰑼八郎𰦫願朱沛呂廊封墳立庙矯傷矯煩𦼔𦱊𨳒𨳒𠀧𤗹边塘堤路群傳𤐡香責台隨將刘方包仃𦋦胣虎狼害𠊛篭牢拯計固埃群𢚸㹯猿女𢙇𦹵花導官固蔑丘和本𣳔礼󰒂業茹詩書戾欺𪂲𧉻争都𧯄溇卞隠待除聖人芳群於買治民首陽𡽫乙固分咹蒌㐌料陳蔡孔丘弹讀冉牟默油趣𢝙君臣業固於𠁀芝蘭本於蒸尼𧯄穷𦹳庒默𩙌咍𢚸鋪鋪沛累蝶螉弹和道𡗶𤍌闭台󰑼失包時吏𦬑𦋦蓬蓬台隨𡗶󰘉唐宗戡乱󰜡武治用󰜡文傷民经乱𡗉吝待侯󰜡礼宗人󰜡𢚸芳拯群主埃容虎民拯服坤蒙𧗱塘太宗撫治萬邦遺文威德和郎称臣唐皇安慰󰜡民固名髙士固分𣦍𢚸封和󰑼谭國公推㤙南郡尽忠北朝和因歲索㐌𡗉朱尚承祐制𨅹𢱖埋𢚁坤𢚁孟埃斉󰜡𠇮坤󱎣𫼲𢬣𢩵𫅷和浪蚤道翁吒和浪蚤道翁吒歲索班𫅷嘲昆𡥙𠱋󰋇𨑮歇飭堆姑底朱丐𧉻昆𪂲奴争南民吏𧡊吳兵店𣈜塔对争衡相連渃些固楊自光本初圭於󰀢廊嶺南𫺶尚承祐奸貪𦋦兵𡨸󰜡渃南萬全啉𠻗宝位㕸𨖲尚正平吏爫煩渃些𤏦𪺇󰜏割𦋦威𤞺扒塢𬷤𤞻󱁲弹羝𭛣官添󰑚皮皮几意渚𧗱几恪吏郎𣈜𨍦都𧦈趙昌交州经畧南方巡行𢌌𦋦德政寬平立名黄伯底城頴川船戈典郡慈廉永康𣷷意姅店杜洳更𣅘徬彿𥊚𥊚占包𧡊將𠸜󰑼仲翁大夫恪彩𮎦䧺歡輝㐌過從容興乘娘昆梞竹󱡼區𡎥𫀅左傳春秋蔑𠇮共昌盘泊亊兵噲迹長城𠳨迹銅人永康一入潭经夢血食南天壯帝圖滿任昌𧿨𧗱唐民思德政感傷𢢯𢢯張舟元嘉吏差㐌𤽗張约吏𤽗王戊李鄂𠊛坦交州𧻭兵吏拠計侯𨑮𢆥唐差李寬郎忱折𤽗李鄂𰦫啉拯𣦍秦恭楚棹伵柴保饒合習店𣈜破吳仍啉𦋦志復詧埃𪟽張约决機敵共秦楚坤拠待双拔岸𡌠渃默𢚸奴𫀢咸陽秦𨯹𠦳斤像銅昌卞懺所礼用信𢚸敬信𮎦䧺𠁀初代民立蔑庙祠工茹故宅奉蜍𤌋香𮎦灵正氣洋洋天南血食群方𧦈持敬供唯抵爫碑天官卞劄蔑诗𢧚行浽名富貴及旬𢀨腰碎嗔𢏑沛丐鷂筅應如調𪀄𢪊𦑃沙鄕鄰󰠲妬弹和𨍦奴乙󰑼𢧚𥵾棟樑歲皮𠄩糁𨀈郎科應𠁀唐𡧲课懿宗郎腰爵重𤤰封爫官御史扵工庙堂落鷂御史自浪為󱎣渚曾㗑謝鷂沙郎爫都𧦈渃些󰀢咍相地称𦉼髙王初𠳐詔旨𨀈郎典沔嘉定桂陽寅夜仍官後李𣈜初昆㛪合𢮿特𪽡𠦳軍合爫節󰒂忠臣小児拜將婦人𮎦雄𢮿軍扽裊敵共駢卞㨂防嘉定𢪀宜姅店侈𧡊蔑𠊛姓髙名魯爫碎蜀皇生時及安陽王筭󱳮起󰒂𨷑芒基圖仰𢧚業奇䂓模𢀨𢀭特享風流論𠁀蜀𦖑几𨳒󰕔𠳒拯傷苦辱女𢙇功令折冤忠󰒂極刑汝古螺城別课󰅹嵬㤙𨕭上帝察𤐝敕朱爫主𡨸𫀢方尼悲除明公典低願嗔执飭蔑之除殘駢卞𠳨𤑟亊緣𠀲貉侯󰕔原𫏾爫牢魯卞呐歇𫏾𫏻自𨃴典頭暴白呈戈安陽意󰑼精𬷤𠀲貉侯𦉼精猿白𫢩魯󰑼精白竜𣈙買咍小輩害𣈙丈夫朱𢧚魯沛托誣駢卞盛𧻭吟踈丕浪美矣交州地悠悠萬里夾古賢今得見终不負灵臺吟傕駢沛浪丕𫏾如𠳒願𨍦𣈙把㤙𣈜𨍦駢買𦋦軍嘉定烟塵𢭯󱧔如烣把㤙卞立庙蜍傳民敬祭春秋節頭越南𦊚𣷭𫡦州駢收𧗱蔑漏漏版章制巡典林邑鄕𠁑滝𥒥木𨕭塘𡶀垠拯通水步爫咹半奔船阻𧗱󱢨唐穷卞遣本國石工𧵆󰠲破帝󰘉滝󰘉棱󰘉通名裊凌凌仍丸𥒥𢀲垃棱垃滝駢卞斎戒蔑𢚸告文天地𠳿工鬼神天地助順神功扶持金鑿海派用济蒼生苟不徇利何难之兹告傕浽陣風雲󰫑𤍶𩈘渃𩆐󰠓頭岸󰋇丸󰑼𥒥打散𣳔𣳔塘渃滇滇裊棱湄傕𩆐朗𩙌仃天下共𢜠特裊往来𠊛油奔半虐吹默埃掛步默埃𨔾船自意民特於安㤙官都𧦈𫔬𠦳𡶀𡽫駢卞𢌌政奇㤙除特民𭉆除特民冤耒𫀅相地山川金牛跡𬞰於岸湖西坤尋別𨁪󰠲𫢩𣹕𣈙時隠𣴓𣈙時𤊬󰟯如玉浽󱋓潙駢卞拮筆诗排蔑篇我往安南数百州西湖惟有一金牛離龍隱隱居乾位巽水滔滔入良流鴈鳶夜夜提鉦皷魚鱉時時拜冕旈留待後人綏得福千孫百子八千秋𪮙爫遣藁底傳洳名渃越㐌𢧚等牟民爫巨灸保饒尊駢爫主𡨸敺竜城典金蘭虮頭𡹞六尼改死还生拯穷脉從傘嶺降竜𦒹𧍰噴玉𠀧滝渃朝駢𫅷於𡎝南州𠊛茹卞葬扵頭金蘭𡧲𣳔浽𥒥滇滇客船戈帝俸連慘傷跡傳𨁪𡳶髙王感景𢚸常踈吊蔑篇權隆都𧦈相高儒空自然傳一墓孤遺澤流㤙存在越神魂逝魄已歸吳得傳相地生徕貴休説真竜死復蘇江上可怜空墓號往来不見寂如無吟傕客買移船錦𫀅如亊自然於𠁀穴尼肉眼坤󰏤吏昆𡥙𥘷托㵢情期説典亊渃南些駢自課𫅷吏𧡊刀鎗𠊛唐吏𦋦𠊛唐豺狼吏態豺狼𦋦𢚸自𣈜楚客奸妄奴󰑼精𧋻𣷷東入𠓨媄爫藝半𧎷鰲店永𩙌𠓨𧡊丐𧋻撑󱱊皮𠀧托炩炩𦄄󰜡歇𠇮蔑氣陰陽自然轉動心腸𢙇胎𠃩𣎃鳩芒蔑𠇮满月㐌典𣎃生特蔑男子聪明欣𠊛冲𠁀才㐌𢧚才𮎦䧺氣力倍𨑮世间唐皇腰唒千般朱爫太守治安南城朱咍浪𤼐蛇精奴常毒害生灵無萬渃些固枚叔鵉𦉼𠊛圭扵乂安闭迡茹𧵆𣷭冶苦咍媄爫行㙁店𣈜養身課群歲𥘷堆旬苦巾寡部朱陳少堆咍󰠲亊世扵𡗶店𣅘耨㙁𡎥𫀢蔑𠇮仍丸渤底木撑俸牢󱙼女金星𨕭𡗶蒸欺𡕷𡎝拯埃娘因坎菍仍𡎥簫囂虚空丸渤鄰𠓨身𨍦𪮻沛恪㝹榷沉自然沛氣陽陰渃𦝄自意埃扲拯𦋦󰟯如胎孕仍𦉼𫯳时拯固生𦉼昆埃媄吒𠯽𠻵𣌋𪰹媄卞買呐亊𡎥欺店媄吒自意拯嫌俸牢渤渃化𢧚精尼昆油生𦝉𪰹𣦍亊胎𦋦意乙𫢩拯䝨𣎃𣈜󰦕󰦕平筅旬皮𨑮計娘卞生𦋦特蔑昆󰜩平花户枚餒󰜡𠸜𦉼叔鵉󰞯𨖲智午才頑固𢚸功業固肝𮎦雄𧡊𠁀敲𠳗戰蜂𣦍䝨時歇暴㐫時群刧𠊛𧵑質平𡽫民似枯𧷺油默裊鄰蒸欺𡏧𡏧红塵天子宰相坤分別埃㐌咍机運扵𡗶双离功業固𠊛買𢧚𢪀󰅹除渃待船拯𨖲些拱撟𨖲典𡹡闭𥹰拯𧡊圣明埃咍𡗶㐌底𰈏待些檄傳乂安清󰡛兵家子弟特𬏓𦊚𫔬𨷑旗𦋦󰘂軒门𦊚𣷭𦖑吨蔑𡗶連𢧚楚客自𠻵𧡊信水傳船𡨸步傳兵𫀢傳牢更皷罕灰蔑丈蔑𠊛蔑琰蔑营叔鵉𣈜意𦋦兵音音順𩙌青青迻帆𦖑信楚客即肝哯𪘵唤𠰘衝乾典尼扲鎌加蔑𫥸𥓄昂育坤移衝突𠓨𦋦叔鵉𢬣扲金戈楚客秩𤽶𧼌茶林山叔鵉󱁲旦𨕭𡽫󰟨如𬷤答𬷤昆恪󰅹買咍浪𥵾蛇蛟𧡊㙁擦𠓨固𥙷特󰠲叔鵉卞𫥸󰜡頭囬兵𧿨吏驩州𡨸廛泣和輔佐𠁑𨕭𢜠浪功業院𢧚自𣈙願称尊號欺𫢩𦉼枚皇帝𣈜𣈙殿升渃些法意群𠳐𧡊𧋻噲浪枚㙁奴疝𫔬𠁀𠦳刧拯󰍹係󰑼𧋻㙁恨群𥹰唏包迡兵渚𢪀宜固尚思勗昆󰜩當時昆𠊛𡮤易湿痴尋皮橘占呐時争咮飭平韩信课初󱁲拯特𬷤離珥如筅固韜畧固经權亊兵時奴㐌𢧚頑危奴󰑼精󱃗初箕特唏㙁女奴時咮𥺽叔鵉易尙𥘷昆埃𪟽陸遜智欣雲長軽防拯固𡨸床沙机收陣𡧲塘輔功𫯲𤞽𦋦飭𮎦䧺吏沛正平刧󰜡連𢬣𢪀自思勗旦𣈙󱣆𫽡本國珠𠹽𢚸𠊛貪婪拯計固埃𫀅𠊛平𦹵𫀅𡗶凭𡍙唐林生固𮎦䧺闭除蔑道軍䧺磊欣尚阮正平藍山於𦋦仍涅多端害𠊛卞保㛪𦉼馮該𮎦䧺些拱志𤳇桑蓬拱󰑼昆吒𡥙翁麻𠀲正平奴󰑼𠊛吳郎低奴欣眾些孟奴包󰑼立買渃南忴𭉆浽亊提甘於𧵆牢俸𠫾爫碎賒𫴼𧡊𮎦䧺茹些𫴼拱頭𬷤󰞯拱𡳪𬌥朱䋲昆𥘷易饒𤵺体泊頭坤体𤽸𪘵忍奴奴強㐫興𫽄𢧚𢬭確朱尚恪咹卞郎福禄𧻭軍正平不意坤咍和辰馮興噠斫保㛪黄忠初破侯淵拱丕桑顙皮班󱙼𣈜𮎦㛪𨕭馭衝𣈙𠓨營𦊚皮兵馬𫃚觥正平秩𤽶蔑𠇮𧼌𦋦馮該扲𫥸鎌坡正平沛囷馭沙边塘招安称号馮王該爫都统所郎𡎝坡𡏧塵滂𣼽平詞󱧔如鱠𣳮光如㙴茹民𢜠唱太平𰙔店語仍𦉼𣈜吏創𨖲𢜠台渃冶民安𮎦聖㛪賢𦊚𣷭爫碎𮎦㛪󱳮泣𥪝外固肝伊尹固才周公約啉彭祖喬松󰅹咍天運騎龍𨖲仙昆󰑼馮安𫃸權尊吒号布媄卞丐𫢩庙尊正位重台称謚𨖲𣈙布丐大王典𫢩態俗朝方噲吒󰑼布態常𢧚碑自户䧺課𧡊衰安王踈𤵺乱離𧻭乾𠃣𠊛𡗉𭛣坤筭固庒蔑杜𮎦韩𦋦𢬣蒸欺撅涅茹𢵴蔑𣘃坤𢶢吏斉如初分爭割拠𡎝坡坦些𣅘𣌋吏吳冲外呂吝𫽄固欺𠿯㐌𤽗曾袞吏𤽗通廷從師李卓󰝡兵打散陣𩙌打争盎𩄲𫔬民吏沛困台𨍦尚刘隱奴𣈙細尼誇光智午欣𠊛𠁀宋朱冕𢧚𤳇𮎦䧺兵郎扵𡧲城隆福台奴吏固𢚸仇民冲𫀅奴拱假仁謨名贖󰒂蔑旬飭莊几初勾𠸠群浪媄讒昆𤴪麻噌昆𠇮埃埃󰑼拯𢜝驚課󰅹朱𧡊太平於安曲氏紀固几圭於塗山荆门𬙞縣吒昆𮎦䧺𠸜󰑼曲灝茹𣳔導官圭扵江東闭迡𡗉𧵑強𡗋𦑃𩻟埃𢫝𫽄轉埃𢯦𫽄移及時兵革落類𠊛些娘󰜡𡛔𤳇重重灝強𢌌量奇容𤽗楊廷芸於共真𢬣伵柴蔑道討𣦍共𢚸救世𦋦𢬣助時芸固𡥵餒󰒂兒固才蓋世固威𮎦䧺吒昆𢚸拉立功當𠁀埃𧡊拯用犀犀𠁑𡗶󰋇𩈘男兒蹺𠾕固蔑禍𠾕固𠀧添固吳權实𠺮店𣈜󰜡道昆吒蔑𢚸權共唐林昆𣳔吒爫太守領工南城課權媄買胎生固恬氣𧺃遶觥泣茹和廊𠽋氣香花𩙌迻𠦳琰湄沙蔑囬𨍦𨉞固𠀧突𧋆昆𬑉如󰫑󱳖腮如沉呐時似𩆐喑喑𬛩似𧍰𦣰𠫾似𧍰𠫾固𠊛術士𨅸昂𫀅相𠸦払爫主蔑方𨔍牢時運𫽄常吳󰜌因乱呂廊補昆吳權失󰟨村真吒秩拯群媄吏化仙蔑𠇮爫客山川𧻭沔京北細沔江南洳干造化吹󰝂俸𢧚超度𢚸󰝡配牟如埃㐌哏埃󰠲戈沔上福細梂𠀧𦝄造緣定𪽝赤绳及娘楊氏呐能訴詳吳權拱志男兒運渚典時𠇮沛屯專餒饒塘詫𫽄煩𣈜𨍦𠫾典所沔江東𧡊廷芸固𮎦䧺拉曲先帝扵共爫碎芸腰𣅘𣌋養餒遣爫𦛋胣恒𠳒𪡇囊權共公主堆払本初公羨𦉼尚󰒂兒拉曲先帝󰘉時𦋦威柴伵㖂威斉𡗶称爫節󰒂𡨸𠁀对官北國𡨸𠊛南民包迡造化急分治特糁旬歲外𦒹𠦩称曲先帝治𠁀烟霞俸闷𨖲制蔑𠇮昆𦉼中主𡨸城税民固𣈙治兵固務𭛣爫拯犯毫秋包除縱横闭除冗貪噠爫府縣社村固萬固坊固寨固庄社固社長所郎村固村長𡨸床𭛣官仍󱳮渃治民安埃𪟽中主俸連𢒎昇昆𦉼後主承平兵拯別習政空別爫朱𢧚北漢刘岩共李克正兵󰝂隘外蔑𠇮廷芸𡨸𫀢𫥨外時吏拯𠊛𡨸冲泰山押卵坤蒙漢兵洒内如螉尋𠶣後主𡨸拯邒嵬付楊廷芸默𫀢默爫𨍦油󰝡吏渃南嗔蜍𠄩庙朱甘𢚸柴傕卞自刎埃咍亊机固丕初𫢩坤全領𠳒芸吏州驩公平称号招安民𧗱拯𪟽𦉼尚󰒂兒慳咹奴拉筭皮立身蔑𢚸鬼恠不仁𬷲涓𬷤邑拉咹蔑𠇮𪟽𦉼奴斈𬮦平埃𪟽𦉼奴𦋦情刘封涓㤙先主生用忘󰒂父子𢚁功君臣初𫢩治乱𢬭運埋埃乃特拯分貞埃𦋦𢚸獴𦹵𢧚𩑛昆娞女托昆餒朱仃店皮𠊛皮點更𠇮奴蹽城𠓨折楊公牢浪廷芸不忠補柴補渃𦋦𢚸奸頑𡀿些𧗱拠州驩蔑意𧻭乱𦋦胣不仁些𫢩𠳐令曲君係几奸臣天地不容𣈙蚤㐌折楊公埃拯平𢚸󰜡帝麻𤐝官軍𧡊事拥𢯦責尚呂布女𢙇丁原吴正紀𥪝君群蔑吳權固忠固孝固䝨固仁初廷芸󰜡爫親橛樑𢶢渃𢬣蹎𡨸𠇮𧡊義兒奴萡情𦧘行亇户萌行拯唹蔑𡓟堆梏𠓨𦋦渃固争竟乙𦉼拯仍共揚三岢筭浪唐林𧿨吏所蒸𥪞𠁀󰒂兒奴㐌逆𡗶謀尼奴拉吏𢙇典些𨤰󰅹麻拯𢪀𦋦斫𠀲弹󰜏𡥵𥘷拱咍哰軍器械扲𢬣桑顙󱙼𣈜粮食隨親󰘉塘柴伵移真𨖲塘渃𬑉隊吝㳶沙工𢚸慘切㤕車道柴𫀅凭道吒生成欺些流落蔑𠇮󰅹埃漂母傷情王孫𣋚𪰹養誘晨昏㐌㤙奇𡘯吏㤙爵權𪟽𦉼𫃸業南天𫽄𪟽公羨𢚸𢧚非𩑛几它𡲤特㤙𡗶㤙𫽄汝把𦉼𠊛愚𬏝限共伴將願誓把㤙傑特筭皮助民傕卞哰保𠀧軍襖麄帽𤽸哭鄰㖂𡗶闭除天下𡛔𤳇傷𤽗廷芸𠸦𤽗吳權拠𢚸漢祖斈𢧚為𤤰󰒂帝𧻭边三河保饒𢴑𥘷扶𫅷𥙷蒸公羨𧗱茹吳王𠁑旗奇𫵈哭傷願嗔把󰒂户楊朱全眾碎飭𨳒才𡮺𫯳願掛搏𡞕願󰝡𩚵执功𪭱󱧔江山宛城傳首買安𢚸𭉆權𦖑汝󰒂感㤙伵柴蔑胣吒昆共𢚸指𡗶𠳿坦朱公埃涓道主埃忘󰒂柴願諸天地神灵察蒸𢚸意甘情忠君願傕卞吏𦋦軍𡛔𤳇襖𤽸隊吝󱘢𠫾嗔𧡊頭楊󰒂兒体芇蔑發仕𧗱共昆權𦖑渃𬑉平𡽫𠊛仍𧡊意𢚸昆包仃惜柴𫽄固惜𠇮討𣦍默胣死生默𡗶汝柴渃𬑉𢢯𢢯先公固別𢚸碎㤙勤兵𦋦娘飭鬼神󰒂兒秩𤽶称臣刘龔後南特羨𧗱共差昆弘操称浪萬王󰝡兵細白藤江外潭洪意埃當威神󰒂兒兵敗坤垠賊兵時急救兵時迡吳權諸將共咍𫏾除公羨𨍦待萬王歆歆氣鋭威強折尚公羨如󰟯𢲨蒌分屍告庙傳頭係𠊛無道世𠱋𭉷屍萬王不意𫽄咍𪟽羨群𣈙和蔑信蒙吳權計冉頑燶假兵公羨旦共萬王夾饒滝白藤江船𧵆權買𨀈郎𫥸𥓄折萬王𫽄及推漢王𧿨馭𧼌吹𧗱茹完成󰝡吏渃茹初強立庙奉蜍楊公泣和諸將外冲共沙渃𬑉共𢚸㤕車尊吳權乃國家卞𨖲即位号𦉼吳王規模政教所郎車馬蔑䋦版章𨑮分𨑮𠄻部落使君螺城定䁀南民跬𥾽治𡾵特固𦒹𢆥𦊚𨑮𠄩歲疾連染𤴬𢆥迡拯固𫀅朝𭛣專排達默油三哥貝揚后共蔑吒外宮將佐冲茹󰞿㛪信腰拯固𪟽嫌乃托𡨺廛昌岌昌文󰜡爫𣳔㐌得人冲親臼𡥙外親昆柴埃󰑼几敢𢱖𢬣鑊吳排達約斉鑊初傕卞魂魄弗披扲𢬣楊后㗀唹𠸕浪傷為課及𠀧𦝄之煩朱補道恒餒饒仍課渚特𢀨𢀭別󰘵麻決󱘢饒蔑𢚸㤙埋預扵殿𧍰仍𪟽緣𧺀仍蒙歲󱱊埃𪟽分泊如𪿙謳𦉼帝舜罕移皇𮎦后𦖑鄰哭勿𠇮𦛌鵉埃割絲萌埃扜妾身埋特情期仍𪟽周后埃𪟽莊姜傷吳油忍恪唐唉吟詩柏願傷溋𦉼𤤰卞髙御竜車穆王㐌典𫀅𰙔霓裳楊后彷彿魂湘反殷蒙斈端陽𠃅棹傷𠄩昆𨳒囂囂皇后󰜡𮎦爫信政亊國權付默三哥朝廷默󰀢𠓨𦋦僣称天子号𦉼平王扲權𦋦令𦊚方𡥙𭉆𫽄敢㛪傷𫽄𠳒吝呂特𦒹𢆥𡗶三哥僣号㕸𢙇吳兒吹󰜏太后每皮悲除太子奴時奸頑語𦉼蔑歲蔑坤蔑𢆥蔑𤵺強𢞂𡗋台朱奴𦋦扵外𣈙昌文踈𤵺𦀼𫢩業茹拯𪟽𦉼楊三哥筭托太子矯和𠊛咍太子自別意𫢩謹捻𧗱𣈙扵南策江㤙固范公𡨸床官𫅷致仕𢚸傷昆柴𧡊昌岌典呐排亊三哥㕸𢙇𫢩𢧚𢚸令公渃𬑉𣳔𣳔唒於冲房計特蔑𢆥三哥拿捉跟尋范公餒𨁪嫁吟昆朱𧵑𠇮謨贖𠊛些會兵諸將󰘉旗𭉑盟書𧗱朱㛪咍情内攻外應罵仃奴咍㛪嗔𠓨扒𮎦𣈙𡧲塘仕料斫𣈙爫牢𥪝書固意保󰘵侈𧡊𠊛𠓨呐貝三哥范公致仕𧗱茹𠴗𠼵太子𧗱麻養餒𧵑𡗉謨贖功𠊛首謀默󰀢給䊷扲𦀊𮎦䧺𢪀㕸𦋦𢬣筭當功業𣈕𣦍󰘉圖悲除𫴋海陽州共外安廣拉收𡎝坡奴共唐阮闭除󰜡爫湯沐畜儲兵粮三哥𦖑別訴詳卞𠾕二使杜楊𠄩𠊛呐亊昌岌每𠳒󰅹別意𠊛执拉昌文浪時急㐌㖂軍願𤤰差遣昌文打𣈙朱奴打論󰘵𫢩群埃些仕料𣈙去𠫾三哥不意卞𦖑差昌文領鉞旗𦋦兵杜楊二使随征咏𠸕𭛣𠇮󰅹固𭛣埃蚤傷𥘷𤵺移移餒饢栽培及立爫𤤰奴争浪奴性初奴拉把讐奇眉連蚤昌文𠹾󰜡鉞旄共𠄩楊杜保󰘵浪丕三哥不󰒂𫽄咍磊𠳒先帝害𣈙業吳遣些吏折𮎦些爫亊蚌𪂲朱漁父咹𡎥仍底奴󰜡分𤵺突󰋇吝𢯏藕離絲亊之破坦無辜安𧗱奴吏𢙇些𨤰芇𠸕初󰑼斫𩢬饒扵𥵾共別路牟机𫢩兵些唉暫㨂低𧿨梩爫𪖬矯𣈜𨍦󱳮二使𦖑呐如𠱋決共如丕群𪟽爫之傕卞𧿨軍𥙒𠫾𫏾𨍦𨕭𠁑𫃚𡆫螺城三哥卞買納𠇮󰜡親國舅饒生拯𢙇赦卞哰泣冲外三哥罪意𣈙𡗶𫽄容𨤰時拠󰜡法公篡弑奸雄󰠲固󰘵生󰒂󰜏太后𦉼󰞿𫥸𣘃㐱𧡊𤉗梗麻傷嵬公降號張楊無預朝堂不𬋩兵戎𣌋𣅘朝直默𢚸蔑柴蔑伵𠫾共𠓨𦋦三哥𢚸極辱牙虎身𢢆𩈘𤯩和爫之冲茹自刎蔑欺𡨸好还意㐱稽曳󰟯昌文称号晋王分名㐌正䋦𦀚吏衝親親󰒂拯派𢚸傷媄生共昌岌󰑼𮎦自吒底媄宮撑臼𢚸反計󰝡𠇮連𠫾岸南𡽫意立圭些沛逴𧗱共理國家共吒蔑𧖱生𦋦𡲤吏順和朱𩈘媄吒丕卞車駕細尼昌文昌岌𠄩𠊛𧡊饒計排每亊𫏾𨍦似𪀄仕俸如刀割𢚸𠄩𠊛渃𬑉𣳔𣳔天地咍𢚸兄弟同心𮎦𧗱𡾵宝同臨国亊共扲家亊共𫀢忍除車駕再囬共𢚸共𦛋共𡎥共𫀅共咹共扵拯嫌共謀議亊共參庙堂封𮎦爫南策王彝倫𠓻道綱常共󰘵南策避乱闭𥹰卞󰜡蔑侯𠊛縣至灵𡨸廛巾櫛蔑𠇮隊㤙𡗶坦擼生昆䝨達𦉼昌熾噲𠸜歲皮𢧚𦊚𩈘𥚆𨤔荣吒昆扵南策江洳㤙公主󰘉𦬆特𧗱晋王餒饢𣌋𣅘立爫太子底遺業茹發連率叺魂花車仙𭉩𩧍烟霞急𨖲昌熾𠳐𠇮注傳初𠳐祖号󰑼前吳王𨍦尊注号礼常号称󰑼後吳王課尼封吒南策王𣈙上王称号吒𫢩蔑殿熾称越王三年俸才经國𫽄廛𡨸民𨔍之幼主權臣乏才埃几捻分朱𫢩㘨埃时乃闷苔𧵑終時󰜡𧵑私時仃蒸欺󰟨渃岌𡹞主碎埃乃立情刧󰘵󰅹埃汝𫏾汝𨍦󰜡咹爫益咍󰠲󰒂柴𠁔𢚸蒙𢬭意𣈙𧡊𡗶扽擛待𢬣𮎦䧺𠀲吳日慶曳衝貝𤤰共户𦋦𢚸不明𧗱拠膠水蔑𠇮孤軍無援昆猩𤷍𤷱尚吳日昌貪欣拱󰑼蔑户吏恨論󰘵󰝡兵𧗱拠平梂𨔍之車涅争󰠲特城𠀲矯公罕双生啂󰘵柴伵拠城峯州阮令不據仙𨒣尚吳景碩俦𠰷洞江𠀧𤾓老弱誇咣茹𦱊踈橽冬霜冷𨓡如蒲勾物𨅸𬖉㕸𠖤𦑃渚木󰽱𥘀𠇮三帶時阮太平如𬷤落媄蔑𠇮巴為阮圭𤞻𩛜蘇于扶康𡎥𡨸蔑塸棱荒尚阮景仙誇咣𧗱據超類合團囚𦀊細江呂佐於𫢩計店麻扵計𣈜麻咹曲胡矯順㨂軍如形蜆焒𨄳鄰𦹺𦱊𠺳台防曷工京藤州匡朴𡎥捏󱁲㹯蔑陳公覽別謀𦋦外南海合󰘵𡨸𠇮溟茫外𣷭南溟默𠇮爫󰍄默𠇮爫蛦絶𩂟𣷭永賒󰋓𡎝𡗶設險底餒𮎦䧺強朱𤽗張明公如蜂菍祖底防圣𦋦羣蔑昌熾户吳及時拔蕩蘇于蔑𠇮称臣扵坦螺城身体萌行敺𫽄特𥹰周衰權默諸侯親王󰅹𧡊吏侯蔑埃自意渃𥘶𨑮𠄩𢺹分割𡶀𢭄才誇坤篭牢柴伵吒昆𡮍胣𫽄群兑典󰒂𤤰爫清底蔑城螺𠄼𠀧社𨳒底蜍吳王𡨸󰘵蔑𠊛蔑方埃埃立志固󰟯併吞刧城刧社刧民如魔𩛜渴如神器𤴬󰅹埃垠禁特󰠲𠀲珥几刧𠀲㕰柴摱南舟北馬隊吝𢭄才𢭄飭默分捤摓都󰘵韩魏争䧺󰅹咍刧吝爫功朱秦𣷭外群蔑户陳固𢚸蜍主固分助𠁀螺城遣使典尼給󰜡礼物爫碎称臣本𢚸愛國忠君及時拔蕩󰝡身𦋦外𡲤󱳮拯固昆𤳇歲時㐌外𦒹𨑮𧗱𫅷陳公德政𠊛𦋦民𧵆時典民賒尋𧗱店𣈜傳誦賦詩𥙩爫養性別例聖人蔑方奇𨳒官軍孤兒寡婦典𧵆𦖑𰙔汝𠳒孔子課初武城牢固𠝺𬷤刀𬌥計之渚特包𥹰乱耒乙𧡊治敺典𣈜詠陳公詩云誰謂陳公知去就寔天假手啟丁基塵埃坤几別咍坦苓嘉遠𡗶𣈙降生𠸜𦉼部領聰明吒初刺史任城驩州󰑼丁公著課初帝王徵𧻭𡗶它降生丁公課任驩城別蔑䝨苓𫽄𡮍奸貪𧡊𠁀乱落北南仍几愚凡𫽄几䝨明課󰅹救特蒼生些才淺漏所名平常店店曾𧻭炪香願𡗶生聖救方民尼碎油固福𣈕𣦍願共天地渚私之𦉼碎油𠃣正𡗉邪願娘飭恪底𦋦治𠁀夫人皮課更𠄩夢𧡊蔑𠊛髙奇大夫工𢬣扲丐玺符典遣眉摸嗔爫媄𡥵娘自𠶗式帳鵉󰜡占包意買筭共𫯳丁公𦖑別𢜠𢚸強修德𫏾底防身𨍦夫人自動胎胞期計蒙侯𨑮𣎃生𦋦特蔑男子平花丁公𢜠𠒦和茹養餒咍󰠲旬運於𡗶丕𢧚厄渃排排干戈沛尚公羨奸邪丁公辞聀𧗱茹華闾昆群𫧾渃𬏝踈噠𠸜部領底除𫃸宗埃𪟽運奇丁公啫𠁀丿化聀燶莊周娘自寡部巴為官清茹庫昆踈仕𫯳和添兵革戰鋒󰘂茹飢儉侯蒙𢚁之爫芸奔半几圭餒昆奇󰞯𠰺芸爫咹吳王擛特賒𧵆折尚公羨救民時乱媄昆𢜠特於安𫔬民調塊惏炭自𣈙仍恾吝呂𣎃𣈜部領歲𡂲㐌典𨑮𠄩清髙性氣恪𠊛盘泊亊𠁀𠇍几丈夫󰘂茹𡮍拯兑󱳮亊𨳒糊塗亊奇罕灰𭛣萬拯固通𫀢仍啉𦋦𠁀麻立功名浪𠊛㐌𡲤𡗶生富貴㐌亭𢀨重㐌𢺹路𦉼𤞓朔爫之𢧚时仕󰜡𢧚時𦬑囊𣼽泸㖂𢄂典廊打弹打妬共坊𧜖𬌥媄傷餒饢闭𥹰𩛜𩛂拯𬋩𥹙蒌拯嫌東家固蔑朗溋𧡊耒卞買𠴗𡅳浪丕𡎥仍拱𨻫功𫢩𧜖𬌥戈仕併𣈜把功亊枚罕窖吹𢚸𣈜仍𦋦同共𥘷𧜖𬌥𢮿共附近打饒暴敺如𤢿孟敺如𤞻蔑𠇮𠹾𤾓𠹾𠦳先兵扲梞如筅衝𠓨󱁲摳眾𤁕如䕯眾駭眾调保爫弹󰞿合󰘵仍𥘷猩猩𡮈爫軍國𪩥争爵權𦊚𠊛共󰀢固軍阮匐丁佃郑琇刘基筭󰘵呐亊󰘉圖習情𪩥𠰺時皮眾些𡗶朱爫主国家𢮿中習産底和治民華闾葚別𠇍吝𦰤爫臺阁貢垠累城達爫固奇固营固軍固𧗱固城固司𨕭爫宝殿威󰀩冲固丹墀外固󰀩门朝廷達仍𧗱官左班匐佃右班琇基共饒料量筭󱳮爫𢂎平𥶄爫旗平𦰤智𦋦自述斫牟隨󰘵交手𨅸侯爫皚跪朱部領𨖲𡾵𪢊𠀧𫪹𠰘𢬥𨑮𨨨𢬣仍𥘷附近妬𣈙廊󰅹奇意㨂排堆边係𦖑甕𠰘洞𨖲呼嘹𠀧㗂㖂沔華闾天子御𧗱嚴如屯屯𩄲合𠶑𠶑𩙌㘓逴󰜡部領𨖲殿排班雅𧗱堆边叩頭嵩呼𠀧㗂跪奏𤤰𫔬𫔬歲𤯩𥹰重重戈塘固客𨅸𬖉亊俄咍拱𢧚双㐌苔最𧗱𣌋吏合排𥄭𣈙涓𬑉𬈋𣈙涓身󰅹㖂禍賒吨𧵆注𠽮拯特媄垠拯除制𥹰暢胣乾都部領𡎥和保眾浪悲㐌𢚸腰朕世尼筭暫蔑𣈜咍懺𠦳𢆥眾浪上下一心會󰅹󰑼拯結爫主碎,Nom
thien-nam-ngu-luc.no.txt,共饒擼坦誓𡗶埃拯如𠳒天地察𤐝領𢜠呐歇曲挼埋𢧚功業㤙餒腰為㐌𢧚𦛋胣蔑皮嫌茹飢儉󰜡之待󰘵茹群蔑𤞼闭𥹰媄餒爫呠惜󰘵𠱋麻埋𠊛𠫾𢄂塘賒𥛗𠱋𧡊永眾些押𠓨扒𦋦爫𦧘些犒干尼侯易惜牢沛𠊛埃乃依限平𠳒󱙼𣈜𡎥合於外我𠀧除媄𠫾𢄂永茹扒𦋦共折眾和共咹媄𧗱皮典外𡑝查𢬣𨷑󰘂𨀈蹎𠓨茹固蔑伴寡鄰家嘲𠹳浪󰜏太后𧗱𠱋𣈙昆󰜏㐌爫𤤰𢀭𢀨󰜏特風流自𣈙老󰜏窖𠰘浪悲仍如𠳒意󰜏悲拱洳𬖉𦋦外櫃闭除𠅍𤞼哉海𡎥拁呌芇廊溋边𫏾边𨍦固埃𧡊𤞼碎󰠲庒󰑼固𠊛啂保𧵆賒𤞻意昆󰜏㐌扒仍𣆐弹𥘷保𨖲爫𤤰差𧗱扒𤞼𦋦和犒軍朱𥘷𧜖𬌥奴咹埃咍𦉼拯聖君茹󰜏夫人惜𤞼𧼌𦋦呐共丁預注和爫牢冤家𠇍刧論𠓨生昆鬼恠篭牢制排扵𦋦仍涅易𤽗𦖑𠳒𥘷𠴗𨖲𡎥爫𤤰𣌋𣈜綿𠫾𢄂𪰨𥛗𧡊永茹扒𤞼犒軍注麻𫽄𠰺虚身𤓢𧒌𫽄㐱禍陳橷枯焒城泑亇𠯇趨裊𧕚麻𫄓時𪂲坤咹丁預𦖑呐即肝扲鎌󱁲典華岸蔑傕𧡊眾皮咹㕵耒佃浪箕注懺𢙇眾些匐連捽󰜡刀𦋦刘基扲梞𠊛和迍垠部領𧼌𫽄𥚆身注卞󱁲買侯𧵆埮賒典蒸𣷷渡潭家塘窮𢪀懺𧿆𨃓𫴋滝拯𪟽水斉竜宮別丁皇难固𢚸𨔾𩂏買𠾕竜孫即時潭家滝意眉𠫾朱勤𧡊丁皇帝难屯滝穷裊必化身爫唐急𡻓逴󰜡𤤰郎竜孫卞化𢧚唐虚空真運浽𡧲𣳔滝󰟯塘現㖂󰟯𧍰𢪱昂部領率率𨀈郎滝俸秩塘𧍰俸变𠫾領𧡊亊𨔍㐱稽㩒鎌噲唄阻𧗱唉昆部領和𢜝和𭉆戾欺过恨𦋦肝舌𠇮店𣈜娘耨廚亭󰅹群兑典㤙生帝𣈙丁佃阮匐汝台滥粓吒媄鬪𣈙朱咹亊𡗶㐌定君臣𥘷牢拱固忠勤共饒領啂佃匐𫏾𨍦伵𧗱乙注体敺拯為眾𤽗自意𧿨𧗱伵郎膠水爫芸捕魚本些㐌願裊初共亭富貴共洳顕荣𡗶油群厚户丁蒸𨍦伵特𧗱城華闾殿𦰤𨍦伵定都𡾵𤽗時𫏾吏如交𠳒𧗱𠽄泣歇埃埃渚𧡊㳥奇麻嵬𠃅𢴿懇懇嗔唉如調眾腰𡗶拱𢚸腰𪧚床匐佃部領𠄼払共饒哭𠯿𨖲塘𦋦𠫾啫󰘵辞別蔑欺几郎膠水𠊛𧗱華闾領郎膠水闭除結共抛網𣌋𣅘伴𤿤昆船𢬣梩𠫾𧗱󰅹欺漁父󰅹时華闾命𡗶㐌定裊初玉圭盈底待除帝王常常固氣毫光店店󱙼曳边江重重部領晦眾漁翁意之麻󱙼𠁑滝帝𣈙眾漁卞保浪悲󱙼於滝尼㐌𨑮𠄩𢆥部領咍胣約忱滝尼罕固玉沉扵低𨑮𠄩𢆥計屈𢬣些𦋦𢚸媄𡗶𣈙生圭乙𡗶待聖𦋦時枚埃乃特𧯶𢺹固斉蔑𠇮啉約埃咍󰅹𪟽富貴典𣈜𡗶朱󰀢特玉圭闭除𧵑𢧚無價埃麻𫀅當雖群淋臘󱙼觥󱓦𧷺象体撑鐄𨯹𢧚𧣳外缺𡮍蔑边𥘀𢧚蔑両價𢧚𠦳鐄𢚸𢜠鬪底倍鐄戾欺埃別𨖲塘悉蒙最和落眾漁翁啉塘吝裊坤通𡍟𧗱雖丕運渚典期𡗶時湄𩙌𣈜時最沁𠹚𡗶𠳿坦啉𠽍䏾圭坤底󱙼抌𡍟塘𫏾𩈘𦖑𠊛枯鐘𤇊𤇊䏾焒󰟯󰟯畑𤍑自然派派𢜠𢚸𨄹真卞𨀈典工前堂納𠇮𫽄敢呐能柴買𠳨浪埃典爫之呐𠴔𨍦𫏾云為庫𠫾劔亇及時拯枚最沁湄𩙌󰟯尼𧗱庄別裊𢭄柴𠓨娘柴𦖑感景𢚸傷扽𩚵設待扽床𢪀宜柴咍髙意𠰺𡎥永店𧡊𠊛𥛗察亊緣俸牢創泣和廛柴𪟽𫢋降柴連供香動卞𫽄𧡊毫光赧傕時吏𤇊𤇊如初𧡊冲𡓇󰀢󱙼𦋦別情柴拯固𪟽之󰠲󱙼𣈜柴𠳨𫏾𨍦玉圭󰀢買󰝡侯柴𫀢𥚆𠫾𥚆吏蔑傕除𥹰柴買󰘉𠳒呐𦋦昆蚤福德台羅𣈜𨍦爫主國家治𠁀𢪀嫌福享拯󱱊𥐆󱱊固𢼂象𡗶㐌𢺹鋪𩑛符瑞初箕如花𫔭落蔑時平𫢩德能勝𢼂埃咍昆唉修德𣈕𣦍仕哺柴拱󰑼几師謨初爫術士𫢩修扵伽謝柴部領阻𦋦蔑𠇮两慮共和󰇾揚蒙𧗱嘉遠故鄕吏󱳮𢚸注𫽄傷糊塗蒙𧗱膠水准初祖宗之帝麻朱祝蒙初𫢩𠇍几𮎦䧺別包苦辱計穷󰠡难󰜡𢧚功業爫欣󰅹算生死󰅹筭辱因𢢯𢢯汝德先人包除󱙼𡮍蔑分畑麻甘𢚸斐約課初𢪀群𩈘𧡊󰅹𪟽𠇮賖工𢚸音倚㤕車使軍十二争都店𣈜󰅹埃群汝󰒂柴孟󰠲㨿帝𪮍埋𮎦䧺呵𠸦户陳明公扵外布海奇容𮎦才部領歲㐌𠄩𨑮𡎥𫽄𡓇𡎥咹𫽄𡓇咹𦖻自𦖑𧡊德仁固𢚸待士固㤙容𠊛些郎扵帝𣋚埋午禍𢚸𡗶固厚共庄工𢚸𡨸宝康康䝨初曾浪物不離身伯符漢玺底分拯𢧚時对󰜡軍𡨸茹蔑𢚸決拯𠄩𠀧𠽉塘布海尋𦋦称臣󰘂营踈矧𠳨寅情期欺意户陳𦋦制𧡊𨔍卞𠳨意埃浪碎𦉼𠊛圭扵華闾吒碎刺使驩州󰑼丁公著𠁀皮戰争生𦋦群𥘷浮生乱𧗱圭𡳶󰝡𠇮𨖲仙媄碎寡部苦䝨𤳇課失權𡛔呂紅顔連𢧚蘂𣳮花残蝶拯兑𥚆蜂拯貪清媄南昆北求生碎俸蔑𠇮落典蒸低陳公𧡊呐別咍昆𣳔呂𨀈傷台𠿯𠿯𥚆𫀅面貌恪𠊛𠁑凡衬固易埃𠁔共眉𦝄𩯀鳳𪖬𧍰丈夫㐌罕𮎦䧺拯差保浪注語󰑼埃初丁公著貝𠊛㐌交乱分自意隔饒几任諸侯𠊛爫佐王丈夫業語凭鐄󰅹𪟽造化呂廊𠊛為𡗶吹昆吏典低󰒂𡳶蔑𣈜𫔬刧拯派注𫢩渚固昆𤳇󱳮𨍦後嗣朱埃業尼嗔昆扵共注低朱注𠰺𠴗衬𣈙𢧚身𧡊呐領𢜠𫔬分󰘂营侯下專勤𠓨𦋦𫀅陳公凭道吒固咹固默連𦋦身𠊛蔑𣈜𦉼蔑卒鮮容顔面貌恪𠊛凡人緣𡗶造化窖分户陳昆𡛔皮旬歲󰘵明公𫀅別𫏾𨍦𮎦奇魁偉世󰠲朱平和添虎步竜行天表日角實形帝王養餒𫀅凭玉鐄乃權𢭂印嫁娘結㤙冲外默飭󰝡軍官使户陳年老𡎥𪟽曰書卞遣蔑𠊛𧗱呈媄注曲挼咍情共𠽉阮鄭刘丁合諸羣牧分明事𢚸𧡊書埃乃駭䧺户行親戚西東冲外𦖑信奇𨳒埃埃坦平𩆷㖂𡗶吹𠊛爫闭除信北信南如𧍰添𦑃如𤞻添𩻟阮丁刘鄭別咍𡀿󰘵埃乃期尼典尼丁公𧡊𩈘𢢯𢢯󰒂柴伵𡳶共𡎥啫󰘵𠄼𠊛渃𬑉染收仍𪟽流落咍󰠲森𡆫傕卞𡃹祝潙𣹓宴筵髙湿席𡆫倚󰑼保󰘵事𡳶𥹰賒𪽝固𤞼意朱𦋦挼尼某自流落闭迡汝典󰘵𣈙冲胣群𤴬悲除待𧡊𩈘󰘵油𢧚箕恪体謳扵𡗶陳公仍托𣌋𣈕伵柴論列冲外󱳮筭𣈜𨍦侈𧡊黎桓圭冲府里扵外清廉吒羅梨賢𫽄賢媄𦉼鄧氏合緣𡞕𫯳盃咍𡨸道三從本𢚸敬信拯𢚸邪奸𡮍𫽄固亊乱单盃皮𦓿𦔙養𫔮趣圭鄧氏德行容󰀩世乙坤皮𠊛乙坤番󰜡󰘵皮鄧堆年福德𠊛𫏾底傳𠁀𨍦秋𧗱月朗𡗶收娘皮買聀班头更𠄩俸干迻味倘󰠲傍傍𩙌𡗶迻香占包𧡊亊𨔍󰟯俸󰠲蓮𦬑𠓨娘娘𣈙卞連撝󰜡扲𢬣朱眾咹𣈙𠇮吏𠰘空自意忍動胎宮源桃渃𫽄𧡊通太湖典期满月生𦋦𨕭𡗶𩄲撫𠁑茹香衝特蔑男子𨔍𨓡眉堯路路𬑉𧍰熙熙姑姨𢜠保浪悲𨍦乙𠊛尼主户茹些全家共特荣華芇咍双俸𢧚俄眼前󰞯𨖲智午才䝨𦋦名豪傑結願丈夫𧡊𠁀塔对乱吳󰝡兵子弟典蜍丁公討𣦍𣅘𣌋蔑𢚸鑊湯𫽄𢘽荄𢴋拯嫌丁皇腰待重權兵乃𫔬𠦳𡨸𡎝海边丁皇自特陳權德𫔬撫眾㤙𠦳治民芇󰠲󰑼拯称臣芇󰠳󰑼拯隊㤙霪󱯶似󰟯鐄庯𩄲𤐝蔑𡗶𩙌㖂𠃩𡗶拱清民𢜠𰙔議双生象𡗶罕󰘉太平自低自意威動㗂𫅰強𢆥強𪩥強𣈜強賒𠊛調潮𢴑𥘷𫅷匿𢚸尋典共和爫碎使君埃乃𦖑希浪陳養子固才󰝡兵併吞𢚸乙㐌仃斫縱別𠇍斫横計𫔬𦋦才掃蕩乾坤𡎝坡懺所渃𡽫𧗱共錦時周末戰鋒春秋渚𢴑七䧺㐌𦋦共󰘵廛𡨹𬮦河防旬削奪底和御𫀢陳公雖渚固𤳇𢚁壻固才𫀅凭𨑮昆旬尼基業強𥾽拯󱳮㨦󰧙拯煩浽農斫陳㐌𢧚𮎦䧺保全𠇮吏院功户行歲𡗉𫅷吝固常𠊛因疾󰠱竜床𠲝㖫𠼕丁皇吏𠸕浪机會尼渚用孕爫之丈夫功業固期𡗶朱拯󰜡吏時咹󱋔悲隊十二使君才𨳒拯志经綸冲𠁀𫅷𫀅拯固𠄩餒渚𢚸雉乃細𠊛恪筭傕卞率叺冲幔丁皇邑󰜡哭嘆𠿯𠿯汝功餒󰪀歆埋生用𢪀托別𠁀芇涓懺生助葬皮安丁皇傳令官軍𦋦𠁀𡦂浪春不再來蔑𣈜𧯶固歆埋𠄩吝埃埃献策苔𡑝成因果決敗因用孕尊丁𦉼百勝王所郎船步󰘉𫼳𡎝坡兵𦋦順𩙌順湄天時地利人和𠁑𨕭累󰅹累拯破散賊󰅹賊拯󱳮筭𧗱頭󰜡城如体𢲨蒌恪󰅹猛虎衝𠓨弹羝北南𠻵㗂尋𧗱驚延威𩆷𢘽鯑唏𤞻仍𩑛損襖耗𩚵欺耒呐理欺爫衝𢬣𧡊兵撟典𧼌𣦍󰜡𠇮爫重󰜡柴爫軽江山棱𡶀𢭯清使君十二破萌漏漏几時收陣眾頭几時老死几謳酖𠇮仞仃渃拯刀兵鵉車聖駕𧗱城華闾󰜡爫湯沐定都𨖲𡾵宝位爫𤤰治𠁀渃称大瞿納𡗶𡏦城立累冲外所郎吏称大勝天皇定官文武𢮿行朝班例朝上國創官𪮙才报聘坤頑措辞兵噠固𧗱固奇蔑伍蔑旗蔑校蔑㺔匐佃刘鄭𦊚𠊛將封太尉聀𡎥国公桓該侍𧗱朝中其餘定次分封冲外𢜠台國治𥹰󱱊書𣘈券鉄劄𠁀碎昆忍油𣷭𣴓𡽫󰍹功業唉群昆𡥙唉𠳐天下𢜠𧡊太平昇恒祝聖崗凌治𠁀坤台𣛠冉扵𡗶讖卞𧡊讀𠰘類小兒木根杳杳木表青青禾刀木落十八子成東阿入地異木再生震宮見日兌宮隠星六七月间天下太平坎宮𧍰𧻭潢江杜釋弒丁丁梨家出聖明拯𪟽𠊛几大提𦉼𤽗杜釋奴𠫾樂侯恩餒特預𦋦𠓨皮𨕭腰待𣋚遙朝𧵆奴𠫾打税茹民班店𦣰沫外𡑝蔑𠇮虚空𧡊蔑流星沙𠓨𠰘奴󰎡𠇮奴𢧚細課特𦋦𠓨殿󰶅󰶅争畑約󱙼每方先皇店御𡑝鐄賞秋汝亊明皇制𦝄𢝙因过𡃹杜陵𤤰共太子𢪀工外㙴杜釋奴𥈶別信蹽城𠼶𠻴奴蹥𠇮𠓨先皇買聀占包奴連󰝂捽蔑刀堆𠊛𤤰共太子和堆共𦣰托尼边㙴太尉阮匐丁佃󰝡兵拿捉𦊚方内城扒特杜釋正名滅和宗族蔑萌拯群傕卞收歛乾坤先皇太子葬岸華闾蔑桓𦋦胣蜍唹固情𥄫𥊘闷机捤摓自𣈜釋犯𠇮𧍰意桓𫀅拯固𢚸明音冲茹柴伵呐忱杜釋奴爫𫼿𡓇𤻭蚤𣈜𨍦文武和朝尊扶次子𫀅朝國家大臣輔佐𠓨𦋦𠸜𦉼丁衛群踈幼冲埃埃𣅘𣌋蔑𢚸拉如周召𠄩公共和拯𪟽揚后淫邪仕𫯳𦋦態𦝄花乱常寡連𢬗粉點莊𤁕他咹默𨤔荣呐唭尋冲劃𩈘割𢬣𤾓𠦳渚特蔑𠄩󰠲𦉼仍從唸稔朱戈外雖結界冲它破门傷台喪服唉群󰒂𫯳道主𥙷敦塘󰅹卞共梨將通交宮禁𦋦𠓨欺侮同僚弄權吏特后腰减率添𫫑理󰅹拯差兵權默󰀢冲外腰埃時拮𢢂埃時𢸝大臣󱳮𢠯𣈜店斫󰅹𢯚特拰菻𦋦𣈙󰀢称爫副將𫢩𫀅𤤰廢帝拯斉道昆袩丁󰟨㐌墫𡻖阮匐丁佃別意保󰘵貪淫皇后咍󰠲梨將𧡊侯拯別昆踈眾些碎𡳶課初𩈘󰅹地下𧡊𤤰先皇死生誓固撑鐄丈夫包累鋪唐不仁料𠇮把女先君𦋦兵子弟迍垠梨桓將軍扵𫏾𤾓官拯筭為渃懺筭𢧚𢚸桓浪𫅷吝呐容埃易敢𢚸爫反麻󱳮桓蒙阻𩈘闭除吏𢚸傷你課初同朝󰜡爫拯詫歆遙𦊚𠊛吏忍呐󰘵順和呂吝𣎃論𣈜戈宋差仁宝奴和󰝡兵調𢚸結好占城𧡊冲中國不平主碎書𠓨告急細尼闭迡太后連差梨桓印封爫十道權蔑𤾓將属𨒒萬精兵花闾自𧻭起程旌旗𦲿𩄓軍兵秩岸𡧲唐班最埬團官軍奇𨳒共算浪丕悲除主幼踈𬏝𫀅初柴氏貝𣈙保󰘵油破特賊蒸𨍦所功令意埃侯計朱陳橋守信課初宋皇事意悲除沛之𠁑𨕭汰汰共𦖑卞尊十道台位二丁兵阻吏花闾城官軍󰠲帝服情爫碎数冲群固𦊚𠊛𧻭自課𡮈󱘢隊先王自𣈜仕𩈘丁皇𧡊昆主幼𢚸群𥢆󱳮揚后𦋦胣淫污抆𢲣十道悲除刧𡾵群𩈘𪖬󰅹麻𫀢𢚸𠊛拯別𢚸𡗶㐌咍絶唏朱矯歛𢬣梨桓感景𩈘𣈙爫清揚后自𦖑別情所郎𢂎傘懺生袞袍桓典后𨀈𦋦嘲玺符黄鉞拮𢭂梨桓立殿𨕭保泰山定都傕㐌𤾓官𠓨朝巨兩子安卞奏降封少帝爵侯𧗱王黎纪黎大行皇帝闭除兵馬所郎敵共仁寶󰑼尚賊吳𨑮𫔬兵孟倘都戈沔江北帝𦉼扶蘭店𧡊𠄩𠊛典幔称𦉼𠸜喝称𦉼𠸜吼拉𠁀趙越固功課拯如𢚸隱内扶蘭後南刧趙江山𠦳鐄拯惜蔑嗔𧡊頭堆碎浪𩈘𪖬󰠲几㐌恩渃易侯蜍埃虎𤤰𠾺𩈘扵𠁀亊田横𫏾拯碎漢皇恩𤤰上帝𪹾傷權朱主宰𡨸方民尼悲除陛下典低願嗔󰝡飭破𣈙賊吳判浪𠳒意㐌如功𢧚時立庙蜍把㤙𣈜𨍦仁宝󰝡軍𨕭空𦖑㗂𠊛吟踈浪南國山河南帝居皇天已定在天書如何北虜夾侵犯會見風塵尽去除踈𦖑永永𨕭空󰟯如破陣哃哃冲軍兵吳破𧼌噒噒將南軍北別身󰑼之𩂟𡗶坤別裊𠫾𫏾時棱葚𨍦時滝溇梨兵特󰟨󱁲𨍦卞𫥸󰜡頭仁宝拁𨖲歇兵奇𨳒𠁑𨕭称臣稽首嗔願爫碎賊安車駕再囬安豐准意𢪀宜車𧍰敕封大將張吼大当𧦈国詞共月江喝𦉼小當神王平江立庙𤐡香奉蜍甘𢚸致仕課初𪽝因節󰒂和朱累𠇮𤤰卞車駕还京𫔬民𢜠逴如軍揲塘𢴑𬌥隊𥺊倍鐄窒裊穷塘勉德聖明𤵺台尚𫯲占城𧡊咹語易󰝡𠇮𤞻啀𣈜𨍦梨兵細尼如󱁲弹𧋆如破祖蜂安边𧿨吏殿𧍰𦒹𨑮餘郡提封萬全計自丁氏爫𢧚戊辰特渃庚辰秩𡾵𨑮𠀧𢆥振拯差茹衰昆𤵺花派蘂残買咍天運循環乱𩛂治𧻭乱殘治𨖲台丁梨握大權封丁皇后𨖲𡾵正宮治特𠄩𨑮𦊚冬歲享計用外𦒹𨑮𢆥宮撑自絶玉音桓皇車駕𨖲𠽉天堂朝廷文武發喪号󰑼皇帝大行梓宮昆羅竜越𦀼𣳔守城𪧚業家风跬𥾽計爫渚特蔑𢆥埃𪟽竜錠𦉼㛪奸邪共時蔑媄生𦋦𫺶吒𡗉罪怨吒負𠇮課𫏾群𩈘大行錠它懺所陰兵冲茹斈𠾕煬帝折吒漏机太子令他罪情語󰑼改𭁈𧗱苓蜍吒歇討蜍𮎦歇誼拯𪟽木落典期茹它無福錠时奸頑差軍扒押冲殿折𮎦竜鉞𠇮𨖲治位碎昆慘切𡗉皮𠀧𣈜蔑㗂噲时󰑼𤤰中宗尊号𨖲朱業桓𢧚𫃫凭絲萌萌竜錠自刧𡾵𮎦𭛣默朝廷拯固兑𫀢性咍蔑𭛣折𠊛󱳮仍斫𨔍底制爫刑扒𠊛𫃚仍𦹵󱬞󰜡焒麻炪𤈜觥麻唭扵仍暴坦虐𡗶怨吒牢拯傳𡾵朱𠇮𠻆時拷打𠊛刑扒怒哭𠯽大行𠸜吒和貪顔色月花𨢇𦉼𩚵𩛷𡛔𦉼襖𣎀讖初傳底云云禾刀木落典旬𤵺衰𠇮𦬆疾病痍痍埃奏𭛣之𦣰語判𦋦来身故死双俄𧡊固邑𡛔𦣰和朱安業茹埃治底涓碎𢀲弄權碎𨳒敺󱳮𭛣萬𫃫女絲扜㐌最如墨吏麻如𣎀太后慘切𢚸煩渃𠨪昆𤵺坤全江山󰟨平重𫧾坤安裊堵时侶裊散时𢙇福台朝固蔑𠊛𦉼李公慍別𠳒為𤤰媄𦉼范氏課初苦巾寡部歲皮𠄩𨑮𠫾爫𠾔𠼦󰘂𠊛仍𡗶花月呐制𫽄兮及时飢饉切之拯埃𠾔𠼦沛𠫾咹眉𣵰𣳢挼渃切台𩛷𩛂𩛷𩛜戈蒸𣈜除𦖑浪边應大廚固蔑柴伽修帝𣌋𣅘𢝙𢚸道德慈悲𣈜𣎃加持樂道禅経腥污拯播典𠇮拮空𢚸慾𢭯清裊塵蔑𤭸蔑鉢養身修身練性轉神还原朔望仕娓計𠦳𠊛嗔𡥵𡥙几願平安娘自𦖑𠻵𧡊信典准林泉劔𩛷養身及𣈜賑济孤貧耨娘准意劔咹戈𣈜柴傷朱於帝𣈙𢭯廚挭渃洒𣘃𡨸園娘自󱘢道沙门𦖑経教𫢋𢚸尊敬柴𣎃𦙫𢆥甲戌𫢩𡧲𣈜夢𫡦𦉼𣈜孛生店𣅘柴𧻭誦経娘𧻭蔑𠇮𡎥𤇮𠺙𥸷𢢯𢢯汝亊曲挼林淫𥄭沫𦣰外灶门咍情柴𠳨亊緣𫏾𨍦曲直娘卞排𣦍󱙼𣈜夢𫡦意𣈙碎𦣰𥄭沫最柴暫真𧡊𢧚轉動心神固分𬏝屹固分驚𢚸碎語魔鬼駭䧺拯𪟽蔑𣎃咍𢚸固胎柴浪渚呐𡗉𠳒仍亊折𠊛補禍朱民些傷寡部苦巾拯𪟽暮雨朝雲帝𣈙咥觥咥撟之𫢩菓拯拥坦牢咍木𣙺󰂇柴固𢚸俄噷時娘𠹾𥘑朱甘𢚸柴蒸欺仕娓別咍乙吏吱柴𦋦胣淫污蒌󰅹蝼意裊初娓修塘娓柴修塘柴娘卞啫景𠫾𣈙蔑備蔑梞󱙼𣈜𬆈𨀐堆行渃𬑉𣳔𣳔音倚工𢚸嘆咀共埃雖浪𫼢䋥落𩑛双皮顔色劔埃𡮍󰅹𡗉尼名價䝨豪茹嚴闷𤇮𣘃高碖梗別意浪苦離情㕸腰󰜡𧀑底𰈏𢧚核娘浪𤯩托㐌丕蔑𣈜咹雜𬙞𣈜咹󰠲固𫯳𠇍𡨸配牟苦拯貪𢀭寡拯貪𤳇之朱凡氣論胎𰦫道共𡗶𠅐道共昆吝呂㐌𨑮𣎃𧷺戾花欺𦬑戾欺𡗶運𠫾賒󱳮女仕真吝橘典𧵆厨几郊州𤍌灵拱固柴修世间供養𠊛些𠫾𧗱𠇮𦬆䏾渚离离𩈘時哉海真時失踈頭𣋚皮𠫾典厨柴𠻃埃帝娘踈碎𣈙苦巾碎𠫾咹眉碎𠓨𦣰杜茹柴蔑店𢚸傷柴拯𬋩嫌朱娘𦣰𦷾姅店𡨸厨娘呌阻胣闭除𫏾𨍦娘買白踈共柴德󰅹欣女德尼碎𤯩蔑𣈜碎啫㤙溇柴𠻆拮󰜡爫𢗃咹𪉽渴渃事尼󰑼双丿連浽陣虚空𨕭𡗶㖂𩙌𠁑𧍰噴湄过塘𫽄几典㕑𧡊固𠀧妑󰝡𬟥養餒娘𢜠㕵㐌蔑崔生𦋦特蔑昆𤳇𨔍󰟯容顔面貌𣃲𧷺𦝄皮𡧲𣎃日光姅𣈜娘餒㐌特𬙞𣈜卞𢶸咹眉典古法山固柴󰑼李慶文家傳宝貝蔑昆獴銅讖傳自裊吒翁係天子典獴𢜠𠶂𨖲𡥙昆據底連院仍亊𨔍傳別課󰅹蒙𬙞𠁀積德陰功救民度世拯𢚸劍咹德重服歇鬼神𡗶朱富貴呂吝典𢬣冲院感應意𣈙聖䝨香𤐡店𣈜𫽄差虚空亊𨔍𪽝𡗶犬為天紫𡨸排㐌分柴卞音倚隊吝南無停分之分約𬇚𧡊連固事𨔍牢𠁑靖獴𠓨𪽅特蔑昆抛抛𤽸似勃𡽫𡨸戌天子𦝄群拯差𧣳廚𣘃奇直𡗶吏固𡨸排興國之年慶文𧡊事眼前常固術士浪盤論制恬尼驗典事𡗶芇埃歲戌意𠊛爫𤤰𨖲殿蔑䋦𢬣收𡨸󰜌國意乙󰑼迁元眾些柴仕分䝨別埃麻結爫緣情期説娘户范闭除揞昆典茹柴李慶文𨀈𠓨皮典外𡑝獴銅卞𠶂㗂𡂰㖂𡗶用𠇮柴顒𦋦外𧡊娘𢶸𥘷典𡎥嗔咹咍情柴買𠳨𡅳娘卞𨍦𫏾云云呈排慶文𡄎意別咍𠊛尼甲戌实𫢩應恬𡨸犬天子𡄎𫀅萬無一失群嫌之𫢩保浪娘唉𡎥低柴𫀅群𥺹扽𣈙朱咹崔卞買保婦人茄綿柴仕苦巾離䝨拯固昆𤳇𦀼傳咍󰠳𡗶𫽄󰝡綿亊尼娘时寡部爫丕昆𤳇絆䇷咹眉𫽄衝女欺㾹𤴪苦𢚸虚昆𡲤吏損功娘𣈙綿嗔餒󰜡𠊛尼𢧚身綿𢚁娘悲特洳㐌咍𫧾湈生𦋦𢚸󰅹麻𫽄㤕車断腸双离卋亊㐌常𠀧吒𬙞媄𢀭𢀨㐌苔娘𦖑浪默意柴餒昆碎𣈙奇拱別㤙揞昆渃𬑉平𡽫哭崔卞買迻昆朱柴媄昆分別自𣈙昆𣈙隔媄媄𣈙隔昆𨍦油福德媄群滝忍𡋿󰍹葛吏培𦋦媄昆吏合蔑茹平無福德別𣈙爫牢傕啫慶文𥰊高被梞默油塘詫𦋦𠫾𩛜𩛂隊𩛷隊時典󰠲咍帝𬋩之身承𣈜皮罢買班𣆐娘𠫾行乞辱和𢪀宜䏾𣘃𩄓沫𡎥制帝噲号頽𡏢榜󰑼名椿陰𩄲𩄓𤐡撑風景有情地势清光浪初刺史髙王正支血脉帝王准尼約浪分數𪰹𣦍陰特安尼陽乙風流死生造化埃𪟽俸連暴病巴為𡧲唐𦊛皮𦾢永棱荒拯客戈塘拯几爫咹別埃𠴍保慶文群特封墳底待昆坤之連九魄三魂乾坤世界渃𡽫坦𡗶別信土地典𫀢遣𧋟奴屯𬙞糁𡱩髙𣈜𨍦固蔑𠊛𠓨𨅸𥚆議誼𠊛󰅹葬低虚空𧡊㗂保𣈙媄𤤰李祖𬖉𫢩永𠊛別情𠽉𠳨往来待除𥘑固𧡊埃典尋𡨸𢬥𡮍拯固嫌拉功僣邸𥘑𢧚庄󰑼説事慶文𣈜初餒昆娘范計皮期年噠李公蘊𦉼𠸜𣅘𣌋𡨸廛如体昆生腥洳拯播典𠇮㨢如㨢𫧾𫀅平如花信埃拯固塊茹歲𢧚𬙞糁買朱斈行慶文課𥘷浮生固伴共𠇮萬行禅師男兒公業半途𡀿饒斈道扵廚養身歲它𦒹𬙞𨑮春於廚六祖𠳚身林泉雖浪𠸟趣盎禅双群勉道聖䝨詩書因耒吏𠰺斈路慶文闭除󰝡公蘊郎𠳨呐能歇每塘𢚁𮎦𠰺𡥙𡨺床朱碎萬行卞拠如𠳒𠰺𠴗公蘊養餒冲茹斈蔑扱𠊛𠄼𠀧聖䝨心量𠊛些坤皮係𣈜朔望典期𥺹𤼸供𫢋󰀢時咹初不意柴拯固𪟽占包𧡊孛現𦋦保柴旬𠄻夢蔑闭迡𤤰咹𫏾孛牢𣈙朱𢧚固庄𧡊亊眼前柴連𠻵𥘷𠁑𨕭冲茹平形失意󰀢些󰠱眉沙𩈘𨀈𦋦皮外柴咍浪拯差公蘊𠻆󱱊怨孛忴忴段連傕買𣈜𠄻𦝄孛題忱浪流遠州店柴𧡊孛現𦋦啫柴群扵孛𣈙𧗱西𤤰𫽄朱孛扵低群啫㤙柴渚献𥺹之柴別󰀢𫽄狐𪟽𧡊𨉞𧦈法𡨸題遠州柴浪𫽄可󰑼󰠲埃曰沛和埃乃𣳮𠫾柴隠麻𥈶蔑欺𧡊公蘊時湿紙麻盃店柴吏𧡊蔑𠊛浪𤤰朱孛吏囬扵低萬行別意呐咍福些𠰺斈特𣈙聖人𠸦台茹注慶文支𡋿典分福德㐌稽計吝𠄼吏𣎃𠫾公蘊歲時侯外堆𨑮𪩥𨖲坤窖固才𡨸義欣𠊛韜畧恪󰘵分𢧚侯別󰑼󰠲官該寓禄󰝡朝國家坤頑冉日涅那差行布𭛣𠊛些惵𢚸皮𨕭腰重待同椥𫅷𣒣木底烘核𨖲𭛣兵扔托𡨸廛習情𣈜𣎃固專固勤恩𤤰拮達荣身權朱爫大將軍埃斉李朝紀李太祖大行自賓天𫢩𠊛些𤿤怒𤿤尼保󰘵蔑𠇮懇懇莭高恪󰅹梅𬰊恪󰅹桂秋典𣈜竜鋌生詧㐌牢時丕昆𤤰仍𦉼埃𪟽𡗶扒刀和秋𧗱𦲿拥霜和󱘢𣘃治位特𦊚𢆥𣈙疾󰠱蔑𣈜󰑼蔑生𦋦宮撑彷彿魂花臥朝皇帝号羅尊封太后𫀅𧡊駭䧺𩵜𦣰𬳕橽刀烘扲𢬣拯𤒛時𤓢𫽄迡弹󰜏寡部埃𣈙底朱冲朝仍几愚愚可朱爫伵可朱爫柴固蒸公蘊𠊛尼固忠固孝固𣦍固䝨忍𫀅𩈘𪖫方員面方耳大的𢧚太平𫽄朱女𫽄塊庒秩功德意𫽄平強朱𠼕公蘊𠓨𠸕𠻀卞称󰑼媄此和爫牢悲除媄𫽄𢚸󰅹亊𤤰臥朝扽𧗱㱕陵昆𧗱於帝共庒𠀧𢆥耒𭛣埃平功昆公蘊渃𬑉平𡽫𤤰吒道意碎𡥵𢚸󰅹碎拯𢚸𭉩𢀨𢀭論道爫頭論󰒂爫欣忍油𤁕墨派𪳔道主唉群󰒂主拯差太后𧡊呐𢢯𢢯昆㐌实𠳒媄於連安𠯇𦖻啂保𠁑幔爵郎權奇渚筭戾之事机昆唉𡨸𠽮兵權媄懺算皮𢭄昆公蘊跪𥛉至尊帝子唉群拯敢刧𡾵國喪𪢜𭛣朱耒固才伊尹固才周公天下𦉼天下終天下初共如天下𫢩𬖉㤙包除仕咍權𫢩渚議变𫢩渚圖公蘊𥛉㐌𧿨𦋦懺生兵馬𧗱𣈙守陵𣌋𣅘篤蔑𢚸恒喪主𫀅凭喪吒恪󰅹𭛣兵將士保󰘵悲除󰟨渃㐌侯典衰太子幼冲別之朝廷將相意𠽮󱁲㹯𦖑饒埃乃顒󰘵蔑𠀲擼巢奇萬共吹𡄎𫀅埃固讓埃些唉拠𠳒皇后𠰺𡅳兵机拠法𡨸廛𫽄群𤤰拱如群𤤰初唉󱳮安渃安茹朱𠁀特𢭄意𦉼碎𣦍係典旬祭礼𫢩時公蘊𠀧𣈜結斎康康蔑莭𥒥𥕄󰠱𢚸礼󰒂𩂏𦖻𬋩絃𢚸鐄莭𥒥拯涓伊尹󱳮全太甲小生朝廷奇𨳒闻声固𢚸敬念固情𪡇囊𠀧𢆥耒𭛣𩯀喪美苗拯变𦎛鐄𡮍分太后𢜏𠒦倍分萬機衝󰂤𫔬民順和喪耒公蘊𥙒𦋦朝廷迍逴𧵆賒習耀太后判保臣僚主幼渃𠨪事固初𫢩好还天地稽台獴仍折猉猉吏折獴漢時柔弱操強操劫漢皇操底朱𡥵𦊚𨑮𢆥吏墫𡻖魏卯晋𧷺司馬刧𡾵昔日阿瞞佐漢時欺他寡婦𭁈孤兒誰知四十年天下寡婦孤兒再被欺昆踈𡛔寡扵𠁀負𠊛𡗶負傷𠊛𡗶傷初箕主幼丁皇先君拮󰜡拯傷拯為悲除主幼茹梨埃几肯為埃几肯傷茹苦惜牢特鐄坤拱󰑼𥘷跬拱󰑼𫅷公蘊功奇国家守陵歇討蜍𤤰歇𢚸應恬十八子成朱払大統底𰈏爫之蘊辞𡮍拯敢誇𪡇戾浪時群𩈘昆𤤰別𡗶㐌罕朱𠱋嗔爫周召輔周幼冲待除太子𮎦聰明堂北面周公就臣太后𡅳𠴗㤙懃玺符袞冕𠀧吝拮𢭂公蘊料拯塊󰅹㤙𨕭㐌討𠁑牢敢辞󰂇油𡗶拯𧦈扶之吹太后押朱𡗉吝脱催𠓨𥛉先君𥛉妑太后𨀈真𨖲殿𠳿𥛉天地𦊚边星辰日月山川鬼神碎拯背󰒂忘㤙渃因󰟨要𠁀因󰟨𠨪昆𤤰踈𨳒囂囂太后和朝及𭛣遣碎殿鐄𡨸󰜡𭛣𡗶朱矯仍𩑛逆賊僣偷傕卞練練𨀈𠓨謝㤙太子典楼東宮垂衣拱手九重改元興國提封冲外花闾險地狹囬車駕卞移𧗱扵昇隆太后𦖑拱淹𢚸百官師傅課共東宮課初爵禄榮封朱矯𠅍𢚸朱矯咹𡅧傕買定封功臣蹺𠾕矢石從軍冲外泣和𡳶買埃埃𢢲𢚸汰汰𦖑𠳒凌凌𥘷中𡮍拯呐能𦖑信太后𢚸𢜠𨑮分傕卞詔旨𦋦噒漠皇治渃法秦除𠫾臥朝法𡳶初箕奏戈太后每皮朱明仃爫獄渃獄争鋾湖塔累搓城欺初仍亊慘酷𠊛些𢚸民拯闷悲除除𠫾𭛣之民𦖑時𦖑補例桀紂𧿨𧗱唐虞󰠲拯撃壤康衢太平吏𧡊成周太平吏噠官制朝廷冲兵宿𧗱外兵屯田𫔭科取士求䝨固場習射固殿讀書教坊𬋩甲固司冲爫儉約外除冗奸税𨑮收蔑民安亊原討吏还原仍󰑼汝初𤤰群於廚恭憑𫢋力仗乎僧功𧗱廚六祖礼用𫽄𪟽萬行僧房永萧塘初𧡊㐌木𦼔𠄼𠀧童子囂囂哭姜𤤰𠼕𨍦𫏾呐𫧇德柴萬行㐌升雲衢𤤰傷一日為師告祭傕和敕給加封𤤰卞感景工𢚸汝課孩童餒󰪀𠰺𡅳省㤙𠀧㗂哭嘆傕吏𧗱岸古法圭初慶文歲壽延長封亞上皇朱𡀨工夫泊鐄支泣𧵆賒户行調特㤙𤤰𢀨𢀭𠁑車固几典奏亊陵國母闭𥹰渚𥚆𤤰𦖑𨍦𫏾別信𭉩󱋒車駕典沔林山𡃹跪𠀧㗂哭嘆㤙胎生意渚填𡮍絲道𡗶󰒂坦生𦋦加封太后庙蜍𤌋香威灵稟稟秋霜𫔬𠁀祚跬茹鐄𥹰賒蔑𡗶香𠽋氣和同𢚸禽鳥𨅸𰙔頭梗𥚆𫀅花𦹵終觥感欺流落動情慘傷自尼吸𧡊天香茹㤙󰘂瑞𫔬方𢝙𢚸辞陵車駕囬宮竜城定䁀九重执𢬣数𡗶限㐌典𣈜𨑮糁𢆥治歲苔𠄼𠄻䁀湖𤤰汝𨖲𠽉宮撑域域玉音自𣈙朝廷文武惜台妑梨太后傷台拥移萬民感景𠿯𠿯惜𤤰太祖創𠁀䂓模店𦣰拯𠻵㗂𰙔塘桃堵意𠊛和撑𡽫典共臨哭竜门想𤤰太祖唉群如初發喪祭礼大虞庙尊太祖昆和綏𨖲太宗課媄𧡊恬浪𦝄俸祝姅店入𢙇自然太后固胎生𦋦太子卒鮮異奇養餒𣅘𣌋撫𧗱𠸜󰑼𫢋錫撫𧗱罕灰𣈙𤤰上帝底𡾵𠓨殿𦀼治𦋦才保邦異形拯固𨤔荣󱘢法虞唐治𠁔商周傷民減税蠲租律令用皮刑法用公時皮渃治從容女包嗣聖𦋦𢚸負𮎦𡀿㛪武德𧻭兵店𫃚竜城押󰘂朝元端门秩󰘂掑杄軍𧗱𡨸𫃚直連𣋚𪰹𤤰卞密詔内𤐝乃𤽗奉曉󰑼𠊛清華筆剛實意圭茹才𨋤隊蔑𥘑𦉼拯𠄩拉𤤰太祖𨖲𡾵典𫢩皇帝治𠁀爫碎肝鐄莭𥒥拯移丈夫於世𢧚𤳇忠臣𢚸𤤰信󰜡爫親固主𫇰臣元老國家时皮治及干戈斫之跬渃𨍦朱安𢚸曉冲𦋦𨅸󰘂𧍰嗣聖武德拱衝押𠓨曉𠳨𠄩王拠牢󰒂󰑼骨肉女包生詧𧀑𤍌𡗶㐌定初㐌𰦫時除罪特󰘵生鎌尼雖曉蔑𠇮拯𭁈体𤠚用獰体𤞻裊麻曉查𢬣爫油𠦳拱破油𤾓通之拁鎌脱𨀈典掑嗣聖武德頭時㐌𢯦乱兵𠅍𤽶𧼌󱱊奉曉哰保共𠊛國家收兵卞買奏戈太宗𢜠𠒦頒朱爵權𠇮𤤰𨀈𫴋𡑝殿扲𢬣奉曉啌𠸦保浪初𦖑敬德拉唐朕𡄎功払敬德拯欣渃皮内乱決衝𠻆尚乍斗外边占城𦲿𦰤𦲿背𩂏身拒飭朝廷誇飭蛮夷󰝡軍怪乱边陲脅民茹渃遣𧗱爫碎边書急𩧍信囬親征𤤰𥙒典尼占城秩塘蔑𣎃仍兵自𢄂典城如會秦王几𠫾𠊛吏思量庯舍兩行𰙔管𢫝𠸩雖浪𥙒𠫾行征語課太平𠫾𢄂𧗱圭𠁑滝船似𦲿椥𠃅𢴿𢬦渃旗𩂏乞𡗶先蜂奉曉預差󰘉塘強典於外占蛮曉𠻵尚𤞩斈坤蔑𢬣𬮦羽斉萬周倉捻𢬣昆蜆撟塘尚𫴼誇孟𠀲狂斈坤𤝞吏󱁲猫強𢞂捧𢬣𫽄折打杶𫽄通占人即𢠣工𢚸𮎦䧺埃𫽄𮎦䧺易󰘵敵共奉曉除𥹰渃󰅹昆兔勿饒貝𤞻󰟨收𧼌隱曾笘几𬖉柴伵几𥈶󰘂茹占人皮課干戈𡞕𫯳隔別昆吒落𩑛主碎󰅹別𦉼埃宮秦仍焒隘𡗶仍兵奉曉𦋦飭攻城身先士卒威名平神󰟯張遼課消津奇𫽄敢𧵆𥘷拯哭店夷城兵計𠦳𠦳步步船船馭馭㺔㺔芇󰠲𦉼𫽄兵𡗶芇󰠲𦉼𫽄排排干戈扒主占城全家𫯳𦉼乍斗𡞕𦉼媚醯招安𦋦飭撫批占民𠳐教𧿨𧗱爫碎𡽫撑渃碧賒󰋓𤞽箕𫣢怒芇𠊛𫽄𦖑𤤰折乍斗即時船蓬𨔾󰜡娘𧗱國中媚醯慘切工𢚸傷身拔蕩傷𫯳冤愆𢞂愁八歹坤安𦖑笙強慘𦖑𨪝強傷𣎃餘𫽄別𣈜店𢚸𤴬如割胣𠹽如姜慘傷別𠇍𨑮層𬑉拯燥渃𢚸庒𢢯𫯳水雲𢚸仍𢘮蒙𢚷台娘巽窖𢚸柴𢯦倘吹船珥如𫅰𦖑呐浪時㐌蒞仁江竜船𤤰俸汝娘貪清𡮵𨔍意󰟯云云傳差中使内臣固𠳒安慰固分𠴗娘𠳐𠳒卞典𠴗揚固常󰑒𦀼固常盛衰娘呈妾本几圭鴈鴻涓退盃皮岸橷本生夷狄闭𥹰夏姬涅意敢兠麻皮虎庒姜后𢜗𧗱渃茹𫽄𧡊夫兒𫽄群誓𢚸㐌擼渃𡽫蒙𢚸抱石蒙𢚸倚蘿尔󰠲吝呂敢戈双傷𪀄越𥘑𦉼𧗱南蔑𢚸決𫽄二三花淶為𪽝㤙爫固螉傕卞酖𠇮𫴋滝魂花徬拂𦟐紅𰛻汀𢚸𦖑𧡊呐傷情㗂浪夷狄拱生誠純𠻆浪𡞕几逆臣傷為莭婦𨑮分論𨑮𫽄貪富貴𦖑埃院名忠󰒂底𠁀爫碑㐌𢧚名價女兒當時隊蔑和時固𠄩娘自𫴋𠁑陰臺滝鐄侈𧡊蔑𠊛夫人南海廣利王嬪因耒車駕𧗱𧵆黄江摆河𪽝買及娘𥚆𫀅姿質𠊛𢀨𫽄𡮺𫏾𨍦呐歇前緣王妑感動𢚸卞慘傷拱󰑼𡞕等侯王意牢吏沛呂廊細低宮撑妾待席𡆫媚醯𡮍𫽄祝𢗃道𫯳店𣈜唯唯哭𬖉淚玉堆𣳔胣鉄𨑮分𤤰𧗱𫀢准蒞仁茹民扵帝准𧵆江边店𣈜媚醯現𨖲扵𨕭󰘚渃𡎥卞哭嘆呂廊台闭紅顔語全性命語安󰘂茹𫽄𪟽渃㖂干戈因緣荼𦲿󰘂茹占包咍庒坦𢌌𡗶髙𡞕客𣳔濤𫯳客𦹵撑𠊛民𦖑𧡊傷情𪽝𠇮莭婦朱𠇮辱身暫爫庙𨳒江津甘𢚸烈女補身蹺𫯳説崔𤤰李太宗東朝文武論功占城奉曉辞𥛉圣明歲𫅷聀守底讓朱𤳇恩𤤰告老𫔮宜給嗔田禄底碎養𠇮之𡗉損禄朝廷古刀𡗉𠃣爫名功臣水山𨖲𨅸提真刀迻𨑮琰細𧵆靡鄕𥙩爫恩渃禄常爱州半𪽞號同托刀太宗皮課𢆥𨍦泣爫經理㨂侯蒞仁典𧵆媚醯朕身边江𧡊蔑庙神渚為篆群香炪𤌋猊𧡊𨔍𤤰時傳𠳨村民呐歇𨍦𫏾云云亊初娘媚夫人朕命冤𠇮店哭説营亊茹亊渃排情共𦝄莭碎月固咍庒麻牢吏沛落蒸圭𠊛𧡊傷民吟𠿯𠿯立蜍蔑庙助𠊛沛冤𤤰傷感景𢚸丹封号朱權拹正夫人𢆥常預祭𣈜春矯魂冤抑矯身糊塗𡄎𫀅莭婦󰒂夫𠁀𠁀血食埃𦉼𫽄啌𣈜因船客制滝戈祠娘媚動𢚸吊詩紅顔兵革處身隨染惜純誠節不虧,Nom
thien-nam-ngu-luc.no.txt,誓指山河心肯变肝同金石火難移更深浪靜鲸波去日曉聲傳虎旅知今古紅顏多穢衊惟娘節對日昭垂船𤤰𧿨梩还宮治計太平𠄩𨑮𬙞𢆥歲皮特𠄼𨑮𠄻賓王立庙号爫太宗自尊太子𦀼𣳔𨖲治計共特𨑮𬙞𢆥𠄼𨑮歲吏賓天聖宗称号𡾵傳朱昆乾德𠳐爫乾坤基圖治跬億𫔬永扶説𠊛坦青池州爫柴𣐙樾𠸜𦉼徐荣神通固法藏形於廚安朗𧵆城昇隆㤙𤤰和尚敕封𦋦𠓨特𧡊𩈘𧍰歆𪰹𪽝因𢚸慾麻制宮人固意供餒恩懃𢧚𢚸暮雨朝雲客楚娘秦拯塊某厘自󰝡𢚸慾𢧚迷𣈗𧗱共孛店𠫾共娘涓連𢚁拯𡨺床店清𪠺哆共娘𠱋咦固昆侍女𡎥𦖑別意𠸫跪典𫏾聖躬𤤰𠼕查𠳨亊𢚸娘󰝡意实排共聖明𫔬𬖉恕罪󰘵生碎𧯶固情花月共埃𫡦吝󰘂㨂扦掑店俸脱𧡊祝夢現𦋦蔑𪟽妖怪邪魔𠄩𦉼前刧冤家輪廻典常橘繞共碎渚及固𠳒動達皮𨕭𤤰𦖑亊𨔍眼前尋柴上手查𫀅亊尼景灵廚固蔑柴修号沃𣈙𦉼黎大巔急𠾕立即𠓨殿𠳨𫀅亊意根原体󰅹大巔達𨆝排𠸫󰘚碎拯𧡊碎侯呐𦋦𠸕宮人朱謹𠳒車𠄼色织底尼边床包除奴典貝娘𫃚𨉞朱秩爫塘呌𨖲碎時直外朱安動卞結界变𢧚黄城𦖑娘𧗱典夾更徐荣涓歴藏形变𦋦娘呌呼唤𧵆賒巔時结界荣和坤𠫾变𢧚丐𫋨蔑欺󱰔𠓨冲意乙時谨台畑𢫝𤒘󱙼凭𣈜外軍𫀅察冲柴尋𫀢𧡊蔑頭织雷傕𢷀外𠰘妬柴雷𦋦𣈙特丐𫋨𤽸奇台大巔打𣩂𦋦柴徐荣昆𦋦道行咍情補廚補媄蔑𠇮遁𠫾沙门剃髪皈依𧗱中隱𥘑埃時几咍󰝡𠇮爫客長斎吏及蔑𠊛󰑼阮明空共󰘵唐詫相逢结󰘵𠫾斈底防户身擼誓𡽫渃鬼神願爫兄弟至親蔑茹雖拯蔑媄生𦋦𠊛冲𦊚𣷭拱𦉼𮎦㛪蔑𢚸𫽄固𡮍嫌共󰘵𣵰𣷮𠫾尋法仙𦖑浪於縣𢙇安香積𧯄群𧵆燕尾庄保饒買𨀈𨖲塘派派𢚸𢜠𩧍典𫽄差𥚆𫀅󰘩景𨔍台固𡽫固渃固𩄲固𡗶𦊚皮𡕷𫽄𧡊埃落𧡊蔑𠊛董䁀𨅸賒菲菲頭泊平花𫽄𪟽孛妑冲洞𦋦制耒因𫢋眼點𫔭㐌沛固𠊛典斈法僊神通变化自然歲索計沔外糁𨑮秋𤻐𫅸𠇮似殼枯真如󱗴𩛜𩈘如𤠲𫅷𠫾時要凭𬟴󰜯計吝曾𨀈點𢲛𩧍蹺𡽫髙𥒥木𦖻猫真穎如澦𠇮𨅹如𪀄𬛕掛堆箻侵侵𫴋卞挭渃𠁑沉麻𨖲脱脱挭珥如筅堆𠊛𧡊𨔍等边裊塘媒𫅷㐌別訴详此𫀅卞𠳨堆払浪悲𠫾󰠲麻落典低𥛉󰜏固別嗔𣈙保碎媒𫅷𧡊说𠲶唭玉𥪞𦉼𥒥𠇍𠊛別咍堆𠊛𧡊呐𢜠台浪罕尼柴群沛𠳨埃蹺真戈蔑琰󱱊𡽫𧡊排𦉼香積山花紅𦹵綠滇滇𪀄𰙔𠰉𡂒𣷮弹䁀當𠑕𬖉𨕭𧡊蔑𧯄吏固𡨸浪雲夢山名柴號鬼谷先生於帝修行別𠇍𨑮秋吒𡗶媄坦生𦋦𡽫渃󰘂茹𦝄𩙌姉㛪外塵𡮍𫽄兑𫀅盃台蔑道參禅𣌋𣆐堆𠊛練練卞踈眾碎昆𡥙柴廚生𦋦𠸟台𣐙越按科塘修練意別𦉼帝之闷身𨖲𡎝慈悲有為底蒂無為𠫾尋柴傷柴𫽄𡮍嫌𠰺𠻀法則偷店忍𣈜修心練性𫽄亏堆𠊛博士蔑柴加功加持計㐌𠀧冬𠇍經𣷭釋蔑𢚸讀收𠀧𠦳印決固餘斈通五界三途𠮩咍煉身𢧚𫢋祖𫢩化冲五臟外𣈙六供吏咍通化無穷出殻入殻精通每唐三十六員天罡七十地刹芇唐𫽄通出神入聖虚空諸𫢋諸地調共沛𦖑柴𢜠苔伵頑危保浪得道時𧗱麻修唉𦋦飭𭓇奇區渚𧡊特道麻𩛂之羅共󰘵𥛉柴𧿨𦋦𡄎吏亊妑挭渃𣈜初傷些𠊛𠫾逴些假爫弹妑𧗱吏还原堆𠊛𡄎別亊緣𧿨𧗱景𡳶𫴋沔人间𢚸柴道行𥒥端𡧲唐此法𫀅埃欣才丿連堵律𦋦外𢧚蔑𤞻奇𨅸𫀢歆歆豪光創泣山林潭譜㐌㖂㗂唅㐌𡂰張𠄩昆𬑉似寅𤡛𤽸如銀𤢇鈍如𢴋𧿆𦋦扒柴明空𢚸㐌別特亊𢚸𮎦㛪㐌願𢚸蔑𫽄嫌𢚸𠊛俸化𢚸𪀄包仃明空卞㩇黄城沛欺惡獸興行不仁𤞻卞𨅸朗秦銀如定身法如神执㖼明空卞買恠𠳒闷爫身意𨍦𤽗特爫㐌身入聖超凡𨤰󰝡𢚸实牢󰝡𢚸邪道行渃𬑉㳶沙𠷈𢝙𠹳伴𦋦和此制闭除㐌沛怪𠳒𨍦油固情嗔埃似共課意道行明空辞饒埃乃調共𧗱圭裊唐分別蔑欺几𧗱膠水𠊛𧗱山西道行自典𡽫柴唹台景物󱋙台朝𠊛眼如󱚪杏塘梅准𡗶㐌頓𠁀𠊛吏修酉園南帝初箕桂𠫾逴月柳𧗱迎春道行泣啓移真𨖲𨅸𡽫神尋𡍟𧯄仙𡨸排𦉼顕瑞庵湄芻技𥒥𦼔印曳牟𡶀𨕭固蔑峝溇語敺碧漢語敺石泉𨷑𫼳風景𠁑𨕭𡎝凡坤唯准仙麻尋柴自特景𢜠喑𠫾𧗱固據咹𦣰特衝耒因仕鄭边𢚸道吒󱳮报𡀨功生前忴𭉆柴梨大顛傷吒舍利𥙷沔蘇江計自流落扵塘越王𦣰檜漢光㕵𢤞爺娘坤別源干自𦋦船若渚㤙河黄丕卞罢買𨖲塘尋𧗱安朗𠽄沔借圭萱堂𢜠唉在時𥛉催𨍦𫏾云為呐共𦋦尋蘇瀝𪤄滝底昆梞竹浽工溋𦉼变𢧚蔑丐長蛇玩玩洡和󱘢渃沚吹柴𠳨梞竹箕喂牢𤽗洡買麻𤽗補柴梞卞㵢虐蔑𫩝吏典共柴还本將初拮󰜡柴買𠰺𠻀遣牢𦖑丕󱋙皮如印念呪一杖指天二杖指地三連指人柴連变法藏身𦋦城𠓨塊典𧵆景灵假𠊛过路爫清大巔不意亊𠇮拯𠵱䏾𦝄買󱙼𦋦𧗱柴連打俸蔑欺昂頭最𩈘呐之特󰠲三魂七魄漏漏拔𦋦大顛㐌托𢧚魔柴𢜠𣳮特詧吒甘𢚸吏𧗱景𡳶𡽫蓬陳情懺悔解𢚸冤愆自意𡨸道參禅長修結界約𢧚上乘说自仁宗爫𤤰歲乙󰟯它𪠺𠯽𦊚𨑮和吏𫽄固昆𤳇󱳮皮基業󰜡埃𢭄洳麻㛪崇后闭除𡞕𫯳時拱磮如𣘃株保󰘵料晾筭󱳮別󰠲求帝衬𦉼固昆底𪰹𡨸󰜡江山矯功先德俸連𢭯空𤤰卞傳保冲宮妃嬪太后調共結斎係𤤰立𡊨求胎埃生男子底𪰹治位崇侯自𧡊信𦖑浪𡽫柴固法時驗台懺笙礼物限𣈜𡞕𫯳斎戒𡽫柴尋𨖲典呈道行亊緣祈禱嗔願立蔑𡊨胎柴𢜠拯固所奈按科跪奏孛𡗶共咍爫蔑道符㧅𢬣柴保𧗱𣈙娘乙固胎千萬渚󰜡爫差細𣈜𧿨胣朱𠊛典低柴朱蔑法𧗱𫢩易𣈙生𦝉易𣈙養餒求傕崇侯再囘柴卞煉法投胎出塵托生爫昆国君治位填刧課身修行夫人𧗱典本营店俸用𠇮創泣外冲自然轉動冲𢚸源桃𫽄𧡊浮紅𫽄差別𠇮浪㐌固胎崇侯𢜠𠒦𣋚埋供養旬皮𨑮𣎃𨀈郎夫人𧿨胣昂昂闭台計吝㐌特𠀧𣈜仕汝𠳒柴𠸕保𣈜初買割蔑𠊛𨖲廚保信道行闭除連咍符收歇魂魄柴𫃚形人㐌付𫢩󰝡𧗱𠓨𧯄念呪蔑欺蹎時踏𫴋頭時勿昂化魂脱殼𭉩鐄柴典共娘入𠓨爫昆夫人胣㐌平安𠇮跬𢜠胣𩚵咹𠸟𢚸说亊柴阮明空於廚膠水從容安禅點𫔭慧眼𬖉𨖲𧡊柴道行㐌願投胎𦋦爫太子治𠁀柴嘆渚尔女𢙇功修裊爫煉刧爫𤤰蔑時富貴𫔬秋輪廻沉淪苦海闭喂𠃩刧𨑮𠁀反福冤家包除修吏特𦋦些時爫孛𫽄𠺮爫𤤰夫人安胣如初俸祝闭除月朗花𫔭轉𠇮渚及保埃丿連生耒男子平花崇侯招質㤕車買噠𠸜𦉼陽煥𧵑腰𡨸𢬥㨢𢩮𣋚遙󱬚珠户李頭桃渃南仁宗自意𢜠音舌𮎦㐌特吏㛪戾之共蔑𧖱吒初箕󰝡𧗱餒𤓢𣌋𣅘冲殿東宮太子立𨖲𦋦詔󰘂殿天下共咍皮𠄼𨑮𦒹𢆥迡皇上歲𣈙計𦒹𨑮𠄩傳朱太子𨖲𡾵𤤰卞車駕𨖲制煙霞碎𤽗埃乃㤕車歸陵尊号謚󰑼仁宗百官共𠓨會同擇除太子九重𨖲皑聰明性氣欣𠊛文吱國子武吱射場政刑條律𤑟𤉜禁塘權󰟨戒塘濫民治计皮特𦒹春俸𤤰𧻭疾化身爫𤞻皮膚𣯡木藍笘咆哮㖂坦󰢷喑󰠓朝埃埃魄落魂漂亊牢怪㪯𠁀󰅹固庒㨂櫃底於冲宮呌柴天下助共󰜡𤤰禱祈祭礼𣌋𣆐𤾓治𠦳符𫽄固轉󰠲朝廷文武󱳮敺宮妃皇后𢚸愁劔鮮孛當禅定𠃅外𧡊徐道行輪廻㐌𦋦变𢧚弹𥘷𠄼𠀧撫𢬣唭㐌吏𰙔浪丕欲救李九重須得阮明空冲朝固几𠸫排浪固弹𥘷𰙔𣈜𢄂東闷助特李九重時尋柴阮明空朱勤太后𦖑別曲挼坤別𠊛󰅹𦉼阮明空固𠊛𠸫𠁑殿𧍰𠊛圭膠水篤𢚸慈悲急𭉩差使者𠫾𢴿船𫤁琰典圭茹柴亊𤤰𨍦𫏾呐排柴浪亊意裊𣈜夙緣麻柴初𰦫𠳒願橘爫甘𠹾朱𢧚墮尼各官煩唉𢪀低時斎傕仕𥙒𣈙戾之諸軍𦣰𩛜江溪𫀅𤇮柴時𧡊𤍇蔑𡋁󰇾𦋦拯別包饒軍國咹調𩛂堵爫双保饒仍亊𨔍𨓡法僊乙助𠇮𧍰塊灾柴浪埃乃𢪀宜󱙼𣈜仕𥙒矯𤳇辱因使浪𭛣渃慇懃冲傳㐌限日旬敢差柴浪使渚󱳮󱱊踸𦋦梩蔑典尼戾之埃乃𦣰𥄭𠿁𠿁法柴化𩙌𠺙迻蔑囘𤎜𣈜船㐌典尼𨖲殿柴買𨅸𫀢櫃𤞻柴念𡨸鉢銘吘西方教主来通𧦈持一杖二杖指魔三重結界四𡆫黄城𢚸雖惡獸化形𢚸群別戾人情初来𧡊柴渃𬑉𢢯𢢯嘾喑󰟯哭𧿆𨄍󰟯跪柴傷浪拯戾之𫏾𰦫𠳒誓𨍦沛墮身願蹺初固鬼神助󰘵蔑塊沉淪墮形之朱典挼灰腥傕柴拮󰜡丐釘𪽗符榾殿㩒𠓨闭除捻𢬣爫釪埬率𠅐𠫾呪念结界蔑欺妬柴天下埃時擼𦋦特時買助特𤤰若擼拯特仕𢵋朱𫀅琴𢯦鈽㧺計𠦳冶長功德埃编朱𣈙傕柴󰜡堆𦰟𢬣秩𦋦蔑祝珥𣈙如筅柴𠰺𤍇鑊油𨖲焒容平𩈘㵢𨖲平頭櫃扲柴連󰝂𠓨虚空焒𤎕俸耗秩油𤈜散櫃鉄群󰠲𤢇𤡛拥歇皮毛平詞𠇮𧍰吏省如初𦋦和浸沫𠓨和𨖲皚百官文武冲外𢜠𤤰𫔬歲眾碎蔑𢚸悲除特𧡊𩈘𧍰𫀅功柴凭如功𡗶𣈙㐌𢧚道德髙𢬣𨕭𡗶固別法尼共庒𤤰卞宴待冲宮谢柴傕󰜡鐄𣳔𦋦朱柴卞𠳨歇𡮈蘇𤤰𫢩固汝刧初庒󰑼𤤰浪陰陽異途一隔一照別𦉼亊之浪徐道行初箕课𡽫雲夢共𠫾斈行𫏾𨍦𠸕歇昔寕𤤰卞買別前生蔑茹泊鐄無數提多囘功柴拯兑戈調之辞𤤰𧿨來𦋦𧗱󰘂殿讀偈蔑欺浪丕麒麟圖後末望月到中天吟傕倘𨀈塘𩄲吏𧗱膠水店𣈜誦経𢜠台𤤰㐌康寕天下太平鼓舞謳𰙔明空偈𧡊𫀅戈感𢚸𤤰俸双俄徘徊膠水遣𠊛典尼𠳨柴苓𭁈固𠳒救𤤰使卞罢買𠓨廚榾前堂㐌排踈底共上天下地竜落影满謝人间不问焉使𠓨拯𧡊明空嘆𠳨小童啂保浪悲柴制𡽫渃闭𫢩𣋚𦝄爫趣𣌋𩄲合團𠸕浪耒亊人间固庒时吏再囘本圭使卞𧿨吏奏跪永柴󰅹𧡊𠳒之𠳨𠻃𧡊踈排於榾廛讀戈𨍦𫏾𤤰連別咍𠇮𤤰自意坤𢗃七情煩𢙉𤴬𣈙𢧚迷麒麟蘇武次提𤤰𨖲即位皮𨑮蔑𢆥李神宗𡧲𡗶𦝄姅拯任歲𤤰計忱皮𠀧𨑮𠀧𨕭𡗶𠁑坦𧍰沙子𨍦丑𫏾夾除𤤰崩朝廷咮咄㖫㖫臨喪尊號噲浪神宗亊油固固空空𡽫柴吝拠峝共𧯄溇𨁪𠓨𦋦𥒥漏漏群曰勿頭群𨁪踸真唉群舍利押銀魂仙㐌化𢧚神𮎦灵𣎃𠀧夢𠃩莭苓會𣈙仕娓誦涇供養擛因客典會場制廚𨄹景題行踈𣘈題天福寺詩云形勝安南第一刊名藍似此蕩然觀圖收世界殊󰘩景局把乾坤別世间殿宇千重昭日月香烟萬代满江山年来春季期佳會詠祝君臣治且安題傕𢝙𩧍𨖲𡽫細庵顕瑞鬪群如印鄭𢚸汝亊蜍仙步韻唐律劄编石墻題顕瑞庵詩云天地安排造化分髙山深谷別風塵春花满地香󰘩送秋雨懸珠乳石民白節青霞皆業産赤松黄栢是鄕鄰逍遙自得神仙術世上𫔮居天地人吟哦坤掣𢚸常解𠳒國語吏章踈浪國語踈云𨕭嵿𡽫柴蔑峝賒润排底𠰺几頭佗湄𠅜玉洒澜𣹓󰘂坦孛春圍弋仍花香供篆𤼸洳瑞氣経𫀅畑點逐姮娥𥒥凡㐌化𢧚仙峝卋界冬𢧚合蔑茹李𮎦宗百官文武朝堂卞逴太子座鐄𨖲𡾵𠃩吝台𡨸𭛣𡗶罕灰平𫏾拯𣑳如初耒因打𩵜西湖昆船𨳒𨳒掉都𡧲𣳔绳黎文盛奸忘斈從妖術𦋦𢚸嘹𤤰奴卞化蔑陣𩂟𬇚𬇚𩙌㖂排排湄沙𫩝𫩝丿吏創𦋦𧡊蔑𤞻𤽸洡搽渃撑𠯦𨖲𠀧㗂奇驚𢴿船撫扒󰜡𠇮𮎦宗固𠊛行䊷𠫾共男兒𦋦志𮎦䧺扶𤤰𠸜𦉼穆慎課初𠊛圭網瑞󱘢𤤰制湖𧡊亊𤞻典闭除䊷肱𫃚特當𢮩仍𦉼㭲𢴿擼打如車𤞻托啫𪻃吏𦋦爫𠊛𦋦绳文盛拯差𤤰封穆慎𫏾𡾵庙堂聀髙太尉窒𢀨西湖網瑞𦉼坊堯夫𠀧𨑮𬙞𢆥爫𤤰歲𠄼𨑮皮車駕𨖲仙李高宗昆𦉼竜𣉙綏𨖲冲𢚁碎䝨外𢚁將名所𢀨𭛣奇朝廷役扔憲诚治扔敬修初𮎦宗群爫𤤰太子竜昶淫汚宮嬪𮎦宗𢚸拯𡮍分時𤤰竜乾歲旬𢧚𠀧固几媒姉冲茹𢶸𠓨朝德𤤰吒上皇哭𠾕巾帶𭉩傍󰜡朱渚及𠾕強称称󰜡朱漢許𢚸𢜠𭉩傍揞󰜡曾平隊𨖲上皇𢪀議啌𠸦払尼奇𧻭乙𢧚身𠊛細𫢩𤤰特𨖲󱠢亊恬現𫏾𢚸𡗶㐌𢺹憲诚輔幼𣌋𣅙恪󰅹伊尹劔之周公自𤤰𪩥𧻭恪𢚸冲篭色慾外篭奸邪恠牢𤵺𡗋倍分𦖑時唠沃動身仍󰑼固绳阮餘奸邪斫鬼台󰑼𠲝主爫功奴浪固法神通指雷雷滅虚空忍亭𤤰𦖑奴呐𢜠𢚸𪽝信朱業󰟯平曳衰昆𦉼李旵台位課爫太子固欺制巡𢝙都船𩧍水津細沔海邑侯𧵆利家𥋷𩲡侈𧡊蔑茹椿升𠊛𡛔𠓨𦋦蒂𣈙丰姿骨格𨔍台𠶣𣘈漢漢𩯀𩄲夜夜𩈘𫀢美似式花歲撑皮典䏧玡買冬太子𫀅𧡊動𢚸造緣𫏾𪽝絲紅孕𢧚𠳨𠻃𨍦𫏾前緣娘卞排歇源干亊茹吒碎户陳生𦋦碎󰑼昆𡛔業茹趣圭太子卞逴󰜡𧗱封陳李后扵座夫人自意親戚賒𧵆共洳富貴共㤙𢀨𢀭惠宗自课底朝𤤰𨖲即位𡾵髙九重夫人特預守宮𢀨腰泣渃荣華和茹生𠄩公主平花㛪󰑼昭圣姉𦉼順天惠皇歲㐌髙年昆𤳇拯固𢚸煩㤕車吏呐典亊陳家祖初本实圭茹渃闽奔艚商賣之人帆揦安分㳥𩙌𡨺柿福𡗶造化羣腰奔𠃣礼𡗉埃几拯傷有緣典阁滕王涓圭福建汝唐安南細廊墨鄕𡎥𫀅青山秀水𢚸嫌掣之耨𢭗扵帝立圭固緣及蔑女兒結願󰘂茹根本立𢧚卒福群𥾽生特堆𤳇恬苓熊虺現胎計㐌𠀧𠁀生特夫人分埋緣𤊰𠃩吝㤙𨕭𫀅凭𢬣蹎店𣈜𮎦奇󰑼慶嗣𫢩頭昆茹注生𣈙堆𤳇朝廷拱預扵𡾵𤵺台慶嗣𦖑吹𧻭乱沛刑麻拯固昆夫人掑孕󰜡边注𣈙初𮎦守承群𫢩生堆昆𣈙柳煚󰑼𤳇柳時歲㐌𢧚𨑮煚時歲買𢧚堆幼冲注傷餒𤓢扵共守度特用𢭗势夫人權封典大將軍𡾵髙丞相朝廷敢呼󰝡柳𠓨爫碎𤤰外注𠰺𠴗冲姑呐𠸒尔芇麻拯𢀨𢀭尔芇麻拯王侯封功𦋦𠓨皮特𦒹冬惠皇𠽋唸固𢚸啌𠸦嫁朱公主順天封爫駙馬結願夫妻𫢩𤤰歲㐌戈時固堆昆𡛔拯兮固𤳇順天㐌嫁𫯳耒群蔑昭圣養餒冲殿歲皮𢧚糁少年𢚸𤤰惠帝㕸傳𡾵朱双群𥘷𤵺𬏝踈渚決糊途吝呂󰇾揚封陳柳𦉼乾王強衝唐壻底和𡨸㛪煚共昭聖同年斫陳守度㐌𢧚頑危遣姉進爫仍侯𣋚埋朝直𦋦𠓨冲宮昭皇腰酉信用󰒂𦉼㛪户昆𣳔𡥙姑惠皇𢚸㐌別机台李乙𦉼陳氏冲𢬣親王仍几𤵺𬏝傳朱女吏和𣈙底空户陳㐌律捹槞𦀊𣑶㐌𡗋𦑃𣰴㐌𡗉若麻𠶁顒爫嘹咍丕苓礼群调𧋉枯𦉼平泣语對孤𧐖拯𠴍𪂲𪂲𫽄𠴍𧐖麻𢧚困奇和團𫽄平料量朱安戈𠁀傳朱昭聖𨖲𡾵户陳守度𡨸𫀢扶持默𢚸奴爫周伊咍爫仲始咍皮石公傕卞草诏冲宮昭皇𨖲治九重爫𤤰惠皇在外𠫾修看山廚意蔑𤤰蔑柴昭皇自继治𫢩冲時太后外時陳公奪權時㐌拉蒙双离吏𢜝渚衝蔑皮陳公𢚸拱懺提離昆𫽄固爫時如仍女陳柳𫽄服庒,Nom
thien-nam-ngu-luc.no.txt,争權長女不平拱虚拯平些唉待机朱陳煚𪩥闭除仕咍煚爫仍侯闭迡𦋦時𤤰汝𧗱𣈙𤤰腰昭皇𬏝渚別調默媄筭料默𠇮遨𨒣固欺闷御園花煚跪爫馭𤤰和騎𣘾吝呂歲㐌𨑮𠄩󰘩流眾𪩥耒來斈坤𤊰唏涓㗂碎昆󰅹群仰及󰅹群京謙買咍頭𣎃𦝄𧷺𨖲𣈜蔑󱙼蔑店蔑𧷺訴姮娥闭渃𡽫暈群詠詠莭群康康工𢚸汝客征征闷埃離拯固浪埃咍春𧗱花連𦬑𫢩細𦉼螉蝶㐌差戾之陳煚𦋦𧗱蔑欺汝時𤤰𠳨永時𤤰蒙固欺𤤰御冲宮煚典床𧍰跪𠁑爫㺔𤤰卞𨖲騎麻制𩄲春𫕲浽宮𠅜現𦋦后羿𧡊𩈘姮娥張弓闷𢏑離它拯當別情𤤰拱意傷𣈜𨍦卞吏遣払爫㺔吏涓態𡳶吏制煚跪𨆝𫴋𤤰𡎥𨕭𨉞㗂敦㗂𠯦󰠓㖫𤤰扲頭𩯀煚㨢𠄩𦢶干𢝙呐呐唭唭仕𢬣𫽄执仕𠳒拯之煚油𢚸固云為昭皇敏唤唹𠵱拱唭𢚸低矯帝麻制東南𩙌㖂𩆪𠅜包容琪園𠇍㩒桃紅菍花苫曳昆螉約忱買咍浪焒𧵆笘油提時拱𤈜藍拯空赤紅𢧚犯月宮透𠓨帝座默𢚸客星𪽝客故𫇰傷情嚴光特挌𨖲𠇮漢光白涓自𤊰乂鐄昭皇自意平󰟯林占冲欺幽暗最沁𢝙𢚸陳煚卞吟踈浪在世塵埃少者知赤绳紅葉定永期但𪟽月桂髙难折谁𧥾髙而易折之𠯇𦖻陳煚呐能亊情𡽫渃𫢩庒調之蔑𠄩浪拯戾之𡛔妸𡨺位朱特𥹰𠱋󰜡𫯳時𫯳爫𤤰扵空無嗣拯如󰜡𫯳嗔𤽗𨍦实蔑𢚸爫𢧚試杜汝功㤙柴煚浪㤙意重台臼姑堂姪欣𫢩皮外蔑茹冲户外碎注𥿠吒䊷亇底埃咹𡲤它𤊰󰒂爱㤙勿群別道君臣主碎况之几㐌爫𠊛咹𨍦涓𫏾𦋦𠳒負󰘵𣈜𨍦文武𠓨朝昭皇判保𫏾𨍦𣳔𣳔朕𫢩𫽄恪絲紅如𣘃𦬑𦰟離空𦮲芩春夏鮮卒審淫秋𧗱肖殺冬侵𤉗殘𡛔󰠲𡨺特江山徵側󰅹群嫗趙𧡊󰠲等𠊛智午才牟胣神𦖻玉体敺仍󰑼功名陣𩙌𠺙戈烘茹時固𡨺茹時空爫之扱細𨻫功𡛔係寡𫯳𤳇典苔溪闭除天下男兒几時懺蕯𠊛時懺灰埃乃闷朱𣹓㘨亇兠群底典𠊛外咹朕共煚󰒂姉㛪朕朱台𩈘𦋦𫀅𭛣朝𢧚庒群𠰚臣僚闭除守度冲朝𦋦𠸫皮𨕭㐌实𠳒𠱋文武𢚸󰅹吏固敢差𠳒它決实罕灰草诏遣𠊛奏德皇宗󰘉𫀅𨍦𫏾𣳔𣳔傕卞準诏递工𠓨朝昭皇𠼕陳煚𠓨玺符衮冕拮𢭂朱𣈙𠃩吝𢷀襖执𢬣昭𡾵皇后𡎥𫢩𫀅朝百官會合跪奏𢜠台𦊚𣷭结收蔑茹v𫢩國脉𥹰賒几啌盛治𠊛𰙔太平歲𤤰日月升恒南山呵𠁔𡶀𦝄𫀅斉説亊𤤰李惠𫢩於看山寺闭迡𦖑经𤤰自在外脩行𫽄兮固𧡊朝廷蔑埃𦋦𠓨掑𩠸塔𦖻𡨺𠇮如焒謹唏如𨪝密群𧋆𧌂合団鉊空歇𦟐蜆連𨁏𠫾惠皇慘切𡗉皮惜茹惜渃傷時傷昆堆𤾓𨑮𦒹𢆥𧷺𪟽𢧚弋弋語群賒賒耒因制景𠓨𦋦蔑𠇮董䁀𢆥𠀧碎隊雉長襖𦃿帶荄梞竹瑁玳󱨑𡲤𫽤摳㐌𢧚大仕柴脩𫇰臣故主悲除𧡊埃𢞂𬖉景𬟗楼臺別氽吝𡗶別氽吝𩄲仕𬖉坤扒𪀄𠖤買咍𣘃奇拯咍再囘箕天子𬟗意𠊛𠫾󰠲傷台欺永朝侯踈吟髙𥰊詔奏󰠓㖫悲除蔑鉢蔑𤭸梁武哭姜侯景拯涓責台仍几面前󰜡𠳒𠓨典𠁑殿卞奏守度𦖑別𫏾𨍦民群勉主侈󰠲𧡊乱遣𠊛典廚燈山󰝡蒸毒酒卞連奏戈浪碎𠳐𠇮國家𧵑官丞相󰝡𦋦供養𤤰咍別意保浪課漢初恒及莾親王傳柴動𫪹清鍾念经寂滅引塘皈依香殘经尽蔑欺車仙𫢋逴𤤰𧗱西方傕連入相竜床𣐙挪台汰感傷𠿯𠿯惜𤤰和吏惜𠁀𥘷𫅷慘切𡛔𤳇歹敖哭傷邑󰜡黄袍欺牢卋意欺牢世尼数𡗶增減坤咍欺潙潙𫴋欺苔苔𨖲汝初太祖受禅𧗱廚六祖𧡊篇神題一鉢八功德隨缘滿民间光明重照燭晚景日登山典𫢩計㐌糁位八功德意实時㐌公惠宗𠸜𦉼李旵應恬晚景日逢登山日没正酉兑间兑為少女实生昭皇亊机造化窖詳預知相見矯方冤𣈙惠皇自𠅍渃𫢩江山棱𦹵𧗱𢬣户陳陳皇感󰒂外親臨喪卞買擇旬㱕陵礼尊敬祭𣈜恒庙蜍嚴謚號浪惠宗𭛣朱守度𠓨宮𧡊妑李后𦟐红渚派曳干𢚸欲制排逴𠓨相府结堆𡞕𫯳默𠇮昂语冲宮短喪故主󰅹𢚸𢘽埃灵祠國母封𡾵昭皇𫽄固昆𤳇绥位灵慈守度頑危順天公主𣈙時固胎谋󱳮停底绥𠁀吹𢚸𦣰󰜡底𪰹治位乾王𢚸𢠣掣之𡞕𮎦刧󰜡乱皮彝倫鳩𦬆󱛙𢠣十分卞吹子弟结軍爫乱冲外𫃚歇長安𤤰卞律𫴋𠁑船𧼌吹细府天長杜宜𢭗共伴𬟗𦉼𠊛禅師御筆卞買草書󰋇𠳒敬𠳚𧗱𣈙乾王書𮎦𫀅㐌𡄎咍𮎦㛪骨肉㐌丕別牢吏曰蔑書𠳚𢭂順󰘵埃固𢚸󰅹𡗶咍收兵𧿨吏𧗱𣈙𤤰𢜠車駕吏𫢩京城蔑茹吏合𮎦㛪守度固情浽陣乾王捽鎌蒙𪟂吏傷陳皇揞󰜡倍鐄𡨺𫢩守度浪默眾悲拯𢜝蚤𣈙𨍦時秩㤙撻鎌度𠻵蔑干诧之𬌥坦爫昆朱𠊛陳皇安慰闭除𮎦𮎦注注埃埃順和世󰅹拱门徒些𢜝之麻吏唉𦋦皮外𢜠饒𡃹祝𡅳𠶆𮎦𮎦注注共𠳒执𢬣陳皇保柳浪悲封朱𮎦𣈙󰑼安生王𢜠台論󰒂𦧘昌蔑茹共享寿康太平𣈜𨍦順天卞生特蔑男子𠸜苓國康陳皇腰凭玉鐄体󰅹拱𧖱翁吒生成説亊𤽗阮士诚㤙𨕭一举监生𦊚𣈜𢚸辰剛直討𣦍調公恒呐亊払拯𠳒東家固夏侯該𫀅𠊛平𦲿𫀅𡗶平𡍙性涓毒𭁈暴㐫油吒拯𢜝油翁拯為西鄰固范可知𣦍時如忖𤵺時如𬟴侯該毒与計𠦳老神奏告上天堆囘皇天𦖑呐曲挼卞差鬼使尋𠾕侯該寅寅卞𫴋典尼鎌奴㕸𢙇咍蔑拯他歆歆𠾕仍𪟂破驚魂鬼使𧼌𦋦拔岸𧗱空𢘽罪天官𧿨吏扒乾沛范可知士誠𧡊亊狐𪟽苓時眾𣨰𭁈時𤯩𥹰𡄎亊𡗶坦𫏾𨍦吟踈蔑首冩愁魂冤高居厚䖏不䏻通所脇䝨兮所畏㐫谁谓天工能照鍳士誠達𨆝奏𠓨可知𣦍𤵺拠󰅹折冤侯該󰑼𠀲奸頑時牢奴𤯩意缘拠之碎𧡊亊𨔍狐𪟽固𢚸哀怨吟踈讀𣈙皇天𧡊呐買咍𠾕該鬼使吏𫢩責刑拠牢爫亊不明脇冤女累典𠇮可知卞差萬毒𩧍𠫾扒侯該调即時𨖲低士诚卞吏奏排可知冤意願𣈙嗔他判浪侯別牢󰑼魄魂㐌歇昌䏧涅𤷱冤奴福底𡥙昆堆傳富貴爫官朝廷頑台魂魄士誠蔑功𠄩𭛣亊𠇮奏踈浪碎昆𥘷斈路倘𣦍群汝奸邪㐌涓麻歲外𦊚𨑮年孫山外分玄恒𠸜𨍦吏沛冤折為󰠲稽首叩頭萬罪嗔他判浪𤽗德行𬲢双离累𪽝前朝祖先尔𤽗自意分安双傷冤抑麻填𡮍分他𧗱𭓇業唉勤𣈜𨍦吏占榜春戾之侈𧡊蔑𠊛初箕南陳𨍦沛厄𧗱竜王固𠊛福建客商𠸜奴󰑼阮伯先課尼爫藝奔半闭迡漂帆落𩙌細𣈙南邦𦷾号󰑼处海陽於東潮縣於廊髙𬮦𧡊阮氏治容顔结爫夫婦卞𢧚𡞕𫯳制𦝄𣎃糁秋中占包奴典淫共蔑之𣈜𨍦奴生𦋦𣈙渃南㖂乱東西隊吝士诚奏𫏾天君亊牢恠㪯󰅹恩朱仃户陳𡗶㐌降生裊丕水府吏争上天玉皇買吏判傳吏朱童子青仙𫴋𣈙底防𡨺奴埋𣈜士誠𧡊丕辞𣈙𧿨𦋦𤤰差使迻𧗱茹𮎦㛪嘆𠳨呐和緣由説亊陳柳英𤤰夫人店意𢠩𢠩占包𧡊𠊛襖撑𪽝󰅹典卞噲媄邑𠓨冲娘夫人直聀𢠩恾胣俸𤇊𤇊󰟯体固胎满月𣎃計𠃩𨑮生𦋦男子恪類凡间奇𨖲蔑𣈜蔑頑文武兼全忠孝𠁔𩛂𠸜󰑼國俊噠朱㤙吒拮撻㤙𤤰生用歇橋野象扵共爫貞𩻟𦑃爫终󰘂茹攸同富貴𠓨𦋦𤤰和腰待朝和𪡇囊爵封󰑼興道王乃咍軍國平章重權扲斤天下𢵯扦所郎坡𡎝𡨺廛國家课意陳柳󰑼吒𬙞𨑮歲𫅷𠇮染疾𤴬傳𠾕󰜡興道𠓨歇橋野象𨅸侯堆边逐歇左右碎綿後堂𦋦塊柳卞呐䏻扲𢬣國俊𠸕浪陣初吒㐌筭芒𠓨殿𢗼群守度执鎌爫苓吏忍固安干詧闭除吒㐌𫅷奴昆󰝡權奇埃󰑼几當吒約爫周文王陽间扒刧󰋞鐄安身國俊𦖑呐奏浪君親堆意渚分糊塗𠁑幔呐歇𡮈蘇願安竜体渚󱳮亊𠁀店皮聀𨳒𠊛𠵌安王魂魄𨖲制天堂國俊𠇮𡨺父丧𩯀絲𡮍拯多芒某分課意太宗茹陳𢜠𠁀無亊爫船江𨒣歆歆𪖬对倘都虐𣳔察察杜茹喝门順吹𧗱裊滝昆细安所社󰑼丹鳳城湖馬津買㨂营俸𧡊船呈𤤰𠳨意埃踈李服蛮𦉼碎生圭本於在尼民尼拉李南帝闭迡固名忠孝𡗶咍所𢚸㤙𤤰上帝敕封除灾去厄典共民𫢩𤤰卞𧥾㖂買咍查𠳨民𣈙亊意固庒村民卞買呐浪初固傳浪太尉服蛮論𠁀󰒂胆忠肝占城𢘽志陽孱敢呼李南失料徹胡黄泉瀋瀋󱘢𤤰蔑𠇮太宗感動心情几碎昆意𫔬名底𠁀加封敕给添𡾵傳民立庙𡨺外江州傕卞聖駕还都安王甫𭛣特皮滿喪天心運奇固常𤤰陳車駕𨖲塘青天國俊汝𠳒吒傳及干倥總𢚸卞霜超呐共野象歇橋𢧚庒亊𬟗爫牢闭除象橋浪拯󰠲𦉼𢀭𢀨蔑祝醜賒𫔬𠁀碎願論刧爫碎拯願背逆𦋦類獴𪀄討𣦍蔑莭𡨺𥾽𠦳鐄坤𢬭特肝忠臣𤼵喪文武共論奇謚𤤰陳庙号太宗太子陳寬𦀼𣳔敬爱蔑𢚸漢惠親親𠼕歇諸軍賒𧵆冲宮爫宴殷勤𢜠饒棋仙𨢇𢯰傲傲寬寬𰙔曲毛毛𬋩絃𤤰浪冲義𮎦㛪天下家傳天下祖宗底朱昆𡥙𦀼𣳔埃乃共𢚸𡨺󰜡麻咹冲機𡗶㐌定分物群別道君臣况路𦉼𠊛共於世𠱋君臣父子於頭大綱埃埃須𡨺分常特宗社稷久長祚𥹰親王𦖑別𫏾𨍦扲鎌画坦保󰘵共誓蒸𨍦埃固调之消𢚸鳩鴈𦋦皮犬羊麻忘所󰒂𦧘昌斈𢚸𬋩蔡𦋦從吳淄默冲天地渚爲󰜡公麻滅󰜡威麻刑𠄩𨑮蔑𢆥守城殿𧍰底永宮撑拯𧗱聖宗庙号尊位昆󰑼陳錦垂衣九重昆奇德𤤰聖宗道氣現共法貌生𦋦移移色淡紫朱世号噲浪童子金仙冲𣘾固突𧋆顛𭛣渃𫔬萬𦋦飭担當说傕亊茹竜王遺氣朱娘󰑼阮氏𫢩满月𠃩𣎃𨑮𣈜生𦋦男子卒台異奇𪩥𨖲狀貌容󰀩卞噠𠸜時󰑼阮伯泠詩書塲屋斈行自山至海浽名當時𠁀元計等男児文𡗉翰墨武皮孫吳春撑刧特榜秋名髙一举歲皮少年通別亊机亊權九流三界埃畨工𠁀法门符水欣𠊛遣邪爫正遣灾爫禅𠁀皮及課元皇因欺太后染方病危𬟥符助別包󰘵如𩙌𠺙䕯如渃𦲿芌元皇詔哰冲外奴𢭄固𠊛進舉皮𨕭助终符法𡨺廛奴埋皇后疾連消散兵權爵禄𤤰攽𦃿𫃚計𠦳鐄鉑計𤾓蔑茹荣顕昭󰝡風流富貴葛淋㐌賒尔時𧗱正補邪俸牢󰝡退𦝄花拯辰𨔍之涓𩈘連嘫𧡊󰜏太后奇肝打料退淫𣅙𣌋㕸𠾸冲宮㐌別外朝㐌咍𤤰差廷尉㩜𣈙奴吏忌柴侍近皮冲朝耒因課從容奏𫏾九重亊阮伯泠冤初拯固跡刑仍𢈱疾妬共情慳悰皮𨕭奇陣拯伤埃㩜廷尉渚方堆囬敢嗔領奴爫碎軫功赦過𢚸𠊚特安𨍦油󰑼胣多端㐌甘所罪碎昆奸妄奴嗔戴罪立功󰜡城安廣𧗱共茹𤤰𫇰圖𦉼坦蕃隅歴朝南北仍都争行坦賖外𡎝南冥𤳱賒拯𥚆連耕奴爫嗔朱奴伐安南先朝土宇吏󰝡󰜡𧗱元皇体呐卞𠵌󰅹咍遠涉劳皮倉生即時差阮伯冷印符𠳐詔破城南州歆歆兵孟倘都艚餘𤾓隻兵餘𨑮𬮙𬮦河𬮙琰㨂间外潭洪意𡆫團元軍海書奏典𤤰陳朝廷遣將割軍𪮙𠊚親王國俊乃差𨔾艚𠦳隻兵外糁𬮙珥河班最移船順𣳔罢買細沔海门荒茫三郡兵屯花封横浦新安㨂坊𨒣探船典白藤艚元外𪤄㨂扛荒城𧗱疎國俊每情卞共諸將會兵筭浪元兵󰟨銳當興急打庄平固法除衰摆外強㩒蔑旗𨕭書降字斫用冉台旬皮典莭秋埋𡗶清𣷭永霜𫅰冷㳥元軍𧡊旗等𬖉体書降字𢜠𢚸庄𫀢𣈗𨍦國俊𪮙𠊚󰝡書船𩧍典尼求和冲書恭敬強加󰠳敢飭𬷤逐貝鷂䳧𪟽几失志合󰘵禽尋假󰍄獸求假蛦咍󰠲上國兵𡗶嗔𧗱本國特𠳒便宜伯冷𣈱胣卞𠵌𭓇爫仁󰒂恩施諸侯興道𠵌別𫏾𨍦歇橋野象傳𠓨冲宮蔑𦉼神速拮兵堆𦉼待老料情󰅹欣象橋呐歇源杆朱𠊛奔半爫涓奴𣈙別艚伯冷󰠲𫢩堆边左右爫𣈙𨒣兵冲時大王親征依令同行𭛣庒可差戰不可敗如𢈱及尼死地別才丈夫係𣈗霜降𡗶𩂟眾碎歆強𣾼𦋦𣷭外招𢬢𦣰待如𡗶姅店𧗱朗𤤰移船𦋦𡗶𩂟奴別󰠲𦉼旦𧵆曳號奴和咍信奴語𫇰約書傳奴𧿨𪖫船𠓨奴補軍边𨍦忌𪤄爫巡因欺乘󰟨逐軍衝𠓨計排柴伵共󰘵時埋𡗶共𠵌牢如𢈱伯冷不意拯󰏤仍除降使制排󰅹咍時皮咍海𩙌埋𡗶秋霜降霜𩂟如󰘵剛𡗶埃別埃󰠲班最橋象船排𣾼𦋦待除皮过更𠀧𩙌迻󰘚渃号𦉼角枚象橋船𩧍旦尼侈𠵌甕令曳𡗶㗂󰠓𡗶撑渃碧徬徨銃󰟯󱯭動𥑲󰟯湄沙焒外似𤎒朗𤍶𫏾時興道𨍦時象撟𠦳妄庄𢜝拙󰅹祖𤞻庄𠓨牢扒特昆伯泠󰟨窒㐱坤船橋船象㐌敦典𧵆兵外奴仍𡨺陳象橋冲㐌生扲伯泠元軍𡘮𤽶魂驚軍沙𫴋渃泙泙達滝陳兵諸將會同白籐泖沚渃红如㮠𣷭𣳔㳥渃溟茫屍㵢㳥澾𢧚塘𠊛戈艚空補帙𪤄河󰟯𡽫笠󱗤󰟯茹支為闭除諸將議公㓠頭元將𠸜𦉼伯冷表頭外𣷭南溟屍補𫴋𡹡默亇奴咹海東𬮙琰󰘩塵渃如𣳮󱧔元軍平調書𧗱告捷闭除𤤰共文武𢜠如會秦大王卞買囘軍海東各縣仍民沿途倍鐄礼物逴迻㗂浪神武埃和敢當󰅹咍浪興道王青仙童子天皇降生拉㨂麻破龍精別庒為阮士诚吟踈𤤰𢜠國俊平吳𦋦飭𡨺󰜡渃茹共咹實𫢩外󰒂𥪝親渃實勳臣茹實𮎦㛪𨍦油埃固𢚸嫌𡗶𤐝計罪坦𫀅加刑㓠功鑿碑底名君臣共享尊榮𠁀𠁀埃𪟽外𣷭賒󰋓魂伯冷奴𧗱尼龍庭哭呌𠁑𡎝幽溟青僊童子󰝡刑𢙇碎王𠀧感景嵬嵬嗔𡗶朱奴治𠊛陰人爫妖假圣假神𠀧魂奴化將軍𠀧𠊛附𨖲奴脇行䊷立庙於外𪤄𣷭𤌋香封爫附國范顔包󰘵婦女脇奸縱横称𦉼阮隅阮迎共𦉼绳阮伯冷𠀧魂爫嘹婦女盆󰍹㐌干闷呷吏干麻𦬆奴蹺竜王𠄼払包󰘵󰜏骨𤌋香奉蜍奴浪洫𡛔女巫埃油氣倦埃油血衰𧗱奴扒蜍沛𠵌𠄼位𤤰水𠀧位󰆙翁仍几𤵺𬏝信𢚸裊邪時重塘公時唭祭𮁡𥛉奴𠹚󱱊𤵺牢𤵺𫡦𨑮𠁀注圭旦𫢩奴㐌𢧚例蜍绳仲罪麻迷福神课意伯冷敗軍船迍𧗱𣳔奏排元王伯冷𫢩㐌沛伧國俊南強𢧚等髙𢬣𮎦雄󰋇几𢫘斉索平韩信預斉𧗱公伯泠共俊交鋒𢮿󰘵堆抲庒通蔑除丿𢧚衰敗兵奇元王𧡊呐𢚸𪟽陣台𠀲烏馬児奏排碎嗔报𭜨𦋦𢬣復詧蔑羅𣳮虎𠊛初𠄩󰑼󰝡吏蕃隅渃茹元皇討詔攽𦋦敕差元帥𠸜𦉼馬児𨑮𬮙兵孟𥙒𠫾船畨𦲿用旗皮𩄲𣻆動棹魚龞驚魂鬚鬚每対吨吨頭𡽫民外安廣𢜝敦渚戈󱯭󰫑吏干雹蓬边書奏旦九重陳皇國俊調共󱳮筭𠯇𦖻𤤰吲榞杆默王料蒂朱安渃茹大王𥛉耒𧿨𦋦分軍達号奏戈九重陳重󰜡正先鋒左從野象右從歇橋中軍國俊兵調𤤰𨍦車駕命和親征边滝𠁑𪤄割兵包󰘵椥𪱴底停蔑尼領船左右兵差歇橋𤾓隻吹尼滝馮𧵆我𠀧朴㨂烘野象󱞜𣳔天德江六頭旦蒂蕯昂戈边永吏迍塘巨攻𩧍𨖲夾我𠀧農係𠵌号令調共進兵埃乃依計同行陳仲初強移兵押掑呐亊陳仲初箕本𠸜课𥘷𦉼梨輔陳慶元茹󰆙先人𣳔鐄自𣴓核春晚務󰝡命𡨺道詩書歆制󰘂孔朗𦋦𡑝程𡥙糁𠁀梨大行𮎦𢜠吏𧡊聪明𦋦時應代陳󰘉科诗聀高御史預掑庙廊篤𢚸扶拉陳皇這霜𦉼莭鉄剛𦉼𢚸險嶤拯管荄蔠敢辞苦辱本𢚸敬信及课元將侈边󰆙𤤰陳卞御連親征旦平虜𬮦㨂营𤤰共諸將分兵敵共𥙩爫易庄𬮦防蔑店元押𠀧妄日㝹仁宗冲陣困牢平𬮦𡄎体恪󰅹白登谋仲过女谋平𦋦𠓨冲陣埃庒勒頭命共元將敵󰘵㐌衝時突㐌𠓨時𦋦論兵南比穿花埃𦉼敢𡖼埃𦉼敢𢫘為𤤰生死拯𠰷和扲元將和扶仁宗𡎝南𦋦飭𮎦雄娘𡗶𪷉渃𪧚𧏵𣴓𬇚仁宗律塊𢜠牢想功將意別包󰘵重兵耒車駕囬宮𤤰共文武論功輔陳徵欺困扵元軍𧡊蔑輔陳才飭別󰘵涓命為朕突料语蹺纪信語蹺渊平福台𡗶祚漢興塊烝惟水塊蒸冔佗拖欺必阳特𦋦吏𡆫森合蔑茹主碎󰒂尼𡽫渃坤派埃涓功意願𡗶渚容傕卞拮笔御封平章國重亊公勳臣朱𧗱國姓户陳改𠸜平仲輔陳𠸜初󰜡爫𦛋胣𣌋𣆐𢚸信𬮙𭛣拯𪟽拙󰅹𢚸傷陳仲油油昆和拯固埃𨍦奉蜍卞保昭皇闭除朕共陳仲裊初㐌願攸功富貴庄涓恩朱渚称󰒂填渚甘仲雖聀𡨺權󰝡昆庒継嗣功爫朱埃茹𩛂歲外𬙞𨑮拯冲僊孛群𠊛世间堆皮拱渚固昆埃蜍梨氏埃尊李朝朕恒爱乃歆遙共傷蔑胣共腰蔑皮願餒為朕歇議结共陳仲和時固昆傕𤤰吲仲榞杆為餒下價结缘昭皇仲辞𫽄拙敢當𨕭爫世意𫽄傷人臣𤤰浪傷沛割恩假仁㐌固鬼神別咍仲𠵌渃𬑉𣻆苔𤤰共珠淚玉移𠄩行仲辞𧗱旦府堂𤤰逐昭皇車駕𧗱蹺仲感㤙別包󰘵當课陳朝興國同親待中宮禁朝𧵆固分乃托固分嫌𪟽𢆥𨍦昭皇生𦋦特蔑男子𠸜𦉼陳宗𨍦生堆𡛔綏𣳔仲󰝡𠓨𥛉仁宗㤙殿𤤰𢜠攽賞泊錢𤳇𥚆国婿𡛔忍王妃旦课仁宗治位元皇吏遣馬児恠乱仲𠵌𠓨𥛉天顔先鋒鎌乃碎嗔領行𤤰𠵌呐𧡊用𠇮你囊老將功名㐌󰞬𡲤初烝辱先朝𢪀󰅹蔑𭛣蔑调典𢬣料士遣几恪台底朱國姓特𬀰𢪀宜初先皇㐌遺𢈱所功泠意𬮙𠁀庄涓况𫢩吏固讨䝨𠀧朝拙庒播边调之悲除歲索𥘀尼语𦉼年老庒除干戈庒𪟽曳志丈夫男児庒肯弹󰜏㨢𢬣後生坤几󰂇斉𤒘印封𬀰𦉼保󰒂王辞𤤰領󰜡鉞鐄珥河罢買拉行蘭滝船皮㨂󱮦𪤄󱖮固信賊旦㨂工幔廚官軍𦋦飭𡨺机易󰟯吏及杆湄最𡗶剛塘埃別𦉼埃船元斫奴㐌移简𦋦𡨌滝𩲡𧡊󰘉旗敵庒某除船奴操吹假收奴篾𧼌󱱊边論船䊷逴宋虐𨕭伏兵隔渃坤𥚆塊潙𧿨梩奴連蕯昂󰟨坤𢶢敵朱當𠁑𨕭元將垠唐坤𠫾蔑𠇮仲破重𡆫𠀧吝拯塊仲時沛收生扲陳仲闭除元人買𠳨乳蘇每调浪碎昆𡥙梨朝𠇮途多舛沛漂旦陳默𤽗料量朱分爫碎北國爫臣南邦𤽗𠵌𠰘伵默量投時兵执󰘉芒業茹称臣貢献元家南北順和南北從容仲𠵌𠳨歇每𢚸初它㤙德太宗在時特𫔬碎主歇󰀩分㤙支爱调之惜󰘵抆𢲣拉𢭄蔑𨍦補󰘵時渚𢭄󰘵调之蒸欺渃吸乱離󰝡𠇮投賊計之爫𠊚㐌特聀重髙嵬死生𠇮𡗶埃固律𠱋𠵌將軍麻投吳時𨍦地下虎𤤰陳皇張任本性氣剛鎌𤍌油技瑟剛𫽄󰍹㐌生爫几碎昆貪㤙負主包𢧚𮎦雄臨机包管泠㳥特收㐌丕易𢚸敢𠵌分㐌丕固惜之𢧚為元𫏾敗為元𫢩𡄎庒咹㕵之𬀰𬙞𣈜𢴑𢪀扵排元軍馬児感几忠臣㐌旬重塟吏旬敬𮁡表浪忠󰒂朱甘児浪兵革麻爫拯咍敗兵書急奏排先鋒失利転𫢩𡨸江花卷𢮿行𤿤㨂朱毛𠀧𠊛院尾𫏾𨍦双𫃚堆頭𤿤計𤾓餘步兵𤎕両边途日期𧡊號闭除𢭾吹𫕲埋海海順𡗶船𨍦進細所尼幔朝元𠊛埃乃保󰘵󰘉旗曳号默油所郎渃吹𤿤𫴋幹昂左支友翊𥑲強如湄船元卞沛𤿤吹技棹破梩渚為𡨌𣳔陳兵乖󰟨進攻元將吹𣳔旦朴我𠀧右滝梂株船𦋦𨕭旗体𡦂排𦋦歇橋左滝󰘂淥船𠓨旗排野象兵交即時𠀧皮混打蔑欺將元𦉼𠀲馬児困穷官軍默扵𡨌𣳔買咍󰟨困𮎦雄戒屍吹艚加蔑𧼌𬆄歇橋野象押𬀰堆边细𧵆連𧿆𨖲船󰡫如雹鉄󱉎如𤞻撫生扲元將户烏船吳沉歇軍吳散情𤤰共诸將會兵啌𠸦國俊𢧚名將才自三代下庒𠄩󰟯意隘外兵𫽄敢呼傕卞聖駕还都百官共旦嵩呼祝𢜏國朝及课重興太平𠁀𫏾庒平代𫢩蔑茹𦊚𣷭森𡆫盛如炎火跬斉泰山主碎蔑盎𡆫團封功支坦底传𡥙昆買咍運奇乾坤青仙汝刧吏还上天大王染疾𤴬煩𤳇勸蜍主𡛔勸蜍𫯳依如𢈱意蔑𢚸時吒叺𬑉朱衝聀󱱊𠸕𠻀歇野堆𠊛油㛪踈𤵺時餒𡨺廛𣓿椥朱奴特全渚𧡊屈󰘚麻涓󰒂柴𠄩𠊛渃𬑉沚𣦍肝鐄莭𥒥坤咍课󰍹俸兜蔑陣𫕲𣻆魂仙耳耳別𠦳󰅹𬖉𤤰傷慘切工𢚸如𪀄折𦑃如𧏵折㺔嵬嵬別課󰅹亏油用几恪牢斉大王功冷苦辱饒󰟯查󰌎庒曳洡湯𫽄辞㐌𢧚弟一工夫祭如王礼陵如王墳填功血食𬮙春勑上等神𬮙刧𤌋香國保綿長民賴平安渃雖󰡫跬石盘𤤰仃涓礼將仃涓谋卞传武士𫏾𨍦塔蔑小楼冲觀望仙諸軍習蒲𥚆𤞻沛欺洡鈽𧼌歆𨖲楼妃嬪侍女󰠲󰠲駭雄埃乃󰝡󰘵𧼌󱱊𤤰強秩𤽶我涯工𠇮㐌冷拙唏𫽄群𠸦咍皇后才坤臨机應变智群雄𮎦惜𤤰麻庒惜𠇮詔𡎥卷󰜡支扃陳皇捽鎌奇切㓠光踸蹎逐𨒻虎狼𠁑楼𤤰自省吏除𥹰感功皇后計󰠲朱穷泊鐄攽賞荣封𤤰常𢪀議𠸦啌𡛔牟殿天妥御𠊛𨍦𤤰排將士吏𠓨習㺔𤤰共皇后𦋦𢬣沛欺㺔妬奴埋破乾诸軍驚恐𧼌󱱊𫏾𨍦侍女󰅹群𧡊埃皇后扲槊󱢉𥓄掩𤤰麻哭𠳿𡗶𫏾𨍦時㺔奴蔑衝𠓨軍芇敢捍𬋩󰅹敢垠𤤰時𢜝㐌半真皇后体亊㐌𧵆駭牢倍傍掩󰜡𤤰𠓨道𫯳󰒂主補牢朱仃死生󰅹固惜命𫀅昆㺔妬如形㹥昆扲槊加蔑󰝂屯爫威奇𠯦然然𥪝外槊𤍌󰇮沛𬑉㺔㺔𤴬奇𠯦卷𦠽𧼌𦋦𤤰𠸦皇后𠽋那𡛔麻󰟯意𤳇麻埃當󰂇庒徵趙同年𫀅肝鬦象𫀅肝𨒻𤞻徵欺惡獸衝乾油拯皇后朕群之𫢩式㨢者󰒂𨕭𢬣蔑𣈗庄塊蔑𣈗庒空同床同席雙雙計道𡞕𫯳庒计主碎勑封麗圣窒位皇后斈隊姜后承宣垠𤤰色欲須辰係公堂治朱專朱勤𤤰庒女技拙分朱預十臣拉课唐周,Nom
thien-nam-ngu-luc.no.txt,用孕计定渚分𬀰丕埋務𣎃吝𣈗戈芸宗歲㐌髙賒昆𨳒吒𫅷別课󰅹蒙傷㛪陳曔固功课平日礼爵封朝廷信腰𣅘𣌋蔑情立爫太子底停台𡾵芸皇自𨖲治𠁀傷民赤子敬碎勲臣治位特固𠀧春歲索班𧵆侯旦𦒹𨑮㛪曔功奇扵𠁀𫀅体𢚸𠊛拱闷皈依讓󱠢朱𢧚治位性剛埃谏拯𠵌每调󰜡𢚸󰜡力歆遥闷腰武將庒腰文臣𦊚𫷜援𪧚業陳占城兵乱旦𧵆化州屯兵敵奴沛收信𧗱告急𤤰和親征旦倚𤞽𡶀㨂营𠸦台尚𤞩固情詭谋𡽫撑棱險別󰠲伏㺔𤾓隊者投差官易浪𤞦𤞩占蛮𫧾󰠲𠹾特泰山押提语𦉼奴實蔑皮𬮦防礼乃𣌋𣅘庒𪟽奴𥈶𧡊㐌任机𤎜𣈗群最麻麻平明畑殘末课𠄼更𬑉任𬑉󰘉無情󰅹咍官軍渚立𧿨𢬣馭𫢩渚勝㺔𫢩渚彭四皮奴㐌押觥𠀧𤾓㺔破蔑萌庒群蒸欺失󰡫㐱坤命𤤰睿帝化魂升天當干冲陣坤𥚆诸軍故飭賊連雷散買𥚆体𩈘天顔竜軍逴󰜡囬鵉封墳占城特陣囬軍文武朝廷𠰷斫保邦虽些特陣倚𤞽雙群𩈘󰆙上皇𪧚孤連差使者闭除𨖲塘倘旦國都𧗱臣众碎夷狄之人鎮官鎮守𢭄軍押城詧麻昆沛拮兵𭓇唐藩鎮爭行边方奴󰠲犯旦圣王𪽝𤤰睿帝氣剛冲乾戰爭陣𫽄立𥚆埋碎拯拉𥚆麻曳𤤰芸宗文武筭𠰷亊詧唉摄撫和爫之传朱占使唉𧗱差官分界定期朱明𥛉辞使吏占城芸皇慘切固情傷㛪立朱陳晛台位𦉼昆睿帝𨁡𡑴台吒简帝買奇号𦋦媄𦉼黎氏唉和辞奏𤤰浪群固𩈘蚤傷吒奴共同胞固功皇后𥛉㐌𧗱宮及官太尉呐共浪悲简帝年少踈𬏝󱟢媄群𠵱老󰜏𬮙萬𭛣曩国家挭牢朱挼女麻掑𦝄自课先帝皈陵体兵情意󰟯平破剛麻𢚸󰆙𤤰芸皇俸傍谏󰟯如渃𦲿芌娄昆妾庒塊灾蹺𢈱先帝蔑𠄩㐌願矯女𧡊亊眼前麻傷分𡛔𡀬缘𦟐红季氂自意𨸈篭默𢚸決断默𢚸所𢀨奴卞吹謟芸皇世初传浪半𡥙餒昆易埃意𤵺咍坤渃󰅹餒𡥙半昆朱停皇后𠵌別每情音倚蔑命𠰷过𢧚迷香魂玉骨別之陵睿󰝡𧗱附塟共󰘵季氂日夜跪奏碎𫀅陳晛𧡊甌虚闲太子陳顒𡘯𨖲固󰆙和䝨固智和坤民𬖉如旱除汗𨍦𢧚失望碎昆曳乱芸皇𠵌季氂平降氂封權灵德大王立昆少子陳顒季氂輔佐扵共蹎𢬣芸皇王業庒咍语季氂奴如𬀰伊周遣𠊛𪽗四輔圖伊佐太甲周扶成王孔明輔漢後皇憲城輔李高宗𦊚𠊛吲保季氂每𠳒默𤽗𩲡朔默𤽗扶持季氂奏庒戾之及欺拔蕩別欺诚臣拯𪟽奴蔑弒君𭓇莾乱臣畨操迁都元旦𧡊四輔图𫀅𪀄吸𫧾吟踈浪丕人言寄子𭁈老烏不𧥾老烏肯為否元旦音倚浪悲業陳罕𢴑自低庒𪟽𧡊传亊季氂初󰜏祖奴𦉼精𤞺𠃩𡳪扵𡽫水石闲制別󰋇𨑮𠁀奴㐌爫精通咍变化藏形為男為女為精為神自课雄王治𠁀奴㐌爫害󰘵吝多端現爫昆𡛔红顔巫山结伴廣寒打堆卢𠁀隊蔑庒𠄩𩈘𥚆󰟯玉𠰘唭󰟯花美𦏒論援涅那埃𧡊油和弄扲共漂妸㹯娘猿㕸𠾸鄰𦉼𪭯𡶀囂囂頭𠦳𣌋埋𣘃愈台幔春𧗱屡眾合團𦷫花𧯄溇占󰜡爫茹棱𦉼景物𡶀𦉼圭鄕𣈗常逐客戈塘㤙󰟯荼㙁󰒂󰟯吹占奴時眷󰜡魄魂地方民意󰅹群󰋇󰜩缘羣造化容󰘵秋课因耒合兔𬖉󱏲埃吹𢧚挼芒增弄用彷彿𠁑󱏲勿為鄭𢚸𡽫渃引踈麻凭仍亊翁絲牢迡埃𪟽造化遣𫢩俸牢𡳪曳如𬀰割𦋦惜卞拮󰜡𫀅戈亊𢧚变化𠓨𰙔冲𢚸白狐自意麻蒙𥘀泥𡄎体冲𢚸固胎生𦋦特𠃩昆󰜩蔑媄𦉼𨑮扵𡶀石山𣈗時𫀅景制岸店時合众破乾茹民包󰘵𬷤𬷲扒咹油趨庒𧼌油詵庒亭媄時涓退𩙌󱏲吏𦋦涅萎庒恒遙荒课意吨旦䧺王因精𤞺𤽸爫殘民顛𤤰差武士蔑畨䋥包朱泣𦊚方𫃚𡆫馬鑼𨨨𫪹稽台打唏獴逐𤞺猉坤𦋦𫽄𪟽法奴強加𩄲𣻆屹屹湄沙𬇚𬇚飛沙走石稽牢诸軍𧼌歇保󰘵急𬀰𠀧吝𬙞椂店𣈗䋥󰘉𫥧𣈙𡗶吏庒湄將盎𧿨吏恓𤤰精台自狐奴固晨通雄王体说𢚷𢚸物之猉𤞺𭓇𣳔法埃僣權造化𭛣𡗶遣湄湄𫴋遣𠊛𠊛驚咍奴刧狐翁精𧿨吏現形假將爫妖𤤰共文武臣僚𢪀議亊意𠰷時爫牢固官雄將奏𠓨求翁主水理󰅹庒通𤤰卞檄告水宮𠳚奏先祖貉竜咍情卞差水將陰兵渃𤼸引歇终觥󱳇尼破𡽫水石蔑之𡶀𣹕𫴋𣈙𢧚蔑湖溇托𠃩媄昆漏漏群蔑𠀲𠃣箕求坤頑料机陳渃破乾塊𠇮𠓨隱乂安绝𩂟准𡽫水石欺初旦𫢩哙号西湖渃溇昆𤞺自𠓨爱州扵演水府闭𥹰蔑命買咍𦉼種妖精油托群情唱乱興灾𡽫高棱永𢪀宜練身变化爫類㹥獴別它性命缘長坤頑辨提弩难凭𠊛𣈗因枚永尋𠶣过真卞落旦尼𧯄𤞻𡧲唐𠵌㗂喑喑𤞻蒙扒󰜡𤞺連呐𦋦浪意眉實咍俄頂朱蚤呐矯麻托虚蚤𦉼萬圣老狐㤙𤤰上帝令朱蚤𬀰爫主百獸棱尼㐌𠳐令歇群眉渚𦋦朱𢧚蚤旦尽茹𠳨𠽄𣵰洡別󰑼包󰘵𤞻浪𤽗渚達调共之眉特朗腰共𡗶𤞺浪伵酉之𤽗伵才善卜別類吉㐫课狐孫乱天宮玉皇𠳨伵決𢚸狐𪟽六爻伵服伵跪鬼伵坎水頭𧗱西方变𢧚天澤一陽貴人在酉乙常救尼𡗶尋𫢋祖边西神通六智捉𣈙狐孫決清𨕭𡎝天门玉皇朱伵尊權荣封𤽗油群固𪟽𢚸時𤽗蹺伵𠫾𨖲棱尼包󰘵㹯猿𤞺猉𧡊麻庒争實𣈙𠲝𤽗若平汰汰𠳐𢈱敬官尊使𧼌󱱊𫽄當𤽗沛𠳐令上皇性𬆄𤞻庒敢浪𢈱牢𤽗󱖺頭蹺𨍦蚤昆虫驚駭保󰘵浪𤞻󰝡𠇮另扵魯笘几西另𣷮几南另𠇮𧡊丕𤞻𥛉狐精實令天廷嗔願爫碎𤞺浪𤽗㐌𠳐𢈱劔猉爫礼麻𩲡令𬀰伵時𡎥待扵低𪭮𪭮渚迡重罪庒他𤞻卞辞𤞺𦋦𧗱𤞺𢜠昔律塊𠀧琰塘㗂吨𠰺旦燕邦固招奚恤𪧚麻安民昭王恒議啌𠸦朱𤽗江土引𡽫土時朱𢧚𤞺隊虎威呵浪猉獪𢜝之𤞺尼𤞺自隠塊𤞻𬀰󰝡𠇮𠓨耨扵尼泡江嘵嗷内𡕷棱荒合共狼狽爫廊㹯󰶀𠫾𧗱踏坦隊𡗶別包甲子別𨑮時辰𫷜戈𣎃吏计吝󰋇𤾓𢆥礼爫身𤞺猉殺生害物闭迡吟𫀅𡽫渃体𣈙㐌𩛂物強体㐌蜍扵𡎥𥹰𢧚厭几初㐌传造制𡎝𫢋岸仙吝引旦沔𡽫渃𢙇安𩄲󱢨𥒥󱠓隊岸𣎃𣈗扵蒂计筭𪧚𠇮𨕭空𡶀󱠓髙撑𦉼𡶀雲梦扁名字排峝溇瀋瀋固𠊛弹经𣅘𣌋诵制蔑𠇮坤頑台闭狐精獴𦹵固情慕道沙门𠫾𧗱𣅘𣌋辰昏𦋦𠓨柴𠰺奴涓奴𢜠自意盃趣禅僧孛買判浪昆闷脱身爫仙爫聖爫神時專斎戒渚分殺生狐𠵌燒少服情改與𧗱苓慕道慈悲咹花㕵雪戈時慕斎结戒𫽄兮雜洳计吝㐌外饒秋𧡊信孛買传朱道牟煉形脱殻闭𥹰化身類物俸󰠲𢧚𠊛共柴𪧚道禅斎变化每類駕御滕雲孛腰󰜡爫𢬣真𦋦聖𠓨神入地升天计㐌別𠇮𨑮年𭁈朝旦忍陳元當代別牢计掣亊𠊛㐌𢧚𫢋子绝類狐精信𢚸孛拯固𪟽會磻桃永奴時𪧚庵外座時庒几凡景空柴永些爫埃咍張䋥弋𥺊𠁑𣘃扒𬷤咹𦧘埃咍𦉼之沛雜筋骨𥘀泥𪬮灵𫽄特幽扵吏还𣈗𨍦孛𧗱旦庵体𭛣庒爫迡緩銀魚庒群森朔如初孛連別意説𦋦浪丕蚤𠫾盎会󰋇迡永茹破界𦉼眉㐌甘原凡吏𦋦胣凡还原買吏化爫狐精決𢚸孛庒傷情狐連𥛉𫢋󰝡𠇮阻𦋦𨑮𣈗𣎃旦圭茹泡江景𬟛鄰󰑼蔑𠇮吏󰝡𢚸𬟛殺生𬀰󱩿茹北𪰹睈茹南地方意吏喑㕪假𠊛𠫾吏假𤞻𠓨𦋦縱横昂育帝𦉼爫仁時少爫邪時餘𫫵𠊛伴𬟛𣈗初㐌時󰡫恪悲除𧡊埃间𠵌店月廊枚𡽫撑渃碧𡎝𡗶性𢧚𩙌香海海信传𢚸月花意俸連傾傾清新造化不平尼沉沉𫴋尼𢜠𢜠𨖲些它律准林泉阻𧗱爫趣獴𪀄准尼埃埃些庒某枚埃埃些庒𦋦𢬣昂藏趣尼乙共清光干盃欺意吟章踈浪禀受乾坤造化生深山穷谷樂安平夜间嘯月恆娥望日請登山神女生黄鳥结遊𰙔慍懈白猿交友唱和声候来卋上神仙趣不染尘埃處也荣吟傕制造塘𩄲𢚸春俸丿窖台害𠊛嫌為𡽫渃礼㵢娘𦝄冷了粧臺󰇾揚埃吹侈及蔑娘𣌋埋池池群當麻麻𠫾𢲨蒌𦰦園賒唐棱永尾埃侯別之𡧲塘奴及蔑欺現𦋦奴刧闭除淫通陰陽数变虚空俸娘󰟯買冲𢚸固胎𫯳昆渚固结堆媄吒別意固𢈱𠳨𠻃娘浪𨍦𫏾亊缘沛精亇𤞺刧尼冲棱爫清庒固呐䏻旦期生特没绳昆󰜩容顔𩈘𪖫恪類後頭玉枕補𠄩𫧾𬷤仍几相𧥾𧵆賒𧡊和𠸦議𨍦和𢧚身王枕應在後旬蔑埋時特君人庒𪬡達名称冒哙𠸜應恬丐猿改边户胡𡘯𨖲爫𭛣農夫唯传昆𡥙𠁀皮固𠀧细旬胡芮生𦋦茹黎有訓餒和爫昆店𣈗養誘晨昏𨍦生昆𡛔平仙埃斉芮生𦋦季厘尼𡘯𨖲𭓇蔑胣咍欣𨑮文章字󰒂欣𠊛𥘷占𠸜排國子監生市城埃庒𠻵名神愁賦续鬼驚诗排宏词占榜髙嵬姑吏特排殿陛貴人時𡗶當󰘉祚陳季厘特預朝𧵆𣌋𣆐细𣈗芸皇爫𤤰𢪀𦉼昆旧乃朱重權外親奴特筭權户刘曹操連扦𢬣𠓨芸皇𫅷吝別󰠲順宗底默𫀅朝國家季厘進位太師特預攝政輔龱外冲踈题太尉噩公𫏾𨍦默𢚸𠰷料爫牢今霄狐子入楼鳮不食母兮必食児元旦自𧗱斫牟保全朱矯累欧户行𦋦𩈘季厘後堂拙尚元戊渚方󰘂茹愚𫢩歲索班𫅷太師季女嗔朱咹𠷯季厘卞娘朱眉晋秦𢜠特合𫢩蔑茹季厘𨍦𫏾筭𠰷遣柴道士吹𤤰修行幼冲宮扵蔑𠇮出家奉道诵经伽持修斎咱講𣌋𣅘尊号称時太上老君𣈗𨍦𤤰啫宮嬪上清館意養身修行自意季厘縱横出入朝廷傘紫轎𪳔順宗𫀅庄朋昆󰜡徵𫊚毒急筭渚迡查𠓨鉢渃𠳐尼旦蒸道館遣𬀰𤤰咹芸皇𬑉吏秦銀些用林沛奸臣脇些𡄎吏占包课初𧡊𤤰睿帝麻𧗱後宮騎㺔𩂏丐傘𧍰𠵌似豸豸𦊚𣳔勾踈中间惟有赤觜侯慇勤僣上白𬷤楼口王已定興亡亊不在前頭在後頭庄𪟽字赤觜侯季厘本𠇮矯󰠲群𪟽𠇮些辛酉生𦋦辛金色𤽸實𦉼白鷄闭除𬷤補𬷤𠫾朱昆猿奴刧位昆些奴卞逐𤤰咹㭨堆吝庒折奴和陣台遣尚可永𦋦𫢩上清貫意奴𬀰折𤤰群臣渃𬑉平湄追尊庙号谥𦉼芸宗群臣咍別亊𢚸哏𦢠扛𬑉敢浪许𧯄𢪀初國祖章皇色服𦟐鐄扵仁壽宮霍光昌邑󰜡例庒空季厘𦖑別恨𢚸補朱肌臉意蒙曳乱遣𠊛折𠫾朱安矯群𠯅𡀩呐弹弊悲順宗車駕蹺𧗱奴卞假賊蔑欺迍塘折𤤰順宗庒傷連奇间皇朱绝冤家奴隊文武𧵆賒浪𤤰沛賊𫢩和永嵬太子陳案幼孩暫𨖲即位扵尼西城厘權摄政朝廷少帝歲𥘷浮生別之季厘𦋦胣頑危𣩂𤤰少帝店𣅘永𠊛假爫噒哭𠳿𡗶𤤰牢女負眾碎𢧚𢚸傕卞聀尊勑封号𦉼少帝蜍蒸外臺季厘𢭂保冲外些暫𨖲𡎥𡨺𭛣台𤤰𢪀卞改户𧗱胡𠸜𦉼光理台𤤰治位𢧚𢚸補德𥙩威陷诸宗室刧皮生民课初碎𤽗茹陳徽寕公主結緣𡞕𫯳生特漢凔綏𣳔立爫太子底防治民户胡自綏業陳改立制度更新法𬀰搓城同鼓店𣈗負功天下困台𡗉吝暫爫錢紙𡃗咹遣𠊛天下賒𧵆𭓇蹺爫𠊛陽世共饒𭓇退陰府𧡊欧庒𥾽政刑補𭛣重煩茹鐄充𣈱萬民辱因固爫麻𫽄固咹󰅹分官𭛣󰅹分𡢼昆磋城塔累𭛣屯分吒𧗱塊分昆吏𠓨民怨𡗶意拱愁季厘𢚸庒拙芇𦋦仁惜台基業茹陳沛几奸臣算弒沛傷歴朝𨑮蔑帝王治聘漢皇業綏商周餘蔑𤾓𬙞𨑮秋民安𧛋詔渃如石磐時衰用沛碎奸怪渃𢧚乱負主僣𡾵碎陳仍几不才貪生畏死󰅹埃別之󰋇𠊛忠義初𫢩𥘷時㐌老𫅷時㐌戈𥙩埃爲渃爲茹官竜虎𧗱𠸜𦉼渴真聀𢀨權奇代陳季厘僣國固分動𢚸嘆浪係几義忠渃危牢固農𢚸几奸蔑𠇮音倚󱳮筭斫之󰝡吏江山茹陳𠿯𠿯汝德先君堆行淚玉𨑮分𢚸鐄嫌蒸造化𫽄常󰇾揚緣分呂廊主碎𢠣𢞂別󰋇曲挼如𡎥茹湥如𡎥𦍫針卞共子弟昆㛪頓山准意姅店共誓固范牛滕買稽󰘉𢚸爲渃惜之典𠇮𠺮爫天地鬼神𫽄𠺮累𠀲不仁户胡󰝡𠦳軍孟闭除捽鎌誓擼破茹季厘固𠊛保奴云為奴差兵伏蔑欺𡧲塘渴真課意倍鐄哰軍㖂𠯅󰘉芒户陳滅𩑛𤞺兔救民時𡗶𫽄祚官軍及难渴真欺陣冲團胡奴𡆫仆破散和茹𢚸民感景㤕車安尊立庙底和𤐜香把功爲渃沛傷歴朝上等大王福神自意天下紛紜󰅹茹𫽄動󰅹民𫽄乱󰠲󰠲拱𠹾淋炭惜茹功業艰难辱因買時世渃禁垠𭛣官吏沛祿咹𫽄群明人自意恠乱北南愁苦𬮦山排排𮎦䧺冲渃誇才尼尼𤝞社尼尼𤞺城共𢚸𩈘托吳兵𫽄特詧刑時恠朱灰季厘朱扵𨕭𡾵如咹雉械如啀腒𬷤爫清蔑赧朱戈𠸂𠓨時彦𠾒𦋦曳唭闭除兵革排排眾心易散𢚸𠊛坤收明咍陳秩為胡差兵扒罪把朱户陳季厘𧡊亊㐌𧵆差𠊛郎告明人每𠳒户陳歇𫽄羣埃漢凔𡥙外𬡹𡾵業陳明人拯為𡭧分名托為陣實𥙩南邦𤾓𫔬兵孟𥙒郎破𡶀󰘉塘卷㳥阻軍西都城坤典𧵆吒昆胡氏󰝡軍御提󰟨朋蛛蛛𢶢車𦰟焒課夏鉢渃務冬吒昆失力󰟨穷󰝡饒卞𧼌𠓨工大岸落𠓨典天扲山塘穷裊險坤筭塊𠇮辱和𡎥妬𢪀真𠳨𠊛𢲨檜地形𫏾𨍦𫽄咍尼妬󰑼󰠲奴典叩頭呐歇亊緣尼低𦉼天扲山仍核共𥒥𫽄羣塘𠫾𦊚皮水遶山圍𪀄𫅰𫽄塊况之󰑼𠊛季厘語𩈘𠳿𡗶買咍造化恢恢𫽄惏本些生等常尋碎昆𥐧道𫽄扲𢚸𣦍悲除沛机會尼惏塘落𨁪典𫢩天扲意𡗶扒厘𫽄惏𠲝㖫共將哭忱宮妃自𣈙󰒂絶恩離明人扒特󰝡𧗱北京吒昆囚落冲兵櫃車民沛驛亭典尼亊𠇮汝典𠿯𠿯吟踈蔑首讀制解煩更改名端死復生悠悠鄕里不勝情迢遰應頭白北館俺留𮗓夢驚相國才難慚李佖迁都計拙哭盤庚金甌見缺無由合詩價須知玉匱轻吏爫解義蔑篇集𠳒國語劄𢧚𠀧行更改𡗉行死復生𢚸󱳮鄕里扵包停圭𠊛易𧡊頭油泊館客坤扲𩯀杜撑相國乙庒才李佖迁都群沛𢠣盤庚金甌美缺坤寒特待價朱𢧚別玉苓明人拮買呐能前胡噲浪𦉼胡一元胡𢧚胡亥意𠸜北俄驛𡳶化𢧚陰魂𠊛封墓吒墓昆爫魔北國𠄩魂戊嵬民󰽿胡㐌秩耒油咹𩛷𥹙拱𢝙冲𢚸課意昆𤤰芸宗咋季厘折扵共茹民𡀫𢚸買󰘉招軍結共豪傑待旬買𦋦𧡊明信㐌扲胡行宮扵縣安謨治位号称简定𨖲旗𦊚方志士争𧗱如螉業陳󰝡吏中興南陽仍位劄功阁臺固𤽗鄧悉𦖑唏爫官知府扵外化州闭𥹰群𢠣户胡僣兵底𢘮立𤤰茹陳𦖑浪简定即真渃南群動明人恠乱共官撫使乂安𣳔唯茹傳𤽗阮景真誓𢚸為渃為民共饒共典󰘂軍𠸫排眾碎蔑道討𣦍為唐隔阻闭迡賒吹简定𢜠𧡊𠄩𠊛󰟯埃𢶒辣󰟯埃𭉷𠲏主碎𢜠及知音功名會奇志啉𦋦時明人呂毅忌威逋姑驛意奴時破散堆𠊛𦋦飭禦寒神机不測志筭冉牟𫏾軍強㩒旗投明人奴要些𢀭飭衝陣排左右双双鲸鯢㖕鐷蛟竜争𠶣別󰠲󰅹坦󰅹𡗶𠊛𫀢倘倘坦𫀢𥊚𥊚干戈銅博𤏦謨步芻㺔馭水芻船𤿤明人敗陣𢘽鯑唐北𧼌𧗱安勇㨂营自意威󰟨風声賊驚淡淡吳驚廷廷民陳遺遺侯安埃𪟽阮翼多端害𠊛小人涓忌諂𠳒闷仍益己朱埃欣𠇮扵牢𫽄別重轻语𭛣朝廷奴𭛣重轻讒坡简定𣌋𣅘堆𠊛意時㐌罕共渚蔑𦉼杖󰒂爲𤤰𠄩󰑼乘󰟨𢧚机𧻭乱渚之意㐌專權󰂇𨍦安賊乙連冤家𣑶旁𣑶檁木𦋦梗意油𫅷𣙺恪木𨖲𤤰𠵌阮翼讒言差軍卞伏冲殿埃咍渚筭爫𭉷渚筭頭苔眾些㐌律𠓨𢬣闷論󰒂柴麻底恩民𫽄𪟽冲胣𤤰陳別蔑亊𧵆𫽄別亊賒量爫恢復國家𦣰霜襘雪語󰑼易制語󰑼度量容𠊛𧵆𠳒忠󰒂賒𠳒讒言光武課白水村蹺朝諸將襘𧷺大夫辱因別󰋇𨑮秋咸陽馮異𫽄󱳮某分𥙩讒爫乳云云外󰒂君臣冲󰒂吒昆共󰘵挭博江山中興󰝡吏还原漢朝欺𫢩简定篭驕潷𤞻拯󰜡潷猫爫之𢚸民󰟯体渚安𨑮分天下渚𢧚蔑分些渚𠺙焒辱因𩚵奚女𫽄群咹󰠲󰑼保饒埃乃𧗱茹闭除鄧悉昆󰑼鄧容蔑𠇮音倚𤴬𢚸卞典呐共景異亊緣简定𦖑几讒言女折將賢當課崎嶇𦋦𢚸濃浽蜍於咹𠳚𦣰洳蒙創麻𠫾萌行𢧚𩚵𥹙之𧡊時𤁕𤁕𡄎時咮離群蒙道義意之眾些𧿨𧗱圭𡳶乂安固昆小卒𦋦嘆將軍𧗱𫽄报冤油󰑼󰒂󰅹重女󰒂吒麻尚阮翼奴和爫虚干尼易扒禍𠱋碎嗔𧿨吏报詧先君阮鄧吹共諸軍亊詧某底𨑮分𠓨𢚸闭除𭛣渃渚衝奴㐌㖂𢚸麻吏㖂𠱋奴共简定爫基𢶢饒共賊眾些凭鐄渃安些仕料塘時爫󰘚𧡊女強󰇾揚𢧚些爫乱茹王𧐖𪂮都飭朱払漁咹𫽄朋些渚割軍𧗱茹劔斫立身共𠊛乂安𧗱典忍尼阮鄧堆𠊛共飭󱳮筭深尋帝室立𨖲浪初忠懿群昆冲尼重光帝𠸜󰑼陳曠闭除避胡𫽄別󰠲𫢩麻尋固𠊛相𧥾保信堆𠊛逴󰜡立𨖲治位号称重光垂衣台尊简定称爲上皇鄧容封聀平章景異太保扵行國公歆歆銳氣𮎦雄明人阮翼𫀅共朋󰘵張輔𠵌別𫏾𨍦軍臣奴折論饒𦋦詧些因敗乱乘机撫𢬣𠽖㹥󱁲趨㹯弹奴折軍奴破散󰟨危简定弼岸𧗱西沛時移易困台賊𡗉軍𠃣坤咍塊𠇮𦊚皮𧡊仍吳兵奴扒特𠇮简定殺傷兵奇失󰟨論行奴因特󰟨󱁲昂神符鄧容景異筭󱳮分兵水步待除󰟨功明船察察苔滝鄧容軍浽󰟨蒙坤扲料𠇮歇飭歆歆𦋦𠓨衝突餘𤾓驚連張輔卞律𫴋船雷兵𧗱㨂據沔泰加邒容󰟨特闭除牢軍水步押和𠁑𨕭張輔󰟨偪移船雷𦋦󰘂𣷭㨂沔廣東夾饒景異交鋒餘𤾓陣打雌䧺渚分欺机𡗶頓户陳包饒󰒂士忠勤托虚景異兵𠃣坤都鄧容群㨂神符海门兵吳󰟨凭𩄲𣻆𡶀棱仆歇󰅹群𠓨𦋦扒特景異闭除生扲󰝡𫴋𠁑旗張公景異卞𫽄動𢚸係几𮎦䧺勝負時連𨆝頭𡮍𫽄通𥚆,Nom
thien-nam-ngu-luc.no.txt,𠻵尚張輔𩔗眉𠸍枚理時蚤㓠頭悲双𡗶厄渃朱眉扒蚤張輔𧡊𡁾𢠣牢折𤽗景異頭撩外城𨪀𥙩肝𦋦爫羹𢠣為𠯽辱朱𠇮沛傷張輔特󰟨埃當󰝡兵撟典破散神符󰟨𪀄技𦑃悲除步庒援將水和孤軍𦊚皮𧡊仍明人冲扒𤤰陳外扒邒容阮帥群於外𨦩𦖑浪㐌扒𤤰重光𠫾工𢚸慘切計之碎主㐌誓生死共饒𤯩時共享𢀨𢀭托時蹺𫴋共󰘵貝柴路奴扒買𠫾𫢩路麻迍吏𤯩𣈙爫之啫昆啫𡞕蔑欺蹺𤤰捻捻𦋦𠫾受刑主碎鄰哭物𠇮明人𫀅𧡊魂驚𣳔淶𠁑𡗶隊蔑𫽄𠄩莭碎昆意𫔬𠁀㐌𢗃𭛣兵埃几罕𫢩仍㩜囚落底𣈙扵空重光櫃㨂阻滝󰝡𧗱北國奏功明朝𤤰陳料𫽄塊󰅹招𠇮𫴋渃矯𠓨櫃吳鄧容𫀢𧡊㤕車共招𠇮𫴋蹺𤤰黄泉阮帥感景𫔬𠦳蒙料吏忍朱安戈𣈜除欺無亊仕咍些料𢬭殻𤯩𫢩爫之耒𠴗官守打棊制盘㓠奴𠇮和𫴋滝渃𢧚自意𢭯空核𡳶𢴑夢𣙺買渚𨖲𦊚方民仍󱳮煩乱離別課󰅹安業茹𣎀𣈜𨻫仍干戈特昆𠫾对時吒買𧗱𠁀󰟯如体宋斉歆群隘北𣌋𧗱城南仍謀逆賊合爫分棦吱𠃣分柑𠾕𡗉張輔呂毅回朝李安方正吏蹺𢀨任𢚸民𢤞𢠣僣吟明朝永樂群吟李安𠫾𧗱台对割官闭除民吏󰠡难稽唐𧻭自黄福兵郎󰜡才相地爫唐𠰺民𠸕𠻀𢝙業爫咹𢚸𠊛典𠳨𢚸民熠纏約蒙一统还原渃冲蔑䋦民安𦊚皮矯群驚恐乱離𭓇時失業農𬀦失机旱湯𪽝桀罪餘礼胡覩𫆧吏朱民愁明皇亊意咍󰠲柳昇奴吏倖求嗔𢀨𦋦𢚸毒𭁈㐫興貪財愛色𤾓唐固餘㹯城堆𠀲強都民如𩵜汼傕𪂮時𧐖𢚸𠊛慘酷𤾓唐店𣈜𬖉聖󰘉𫼳𡎝坡幸󰅹𧡊主唐虞都俞治意包除買𦋦𫽄𪟽冲坦清華藍山𡗶㐌立茹户黎鎌𤍌㐌付海斉𠳚𠊛知己󰝡𧗱𡨸朱運苓渚典群除典欺𩙌曳時𩂟連光黎朝紀課意太祖髙皇𧻭兵仁󰒂󰘉𦬆𡎝坡計冲㐌𨑮秋餘𦋦𢬣迍竭腥洳漏漏威𡗶埃敢𢶢󰠲尙晟𠀲柳撩頭昆戈折吳如割古𬷤𠊛𠊛𢜠呂茹茹呵唏車書蔑䋦收𧗱篭城𫀅治垂衣九重唯傳聖祖神宗吒昆𢭂𠹾𡥙翁𡨸扲𠁀皮𠃩𨑮𠃩𢆥碎䝨主聖𠸟爫䂓模𫔬民茹𨇜𠊛𩛂渃朗平詞治跬平𡽫𨔍之倍食失唁𨢇裊㕵吨𠊛易𢧚醝亊机造化坤台𡗶固店𣈜運固盛衰𦹵𣘃共丕恪之春𧗱花𦬑秋𠫾𦲿移固腰固恄亊𠁀𦬑梗撑𦰟扵𠊛𣔢抆蒸欺󰟨㐌墫𡻖渃危主幼碎昆𡨸廛理󰅹麻拯平安理󰅹麻𫽄萬全江山恨台𣘃𦓊𦮲󰍹塊干𩙌楚吏干湄秦責莫登庸不仁統元光绍𪧚旬及衰𫽄𢚸助國助時斈𠾕王莾畨皮阿蛮蒸欺𤇮冷鑊炭𫽄筭㩫檜吏筭拮㘨󰜡恬日出爭𡾵𦰟𦹵𩂏𠊛包謹特𥹰𡄎𫀅户莫𢀨𢀭𫽄朋蔑𡮍黎朝補淶𤞻豹群𫽄咹埃路𦉼𤞺兔都唏共𧍰吒昆莫於城竜如𧋆杜塢如螉聚梗猿隊頭巾誇𠇮坦浽𨕭𡹡𢀨重冲𧯄斈𩑛螠汫誇光子陽語㐌𨤔荣欣𠊛𡎥冲扲甕𥉰𡗶朗󰠲朱別𫔬潙如箕誇𠇮語㐌𠸍味重之𤙭北唁之炉南都咹都於態凡搙𢴚油爫𢧚𧀑棟樑係几碎乱干常干名犯分爫唐忘㤙涓主𥙩𠇮爫欣𡗶坦共恨鬼神共吟計戈彭祖糁𤾓𦒹𨑮户莫𫀅𢆥凭𣈜好还字意稽台孫星負柴易塊柴𠱋業黎如体漢周春𨀈典務𣙺吏𦬑囊𡗶生德主明康𧻭自卞上󰘉唐藍山飭𦉼臣靡擛乱助𠁀茹夏破散泥涂中興𦋦飭尊扶黎朝󰝡吏𫇰都竜城󱙼功太祖明明安𢚸列聖順情皇家𢭯𩑛逆賊𧵆賒乾坤定䁀國家平安應恬兑宮隠星天下太平天下鄭黎九州四海朝𧗱𬖉𫀅鄭主底碑皇朝功令包𬋩𠃣𡗉安茹𦉼智𦋦朝󰑼仁意買聖君賢臣意𠁀堯舜意民户唐意󰑼制度紀綱意𠊛稷契意廊魯邹意買兵跬渃𢀭漢唐可𠁔商周󰂇斉自𠁀涇陽忍𫢩治𦉼治丕牢斉郑黎箕埃固𡮍才之渃欺及乱𠇮時計功情尼意奴呂𢚸𫽄外謀奪時冲受禪𠸦台郑主𢚸信戌願伊尹𠄩願周姬典課弘祖在時強尊王室继位皇宗蒸欺王室幼冲別包挭𫓔継穷所郎挼盃莭𥒥肝鐄前王忍典後王蔑𢚸𭛣󰅹役拯所衝民芇民𫽄擛𢚸所安賊芇賊拯破散坦芇坦拯江山黎朝𡎝坡域域𢭯清𡮍群餘孽外城誇光㕸㗙如󰍄冲𧯄髙平莫孽宣光武渠王威𦋦飭驅除󱧔如鱠𣳮摳如𤠄篭援收𡶀窒𡽫穷歇外夷狄𠓨冲王圖𡮍群蔑坦化州茹𢀨買𭛣𪽞餘𫽄𥚆𦔙𦓿促磊𫽄𢧚𦹵𫉱鮮碧𦲿軒惡鐄朝廷𡮍庒通郎你兵𡲤吏涓粮𫽄爫羨丿坤買󰋇啉隊暴時𤞻隊孟時㺔吏群沛𠳐法𠊛物之夷狄𦉼外野狼𫢩德統大氣剛𦋦𢬣神武所郎𡎝坡兑傷𡮍義主󰜏奴𦉼渤洩唏𦉼外孫󰜡公法渃麻吨折時吏預𤴬魂昭勳𧡊𢚸古聖崔仁埃爫得國絶㤙𢧚塘主卞体德成湯想初葛狄仕傷𫽄𢙇寬容蔑𡮍突𧋆󰜡𠳒教化朱𠊛𠰺𡂰益修底德恒勤夙沙民拱称臣炎農𦋦爫仁󰒂蔑𢚸皮外薄賦皮冲寬刑切台蔑民蔑兵國家日用朝廷𧗱󰀩𡨺𢬥󰜡德󰜡威民使󰜡時兵待󰜡寬泣和𦹵内花岸江山󰅹拯江山黎朝𢚸𤤰尊敬功𬲢應封王位底镳𫔬𠁀君臣沛道主碎𨕭𡗶感德𠁑𡗶勉威古今王將坤皮夏時臣靡黎時鄭王𫀅欺羿促爫傷共欺莫僣買詳分明碎煩庵𦹵𦼔𦱊吒翁㐌隊朝廷𡮍㤙論𠁀㐌特蔭攽𢀨𢀭㐌及扵咹戈時惜𠰚𠀧𢏑爫斎孤魂沛𩛜𪽝𣈙座𤍌共生冲道聖賢詩書𥼲煬焒畑蟄吹朱𢧚襖抑劔味頂外唐搭制排吟踈𠹍󱱊𡽫渃遨𨒣物𫽄𤷍󰍹𠊛𫽄奸腥懇願𡗶坦証明改𭁈𧗱苓降福除灾唯𠁀治渃𥹰󱱊群𡗶群坦群𠁀郑黎碎𢚸󰅹固四知𤯩𧗱涅𤵺苦𧗱性𣦍𡲤生涓態之𫢩𩼢本𤵺𣈙𫚱敢誇𦹳𡄎才浅蔑愚凡吏爫賒本史喃訴詳𣦆𫀅歴代帝王納和辨󰒂𪮙唐喃哪耒因買𪮙劄𦋦㨿冲史記共𦉼傳之自涇陽󰘉乾坤𣦆𫀅典忍照𤤰茹陳𡗶生几布牧民蔑衰蔑盛亊吝腀光察𫀅自古興王朱数𡗶󰟯本固󰋇饒敬鄧自意爫調稍通仍及𠃣𡗉𫀅制󰜡宝貝貞底𠁀哺嗙󰠲敢共𠊛髙𢬣事过埃考埃𣈙訟無証㨿𢯏𫢩𤾓唐曳台𦧘𫽄固昌説之起藁參詳買坤唐󱱊真馭㐌𨀛咹寬扒𠰘呐寬扒𠳒國朝太祖𨖲󱠢冲中興傳㐌排𫏾𨍦易侯固呐吏󰠲󰘚𠏲埃侯鐐敢𢱖戈󰋇饒㐌滥女󰑼𬖉㤙貴士量賒容調成人之美爫腰呐侍呐嘲賒易必昂𪟽之典亊尋常𫅷奴爫趣劔方制排遨𨒣𣎃孛𣈜𡗶𧵑𢄂爫媒󱖧𩙌爫清腮𬌥悉㗂琴箏𩈘𦝄𡮍𫽄固情𫀅牢𢝙制𡗶坦𦋦𠓨歆制客竹最嘲伴枚固欺𠸟興亊𠁀宝𠁀𫀅㐌計𣈙中興𠸟吏撫𢬣嗔𢜏㦨冲棱史固凌荍𦹳特如松柏撑𫉮踈𦉼𡆗咡廛援麻𫀅敬願㐌達扵𨕭容󰜡物闲共扵𠁑𫢩趣安所趣朱斉唐𤞻𤞻𨀈唐猉猉𠫾祝蒙嗔渚罵兮理󰅹母𬡹𫽄𧗱唐虞傳尼󰑼𧵑𫀅茹󰜡爫𠳒道喃那性情些輕理世𫽄輕意丕埃乃易𠇮劄𢧚,Nom
thivien_Bùi-Bá-Kỳ_Thướng-Minh-đế-thi-kỳ-2_raw.html,陳事陵夷未可期,Chinese
thivien_Bùi-Bá-Kỳ_Thướng-Minh-đế-thi-kỳ-2_raw.html,含冤抱恨有天知,Chinese
thivien_Bùi-Bá-Kỳ_Thướng-Minh-đế-thi-kỳ-2_raw.html,南方臣子懷忠義,Chinese
thivien_Bùi-Bá-Kỳ_Thướng-Minh-đế-thi-kỳ-2_raw.html,誓國捐驅伐季犛,Chinese
thivien_Bùi-Thức_Dữ-hương-hữu-nhân-Trần-công-chí-ngoại-quán_raw.html,黃昏初至頹三廟,Chinese
thivien_Bùi-Thức_Dữ-hương-hữu-nhân-Trần-công-chí-ngoại-quán_raw.html,登岸來探問事由,Chinese
thivien_Bùi-Thức_Dữ-hương-hữu-nhân-Trần-công-chí-ngoại-quán_raw.html,五族充軍存往蹟,Chinese
thivien_Bùi-Thức_Dữ-hương-hữu-nhân-Trần-công-chí-ngoại-quán_raw.html,諸先為義啓宏模,Chinese
thivien_Bùi-Thức_Dữ-hương-hữu-nhân-Trần-công-chí-ngoại-quán_raw.html,竹林古帝停車處,Chinese
thivien_Bùi-Thức_Dữ-hương-hữu-nhân-Trần-công-chí-ngoại-quán_raw.html,江畔新船夜暫居,Chinese
thivien_Bùi-Thức_Dữ-hương-hữu-nhân-Trần-công-chí-ngoại-quán_raw.html,石井自前南北旅,Chinese
thivien_Bùi-Thức_Dữ-hương-hữu-nhân-Trần-công-chí-ngoại-quán_raw.html,市民群聚樂歡呼,Chinese
thivien_Cao-Bá-Quát_Khuê-oán-kỳ-4_raw.html,西園及春燠,Chinese
thivien_Cao-Bá-Quát_Khuê-oán-kỳ-4_raw.html,空房寂不語,Chinese
thivien_Cao-Bá-Quát_Khuê-oán-kỳ-4_raw.html,感激此時情,Chinese
thivien_Cao-Bá-Quát_Khuê-oán-kỳ-4_raw.html,新愛顏如雪,Chinese
thivien_Cao-Bá-Quát_Khuê-oán-kỳ-4_raw.html,心曲君詎知,Chinese
thivien_Cao-Bá-Quát_Khuê-oán-kỳ-4_raw.html,遲遲未忍別,Chinese
thivien_Cao-Bá-Quát_Ngũ-nguyệt-thập-nhị-nhật-quan-huyện-thí_raw.html,宿雨黄泥沒碧莎,Chinese
thivien_Cao-Bá-Quát_Ngũ-nguyệt-thập-nhị-nhật-quan-huyện-thí_raw.html,正是文章辛苦地,Chinese
thivien_Cao-Bá-Quát_Nhĩ-phố-tảo-hồng_raw.html,江湖萬里稻粱天,Chinese
thivien_Cao-Bá-Quát_Nhĩ-phố-tảo-hồng_raw.html,可復圖南欲寄箋,Chinese
thivien_Cao-Bá-Quát_Nhĩ-phố-tảo-hồng_raw.html,歲暮故鄉人未至,Chinese
thivien_Cao-Bá-Quát_Nhĩ-phố-tảo-hồng_raw.html,玉橋歸路衹風煙,Chinese
thivien_Cao-Bá-Quát_Sơn-Tây-thành-yết-Châu-Phong-công-thị-dạ-dữ-Minh-Trọng-túc_raw.html,三江總匯鶴江頭,Chinese
thivien_Cao-Bá-Quát_Sơn-Tây-thành-yết-Châu-Phong-công-thị-dạ-dữ-Minh-Trọng-túc_raw.html,千里名藩據上流,Chinese
thivien_Cao-Bá-Quát_Sơn-Tây-thành-yết-Châu-Phong-công-thị-dạ-dữ-Minh-Trọng-túc_raw.html,舊日魏公門下客,Chinese
thivien_Cao-Bá-Quát_Sơn-Tây-thành-yết-Châu-Phong-công-thị-dạ-dữ-Minh-Trọng-túc_raw.html,起知重接魏公遊,Chinese
thivien_Cao-Bá-Quát_Sơn-cư-tảo-khởi_raw.html,結茅林麓間,Chinese
thivien_Cao-Bá-Quát_Sơn-cư-tảo-khởi_raw.html,天寒秋水碧,Chinese
thivien_Cao-Bá-Quát_Thanh-Trì-phiếm-chu-nam-hạ_raw.html,清潭催別袂,Chinese
thivien_Cao-Bá-Quát_Thanh-Trì-phiếm-chu-nam-hạ_raw.html,珥水濺行襟,Chinese
thivien_Cao-Bá-Quát_Thanh-Trì-phiếm-chu-nam-hạ_raw.html,天低白日沈,Chinese
thivien_Cao-Bá-Quát_Thanh-Trì-phiếm-chu-nam-hạ_raw.html,客舟寒汎汎,Chinese
thivien_Cao-Bá-Quát_Thanh-Trì-phiếm-chu-nam-hạ_raw.html,江色晚陰陰,Chinese
thivien_Cao-Bá-Quát_Thanh-Trì-phiếm-chu-nam-hạ_raw.html,安知萬里心,Chinese
thivien_Cao-Bá-Quát_Thưởng-cúc-kỳ-01_raw.html,正白明黄滿院花,Chinese
thivien_Cao-Bá-Quát_Thưởng-cúc-kỳ-01_raw.html,主人無限相思意,Chinese
thivien_Cao-Bá-Quát_Thưởng-cúc-kỳ-01_raw.html,對爾偏能逸興賒,Chinese
thivien_Cao-Bá-Quát_Viên-trung-hoàng-quỳ-tứ-tuyệt-kỳ-2_raw.html,病起花邊灌溉頻,Chinese
thivien_Cao-Bá-Quát_Viên-trung-hoàng-quỳ-tứ-tuyệt-kỳ-2_raw.html,若為拔去恐傷貧,Chinese
thivien_Cao-Bá-Quát_Viên-trung-hoàng-quỳ-tứ-tuyệt-kỳ-2_raw.html,官情也似香江水,Chinese
thivien_Cao-Bá-Quát_Viên-trung-hoàng-quỳ-tứ-tuyệt-kỳ-2_raw.html,莫把公儀誤世人,Chinese
thivien_Cao-Bá-Quát_Vũ-hậu-tẩu-bút-ký-viên-cư-nhị-hữu_raw.html,東園西角是西園,Chinese
thivien_Cao-Bá-Quát_Vũ-hậu-tẩu-bút-ký-viên-cư-nhị-hữu_raw.html,雨長珠蘭應亂徑,Chinese
thivien_Cao-Bá-Quát_Vũ-hậu-tẩu-bút-ký-viên-cư-nhị-hữu_raw.html,風搖玉黍定迷村,Chinese
thivien_Cao-Bá-Quát_Vũ-hậu-tẩu-bút-ký-viên-cư-nhị-hữu_raw.html,請君莫厭追攀事,Chinese
thivien_Cao-Bá-Quát_Vũ-hậu-tẩu-bút-ký-viên-cư-nhị-hữu_raw.html,過此炎埃幾日閒,Chinese
thivien_Cao-Bá-Quát_Vọng-Hải-đài-đắc-đài-tự_raw.html,萬八年前此重回,Chinese
thivien_Cao-Bá-Quát_Vọng-Hải-đài-đắc-đài-tự_raw.html,臥同弱水涉蓬萊,Chinese
thivien_Cao-Bá-Quát_Vọng-Hải-đài-đắc-đài-tự_raw.html,豈知又到藏真洞,Chinese
thivien_Cao-Bá-Quát_Vọng-Hải-đài-đắc-đài-tự_raw.html,不惜頻登望海臺,Chinese
thivien_Cao-Tự-Thanh_Ức-nhân-Đáp-nhị-Trương_raw.html,昔日分襟意未殘,Chinese
thivien_Cao-Tự-Thanh_Ức-nhân-Đáp-nhị-Trương_raw.html,行盃眄眄遮離恨,Chinese
thivien_Cao-Tự-Thanh_Ức-nhân-Đáp-nhị-Trương_raw.html,玉箸珊珊濕佩環,Chinese
thivien_Cao-Tự-Thanh_Ức-nhân-Đáp-nhị-Trương_raw.html,萍水有緣参載幸,Chinese
thivien_Cao-Tự-Thanh_Ức-nhân-Đáp-nhị-Trương_raw.html,北方得報平安信,Chinese
thivien_Cao-Tự-Thanh_Ức-nhân-Đáp-nhị-Trương_raw.html,風雪凄迷夢裏寒,Chinese
thivien_Chu-Mạnh-Trinh_Dạ-Trạch-tiên-gia-phú_raw.html,相傳江上遇皇女以成親誰識仙班本珠宮之莫逆,Chinese
thivien_Chu-Mạnh-Trinh_Dạ-Trạch-tiên-gia-phú_raw.html,遂使千秋韻事遺跡難憑,Chinese
thivien_Chu-Mạnh-Trinh_Dạ-Trạch-tiên-gia-phú_raw.html,識看一片閒雲仙跡不泯乃從星而顯耀還駕雨來赤藤勝地之間,Chinese
thivien_Chu-Mạnh-Trinh_Dạ-Trạch-tiên-gia-phú_raw.html,因伐木以裁樓別向風問白社圓基之址,Chinese
thivien_Chu-Mạnh-Trinh_Dạ-Trạch-tiên-gia-phú_raw.html,攜手高臺弄玉蕭而鳳降識針還閣聯金字而鴛同,Chinese
thivien_Chu-Mạnh-Trinh_Dạ-Trạch-tiên-gia-phú_raw.html,扁舟泛泛誰從訪蓬萊仙境之虛無夜澤汒汒我獨創帝子因緣之屬籍,Chinese
thivien_Chu-Mạnh-Trinh_Đề-Dương-quý-phi-từ_raw.html,故國山河渺夕煙,Chinese
thivien_Chu-Mạnh-Trinh_Đề-Dương-quý-phi-từ_raw.html,巋巋祠廟峙南天,Chinese
thivien_Chu-Mạnh-Trinh_Đề-Dương-quý-phi-từ_raw.html,仇元遺恨波濤壯,Chinese
thivien_Chu-Mạnh-Trinh_Đề-Dương-quý-phi-từ_raw.html,存宋孤貞日月懸,Chinese
thivien_Chu-Mạnh-Trinh_Đề-Dương-quý-phi-từ_raw.html,萬杪風搖環珮響,Chinese
thivien_Chu-Mạnh-Trinh_Đề-Dương-quý-phi-từ_raw.html,一湖秋洗鏡光圜,Chinese
thivien_Chu-Văn-An_Thôn-Nam-sơn-tiểu-khế_raw.html,閑身南北片雲輕,Chinese
thivien_Châu-Hải-Đường_Thu-tứ_raw.html,玻璃窗外葉初黃,Chinese
thivien_Châu-Hải-Đường_Thu-tứ_raw.html,披拂微風繞曲廊,Chinese
thivien_Châu-Hải-Đường_Thu-tứ_raw.html,數點菊花籬下綻,Chinese
thivien_Châu-Hải-Đường_Thu-tứ_raw.html,一聲鴻雁碧空揚,Chinese
thivien_Châu-Hải-Đường_Thu-tứ_raw.html,已疏蟋蟀鳴苔砌,Chinese
thivien_Châu-Hải-Đường_Thu-tứ_raw.html,旅次鄉心偏婉轉,Chinese
thivien_Châu-Hải-Đường_Thu-tứ_raw.html,清秋況易斷人腸,Chinese
thivien_Doãn-Uẩn_Ký-tặng-Tân-Bình-tri-phủ-Hà-hội-nguyên_raw.html,太液池邊俸紫泥,Chinese
thivien_Doãn-Uẩn_Ký-tặng-Tân-Bình-tri-phủ-Hà-hội-nguyên_raw.html,馬頭那敢問東西,Chinese
thivien_Doãn-Uẩn_Ký-tặng-Tân-Bình-tri-phủ-Hà-hội-nguyên_raw.html,錦囊神護琴樽爽,Chinese
thivien_Doãn-Uẩn_Ký-tặng-Tân-Bình-tri-phủ-Hà-hội-nguyên_raw.html,班席春回雨露低,Chinese
thivien_Doãn-Uẩn_Ký-tặng-Tân-Bình-tri-phủ-Hà-hội-nguyên_raw.html,隴坻誠知鸚鵡態,Chinese
thivien_Doãn-Uẩn_Ký-tặng-Tân-Bình-tri-phủ-Hà-hội-nguyên_raw.html,岡梧原是鳳凰棲,Chinese
thivien_Doãn-Uẩn_Ký-tặng-Tân-Bình-tri-phủ-Hà-hội-nguyên_raw.html,金籠曾否園林夢,Chinese
thivien_Doãn-Uẩn_Ký-tặng-Tân-Bình-tri-phủ-Hà-hội-nguyên_raw.html,紅紫花間自在啼,Chinese
thivien_Giáp-Hải_Thứ-vận-thướng-Trình-quốc-công-kỳ-1_raw.html,等幄曾聞漢傑三,Chinese
thivien_Giáp-Hải_Thứ-vận-thướng-Trình-quốc-công-kỳ-1_raw.html,紅旗黃紙初心淡,Chinese
thivien_Giáp-Hải_Thứ-vận-thướng-Trình-quốc-công-kỳ-1_raw.html,碧水青山雅意貪,Chinese
thivien_Giáp-Hải_Thứ-vận-thướng-Trình-quốc-công-kỳ-1_raw.html,瑤琴對酒月盈庵,Chinese
thivien_Giáp-Hải_Thứ-vận-thướng-Trình-quốc-công-kỳ-1_raw.html,嚴嚴喬泰儀型重,Chinese
thivien_Giáp-Hải_Thứ-vận-thướng-Trình-quốc-công-kỳ-1_raw.html,後學長瞻作指南,Chinese
thivien_Hoàng-Nguyễn-Thự_Hồi-bất-tặng-biệt-Thanh-Phái-hầu_raw.html,東西同席一同方,Chinese
thivien_Hoàng-Nguyễn-Thự_Hồi-bất-tặng-biệt-Thanh-Phái-hầu_raw.html,勿笑人生一夢場,Chinese
thivien_Hoàng-Nguyễn-Thự_Hồi-bất-tặng-biệt-Thanh-Phái-hầu_raw.html,却看鴻雁逐風翔,Chinese
thivien_Hoàng-Nguyễn-Thự_Hồi-bất-tặng-biệt-Thanh-Phái-hầu_raw.html,一年遊宦君程坦,Chinese
thivien_Hoàng-Nguyễn-Thự_Hồi-bất-tặng-biệt-Thanh-Phái-hầu_raw.html,萍梗可堪無定局,Chinese
thivien_Hoàng-Nguyễn-Thự_Hồi-bất-tặng-biệt-Thanh-Phái-hầu_raw.html,春涯珥涘水滄茫,Chinese
thivien_Hoàng-Nguyễn-Thự_Tặng-Võng-La-nhân_raw.html,我生之初尚無為,Chinese
thivien_Hoàng-Nguyễn-Thự_Tặng-Võng-La-nhân_raw.html,自愧崇虛徒病寔,Chinese
thivien_Hoàng-Nguyễn-Thự_Tặng-Võng-La-nhân_raw.html,未能濟治曷持危,Chinese
thivien_Hoàng-Nguyễn-Thự_Tặng-Võng-La-nhân_raw.html,两下希將志與時,Chinese
thivien_Hoàng-Nguyễn-Thự_Tặng-Võng-La-nhân_raw.html,好有是憑輿衛意,Chinese
thivien_Hoàng-Nguyễn-Thự_Tặng-Võng-La-nhân_raw.html,昔之有夏庽君思,Chinese
thivien_Hoàng-Nguyễn-Thự_Vân-Sơn-quan_raw.html,有河南地有雲巖,Chinese
thivien_Hoàng-Nguyễn-Thự_Vân-Sơn-quan_raw.html,幾似雲關插蔚藍,Chinese
thivien_Hoàng-Nguyễn-Thự_Vân-Sơn-quan_raw.html,帶霧爲容迷亂石,Chinese
thivien_Hoàng-Nguyễn-Thự_Vân-Sơn-quan_raw.html,停天作鎮擁浮嵐,Chinese
thivien_Hoàng-Nguyễn-Thự_Vân-Sơn-quan_raw.html,泉衍皇流水不貪,Chinese
thivien_Hoàng-Nguyễn-Thự_Vân-Sơn-quan_raw.html,過得關頭紅日朗,Chinese
thivien_Hoàng-Nguyễn-Thự_Vân-Sơn-quan_raw.html,廣幃認是諦城南,Chinese
thivien_Hoàng-Văn-Tuấn_Ngục-trung-bất-thuỵ_raw.html,悽悽風雨夜遲遲,Chinese
thivien_Hoàng-Văn-Tuấn_Ngục-trung-bất-thuỵ_raw.html,夢徑何須覽故非,Chinese
thivien_Hoàng-Văn-Tuấn_Ngục-trung-bất-thuỵ_raw.html,回首百年都是夢,Chinese
thivien_Hoàng-Văn-Tuấn_Ngục-trung-bất-thuỵ_raw.html,鄰牆雞響日爭暉,Chinese
thivien_Huyền-Quang-thiền-sư_Yên-Tử-sơn-am-cư_raw.html,門開雲上層,Chinese
thivien_Huyền-Quang-thiền-sư_Yên-Tử-sơn-am-cư_raw.html,已竿龍洞日,Chinese
thivien_Huyền-Quang-thiền-sư_Yên-Tử-sơn-am-cư_raw.html,猶尺虎溪冰,Chinese
thivien_Huyền-Quang-thiền-sư_Yên-Tử-sơn-am-cư_raw.html,抱拙無餘策,Chinese
thivien_Huyền-Quang-thiền-sư_Yên-Tử-sơn-am-cư_raw.html,扶衰有瘦藤,Chinese
thivien_Huyền-Quang-thiền-sư_Yên-Tử-sơn-am-cư_raw.html,過半伴閒僧,Chinese
thivien_Hà-Nhậm-Đại_Nguyễn-Tự-Cường_raw.html,慨想忠臣報國年,Chinese
thivien_Hà-Nhậm-Đại_Nguyễn-Tự-Cường_raw.html,誰為得忠能失孝,Chinese
thivien_Hà-Nhậm-Đại_Nguyễn-Tự-Cường_raw.html,得忠便是孝兼全,Chinese
thivien_Hà-Nhậm-Đại_Thân-Nhân-Trung_raw.html,天將賢佐為時生,Chinese
thivien_Hà-Nhậm-Đại_Thân-Nhân-Trung_raw.html,獨擅騷壇第一名,Chinese
thivien_Hà-Nhậm-Đại_Thân-Nhân-Trung_raw.html,當世文章真大手,Chinese
thivien_Hà-Nhậm-Đại_Thân-Nhân-Trung_raw.html,一門父子佩恩榮,Chinese
thivien_Hà-Tông-Quyền_Ký-du_raw.html,舟船千里通天地,Chinese
thivien_Hà-Tông-Quyền_Ký-du_raw.html,磗瓦層樓殖貨天,Chinese
thivien_Hà-Tông-Quyền_Ký-du_raw.html,繽紛半屬北來船,Chinese
thivien_Hà-Tông-Quyền_Ký-du_raw.html,無窮宇宙開新眼,Chinese
thivien_Hà-Tông-Quyền_Ký-du_raw.html,隨處江山認宿緣,Chinese
thivien_Hà-Tông-Quyền_Ký-du_raw.html,興到不知身是我,Chinese
thivien_Hà-Tông-Quyền_Ký-du_raw.html,軟塵遍踏濁清泉,Chinese
thivien_Hồ-Chí-Minh_Cước-áp_raw.html,世間更有離奇事,Chinese
thivien_Hồ-Chí-Minh_Cước-áp_raw.html,人憫爭先上腳鉗,Chinese
thivien_Hồ-Chí-Minh_Cước-áp_raw.html,因為有鉗才得睡,Chinese
thivien_Hồ-Chí-Minh_Hoàng-hôn_raw.html,風如利劍磨山石,Chinese
thivien_Hồ-Chí-Minh_Hoàng-hôn_raw.html,寒似尖鋒刺樹枝,Chinese
thivien_Hồ-Chí-Minh_Hoàng-hôn_raw.html,遠寺鐘聲催客步,Chinese
thivien_Hồ-Chí-Minh_Hoàng-hôn_raw.html,牧童吹笛引牛歸,Chinese
thivien_Hồ-Chí-Minh_Sơ-đáo-Thiên-Bảo-ngục_raw.html,濕盡衣冠破盡鞋,Chinese
thivien_Hồ-Chí-Minh_Sơ-đáo-Thiên-Bảo-ngục_raw.html,徹夜又無安睡處,Chinese
thivien_Hồ-Chí-Minh_Sơ-đáo-Thiên-Bảo-ngục_raw.html,廁坑上坐待朝來,Chinese
thivien_Hồ-Chí-Minh_Thu-cảm_raw.html,去歲秋初我自由,Chinese
thivien_Hồ-Chí-Minh_Thu-cảm_raw.html,今年秋首我居囚,Chinese
thivien_Hồ-Chí-Minh_Thu-cảm_raw.html,倘能裨益吾民族,Chinese
thivien_Hồ-Chí-Minh_Thu-cảm_raw.html,可說今秋值去秋,Chinese
thivien_Hồ-Chí-Minh_Trúc-lộ-phu_raw.html,餐風浴雨未曾休,Chinese
thivien_Hồ-Chí-Minh_Trúc-lộ-phu_raw.html,慘淡經營築路夫,Chinese
thivien_Hồ-Chí-Minh_Trúc-lộ-phu_raw.html,幾人感謝你功勞,Chinese
thivien_Hồ-Chí-Minh_Tảo-tình_raw.html,朝陽穿過籠全部,Chinese
thivien_Hồ-Chí-Minh_Tảo-tình_raw.html,燒盡幽煙與暗霾,Chinese
thivien_Hồ-Chí-Minh_Tảo-tình_raw.html,生氣頓時充宇宙,Chinese
thivien_Hồ-Chí-Minh_Tảo-tình_raw.html,犯人個個笑顏開,Chinese
thivien_Hồ-Chí-Minh_Tức-cảnh_raw.html,赤日長明關羽心,Chinese
thivien_Hồ-Chí-Minh_Tức-cảnh_raw.html,祖國終年無信息,Chinese
thivien_Hồ-Chí-Minh_Tức-cảnh_raw.html,故鄉每日望回音,Chinese
thivien_Hồ-Chí-Minh_Xuân-tiết-tặng-đậu-cấp-La-Quý-Ba_raw.html,白豆三斤重,Chinese
thivien_Hồ-Chí-Minh_Xuân-tiết-tặng-đậu-cấp-La-Quý-Ba_raw.html,質甘而味香,Chinese
thivien_Hồ-Chí-Minh_Xuân-tiết-tặng-đậu-cấp-La-Quý-Ba_raw.html,青年增產得,Chinese
thivien_Hồ-Tông-Thốc_Đề-Hạng-Vương-từ_raw.html,百二山河起戰烽,Chinese
thivien_Hồ-Tông-Thốc_Đề-Hạng-Vương-từ_raw.html,攜將子弟入關中,Chinese
thivien_Hồ-Tông-Thốc_Đề-Hạng-Vương-từ_raw.html,煙消函谷珠宮冷,Chinese
thivien_Hồ-Tông-Thốc_Đề-Hạng-Vương-từ_raw.html,雪散鴻門玉斗空,Chinese
thivien_Hồ-Tông-Thốc_Đề-Hạng-Vương-từ_raw.html,一敗有天忘澤左,Chinese
thivien_Hồ-Tông-Thốc_Đề-Hạng-Vương-từ_raw.html,重來無地到江東,Chinese
thivien_Hồ-Tông-Thốc_Đề-Hạng-Vương-từ_raw.html,經營五載成何事,Chinese
thivien_Hồ-Tông-Thốc_Đề-Hạng-Vương-từ_raw.html,銷得區區葬魯公,Chinese
thivien_Hồ-Xuân-Hương_Dữ-Sơn-Nam-Thượng-Hiệp-trấn-quan-Trần-Hầu-xướng-hoạ-kỳ-6_raw.html,萍水相逢月下樽,Chinese
thivien_Hồ-Xuân-Hương_Dữ-Sơn-Nam-Thượng-Hiệp-trấn-quan-Trần-Hầu-xướng-hoạ-kỳ-6_raw.html,剛腸片片屬難言,Chinese
thivien_Hồ-Xuân-Hương_Dữ-Sơn-Nam-Thượng-Hiệp-trấn-quan-Trần-Hầu-xướng-hoạ-kỳ-6_raw.html,挑琴有意鳴凰唱,Chinese
thivien_Hồ-Xuân-Hương_Dữ-Sơn-Nam-Thượng-Hiệp-trấn-quan-Trần-Hầu-xướng-hoạ-kỳ-6_raw.html,遶樹無端語鵲喧,Chinese
thivien_Hồ-Xuân-Hương_Dữ-Sơn-Nam-Thượng-Hiệp-trấn-quan-Trần-Hầu-xướng-hoạ-kỳ-6_raw.html,自羞蓮步出胡門,Chinese
thivien_Hồ-Xuân-Hương_Dữ-Sơn-Nam-Thượng-Hiệp-trấn-quan-Trần-Hầu-xướng-hoạ-kỳ-6_raw.html,半筵別話情多少,Chinese
thivien_Hồ-Xuân-Hương_Dữ-Sơn-Nam-Thượng-Hiệp-trấn-quan-Trần-Hầu-xướng-hoạ-kỳ-6_raw.html,脈脈空離倩女魂,Chinese
thivien_Hồ-Xuân-Hương_Tái-ngoại-văn-châm_raw.html,倏聞江鼓戍江城,Chinese
thivien_Hồ-Xuân-Hương_Tái-ngoại-văn-châm_raw.html,忽得寒砧奏耳聽,Chinese
thivien_Hồ-Xuân-Hương_Tái-ngoại-văn-châm_raw.html,續斷霜中驚雁陣,Chinese
thivien_Hồ-Xuân-Hương_Tái-ngoại-văn-châm_raw.html,依稀壁下亂虫聲,Chinese
thivien_Hồ-Xuân-Hương_Tái-ngoại-văn-châm_raw.html,征夫欲破深閨夢,Chinese
thivien_Hồ-Xuân-Hương_Tái-ngoại-văn-châm_raw.html,得意不知勤苦藥,Chinese
thivien_Hồ-Xuân-Hương_Tái-ngoại-văn-châm_raw.html,管弦韻韻間雞鳴,Chinese
thivien_Hồ-Xuân-Hương_Vịnh-thạch-phu-phụ_raw.html,北向南山笑望夫,Chinese
thivien_Hồ-Xuân-Hương_Vịnh-thạch-phu-phụ_raw.html,締糽義長天地並,Chinese
thivien_Hồ-Xuân-Hương_Vịnh-thạch-phu-phụ_raw.html,唱隨聲動海山秋,Chinese
thivien_Hồ-Xuân-Hương_Vịnh-thạch-phu-phụ_raw.html,往來或問渠孫子,Chinese
thivien_Hồ-Xuân-Hương_Đề-Trấn-Quốc-tự_raw.html,莊臨誰是景中人,Chinese
thivien_Hồ-Xuân-Hương_Đề-Trấn-Quốc-tự_raw.html,細細清風扇扇薰,Chinese
thivien_Hồ-Xuân-Hương_Đề-Trấn-Quốc-tự_raw.html,水月波籠蓮插茁,Chinese
thivien_Hồ-Xuân-Hương_Đề-Trấn-Quốc-tự_raw.html,香煙寶憩露連雲,Chinese
thivien_Hồ-Xuân-Hương_Đề-Trấn-Quốc-tự_raw.html,洗空塵慮花含態,Chinese
thivien_Hồ-Xuân-Hương_Đề-Trấn-Quốc-tự_raw.html,喚醒迷途草亦春,Chinese
thivien_Hồ-Xuân-Hương_Đề-Trấn-Quốc-tự_raw.html,到景令人回首望,Chinese
thivien_Khiếu-Năng-Tĩnh_Hương-giang-ngộ-Trần-cư-sĩ-thoại-cựu_raw.html,無能捉得玉欣娘,Chinese
thivien_Khiếu-Năng-Tĩnh_Hương-giang-ngộ-Trần-cư-sĩ-thoại-cựu_raw.html,不表忠貞為後教,Chinese
thivien_Khiếu-Năng-Tĩnh_Hương-giang-ngộ-Trần-cư-sĩ-thoại-cựu_raw.html,定南靜北手非強,Chinese
thivien_Khiếu-Năng-Tĩnh_Ngôn-chí_raw.html,或將設帳助貧家,Chinese
thivien_Khiếu-Năng-Tĩnh_Ngôn-chí_raw.html,無學安能別正邪,Chinese
thivien_Khiếu-Năng-Tĩnh_Ngôn-chí_raw.html,始著化兒初集韻,Chinese
thivien_Khiếu-Năng-Tĩnh_Ngôn-chí_raw.html,除暴凡才豈得耶,Chinese
thivien_Khiếu-Năng-Tĩnh_Ngôn-chí_raw.html,老大少酬先祖願,Chinese
thivien_Khiếu-Năng-Tĩnh_Ngôn-chí_raw.html,朝餐墓粥伴煙霞,Chinese
thivien_Khiếu-Năng-Tĩnh_Tang-miếu-thướng-sớ-cáo-bệnh_raw.html,如今歲幾十餘三,Chinese
thivien_Khiếu-Năng-Tĩnh_Tang-miếu-thướng-sớ-cáo-bệnh_raw.html,風寒痹痛身難解,Chinese
thivien_Khiếu-Năng-Tĩnh_Tang-miếu-thướng-sớ-cáo-bệnh_raw.html,藥治湯丸病不堪,Chinese
thivien_Khiếu-Năng-Tĩnh_Tang-miếu-thướng-sớ-cáo-bệnh_raw.html,桑廟月圓觀四至,Chinese
thivien_Khiếu-Năng-Tĩnh_Tang-miếu-thướng-sớ-cáo-bệnh_raw.html,疏呈旬滿喻雙探,Chinese
thivien_Khiếu-Năng-Tĩnh_Tang-miếu-thướng-sớ-cáo-bệnh_raw.html,水萍曾識君心苦,Chinese
thivien_Khiếu-Năng-Tĩnh_Tang-miếu-thướng-sớ-cáo-bệnh_raw.html,九臥山邊亦自慚,Chinese
thivien_Khiếu-Năng-Tĩnh_Thanh-minh_raw.html,北望南洲萬里途,Chinese
thivien_Khiếu-Năng-Tĩnh_Thanh-minh_raw.html,後先大小瀕來墓,Chinese
thivien_Khiếu-Năng-Tĩnh_Thanh-minh_raw.html,酒洒一壼留莽草,Chinese
thivien_Khiếu-Năng-Tĩnh_Thanh-minh_raw.html,心祈諸事早豊餘,Chinese
thivien_Khiếu-Năng-Tĩnh_Thanh-minh_raw.html,妻而在貫今非異,Chinese
thivien_Khiếu-Năng-Tĩnh_Thanh-minh_raw.html,少報生成世世如,Chinese
thivien_Khiếu-Năng-Tĩnh_Tiên-Nhân-động_raw.html,相傳匝六峒飛來,Chinese
thivien_Khiếu-Năng-Tĩnh_Tiên-Nhân-động_raw.html,其一觀瞻果不差,Chinese
thivien_Khiếu-Năng-Tĩnh_Tiên-Nhân-động_raw.html,大小乳垂多露滴,Chinese
thivien_Khiếu-Năng-Tĩnh_Tiên-Nhân-động_raw.html,暗明谷險幾連臺,Chinese
thivien_Khiếu-Năng-Tĩnh_Tiên-Nhân-động_raw.html,日光深照佳人入,Chinese
thivien_Khiếu-Năng-Tĩnh_Tiên-Nhân-động_raw.html,鵲鳥高呼遠客回,Chinese
thivien_Khiếu-Năng-Tĩnh_Tiên-Nhân-động_raw.html,前度兵戈餘骨在,Chinese
thivien_Khiếu-Năng-Tĩnh_Tiên-Nhân-động_raw.html,寒風射面史添哀,Chinese
thivien_Khiếu-Năng-Tĩnh_Tây-Mỗ-Thánh-Mẫu-từ_raw.html,曾聞三度生生化,Chinese
thivien_Khiếu-Năng-Tĩnh_Tây-Mỗ-Thánh-Mẫu-từ_raw.html,西姆皇家為後劫,Chinese
thivien_Khiếu-Năng-Tĩnh_Tây-Mỗ-Thánh-Mẫu-từ_raw.html,北山梅氏續前恩,Chinese
thivien_Khiếu-Năng-Tĩnh_Tây-Mỗ-Thánh-Mẫu-từ_raw.html,以完塵夢生男子,Chinese
thivien_Khiếu-Năng-Tĩnh_Tây-Mỗ-Thánh-Mẫu-từ_raw.html,門外明堂多水聚,Chinese
thivien_Khiếu-Năng-Tĩnh_Tây-Mỗ-Thánh-Mẫu-từ_raw.html,四時花草燭香新,Chinese
thivien_Khuyết-danh-Việt-Nam_Nhật-đăng-sơn_raw.html,一缽功德水,Chinese
thivien_Khuyết-danh-Việt-Nam_Nhật-đăng-sơn_raw.html,隨緣化世間,Chinese
thivien_Khuyết-danh-Việt-Nam_Nhật-đăng-sơn_raw.html,光光重照燭,Chinese
thivien_Khuyết-danh-Việt-Nam_Nhật-đăng-sơn_raw.html,影沒日登山,Chinese
thivien_Khuyết-danh-Việt-Nam_Phật-pháp-kỳ-1_raw.html,佛法誰能護,Chinese
thivien_Khuyết-danh-Việt-Nam_Phật-pháp-kỳ-1_raw.html,柱聽住祇園,Chinese
thivien_Khuyết-danh-Việt-Nam_Phật-pháp-kỳ-1_raw.html,早隨別處遷,Chinese
thivien_Khuyết-danh-Việt-Nam_Phật-pháp-kỳ-1_raw.html,不載金剛部,Chinese
thivien_Khuyết-danh-Việt-Nam_Phật-pháp-kỳ-1_raw.html,密跡那羅延,Chinese
thivien_Khuyết-danh-Việt-Nam_Phật-pháp-kỳ-1_raw.html,滿空塵數眾,Chinese
thivien_Khuyết-danh-Việt-Nam_Phật-pháp-kỳ-1_raw.html,侍佛成冤愆,Chinese
thivien_Khuyết-danh-Việt-Nam_Sấm-ngôn_raw.html,樹根杳杳,Chinese
thivien_Khuyết-danh-Việt-Nam_Sấm-ngôn_raw.html,禾刀木落,Chinese
thivien_Khuyết-danh-Việt-Nam_Sấm-ngôn_raw.html,十八子成,Chinese
thivien_Khuyết-danh-Việt-Nam_Sấm-ngôn_raw.html,震宮見日,Chinese
thivien_Khuyết-danh-Việt-Nam_Sấm-ngôn_raw.html,兌宮隱星,Chinese
thivien_Khuyết-danh-Việt-Nam_Sấm-ngôn_raw.html,天下太平,Chinese
thivien_Không-Lộ-thiền-sư_Ngư-nhàn_raw.html,萬里清江萬里天,Chinese
thivien_Không-Lộ-thiền-sư_Ngư-nhàn_raw.html,一村桑柘一村煙,Chinese
thivien_Không-Lộ-thiền-sư_Ngư-nhàn_raw.html,漁翁睡著無人喚,Chinese
thivien_Không-Lộ-thiền-sư_Ngư-nhàn_raw.html,過午醒來雪滿船,Chinese
thivien_Lê-Chí-Kính_Nhất-Tự-sơn-tức-cảnh_raw.html,一字天然海岸浮,Chinese
thivien_Lê-Chí-Kính_Nhất-Tự-sơn-tức-cảnh_raw.html,十分景色眼中收,Chinese
thivien_Lê-Chí-Kính_Nhất-Tự-sơn-tức-cảnh_raw.html,山形平直天留巧,Chinese
thivien_Lê-Chí-Kính_Nhất-Tự-sơn-tức-cảnh_raw.html,水面滄茫客易愁,Chinese
thivien_Lê-Chí-Kính_Nhất-Tự-sơn-tức-cảnh_raw.html,馬嶺斜陽噓牧笛,Chinese
thivien_Lê-Chí-Kính_Nhất-Tự-sơn-tức-cảnh_raw.html,求江晚渡泛漁舟,Chinese
thivien_Lê-Chí-Kính_Nhất-Tự-sơn-tức-cảnh_raw.html,卅年往徹人蕕記,Chinese
thivien_Lê-Chí-Kính_Nhất-Tự-sơn-tức-cảnh_raw.html,遇我江山恨白頭,Chinese
thivien_Lê-Cảnh-Tuân_Nguyên-nhật_raw.html,旅館客仍在,Chinese
thivien_Lê-Cảnh-Tuân_Nguyên-nhật_raw.html,去年春復來,Chinese
thivien_Lê-Cảnh-Tuân_Nguyên-nhật_raw.html,歸期何日是,Chinese
thivien_Lê-Cảnh-Tuân_Nguyên-nhật_raw.html,老盡故園梅,Chinese
thivien_Lê-Khắc-Cẩn_Tiễn-Niết-đài-Nguyễn-Huy-Quỳnh-thăng-Thanh-phiên-sứ_raw.html,稠壘家慶與國恩,Chinese
thivien_Lê-Khắc-Cẩn_Tiễn-Niết-đài-Nguyễn-Huy-Quỳnh-thăng-Thanh-phiên-sứ_raw.html,龍肚幾秋卿士月,Chinese
thivien_Lê-Khắc-Cẩn_Tiễn-Niết-đài-Nguyễn-Huy-Quỳnh-thăng-Thanh-phiên-sứ_raw.html,桃李東風笑不言,Chinese
thivien_Lê-Khắc-Cẩn_Tiễn-Niết-đài-Nguyễn-Huy-Quỳnh-thăng-Thanh-phiên-sứ_raw.html,同事況今逢地主,Chinese
thivien_Lê-Quát_Nhạn-túc-đăng_raw.html,盤底膏痕疑繫帛,Chinese
thivien_Lê-Quát_Nhạn-túc-đăng_raw.html,窗間腳影認排行,Chinese
thivien_Lê-Quát_Nhạn-túc-đăng_raw.html,依稀鶴焰冷汀月,Chinese
thivien_Lê-Quát_Nhạn-túc-đăng_raw.html,隱映蛾飛翻塞霜,Chinese
thivien_Lê-Quát_Nhạn-túc-đăng_raw.html,堪笑秦宮尚奇巧,Chinese
thivien_Lê-Quát_Nhạn-túc-đăng_raw.html,磻螭飛甲照咸陽,Chinese
thivien_Lê-Quát_Đồng-hổ_raw.html,一雙銅虎踞城隅,Chinese
thivien_Lê-Quát_Đồng-hổ_raw.html,守護天閽幾度秋,Chinese
thivien_Lê-Quát_Đồng-hổ_raw.html,精孕首山經百鍊,Chinese
thivien_Lê-Quát_Đồng-hổ_raw.html,威分岩殿爍雙眸,Chinese
thivien_Lê-Quát_Đồng-hổ_raw.html,金馬誇張豈足侔,Chinese
thivien_Lê-Quát_Đồng-hổ_raw.html,恰似忠臣心鐵石,Chinese
thivien_Lê-Quát_Đồng-hổ_raw.html,威聲凜凜臥邊頭,Chinese
thivien_Lê-Quý-Đôn_Đăng-Xuyên-Sơn-nham_raw.html,一路佳山要徧窺,Chinese
thivien_Lê-Quý-Đôn_Đăng-Xuyên-Sơn-nham_raw.html,攀雲踏雪了忘悲,Chinese
thivien_Lê-Quý-Đôn_Đăng-Xuyên-Sơn-nham_raw.html,獨怪前人解釣奇,Chinese
thivien_Lê-Quý-Đôn_Đăng-Xuyên-Sơn-nham_raw.html,白鶴幾秋天外落,Chinese
thivien_Lê-Quý-Đôn_Đăng-Xuyên-Sơn-nham_raw.html,玉簫何處月中吹,Chinese
thivien_Lê-Quý-Đôn_Đăng-Xuyên-Sơn-nham_raw.html,老僧不作功名想,Chinese
thivien_Lê-Quý-Đôn_Đăng-Xuyên-Sơn-nham_raw.html,詩卷茶甌只自知,Chinese
thivien_Lê-Quý-Đôn_Để-Dương-Châu-đăng-chu_raw.html,春日維船旁竹門,Chinese
thivien_Lê-Quý-Đôn_Để-Dương-Châu-đăng-chu_raw.html,風微芳徑嬌鶯囀,Chinese
thivien_Lê-Quý-Đôn_Để-Dương-Châu-đăng-chu_raw.html,雲靜寒塘瘦柳存,Chinese
thivien_Lê-Quý-Đôn_Để-Dương-Châu-đăng-chu_raw.html,玉節後前來翼軫,Chinese
thivien_Lê-Quý-Đôn_Để-Dương-Châu-đăng-chu_raw.html,浮槎晨夕望離坤,Chinese
thivien_Lê-Quý-Đôn_Để-Dương-Châu-đăng-chu_raw.html,團圓勝會知何自,Chinese
thivien_Lê-Quý-Đôn_Để-Dương-Châu-đăng-chu_raw.html,桂院蘭庭有善宗,Chinese
thivien_Lê-Thánh-Tông_Chí-Linh-sơn-đạo-trung-kỳ-2_raw.html,參禪人戀心成佛,Chinese
thivien_Lê-Thánh-Tông_Chí-Linh-sơn-đạo-trung-kỳ-2_raw.html,路轉林回雲袂冷,Chinese
thivien_Lê-Thánh-Tông_Chí-Linh-sơn-đạo-trung-kỳ-2_raw.html,舉頭疑入四明山,Chinese
thivien_Lê-Thánh-Tông_Ngự-chế-văn-nhân-thi_raw.html,書窗燈火夙霄勤,Chinese
thivien_Lê-Thánh-Tông_Ngự-chế-văn-nhân-thi_raw.html,道骨仙風乘月客,Chinese
thivien_Lê-Thánh-Tông_Ngự-chế-văn-nhân-thi_raw.html,錦心繡口典衣人,Chinese
thivien_Lê-Thánh-Tông_Ngự-chế-văn-nhân-thi_raw.html,雄詞炯炯凌霄漢,Chinese
thivien_Lê-Thánh-Tông_Ngự-chế-văn-nhân-thi_raw.html,妙句洋洋泣鬼神,Chinese
thivien_Lê-Thánh-Tông_Ngự-chế-văn-nhân-thi_raw.html,冰玉情懷方寸頃,Chinese
thivien_Lê-Thánh-Tông_Ngự-chế-văn-nhân-thi_raw.html,晅和郁郁四時春,Chinese
thivien_Lê-Thánh-Tông_Trung-Giang-châu-dạ-bạc_raw.html,夜靜無風宿露消,Chinese
thivien_Lê-Thánh-Tông_Trung-Giang-châu-dạ-bạc_raw.html,樓頭對日舉盃邀,Chinese
thivien_Lê-Thánh-Tông_Trung-Giang-châu-dạ-bạc_raw.html,潮漲平江水白橋,Chinese
thivien_Lê-Thánh-Tông_Đông-dạ-chước-tửu_raw.html,軒前楚楚席群英,Chinese
thivien_Lê-Thánh-Tông_Đông-dạ-chước-tửu_raw.html,攜酒看來俗慮清,Chinese
thivien_Lê-Thánh-Tông_Đông-dạ-chước-tửu_raw.html,可看閑階一片地,Chinese
thivien_Lê-Thánh-Tông_Đăng-Long-Đội-sơn-đề-Sùng-Thiện-Diên-Linh-bảo-tháp-bi-hậu_raw.html,攀緣石磴扣禪扃,Chinese
thivien_Lê-Thánh-Tông_Đăng-Long-Đội-sơn-đề-Sùng-Thiện-Diên-Linh-bảo-tháp-bi-hậu_raw.html,李皇恠誕碑空在,Chinese
thivien_Lê-Thánh-Tông_Đăng-Long-Đội-sơn-đề-Sùng-Thiện-Diên-Linh-bảo-tháp-bi-hậu_raw.html,明賊兇殘寺已更,Chinese
thivien_Lê-Thánh-Tông_Đăng-Long-Đội-sơn-đề-Sùng-Thiện-Diên-Linh-bảo-tháp-bi-hậu_raw.html,山多春雨燒痕青,Chinese
thivien_Lê-Thánh-Tông_Đăng-Long-Đội-sơn-đề-Sùng-Thiện-Diên-Linh-bảo-tháp-bi-hậu_raw.html,萬里茫茫草樹平,Chinese
thivien_Lê-Thánh-Tông_Đề-phiến-kỳ-06_raw.html,朱樓白晝靜,Chinese
thivien_Lê-Thánh-Tông_Đề-phiến-kỳ-06_raw.html,熇赫暑威驕,Chinese
thivien_Lê-Thánh-Tông_Đề-phiến-kỳ-06_raw.html,便面何多力,Chinese
thivien_Lê-Thánh-Tông_Đề-phiến-kỳ-06_raw.html,長驅盾日消,Chinese
thivien_Lê-Thánh-Tông_Đề-đạo-nhân-vân-thuỷ-cư-kỳ-08_raw.html,兩岸蘆花兩岸秋,Chinese
thivien_Lê-Thánh-Tông_Đề-đạo-nhân-vân-thuỷ-cư-kỳ-08_raw.html,生緣渚得一扁舟,Chinese
thivien_Lê-Thánh-Tông_Đề-đạo-nhân-vân-thuỷ-cư-kỳ-08_raw.html,傍人欲識忘情樂,Chinese
thivien_Lê-Thánh-Tông_Đề-đạo-nhân-vân-thuỷ-cư-kỳ-08_raw.html,萬里江山汗漫遊,Chinese
thivien_Lê-Thánh-Tông_Đề-đạo-nhân-vân-thuỷ-cư-kỳ-17_raw.html,暉暉周日竹陰涼,Chinese
thivien_Lê-Thánh-Tông_Đề-đạo-nhân-vân-thuỷ-cư-kỳ-17_raw.html,一枕北窗塵慮斷,Chinese
thivien_Lê-Tương-Dực_Đề-Chiếu-Bạch-sơn-thi-tịnh-tự-kỳ-1_raw.html,浩蕩潮頭水接天,Chinese
thivien_Lê-Tương-Dực_Đề-Chiếu-Bạch-sơn-thi-tịnh-tự-kỳ-1_raw.html,巍峨老石蘸清川,Chinese
thivien_Lê-Tương-Dực_Đề-Chiếu-Bạch-sơn-thi-tịnh-tự-kỳ-1_raw.html,依稀古樹容粧上,Chinese
thivien_Lê-Tương-Dực_Đề-Chiếu-Bạch-sơn-thi-tịnh-tự-kỳ-1_raw.html,熳爛鮮花色綴前,Chinese
thivien_Lê-Tương-Dực_Đề-Chiếu-Bạch-sơn-thi-tịnh-tự-kỳ-1_raw.html,緩步徜徉詩思雅,Chinese
thivien_Lê-Tương-Dực_Đề-Chiếu-Bạch-sơn-thi-tịnh-tự-kỳ-1_raw.html,清吟快樂道心玄,Chinese
thivien_Lê-Tương-Dực_Đề-Chiếu-Bạch-sơn-thi-tịnh-tự-kỳ-1_raw.html,壯觀雄姿永遠年,Chinese
thivien_Lý-Thái-Tông_Truy-tán-Pháp-Vân-tự-Tì-ni-đa-lưu-chi-thiền-sư_raw.html,創自南來國,Chinese
thivien_Lý-Thái-Tông_Truy-tán-Pháp-Vân-tự-Tì-ni-đa-lưu-chi-thiền-sư_raw.html,應開諸佛信,Chinese
thivien_Lý-Thái-Tông_Truy-tán-Pháp-Vân-tự-Tì-ni-đa-lưu-chi-thiền-sư_raw.html,遠合一心源,Chinese
thivien_Lý-Thái-Tông_Truy-tán-Pháp-Vân-tự-Tì-ni-đa-lưu-chi-thiền-sư_raw.html,皎皎楞枷月,Chinese
thivien_Lý-Thái-Tông_Truy-tán-Pháp-Vân-tự-Tì-ni-đa-lưu-chi-thiền-sư_raw.html,何時臨面見,Chinese
thivien_Lý-Thái-Tông_Truy-tán-Pháp-Vân-tự-Tì-ni-đa-lưu-chi-thiền-sư_raw.html,相與話重玄,Chinese
thivien_Mạc-Đĩnh-Chi_Tảo-hành_raw.html,蝴蝶醒殘夢,Chinese
thivien_Mạc-Đĩnh-Chi_Tảo-hành_raw.html,商郎聞櫂歌,Chinese
thivien_Mạc-Đĩnh-Chi_Tảo-hành_raw.html,擺櫂破晴波,Chinese
thivien_Mạc-Đĩnh-Chi_Tảo-hành_raw.html,水入九江闊,Chinese
thivien_Mạc-Đĩnh-Chi_Tảo-hành_raw.html,山歸三楚多,Chinese
thivien_Mạc-Đĩnh-Chi_Tảo-hành_raw.html,濂溪何處是,Chinese
thivien_Mạc-Đĩnh-Chi_Tảo-hành_raw.html,我欲訪煙蘿,Chinese
thivien_Nguyễn-Cao_Nguyên-đán-thí-bút-ngôn-chí_raw.html,暄氣祛寒落酒邊,Chinese
thivien_Nguyễn-Cao_Nguyên-đán-thí-bút-ngôn-chí_raw.html,醒看花色上簾鮮,Chinese
thivien_Nguyễn-Cao_Nguyên-đán-thí-bút-ngôn-chí_raw.html,更事多慚尚少年,Chinese
thivien_Nguyễn-Cao_Nguyên-đán-thí-bút-ngôn-chí_raw.html,癡拙此身多病態,Chinese
thivien_Nguyễn-Cao_Nguyên-đán-thí-bút-ngôn-chí_raw.html,閑來如早成初志,Chinese
thivien_Nguyễn-Cao_Nguyên-đán-thí-bút-ngôn-chí_raw.html,買盡春山不用錢,Chinese
thivien_Nguyễn-Công-Hãng_Giản-Triều-Tiên-quốc-sứ-Du-Tập-Nhất-Lý-Thế-Cẩn-kỳ-2_raw.html,計程一萬又零餘,Chinese
thivien_Nguyễn-Công-Hãng_Giản-Triều-Tiên-quốc-sứ-Du-Tập-Nhất-Lý-Thế-Cẩn-kỳ-2_raw.html,威儀共秉周家禮,Chinese
thivien_Nguyễn-Công-Hãng_Giản-Triều-Tiên-quốc-sứ-Du-Tập-Nhất-Lý-Thế-Cẩn-kỳ-2_raw.html,學問同遵孔氏書,Chinese
thivien_Nguyễn-Công-Hãng_Giản-Triều-Tiên-quốc-sứ-Du-Tập-Nhất-Lý-Thế-Cẩn-kỳ-2_raw.html,使軺雲返重相憶,Chinese
thivien_Nguyễn-Công-Hãng_Giản-Triều-Tiên-quốc-sứ-Du-Tập-Nhất-Lý-Thế-Cẩn-kỳ-2_raw.html,在子安知不我如,Chinese
thivien_Nguyễn-Cẩn-II_Trùng-đề-Truyền-Đăng-sơn_raw.html,聖宗皇帝題詩石,Chinese
thivien_Nguyễn-Cẩn-II_Trùng-đề-Truyền-Đăng-sơn_raw.html,東溟之山高百尺,Chinese
thivien_Nguyễn-Cẩn-II_Trùng-đề-Truyền-Đăng-sơn_raw.html,天風海島日夜激,Chinese
thivien_Nguyễn-Cẩn-II_Trùng-đề-Truyền-Đăng-sơn_raw.html,五百年與字猶赤,Chinese
thivien_Nguyễn-Cẩn-II_Trùng-đề-Truyền-Đăng-sơn_raw.html,和稱御筆咽何人,Chinese
thivien_Nguyễn-Cẩn-II_Trùng-đề-Truyền-Đăng-sơn_raw.html,鄭王望意同不泯,Chinese
thivien_Nguyễn-Cẩn-II_Trùng-đề-Truyền-Đăng-sơn_raw.html,吁嗟後黎之君臣,Chinese
thivien_Nguyễn-Diễn_Thế-lộ-suy_raw.html,水潦饑寒繼亂來,Chinese
thivien_Nguyễn-Diễn_Thế-lộ-suy_raw.html,兵火清民分老少,Chinese
thivien_Nguyễn-Diễn_Thế-lộ-suy_raw.html,外教當防內教乖,Chinese
thivien_Nguyễn-Diễn_Thế-lộ-suy_raw.html,不顧祖宗先兆白,Chinese
thivien_Nguyễn-Du_Bất-tiến-hành_raw.html,舟楫紛紛同一流,Chinese
thivien_Nguyễn-Du_Bất-tiến-hành_raw.html,下灘人喜上灘愁,Chinese
thivien_Nguyễn-Du_Bất-tiến-hành_raw.html,百丈長繩挽不進,Chinese
thivien_Nguyễn-Du_Bất-tiến-hành_raw.html,舟中年少皆白頭,Chinese
thivien_Nguyễn-Du_Dạ-hành_raw.html,老納安眠鴻嶺雲,Chinese
thivien_Nguyễn-Du_Dạ-hành_raw.html,浮鷗靜宿煖沙津,Chinese
thivien_Nguyễn-Du_Dạ-hành_raw.html,南溟殘月浮千里,Chinese
thivien_Nguyễn-Du_Dạ-hành_raw.html,古陌寒風共一人,Chinese
thivien_Nguyễn-Du_Dạ-hành_raw.html,黑夜何其迷失曉,Chinese
thivien_Nguyễn-Du_Dạ-hành_raw.html,不愁久露霑衣袂,Chinese
thivien_Nguyễn-Du_Dạ-hành_raw.html,且喜鬚眉不染塵,Chinese
thivien_Nguyễn-Du_Dự-Nhượng-kiều-chuỷ-thủ-hành_raw.html,晉陽城外滔滔水智伯漆頭為溺器,Chinese
thivien_Nguyễn-Du_Dự-Nhượng-kiều-chuỷ-thủ-hành_raw.html,漆身為癩剔鬚眉當道乞食妻不知身挾匕首伏橋下,Chinese
thivien_Nguyễn-Du_Dự-Nhượng-kiều-chuỷ-thủ-hành_raw.html,怒視仇腹甘如飴殺氣凜凜不可近,Chinese
thivien_Nguyễn-Du_Dự-Nhượng-kiều-chuỷ-thủ-hành_raw.html,白日無光霜雪飛,Chinese
thivien_Nguyễn-Du_Dự-Nhượng-kiều-chuỷ-thủ-hành_raw.html,再擭再舍心不移臨死猶能三擊衣凌凌奇氣千霄上自此橋名更豫讓,Chinese
thivien_Nguyễn-Du_Dự-Nhượng-kiều-chuỷ-thủ-hành_raw.html,君臣大義最分明國士眾人各易尙,Chinese
thivien_Nguyễn-Du_Dự-Nhượng-kiều-chuỷ-thủ-hành_raw.html,愧剎人臣懷二心千古聞之色惆悵不是荊軻聶政徒,Chinese
thivien_Nguyễn-Du_Dự-Nhượng-kiều-chuỷ-thủ-hành_raw.html,甘人豢養輕其軀血氣之勇不足道,Chinese
thivien_Nguyễn-Du_Dự-Nhượng-kiều-chuỷ-thủ-hành_raw.html,君獨錚錚鐵丈夫路經三晉皆丘土,Chinese
thivien_Nguyễn-Du_Dự-Nhượng-kiều-chuỷ-thủ-hành_raw.html,注目橋邊如有睹西風凄凄寒逼人征馬頻頻驚失路匕首當時七寸長獨有萬丈光茫亙今古,Chinese
thivien_Nguyễn-Du_Hoàng-Mai-kiều-vãn-diểu_raw.html,黃梅橋上夕陽紅,Chinese
thivien_Nguyễn-Du_Hoàng-Mai-kiều-vãn-diểu_raw.html,黃梅橋下水流東,Chinese
thivien_Nguyễn-Du_Hoàng-Mai-kiều-vãn-diểu_raw.html,元氣浮沉滄海外,Chinese
thivien_Nguyễn-Du_Hoàng-Mai-kiều-vãn-diểu_raw.html,短蓑漁枕孤舟月,Chinese
thivien_Nguyễn-Du_Hoàng-Mai-kiều-vãn-diểu_raw.html,長笛童吹古徑風,Chinese
thivien_Nguyễn-Du_Hoàng-Mai-đạo-trung_raw.html,吳山行已遍,Chinese
thivien_Nguyễn-Du_Hoàng-Mai-đạo-trung_raw.html,楚山來更多,Chinese
thivien_Nguyễn-Du_Hoàng-Mai-đạo-trung_raw.html,到得青山盡,Chinese
thivien_Nguyễn-Du_Hoàng-Mai-đạo-trung_raw.html,衡岳雪初霽,Chinese
thivien_Nguyễn-Du_Hoàng-Mai-đạo-trung_raw.html,洞庭春水波,Chinese
thivien_Nguyễn-Du_Hoàng-Mai-đạo-trung_raw.html,計程在三月,Chinese
thivien_Nguyễn-Du_Hoàng-Mai-đạo-trung_raw.html,猶及薔薇花,Chinese
thivien_Nguyễn-Du_Kinh-Kha-cố-lý_raw.html,白虹貫日天漫漫風蕭蕭兮易水寒歌聲慷慨金聲烈荊軻從此入秦關入秦關兮持匕首,Chinese
thivien_Nguyễn-Du_Kinh-Kha-cố-lý_raw.html,六國深仇一引手殿上卒然一震驚,Chinese
thivien_Nguyễn-Du_Kinh-Kha-cố-lý_raw.html,左右手搏王環柱階下舞陽如死人神勇毅然惟獨君縱然不殺秦皇帝,Chinese
thivien_Nguyễn-Du_Kinh-Kha-cố-lý_raw.html,也算古今無比倫怪底行蹤原市隱曾與燕丹無夙分殺身只為受人知徒得田光輕一刎,Chinese
thivien_Nguyễn-Du_Kinh-Kha-cố-lý_raw.html,可憐無辜樊於期以頭借人無還時一朝枉殺三烈士咸陽天子終巍巍,Chinese
thivien_Nguyễn-Du_Kinh-Kha-cố-lý_raw.html,燕郊一望皆塵土,Chinese
thivien_Nguyễn-Du_Kinh-Kha-cố-lý_raw.html,秋日秋風滿官路市上歌聲不復聞易水波流自今古故里枳棘縱復橫,Chinese
thivien_Nguyễn-Du_Lam-giang_raw.html,清晨望藍江藍江漲秋水魚鱉遊丘陵牛馬迷涯涘,Chinese
thivien_Nguyễn-Du_Lam-giang_raw.html,圮岸崩暴雷鴻濤見奇鬼危險勝人心傾覆亦天意,Chinese
thivien_Nguyễn-Du_Lam-giang_raw.html,我望藍江頭,Chinese
thivien_Nguyễn-Du_Lam-giang_raw.html,寸心常惴惴,Chinese
thivien_Nguyễn-Du_Lam-giang_raw.html,常恐一失足,Chinese
thivien_Nguyễn-Du_Lam-giang_raw.html,汨沒無底止如何世間人乘險不知畏,Chinese
thivien_Nguyễn-Du_Lam-giang_raw.html,去者何滔滔來者尚未已,Chinese
thivien_Nguyễn-Du_Nam-Quan-đạo-trung_raw.html,玉書捧下五雲端,Chinese
thivien_Nguyễn-Du_Nam-Quan-đạo-trung_raw.html,萬里單車渡漢關,Chinese
thivien_Nguyễn-Du_Nam-Quan-đạo-trung_raw.html,一路偕來愯白髮,Chinese
thivien_Nguyễn-Du_Nam-Quan-đạo-trung_raw.html,二旬斫見但青山,Chinese
thivien_Nguyễn-Du_Nam-Quan-đạo-trung_raw.html,君恩似海毫無報,Chinese
thivien_Nguyễn-Du_Nam-Quan-đạo-trung_raw.html,春雨如膏骨自寒,Chinese
thivien_Nguyễn-Du_Nam-Quan-đạo-trung_raw.html,王道蕩平休問訊,Chinese
thivien_Nguyễn-Du_Nam-Quan-đạo-trung_raw.html,明江北上是長安,Chinese
thivien_Nguyễn-Du_Ngẫu-hứng-kỳ-1_raw.html,三月春時長豆苗,Chinese
thivien_Nguyễn-Du_Ngẫu-hứng-kỳ-1_raw.html,黃狐肥滿白狐驍,Chinese
thivien_Nguyễn-Du_Ngẫu-hứng-kỳ-1_raw.html,主人在旅不歸去,Chinese
thivien_Nguyễn-Du_Ngẫu-hứng-kỳ-2_raw.html,蘆花初白菊初黃,Chinese
thivien_Nguyễn-Du_Ngẫu-hứng-kỳ-2_raw.html,千里鄉心夜共長,Chinese
thivien_Nguyễn-Du_Ngẫu-hứng-kỳ-2_raw.html,強起推窗望明月,Chinese
thivien_Nguyễn-Du_Ngẫu-hứng-kỳ-2_raw.html,綠陰重疊不遺光,Chinese
thivien_Nguyễn-Du_Ngẫu-đề-công-quán-bích-kỳ-2_raw.html,浮雲無定水滔滔,Chinese
thivien_Nguyễn-Du_Ngẫu-đề-công-quán-bích-kỳ-2_raw.html,風吹古塚浮榮盡,Chinese
thivien_Nguyễn-Du_Ngẫu-đề-công-quán-bích-kỳ-2_raw.html,岩棲谷飲不辭勞,Chinese
thivien_Nguyễn-Du_Ngẫu-đề-công-quán-bích-kỳ-2_raw.html,平生已絕雲霄夢,Chinese
thivien_Nguyễn-Du_Ngẫu-đề-công-quán-bích-kỳ-2_raw.html,怕見傍人問羽毛,Chinese
thivien_Nguyễn-Du_Ngẫu-đề_raw.html,白地庭墀夜色空,Chinese
thivien_Nguyễn-Du_Ngẫu-đề_raw.html,深堂悄悄下簾櫳,Chinese
thivien_Nguyễn-Du_Ngẫu-đề_raw.html,丁東砧杵千家月,Chinese
thivien_Nguyễn-Du_Ngẫu-đề_raw.html,十口啼饑橫嶺北,Chinese
thivien_Nguyễn-Du_Ngẫu-đề_raw.html,一身臥病帝城東,Chinese
thivien_Nguyễn-Du_Ngẫu-đề_raw.html,天下何人不夢中,Chinese
thivien_Nguyễn-Du_Sơ-thu-cảm-hứng-kỳ-1_raw.html,蕭蕭木落楚江空,Chinese
thivien_Nguyễn-Du_Sơ-thu-cảm-hứng-kỳ-1_raw.html,無限傷心一夜中,Chinese
thivien_Nguyễn-Du_Sơ-thu-cảm-hứng-kỳ-1_raw.html,白髮生憎班定遠,Chinese
thivien_Nguyễn-Du_Sơ-thu-cảm-hứng-kỳ-1_raw.html,玉門關外老秋風,Chinese
thivien_Nguyễn-Du_Thái-Bình-thành-hạ-văn-xuy-địch_raw.html,太平城外西風起,Chinese
thivien_Nguyễn-Du_Thái-Bình-thành-hạ-văn-xuy-địch_raw.html,吹皺寧明一江水,Chinese
thivien_Nguyễn-Du_Thái-Bình-thành-hạ-văn-xuy-địch_raw.html,江水皺兮江月寒,Chinese
thivien_Nguyễn-Du_Thái-Bình-thành-hạ-văn-xuy-địch_raw.html,誰家橫笛憑欄杆,Chinese
thivien_Nguyễn-Du_Thái-Bình-thành-hạ-văn-xuy-địch_raw.html,二十七人共回首,Chinese
thivien_Nguyễn-Du_Thái-Bình-thành-hạ-văn-xuy-địch_raw.html,故鄉已隔萬重山,Chinese
thivien_Nguyễn-Du_Thương-Ngô-Trúc-chi-ca-kỳ-02_raw.html,一片寒光射水晶,Chinese
thivien_Nguyễn-Du_Thương-Ngô-Trúc-chi-ca-kỳ-02_raw.html,來往遊船不知數,Chinese
thivien_Nguyễn-Du_Thương-Ngô-Trúc-chi-ca-kỳ-02_raw.html,滿江齊發棹哥聲,Chinese
thivien_Nguyễn-Du_Triệu-Vũ-Đế-cố-cảnh_raw.html,暴楚強秦相繼誅,Chinese
thivien_Nguyễn-Du_Triệu-Vũ-Đế-cố-cảnh_raw.html,自娛儘可稱皇帝,Chinese
thivien_Nguyễn-Du_Triệu-Vũ-Đế-cố-cảnh_raw.html,樂善還能屈豎儒,Chinese
thivien_Nguyễn-Du_Triệu-Vũ-Đế-cố-cảnh_raw.html,百尺高臺傾嶺表,Chinese
thivien_Nguyễn-Du_Triệu-Vũ-Đế-cố-cảnh_raw.html,千年古墓沒番禺,Chinese
thivien_Nguyễn-Du_Tô-Tần-đình-kỳ-1_raw.html,趙臺抵掌吐虹霓,Chinese
thivien_Nguyễn-Du_Tô-Tần-đình-kỳ-1_raw.html,縱橫自可愚庸主,Chinese
thivien_Nguyễn-Du_Tô-Tần-đình-kỳ-1_raw.html,富貴還能倨寡妻,Chinese
thivien_Nguyễn-Du_Tô-Tần-đình-kỳ-1_raw.html,六國印銷沙漠漠,Chinese
thivien_Nguyễn-Du_Tô-Tần-đình-kỳ-1_raw.html,一亭秋暮草萋萋,Chinese
thivien_Nguyễn-Du_Tô-Tần-đình-kỳ-1_raw.html,今古誰能破此迷,Chinese
thivien_Nguyễn-Du_Tạp-ngâm-kỳ-1_raw.html,秋聲一夜渡藍河,Chinese
thivien_Nguyễn-Du_Tạp-ngâm-kỳ-1_raw.html,萬里西風來白髮,Chinese
thivien_Nguyễn-Du_Tạp-ngâm-kỳ-1_raw.html,一窗秋色在黃花,Chinese
thivien_Nguyễn-Du_Tạp-ngâm-kỳ-1_raw.html,百年哀樂何時了,Chinese
thivien_Nguyễn-Du_Tạp-ngâm-kỳ-1_raw.html,庭植孤松高百尺,Chinese
thivien_Nguyễn-Du_Tạp-ngâm-kỳ-1_raw.html,不知青帝奈人何,Chinese
thivien_Nguyễn-Du_Vọng-Quan-Âm-miếu_raw.html,代盡松枝墜鶴胎,Chinese
thivien_Nguyễn-Du_Vọng-Quan-Âm-miếu_raw.html,停雲處處僧眠定,Chinese
thivien_Nguyễn-Du_Vọng-Quan-Âm-miếu_raw.html,落口山山猿咡哀,Chinese
thivien_Nguyễn-Du_Vọng-Quan-Âm-miếu_raw.html,一炷檀香消慧業,Chinese
thivien_Nguyễn-Du_Vọng-Quan-Âm-miếu_raw.html,回頭已隔萬重崖,Chinese
thivien_Nguyễn-Du_Xuân-dạ_raw.html,小窗開處柳陰陰,Chinese
thivien_Nguyễn-Du_Xuân-dạ_raw.html,江湖病到經時久,Chinese
thivien_Nguyễn-Du_Xuân-dạ_raw.html,風雨春隨一夜深,Chinese
thivien_Nguyễn-Du_Xuân-dạ_raw.html,家鄉千里月中心,Chinese
thivien_Nguyễn-Du_Xuân-dạ_raw.html,南臺村外龍江水,Chinese
thivien_Nguyễn-Du_Xuân-dạ_raw.html,一片寒聲送古今,Chinese
thivien_Nguyễn-Du_Á-Phụ-mộ_raw.html,眼看霸上五雲浮,Chinese
thivien_Nguyễn-Du_Á-Phụ-mộ_raw.html,汲汲方圖一擊謀,Chinese
thivien_Nguyễn-Du_Á-Phụ-mộ_raw.html,但得此心無負楚,Chinese
thivien_Nguyễn-Du_Á-Phụ-mộ_raw.html,不知天命已歸劉,Chinese
thivien_Nguyễn-Du_Á-Phụ-mộ_raw.html,伯圖泯滅千年後,Chinese
thivien_Nguyễn-Du_Á-Phụ-mộ_raw.html,多少一心忠所事,Chinese
thivien_Nguyễn-Du_Á-Phụ-mộ_raw.html,每為天下笑其愚,Chinese
thivien_Nguyễn-Du_Đề-Đại-Than-Mã-Phục-Ba-miếu_raw.html,鑿通嶺道定炎墟,Chinese
thivien_Nguyễn-Du_Đề-Đại-Than-Mã-Phục-Ba-miếu_raw.html,蓋世功名在史書,Chinese
thivien_Nguyễn-Du_Đề-Đại-Than-Mã-Phục-Ba-miếu_raw.html,向老大年矜钁鑠,Chinese
thivien_Nguyễn-Du_Đề-Đại-Than-Mã-Phục-Ba-miếu_raw.html,除衣食外盡贏餘,Chinese
thivien_Nguyễn-Du_Đề-Đại-Than-Mã-Phục-Ba-miếu_raw.html,大灘風浪留前烈,Chinese
thivien_Nguyễn-Du_Đề-Đại-Than-Mã-Phục-Ba-miếu_raw.html,古廟松杉隔故閭,Chinese
thivien_Nguyễn-Du_Đề-Đại-Than-Mã-Phục-Ba-miếu_raw.html,霪潭遺悔更何如,Chinese
thivien_Nguyễn-Duy-Hiệu_Lâm-hình-thời-tác-kỳ-1_raw.html,亞歐弗敵詎無知,Chinese
thivien_Nguyễn-Duy-Hiệu_Lâm-hình-thời-tác-kỳ-1_raw.html,事已到頭勢可爲,Chinese
thivien_Nguyễn-Duy-Hiệu_Lâm-hình-thời-tác-kỳ-1_raw.html,若使奸鋒無奥援,Chinese
thivien_Nguyễn-Duy-Hiệu_Lâm-hình-thời-tác-kỳ-1_raw.html,何難忠梃撻彊夷,Chinese
thivien_Nguyễn-Duy-Hiệu_Lâm-hình-thời-tác-kỳ-1_raw.html,寒山幾得孤松伴,Chinese
thivien_Nguyễn-Duy-Hiệu_Lâm-hình-thời-tác-kỳ-1_raw.html,大廈安能一木搘,Chinese
thivien_Nguyễn-Duy-Hiệu_Lâm-hình-thời-tác-kỳ-1_raw.html,好把丹心朝列聖,Chinese
thivien_Nguyễn-Duy-Hiệu_Lâm-hình-thời-tác-kỳ-1_raw.html,中秋明月與吾歸,Chinese
thivien_Nguyễn-Duy-Thì_Bành-Thành-hoài-cổ-hoạ-Chánh-sứ-Nguyễn-Phác-Phủ-vận_raw.html,春日彭城駐使軺,Chinese
thivien_Nguyễn-Duy-Thì_Bành-Thành-hoài-cổ-hoạ-Chánh-sứ-Nguyễn-Phác-Phủ-vận_raw.html,翩然感古憶前朝,Chinese
thivien_Nguyễn-Duy-Thì_Bành-Thành-hoài-cổ-hoạ-Chánh-sứ-Nguyễn-Phác-Phủ-vận_raw.html,漢家開創功何易,Chinese
thivien_Nguyễn-Duy-Thì_Bành-Thành-hoài-cổ-hoạ-Chánh-sứ-Nguyễn-Phác-Phủ-vận_raw.html,楚幛悲歌恨未消,Chinese
thivien_Nguyễn-Duy-Thì_Bành-Thành-hoài-cổ-hoạ-Chánh-sứ-Nguyễn-Phác-Phủ-vận_raw.html,勝負有因天曷故,Chinese
thivien_Nguyễn-Duy-Thì_Bành-Thành-hoài-cổ-hoạ-Chánh-sứ-Nguyễn-Phác-Phủ-vận_raw.html,變遷幾歷歲之朝,Chinese
thivien_Nguyễn-Duy-Thì_Bành-Thành-hoài-cổ-hoạ-Chánh-sứ-Nguyễn-Phác-Phủ-vận_raw.html,千秋祠廟刘猶項,Chinese
thivien_Nguyễn-Duy-Thì_Bành-Thành-hoài-cổ-hoạ-Chánh-sứ-Nguyễn-Phác-Phủ-vận_raw.html,仁暴能無判壤霄,Chinese
thivien_Nguyễn-Dữ_Sơn-vân-sơn-nguyệt-Nghĩ-tăng-Vô-Dĩ-dữ-Hàn-Than-ngâm-vịnh-Lệ-Kỳ-sơn-cảnh_raw.html,隱隱林稍迥,Chinese
thivien_Nguyễn-Dữ_Sơn-vân-sơn-nguyệt-Nghĩ-tăng-Vô-Dĩ-dữ-Hàn-Than-ngâm-vịnh-Lệ-Kỳ-sơn-cảnh_raw.html,連空灝氣浮,Chinese
thivien_Nguyễn-Dữ_Sơn-vân-sơn-nguyệt-Nghĩ-tăng-Vô-Dĩ-dữ-Hàn-Than-ngâm-vịnh-Lệ-Kỳ-sơn-cảnh_raw.html,銜山銀鏡缺,Chinese
thivien_Nguyễn-Dữ_Sơn-vân-sơn-nguyệt-Nghĩ-tăng-Vô-Dĩ-dữ-Hàn-Than-ngâm-vịnh-Lệ-Kỳ-sơn-cảnh_raw.html,隔霧玉盆收,Chinese
thivien_Nguyễn-Dữ_Sơn-vân-sơn-nguyệt-Nghĩ-tăng-Vô-Dĩ-dữ-Hàn-Than-ngâm-vịnh-Lệ-Kỳ-sơn-cảnh_raw.html,影落松關靜,Chinese
thivien_Nguyễn-Dữ_Sơn-vân-sơn-nguyệt-Nghĩ-tăng-Vô-Dĩ-dữ-Hàn-Than-ngâm-vịnh-Lệ-Kỳ-sơn-cảnh_raw.html,涼回竹院幽,Chinese
thivien_Nguyễn-Dữ_Sơn-vân-sơn-nguyệt-Nghĩ-tăng-Vô-Dĩ-dữ-Hàn-Than-ngâm-vịnh-Lệ-Kỳ-sơn-cảnh_raw.html,清光隨處有,Chinese
thivien_Nguyễn-Dữ_Sơn-vân-sơn-nguyệt-Nghĩ-tăng-Vô-Dĩ-dữ-Hàn-Than-ngâm-vịnh-Lệ-Kỳ-sơn-cảnh_raw.html,何必上南樓,Chinese
thivien_Nguyễn-Húc_Du-Trung-Tiết-am_raw.html,山路逢僧似有期,Chinese
thivien_Nguyễn-Húc_Du-Trung-Tiết-am_raw.html,坐移花影上人衣,Chinese
thivien_Nguyễn-Húc_Du-Trung-Tiết-am_raw.html,帶得全村暝色歸,Chinese
thivien_Nguyễn-Hữu-Cương_Cúc_raw.html,眾卉全蕭落,Chinese
thivien_Nguyễn-Hữu-Cương_Cúc_raw.html,芳叢獨發揮,Chinese
thivien_Nguyễn-Hữu-Cương_Cúc_raw.html,貞心霜共白,Chinese
thivien_Nguyễn-Hữu-Cương_Cúc_raw.html,高與月爲期,Chinese
thivien_Nguyễn-Hữu-Cương_Hà_raw.html,夏月正徂暑,Chinese
thivien_Nguyễn-Hữu-Cương_Hà_raw.html,遙溪不斷芬,Chinese
thivien_Nguyễn-Hữu-Cương_Hà_raw.html,南風解民慍,Chinese
thivien_Nguyễn-Hữu-Cương_Hà_raw.html,爲助五弦薰,Chinese
thivien_Nguyễn-Khuyến_Giác-tự-thần-chung_raw.html,煙深露重樹無風,Chinese
thivien_Nguyễn-Khuyến_Giác-tự-thần-chung_raw.html,餘嚮遙傳雲棟外,Chinese
thivien_Nguyễn-Khuyến_Giác-tự-thần-chung_raw.html,寒聲半滯雪花中,Chinese
thivien_Nguyễn-Khuyến_Giác-tự-thần-chung_raw.html,戍樓刁鬥三更靜,Chinese
thivien_Nguyễn-Khuyến_Giác-tự-thần-chung_raw.html,紫陌塵埃一點空,Chinese
thivien_Nguyễn-Khuyến_Giác-tự-thần-chung_raw.html,這裡惺惺還問主,Chinese
thivien_Nguyễn-Khuyến_Giác-tự-thần-chung_raw.html,難將底意話僧翁,Chinese
thivien_Nguyễn-Khuyến_Giả-sơn-ngâm_raw.html,海上假山何處來聞之出自烏柏臺,Chinese
thivien_Nguyễn-Khuyến_Giả-sơn-ngâm_raw.html,至今山木甚苯䔿至今山石俱莓苔,Chinese
thivien_Nguyễn-Khuyến_Giả-sơn-ngâm_raw.html,翁之年以九十二日與此山將徘徊,Chinese
thivien_Nguyễn-Khuyến_Giả-sơn-ngâm_raw.html,一朝雲間乘鶴去此山委翳乎蒿萊子孫欲向富家賣,Chinese
thivien_Nguyễn-Khuyến_Giả-sơn-ngâm_raw.html,富家不嗜真可哀,Chinese
thivien_Nguyễn-Khuyến_Giả-sơn-ngâm_raw.html,忽然此山望望至排之睨視無不佳休翁之失休翁得,Chinese
thivien_Nguyễn-Khuyến_Giả-sơn-ngâm_raw.html,山海運會亦奇哉,Chinese
thivien_Nguyễn-Khuyến_Hỉ-vũ-kỳ-2_raw.html,西風不雨雨之何,Chinese
thivien_Nguyễn-Khuyến_Hỉ-vũ-kỳ-2_raw.html,苦熱披襟當地籟,Chinese
thivien_Nguyễn-Khuyến_Hỉ-vũ-kỳ-2_raw.html,愛涼承霤掬天和,Chinese
thivien_Nguyễn-Khuyến_Hỉ-vũ-kỳ-2_raw.html,忽忽山林無宿疴,Chinese
thivien_Nguyễn-Khuyến_Hỉ-vũ-kỳ-2_raw.html,田僕歸來道禾好,Chinese
thivien_Nguyễn-Khuyến_Ký-môn-đệ-Mai-Khê-tú-tài-Hoàng-Mạnh-Trí_raw.html,憶昔與君遊西湖,Chinese
thivien_Nguyễn-Khuyến_Ký-môn-đệ-Mai-Khê-tú-tài-Hoàng-Mạnh-Trí_raw.html,風景至今無乃殊,Chinese
thivien_Nguyễn-Khuyến_Ký-môn-đệ-Mai-Khê-tú-tài-Hoàng-Mạnh-Trí_raw.html,茅屋地天音問少,Chinese
thivien_Nguyễn-Khuyến_Ký-môn-đệ-Mai-Khê-tú-tài-Hoàng-Mạnh-Trí_raw.html,殘年病久性情孤,Chinese
thivien_Nguyễn-Khuyến_Ký-môn-đệ-Mai-Khê-tú-tài-Hoàng-Mạnh-Trí_raw.html,鏡中鼎鼎頭將鶴,Chinese
thivien_Nguyễn-Khuyến_Ký-môn-đệ-Mai-Khê-tú-tài-Hoàng-Mạnh-Trí_raw.html,夢裡翩翩翅似蝴,Chinese
thivien_Nguyễn-Khuyến_Ký-môn-đệ-Mai-Khê-tú-tài-Hoàng-Mạnh-Trí_raw.html,撲余三斗俗塵無,Chinese
thivien_Nguyễn-Khuyến_Ký-song-hữu-Lang-Xá-Lê-ông_raw.html,老來同作亂離人,Chinese
thivien_Nguyễn-Khuyến_Ký-song-hữu-Lang-Xá-Lê-ông_raw.html,墻壁未修君患盜,Chinese
thivien_Nguyễn-Khuyến_Ký-song-hữu-Lang-Xá-Lê-ông_raw.html,饔餐不給我憂貧,Chinese
thivien_Nguyễn-Khuyến_Ký-song-hữu-Lang-Xá-Lê-ông_raw.html,所以獨憐彭澤宰,Chinese
thivien_Nguyễn-Khuyến_Ký-song-hữu-Lang-Xá-Lê-ông_raw.html,北窗醉臥夢魂春,Chinese
thivien_Nguyễn-Khuyến_Lão-sơn_raw.html,我州一山是安老蔥蔥鬱鬱何鮮好,Chinese
thivien_Nguyễn-Khuyến_Lão-sơn_raw.html,我曾歷過萬重山卻怪不過此山道此山與我最相鄰曉翠昏陰入戶頻,Chinese
thivien_Nguyễn-Khuyến_Lão-sơn_raw.html,山近我無頃刻步我歸山迎半日路,Chinese
thivien_Nguyễn-Khuyến_Lão-sơn_raw.html,宛若相憐不相忤春前各老阮龐齡訪我約我此山行,Chinese
thivien_Nguyễn-Khuyến_Lão-sơn_raw.html,我久衰病逸興少何以對此油然生近聞山溪漸茅塞勉強扶筇且一陟,Chinese
thivien_Nguyễn-Khuyến_Lão-sơn_raw.html,山名安老老者安或者晚年兩相得,Chinese
thivien_Nguyễn-Khuyến_Mạn-ngâm_raw.html,上溯鴻荒混沌初,Chinese
thivien_Nguyễn-Khuyến_Mạn-ngâm_raw.html,鴻荒之後是誰歟,Chinese
thivien_Nguyễn-Khuyến_Mạn-ngâm_raw.html,隆污世運當何極,Chinese
thivien_Nguyễn-Khuyến_Mạn-ngâm_raw.html,厚薄人情漸不如,Chinese
thivien_Nguyễn-Khuyến_Mạn-ngâm_raw.html,開闢以來天或老,Chinese
thivien_Nguyễn-Khuyến_Mạn-ngâm_raw.html,垓埏之外地應除,Chinese
thivien_Nguyễn-Khuyến_Mạn-ngâm_raw.html,若知古後無窮事,Chinese
thivien_Nguyễn-Khuyến_Mạn-ngâm_raw.html,合補瀛寰不盡書,Chinese
thivien_Nguyễn-Khuyến_Ngẫu-thành-kỳ-1_raw.html,睡起江山望未真,Chinese
thivien_Nguyễn-Khuyến_Ngẫu-thành-kỳ-1_raw.html,曚曨病眼淚沾巾,Chinese
thivien_Nguyễn-Khuyến_Ngẫu-thành-kỳ-1_raw.html,黃粱一枕夢復夢,Chinese
thivien_Nguyễn-Khuyến_Ngẫu-thành-kỳ-1_raw.html,天外雲衣多化狗,Chinese
thivien_Nguyễn-Khuyến_Ngẫu-thành-kỳ-1_raw.html,窗前竹影每疑人,Chinese
thivien_Nguyễn-Khuyến_Ngẫu-thành-kỳ-1_raw.html,逍遙獨羨凌風笛,Chinese
thivien_Nguyễn-Khuyến_Nhật-mộ-Thái-giang-hành-chu_raw.html,參差雲樹上樓臺,Chinese
thivien_Nguyễn-Khuyến_Nhật-mộ-Thái-giang-hành-chu_raw.html,繚繞平橋四面開,Chinese
thivien_Nguyễn-Khuyến_Nhật-mộ-Thái-giang-hành-chu_raw.html,一寺鐘疏斜照盡,Chinese
thivien_Nguyễn-Khuyến_Nhật-mộ-Thái-giang-hành-chu_raw.html,半江棹急好風迴,Chinese
thivien_Nguyễn-Khuyến_Nhật-mộ-Thái-giang-hành-chu_raw.html,岸垂綠竹影逾碧,Chinese
thivien_Nguyễn-Khuyến_Nhật-mộ-Thái-giang-hành-chu_raw.html,假使披觴聽法曲,Chinese
thivien_Nguyễn-Khuyến_Nhật-mộ-Thái-giang-hành-chu_raw.html,此身應是到蓬萊,Chinese
thivien_Nguyễn-Khuyến_Sẩn-thuỷ-tiên_raw.html,春殘擲地爾無緣,Chinese
thivien_Nguyễn-Khuyến_Sẩn-thuỷ-tiên_raw.html,今水仙非昔水仙,Chinese
thivien_Nguyễn-Khuyến_Sẩn-thuỷ-tiên_raw.html,不解從何錫爾類,Chinese
thivien_Nguyễn-Khuyến_Sẩn-thuỷ-tiên_raw.html,算來卻是騙人錢,Chinese
thivien_Nguyễn-Khuyến_Sẩn-thuỷ-tiên_raw.html,護持賸有花堪賞,Chinese
thivien_Nguyễn-Khuyến_Sẩn-thuỷ-tiên_raw.html,剪削元無葉可穿,Chinese
thivien_Nguyễn-Khuyến_Sẩn-thuỷ-tiên_raw.html,獨立乃奇梅瘦甚,Chinese
thivien_Nguyễn-Khuyến_Thư-đường-cảm-thị_raw.html,強將書籍教兒曹,Chinese
thivien_Nguyễn-Khuyến_Thư-đường-cảm-thị_raw.html,縱為爭名也失操,Chinese
thivien_Nguyễn-Khuyến_Thư-đường-cảm-thị_raw.html,舊學至金猶爾爾,Chinese
thivien_Nguyễn-Khuyến_Thư-đường-cảm-thị_raw.html,皇天未果斯文喪,Chinese
thivien_Nguyễn-Khuyến_Văn_raw.html,我醉方求睡,Chinese
thivien_Nguyễn-Khuyến_Văn_raw.html,聚蚊呼我起舉扇驅復來,Chinese
thivien_Nguyễn-Khuyến_Văn_raw.html,我枕爾何仇我衾爾何忌,Chinese
thivien_Nguyễn-Khuyến_Văn_raw.html,爾我不相干,Chinese
thivien_Nguyễn-Khuyến_Văn_raw.html,相厄胡乃爾,Chinese
thivien_Nguyễn-Khuyến_Vịnh-cúc-kỳ-1_raw.html,春前桃李漫紛紛,Chinese
thivien_Nguyễn-Khuyến_Vịnh-cúc-kỳ-1_raw.html,垢葉蒼莖了不聞,Chinese
thivien_Nguyễn-Khuyến_Vịnh-cúc-kỳ-1_raw.html,苦節若為安素分,Chinese
thivien_Nguyễn-Khuyến_Vịnh-cúc-kỳ-1_raw.html,窮秋然後見清芬,Chinese
thivien_Nguyễn-Khuyến_Vịnh-cúc-kỳ-1_raw.html,暗憐老圃應如是,Chinese
thivien_Nguyễn-Khuyến_Vịnh-cúc-kỳ-1_raw.html,獨立西風孰與群,Chinese
thivien_Nguyễn-Khuyến_Vịnh-cúc-kỳ-1_raw.html,高潔貞心非易得,Chinese
thivien_Nguyễn-Khuyến_Vịnh-cúc-kỳ-1_raw.html,陶潛歸去始知君,Chinese
thivien_Nguyễn-Khuyến_Xuân-nhật-thị-chư-nhi-kỳ-2_raw.html,汝父風塵鬢漸斑,Chinese
thivien_Nguyễn-Khuyến_Xuân-nhật-thị-chư-nhi-kỳ-2_raw.html,倍覺詩書世業難,Chinese
thivien_Nguyễn-Khuyến_Xuân-nhật-thị-chư-nhi-kỳ-2_raw.html,學海要宜防氾溢,Chinese
thivien_Nguyễn-Khuyến_Xuân-nhật-thị-chư-nhi-kỳ-2_raw.html,儒家慎勿厭饑寒,Chinese
thivien_Nguyễn-Khuyến_Xuân-nhật-thị-chư-nhi-kỳ-2_raw.html,關山遠跡心仍近,Chinese
thivien_Nguyễn-Khuyến_Xuân-nhật-thị-chư-nhi-kỳ-2_raw.html,寄汝燈前仔細看,Chinese
thivien_Nguyễn-Khuyến_Xuân-nhật-thị-gia-nhi_raw.html,頹乎毛髮漸鬖鬖,Chinese
thivien_Nguyễn-Khuyến_Xuân-nhật-thị-gia-nhi_raw.html,不覺年登五十三,Chinese
thivien_Nguyễn-Khuyến_Xuân-nhật-thị-gia-nhi_raw.html,當世詩書何所用,Chinese
thivien_Nguyễn-Khuyến_Xuân-nhật-thị-gia-nhi_raw.html,老來冠帶尚多慚,Chinese
thivien_Nguyễn-Khuyến_Xuân-nhật-thị-gia-nhi_raw.html,亂離春色真無賴,Chinese
thivien_Nguyễn-Khuyến_Xuân-nhật-thị-gia-nhi_raw.html,憂苦人情總不堪,Chinese
thivien_Nguyễn-Khuyến_Xuân-nhật-thị-gia-nhi_raw.html,對此光陰何以慰,Chinese
thivien_Nguyễn-Khuyến_Xuân-nhật-thị-gia-nhi_raw.html,諸兒猶自酒歌酣,Chinese
thivien_Nguyễn-Kỳ_Đỉnh-Minh-tự_raw.html,黎公夫婦至羅鄉,Chinese
thivien_Nguyễn-Kỳ_Đỉnh-Minh-tự_raw.html,祠寺因為賴以彰,Chinese
thivien_Nguyễn-Kỳ_Đỉnh-Minh-tự_raw.html,昭聖設齋消父恨,Chinese
thivien_Nguyễn-Kỳ_Đỉnh-Minh-tự_raw.html,輔陳又幸得妻良,Chinese
thivien_Nguyễn-Kỳ_Đỉnh-Minh-tự_raw.html,五年此處多功德,Chinese
thivien_Nguyễn-Kỳ_Đỉnh-Minh-tự_raw.html,鼎已飛天誰識事,Chinese
thivien_Nguyễn-Kỳ_Đỉnh-Minh-tự_raw.html,惟留傾屋對斜陽,Chinese
thivien_Nguyễn-Phi-Khanh_Ngẫu-tác_raw.html,自詫平生履素絲,Chinese
thivien_Nguyễn-Phi-Khanh_Ngẫu-tác_raw.html,文章無分敢論時,Chinese
thivien_Nguyễn-Phi-Khanh_Ngẫu-tác_raw.html,展禽焉往非三黜,Chinese
thivien_Nguyễn-Phi-Khanh_Ngẫu-tác_raw.html,章子誰云惰四肢,Chinese
thivien_Nguyễn-Phi-Khanh_Ngẫu-tác_raw.html,老即田園真事業,Chinese
thivien_Nguyễn-Phi-Khanh_Ngẫu-tác_raw.html,心無暮夜愧妻兒,Chinese
thivien_Nguyễn-Phi-Khanh_Ngẫu-tác_raw.html,乾坤形著皆吾道,Chinese
thivien_Nguyễn-Phi-Khanh_Ngẫu-tác_raw.html,飛躍高深可遂宜,Chinese
thivien_Nguyễn-Phi-Khanh_Phụng-chiếu-Trường-An-đạo-trung-tác_raw.html,武林一帶碧迢迢,Chinese
thivien_Nguyễn-Phi-Khanh_Phụng-chiếu-Trường-An-đạo-trung-tác_raw.html,王事寧辭跋涉遙,Chinese
thivien_Nguyễn-Phi-Khanh_Phụng-chiếu-Trường-An-đạo-trung-tác_raw.html,山館宿晴煙樹合,Chinese
thivien_Nguyễn-Phi-Khanh_Phụng-chiếu-Trường-An-đạo-trung-tác_raw.html,郡庭薄暖雪花消,Chinese
thivien_Nguyễn-Phi-Khanh_Phụng-chiếu-Trường-An-đạo-trung-tác_raw.html,武夫感泣觀唐詔,Chinese
thivien_Nguyễn-Phi-Khanh_Phụng-chiếu-Trường-An-đạo-trung-tác_raw.html,父老扶藜聽漢朝,Chinese
thivien_Nguyễn-Phi-Khanh_Phụng-chiếu-Trường-An-đạo-trung-tác_raw.html,願揚皇化憺天驕,Chinese
thivien_Nguyễn-Phi-Khanh_Thu-dạ-lưu-biệt-Hồng-Châu-kiểm-chính_raw.html,歸夢蕊溪北,Chinese
thivien_Nguyễn-Phi-Khanh_Thu-dạ-lưu-biệt-Hồng-Châu-kiểm-chính_raw.html,故人槐府邊,Chinese
thivien_Nguyễn-Phi-Khanh_Thu-dạ-lưu-biệt-Hồng-Châu-kiểm-chính_raw.html,清霜和別袂,Chinese
thivien_Nguyễn-Phi-Khanh_Thu-dạ-lưu-biệt-Hồng-Châu-kiểm-chính_raw.html,紅日上吟鞭,Chinese
thivien_Nguyễn-Phi-Khanh_Thu-dạ-lưu-biệt-Hồng-Châu-kiểm-chính_raw.html,新詩割淚傳,Chinese
thivien_Nguyễn-Phi-Khanh_Thu-dạ-lưu-biệt-Hồng-Châu-kiểm-chính_raw.html,共醉桂花天,Chinese
thivien_Nguyễn-Phi-Khanh_Xuân-hàn_raw.html,凝雲漠漠霧沈沈,Chinese
thivien_Nguyễn-Phi-Khanh_Xuân-hàn_raw.html,釀作餘寒十日陰,Chinese
thivien_Nguyễn-Phi-Khanh_Xuân-hàn_raw.html,帶雨有痕粘樹絮,Chinese
thivien_Nguyễn-Phi-Khanh_Xuân-hàn_raw.html,傷春無語隔花禽,Chinese
thivien_Nguyễn-Phi-Khanh_Xuân-hàn_raw.html,書齋寂寂惟高枕,Chinese
thivien_Nguyễn-Phi-Khanh_Xuân-hàn_raw.html,世事悠悠正抱衾,Chinese
thivien_Nguyễn-Phi-Khanh_Xuân-hàn_raw.html,和風噓遍九州心,Chinese
thivien_Nguyễn-Phi-Khanh_Đông-Ngàn-xuân-mộng_raw.html,霏霏江雨暗前門,Chinese
thivien_Nguyễn-Phi-Khanh_Đông-Ngàn-xuân-mộng_raw.html,耳邊斷送春歸去,Chinese
thivien_Nguyễn-Phi-Khanh_Đông-Ngàn-xuân-mộng_raw.html,萬綠叢中杜宇魂,Chinese
thivien_Nguyễn-Phúc-Hồng-Vịnh_Chiêu-đệ-điệt-bối-yến-tập-Tiểu-Thuý-Vân-Sơn-chi-sào-kỳ-1_raw.html,臘尾烟花敞草堂,Chinese
thivien_Nguyễn-Phúc-Hồng-Vịnh_Chiêu-đệ-điệt-bối-yến-tập-Tiểu-Thuý-Vân-Sơn-chi-sào-kỳ-1_raw.html,道南道北赴諸郎,Chinese
thivien_Nguyễn-Phúc-Hồng-Vịnh_Chiêu-đệ-điệt-bối-yến-tập-Tiểu-Thuý-Vân-Sơn-chi-sào-kỳ-1_raw.html,談源傾倒誰稱最,Chinese
thivien_Nguyễn-Phúc-Hồng-Vịnh_Chiêu-đệ-điệt-bối-yến-tập-Tiểu-Thuý-Vân-Sơn-chi-sào-kỳ-1_raw.html,筆陣縱橫各擅長,Chinese
thivien_Nguyễn-Phúc-Hồng-Vịnh_Chiêu-đệ-điệt-bối-yến-tập-Tiểu-Thuý-Vân-Sơn-chi-sào-kỳ-1_raw.html,吟床差慰是黃香,Chinese
thivien_Nguyễn-Phúc-Hồng-Vịnh_Chiêu-đệ-điệt-bối-yến-tập-Tiểu-Thuý-Vân-Sơn-chi-sào-kỳ-1_raw.html,田荊老悟情尤切,Chinese
thivien_Nguyễn-Phúc-Hồng-Vịnh_Chiêu-đệ-điệt-bối-yến-tập-Tiểu-Thuý-Vân-Sơn-chi-sào-kỳ-1_raw.html,衡宇相望日頡頏,Chinese
thivien_Nguyễn-Phúc-Ưng-Bình_Bính-Tý-hạ-phỏng-Từ-Quang-tự-thượng-nhân-bất-ngộ_raw.html,郊邨日暮叩禪關,Chinese
thivien_Nguyễn-Phúc-Ưng-Bình_Bính-Tý-hạ-phỏng-Từ-Quang-tự-thượng-nhân-bất-ngộ_raw.html,鞵笠高僧尚未還,Chinese
thivien_Nguyễn-Phúc-Ưng-Bình_Bính-Tý-hạ-phỏng-Từ-Quang-tự-thượng-nhân-bất-ngộ_raw.html,欲畫琵琶空壁去,Chinese
thivien_Nguyễn-Phúc-Ưng-Bình_Bính-Tý-hạ-phỏng-Từ-Quang-tự-thượng-nhân-bất-ngộ_raw.html,恐成靈物鬧名山,Chinese
thivien_Nguyễn-Phúc-Ưng-Bình_Giáp-Tuất-cửu-nguyệt-giai-thi-hữu-sơn-du-hựu-phỏng-Tra-Am-hoạ-thượng-thư-Quất-Đình-tiên-sinh-xướng_raw.html,山水有情應共賞,Chinese
thivien_Nguyễn-Phúc-Ưng-Bình_Giáp-Tuất-cửu-nguyệt-giai-thi-hữu-sơn-du-hựu-phỏng-Tra-Am-hoạ-thượng-thư-Quất-Đình-tiên-sinh-xướng_raw.html,文章無價亦非廉,Chinese
thivien_Nguyễn-Phúc-Ưng-Bình_Giáp-Tuất-cửu-nguyệt-giai-thi-hữu-sơn-du-hựu-phỏng-Tra-Am-hoạ-thượng-thư-Quất-Đình-tiên-sinh-xướng_raw.html,風來五嶽鳴松浪,Chinese
thivien_Nguyễn-Phúc-Ưng-Bình_Giáp-Tuất-cửu-nguyệt-giai-thi-hữu-sơn-du-hựu-phỏng-Tra-Am-hoạ-thượng-thư-Quất-Đình-tiên-sinh-xướng_raw.html,秋入空門冷竹簷,Chinese
thivien_Nguyễn-Phúc-Ưng-Bình_Giáp-Tuất-cửu-nguyệt-giai-thi-hữu-sơn-du-hựu-phỏng-Tra-Am-hoạ-thượng-thư-Quất-Đình-tiên-sinh-xướng_raw.html,此日登高多伴侶,Chinese
thivien_Nguyễn-Phúc-Ưng-Bình_Giáp-Tuất-cửu-nguyệt-giai-thi-hữu-sơn-du-hựu-phỏng-Tra-Am-hoạ-thượng-thư-Quất-Đình-tiên-sinh-xướng_raw.html,菊杯既醉又頻添,Chinese
thivien_Nguyễn-Phúc-Ưng-Bình_Hoạ-Chu-Khanh-Phạm-tiên-sinh-ký-hoài-nguyên-vận_raw.html,知君昨夜酒杯歡,Chinese
thivien_Nguyễn-Phúc-Ưng-Bình_Hoạ-Chu-Khanh-Phạm-tiên-sinh-ký-hoài-nguyên-vận_raw.html,江波滾滾未能航,Chinese
thivien_Nguyễn-Phúc-Ưng-Bình_Hoạ-Chu-Khanh-Phạm-tiên-sinh-ký-hoài-nguyên-vận_raw.html,挑燈獨坐懷高士,Chinese
thivien_Nguyễn-Phúc-Ưng-Bình_Hoạ-Chu-Khanh-Phạm-tiên-sinh-ký-hoài-nguyên-vận_raw.html,把卷沈吟憶舊班,Chinese
thivien_Nguyễn-Phúc-Ưng-Bình_Hoạ-Chu-Khanh-Phạm-tiên-sinh-ký-hoài-nguyên-vận_raw.html,草草一篇聊寄語,Chinese
thivien_Nguyễn-Phúc-Ưng-Bình_Hoạ-Chu-Khanh-Phạm-tiên-sinh-ký-hoài-nguyên-vận_raw.html,汝南相遇更重刊,Chinese
thivien_Nguyễn-Phúc-Ưng-Bình_Hoạ-lang-trung-Mặc-Si-tiên-sinh-dạ-vũ-bất-mị-độc-báo_raw.html,蕉聲零落草簷低,Chinese
thivien_Nguyễn-Phúc-Ưng-Bình_Hoạ-lang-trung-Mặc-Si-tiên-sinh-dạ-vũ-bất-mị-độc-báo_raw.html,郎署燈前眼不迷,Chinese
thivien_Nguyễn-Phúc-Ưng-Bình_Hoạ-lang-trung-Mặc-Si-tiên-sinh-dạ-vũ-bất-mị-độc-báo_raw.html,沈吟又悵五更雞,Chinese
thivien_Nguyễn-Phúc-Ưng-Bình_Hoạ-lang-trung-Mặc-Si-tiên-sinh-dạ-vũ-bất-mị-độc-báo_raw.html,強鄰束手看蠻觸,Chinese
thivien_Nguyễn-Phúc-Ưng-Bình_Hoạ-lang-trung-Mặc-Si-tiên-sinh-dạ-vũ-bất-mị-độc-báo_raw.html,小國分心事楚齊,Chinese
thivien_Nguyễn-Phúc-Ưng-Bình_Hoạ-lang-trung-Mặc-Si-tiên-sinh-dạ-vũ-bất-mị-độc-báo_raw.html,莫愁風雨遍東西,Chinese
thivien_Nguyễn-Phúc-Ưng-Bình_Hoạ-đồng-thành-phủ-viện-đường-Mỹ-Đàm-khiếu-Tam-Lữ-tiên-sinh-khất-hồi-dưỡng-kha-lưu-giản-nguyên-vận_raw.html,賴公籌劑不咨嗟,Chinese
thivien_Nguyễn-Phúc-Ưng-Bình_Hoạ-đồng-thành-phủ-viện-đường-Mỹ-Đàm-khiếu-Tam-Lữ-tiên-sinh-khất-hồi-dưỡng-kha-lưu-giản-nguyên-vận_raw.html,三月三春菜色何,Chinese
thivien_Nguyễn-Phúc-Ưng-Bình_Hoạ-đồng-thành-phủ-viện-đường-Mỹ-Đàm-khiếu-Tam-Lữ-tiên-sinh-khất-hồi-dưỡng-kha-lưu-giản-nguyên-vận_raw.html,闔郡爭迎方伯節,Chinese
thivien_Nguyễn-Phúc-Ưng-Bình_Hoạ-đồng-thành-phủ-viện-đường-Mỹ-Đàm-khiếu-Tam-Lữ-tiên-sinh-khất-hồi-dưỡng-kha-lưu-giản-nguyên-vận_raw.html,群輿又挽寇君車,Chinese
thivien_Nguyễn-Phúc-Ưng-Bình_Hoạ-đồng-thành-phủ-viện-đường-Mỹ-Đàm-khiếu-Tam-Lữ-tiên-sinh-khất-hồi-dưỡng-kha-lưu-giản-nguyên-vận_raw.html,鍪山嵿上騰聲價,Chinese
thivien_Nguyễn-Phúc-Ưng-Bình_Hoạ-đồng-thành-phủ-viện-đường-Mỹ-Đàm-khiếu-Tam-Lữ-tiên-sinh-khất-hồi-dưỡng-kha-lưu-giản-nguyên-vận_raw.html,撫院䑓高燦衮花,Chinese
thivien_Nguyễn-Phúc-Ưng-Bình_Hoạ-đồng-thành-phủ-viện-đường-Mỹ-Đàm-khiếu-Tam-Lữ-tiên-sinh-khất-hồi-dưỡng-kha-lưu-giản-nguyên-vận_raw.html,一筆梅開云暫別,Chinese
thivien_Nguyễn-Phúc-Ưng-Bình_Hoạ-đồng-thành-phủ-viện-đường-Mỹ-Đàm-khiếu-Tam-Lữ-tiên-sinh-khất-hồi-dưỡng-kha-lưu-giản-nguyên-vận_raw.html,相逢孔望再經過,Chinese
thivien_Nguyễn-Phúc-Ưng-Bình_Khấp-Giao-Tiều-cố-hữu-hoạ-Minh-Châu-Trần-thị-lang-tiên-sinh-nguyên-vận_raw.html,箜篌臥引正酣歌,Chinese
thivien_Nguyễn-Phúc-Ưng-Bình_Khấp-Giao-Tiều-cố-hữu-hoạ-Minh-Châu-Trần-thị-lang-tiên-sinh-nguyên-vận_raw.html,羨君死去為仙鬼,Chinese
thivien_Nguyễn-Phúc-Ưng-Bình_Khấp-Giao-Tiều-cố-hữu-hoạ-Minh-Châu-Trần-thị-lang-tiên-sinh-nguyên-vận_raw.html,笑我生存作睡魔,Chinese
thivien_Nguyễn-Phúc-Ưng-Bình_Khấp-Giao-Tiều-cố-hữu-hoạ-Minh-Châu-Trần-thị-lang-tiên-sinh-nguyên-vận_raw.html,大夢如何今已矣,Chinese
thivien_Nguyễn-Phúc-Ưng-Bình_Khấp-Giao-Tiều-cố-hữu-hoạ-Minh-Châu-Trần-thị-lang-tiên-sinh-nguyên-vận_raw.html,斯人已矣柰如何,Chinese
thivien_Nguyễn-Phúc-Ưng-Bình_Khấp-Giao-Tiều-cố-hữu-hoạ-Minh-Châu-Trần-thị-lang-tiên-sinh-nguyên-vận_raw.html,花魁有淚能相弔,Chinese
thivien_Nguyễn-Phúc-Ưng-Bình_Khấp-Giao-Tiều-cố-hữu-hoạ-Minh-Châu-Trần-thị-lang-tiên-sinh-nguyên-vận_raw.html,休洒孤墳並種花,Chinese
thivien_Nguyễn-Phúc-Ưng-Bình_Quá-Giao-Tiều-cố-hữu-trạch-viên-hoạ-Minh-Châu-Trần-thị-lang-nguyên-vận_raw.html,一頃蔥田落小邨,Chinese
thivien_Nguyễn-Phúc-Ưng-Bình_Quá-Giao-Tiều-cố-hữu-trạch-viên-hoạ-Minh-Châu-Trần-thị-lang-nguyên-vận_raw.html,郊樵故友宅園門,Chinese
thivien_Nguyễn-Phúc-Ưng-Bình_Quá-Giao-Tiều-cố-hữu-trạch-viên-hoạ-Minh-Châu-Trần-thị-lang-nguyên-vận_raw.html,平生著述多名草,Chinese
thivien_Nguyễn-Phúc-Ưng-Bình_Quá-Giao-Tiều-cố-hữu-trạch-viên-hoạ-Minh-Châu-Trần-thị-lang-nguyên-vận_raw.html,與世浮沈少戲言,Chinese
thivien_Nguyễn-Phúc-Ưng-Bình_Quá-Giao-Tiều-cố-hữu-trạch-viên-hoạ-Minh-Châu-Trần-thị-lang-nguyên-vận_raw.html,車馬五陵今再訪,Chinese
thivien_Nguyễn-Phúc-Ưng-Bình_Quá-Giao-Tiều-cố-hữu-trạch-viên-hoạ-Minh-Châu-Trần-thị-lang-nguyên-vận_raw.html,鬼語驚人欲斷魂,Chinese
thivien_Nguyễn-Phúc-Ưng-Bình_Tài-hoa-thuyết-Giáp-Tuất-niên-thời-dư-ngũ-thập-bát-tuế_raw.html,久不吟詩不弄琴,Chinese
thivien_Nguyễn-Phúc-Ưng-Bình_Tài-hoa-thuyết-Giáp-Tuất-niên-thời-dư-ngũ-thập-bát-tuế_raw.html,卻教花事每關心,Chinese
thivien_Nguyễn-Phúc-Ưng-Bình_Tài-hoa-thuyết-Giáp-Tuất-niên-thời-dư-ngũ-thập-bát-tuế_raw.html,攀嬌攬嫩非年少,Chinese
thivien_Nguyễn-Phúc-Ưng-Bình_Tài-hoa-thuyết-Giáp-Tuất-niên-thời-dư-ngũ-thập-bát-tuế_raw.html,我最憐君塵夢遶,Chinese
thivien_Nguyễn-Phúc-Ưng-Bình_Tài-hoa-thuyết-Giáp-Tuất-niên-thời-dư-ngũ-thập-bát-tuế_raw.html,若煩草討封家檄,Chinese
thivien_Nguyễn-Phúc-Ưng-Bình_Tài-hoa-thuyết-Giáp-Tuất-niên-thời-dư-ngũ-thập-bát-tuế_raw.html,樽酒無須雪夜尋,Chinese
thivien_Nguyễn-Phúc-Ưng-Bình_Vô-đề-hồi-văn-thứ-Quất-Đình-tiên-sinh-thuận-nghịch-độc-toàn-văn_raw.html,逆,Chinese
thivien_Nguyễn-Phúc-Ưng-Bình_Vô-đề-hồi-văn-thứ-Quất-Đình-tiên-sinh-thuận-nghịch-độc-toàn-văn_raw.html,遲留我不恨更殘,Chinese
thivien_Nguyễn-Phúc-Ưng-Bình_Vô-đề-hồi-văn-thứ-Quất-Đình-tiên-sinh-thuận-nghịch-độc-toàn-văn_raw.html,坐席分明月上欄,Chinese
thivien_Nguyễn-Phúc-Ưng-Bình_Vô-đề-hồi-văn-thứ-Quất-Đình-tiên-sinh-thuận-nghịch-độc-toàn-văn_raw.html,垂霧夜螢飛點點,Chinese
thivien_Nguyễn-Phúc-Ưng-Bình_Vô-đề-hồi-văn-thứ-Quất-Đình-tiên-sinh-thuận-nghịch-độc-toàn-văn_raw.html,癡狂蝶枕香幃煖,Chinese
thivien_Nguyễn-Phúc-Ưng-Bình_Vô-đề-hồi-văn-thứ-Quất-Đình-tiên-sinh-thuận-nghịch-độc-toàn-văn_raw.html,語笑花窗綺院寒,Chinese
thivien_Nguyễn-Phúc-Ưng-Bình_Vô-đề-hồi-văn-thứ-Quất-Đình-tiên-sinh-thuận-nghịch-độc-toàn-văn_raw.html,詩和唱辰卿遶夢,Chinese
thivien_Nguyễn-Phúc-Ưng-Bình_Đinh-Sửu-hạ-ngũ-nguyệt-nhị-thập-vãn-giai-Hồ-Trai-Phạm-tiên-sinh-vãng-Quảng-Trị-phỏng-Phan-Kính-Chỉ_raw.html,火熾金烏影未斜,Chinese
thivien_Nguyễn-Phúc-Ưng-Bình_Đinh-Sửu-hạ-ngũ-nguyệt-nhị-thập-vãn-giai-Hồ-Trai-Phạm-tiên-sinh-vãng-Quảng-Trị-phỏng-Phan-Kính-Chỉ_raw.html,莫愁彈鋏出無車,Chinese
thivien_Nguyễn-Phúc-Ưng-Bình_Đinh-Sửu-hạ-ngũ-nguyệt-nhị-thập-vãn-giai-Hồ-Trai-Phạm-tiên-sinh-vãng-Quảng-Trị-phỏng-Phan-Kính-Chỉ_raw.html,招遊共挈胡齋手,Chinese
thivien_Nguyễn-Phúc-Ưng-Bình_Đinh-Sửu-hạ-ngũ-nguyệt-nhị-thập-vãn-giai-Hồ-Trai-Phạm-tiên-sinh-vãng-Quảng-Trị-phỏng-Phan-Kính-Chỉ_raw.html,訪舊重來敬止家,Chinese
thivien_Nguyễn-Phúc-Ưng-Bình_Đinh-Sửu-hạ-ngũ-nguyệt-nhị-thập-vãn-giai-Hồ-Trai-Phạm-tiên-sinh-vãng-Quảng-Trị-phỏng-Phan-Kính-Chỉ_raw.html,閨閣猶藏春日酒,Chinese
thivien_Nguyễn-Phúc-Ưng-Bình_Đinh-Sửu-hạ-ngũ-nguyệt-nhị-thập-vãn-giai-Hồ-Trai-Phạm-tiên-sinh-vãng-Quảng-Trị-phỏng-Phan-Kính-Chỉ_raw.html,梨園增種舊辰花,Chinese
thivien_Nguyễn-Phúc-Ưng-Bình_Đinh-Sửu-hạ-ngũ-nguyệt-nhị-thập-vãn-giai-Hồ-Trai-Phạm-tiên-sinh-vãng-Quảng-Trị-phỏng-Phan-Kính-Chỉ_raw.html,賞音又億何廉憲,Chinese
thivien_Nguyễn-Phúc-Ưng-Bình_Đinh-Sửu-hạ-ngũ-nguyệt-nhị-thập-vãn-giai-Hồ-Trai-Phạm-tiên-sinh-vãng-Quảng-Trị-phỏng-Phan-Kính-Chỉ_raw.html,遙望南樓思轉賖,Chinese
thivien_Nguyễn-Phúc-Ưng-Bình_Đông-thập-nguyệt-thập-tam-nhật-công-hạ-giai-thuộc-nha-tú-tài-Trần-Văn-Xước-kiểm-thảo-Mai-Khắc-Dĩ_raw.html,捍水吟舟縱自如,Chinese
thivien_Nguyễn-Phúc-Ưng-Bình_Đông-thập-nguyệt-thập-tam-nhật-công-hạ-giai-thuộc-nha-tú-tài-Trần-Văn-Xước-kiểm-thảo-Mai-Khắc-Dĩ_raw.html,輕風拂面且舒徐,Chinese
thivien_Nguyễn-Phúc-Ưng-Bình_Đông-thập-nguyệt-thập-tam-nhật-công-hạ-giai-thuộc-nha-tú-tài-Trần-Văn-Xước-kiểm-thảo-Mai-Khắc-Dĩ_raw.html,江上無波躍巨魚,Chinese
thivien_Nguyễn-Phúc-Ưng-Bình_Đông-thập-nguyệt-thập-tam-nhật-công-hạ-giai-thuộc-nha-tú-tài-Trần-Văn-Xước-kiểm-thảo-Mai-Khắc-Dĩ_raw.html,四野農人歌潤澤,Chinese
thivien_Nguyễn-Phúc-Ưng-Bình_Đông-thập-nguyệt-thập-tam-nhật-công-hạ-giai-thuộc-nha-tú-tài-Trần-Văn-Xước-kiểm-thảo-Mai-Khắc-Dĩ_raw.html,一腔瑞氣滿田廬,Chinese
thivien_Nguyễn-Phúc-Ưng-Bình_Đông-thập-nguyệt-thập-tam-nhật-công-hạ-giai-thuộc-nha-tú-tài-Trần-Văn-Xước-kiểm-thảo-Mai-Khắc-Dĩ_raw.html,插梅早寓尋春意,Chinese
thivien_Nguyễn-Phúc-Ưng-Bình_Đông-thập-nguyệt-thập-tam-nhật-công-hạ-giai-thuộc-nha-tú-tài-Trần-Văn-Xước-kiểm-thảo-Mai-Khắc-Dĩ_raw.html,我贈同人人贈余,Chinese
thivien_Nguyễn-Phúc-Ưng-Bình_Độc-Gia-Viên-phu-nhân-tháo-phỏng-Tuyết-Nham-ni-cô-giai-tác-hữu-cảm-bộ-vận-trình-chính_raw.html,趙閣吳臺已了然,Chinese
thivien_Nguyễn-Phúc-Ưng-Bình_Độc-Gia-Viên-phu-nhân-tháo-phỏng-Tuyết-Nham-ni-cô-giai-tác-hữu-cảm-bộ-vận-trình-chính_raw.html,長門不賦又歸禪,Chinese
thivien_Nguyễn-Phúc-Ưng-Bình_Độc-Gia-Viên-phu-nhân-tháo-phỏng-Tuyết-Nham-ni-cô-giai-tác-hữu-cảm-bộ-vận-trình-chính_raw.html,棲身蕭寺人將老,Chinese
thivien_Nguyễn-Phúc-Ưng-Bình_Độc-Gia-Viên-phu-nhân-tháo-phỏng-Tuyết-Nham-ni-cô-giai-tác-hữu-cảm-bộ-vận-trình-chính_raw.html,回首深宮事可憐,Chinese
thivien_Nguyễn-Phúc-Ưng-Bình_Độc-Gia-Viên-phu-nhân-tháo-phỏng-Tuyết-Nham-ni-cô-giai-tác-hữu-cảm-bộ-vận-trình-chính_raw.html,淮王雞犬悟微玄,Chinese
thivien_Nguyễn-Phúc-Ưng-Bình_Độc-Gia-Viên-phu-nhân-tháo-phỏng-Tuyết-Nham-ni-cô-giai-tác-hữu-cảm-bộ-vận-trình-chính_raw.html,兼頌詩家女史賢,Chinese
thivien_Nguyễn-Phúc-Ưng-Bình_Ất-Hợi-thu-sơ-tài-chính-bộ-trưởng-Hữu-Nguyên-Hồ-Đắc-Khải-tiên-sinh-du-Bạch-Mã-sơn-trịch-thị-giai-tác_raw.html,煙光雲靜值秋清,Chinese
thivien_Nguyễn-Phúc-Ưng-Bình_Ất-Hợi-thu-sơ-tài-chính-bộ-trưởng-Hữu-Nguyên-Hồ-Đắc-Khải-tiên-sinh-du-Bạch-Mã-sơn-trịch-thị-giai-tác_raw.html,白馬吟鞭壯此行,Chinese
thivien_Nguyễn-Phúc-Ưng-Bình_Ất-Hợi-thu-sơ-tài-chính-bộ-trưởng-Hữu-Nguyên-Hồ-Đắc-Khải-tiên-sinh-du-Bạch-Mã-sơn-trịch-thị-giai-tác_raw.html,遣興人能臨絕嵿,Chinese
thivien_Nguyễn-Phúc-Ưng-Bình_Ất-Hợi-thu-sơ-tài-chính-bộ-trưởng-Hữu-Nguyên-Hồ-Đắc-Khải-tiên-sinh-du-Bạch-Mã-sơn-trịch-thị-giai-tác_raw.html,消閒我獨戀滄溟,Chinese
thivien_Nguyễn-Phúc-Ưng-Bình_Ất-Hợi-thu-sơ-tài-chính-bộ-trưởng-Hữu-Nguyên-Hồ-Đắc-Khải-tiên-sinh-du-Bạch-Mã-sơn-trịch-thị-giai-tác_raw.html,輕裘可續羊公趣,Chinese
thivien_Nguyễn-Phúc-Ưng-Bình_Ất-Hợi-thu-sơ-tài-chính-bộ-trưởng-Hữu-Nguyên-Hồ-Đắc-Khải-tiên-sinh-du-Bạch-Mã-sơn-trịch-thị-giai-tác_raw.html,齒屐無忘謝傅情,Chinese
thivien_Nguyễn-Phúc-Ưng-Bình_Ất-Hợi-thu-sơ-tài-chính-bộ-trưởng-Hữu-Nguyên-Hồ-Đắc-Khải-tiên-sinh-du-Bạch-Mã-sơn-trịch-thị-giai-tác_raw.html,賞勝新詩傳洛下,Chinese
thivien_Nguyễn-Phúc-Ưng-Bình_Ất-Hợi-thu-sơ-tài-chính-bộ-trưởng-Hữu-Nguyên-Hồ-Đắc-Khải-tiên-sinh-du-Bạch-Mã-sơn-trịch-thị-giai-tác_raw.html,菊松老圃亦分榮,Chinese
thivien_Nguyễn-Sưởng_Nguyệt-trung-quế_raw.html,雲栽露種已多時,Chinese
thivien_Nguyễn-Sưởng_Nguyệt-trung-quế_raw.html,清影婆娑看轉奇,Chinese
thivien_Nguyễn-Sưởng_Nguyệt-trung-quế_raw.html,肯教輪外放長枝,Chinese
thivien_Nguyễn-Sưởng_Tiên-Du-sơn-Vạn-Phúc-tự_raw.html,佛祖壯嚴侈萬金,Chinese
thivien_Nguyễn-Sưởng_Tiên-Du-sơn-Vạn-Phúc-tự_raw.html,松風吹起海朝音,Chinese
thivien_Nguyễn-Sưởng_Tiên-Du-sơn-Vạn-Phúc-tự_raw.html,雲藏古寺山南北,Chinese
thivien_Nguyễn-Sưởng_Tiên-Du-sơn-Vạn-Phúc-tự_raw.html,塔倚層霄世古今,Chinese
thivien_Nguyễn-Sưởng_Tiên-Du-sơn-Vạn-Phúc-tự_raw.html,汲澗歸僧行木杪,Chinese
thivien_Nguyễn-Sưởng_Tiên-Du-sơn-Vạn-Phúc-tự_raw.html,石上苔花積漸深,Chinese
thivien_Nguyễn-Sưởng_Túc-Thứu-thượng-nhân-thiền-phòng_raw.html,名山登已遍,Chinese
thivien_Nguyễn-Sưởng_Túc-Thứu-thượng-nhân-thiền-phòng_raw.html,有客從遊熟,Chinese
thivien_Nguyễn-Sưởng_Túc-Thứu-thượng-nhân-thiền-phòng_raw.html,談詩信宿同,Chinese
thivien_Nguyễn-Sưởng_Túc-Thứu-thượng-nhân-thiền-phòng_raw.html,殊無蔬筍氣,Chinese
thivien_Nguyễn-Sưởng_Tống-Vô-Sơn-Ông-Văn-Huệ-Vương-xuất-sơn-bái-tướng_raw.html,借問雲臺高幾許,Chinese
thivien_Nguyễn-Sưởng_Tống-Vô-Sơn-Ông-Văn-Huệ-Vương-xuất-sơn-bái-tướng_raw.html,要添宰相出山圖,Chinese
thivien_Nguyễn-Thượng-Hiền_Hoàn-sơn_raw.html,策馬故園去,Chinese
thivien_Nguyễn-Thượng-Hiền_Hoàn-sơn_raw.html,江山試憑眺,Chinese
thivien_Nguyễn-Thượng-Hiền_Hoàn-sơn_raw.html,不覺復沾襟,Chinese
thivien_Nguyễn-Thượng-Hiền_Hoàn-sơn_raw.html,玄造機終祕,Chinese
thivien_Nguyễn-Thượng-Hiền_Hoàn-sơn_raw.html,蒼生禍愈深,Chinese
thivien_Nguyễn-Thượng-Hiền_Hoàn-sơn_raw.html,艱難思報國,Chinese
thivien_Nguyễn-Thượng-Hiền_Hoàn-sơn_raw.html,慚愧杜陵吟,Chinese
thivien_Nguyễn-Trung-Ngạn_Cầu-Dinh-hoài-cổ_raw.html,乂安以北三千里,Chinese
thivien_Nguyễn-Trung-Ngạn_Cầu-Dinh-hoài-cổ_raw.html,屯鎮而今一百年,Chinese
thivien_Nguyễn-Trung-Ngạn_Cầu-Dinh-hoài-cổ_raw.html,往事已隨流水去,Chinese
thivien_Nguyễn-Trung-Ngạn_Cầu-Dinh-hoài-cổ_raw.html,昔人剩者碑傳,Chinese
thivien_Nguyễn-Trãi_Ngự-chế-tao-ngộ-thi-phụng-hoạ_raw.html,仿弗鈞天夢幾回,Chinese
thivien_Nguyễn-Trãi_Ngự-chế-tao-ngộ-thi-phụng-hoạ_raw.html,山中驚喜翠華來,Chinese
thivien_Nguyễn-Trãi_Ngự-chế-tao-ngộ-thi-phụng-hoạ_raw.html,遺箴深感先朝舊,Chinese
thivien_Nguyễn-Trãi_Ngự-chế-tao-ngộ-thi-phụng-hoạ_raw.html,定策多心佐治財,Chinese
thivien_Nguyễn-Trãi_Ngự-chế-tao-ngộ-thi-phụng-hoạ_raw.html,湖山遭遇宸愉樂,Chinese
thivien_Nguyễn-Trãi_Ngự-chế-tao-ngộ-thi-phụng-hoạ_raw.html,雨露春潭潤柳梅,Chinese
thivien_Nguyễn-Trãi_Thù-hữu-nhân-kiến-ký_raw.html,安行每懼覆中流,Chinese
thivien_Nguyễn-Trãi_Thù-hữu-nhân-kiến-ký_raw.html,事堪涕淚非言說,Chinese
thivien_Nguyễn-Trãi_Thù-hữu-nhân-kiến-ký_raw.html,運落風波豈智謀,Chinese
thivien_Nguyễn-Trãi_Thù-hữu-nhân-kiến-ký_raw.html,夢中花鳥故山幽,Chinese
thivien_Nguyễn-Trãi_Thù-hữu-nhân-kiến-ký_raw.html,慇懃堪謝鄉中友,Chinese
thivien_Nguyễn-Trãi_Thù-hữu-nhân-kiến-ký_raw.html,聊把新詩寫我愁,Chinese
thivien_Nguyễn-Tử-Thành_Tiếu-đỗ-vũ_raw.html,巢居獨得眾禽尊,Chinese
thivien_Nguyễn-Tử-Thành_Tiếu-đỗ-vũ_raw.html,飛來只愛春山好,Chinese
thivien_Nguyễn-Tử-Thành_Tiếu-đỗ-vũ_raw.html,殿閣荒涼煙雨村,Chinese
thivien_Nguyễn-Văn-Siêu_Dữ-Dương-Đình-Ngô-đài-biệt_raw.html,三月春濤珥水湄,Chinese
thivien_Nguyễn-Văn-Siêu_Dữ-Dương-Đình-Ngô-đài-biệt_raw.html,出門未解有生離,Chinese
thivien_Nguyễn-Văn-Siêu_Dữ-Dương-Đình-Ngô-đài-biệt_raw.html,自逢歸客連宵話,Chinese
thivien_Nguyễn-Văn-Siêu_Dữ-Dương-Đình-Ngô-đài-biệt_raw.html,情難盡處可無詩,Chinese
thivien_Nguyễn-Văn-Siêu_Dữ-Dương-Đình-Ngô-đài-biệt_raw.html,擬將揮手璘江旦,Chinese
thivien_Nguyễn-Văn-Siêu_Dữ-Dương-Đình-Ngô-đài-biệt_raw.html,不覺灰山欲暮辰,Chinese
thivien_Nguyễn-Văn-Siêu_Giáp-Dần-chư-lộ-phỉ-khởi-Hà-Nội-thụ-hại-tối-thậm-kim-niên-đại-thuỷ-diệc-thậm-ư-lân-tỉnh-ngưỡng-mông_raw.html,兵前水後歲相交,Chinese
thivien_Nguyễn-Văn-Siêu_Giáp-Dần-chư-lộ-phỉ-khởi-Hà-Nội-thụ-hại-tối-thậm-kim-niên-đại-thuỷ-diệc-thậm-ư-lân-tỉnh-ngưỡng-mông_raw.html,地是秦中舊樂郊,Chinese
thivien_Nguyễn-Văn-Siêu_Giáp-Dần-chư-lộ-phỉ-khởi-Hà-Nội-thụ-hại-tối-thậm-kim-niên-đại-thuỷ-diệc-thậm-ư-lân-tỉnh-ngưỡng-mông_raw.html,饑來還恐盜如毛,Chinese
thivien_Nguyễn-Văn-Siêu_Giáp-Dần-chư-lộ-phỉ-khởi-Hà-Nội-thụ-hại-tối-thậm-kim-niên-đại-thuỷ-diệc-thậm-ư-lân-tỉnh-ngưỡng-mông_raw.html,不知何處堪移粟,Chinese
thivien_Nguyễn-Văn-Siêu_Giáp-Dần-chư-lộ-phỉ-khởi-Hà-Nội-thụ-hại-tối-thậm-kim-niên-đại-thuỷ-diệc-thậm-ư-lân-tỉnh-ngưỡng-mông_raw.html,曾見齊民已賣刀,Chinese
thivien_Nguyễn-Văn-Siêu_Giáp-Dần-chư-lộ-phỉ-khởi-Hà-Nội-thụ-hại-tối-thậm-kim-niên-đại-thuỷ-diệc-thậm-ư-lân-tỉnh-ngưỡng-mông_raw.html,天地豈無傾否日,Chinese
thivien_Nguyễn-Văn-Siêu_Giáp-Dần-chư-lộ-phỉ-khởi-Hà-Nội-thụ-hại-tối-thậm-kim-niên-đại-thuỷ-diệc-thậm-ư-lân-tỉnh-ngưỡng-mông_raw.html,詔書頻下使君勞,Chinese
thivien_Nguyễn-Văn-Siêu_Ngọc-Trản-trú-tất-chi-dạ_raw.html,碧雲回合水流橫,Chinese
thivien_Nguyễn-Văn-Siêu_Ngọc-Trản-trú-tất-chi-dạ_raw.html,舸艦迷津月乍明,Chinese
thivien_Nguyễn-Văn-Siêu_Ngọc-Trản-trú-tất-chi-dạ_raw.html,嚴炮響來山欲動,Chinese
thivien_Nguyễn-Văn-Siêu_Ngọc-Trản-trú-tất-chi-dạ_raw.html,火城照處夜無聲,Chinese
thivien_Nguyễn-Văn-Siêu_Tam-Điệp-hành_raw.html,到天知有路絕地即登山造化紛奇巧,Chinese
thivien_Nguyễn-Văn-Siêu_Tam-Điệp-hành_raw.html,後疊亂孱顏,Chinese
thivien_Nguyễn-Văn-Siêu_Tam-Điệp-hành_raw.html,倏忽爭顯晦不辨雲與巒,Chinese
thivien_Nguyễn-Văn-Siêu_Tam-Điệp-hành_raw.html,千林挽到此,Chinese
thivien_Nguyễn-Văn-Siêu_Tam-Điệp-hành_raw.html,童僕倦躋攀我欲挽徂影,Chinese
thivien_Nguyễn-Văn-Siêu_Tam-Điệp-hành_raw.html,淩風第一關大化炳高矚,Chinese
thivien_Nguyễn-Văn-Siêu_Tam-Điệp-hành_raw.html,終無一刻閒,Chinese
thivien_Nguyễn-Xuân-Ôn_Phong-quần-ngẫu-đối_raw.html,愛爾乾坤一物靈,Chinese
thivien_Nguyễn-Xuân-Ôn_Phong-quần-ngẫu-đối_raw.html,高潔長䬸草木英,Chinese
thivien_Nguyễn-Xuân-Ôn_Phong-quần-ngẫu-đối_raw.html,語渠能守君臣義,Chinese
thivien_Nguyễn-Xuân-Ôn_Phong-quần-ngẫu-đối_raw.html,聞道崑崙多好境,Chinese
thivien_Nguyễn-Xuân-Ôn_Phong-quần-ngẫu-đối_raw.html,何緣復向舊家鳴,Chinese
thivien_Nguyễn-Đức-Đạt_Sơn-đàm-thu-diểu_raw.html,大石潭籩立晚風,Chinese
thivien_Nguyễn-Đức-Đạt_Sơn-đàm-thu-diểu_raw.html,閒雲潭影有無中,Chinese
thivien_Nguyễn-Đức-Đạt_Sơn-đàm-thu-diểu_raw.html,漁翁髮蔓蘆花白,Chinese
thivien_Nguyễn-Đức-Đạt_Sơn-đàm-thu-diểu_raw.html,樵子腰牽落照紅,Chinese
thivien_Nguyễn-Đức-Đạt_Sơn-đàm-thu-diểu_raw.html,吟興依遲秋水遠,Chinese
thivien_Nguyễn-Đức-Đạt_Sơn-đàm-thu-diểu_raw.html,野情芒散暮雲空,Chinese
thivien_Nguyễn-Đức-Đạt_Sơn-đàm-thu-diểu_raw.html,倦遊客亦思還否,Chinese
thivien_Nguyễn-Đức-Đạt_Sơn-đàm-thu-diểu_raw.html,歸鳥翻翻過別峰,Chinese
thivien_Nguyễn-Đức-Đạt_Xuân-phong_raw.html,年年春事似搏沙,Chinese
thivien_Nguyễn-Đức-Đạt_Xuân-phong_raw.html,恆有信風長不變,Chinese
thivien_Nguyễn-Ức_Thu-dạ-dữ-cố-nhân-Chu-Hà-thoại-cựu_raw.html,世事泛論燈影外,Chinese
thivien_Nguyễn-Ức_Thu-dạ-dữ-cố-nhân-Chu-Hà-thoại-cựu_raw.html,交情深寄酒杯中,Chinese
thivien_Nguyễn-Ức_Thu-dạ-dữ-cố-nhân-Chu-Hà-thoại-cựu_raw.html,幾莖白髮時相晚,Chinese
thivien_Nguyễn-Ức_Thu-dạ-dữ-cố-nhân-Chu-Hà-thoại-cựu_raw.html,萬里青雲信未通,Chinese
thivien_Nguyễn-Ức_Thu-dạ-dữ-cố-nhân-Chu-Hà-thoại-cựu_raw.html,獨對不來今夕夢,Chinese
thivien_Nguyễn-Ức_Thư-hoài-phụng-trình-Cúc-Đường-chủ-nhân_raw.html,回首雲衢萬里遙,Chinese
thivien_Nguyễn-Ức_Thư-hoài-phụng-trình-Cúc-Đường-chủ-nhân_raw.html,江湖萍跡信風飄,Chinese
thivien_Nguyễn-Ức_Thư-hoài-phụng-trình-Cúc-Đường-chủ-nhân_raw.html,歸田賦就荒三徑,Chinese
thivien_Nguyễn-Ức_Thư-hoài-phụng-trình-Cúc-Đường-chủ-nhân_raw.html,陋巷貧餘樂一瓢,Chinese
thivien_Nguyễn-Ức_Thư-hoài-phụng-trình-Cúc-Đường-chủ-nhân_raw.html,白髮多情憐客老,Chinese
thivien_Nguyễn-Ức_Thư-hoài-phụng-trình-Cúc-Đường-chủ-nhân_raw.html,早晚壼天訪寂寥,Chinese
thivien_Nguyện-Học-thiền-sư_Liễu-ngộ-thân-tâm_raw.html,了悟身心開慧眼變化靈通現實相,Chinese
thivien_Nguyện-Học-thiền-sư_Liễu-ngộ-thân-tâm_raw.html,行住坐臥獨卓然應現化身不可量,Chinese
thivien_Nguyện-Học-thiền-sư_Liễu-ngộ-thân-tâm_raw.html,雖然充塞遍虛空,Chinese
thivien_Nguyện-Học-thiền-sư_Liễu-ngộ-thân-tâm_raw.html,歡來不見如有相世間無物可比況,Chinese
thivien_Nguyện-Học-thiền-sư_Liễu-ngộ-thân-tâm_raw.html,長現靈光明朗朗嘗時演說不思議,Chinese
thivien_Nguyện-Học-thiền-sư_Liễu-ngộ-thân-tâm_raw.html,無得一言以為當,Chinese
thivien_Ngô-Hoán_Phụng-hoạ-ngự-chế-Lục-Vân-động_raw.html,丹崖青壁聳巑岏,Chinese
thivien_Ngô-Hoán_Phụng-hoạ-ngự-chế-Lục-Vân-động_raw.html,隱約壺天景界寬,Chinese
thivien_Ngô-Hoán_Phụng-hoạ-ngự-chế-Lục-Vân-động_raw.html,瑤草丯茸迷野徑,Chinese
thivien_Ngô-Hoán_Phụng-hoạ-ngự-chế-Lục-Vân-động_raw.html,琪花爛熳擁禪關,Chinese
thivien_Ngô-Hoán_Phụng-hoạ-ngự-chế-Lục-Vân-động_raw.html,雲興雨降清風冷,Chinese
thivien_Ngô-Hoán_Phụng-hoạ-ngự-chế-Lục-Vân-động_raw.html,夜靜山空皓月寒,Chinese
thivien_Ngô-Hoán_Phụng-hoạ-ngự-chế-Lục-Vân-động_raw.html,夙夜未灰香火念,Chinese
thivien_Ngô-Hoán_Phụng-hoạ-ngự-chế-Lục-Vân-động_raw.html,林泉休說老僧閒,Chinese
thivien_Ngô-Hoán_Phụng-hoạ-ngự-chế-Văn-nhân_raw.html,薰馥含英夙夜勤,Chinese
thivien_Ngô-Hoán_Phụng-hoạ-ngự-chế-Văn-nhân_raw.html,挽回渾厚落尖新,Chinese
thivien_Ngô-Hoán_Phụng-hoạ-ngự-chế-Văn-nhân_raw.html,華箋炳炳騎鯨客,Chinese
thivien_Ngô-Hoán_Phụng-hoạ-ngự-chế-Văn-nhân_raw.html,藻筆飄飄吐鳳人,Chinese
thivien_Ngô-Hoán_Phụng-hoạ-ngự-chế-Văn-nhân_raw.html,韶夏正聲金調度,Chinese
thivien_Ngô-Hoán_Phụng-hoạ-ngự-chế-Văn-nhân_raw.html,江山秀氣玉精神,Chinese
thivien_Ngô-Hoán_Phụng-hoạ-ngự-chế-Văn-nhân_raw.html,笙鏞妙贊文明治,Chinese
thivien_Ngô-Hoán_Phụng-hoạ-ngự-chế-Văn-nhân_raw.html,八表風同萬物春,Chinese
thivien_Ngô-Nhân-Tĩnh_Mãi-thạch-nghiễn_raw.html,慰我生平到處尋,Chinese
thivien_Ngô-Nhân-Tĩnh_Mãi-thạch-nghiễn_raw.html,天涯共爾客中吟,Chinese
thivien_Ngô-Nhân-Tĩnh_Mãi-thạch-nghiễn_raw.html,端溪不有名千古,Chinese
thivien_Ngô-Nhân-Tĩnh_Mãi-thạch-nghiễn_raw.html,片石那能值萬金,Chinese
thivien_Ngô-Nhân-Tĩnh_Mãi-thạch-nghiễn_raw.html,與世寧知無奪目,Chinese
thivien_Ngô-Nhân-Tĩnh_Mãi-thạch-nghiễn_raw.html,於余最愛是堅心,Chinese
thivien_Ngô-Nhân-Tĩnh_Mãi-thạch-nghiễn_raw.html,為國酬恩到桂林,Chinese
thivien_Ngô-Nhân-Tĩnh_Tiên-thành-lữ-khứ-kỳ-1_raw.html,半盞孤燈客夢殘,Chinese
thivien_Ngô-Nhân-Tĩnh_Tiên-thành-lữ-khứ-kỳ-1_raw.html,百年心事話尤難,Chinese
thivien_Ngô-Nhân-Tĩnh_Tiên-thành-lữ-khứ-kỳ-1_raw.html,老天不與人方便,Chinese
thivien_Ngô-Phúc-Lâm_Giang-trung-mục-phố_raw.html,一空雲著地根浮,Chinese
thivien_Ngô-Phúc-Lâm_Giang-trung-mục-phố_raw.html,翠浸長流半自鈞,Chinese
thivien_Ngô-Phúc-Lâm_Giang-trung-mục-phố_raw.html,寒渚漲餘惟宿草,Chinese
thivien_Ngô-Phúc-Lâm_Giang-trung-mục-phố_raw.html,曖沙晴處有眠牛,Chinese
thivien_Ngô-Phúc-Lâm_Giang-trung-mục-phố_raw.html,野煙不斷春風笛,Chinese
thivien_Ngô-Phúc-Lâm_Giang-trung-mục-phố_raw.html,江影辰邀晚月舟,Chinese
thivien_Ngô-Phúc-Lâm_Giang-trung-mục-phố_raw.html,巢上停欄辰遠眺,Chinese
thivien_Ngô-Phúc-Lâm_Sơn-hạ-ngư-ky_raw.html,蒼浪泊處是村居,Chinese
thivien_Ngô-Phúc-Lâm_Sơn-hạ-ngư-ky_raw.html,廬外帆歸片片漁,Chinese
thivien_Ngô-Phúc-Lâm_Sơn-hạ-ngư-ky_raw.html,岩廓枕灘停棹穩,Chinese
thivien_Ngô-Phúc-Lâm_Sơn-hạ-ngư-ky_raw.html,江湖響岸入窗虛,Chinese
thivien_Ngô-Phúc-Lâm_Sơn-hạ-ngư-ky_raw.html,一笛驚秋未曉初,Chinese
thivien_Ngô-Phúc-Lâm_Sơn-hạ-ngư-ky_raw.html,醉起渡頭相訪話,Chinese
thivien_Ngô-Phúc-Lâm_Sơn-hạ-ngư-ky_raw.html,桑田猶幾百年餘,Chinese
thivien_Ngô-Thì-Nhậm_Hoạ-kê-tiên_raw.html,萬古誰知太極年,Chinese
thivien_Ngô-Thì-Nhậm_Hoạ-kê-tiên_raw.html,自有倥侗應有月,Chinese
thivien_Ngô-Thì-Nhậm_Hoạ-kê-tiên_raw.html,詩翁不辨某誰眠,Chinese
thivien_Ngô-Thì-Nhậm_Hạ-niên-quyến-Phan-Thuỵ-Nham-đốc-thị-Nghệ-An_raw.html,九陛籌邊重視師,Chinese
thivien_Ngô-Thì-Nhậm_Hạ-niên-quyến-Phan-Thuỵ-Nham-đốc-thị-Nghệ-An_raw.html,南軒特簡出南陲,Chinese
thivien_Ngô-Thì-Nhậm_Hạ-niên-quyến-Phan-Thuỵ-Nham-đốc-thị-Nghệ-An_raw.html,濯征勝勢從今日,Chinese
thivien_Ngô-Thì-Nhậm_Hạ-niên-quyến-Phan-Thuỵ-Nham-đốc-thị-Nghệ-An_raw.html,先著膚公恰好辰,Chinese
thivien_Ngô-Thì-Nhậm_Hạ-niên-quyến-Phan-Thuỵ-Nham-đốc-thị-Nghệ-An_raw.html,心上經綸難上可,Chinese
thivien_Ngô-Thì-Nhậm_Hạ-niên-quyến-Phan-Thuỵ-Nham-đốc-thị-Nghệ-An_raw.html,腹中兵甲結中綏,Chinese
thivien_Ngô-Thì-Nhậm_Hạ-niên-quyến-Phan-Thuỵ-Nham-đốc-thị-Nghệ-An_raw.html,此回采石鯨波帖,Chinese
thivien_Ngô-Thì-Nhậm_Hạ-niên-quyến-Phan-Thuỵ-Nham-đốc-thị-Nghệ-An_raw.html,黃閣彈冠佇賀卮,Chinese
thivien_Ngô-Thì-Nhậm_Khẩn-hành-thuỵ-nan_raw.html,緊行欲睡睡殊忙,Chinese
thivien_Ngô-Thì-Nhậm_Khẩn-hành-thuỵ-nan_raw.html,日夜奔馳不敢康,Chinese
thivien_Ngô-Thì-Nhậm_Khẩn-hành-thuỵ-nan_raw.html,十乘馬嘶千里月,Chinese
thivien_Ngô-Thì-Nhậm_Khẩn-hành-thuỵ-nan_raw.html,千家雞叫五更霜,Chinese
thivien_Ngô-Thì-Nhậm_Khẩn-hành-thuỵ-nan_raw.html,曲肱未獲安疏水,Chinese
thivien_Ngô-Thì-Nhậm_Khẩn-hành-thuỵ-nan_raw.html,慧眼還應看熟梁,Chinese
thivien_Ngô-Thì-Nhậm_Khẩn-hành-thuỵ-nan_raw.html,名利畏途多熱鬧,Chinese
thivien_Ngô-Thì-Nhậm_Khẩn-hành-thuỵ-nan_raw.html,清明覺醒似無妨,Chinese
thivien_Ngô-Thì-Nhậm_Khẩn-hành-thực-nan_raw.html,日夜奔馳不敢寬,Chinese
thivien_Ngô-Thì-Nhậm_Khẩn-hành-thực-nan_raw.html,玉漏未央催啜粥,Chinese
thivien_Ngô-Thì-Nhậm_Khẩn-hành-thực-nan_raw.html,金鉦及旰僅傳餐,Chinese
thivien_Ngô-Thì-Nhậm_Khẩn-hành-thực-nan_raw.html,麥飯偏宜倉卒間,Chinese
thivien_Ngô-Thì-Nhậm_Khẩn-hành-thực-nan_raw.html,處畜要宜家食戒,Chinese
thivien_Ngô-Thì-Nhậm_Khẩn-hành-thực-nan_raw.html,公侯列鼎下回看,Chinese
thivien_Ngô-Thì-Nhậm_Lạng-Sơn-đạo-trung-kỳ-2_raw.html,錯疑薏苡落污萊,Chinese
thivien_Ngô-Thì-Nhậm_Lạng-Sơn-đạo-trung-kỳ-2_raw.html,無窮今古樹榮謝,Chinese
thivien_Ngô-Thì-Nhậm_Lạng-Sơn-đạo-trung-kỳ-2_raw.html,不老溪山人往來,Chinese
thivien_Ngô-Thì-Nhậm_Lạng-Sơn-đạo-trung-kỳ-2_raw.html,田疇聞自綠雲開,Chinese
thivien_Ngô-Thì-Nhậm_Lạng-Sơn-đạo-trung-kỳ-2_raw.html,奇觀最是長天色,Chinese
thivien_Ngô-Thì-Nhậm_Lạng-Sơn-đạo-trung-kỳ-2_raw.html,中極經星絢斗台,Chinese
thivien_Ngô-Thì-Nhậm_Lữ-xá_raw.html,三千里路住征鞍,Chinese
thivien_Ngô-Thì-Nhậm_Lữ-xá_raw.html,座上清風倚繡欄,Chinese
thivien_Ngô-Thì-Nhậm_Lữ-xá_raw.html,南北勝遊詩思爽,Chinese
thivien_Ngô-Thì-Nhậm_Lữ-xá_raw.html,古今逸興酒盃閒,Chinese
thivien_Ngô-Thì-Nhậm_Lữ-xá_raw.html,關河客夢誠如醉,Chinese
thivien_Ngô-Thì-Nhậm_Lữ-xá_raw.html,弧矢初心覺自寬,Chinese
thivien_Ngô-Thì-Nhậm_Lữ-xá_raw.html,何處雞聲頻報曉,Chinese
thivien_Ngô-Thì-Nhậm_Lữ-xá_raw.html,早催橋子理朝飧,Chinese
thivien_Ngô-Thì-Nhậm_Nghi-Cửu-Nghi_raw.html,九疑葬舜九傳疑,Chinese
thivien_Ngô-Thì-Nhậm_Nghi-Cửu-Nghi_raw.html,虛實須從事理推,Chinese
thivien_Ngô-Thì-Nhậm_Nghi-Cửu-Nghi_raw.html,五服桓圭非內粵,Chinese
thivien_Ngô-Thì-Nhậm_Nghi-Cửu-Nghi_raw.html,蒼梧那得朝群後,Chinese
thivien_Ngô-Thì-Nhậm_Nghi-Cửu-Nghi_raw.html,斑竹何曾泣二妃,Chinese
thivien_Ngô-Thì-Nhậm_Nghi-Cửu-Nghi_raw.html,穿鑿出來殊孟浪,Chinese
thivien_Ngô-Thì-Nhậm_Nguyệt-dạ-lãng-ngâm_raw.html,碧樹庭除月色深,Chinese
thivien_Ngô-Thì-Nhậm_Nguyệt-dạ-lãng-ngâm_raw.html,家鄉千里難求夢,Chinese
thivien_Ngô-Thì-Nhậm_Nguyệt-dạ-lãng-ngâm_raw.html,雲物三更易觸吟,Chinese
thivien_Ngô-Thì-Nhậm_Nguyệt-dạ-lãng-ngâm_raw.html,空勞名利此生心,Chinese
thivien_Ngô-Thì-Nhậm_Nguyệt-dạ-lãng-ngâm_raw.html,鷽骨霜蹄返故林,Chinese
thivien_Ngô-Thì-Nhậm_Quan-đệ-Minh-Trai-Tục-Từ-Thức-truyện-ngẫu-thành-kỳ-2-Vịnh-Giáng-Hương_raw.html,百世姻緣擬續完,Chinese
thivien_Ngô-Thì-Nhậm_Quan-đệ-Minh-Trai-Tục-Từ-Thức-truyện-ngẫu-thành-kỳ-2-Vịnh-Giáng-Hương_raw.html,仙塵路迥卻無端,Chinese
thivien_Ngô-Thì-Nhậm_Quan-đệ-Minh-Trai-Tục-Từ-Thức-truyện-ngẫu-thành-kỳ-2-Vịnh-Giáng-Hương_raw.html,玉簫響斷傷飛鳳,Chinese
thivien_Ngô-Thì-Nhậm_Quan-đệ-Minh-Trai-Tục-Từ-Thức-truyện-ngẫu-thành-kỳ-2-Vịnh-Giáng-Hương_raw.html,壁峒苔深悵別鸞,Chinese
thivien_Ngô-Thì-Nhậm_Quan-đệ-Minh-Trai-Tục-Từ-Thức-truyện-ngẫu-thành-kỳ-2-Vịnh-Giáng-Hương_raw.html,誰通瓊島漁書使,Chinese
thivien_Ngô-Thì-Nhậm_Quá-Thần-Đầu-hải-ngạn_raw.html,我來似舊接空明,Chinese
thivien_Ngô-Thì-Nhậm_Quá-Thần-Đầu-hải-ngạn_raw.html,連千重岸環天府,Chinese
thivien_Ngô-Thì-Nhậm_Quá-Thần-Đầu-hải-ngạn_raw.html,擊鼓樓船餘怒浪,Chinese
thivien_Ngô-Thì-Nhậm_Quá-Thần-Đầu-hải-ngạn_raw.html,填河落石失長鯨,Chinese
thivien_Ngô-Thì-Nhậm_Quá-Thần-Đầu-hải-ngạn_raw.html,馮夷何與人間事,Chinese
thivien_Ngô-Thì-Nhậm_Quá-Thần-Đầu-hải-ngạn_raw.html,日夜馳驅不少停,Chinese
thivien_Ngô-Thì-Nhậm_Quá-Trường-Sa-ức-Giả-Nghị_raw.html,不是長沙老賈生,Chinese
thivien_Ngô-Thì-Nhậm_Quá-Trường-Sa-ức-Giả-Nghị_raw.html,未遑天子惡紛更,Chinese
thivien_Ngô-Thì-Nhậm_Quá-Trường-Sa-ức-Giả-Nghị_raw.html,後元雖缺禮文事,Chinese
thivien_Ngô-Thì-Nhậm_Quá-Trường-Sa-ức-Giả-Nghị_raw.html,宣室還非痛哭庭,Chinese
thivien_Ngô-Thì-Nhậm_Quá-Trường-Sa-ức-Giả-Nghị_raw.html,畢競少年多挾氣,Chinese
thivien_Ngô-Thì-Nhậm_Quá-Trường-Sa-ức-Giả-Nghị_raw.html,遂教一職苦關情,Chinese
thivien_Ngô-Thì-Nhậm_Quá-Trường-Sa-ức-Giả-Nghị_raw.html,欲尋故宅來憑吊,Chinese
thivien_Ngô-Thì-Nhậm_Quá-Trường-Sa-ức-Giả-Nghị_raw.html,江樹依依尚不平,Chinese
thivien_Ngô-Thì-Nhậm_Quá-Tống-trạng-nguyên-Phùng-Kinh-cố-trạch_raw.html,帝夢失魁得馬涼,Chinese
thivien_Ngô-Thì-Nhậm_Quá-Tống-trạng-nguyên-Phùng-Kinh-cố-trạch_raw.html,狀元信息的非常,Chinese
thivien_Ngô-Thì-Nhậm_Quá-Tống-trạng-nguyên-Phùng-Kinh-cố-trạch_raw.html,姓名二字標金石,Chinese
thivien_Ngô-Thì-Nhậm_Quá-Tống-trạng-nguyên-Phùng-Kinh-cố-trạch_raw.html,事業千秋記綈緗,Chinese
thivien_Ngô-Thì-Nhậm_Quá-Tống-trạng-nguyên-Phùng-Kinh-cố-trạch_raw.html,新法之間無獻替,Chinese
thivien_Ngô-Thì-Nhậm_Quá-Tống-trạng-nguyên-Phùng-Kinh-cố-trạch_raw.html,大科所得是文章,Chinese
thivien_Ngô-Thì-Nhậm_Quá-Tống-trạng-nguyên-Phùng-Kinh-cố-trạch_raw.html,巍峨廟貌重丹雘,Chinese
thivien_Ngô-Thì-Nhậm_Quá-Tống-trạng-nguyên-Phùng-Kinh-cố-trạch_raw.html,歸厚還應愛此鄉,Chinese
thivien_Ngô-Thì-Nhậm_Thuỷ-thanh_raw.html,水本無聲卻有聲,Chinese
thivien_Ngô-Thì-Nhậm_Thuỷ-thanh_raw.html,嘈鏗江上為誰鳴,Chinese
thivien_Ngô-Thì-Nhậm_Thuỷ-thanh_raw.html,長流順注原常靜,Chinese
thivien_Ngô-Thì-Nhậm_Thuỷ-thanh_raw.html,斷石橫欄乃不平,Chinese
thivien_Ngô-Thì-Nhậm_Thuỷ-thanh_raw.html,哽未去時應有怒,Chinese
thivien_Ngô-Thì-Nhậm_Thuỷ-thanh_raw.html,量能容處便無爭,Chinese
thivien_Ngô-Thì-Nhậm_Thuỷ-thanh_raw.html,太和君子須潛會,Chinese
thivien_Ngô-Thì-Nhậm_Thuỷ-thanh_raw.html,透徹銀花到底明,Chinese
thivien_Ngô-Thì-Nhậm_Yên-Sơn_raw.html,藝祖當初雪夜籌,Chinese
thivien_Ngô-Thì-Nhậm_Yên-Sơn_raw.html,燕山前後十餘州,Chinese
thivien_Ngô-Thì-Nhậm_Yên-Sơn_raw.html,傍邊不禁他人睡,Chinese
thivien_Ngô-Thì-Nhậm_Yên-Sơn_raw.html,故壤難將歲幣收,Chinese
thivien_Ngô-Thì-Nhậm_Yên-Sơn_raw.html,今古風光無盛晚,Chinese
thivien_Ngô-Thì-Nhậm_Yên-Sơn_raw.html,閒看惟有行雲好,Chinese
thivien_Ngô-Thì-Nhậm_Yên-Sơn_raw.html,飛罩千年祇自由,Chinese
thivien_Ngô-Thì-Nhậm_Điếu-Sở-Tam-Lư-đại-phu_raw.html,不是懷沙怨楚王,Chinese
thivien_Ngô-Thì-Nhậm_Điếu-Sở-Tam-Lư-đại-phu_raw.html,彼天難問問瀟湘,Chinese
thivien_Ngô-Thì-Nhậm_Điếu-Sở-Tam-Lư-đại-phu_raw.html,擬將口舌扶宗國,Chinese
thivien_Ngô-Thì-Nhậm_Điếu-Sở-Tam-Lư-đại-phu_raw.html,往事幾回悲逝水,Chinese
thivien_Ngô-Thì-Nhậm_Điếu-Sở-Tam-Lư-đại-phu_raw.html,離騷終古吊斜陽,Chinese
thivien_Ngô-Thì-Nhậm_Điếu-Sở-Tam-Lư-đại-phu_raw.html,九疑有路逢虞舜,Chinese
thivien_Ngô-Thì-Nhậm_Điếu-Sở-Tam-Lư-đại-phu_raw.html,濟濟應添一起良,Chinese
thivien_Ngô-Thì-Nhậm_Đăng-Hoành-Sơn-vọng-hải_raw.html,造化當初苦用工,Chinese
thivien_Ngô-Thì-Nhậm_Đăng-Hoành-Sơn-vọng-hải_raw.html,卻將虎穴趁蛟宮,Chinese
thivien_Ngô-Thì-Nhậm_Đăng-Hoành-Sơn-vọng-hải_raw.html,陳帝旌旗掛太空,Chinese
thivien_Ngô-Thì-Nhậm_Đăng-Hoành-Sơn-vọng-hải_raw.html,晴樹棲禽蒼欲老,Chinese
thivien_Ngô-Thì-Nhậm_Đăng-Hoành-Sơn-vọng-hải_raw.html,分合悠悠鶴夢中,Chinese
thivien_Ngô-Đức-Kế_Khán-bảng-thời-cảm-tác_raw.html,聖主恩求士,Chinese
thivien_Ngô-Đức-Kế_Khán-bảng-thời-cảm-tác_raw.html,吾親又望兒,Chinese
thivien_Ngô-Đức-Kế_Khán-bảng-thời-cảm-tác_raw.html,此身思報補,Chinese
thivien_Ngô-Đức-Kế_Khán-bảng-thời-cảm-tác_raw.html,回首感推移,Chinese
thivien_Phan-Chu-Trinh_Giáp-Thìn-kinh-thành-cụ-phong_raw.html,錦繡江山望眼糊,Chinese
thivien_Phan-Chu-Trinh_Giáp-Thìn-kinh-thành-cụ-phong_raw.html,回天無奈此身孤,Chinese
thivien_Phan-Chu-Trinh_Giáp-Thìn-kinh-thành-cụ-phong_raw.html,忽成倚蓋當風坐,Chinese
thivien_Phan-Chu-Trinh_Giáp-Thìn-kinh-thành-cụ-phong_raw.html,笑此袁安臥雪圖,Chinese
thivien_Phan-Chu-Trinh_Xuất-đô-môn_raw.html,纍纍鐵鎖出都門,Chinese
thivien_Phan-Chu-Trinh_Xuất-đô-môn_raw.html,慷慨悲歌舌尚存,Chinese
thivien_Phan-Chu-Trinh_Xuất-đô-môn_raw.html,國土沉淪民族瘁,Chinese
thivien_Phan-Quế_Trường-An-cảm-cảnh_raw.html,長安玩月綠楊堤,Chinese
thivien_Phan-Quế_Trường-An-cảm-cảnh_raw.html,屏嶺高朝山起伏,Chinese
thivien_Phan-Quế_Trường-An-cảm-cảnh_raw.html,香江清繞水東西,Chinese
thivien_Phan-Quế_Trường-An-cảm-cảnh_raw.html,肇培王業人心仰,Chinese
thivien_Phan-Quế_Trường-An-cảm-cảnh_raw.html,縹緲春都客眼迷,Chinese
thivien_Phan-Quế_Trường-An-cảm-cảnh_raw.html,遊人得意健吟題,Chinese
thivien_Phan-Thúc-Trực_Du-Linh-Sơn-tự_raw.html,山鳥儒衣怪,Chinese
thivien_Phan-Thúc-Trực_Du-Linh-Sơn-tự_raw.html,松風客枕涼,Chinese
thivien_Phan-Thúc-Trực_Du-Linh-Sơn-tự_raw.html,登臨皆地主,Chinese
thivien_Phan-Thúc-Trực_Du-Linh-Sơn-tự_raw.html,髣彿聞天香,Chinese
thivien_Phan-Thúc-Trực_Du-Linh-Sơn-tự_raw.html,晚向僧人向,Chinese
thivien_Phan-Thúc-Trực_Du-Linh-Sơn-tự_raw.html,空餘四大床,Chinese
thivien_Phan-Thúc-Trực_Tam-Giang-hải-đạo_raw.html,客程便道赴舟程,Chinese
thivien_Phan-Thúc-Trực_Tam-Giang-hải-đạo_raw.html,帆過三江巨艦輕,Chinese
thivien_Phan-Thúc-Trực_Tam-Giang-hải-đạo_raw.html,雨止千山開樹色,Chinese
thivien_Phan-Thúc-Trực_Tam-Giang-hải-đạo_raw.html,風恬五夜失濤聲,Chinese
thivien_Phan-Thúc-Trực_Tam-Giang-hải-đạo_raw.html,空中兔鏡灣灣白,Chinese
thivien_Phan-Thúc-Trực_Tam-Giang-hải-đạo_raw.html,水上漁燈處處明,Chinese
thivien_Phan-Thúc-Trực_Tam-Giang-hải-đạo_raw.html,此心平處水皆平,Chinese
thivien_Phan-Thúc-Trực_Thư-biệt-Vị-Hoàng-cố-nhân-Nguyễn-Bằng_raw.html,人境百年俱是旅,Chinese
thivien_Phan-Thúc-Trực_Thư-biệt-Vị-Hoàng-cố-nhân-Nguyễn-Bằng_raw.html,他鄉一日即成交,Chinese
thivien_Phan-Thúc-Trực_Thư-biệt-Vị-Hoàng-cố-nhân-Nguyễn-Bằng_raw.html,江山浪跡憐予懶,Chinese
thivien_Phan-Thúc-Trực_Thư-biệt-Vị-Hoàng-cố-nhân-Nguyễn-Bằng_raw.html,詩酒生涯信爾豪,Chinese
thivien_Phan-Thúc-Trực_Thư-biệt-Vị-Hoàng-cố-nhân-Nguyễn-Bằng_raw.html,鴻嶺村邊歸別鶴,Chinese
thivien_Phan-Thúc-Trực_Thư-biệt-Vị-Hoàng-cố-nhân-Nguyễn-Bằng_raw.html,欲知此後相思處,Chinese
thivien_Phan-Thúc-Trực_Thư-biệt-Vị-Hoàng-cố-nhân-Nguyễn-Bằng_raw.html,記取江前月影高,Chinese
thivien_Phan-Thúc-Trực_Thương-túc_raw.html,人生各有事,Chinese
thivien_Phan-Thúc-Trực_Thương-túc_raw.html,奔走無暇日,Chinese
thivien_Phan-Thúc-Trực_Thương-túc_raw.html,行步偶見傷,Chinese
thivien_Phan-Thúc-Trực_Thương-túc_raw.html,天心敎我逸,Chinese
thivien_Phan-Thúc-Trực_Thương-túc_raw.html,天曉上安眠,Chinese
thivien_Phan-Thúc-Trực_Thương-túc_raw.html,長吟且抱膝,Chinese
thivien_Phan-Thúc-Trực_Thương-túc_raw.html,世途荊棘多,Chinese
thivien_Phan-Thúc-Trực_Thương-túc_raw.html,奔走愼無疾,Chinese
thivien_Phan-Thúc-Trực_Tiêu-điều_raw.html,蕭條宦舍如僧舍,Chinese
thivien_Phan-Thúc-Trực_Tiêu-điều_raw.html,骯髒今吾似故吾,Chinese
thivien_Phan-Thúc-Trực_Tiêu-điều_raw.html,歲酉殘冬俱是客,Chinese
thivien_Phan-Thúc-Trực_Tiêu-điều_raw.html,合來隨地做歡娛,Chinese
thivien_Phan-Thúc-Trực_Trường-trung-tạp-vịnh-kỳ-2_raw.html,酒罷人歸院,Chinese
thivien_Phan-Thúc-Trực_Trường-trung-tạp-vịnh-kỳ-2_raw.html,梅香應暗動,Chinese
thivien_Phan-Thúc-Trực_Trường-trung-tạp-vịnh-kỳ-2_raw.html,棠夢合黴醒,Chinese
thivien_Phan-Thúc-Trực_Trường-trung-tạp-vịnh-kỳ-2_raw.html,地上霜花白,Chinese
thivien_Phan-Thúc-Trực_Trường-trung-tạp-vịnh-kỳ-2_raw.html,簾前草色青,Chinese
thivien_Phan-Thúc-Trực_Trường-trung-tạp-vịnh-kỳ-2_raw.html,逸響故丁丁,Chinese
thivien_Phan-Thúc-Trực_Tại-kinh-thị-chúng-tử_raw.html,江山千里我心勞,Chinese
thivien_Phan-Thúc-Trực_Tại-kinh-thị-chúng-tử_raw.html,欲製新衣寄爾曹,Chinese
thivien_Phan-Thúc-Trực_Tại-kinh-thị-chúng-tử_raw.html,佩服還如相對面,Chinese
thivien_Phan-Thúc-Trực_Từ-thí_raw.html,不赴今秋選,Chinese
thivien_Phan-Thúc-Trực_Từ-thí_raw.html,無人會此情,Chinese
thivien_Phan-Thúc-Trực_Từ-thí_raw.html,故妻方在日,Chinese
thivien_Phan-Thúc-Trực_Từ-thí_raw.html,望我早成名,Chinese
thivien_Phan-Thúc-Trực_Vãng-bái-phụ-oanh_raw.html,先人墳墓在,Chinese
thivien_Phan-Thúc-Trực_Vãng-bái-phụ-oanh_raw.html,舊昔悲青草,Chinese
thivien_Phan-Thúc-Trực_Vãng-bái-phụ-oanh_raw.html,深情怨白雲,Chinese
thivien_Phan-Thúc-Trực_Vãng-bái-phụ-oanh_raw.html,掌珍懷底事,Chinese
thivien_Phan-Thúc-Trực_Vãng-bái-phụ-oanh_raw.html,手澤係遺文,Chinese
thivien_Phan-Thúc-Trực_Vãng-bái-phụ-oanh_raw.html,罔極恩難報,Chinese
thivien_Phan-Thúc-Trực_Vãng-bái-phụ-oanh_raw.html,悠悠泣昊旻,Chinese
thivien_Phan-Tế_Dạ-trú-Bà-Đanh-tự_raw.html,船中難臥在江濱,Chinese
thivien_Phan-Tế_Dạ-trú-Bà-Đanh-tự_raw.html,暮落鐘聲水畔沉,Chinese
thivien_Phan-Tế_Dạ-trú-Bà-Đanh-tự_raw.html,楊柳婆丁居立邑,Chinese
thivien_Phan-Tế_Dạ-trú-Bà-Đanh-tự_raw.html,思源香火年年保,Chinese
thivien_Phan-Văn-Ái_Hương-Sơn-thi_raw.html,雲自無心石自頑,Chinese
thivien_Phan-Văn-Ái_Hương-Sơn-thi_raw.html,洞中天地別人間,Chinese
thivien_Phan-Văn-Ái_Hương-Sơn-thi_raw.html,陸奇水怪全歸佛,Chinese
thivien_Phan-Văn-Ái_Hương-Sơn-thi_raw.html,燈影鍾聲不出山,Chinese
thivien_Phan-Văn-Ái_Hương-Sơn-thi_raw.html,梵鐸夜寒靈鳥警,Chinese
thivien_Phan-Văn-Ái_Trấn-Vũ-miếu_raw.html,三百餘年古像存,Chinese
thivien_Phan-Văn-Ái_Trấn-Vũ-miếu_raw.html,樓臺高壓鳳城垣,Chinese
thivien_Phan-Văn-Ái_Trấn-Vũ-miếu_raw.html,東京風物西湖勝,Chinese
thivien_Phan-Văn-Ái_Trấn-Vũ-miếu_raw.html,南國神靈鎮北尊,Chinese
thivien_Phan-Văn-Ái_Trấn-Vũ-miếu_raw.html,清夜斗牛浮劍氣,Chinese
thivien_Phan-Văn-Ái_Trấn-Vũ-miếu_raw.html,江山平遠開新畫,Chinese
thivien_Phùng-Khắc-Khoan_Mộng-phú-tảo-mai_raw.html,七日氣方來復始,Chinese
thivien_Phùng-Khắc-Khoan_Mộng-phú-tảo-mai_raw.html,一枝花已放南邊,Chinese
thivien_Phùng-Khắc-Khoan_Mộng-phú-tảo-mai_raw.html,占春調鼎孚時用,Chinese
thivien_Phùng-Khắc-Khoan_Đáo-Hội-Đồng-quán-kiến-Trình-phó-sứ_raw.html,纔相見似旧相親,Chinese
thivien_Phùng-Khắc-Khoan_Đáo-Hội-Đồng-quán-kiến-Trình-phó-sứ_raw.html,北南兼愛皇王德,Chinese
thivien_Phùng-Khắc-Khoan_Đáo-Hội-Đồng-quán-kiến-Trình-phó-sứ_raw.html,願骵仁同一視仁,Chinese
thivien_Phạm-Công-Trứ-I_Hộ-giá-chinh-Thuận-Hoá-kỷ-hành-Thần-Phù-sơn_raw.html,天地鐘靈啓上都,Chinese
thivien_Phạm-Công-Trứ-I_Hộ-giá-chinh-Thuận-Hoá-kỷ-hành-Thần-Phù-sơn_raw.html,長山一帶號神符,Chinese
thivien_Phạm-Công-Trứ-I_Hộ-giá-chinh-Thuận-Hoá-kỷ-hành-Thần-Phù-sơn_raw.html,峰攢屹屹撑雲表,Chinese
thivien_Phạm-Công-Trứ-I_Hộ-giá-chinh-Thuận-Hoá-kỷ-hành-Thần-Phù-sơn_raw.html,壁立層層到海隅,Chinese
thivien_Phạm-Công-Trứ-I_Hộ-giá-chinh-Thuận-Hoá-kỷ-hành-Thần-Phù-sơn_raw.html,槊嶺冗肱扶國脈,Chinese
thivien_Phạm-Công-Trứ-I_Hộ-giá-chinh-Thuận-Hoá-kỷ-hành-Thần-Phù-sơn_raw.html,藍鄉城郭壯皇圖,Chinese
thivien_Phạm-Công-Trứ-I_Hộ-giá-chinh-Thuận-Hoá-kỷ-hành-Thần-Phù-sơn_raw.html,徐式休談事有無,Chinese
thivien_Phạm-Khiêm-Ích_Tạ-Lưỡng-Quảng-tổng-đốc-Khổng-công-kỳ-2_raw.html,旅幣尋常效簿來,Chinese
thivien_Phạm-Khiêm-Ích_Tạ-Lưỡng-Quảng-tổng-đốc-Khổng-công-kỳ-2_raw.html,湛恩今仰体柔懷,Chinese
thivien_Phạm-Khiêm-Ích_Tạ-Lưỡng-Quảng-tổng-đốc-Khổng-công-kỳ-2_raw.html,觀光辱荷金鞍貺,Chinese
thivien_Phạm-Khiêm-Ích_Tạ-Lưỡng-Quảng-tổng-đốc-Khổng-công-kỳ-2_raw.html,醉德均叨綺席陪,Chinese
thivien_Phạm-Khiêm-Ích_Tạ-Lưỡng-Quảng-tổng-đốc-Khổng-công-kỳ-2_raw.html,久沐周仁覃海嶠,Chinese
thivien_Phạm-Khiêm-Ích_Tạ-Lưỡng-Quảng-tổng-đốc-Khổng-công-kỳ-2_raw.html,重欣夏貢達江淮,Chinese
thivien_Phạm-Khiêm-Ích_Tạ-Lưỡng-Quảng-tổng-đốc-Khổng-công-kỳ-2_raw.html,蘩薇靜覺無涯答,Chinese
thivien_Phạm-Khiêm-Ích_Tạ-Lưỡng-Quảng-tổng-đốc-Khổng-công-kỳ-2_raw.html,萬壽惟賡南有台,Chinese
thivien_Phạm-Nguyễn-Du_Chu-tại-Kinh-Tiêu-đãi-triều-ngẫu-thành_raw.html,江山滿目懶題評,Chinese
thivien_Phạm-Nguyễn-Du_Chu-tại-Kinh-Tiêu-đãi-triều-ngẫu-thành_raw.html,笑渠自是情癡甚,Chinese
thivien_Phạm-Nguyễn-Du_Chu-tại-Kinh-Tiêu-đãi-triều-ngẫu-thành_raw.html,故欲留連緩我行,Chinese
thivien_Phạm-Nguyễn-Du_Ngũ-nguyệt-sơ-nhất-ngộ-tái-sóc-chúc-văn_raw.html,初朔在室,Chinese
thivien_Phạm-Nguyễn-Du_Ngũ-nguyệt-sơ-nhất-ngộ-tái-sóc-chúc-văn_raw.html,流水一帶,Chinese
thivien_Phạm-Nguyễn-Du_Ngũ-nguyệt-sơ-nhất-ngộ-tái-sóc-chúc-văn_raw.html,高山兩邊,Chinese
thivien_Phạm-Nguyễn-Du_Ngũ-nguyệt-sơ-nhất-ngộ-tái-sóc-chúc-văn_raw.html,獨撫空絃,Chinese
thivien_Phạm-Nguyễn-Du_Sơ-cửu-nhật-ngộ-vũ_raw.html,野吹飄簫掠矮墻,Chinese
thivien_Phạm-Nguyễn-Du_Sơ-cửu-nhật-ngộ-vũ_raw.html,可堪朝雨留征棹,Chinese
thivien_Phạm-Nguyễn-Du_Sơ-ngũ-nhật-trực-đoan-ngọ-tiết-tể-sinh-vi-lễ-nhân-thành-tam-luật-kỳ-1_raw.html,客中端午蓋年年,Chinese
thivien_Phạm-Nguyễn-Du_Sơ-ngũ-nhật-trực-đoan-ngọ-tiết-tể-sinh-vi-lễ-nhân-thành-tam-luật-kỳ-1_raw.html,文字無神生死骨,Chinese
thivien_Phạm-Nguyễn-Du_Sơ-ngũ-nhật-trực-đoan-ngọ-tiết-tể-sinh-vi-lễ-nhân-thành-tam-luật-kỳ-1_raw.html,江山有恨葬良緣,Chinese
thivien_Phạm-Nguyễn-Du_Sơ-ngũ-nhật-trực-đoan-ngọ-tiết-tể-sinh-vi-lễ-nhân-thành-tam-luật-kỳ-1_raw.html,他鄉不欲高聲哭,Chinese
thivien_Phạm-Nguyễn-Du_Sơ-ngũ-nhật-trực-đoan-ngọ-tiết-tể-sinh-vi-lễ-nhân-thành-tam-luật-kỳ-1_raw.html,悶思仍逢俗口喧,Chinese
thivien_Phạm-Nguyễn-Du_Sơ-ngũ-nhật-trực-đoan-ngọ-tiết-tể-sinh-vi-lễ-nhân-thành-tam-luật-kỳ-1_raw.html,想今已示廣寒仙,Chinese
thivien_Phạm-Nhữ-Dực_Dư-nhiếp-Tân-An-quận-giáo-chu-tam-duyệt-tuế-thuỷ-tập-thảo-đường-tài-tất-công-nhi-ngộ-binh-tiển-cảm_raw.html,攝教三年官舍無,Chinese
thivien_Phạm-Nhữ-Dực_Dư-nhiếp-Tân-An-quận-giáo-chu-tam-duyệt-tuế-thuỷ-tập-thảo-đường-tài-tất-công-nhi-ngộ-binh-tiển-cảm_raw.html,明倫堂宇經營始,Chinese
thivien_Phạm-Nhữ-Dực_Dư-nhiếp-Tân-An-quận-giáo-chu-tam-duyệt-tuế-thuỷ-tập-thảo-đường-tài-tất-công-nhi-ngộ-binh-tiển-cảm_raw.html,夜息茅亭樸斲初,Chinese
thivien_Phạm-Nhữ-Dực_Dư-nhiếp-Tân-An-quận-giáo-chu-tam-duyệt-tuế-thuỷ-tập-thảo-đường-tài-tất-công-nhi-ngộ-binh-tiển-cảm_raw.html,未及半床聽夜雨,Chinese
thivien_Phạm-Nhữ-Dực_Dư-nhiếp-Tân-An-quận-giáo-chu-tam-duyệt-tuế-thuỷ-tập-thảo-đường-tài-tất-công-nhi-ngộ-binh-tiển-cảm_raw.html,可憐一炬更煙墟,Chinese
thivien_Phạm-Nhữ-Dực_Dư-nhiếp-Tân-An-quận-giáo-chu-tam-duyệt-tuế-thuỷ-tập-thảo-đường-tài-tất-công-nhi-ngộ-binh-tiển-cảm_raw.html,感舊令人賦子虛,Chinese
thivien_Phạm-Nhữ-Dực_Đề-tân-học-quán_raw.html,文軌方今四海同,Chinese
thivien_Phạm-Nhữ-Dực_Đề-tân-học-quán_raw.html,家家教子事儒宮,Chinese
thivien_Phạm-Nhữ-Dực_Đề-tân-học-quán_raw.html,書樓縹緲凌晴霧,Chinese
thivien_Phạm-Nhữ-Dực_Đề-tân-học-quán_raw.html,講席清高占午風,Chinese
thivien_Phạm-Nhữ-Dực_Đề-tân-học-quán_raw.html,濟濟佩衾應儼雅,Chinese
thivien_Phạm-Quý-Thích_Thư-hoài_raw.html,故國山何已大殊,Chinese
thivien_Phạm-Quý-Thích_Thư-hoài_raw.html,故園松菊半荒蕪,Chinese
thivien_Phạm-Quý-Thích_Thư-hoài_raw.html,茫茫天地還逋客,Chinese
thivien_Phạm-Quý-Thích_Thư-hoài_raw.html,擾擾風塵自腐儒,Chinese
thivien_Phạm-Quý-Thích_Thư-hoài_raw.html,病骨平分秋嶺瘦,Chinese
thivien_Phạm-Quý-Thích_Thư-hoài_raw.html,有人勸我杯中趣,Chinese
thivien_Phạm-Quý-Thích_Thư-hoài_raw.html,為問三閭肯醉無,Chinese
thivien_Phạm-Sư-Mạnh_Đăng-Thiên-Kỳ-sơn-lưu-đề-kỳ-1_raw.html,東潮多有好江山,Chinese
thivien_Phạm-Sư-Mạnh_Đăng-Thiên-Kỳ-sơn-lưu-đề-kỳ-1_raw.html,苦戀明時敢乞閒,Chinese
thivien_Phạm-Sư-Mạnh_Đăng-Thiên-Kỳ-sơn-lưu-đề-kỳ-1_raw.html,綠暗鶴田今再到,Chinese
thivien_Phạm-Sư-Mạnh_Đăng-Thiên-Kỳ-sơn-lưu-đề-kỳ-1_raw.html,雲深龍御杳難攀,Chinese
thivien_Phạm-Sư-Mạnh_Đăng-Thiên-Kỳ-sơn-lưu-đề-kỳ-1_raw.html,風軒水檻蒼苔古,Chinese
thivien_Phạm-Sư-Mạnh_Đăng-Thiên-Kỳ-sơn-lưu-đề-kỳ-1_raw.html,竹徑華蹊錦石班,Chinese
thivien_Phạm-Sư-Mạnh_Đăng-Thiên-Kỳ-sơn-lưu-đề-kỳ-1_raw.html,曾是先皇遊賞地,Chinese
thivien_Phạm-Sư-Mạnh_Đăng-Thiên-Kỳ-sơn-lưu-đề-kỳ-1_raw.html,春來愁思最相關,Chinese
thivien_Phạm-Thận-Duật_Cung-hoạ-ngự-chế-nguyên-vận-Vịnh-bồn-trung-tiểu-mai-kỳ-2_raw.html,瓊姿移向玉階旁,Chinese
thivien_Phạm-Thận-Duật_Cung-hoạ-ngự-chế-nguyên-vận-Vịnh-bồn-trung-tiểu-mai-kỳ-2_raw.html,定信春來先結子,Chinese
thivien_Phạm-Thận-Duật_Cung-hoạ-ngự-chế-nguyên-vận-Vịnh-bồn-trung-tiểu-mai-kỳ-2_raw.html,品高宮柳御溝楊,Chinese
thivien_Phạm-Thận-Duật_Cung-hoạ-ngự-chế-nguyên-vận-Vịnh-bồn-trung-tiểu-mai-kỳ-3_raw.html,羅浮何事苦相尋,Chinese
thivien_Phạm-Thận-Duật_Cung-hoạ-ngự-chế-nguyên-vận-Vịnh-bồn-trung-tiểu-mai-kỳ-3_raw.html,質小容癯清自貴,Chinese
thivien_Phạm-Thận-Duật_Thư-tặng-Thanh-quốc-Phùng-suý-vãng-tiễu-Ngô-Côn-phỉ-đảng-kỳ-3_raw.html,野性難川納,Chinese
thivien_Phạm-Thận-Duật_Thư-tặng-Thanh-quốc-Phùng-suý-vãng-tiễu-Ngô-Côn-phỉ-đảng-kỳ-3_raw.html,山功轉簣虧,Chinese
thivien_Phạm-Thận-Duật_Thư-tặng-Thanh-quốc-Phùng-suý-vãng-tiễu-Ngô-Côn-phỉ-đảng-kỳ-3_raw.html,殲渠諸將倦,Chinese
thivien_Phạm-Thận-Duật_Thư-tặng-Thanh-quốc-Phùng-suý-vãng-tiễu-Ngô-Côn-phỉ-đảng-kỳ-3_raw.html,狼沉未定期,Chinese
thivien_Phạm-Thận-Duật_Thư-tặng-Thanh-quốc-Phùng-suý-vãng-tiễu-Ngô-Côn-phỉ-đảng-kỳ-3_raw.html,自慚東道主,Chinese
thivien_Phạm-Thận-Duật_Thư-tặng-Thanh-quốc-Phùng-suý-vãng-tiễu-Ngô-Côn-phỉ-đảng-kỳ-3_raw.html,深望丈人師,Chinese
thivien_Phạm-Tông-Mại_Lâm-chung-thị-ý_raw.html,自從謫落下人間,Chinese
thivien_Phạm-Tông-Mại_Lâm-chung-thị-ý_raw.html,六十餘年一瞬看,Chinese
thivien_Phạm-Tông-Mại_Lâm-chung-thị-ý_raw.html,朝真依舊徬欗杆,Chinese
thivien_Phạm-Tông-Mại_Nhàn-cư-đề-thuỷ-mặc-trướng-tử-tiểu-cảnh_raw.html,紅樹一溪流水,Chinese
thivien_Phạm-Tông-Mại_Nhàn-cư-đề-thuỷ-mặc-trướng-tử-tiểu-cảnh_raw.html,青山千里斜陽,Chinese
thivien_Phạm-Tông-Mại_Nhàn-cư-đề-thuỷ-mặc-trướng-tử-tiểu-cảnh_raw.html,欲喚扁舟歸去,Chinese
thivien_Phạm-Tông-Mại_Nhàn-cư-đề-thuỷ-mặc-trướng-tử-tiểu-cảnh_raw.html,此生未卜行藏,Chinese
thivien_Phạm-Tông-Mại_Phỏng-tăng_raw.html,罷脫塵中簿牒忙,Chinese
thivien_Phạm-Tông-Mại_Phỏng-tăng_raw.html,暫攜僚吏訪僧房,Chinese
thivien_Phạm-Tông-Mại_Phỏng-tăng_raw.html,碧溪雪凈茶甌爽,Chinese
thivien_Phạm-Tông-Mại_Phỏng-tăng_raw.html,紅樹風多竹院涼,Chinese
thivien_Phạm-Tông-Mại_Phỏng-tăng_raw.html,徐步要窮終日興,Chinese
thivien_Phạm-Tông-Mại_Phỏng-tăng_raw.html,清談為解十年狂,Chinese
thivien_Phạm-Tông-Mại_Phỏng-tăng_raw.html,詩禪勘破聊歸去,Chinese
thivien_Phạm-Tông-Ngộ_Yết-Vạn-Tải-từ-đường_raw.html,重門不掩雞聲午,Chinese
thivien_Phạm-Tông-Ngộ_Yết-Vạn-Tải-từ-đường_raw.html,落花滿地紅無主,Chinese
thivien_Phạm-Tông-Ngộ_Yết-Vạn-Tải-từ-đường_raw.html,荒涼故里木千章,Chinese
thivien_Phạm-Tông-Ngộ_Yết-Vạn-Tải-từ-đường_raw.html,寂寞空山煙一縷,Chinese
thivien_Phạm-Tông-Ngộ_Yết-Vạn-Tải-từ-đường_raw.html,客來感舊不勝情,Chinese
thivien_Phạm-Tông-Ngộ_Yết-Vạn-Tải-từ-đường_raw.html,謁罷叢祠淚如雨,Chinese
thivien_Phạm-Đình-Hổ_Ký-Nguyễn-Thạch-Hiên_raw.html,世誼交情得地疏,Chinese
thivien_Phạm-Đình-Hổ_Ký-Nguyễn-Thạch-Hiên_raw.html,樂土喜君居有竹,Chinese
thivien_Phạm-Đình-Hổ_Ký-Nguyễn-Thạch-Hiên_raw.html,他鄉笑我食無魚,Chinese
thivien_Phạm-Đình-Hổ_Ký-Nguyễn-Thạch-Hiên_raw.html,繁華事属三春夢,Chinese
thivien_Phạm-Đình-Hổ_Ký-Nguyễn-Thạch-Hiên_raw.html,雲樹情隨一紙書,Chinese
thivien_Phạm-Đình-Hổ_Ký-Nguyễn-Thạch-Hiên_raw.html,憑語天涯求志者,Chinese
thivien_Phạm-Đình-Hổ_Ký-Nguyễn-Thạch-Hiên_raw.html,可能閒訪浣花居,Chinese
thivien_Phạm-Đình-Hổ_Quy-cố-viên-hương_raw.html,斷梗飄逢歲兩周,Chinese
thivien_Phạm-Đình-Hổ_Quy-cố-viên-hương_raw.html,衰瓢重作故鄉遊,Chinese
thivien_Phạm-Đình-Hổ_Quy-cố-viên-hương_raw.html,叢荊修竹相高下,Chinese
thivien_Phạm-Đình-Hổ_Quy-cố-viên-hương_raw.html,幽草荒丘半有無,Chinese
thivien_Phạm-Đình-Hổ_Quy-cố-viên-hương_raw.html,征鶩影和朝靄色,Chinese
thivien_Phạm-Đình-Hổ_Quy-cố-viên-hương_raw.html,孤蟬清入夕陽秋,Chinese
thivien_Phạm-Đình-Hổ_Quy-cố-viên-hương_raw.html,憑欄回想當年事,Chinese
thivien_Phạm-Đình-Hổ_Túc-Hạ-Bì_raw.html,歲入小春霜氣緊,Chinese
thivien_Phạm-Đình-Hổ_Túc-Hạ-Bì_raw.html,萬里誰知遊子心,Chinese
thivien_Phạm-Đình-Hổ_Túc-Hạ-Bì_raw.html,地接故鄉空有夢,Chinese
thivien_Phạm-Đình-Hổ_Túc-Hạ-Bì_raw.html,風吹旅橐更無金,Chinese
thivien_Phạm-Đình-Hổ_Túc-Hạ-Bì_raw.html,淒涼一枕眠還起,Chinese
thivien_Phạm-Đình-Hổ_Túc-Hạ-Bì_raw.html,剪得寒燈夜已深,Chinese
thivien_Thái-Thuận_Bồn-Man-đạo-trung-chinh-tây-thời-hành_raw.html,青青獨有松岩樹,Chinese
thivien_Thái-Thuận_Bồn-Man-đạo-trung-chinh-tây-thời-hành_raw.html,到處秋聲落鼓鼙,Chinese
thivien_Thái-Thuận_Chí-Linh-đông-nhật_raw.html,殘日梅花客裡通,Chinese
thivien_Thái-Thuận_Chí-Linh-đông-nhật_raw.html,樽前淡酒興爭濃,Chinese
thivien_Thái-Thuận_Chí-Linh-đông-nhật_raw.html,群木陰陰亦似松,Chinese
thivien_Thái-Thuận_Lão-Nhạn-mộ-cảnh_raw.html,南海潮生江水流,Chinese
thivien_Thái-Thuận_Lão-Nhạn-mộ-cảnh_raw.html,梅花遙送笛聲秋,Chinese
thivien_Thái-Thuận_Lão-Nhạn-mộ-cảnh_raw.html,落霞孤鷺吟邊酒,Chinese
thivien_Thái-Thuận_Lão-Nhạn-mộ-cảnh_raw.html,碧水青山客裏舟,Chinese
thivien_Thái-Thuận_Lão-Nhạn-mộ-cảnh_raw.html,拋舍離聲雲渡鴈,Chinese
thivien_Thái-Thuận_Lão-Nhạn-mộ-cảnh_raw.html,瀍溪暝色樹歸鷗,Chinese
thivien_Thái-Thuận_Lão-Nhạn-mộ-cảnh_raw.html,腰錢謾有揚州憶,Chinese
thivien_Thái-Thuận_Lão-Nhạn-mộ-cảnh_raw.html,未必揚州勝此州,Chinese
thivien_Thái-Thuận_Phong_raw.html,珠簾捲起半參差,Chinese
thivien_Thái-Thuận_Phong_raw.html,借問從頭總不知,Chinese
thivien_Thái-Thuận_Phong_raw.html,涼思傍花紅弄影,Chinese
thivien_Thái-Thuận_Phong_raw.html,寒聲到竹翠低枝,Chinese
thivien_Thái-Thuận_Phong_raw.html,八牕塵世閒中遣,Chinese
thivien_Thái-Thuận_Phong_raw.html,一枕羲皇分外移,Chinese
thivien_Thái-Thuận_Phong_raw.html,卻笑雌雄分太別,Chinese
thivien_Thái-Thuận_Phong_raw.html,茫茫天地滅誰私,Chinese
thivien_Thái-Thuận_Thanh-Hoa-thành-thu-tịch_raw.html,一曲欄杆夜五更,Chinese
thivien_Thái-Thuận_Thanh-Hoa-thành-thu-tịch_raw.html,江山萬里同明月,Chinese
thivien_Thái-Thuận_Thanh-Hoa-thành-thu-tịch_raw.html,秋在人間砧杵聲,Chinese
thivien_Thái-Thuận_Thần-Phù-ngộ-vũ_raw.html,大風忽起雨冥冥,Chinese
thivien_Thái-Thuận_Thần-Phù-ngộ-vũ_raw.html,灓沃船頭似建瓴,Chinese
thivien_Thái-Thuận_Thần-Phù-ngộ-vũ_raw.html,波濤翻海鼓雷霆,Chinese
thivien_Thái-Thuận_Thần-Phù-ngộ-vũ_raw.html,農夫卻笠倚山館,Chinese
thivien_Thái-Thuận_Thần-Phù-ngộ-vũ_raw.html,行客維舟上野亭,Chinese
thivien_Thái-Thuận_Thần-Phù-ngộ-vũ_raw.html,魚龍吹浪水雲腥,Chinese
thivien_Thái-Thuận_Tảo-khởi_raw.html,三千客夢曲肱餘,Chinese
thivien_Thái-Thuận_Tảo-khởi_raw.html,一辨清香數卷書,Chinese
thivien_Thái-Thuận_Tảo-khởi_raw.html,院宇蛩聲霜落後,Chinese
thivien_Thái-Thuận_Tảo-khởi_raw.html,分外功名付太虛,Chinese
thivien_Thái-Thuận_Tảo-khởi_raw.html,村北村南雞喔喔,Chinese
thivien_Thái-Thuận_Tảo-khởi_raw.html,仰瞻星斗整朝裾,Chinese
thivien_Thái-Thuận_Tử-quy-chi-thượng-nguyệt-tam-canh_raw.html,碧天如水夜漫漫,Chinese
thivien_Thái-Thuận_Tử-quy-chi-thượng-nguyệt-tam-canh_raw.html,杜宇聲中月色瀾,Chinese
thivien_Thái-Thuận_Tử-quy-chi-thượng-nguyệt-tam-canh_raw.html,燈暗幾家人正寂,Chinese
thivien_Thái-Thuận_Tử-quy-chi-thượng-nguyệt-tam-canh_raw.html,酒醒孤館客初寒,Chinese
thivien_Thái-Thuận_Tử-quy-chi-thượng-nguyệt-tam-canh_raw.html,故國多情入夢難,Chinese
thivien_Thái-Thuận_Tử-quy-chi-thượng-nguyệt-tam-canh_raw.html,阿誰倚得玉欄杆,Chinese
thivien_Thái-Thuận_Vọng-Phu-sơn_raw.html,化石山頭幾夕曛,Chinese
thivien_Thái-Thuận_Vọng-Phu-sơn_raw.html,傷心無路更逢君,Chinese
thivien_Thái-Thuận_Vọng-Phu-sơn_raw.html,天崖目斷年年月,Chinese
thivien_Thái-Thuận_Vọng-Phu-sơn_raw.html,江上魂消暮暮雲,Chinese
thivien_Thái-Thuận_Vọng-Phu-sơn_raw.html,離情萬種草煙雰,Chinese
thivien_Thái-Thuận_Vọng-Phu-sơn_raw.html,湘妃若識相思苦,Chinese
thivien_Thái-Thuận_Vọng-Phu-sơn_raw.html,不惜哀絃寄予聞,Chinese
thivien_Thái-Thuận_Xuân-hiểu_raw.html,窗外雲如幕,Chinese
thivien_Thái-Thuận_Xuân-hiểu_raw.html,空中雨似塵,Chinese
thivien_Thái-Thuận_Xuân-hiểu_raw.html,草色欲圍人,Chinese
thivien_Thái-Thuận_Xuân-hiểu_raw.html,遊子吟風月,Chinese
thivien_Thái-Thuận_Xuân-hiểu_raw.html,誰能報得春,Chinese
thivien_Thân-Nhân-Trung_Phụng-hoạ-ngự-chế-Tư-gia-tướng-sĩ-thi_raw.html,可憐愁影鏡中孤,Chinese
thivien_Thân-Nhân-Trung_Phụng-hoạ-ngự-chế-Tư-gia-tướng-sĩ-thi_raw.html,誰知壯志馳驅日,Chinese
thivien_Thân-Nhân-Trung_Phụng-hoạ-ngự-chế-Tư-gia-tướng-sĩ-thi_raw.html,翻作柔腸契闊秋,Chinese
thivien_Thân-Nhân-Trung_Phụng-hoạ-ngự-chế-Tư-gia-tướng-sĩ-thi_raw.html,蝶夢三庚隨處有,Chinese
thivien_Thân-Nhân-Trung_Phụng-hoạ-ngự-chế-Tư-gia-tướng-sĩ-thi_raw.html,離鶯別鶴休賡曲,Chinese
thivien_Thân-Nhân-Trung_Phụng-hoạ-ngự-chế-Tư-gia-tướng-sĩ-thi_raw.html,自古男兒志九州,Chinese
thivien_Trình-Thuấn-Du_Hạ-tiệp_raw.html,苦被狂蠻賊我民,Chinese
thivien_Trình-Thuấn-Du_Hạ-tiệp_raw.html,九重軫慮急西巡,Chinese
thivien_Trình-Thuấn-Du_Hạ-tiệp_raw.html,贔屭橫行鐵象群,Chinese
thivien_Trình-Thuấn-Du_Hạ-tiệp_raw.html,下國謳歌沐聖恩,Chinese
thivien_Trương-Công-Giai_Xuân_raw.html,蒔書漸放祿由生,Chinese
thivien_Trương-Công-Giai_Xuân_raw.html,鸞鳳和親郁義情,Chinese
thivien_Trương-Công-Giai_Xuân_raw.html,人康物盛倍繁榮,Chinese
thivien_Trương-Công-Giai_Xuân_raw.html,知彼知己事必成,Chinese
thivien_Trương-Công-Giai_Xuân_raw.html,故鄉天健萬春青,Chinese
thivien_Trương-Hán-Siêu_Cúc-hoa-bách-vịnh-kỳ-1_raw.html,霜後巡籬摘蕊收,Chinese
thivien_Trần-Anh-Tông_Tống-Độ-Tông_raw.html,邊風瑟瑟逼人寒,Chinese
thivien_Trần-Anh-Tông_Tống-Độ-Tông_raw.html,正是東風盡醉間,Chinese
thivien_Trần-Anh-Tông_Tống-Độ-Tông_raw.html,一日權歸師相手,Chinese
thivien_Trần-Anh-Tông_Tống-Độ-Tông_raw.html,太平天子十年閒,Chinese
thivien_Trần-Anh-Tông_Tứ-hữu-gián-nghị-đại-phu-Trần-Thì-Kiến-hốt-minh_raw.html,泰山貞高,Chinese
thivien_Trần-Anh-Tông_Tứ-hữu-gián-nghị-đại-phu-Trần-Thì-Kiến-hốt-minh_raw.html,象笏貞列,Chinese
thivien_Trần-Anh-Tông_Tứ-hữu-gián-nghị-đại-phu-Trần-Thì-Kiến-hốt-minh_raw.html,靈廌進角,Chinese
thivien_Trần-Anh-Tông_Tứ-hữu-gián-nghị-đại-phu-Trần-Thì-Kiến-hốt-minh_raw.html,為笏難折,Chinese
thivien_Trần-Anh-Tông_Đông-Kiều-vãn-vọng_raw.html,幾度同人少泊船,Chinese
thivien_Trần-Anh-Tông_Đông-Kiều-vãn-vọng_raw.html,唐將歷番留白骨,Chinese
thivien_Trần-Anh-Tông_Đông-Kiều-vãn-vọng_raw.html,珥江常日送青煙,Chinese
thivien_Trần-Anh-Tông_Đông-Kiều-vãn-vọng_raw.html,靈神識得須回國,Chinese
thivien_Trần-Anh-Tông_Đông-Kiều-vãn-vọng_raw.html,見鬼來侵又獲安,Chinese
thivien_Trần-Anh-Tông_Đông-Kiều-vãn-vọng_raw.html,已定帝京當繼古,Chinese
thivien_Trần-Anh-Tông_Đông-Kiều-vãn-vọng_raw.html,從風斷續聽啼鵑,Chinese
thivien_Trần-Bích-San_Bệnh-thuật_raw.html,虛室但教扃小戶,Chinese
thivien_Trần-Bích-San_Bệnh-thuật_raw.html,片帆何日掛天涯,Chinese
thivien_Trần-Bích-San_Bệnh-thuật_raw.html,故知湖海皆吾事,Chinese
thivien_Trần-Bích-San_Bệnh-thuật_raw.html,豈向閨房學女兒,Chinese
thivien_Trần-Bích-San_Bệnh-thuật_raw.html,雪裡羅浮春已到,Chinese
thivien_Trần-Bích-San_Bệnh-thuật_raw.html,瞿梅數點放疏枝,Chinese
thivien_Trần-Bích-San_Dạ-toạ-hữu-hoài_raw.html,瓜洲不遠又闍槃,Chinese
thivien_Trần-Bích-San_Dạ-toạ-hữu-hoài_raw.html,渭江今日高堂夢,Chinese
thivien_Trần-Bích-San_Hải-đào_raw.html,黃堂秋夜夕,Chinese
thivien_Trần-Bích-San_Hải-đào_raw.html,臥聽海濤鳴,Chinese
thivien_Trần-Bích-San_Hải-đào_raw.html,鬼國猶爲硬,Chinese
thivien_Trần-Bích-San_Hải-đào_raw.html,波心自不平,Chinese
thivien_Trần-Bích-San_Ngự-đề-Lưu-hầu_raw.html,雨雪韓仇寸舌鋒,Chinese
thivien_Trần-Bích-San_Ngự-đề-Lưu-hầu_raw.html,仙遊豈戀漢侯封,Chinese
thivien_Trần-Bích-San_Ngự-đề-Lưu-hầu_raw.html,不棄人間棄赤松,Chinese
thivien_Trần-Bích-San_Nha-thoái_raw.html,相識有黃花,Chinese
thivien_Trần-Bích-San_Nha-thoái_raw.html,唘笈來詩聖,Chinese
thivien_Trần-Bích-San_Nha-thoái_raw.html,烹茶走睡魔,Chinese
thivien_Trần-Bích-San_Nha-thoái_raw.html,稚子不思家,Chinese
thivien_Trần-Bích-San_Nha-thoái_raw.html,何處歸飛鳥,Chinese
thivien_Trần-Bích-San_Tạp-thi-kỳ-4_raw.html,吾弟已有婦,Chinese
thivien_Trần-Bích-San_Tạp-thi-kỳ-4_raw.html,安知天一隅,Chinese
thivien_Trần-Bích-San_Tạp-thi-kỳ-4_raw.html,風雲相匹儔,Chinese
thivien_Trần-Bích-San_Tạp-thi-kỳ-4_raw.html,煙水群怡愉,Chinese
thivien_Trần-Danh-Án_Tây-Sơn-hành_raw.html,海宇承平二百年深宮春色鎖嬋娟嫣紅錦褥人眼獨淺翠花裀蝶夢纏不是神仙無對偶,Chinese
thivien_Trần-Danh-Án_Tây-Sơn-hành_raw.html,可堪芳景忽流連紗窗寂寞梅酣雪邃篽離披柳困煙花事闌珊春已矣殘英落絮總堪憐,Chinese
thivien_Trần-Danh-Án_Tây-Sơn-hành_raw.html,鼕鼕何處城邊鼓羯塵漫塞長安路亟夏方旋振葉風深春忽點催花雨鬚眉無膽控危城釵扇將身抵驕虜天王姊婦上公妃不比尋常花巷主,Chinese
thivien_Trần-Danh-Án_Tây-Sơn-hành_raw.html,牙咬肉顫汗如油亂搗胡抽做不住須臾裙帶落新紅暗點春籌翻幾度妾身兩孔似連環瞬息通成一大圈捲襦點閱忽驚訝頏摩不值半文錢黑暗既非前度白縈紆又改舊時圓呼鬟拿甕尿一尿尿水之聲如飛泉飛泉瀲灩去不返陽風打落桃花片桃花嬌怯不勝風風斂花魂猶覺倦,Chinese
thivien_Trần-Danh-Án_Tây-Sơn-hành_raw.html,不會輕挑只會鑽浮世青雲如過客一生幾度托春眠衾裯樂處無夷夏痴徇空名誤玉顏不見錦機脂粉隊西兵去後幾人還誰將此為語姊妹嫁郎及早嫁西山,Chinese
thivien_Trần-Minh-Tông_Giới-am-ngâm_raw.html,休休外覓苦施功,Chinese
thivien_Trần-Minh-Tông_Giới-am-ngâm_raw.html,拂拂鼻孔古今同,Chinese
thivien_Trần-Minh-Tông_Giới-am-ngâm_raw.html,芥庵畢竟無奇物,Chinese
thivien_Trần-Minh-Tông_Giới-am-ngâm_raw.html,只麼眉橫鼻直翁,Chinese
thivien_Trần-Minh-Tông_Vãn-Quán-Viên-Huệ-Nhẫn-quốc-sư_raw.html,夕陽樹下暫維舟,Chinese
thivien_Trần-Minh-Tông_Vãn-Quán-Viên-Huệ-Nhẫn-quốc-sư_raw.html,攜履西歸何處問,Chinese
thivien_Trần-Minh-Tông_Vãn-Quán-Viên-Huệ-Nhẫn-quốc-sư_raw.html,大龍港口水空流,Chinese
thivien_Trần-Nguyên-Đán_Canh-thí-cục-chư-sinh-xướng-thù-giai-vận_raw.html,漢唐二宋又元明,Chinese
thivien_Trần-Nguyên-Đán_Canh-thí-cục-chư-sinh-xướng-thù-giai-vận_raw.html,例設詞科選俊英,Chinese
thivien_Trần-Nguyên-Đán_Canh-thí-cục-chư-sinh-xướng-thù-giai-vận_raw.html,何似聖朝求實學,Chinese
thivien_Trần-Nguyên-Đán_Canh-thí-cục-chư-sinh-xướng-thù-giai-vận_raw.html,當知萬世絕譏評,Chinese
thivien_Trần-Nguyên-Đán_Canh-thí-cục-chư-sinh-xướng-thù-giai-vận_raw.html,殿深乙夜觀書罷,Chinese
thivien_Trần-Nguyên-Đán_Canh-thí-cục-chư-sinh-xướng-thù-giai-vận_raw.html,月滿秋風宿雨晴,Chinese
thivien_Trần-Nguyên-Đán_Canh-thí-cục-chư-sinh-xướng-thù-giai-vận_raw.html,一炷御香通帝闕,Chinese
thivien_Trần-Nguyên-Đán_Canh-thí-cục-chư-sinh-xướng-thù-giai-vận_raw.html,願聞忠孝狀元名,Chinese
thivien_Trần-Nguyên-Đán_Dụng-Đỗ-Tồn-Trai-vận-trình-thí-viện-chư-công_raw.html,回祿號風旋馬廳,Chinese
thivien_Trần-Nguyên-Đán_Dụng-Đỗ-Tồn-Trai-vận-trình-thí-viện-chư-công_raw.html,松庭菊圃絕芳馨,Chinese
thivien_Trần-Nguyên-Đán_Dụng-Đỗ-Tồn-Trai-vận-trình-thí-viện-chư-công_raw.html,不耐秋圍入鎖扃,Chinese
thivien_Trần-Nguyên-Đán_Dụng-Đỗ-Tồn-Trai-vận-trình-thí-viện-chư-công_raw.html,剩喜英才歸藻鑑,Chinese
thivien_Trần-Nguyên-Đán_Dụng-Đỗ-Tồn-Trai-vận-trình-thí-viện-chư-công_raw.html,行看黃榜出朝庭,Chinese
thivien_Trần-Nguyên-Đán_Dụng-Đỗ-Tồn-Trai-vận-trình-thí-viện-chư-công_raw.html,寧將紅沫垂千古,Chinese
thivien_Trần-Nguyên-Đán_Dụng-Đỗ-Tồn-Trai-vận-trình-thí-viện-chư-công_raw.html,懶笑當年謝柳青,Chinese
thivien_Trần-Nguyên-Đán_Thu-nhật_raw.html,臨流茅舍板扉扃,Chinese
thivien_Trần-Nguyên-Đán_Thu-nhật_raw.html,小圃秋深興轉清,Chinese
thivien_Trần-Nguyên-Đán_Thu-nhật_raw.html,松蒼竹瘦老公鄉,Chinese
thivien_Trần-Nguyên-Đán_Thu-nhật_raw.html,雲盡天高眼自明,Chinese
thivien_Trần-Nguyên-Đán_Thu-nhật_raw.html,蒪鱸思遠不禁情,Chinese
thivien_Trần-Ngọc-Dư_Khuyến-nhĩ-tòng-tư_raw.html,勸爾從茲宜改過,Chinese
thivien_Trần-Ngọc-Dư_Lữ-dạ_raw.html,報國丹心夢未成,Chinese
thivien_Trần-Ngọc-Dư_Lữ-dạ_raw.html,獨於旅館對深更,Chinese
thivien_Trần-Ngọc-Dư_Lữ-dạ_raw.html,消愁孤酌三杯酒,Chinese
thivien_Trần-Ngọc-Dư_Lữ-dạ_raw.html,神劍揮來驅黠賊,Chinese
thivien_Trần-Ngọc-Dư_Lữ-dạ_raw.html,大風吹到散雲苹,Chinese
thivien_Trần-Ngọc-Dư_Lữ-dạ_raw.html,洪圖何日能恢復,Chinese
thivien_Trần-Ngọc-Dư_Lữ-dạ_raw.html,孤矢初心慰我生,Chinese
thivien_Trần-Nhân-Tông_Nguyệt_raw.html,半窗燈影滿床書,Chinese
thivien_Trần-Nhân-Tông_Nguyệt_raw.html,露滴秋庭夜氣虛,Chinese
thivien_Trần-Nhân-Tông_Nguyệt_raw.html,睡起砧聲無覓處,Chinese
thivien_Trần-Nhân-Tông_Thiên-Trường-vãn-vọng_raw.html,村後村前淡似煙,Chinese
thivien_Trần-Nhân-Tông_Thiên-Trường-vãn-vọng_raw.html,白鷺雙雙飛下田,Chinese
thivien_Trần-Nhân-Tông_Đăng-Bảo-Đài-sơn_raw.html,地僻臺逾古,Chinese
thivien_Trần-Nhân-Tông_Đăng-Bảo-Đài-sơn_raw.html,時來春未深,Chinese
thivien_Trần-Nhân-Tông_Đăng-Bảo-Đài-sơn_raw.html,雲山相遠近,Chinese
thivien_Trần-Nhân-Tông_Đăng-Bảo-Đài-sơn_raw.html,花徑半晴陰,Chinese
thivien_Trần-Nhân-Tông_Đăng-Bảo-Đài-sơn_raw.html,萬事水流水,Chinese
thivien_Trần-Nhân-Tông_Đăng-Bảo-Đài-sơn_raw.html,倚欄橫玉笛,Chinese
thivien_Trần-Nhân-Tông_Đăng-Bảo-Đài-sơn_raw.html,明月滿胸襟,Chinese
thivien_Trần-Quang-Khải_Đề-dã-thự_raw.html,野墅初開景物新,Chinese
thivien_Trần-Quang-Khải_Đề-dã-thự_raw.html,芬菲桃李四時春,Chinese
thivien_Trần-Quang-Khải_Đề-dã-thự_raw.html,一聲牛笛青樓月,Chinese
thivien_Trần-Quang-Khải_Đề-dã-thự_raw.html,路挽羊腸通紫陌,Chinese
thivien_Trần-Quang-Khải_Đề-dã-thự_raw.html,溪分燕尾斷紅塵,Chinese
thivien_Trần-Quang-Khải_Đề-dã-thự_raw.html,鬼神暗地偷相語,Chinese
thivien_Trần-Đình-Thâm_Vãn-Vương-thiếu-bảo-Nhữ-Chu_raw.html,三孤位重德彌彰,Chinese
thivien_Trần-Đình-Thâm_Vãn-Vương-thiếu-bảo-Nhữ-Chu_raw.html,豈止賢勞扶聖主,Chinese
thivien_Trần-Đình-Thâm_Vãn-Vương-thiếu-bảo-Nhữ-Chu_raw.html,曾將忠藎事先皇,Chinese
thivien_Trần-Đình-Thâm_Vãn-Vương-thiếu-bảo-Nhữ-Chu_raw.html,域山江闊惟寒月,Chinese
thivien_Trần-Đình-Thâm_Vãn-Vương-thiếu-bảo-Nhữ-Chu_raw.html,芹洞雲深只夕陽,Chinese
thivien_Trần-Đình-Thâm_Vãn-Vương-thiếu-bảo-Nhữ-Chu_raw.html,悵望不勝情緒切,Chinese
thivien_Trần-Đình-Tân_Bộ-vận-Phan-mậu-tài-Hạ-vũ-tư-hương-hoạ-chi_raw.html,書齋無事獨盤桓,Chinese
thivien_Trần-Đình-Tân_Bộ-vận-Phan-mậu-tài-Hạ-vũ-tư-hương-hoạ-chi_raw.html,密雨催人思故鄉,Chinese
thivien_Trần-Đình-Tân_Bộ-vận-Phan-mậu-tài-Hạ-vũ-tư-hương-hoạ-chi_raw.html,嶺樹千重雲片片,Chinese
thivien_Trần-Đình-Tân_Bộ-vận-Phan-mậu-tài-Hạ-vũ-tư-hương-hoạ-chi_raw.html,家山萬里霧行行,Chinese
thivien_Trần-Đình-Tân_Bộ-vận-Phan-mậu-tài-Hạ-vũ-tư-hương-hoạ-chi_raw.html,天邊濕雁連聲叫,Chinese
thivien_Trần-Đình-Tân_Bộ-vận-Phan-mậu-tài-Hạ-vũ-tư-hương-hoạ-chi_raw.html,夜半寒蟬亂報忙,Chinese
thivien_Trần-Đình-Tân_Bộ-vận-Phan-mậu-tài-Hạ-vũ-tư-hương-hoạ-chi_raw.html,對景易撩人感景,Chinese
thivien_Trần-Đình-Tân_Bộ-vận-Phan-mậu-tài-Hạ-vũ-tư-hương-hoạ-chi_raw.html,客情愁獨臥沾床,Chinese
thivien_Trần-Đình-Tân_Hoạ-Phan-mậu-tài-thi_raw.html,甲乙花開卯榜同,Chinese
thivien_Trần-Đình-Tân_Hoạ-Phan-mậu-tài-thi_raw.html,北南離索信難通,Chinese
thivien_Trần-Đình-Tân_Hoạ-Phan-mậu-tài-thi_raw.html,鵬抟未遂凌雲志,Chinese
thivien_Trần-Đình-Tân_Hoạ-Phan-mậu-tài-thi_raw.html,豹隱能全自澤功,Chinese
thivien_Trần-Đình-Tân_Hoạ-Phan-mậu-tài-thi_raw.html,鬚髮莫嫌霜占白,Chinese
thivien_Trần-Đình-Tân_Hoạ-Phan-mậu-tài-thi_raw.html,江山共喜日昇紅,Chinese
thivien_Trần-Đình-Tân_Hoạ-Phan-mậu-tài-thi_raw.html,科中結友詩中遇,Chinese
thivien_Trần-Đình-Tân_Hành-hạt-kỷ-sự-kỳ-2_raw.html,旗鼓爭迎到是鄉,Chinese
thivien_Trần-Đình-Tân_Hành-hạt-kỷ-sự-kỳ-2_raw.html,燈燃掩曖送斜陽,Chinese
thivien_Trần-Đình-Tân_Hành-hạt-kỷ-sự-kỳ-2_raw.html,高掛山頭月魄光,Chinese
thivien_Trần-Đình-Tân_Hành-hạt-kỷ-sự-kỳ-2_raw.html,一壺天地入平章,Chinese
thivien_Trần-Đình-Tân_Hành-hạt-kỷ-sự-kỳ-2_raw.html,村庄睡醒紅輪照,Chinese
thivien_Trần-Đình-Tân_Hành-hạt-kỷ-sự-kỳ-2_raw.html,滿目雲山錦繡粧,Chinese
thivien_Trần-Đình-Tân_Hựu-thể_raw.html,百里春風政治家,Chinese
thivien_Trần-Đình-Tân_Hựu-thể_raw.html,春臺早已翕絃歌,Chinese
thivien_Trần-Đình-Tân_Hựu-thể_raw.html,心存寬厚留餘地,Chinese
thivien_Trần-Đình-Tân_Hựu-thể_raw.html,會見隆平帖巨波,Chinese
thivien_Trần-Đình-Tân_Hựu-thể_raw.html,福祿素徵隆盛久,Chinese
thivien_Trần-Đình-Tân_Hựu-thể_raw.html,勤良須信富榮多,Chinese
thivien_Trần-Đình-Tân_Hựu-thể_raw.html,即今雨露憑霑德,Chinese
thivien_Trần-Đình-Tân_Hựu-thể_raw.html,岐路行看鹿夾車,Chinese
thivien_Trần-Đình-Tân_Phụng-hoạ-Bùi-Hữu-Thứ-Du-Thuận-An-kỳ-2-Đại-tấn-thần-yêu-khách_raw.html,名汛風流幾夕陽,Chinese
thivien_Trần-Đình-Tân_Phụng-hoạ-Bùi-Hữu-Thứ-Du-Thuận-An-kỳ-2-Đại-tấn-thần-yêu-khách_raw.html,笑迎遊子惹豐光,Chinese
thivien_Trần-Đình-Tân_Phụng-hoạ-Bùi-Hữu-Thứ-Du-Thuận-An-kỳ-2-Đại-tấn-thần-yêu-khách_raw.html,怡情剩有江天闊,Chinese
thivien_Trần-Đình-Tân_Phụng-hoạ-Bùi-Hữu-Thứ-Du-Thuận-An-kỳ-2-Đại-tấn-thần-yêu-khách_raw.html,供興偏嫌土地荒,Chinese
thivien_Trần-Đình-Tân_Phụng-hoạ-Bùi-Hữu-Thứ-Du-Thuận-An-kỳ-2-Đại-tấn-thần-yêu-khách_raw.html,乘風差似浴沂狂,Chinese
thivien_Trần-Đình-Tân_Phụng-hoạ-Bùi-Hữu-Thứ-Du-Thuận-An-kỳ-2-Đại-tấn-thần-yêu-khách_raw.html,勝情勝具斯兼得,Chinese
thivien_Trần-Đình-Tân_Phụng-hoạ-Bùi-Hữu-Thứ-Du-Thuận-An-kỳ-2-Đại-tấn-thần-yêu-khách_raw.html,為問君應老是鄉,Chinese
thivien_Trần-Đình-Tân_Y-chỉ_raw.html,直欲蘇民瘼先定藥君臣,Chinese
thivien_Trần-Đình-Tân_Y-chỉ_raw.html,為醫等為相活國又活人,Chinese
thivien_Trần-Đình-Tân_Y-chỉ_raw.html,洗滌清腸胃,Chinese
thivien_Trần-Đình-Tân_Y-chỉ_raw.html,補養壯精神,Chinese
thivien_Trần-Đình-Tân_Y-chỉ_raw.html,上醫能醫國強盛日駢臻,Chinese
thivien_Trần-Đình-Tân_Y-chỉ_raw.html,民安而國泰共飲太平春,Chinese
thivien_Trần-Đình-Túc_Vịnh-Phú-Lộc-bát-cảnh-kỳ-6-Linh-Thái_raw.html,胡乃靈蔡却朝洋,Chinese
thivien_Trần-Đình-Túc_Vịnh-Phú-Lộc-bát-cảnh-kỳ-6-Linh-Thái_raw.html,抑向滄溟愛水潮,Chinese
thivien_Trần-Đình-Túc_Vịnh-Phú-Lộc-bát-cảnh-kỳ-6-Linh-Thái_raw.html,抑厭平田出俗態,Chinese
thivien_Trần-Đình-Túc_Vịnh-Phú-Lộc-bát-cảnh-kỳ-6-Linh-Thái_raw.html,有灵旨憂此無情,Chinese
thivien_Trần-Đình-Túc_Vịnh-Phú-Lộc-bát-cảnh-kỳ-6-Linh-Thái_raw.html,南轉峯頭隨虎拜,Chinese
thivien_Trịnh-Hoài-Đức_Gia-Định-tam-thập-cảnh-Ngư-Tân-sơn-thị_raw.html,田禽獵獸充松肆,Chinese
thivien_Trịnh-Hoài-Đức_Gia-Định-tam-thập-cảnh-Ngư-Tân-sơn-thị_raw.html,篦蜆罾魚滿竹坊,Chinese
thivien_Trịnh-Hoài-Đức_Gia-Định-tam-thập-cảnh-Ngư-Tân-sơn-thị_raw.html,買酒樵歸酤店寂,Chinese
thivien_Trịnh-Hoài-Đức_Gia-Định-tam-thập-cảnh-Ngư-Tân-sơn-thị_raw.html,占年農返卜亭荒,Chinese
thivien_Trịnh-Hoài-Đức_Gia-Định-tam-thập-cảnh-Ngư-Tân-sơn-thị_raw.html,舟車幸免憂強盗,Chinese
thivien_Trịnh-Hoài-Đức_Gia-Định-tam-thập-cảnh-Ngư-Tân-sơn-thị_raw.html,林藪英雄任職方,Chinese
thivien_Trịnh-Hoài-Đức_Vũ-Xương-chu-trung-khẩu-tặng-sở-kiến_raw.html,畫鷁慵飛宿柳堤,Chinese
thivien_Trịnh-Hoài-Đức_Vũ-Xương-chu-trung-khẩu-tặng-sở-kiến_raw.html,晴川雲樹轉淒迷,Chinese
thivien_Trịnh-Hoài-Đức_Vũ-Xương-chu-trung-khẩu-tặng-sở-kiến_raw.html,浮萍幸有朱顏顧,Chinese
thivien_Trịnh-Hoài-Đức_Vũ-Xương-chu-trung-khẩu-tặng-sở-kiến_raw.html,流水慚無白雪題,Chinese
thivien_Trịnh-Hoài-Đức_Vũ-Xương-chu-trung-khẩu-tặng-sở-kiến_raw.html,照影若憐梅骨瘦,Chinese
thivien_Trịnh-Hoài-Đức_Vũ-Xương-chu-trung-khẩu-tặng-sở-kiến_raw.html,頻眉如妒月痕低,Chinese
thivien_Trịnh-Hoài-Đức_Vũ-Xương-chu-trung-khẩu-tặng-sở-kiến_raw.html,咫尺樓船瀛海齊,Chinese
thivien_Tuệ-Trung-thượng-sĩ_Ngẫu-tác-II_raw.html,夢起還須仔細看,Chinese
thivien_Tuệ-Trung-thượng-sĩ_Ngẫu-tác-II_raw.html,投機觸目莫瞞肝,Chinese
thivien_Tuệ-Trung-thượng-sĩ_Phật-tâm-ca_raw.html,醒醒著,Chinese
thivien_Tuệ-Trung-thượng-sĩ_Phật-tâm-ca_raw.html,著醒醒,Chinese
thivien_Tuệ-Trung-thượng-sĩ_Phật-tâm-ca_raw.html,四稜踏地勿欹傾,Chinese
thivien_Tuệ-Trung-thượng-sĩ_Phật-tâm-ca_raw.html,高步毗盧頂上行,Chinese
thivien_Tuệ-Trung-thượng-sĩ_Phật-tâm-ca_raw.html,喝,Chinese
thivien_Tuệ-Trung-thượng-sĩ_Thị-học_raw.html,學者紛紛不奈何,Chinese
thivien_Tuệ-Trung-thượng-sĩ_Thị-học_raw.html,報君休倚他門戶,Chinese
thivien_Tuệ-Trung-thượng-sĩ_Thị-học_raw.html,一點春光處處花,Chinese
thivien_Tuệ-Trung-thượng-sĩ_Trì-giới-kiêm-nhẫn-nhục_raw.html,如人上樹時,Chinese
thivien_Tuệ-Trung-thượng-sĩ_Trì-giới-kiêm-nhẫn-nhục_raw.html,風月何所為,Chinese
thivien_Tuệ-Trung-thượng-sĩ_Trừu-thần-ngâm_raw.html,設使聲前兮點頭,Chinese
thivien_Tuệ-Trung-thượng-sĩ_Trừu-thần-ngâm_raw.html,爭奈靴裏兮動趾,Chinese
thivien_Tuệ-Trung-thượng-sĩ_Trừu-thần-ngâm_raw.html,洪爐不鑄兮囊錐,Chinese
thivien_Tuệ-Trung-thượng-sĩ_Trừu-thần-ngâm_raw.html,明珠豈礙兮風波,Chinese
thivien_Tuệ-Trung-thượng-sĩ_Trừu-thần-ngâm_raw.html,正色何妨兮紅紫,Chinese
thivien_Tùng-Thiện-Vương_Mỵ-Châu-từ_raw.html,疏薄煙斜靠柳絲,Chinese
thivien_Tùng-Thiện-Vương_Mỵ-Châu-từ_raw.html,露花如淚滴花枝,Chinese
thivien_Tùng-Thiện-Vương_Mỵ-Châu-từ_raw.html,可憐碧血藏流水,Chinese
thivien_Tùng-Thiện-Vương_Mỵ-Châu-từ_raw.html,羞照奇英海上祠,Chinese
thivien_Tùng-Thiện-Vương_Tự-quân-chi-xuất-hỹ_raw.html,日夜損容光,Chinese
thivien_Viên-Chiếu-thiền-sư_Tâm-không_raw.html,若達心空無色相,Chinese
thivien_Viên-Chiếu-thiền-sư_Tâm-không_raw.html,色空隱現任推移,Chinese
thivien_Vũ-Cố_Tư-Hạc-tiên-sinh_raw.html,尋師學道自親征,Chinese
thivien_Vũ-Cố_Tư-Hạc-tiên-sinh_raw.html,武用師書逐賊明,Chinese
thivien_Vũ-Cố_Tư-Hạc-tiên-sinh_raw.html,邊江四寨截精兵,Chinese
thivien_Vũ-Cố_Tư-Hạc-tiên-sinh_raw.html,合軍聚馬招魂國,Chinese
thivien_Vũ-Cố_Tư-Hạc-tiên-sinh_raw.html,斬敵守鄉盡力情,Chinese
thivien_Vũ-Cố_Tư-Hạc-tiên-sinh_raw.html,大義早從梨主愛,Chinese
thivien_Vũ-Cố_Tư-Hạc-tiên-sinh_raw.html,真誠重道想先生,Chinese
thivien_Vũ-Cố_Đề-Phạm-Ngũ-Lão-từ-thi_raw.html,坐邊塑刺若平安,Chinese
thivien_Vũ-Cố_Đề-Phạm-Ngũ-Lão-từ-thi_raw.html,由悶兵書勝敵軍,Chinese
thivien_Vũ-Cố_Đề-Phạm-Ngũ-Lão-từ-thi_raw.html,志合英雄王節制,Chinese
thivien_Vũ-Cố_Đề-Phạm-Ngũ-Lão-từ-thi_raw.html,變成殿帥武雙文,Chinese
thivien_Vũ-Hoàng-Chương_Khai-xuân-thạch-vấn_raw.html,嬉祝春開夜半瓊,Chinese
thivien_Vũ-Hoàng-Chương_Khai-xuân-thạch-vấn_raw.html,秦桑燕草一河青,Chinese
thivien_Vũ-Hoàng-Chương_Khai-xuân-thạch-vấn_raw.html,儘教故國懷金粉,Chinese
thivien_Vũ-Hoàng-Chương_Khai-xuân-thạch-vấn_raw.html,自有狂言出石屏,Chinese
thivien_Vũ-Hoàng-Chương_Khai-xuân-thạch-vấn_raw.html,頹臥與沙場醉臥,Chinese
thivien_Vũ-Hoàng-Chương_Khai-xuân-thạch-vấn_raw.html,古來誰也占高名,Chinese
thivien_Vũ-Mộng-Nguyên_Tiên-Du-sơn_raw.html,慈山聞說有仙遊,Chinese
thivien_Vũ-Mộng-Nguyên_Tiên-Du-sơn_raw.html,高出諸峰最上頭,Chinese
thivien_Vũ-Mộng-Nguyên_Tiên-Du-sơn_raw.html,人傑地靈傳自古,Chinese
thivien_Vũ-Mộng-Nguyên_Tiên-Du-sơn_raw.html,星移物換幾經秋,Chinese
thivien_Vũ-Mộng-Nguyên_Tiên-Du-sơn_raw.html,爛軻已矣何修辨,Chinese
thivien_Vũ-Mộng-Nguyên_Tiên-Du-sơn_raw.html,碁局悠然莫漫求,Chinese
thivien_Vũ-Mộng-Nguyên_Tiên-Du-sơn_raw.html,乘興晚登寬眼界,Chinese
thivien_Vũ-Mộng-Nguyên_Tiên-Du-sơn_raw.html,五雲深處是皇州,Chinese
thivien_Vũ-Phạm-Hàm_Kỳ-1_raw.html,一官常懼處非才,Chinese
thivien_Vũ-Phạm-Hàm_Kỳ-1_raw.html,坐對寒松手自裁,Chinese
thivien_Vũ-Phạm-Hàm_Kỳ-1_raw.html,只見絲綸終日降,Chinese
thivien_Vũ-Phạm-Hàm_Kỳ-1_raw.html,不知冠蓋幾人迴,Chinese
thivien_Vũ-Phạm-Hàm_Kỳ-1_raw.html,行人自笑不歸去,Chinese
thivien_Vũ-Phạm-Hàm_Kỳ-1_raw.html,往事空成半醉來,Chinese
thivien_Vũ-Phạm-Hàm_Kỳ-1_raw.html,日暮鄉關何處是,Chinese
thivien_Vũ-Phạm-Hàm_Kỳ-1_raw.html,長亭一望一徘徊,Chinese
thivien_Vũ-Phạm-Hàm_Kỳ-26_raw.html,飛鳥空慚倦未還,Chinese
thivien_Vũ-Phạm-Hàm_Kỳ-26_raw.html,乾坤千里水雲間,Chinese
thivien_Vũ-Phạm-Hàm_Kỳ-26_raw.html,擲下離觴指亂山,Chinese
thivien_Vũ-Phạm-Hàm_Kỳ-26_raw.html,算來寧淂此身閑,Chinese
thivien_Vũ-Phạm-Hàm_Kỳ-26_raw.html,且安懷抱莫懤悵,Chinese
thivien_Vũ-Phạm-Hàm_Kỳ-26_raw.html,天上洪鑪帝鑄顏,Chinese
thivien_Vũ-Phạm-Hàm_Kỳ-8_raw.html,人去人來自不同,Chinese
thivien_Vũ-Phạm-Hàm_Kỳ-8_raw.html,榮枯盡寄浮雲外,Chinese
thivien_Vũ-Phạm-Hàm_Kỳ-8_raw.html,暑雨初晴皓月中,Chinese
thivien_Vũ-Phạm-Hàm_Kỳ-8_raw.html,岐路未關今日事,Chinese
thivien_Vũ-Phạm-Hàm_Kỳ-8_raw.html,旌旗猶鎮昔時宮,Chinese
thivien_Vũ-Phạm-Hàm_Kỳ-8_raw.html,已許滄浪作釣翁,Chinese
thivien_Vũ-Quỳnh_Đề-Kim-Âu-sơn-Phong-Công-tự_raw.html,荒山日暮鎖閒雲,Chinese
thivien_Vũ-Quỳnh_Đề-Kim-Âu-sơn-Phong-Công-tự_raw.html,多少尋芳煙寺客,Chinese
thivien_Vũ-Quỳnh_Đề-Kim-Âu-sơn-Phong-Công-tự_raw.html,只懷山水不懷人,Chinese
thivien_Vũ-Tiến-Vinh_Miễn-tử-tôn-hành-thiện-thi_raw.html,善家余慶訓昭經,Chinese
thivien_Vũ-Tiến-Vinh_Miễn-tử-tôn-hành-thiện-thi_raw.html,吾子孫當努力行,Chinese
thivien_Vũ-Tiến-Vinh_Miễn-tử-tôn-hành-thiện-thi_raw.html,勿造惡端耽縱肆,Chinese
thivien_Vũ-Tiến-Vinh_Miễn-tử-tôn-hành-thiện-thi_raw.html,于門車馬闐闐盛,Chinese
thivien_Vũ-Tiến-Vinh_Miễn-tử-tôn-hành-thiện-thi_raw.html,徐戶公候滾滾生,Chinese
thivien_Vũ-Tiến-Vinh_Miễn-tử-tôn-hành-thiện-thi_raw.html,為善信之天報福,Chinese
thivien_Vũ-Tiến-Vinh_Miễn-tử-tôn-hành-thiện-thi_raw.html,存心何待問前程,Chinese
thivien_Vạn-Hạnh-thiền-sư_Thị-đệ-tử_raw.html,身如電影有還無,Chinese
thivien_Vạn-Hạnh-thiền-sư_Thị-đệ-tử_raw.html,萬木春榮秋又枯,Chinese
thivien_Vạn-Hạnh-thiền-sư_Thị-đệ-tử_raw.html,任運盛衰無怖畏,Chinese
thivien_Vạn-Hạnh-thiền-sư_Thị-đệ-tử_raw.html,盛衰如露草頭鋪,Chinese
thivien_Đoàn-Huyên_Hạ-Phan-nghiệp-sư-thất-thập-thọ_raw.html,天留清福相文人,Chinese
thivien_Đoàn-Huyên_Hạ-Phan-nghiệp-sư-thất-thập-thọ_raw.html,歲八千秋始七旬,Chinese
thivien_Đoàn-Huyên_Hạ-Phan-nghiệp-sư-thất-thập-thọ_raw.html,依然翠草座中春,Chinese
thivien_Đoàn-Huyên_Hạ-Phan-nghiệp-sư-thất-thập-thọ_raw.html,慶吾師并慶吾親,Chinese
thivien_Đoàn-Huyên_Khánh-Ninh-cung_raw.html,別館差峨禁禦西,Chinese
thivien_Đoàn-Huyên_Khánh-Ninh-cung_raw.html,參差宮殿與雲齊,Chinese
thivien_Đoàn-Huyên_Khánh-Ninh-cung_raw.html,石河兩面縈如帶,Chinese
thivien_Đoàn-Huyên_Khánh-Ninh-cung_raw.html,水榭三層疊似梯,Chinese
thivien_Đoàn-Huyên_Khánh-Ninh-cung_raw.html,風動檐頭鈐遠近,Chinese
thivien_Đoàn-Huyên_Khánh-Ninh-cung_raw.html,春來牆角樹高低,Chinese
thivien_Đoàn-Huyên_Khánh-Ninh-cung_raw.html,喜逢華旦都無事,Chinese
thivien_Đoàn-Huyên_Khánh-Ninh-cung_raw.html,遊豫辰邀玉輦躋,Chinese
thivien_Đoàn-Huyên_Tiễn-Vĩnh-Trụ-tiến-sĩ-vinh-quy_raw.html,大筆雄文抉漢章,Chinese
thivien_Đoàn-Huyên_Tiễn-Vĩnh-Trụ-tiến-sĩ-vinh-quy_raw.html,青雲得路破天荒,Chinese
thivien_Đoàn-Huyên_Tiễn-Vĩnh-Trụ-tiến-sĩ-vinh-quy_raw.html,禹門魚快三層躍,Chinese
thivien_Đoàn-Huyên_Tiễn-Vĩnh-Trụ-tiến-sĩ-vinh-quy_raw.html,漢表鵬輕萬里翔,Chinese
thivien_Đoàn-Huyên_Tiễn-Vĩnh-Trụ-tiến-sĩ-vinh-quy_raw.html,春苑簪袍宜彩舞,Chinese
thivien_Đoàn-Huyên_Tiễn-Vĩnh-Trụ-tiến-sĩ-vinh-quy_raw.html,瓊筵銀兩當霞觴,Chinese
thivien_Đoàn-Huyên_Tiễn-Vĩnh-Trụ-tiến-sĩ-vinh-quy_raw.html,相迎有訂翻相送,Chinese
thivien_Đoàn-Huyên_Tiễn-Vĩnh-Trụ-tiến-sĩ-vinh-quy_raw.html,別意與君誰短長,Chinese
thivien_Đoàn-Huyên_Tiễn-phủ-viện-Hà-đại-nhân-chi-Lạng-Bằng-tân-thăng_raw.html,北藩重此壯長城,Chinese
thivien_Đoàn-Huyên_Tiễn-phủ-viện-Hà-đại-nhân-chi-Lạng-Bằng-tân-thăng_raw.html,一路人迎舊福星,Chinese
thivien_Đoàn-Huyên_Tiễn-phủ-viện-Hà-đại-nhân-chi-Lạng-Bằng-tân-thăng_raw.html,春腳正回青峒碧,Chinese
thivien_Đoàn-Huyên_Tiễn-phủ-viện-Hà-đại-nhân-chi-Lạng-Bằng-tân-thăng_raw.html,堂陰偏印月湖清,Chinese
thivien_Đoàn-Huyên_Tiễn-phủ-viện-Hà-đại-nhân-chi-Lạng-Bằng-tân-thăng_raw.html,邊閫尤懸國重輕,Chinese
thivien_Đoàn-Huyên_Vãn-hiên-ngẫu-thành_raw.html,拂檻涼初透,Chinese
thivien_Đoàn-Huyên_Vãn-hiên-ngẫu-thành_raw.html,憑欄興未銷,Chinese
thivien_Đoàn-Huyên_Vãn-hiên-ngẫu-thành_raw.html,輕風才動竹,Chinese
thivien_Đoàn-Huyên_Vãn-hiên-ngẫu-thành_raw.html,疏雨但鳴蕉,Chinese
thivien_Đoàn-Huyên_Vãn-hiên-ngẫu-thành_raw.html,蟲聲破寂寥,Chinese
thivien_Đoàn-Huyên_Vãn-hiên-ngẫu-thành_raw.html,南熏時未半,Chinese
thivien_Đoàn-Huyên_Vãn-hiên-ngẫu-thành_raw.html,暮色欲蕭蕭,Chinese
thivien_Đoàn-Huyên_Xuân-nhật-ngự-hà-vãn-diểu_raw.html,漠漠平流擁禁城,Chinese
thivien_Đoàn-Huyên_Xuân-nhật-ngự-hà-vãn-diểu_raw.html,茫茫向晚接天晴,Chinese
thivien_Đoàn-Huyên_Xuân-nhật-ngự-hà-vãn-diểu_raw.html,芳菲別館疑方丈,Chinese
thivien_Đoàn-Huyên_Xuân-nhật-ngự-hà-vãn-diểu_raw.html,澹蕩澄波混太清,Chinese
thivien_Đoàn-Huyên_Xuân-nhật-ngự-hà-vãn-diểu_raw.html,潮帶橫斜花影至,Chinese
thivien_Đoàn-Huyên_Xuân-nhật-ngự-hà-vãn-diểu_raw.html,舟凌明滅夕陽行,Chinese
thivien_Đoàn-Huyên_Xuân-nhật-ngự-hà-vãn-diểu_raw.html,春風拂袖垂楊岸,Chinese
thivien_Đoàn-Huyên_Xuân-nhật-ngự-hà-vãn-diểu_raw.html,一望悠悠發旅情,Chinese
thivien_Đoàn-Huyên_Ất-Hợi-thí-bút_raw.html,冷官三考幾風塵,Chinese
thivien_Đoàn-Huyên_Ất-Hợi-thí-bút_raw.html,班鬢霜髯欲七旬,Chinese
thivien_Đoàn-Huyên_Ất-Hợi-thí-bút_raw.html,松菊偶然參舊徑,Chinese
thivien_Đoàn-Huyên_Ất-Hợi-thí-bút_raw.html,鶯花恰好對新春,Chinese
thivien_Đoàn-Huyên_Ất-Hợi-thí-bút_raw.html,鄰里談心敘故人,Chinese
thivien_Đoàn-Huyên_Ất-Hợi-thí-bút_raw.html,獨是京華游宦子,Chinese
thivien_Đoàn-Huyên_Ất-Hợi-thí-bút_raw.html,適逢佳節正思親,Chinese
thivien_Đoàn-Nguyễn-Tuấn_Quá-Nhĩ-hà-quan-Bắc-binh-cổ-luỹ_raw.html,殺氣衝開萬灶煙,Chinese
thivien_Đoàn-Nguyễn-Tuấn_Quá-Nhĩ-hà-quan-Bắc-binh-cổ-luỹ_raw.html,惟餘畤疊珥河邊,Chinese
thivien_Đoàn-Nguyễn-Tuấn_Quá-Nhĩ-hà-quan-Bắc-binh-cổ-luỹ_raw.html,一度杆戈直倒懸,Chinese
thivien_Đoàn-Nguyễn-Tuấn_Quá-Nhĩ-hà-quan-Bắc-binh-cổ-luỹ_raw.html,五嶺歸魂應萬里,Chinese
thivien_Đoàn-Nguyễn-Tuấn_Quá-Nhĩ-hà-quan-Bắc-binh-cổ-luỹ_raw.html,章陽往事已千年,Chinese
thivien_Đoàn-Nguyễn-Tuấn_Quá-Nhĩ-hà-quan-Bắc-binh-cổ-luỹ_raw.html,解知興計羞川岳,Chinese
thivien_Đoàn-Nguyễn-Tuấn_Quá-Nhĩ-hà-quan-Bắc-binh-cổ-luỹ_raw.html,早向西山送賀箋,Chinese
thivien_Đào-Công-Chính_Đông-tùng-thi_raw.html,四時皆美盡稱長,Chinese
thivien_Đào-Công-Chính_Đông-tùng-thi_raw.html,愛爾堅貞性獨剛,Chinese
thivien_Đào-Công-Chính_Đông-tùng-thi_raw.html,地上生成材冠楚,Chinese
thivien_Đào-Công-Chính_Đông-tùng-thi_raw.html,天中特立節凌霜,Chinese
thivien_Đào-Công-Chính_Đông-tùng-thi_raw.html,北風琴鼓群聲興,Chinese
thivien_Đào-Công-Chính_Đông-tùng-thi_raw.html,東嶺名高萬古香,Chinese
thivien_Đào-Công-Chính_Đông-tùng-thi_raw.html,借問丈夫何大用,Chinese
thivien_Đào-Công-Chính_Đông-tùng-thi_raw.html,於身為棟與為梁,Chinese
thivien_Đào-Tấn_Quý-Mão-trừ-tịch-thư-hoài_raw.html,歲華似驛匆匆往,Chinese
thivien_Đào-Tấn_Quý-Mão-trừ-tịch-thư-hoài_raw.html,鄉夢随春冉冉歸,Chinese
thivien_Đào-Tấn_Quý-Mão-trừ-tịch-thư-hoài_raw.html,自笑浮生週甲子,Chinese
thivien_Đào-Tấn_Quý-Mão-trừ-tịch-thư-hoài_raw.html,未知五十九年非,Chinese
thivien_Đặng-Minh-Bích_Hạ-nhật-từ_raw.html,榴花螢火照書軒,Chinese
thivien_Đặng-Minh-Bích_Hạ-nhật-từ_raw.html,寶篆初消瀋水煙,Chinese
thivien_Đặng-Minh-Bích_Hạ-nhật-từ_raw.html,静掃門庭無俗事,Chinese
thivien_Đặng-Minh-Khiêm_Huyền-Trân-công-chúa_raw.html,和戎一去向天涯,Chinese
thivien_Đặng-Minh-Khiêm_Huyền-Trân-công-chúa_raw.html,失節歸來愧更多,Chinese
thivien_Đặng-Minh-Khiêm_Huyền-Trân-công-chúa_raw.html,海上遅迴從別道,Chinese
thivien_Đặng-Minh-Khiêm_Huyền-Trân-công-chúa_raw.html,媚醯祠下莫經過,Chinese
thivien_Đặng-Minh-Khiêm_Kinh-Dương-Vương_raw.html,玄黃判後世鴻龐,Chinese
thivien_Đặng-Minh-Khiêm_Kinh-Dương-Vương_raw.html,遜國讓兄昭至德,Chinese
thivien_Đặng-Minh-Khiêm_Trần-Quốc-Tuấn_raw.html,懋建重興第一功,Chinese
thivien_Đặng-Minh-Khiêm_Trần-Quốc-Tuấn_raw.html,歿後威猶摧北虜,Chinese
thivien_Đặng-Minh-Khiêm_Trần-Quốc-Tuấn_raw.html,倚天長劍夜鳴風,Chinese
thivien_Đặng-Đề_Lạng-Sơn-thành-hiểu-phát_raw.html,凌晨進發諒山城,Chinese
thivien_Đặng-Đề_Lạng-Sơn-thành-hiểu-phát_raw.html,去去不堪回首望,Chinese
thivien_Đặng-Đề_Lạng-Sơn-thành-hiểu-phát_raw.html,五雲深處是神京,Chinese
thivien_Đặng-Đề_Đặng-Lặc-dịch_raw.html,石嶺連延水路紆,Chinese
thivien_Đặng-Đề_Đặng-Lặc-dịch_raw.html,林窮山盡見平蕪,Chinese
thivien_Đỗ-Khắc-Chung_Vịnh-cúc-kỳ-2_raw.html,重陽摘蕊陶攘醉,Chinese
thivien_Đỗ-Khắc-Chung_Vịnh-cúc-kỳ-2_raw.html,秋夕餐英屈愛香,Chinese
thivien_Đỗ-Khắc-Chung_Vịnh-cúc-kỳ-2_raw.html,天教菊隱出承當,Chinese
tung-tay-ho-phu.no.txt,邏処景西湖邏処景西湖謭仌挆坦勚佂憥牐浪低廏仺沒潄苉白猢侟於刬乄缊龍王阻戼潂大澤畱金牛由侟低化域高王掏振脈皇都曢牐噲淫潭焔泊景噺印星渚冰湖色寅寅染式藍鈎肦洞碧奛瑨匇丠丠形歰歰扝怶勾昰想暈銀淶笹摼岺岺餘懯畝搩俼吝色钘夝边花礊蜫炞盎坦嘑惣鳳群印丗浪臺上月蠺搩吸唅纅拯喼圤噲盞中酥座石塔怒厼仙底宝准土堆箕謩客畕符笌穆郎香帞拯移壦歄法群綋功扒虎縆真武顮湄儍轉旘詟煶群底跡緘踨崘揼怒縆千年妉妉隔岸箕涼万保乯譍座金蓮夲奛味香廚鎮国想印潂靜範行古樹闧剹翚綠場奉天認產趣沂圩玌布丐繤印咜府境堏釘花崜翓廚鐭濽忙羕頂鷲厼箕亼組鵲疜廊叫隻隻牐彷彿肦洞桃渉怒亖曢鐗瑇寨漑嗚嗚炉石塊煵槩翝怾涼日招夲迭吢籶拉垪疜桚蝊鈡船商客唉氈帆徸徸声領頭湖股馭塔高僧群螙翓徂囐榋安泰箳瑇霜整癴,Nom
tung-tay-ho-phu.no.txt,歄宜蚕啯彮搩媭禃柳坡箕哾絲碧彿劥梭鶯嘺侼坊緈錦蓮蠺怒仼錢鈎窻蛧帞猠慳朩社啓炉琴覥壋樓書愌喂榺陁劸案偈杁寗潄珠龍欺彮闧媫媭回戍鼓梄崘边渉竹筃伏象勠暈疩螙刧曢寒砧牐隔踲槣蘇圤玩境矧湶璳斷客收閑來焔曾區摼袄氊泣泣瑇湄歌青草眷彈橮我甯岞船竹鄰邏苉闧曲滄良媫壗檜乴周圍局隱每芸拯少瀓趣戞夝伴蘝琘境看山渚擱局棋峼湶乑徘徊班冷兔廊望市群冬席蔛曢琴它惱訥嶏斜烏客吳楚悪西憹珊察圤羲皇窗北漑呸哺揼眫絲圤卜搩群銾爯蟾蜐瑇壦弄另园椨蕊丗罀霜唉銿覰麝淶撨蓘磸萩昂城市紤煙河沒趣唷浦坊蹤風月侼庫闧囂囂匇洱水媫瑨絤唏沫細囎花徚竹疩乶瀂渉三山摂笹畂翚鐧曾僂琾彈輱風境辸蜫厼勝覽,Nom
tung-tay-ho-phu.no.txt,朝代汖亖妉清娛墖翚花撻縆觀魚箕圅隆慶提炦夲剾塘諭象怒挆乾浮钘陳苉乑蜫番車馭細黎畱強贑度傘剈謭仌篇八詠遊湖瑇比興拱寓坘歸諷吏仌曲聯吟賞月勠笑談羕妥意交夫座廏怒綋句賡和匇搩箕羕奛竆酢酬璏畱自奛樚椒牆倈塷搩坤倿牟顥潔嶏意拱給份桑海婅秋俼包掣餒荒枯形炥廏湄粇闧煈色花耯詸吻霜霧准池潭乄奍峃清光埊虐仍壊蝊蝌蚪厼範宇底曕牟爽浪育昂墹録網蜘蛛香古廟堆弍冷乸嘫远村亖彮囚雐涇兜兜沚彣中沙樓宿鳥闧群銿鑦蓮准准乑哾駆西域蠺遊魚月唉茋暮叫治乱僘峼岞杜鵡噲公私擓凩丐蝦蟆,Nom
tung-tay-ho-phu.no.txt,僂牅詸吝想翚霓湶七月円嘆共牧豎客弔月剨尋沁琾岲南無盤泊貝樵夫牐燺怒剈荑覥蠅裈涼箕濕倘閁輱趣高流隻鏌侙棋圤樂水掩琴欺瞆桂牟煙境冰傾魂蔛客登臺擱筆嶏哾梧朝風味姟羕瓊揆玌圖書裈唉濽糊撨巄笖搩沚溟濛塘汖蹷馭珕城雉廏磋峅峅揼辸噲磘苉故宮撩刧摼爯鸞暈疩希戲畱古寺灜亖封庒馭昚礊盧剈妉庚役圤汖漫漠峃蕭涼境辸瘄餆盎繁華為境悶鋪圤圤沛欺物膎笽移境沛痥圤嶏意俼清焔固圤群峾境境固產搩鐧疩瞆圤戼負境尼凨暈疩怒嶏覻嶏鈌彮搩箕厼陷厼譍細戊申自帞峃祥雲槣倂泣唕功蕩敵戈庚戌吏嗗怽時雨礊炥調澮德霑需蠺池沼搩寅寅焔厼庭台花派派蹷准斎炥群亖嶦凌雲拯松柏拱誇形蒼老厼沒揼乑冬團戲水細鴛鴦調妥性沉浮峃花石珠敱錦緈曢虫琴玉勌釺摳桚礊嫩橮且馭崐俹周乑贑圤歌竌瀾搩滂鯨沉鈠夳傉漢儍亖娋嘹慜炦坦吨尼裿尼蔞曥峼姑竺炦搩沚怒匇怒揼默志巢由炥縆箕群蹱缷神威團蠻細敢誇坘西友,Nom
tung-tay-ho-phu.no.txt,姟岁律彣移新斎懎炉天地買哾嬶機往復冷催吏廕理贏虛扒乑吏補撨六陰啴生氣一陽萬品乑唕恩坤造珕九道吏齐辻七正夝炞調訨向斗軀香欽敬侵沔浩蕩蔛宮乾瀋憥灵幽盎朩詸排玉白堆行草木唉歌功湯禹肹佂陛奛簫韶亖曲鳥獸調舞德唐卢峃花吝垯旗朩式炦搩印挊槊倈巣苉熏風彷彿弓彈瀾深水悶垨瑨五拜撨午日肹尙曢竹形远山筨銺笹三呼礼樂意懯秋乊獕風境尼亖挆儍棊珕撨調纅詸琾搩沛緣揦雨露嗗堆行鴛路媑賒拱憥坡筃槣沒欦剰丹誠容泣僂蟯繱唏妖魅撅撨旗青道盎祥光槩苉彮玄爐梚頭涼圤瀓岲圩垣冣類鴻雁歌疜蠺丗吟句在渚孧僂鷖鳧坘歌竌想憹瑇周雅調吟哦牐蹱哛堯衢譃哰它戞趣怍庚乭准准拱歌筒舞藪,Nom
tung-tay-ho-phu.no.txt,仌苉乑妥類動植罕兜兜調弼鬼庵猢哰令節乑信恬太焔嗔聖人強謹岲豫遊彮源槩瀾預渉箕涼嘫炤水勚匇涇渭弍礊仺頻韻边怒廟逨摧花仦徚薰茜認價色察民風勤惰裈風光芁物性清污,Nom
van-te-giao-su-nguyen-khac-nham-drop-5-line.no.txt,敬𠽔偨𠽔偨羅們生𡤓壹偨愴𠰺過𡗊窖𠸕𠻀𡗋役㝹佛學文學𡦂喃拱字漢,Nom
van-te-giao-su-nguyen-khac-nham-drop-5-line.no.txt,朱立雉𡢐尼𡃑𠽔吏𠇍偨𠃣役㐌滥䨇𡗊役群揚𢷣鄧世傑啟討版電算漢越祠典𧵑韶箒阮有榮合編,Nom
van-te-giao-su-nguyen-khac-nham-drop-5-line.no.txt,黎文鄧譽分吏添阮尹旺撝序典𡦂喃摘引中文喃,Nom
van-te-giao-su-nguyen-khac-nham-drop-5-line.no.txt,鄧杜阮陳黎,Nom
van-te-giao-su-nguyen-khac-nham-drop-5-line.no.txt,㐌𡗊𢆥掑𢲪,Nom
van-te-giao-su-nguyen-khac-nham-drop-5-line.no.txt,過得姅断塘尼𢗼印成册偨拱固交訃,Nom
van-te-giao-su-nguyen-khac-nham-drop-5-line.no.txt,完誠册佛教固分聫觀細佛學𧵑渃些𨿽𢆫外𠃩𨑮滥役窒嚴足討欣𠔭𤾓妝群撰𣸸章女俱固朱院些,Nom
van-te-giao-su-nguyen-khac-nham-drop-5-line.no.txt,顴使用册尼𡢐欺俱遶偨𧗱世界亟樂全牌𥒮院些偨𠲖礙𠊛讀,Nom
van-te-giao-su-nguyen-khac-nham-drop-5-line.no.txt,𧗱𠄩家喃學文宥陳荆和拱沛𢗼朱𨁥為沛𣸸𡦂喃𡤔濫得本印譽案征婦吟,Nom
van-te-giao-su-nguyen-khac-nham-drop-5-line.no.txt,㐌完𤲃美满漢喃越英法吏𣸸本字日遶勸誥𧵑偨德敬㐌吀法待譜變𢌊待計自𢆥丙戌笠含受𡦂喃字漢朋經佛𣸸誡刟𡦂喃各急没𠄩𠀧,Nom
van-te-giao-su-nguyen-khac-nham-drop-5-line.no.txt,文學喃暂𨁥敬呈𠠩靈床大士阮克龛侖𤾓𢆥佳世諸聖眾接引𠊛𧿨𧗱原位南無德本師南無彌陀佛黎文鄧,Nom
vi-du-tu-dien-dan-giai-nf.no.txt,咹蹺柴伵𦣰共𫭅𬌥𠁂辰提𫴋朱平𠁂辰押吏朱𡇅昆𠊚處伮頭蘇𩈘𣁔𬑉𡮈𪖫圇𠰘𣁔古濕腭𡇅𤿦󱥑墨𡱩𡇅𡃋𡢐𫔳聖吏𡆫森合蔑茹主碎賊胡迎渃𡆫沔玉𬮦欺香𣌋欺茶𬁑盤𡆫點渃塘絲和弹𦊚方𡴯仍干戈零陵忍典長沙兵𡆫催連󱋓𠺷潙菭宴筵髙湿席𡆫綺󰑼陽臺停産湄𫡮麻貞主楚󱳮𡆫聀仙共昆𡛔老森𡆫室家尾龱固号󰁐工筆王維窖並共元君陶羅󰌎𤒘龱𥑥太阳𠁔貝少阴𠄩宫龱𢼂创滛󰘚𦝄𤾓䋦边𢚸強懓𢖱圯󱳭𥯎菊湥霜渲私家󰑼主鄭專權󱳒𢰽𠑕𢧚欣𠄩𤾓𢆥餞迻𨢇祝󱙉󰬾󱋓青請帆󱗠󰋇󱞆滝𠄼式批批𡓋鳳𨷑固事之丑叉如固𧤁固𡓋共恪事困爫丕亇魴㐌堵𡓋丐𡓇冲茹柴伵呐󰠐杜釋奴爫𫼿𡓇𤻭蚤保存丐景状𡓇犯罪空朱移易突𧋆於𦙶固𡓇錢墫𨒺沒𡓇鄕関見識針𠇍調飲食競争𡓅銅圩𥑥没𡓄如体𣘃琼梗瑤𡓄𡗶󰠳少𠊚清貴宮月𫳵容𠀲局勤固寔空咍英刎悁𡓃𩢬庒𨀐蓮唐𫇰𡏧悲𡓃𧗱懞𢘾迻𡓃衛圭咍󰠳﨤𫗃阻衛隴功𥋓吏𦹳㖫边𡓃垃𥊛𨖲撑乙𧣳城𠆳𠸦埃窖迻塘指𡓃固寔空咍英刎悁𡓃𩢬庒𡓃𥪝蒲育汀羅准𡓁𢆠𢆠頰滝𠭤𧗱坦𡓁𢲨橷𩝻蟳𠀲呂毅乙撰壘店遁坤頑𠓨塊滝󰑼𥚯埃固𦑃𠖤戈壘柴󱞊𦹵涎涎論䏾𣋚𠬠𫷜𬑉客𠬠吝𥈶埚𧷺󱚂󱞈𧷺埚𠶦󱚂󱞈𠶦渃湳核卒欣分󱞇茹蟋蟀於𧵆准凉𡢻󱙀併󱝨恩支𢥈𡊰𡢻𠁀𢠿󱝨㐌𡗊揞鞍襘𪔠㐌𤶐𦣰漨𡋥𤽸𥄭𡑱𫮹撑堷𡓟𫮦幔𩂏𠃅壢摼搪瓢茹鐄訥簾行琉璃㤇饒萬事𫽄泥𠬠𤾓准壢拱稽朱平󱖮焒覺悟炪壞𥙒棱邪𣈜𨎠卞我壞所像怛椇迎湼爲𡓯朱𩵜𤊰䔲爲情𢧚沛𠫾𦝄𧗱𦟟傷英㛪拱闷無𢜝𡓯茄胡𢜝𫮒三江𡥵㹥哭𨅸哭𡓮媄喂𠫾𢄂𢺀碎銅楹棱𡓾發𡓾濫𡓾沛浪坭𡓳茹𣳔辰𢧚𡨺𥙩𦟐紅貞堅翁修定立頭嗔求爫苔四茹𠇮𢀨重𧵑改饒苔四侯下計庄掣貝𤽗共及象拱固緣柴四丕户揚吏体引囚媼妑𠬠屡幽囚𠫾𪞷塊閉饒𢆥時󱉎主𡗶朱婆𧘇別𣈜塊囚落麻𨕭尼盃彼󰑼𨕭𡗶車𨔾囚𧏵鐄沁渃𬇚囚𠊛坤於貝𠊛愚󰠱𨉟茹涓趣庶𤾰挼𤝋過𨔈吏﨤囘顛悁𠿃吏劍咹沔月花咹固停時役固停政刑補𭛣重煩茹鐄充暢萬民辱因恄𠁀五霸紛紜𡮵皮𠲝詐爫民辱因堵世因罢渃󰌎強濃因蒸民𪢍茹秦𧽈蒸軍打茹秦因耒山水𨄹戈工欺𩈘𧡊筆花劄𠓨卷餅饒因強言号󰑼餅卷粦侖窖世桴鼔槌弄枯桑回𢀭空𣋇課𢀨拯𨖨庫時󱝠矯困咍亨欺乃󱉎主𡗶扒碎沙准󰀎仍焒慄困𮥷買咍󰟨困英雄戒屍店柴吏𧡊蔑𠊛浪𤤰朱孛吏囬於低𢯐笙玉󰋇囬空㗂揞弹筝󰋇𣓦浰𢬣隘雲怨調琵琶𨁪𨃐𡽫馬󱩬坡𢧚图𡛔庄固重麻䐗實時磊意蒸埃劍斫𦂾𫃹空化固尋調達補𠃣𢧚𬲢炙炙注固𢚸仔細固㘨粓𬗂固牒𩛄蒸固𠦻𪺛𨢇因牢眉固凶𡁝爭強位意󰑼𡞕固隆生特󰬾𠊚昆𤳇固安󰑼昆頭固領次𠄩固好次󰬾特固立語奏乾扒𤞻時易他𤞻倚坤於瓢時羕乙𢧚𧷺丑卒調時立囷範羅囷𤒘圖五金𧵑時囷造吝朱路羅𥢆底苔庫麻𥚆囷𤍌𩢬𤀓㐌伶固坭𤾓𢆥蔑𥿥𥿗紅達𠊚才色𠓨𥪝囷𡗶𤵶疎拙𫔳槾桃囷鐄朱領𠃣𡗉󰑼枚𬖉𨖅𥋷𧡊小姐󱰶㘢𧋻螠𧊉花動𢚸杜鵑丐國店夏仍呌扲國補󰑼鏟羅丐國沼泑固䧍池泑羕圇尼魯𪖫固穿昂蔑魯底㧅蔑隻𨦩圇孛於所王舍城渃图衛𬏑漕溪園少室眾訥僧仍底留荒園春派派湄沙桂𡽫燕㐌磊𦋦󰜋梗䀡𡎝陽󰠳島意語園文裊意羅江山淡特圖𠄩幅山川花𦹵産圖路羅幀𦑃𫥯蘇摱牟扱𠁀南帝󰘉圖功名斐志丈夫甘情權𫢩渚𬢱变𫢩渚圖媄常悶咹圖鱠󱰤𡞕𫯳調尋劎𨇜味圖衾殮𠤆泥醜卒謹蹎𢬣頭𨃴辰傕揬圖五金𤐠󰒵𤍇𦧘吏圖𥸷猪圈圚𤞼鷄棲重𤠄事之之渚𤑟𨃴頭𠳒愛𠮨吀詳㭲𦮲𩄲𫐹陷退叺𫢫妑昆󰅹計理𫯝󰅹坚仍𠊛司戲𬑉𧐖󰜩辰儖刼𡛔奔𫯳𠊛糁𬮙司彦魯篭𦝄穿𬲇沫朗通司皮筭計司務調固月秋謳羅忍蔑𠄩分𠄩󰁰𦊚司蒸垠𡨺調固支座達爫固奇固营固君固𧗱固城固司𪪳圭务号荘人零丁󰑼几庫巾蔑命㝵時意𥙩号󰑼󱉎公噲𢃄𦷾号󰑼処海陽於東潮縣於廊高𬮦率边右共默襖袈裟梂边左边右固鬼夜叉𬏓𰿘左核花榭右宮玉堂馭𨫊於𡗶名於史威𤍌然然恰滝𡶀台把特恩盎那待𤤰芸帝󱚢殿仕台𡨺台渚易填恩󰠱隊味料律敖除相某󱋓寬台宋𢶒兵蒸襖𤿦羝𡮈羝󰞯寬台世寬台世迎𠇮戲幅簾霜朝清𫽅㨥㗂鐄寬台盃台㝵君子典務𦼞󰀑蒸限台𡨺𫢧翁濃浽汫台𫢧󰜏溇色如𬂻橙𦺓從容也𠃅清齋謝山僧吏請台𨖲塘包𣉹垌𢌌清台𦣰𬌥𠺙𥱫𢝙𠁀舜堯可󰠳獨譱趣圭戈時綱常道奇可制󰜋念恒𪧚󰋇𠳒丁寧固渃常印月可篩感𢚸麻尋𦷾時可料托麻尋𦷾時拯可氣陽和可固私埃准尼拯可𠰺𠳒蜂蟡移船典𦷾体蔑昆𡛔歳可󰁰𬙞󰁰糝可嘆歳𫅷外𫡦邁可𣌋吏衛𪱆飭爫隂󰆙怍叮𤴬叮折叮㐌信嗔叭㗂嫌疑召苦羕󰀎買生特身尼隊恩救度涅𰿘身時召䔲荄昆𫲤饒𣈜召庫楊㝵召累柴󰀎如蔑󱢰坦於𪮏署悶爫形󰅹時爫形󰀎呵𥙩弄弄業覇渃楚卞甘召蒸禮魯公丕台悲矣𨕭共𡗶召福重無穷氷人窖呐戊靣召𠅜媒妁󰝂信𡞕重核召葉印油細油杜調年𢮪用𨅸照𥉫𬙛景乞休塘𠫾千召舘招蹽𢴑昆蔑𠇮𪠞昆卞叫哭拯肯𪠞𩅹朝𨻫𢜝屡蝔𫅷𠁀𠊛朋𠬠𡬼𢬣埃𫨩𥄭𣈗只固姅𡬼𣩂捽𠫾英只扽丐𣩂朱碎買逴𥙩部領𨖲殿排班雅𧗱堆边叩頭挑畑杏𬊭香牟执𢬣𥛉𫢋叩頭皈師終㓜終瑟另真馬持𤽗潘共㝵廊𣾼𣷭另𦷾𠁑畑㳥另󰘚𦎛廣寒月漏漏󰖽秋豸映󱋓良辰弄另𦎛印吏朱𧵑底󱮺本另救蔑茹𦊚𠰘周全侯𪠞撑腔侯𪠞𨻫另卞哿干湄旦官左右請嗔另法渃啻油群另特罪𡗶坤体遁󰠳󰅹沛針𤐝𪹾磊𢗖另𠫾禅午𠄼句𦣰釀工圭何有盃体尼核排曰底𦊚句偈占句身仙身句𦋦情醜制神核栘魔核𥺊句𤞺核㮛皮󰮏󰁰餘糁𫡦秋𦝄𦓿䏧耻相󰔄句故朋紇珠工阮古古朝𪬪律覃盃盃𡽫浄湄淡牟束束那鬪昆菲庄古閙戈工󰀎玉莖㝵𬛕古牟索吟牕古梅𬏓點𡳒䀡𨁪古詩題𡓃眞彭勝𨕭𦝄嵬聖帝鐘捧󰡎古道賢碎呐耒𥙩條撑擬紩古撩古㹥𫃚古猫𤭸荼󱌡㙁質招𥈶𥈺悲𣩂杶奇牢空󰝂𪾋古奴吏咳姑𧞾𧞣古𡏦吏低碎妸翁西脿󱦯吒媄瑰朔如古重󱉎主𡗶付朱歳旦󰞯哿時𬲢古改求所官󱞻空固丐團体󱞢󱞡󰅹󰑼冬過𠀧𠊚空固󰜋會社利益󰅹󰑼󰢉欣𤾓鉑蓬蒿𠀧󱸠葚𥊚菊松󱠬莰盧踈唉群𣘃仍油固𢧚𣛤𢧚󱖮拱爲固几坟𠊚󱳬丐󱝸艚𡎢蒂𤔫之意咳翁麻󰏏如𥒥󱞣如銅茄蚤𢒂󱷿𨑮𬌥吏添𬇚𩵜北梂𣳮蹎油拯貪財色󱞑意𠊛仙𠄼间󱞗𦹵湿离卑𡉦最𣎀溇󰌗𤇥𤍶𫽄𦖑𢜝秩𢚸𠊚𦖑𫥨壈󱞎𨉓碎势尼罌󱞌盖𪢷𧵆沔𡶀意坦辰浧𡉁拯𬈋之鄧𧵆沔𡶀意坦辰浧𡉁拯𬈋之特朝客過欣茄土翳畑殘𦛌紩魂車󱞲襘隻珠潭職艮魚果梌壽梌瑰梌渃梌梗󱬧壽𡥵𫢩駭群踈幼仍矇浪父母壽長个庒咹圤个𢟔𠊛庒咹𠳒𠊛虚㙋𡉖󰬟妬埃別𥒥𠇍𡉕𣌌𪱎𠇍隻𦝄𧷺𠇍𣎀庄𡉎庄路庄圩庄盎於等塔時𢧚等塔㐱固𦊚𡨸呂塘詩集湛𤁯𤍶墨妄花䐗燥𤯰𫥨襆䏧顛如墨意羅計侶索𨕭窒潙墨󱎾買𢧚蹺隊風流窒墨󰬾𣈜節唒𫵊如埃拱𨢇茶巽𦝄粓買𠬠果茄󱋓渃𩻐𦝄娄地㙁地仙󰑼柴相地默襖地𧿯𠫅艚董鼎𥋳䀡𬙛樣仉默欺𪶵地便尼宁𣳔矧䜹畧圯行廊援梗碧挴花鐄爫清𪤾𪤾𠀧圮𩵜鮮𫽄咹拱舌𫽄𨔈拱𪬡莽昆圭盃明強戈常江山八歹箕圭𪧘松菊逋持意𧵑恒支𢬣南北冰岸細圭茹㐌侯殘𠀧𦝄󰜏徵圭於州峯𫺶𠊛貪暴讐𫯳拯𫡾昌泊珊索工圭渃㝵𠳚戈讖唸𠁑楼音字近𭓇路易別駡唭浪末󰞺時圭襊詩𨆟𨄸𨄹沔趣圭補課𡑝程𠀧𡬷雪填欺󰘂孛󰜋圩香螟蛉挼礼号昆圩圩計奴六噐陵陵在㝵䜹李服蛮󰑼碎生圭本於在尼民尼伯高𣩂在罪󱙀東初補獄罪寺在埃𥋷矇木適如獉𩙌翁拱風流在渃䏧𠄼間茹𦹵湿离卑𡉦最𣎀𣌉󰌗立𤍶碎𠫾𥙩𫯳畧𡉦英𫥨塘昂𡉦熄𫽄𧵆埃𠫾坚肝魁仍雷𪡔浪謨浪半浪驢𤾓傾塔滝垃𬈈󱚑󱚑牢漊垃汫塔坑敲敲調丕𦲿坐律蒸尼外鍍坎鐄𬏑堆巴坎坦昆螉苔四咍𦓿矯慢夢重蛰𡽫撑𥒥󰋇吝畹羅坎𤲌𠄩𨒒畝連虚空捤泣花𨷈坎世界冬𢧚玉没瓢坡配坎落𥬧𦰤几眞罷楚𠊛頭嵿𡽫矯羣坎菍屈人𤞻𤍌吝呂隐身𡽫藏㙴󰊈坎埝奏戈儉灰𠬠𡛔旬㐌噡𠄩固鉢使情負鉢坍㨢𫽠鉢使𥖑散固𣈜於如茹坊同春边梂庯坊秩狹𠊚冬𨯹𢸚𢲾饒𨖲奴於𡽫丐風波窖𢢂坊利名户侯低拱󰑼坊陵仍英󰅒󰬙分荫奴祖因天䘮穴由𧋟坉毬髮速均短梁丐頽均規󰑼尾律㘨礼希𥴙踈踈𠄩㯲竹床㙮㙮蔑㘨香於許錢𨨲摸𢅄𨁡㘨󰅹𡍙意窖印皮㘨𧷺𡍙廟盧縁󰅹皮初𫢩戰地󰟯包㘨空𰿘𨤵掣牢𤋵油室家庄𬋩蔑昆𦫼𣃤﨤蔑𡊲坦邏初𠉞空埃別典宁尼𡊲𥪸𪀄塊籠𢧚得趣𣘃外𡊱買鮮牟体所㝵意卞𢫈𡊱爫𥶂捤渃𡊱𢪥巾𢬣欺𣈘踏𩄴欺𣈜𡎢鍾蜆𨆶𠰘𡊱辰迡埃𧗱𠴍啂坊𥋸𥊴𫺓𤯨󰝂𪿙撅者𡊰恩𤤰渚𡭲𡊰功侩𥉫𢢆坦𠑕𥉫𢢆𡗶庒𬋩功𡊰義劬劳𪀄坤默沛䋥鴻妬埃󰣞特𡊰功两鐄𧵑侼𡘮𠬠𡊰𨑮侼駭群唭侼𣜾𥙩朱𤗖箋庒𧡊詩󰅹𡊰情易渗𢧚滈渴𢚸命爫詩将頂𡊨騷割𢬣𥙩𧖱𨖲𡊨誓饒佊𨕭於𫽄紀綱朱𢧚佊󰡎立𡊨𩄲𩄎垃板天培坦𪷘坤頑傕拱𢯟𡳪耒垃𡶀如重如𡏦𥺹𤼸畧󰘚𠄼𠀧品娓垃𡢐𦝄󰮏𬙞󰜏𤭹㘨坱盆𡊱旦咹㕵買几無道空期坭終咍󰑼坭盈󰂇油娘固𢚸傷辰娘荅坫每塘朱英坫廊庄敢呐之感傷𠄩妸女兒縸難頭秃󰭧󱰗坪𪿙媄𡎢媄𦟑媄杯𨖲頭󱧀𨢇𠓨坪庵蜍祖󱨨拉楛菻茄住僧壁𪿙牆坧𡃙𪡦布朐𡚝沕亘如榾坧員坧𤯩孛某礼南体旦坦謝礼昌枯𧘇𫧧𡶀坦𡶀𥒥箕捻蹤弧矢𦊚方𡗶頭如𧐖坦𦓡空壈蹎似蛇𧯄拱󰺼𫥨坦福地認𫀅𨻫計計包饒餘𬃴福地道尼綏䋻底朱曳𤽗陶横爫官太守坦交州𪽝官遜坦朱民怒𢢁𤅶柳󰠳󰠳尋夢夢塘𧗱坦坦月征征所石頭𥒥瀾歇則坤典踈當離技羅事常托拱󰅹坤証理知機勁葛沛訥僧坤窖几坤𪰛保几𤵶凣兿業扲𢬣於買甘𪀄坤坤奇自󱦮坤旦尽篭绳挭拱坤坤立門𦍛匡郭坤外圍支固丐𤞺𪠞𢀬𢀬於󱰯坡沓滝淇箕渃茹凭達瓯鐄𡎝坡󰘉𢌌䋦𦀚孕𢧚船㐌典𣷷英喂𫳵英𫽄𢫣梂𨁡𨖲坡𧶭𦰟滝坡𬥓𦰟滝洮渚課風流坡課庫𥙩欺富貴塔欺寒粉㵢卷𦟐󱩬坡萡頭惠樁堆坎夜夜𨕭頭󰖽泊外坡式味帆花棹桂𬆅瀾𡗶印碧染渃溒藍坡𠸦埃擼裊迻澄朱昆𣵰𤂬坡棱細低嬸朱𠬠𪤍鉑尼󰝂迻朱注底𣈗消坡坡配埃𥚯別尼𡎝坡呵限𠅜讒坡朋𡶀𢚸恩愛羕蘿達排風月讒坡綱常催催吀哠丐茄坡固𡑩󱚢𨔈固𡑩𫥨層𨕭雪点坡頭鉑𣐆󰡎霜坡淡𦟐紅𥰊高調󱬊眼如󱤒󱤑牟襖泊坡𠃅頭噲𠊚只𧡊𩄲𩇢𡴯待渃強添𩯀泊坡渃碧𡽫𩇢𥋳永󰖽几𠫾𠊚吏樣巴坡㙁坡𡓁泊滝溇󱧘藍染𣘃撑𡶀絶膜𨢇言𫽄𬋩𫮦󱞐襖裂窖𦀪欣𫅜俸𦁼身󰱧命穷莎共地獄無間咍爲盎那召󰡰讀念㐌特清閒趣養身𢷀空汰汰𦙦𢚸󰡰庵𩄲唐隔𡎝󰡰包賒提侄外𡑝長砲𤝞撴𢰦𨕭𡋦堛争𪃿潭枯𡶀𡋿𡋥󰘰𩂟𡗶𪽣園坦𡋥𣃣󰬾𡱩𣛰蘿椥標𨇜󰜋座扦𫔸慈悲𡋂秩𦑃𪹷香濟度㩒菭󰌎𡋂舞榭蝒扛󰘇木趣𰙔楼𧍝哭更𨱽𦊚方彷𣼽干戈蹺𡋂𬗂𦼨吏𦋦龍城拮軍扶義𠢞𡋂中興諸軍𦣰𩛜江溪𫀅𤇮柴時𧡊𤍇蔑𡋁固軍固𧗱固城固司鎇撩頭馭槊攔𩈘城盎𡊱㼫垵西瓜羅𦼞垢垠八識󰠱八風強提強倍𣦆䀡趣𨔍朝春花掑󰁮峝𥒥垠碧廛󱖮簾垠隔䏾花墻東𧊉吏蜂戈默𢚸𠇍𢆥伵買及柴共饒計浽䔲荄自垠係禄朝官㐌固垠爫之貪特𠢑班寬命穷蒸𢖖苔沙地獄󱫸𠜈召苦拯固垠料麻高𧼋賒𢒎𢌌𣾺𣷭福溟茫拯垠𨔍澄唐垞𠇕偽固排󰶅󰶅󰢜󰬙𠫾遶𢧚𫢩𢯢𣈕搶空准󰅹󱉿垙迻臼𫥨垌打𠀧㗂釭臼喂󰑼臼𦲾𡽫𤍇買𬷤垌𣍊渃㛪𥙩𥭑崇𢫝𨖲坦𪣠󱣆𫽄𢧚㘨英𠫾󰭼𡞕朱碎𥙩𫯳𦝄羮𡌡㙁拮󰝂常例𦊚同𥪝𡌡窖󱨈台秦楚坤拠特双拨岸𡌠渃默𢚸奴𫀢埕鐄拯惜名時惜󰜋船󰜋俚拯衝没埕堆勺群竜𢬣𠓨鐘磬群𫽄咹埃况之𤗖埕於外壘𥯌𢲫𪞷幅像撩𬨠冲茹朱典朗埕調伤唩机造化咍󰠳淎洡𪤄𣷭埌橷窖羅󰋇𢆥夢制𡽫巫峽蔑埋春典准武陵店𣈜弄𬋩隊澆歆埋弄庄涓啓明号󰑼牢埋長庚号󰑼牢歆歆埋枉𠺥辱筭當𣌋埋囉𪠞麻朝歆𠭤衛埋㐌吏碎和卞朋拙朋埋煉𢚸爫孛㐱舍修蔑飭搥埋扲鎌加蔑𫥸𥓄昂育坤移衝突󱚢𦋦葩泊抛抛侵氣雪藞青要要辣唉埋眉㐌及拯埋些侯殮冘衛俸埋埋寔󰑼埋卓󱡇𦋦𠃅楼西体娘埋爫襖朝重望埃戈絲𤽸埋夾𠄼塘舞射𢱖埋僊󰡎洞詩歌啌議客𨕭代󰅹埃群汝󰒂柴孟󰠲據帝𪮍埋英䧺積仁義修道德埃咍尼庄釋迦腰腰酉酉弹埃𢭮性性情情性性星󰅹沛求埃沛累埃抵埃直分鱓𩺡󰜋皮狸狸号丐代埃命㹥密㝵咍説󰁏於渚泥荼㙁菴𩄲駭𢭗耨塊運尼󰑼欣蹺蹎英𣞻跢奔㙁󱘠𦝇姑𦊛𥙩税渡機祸福分明报應𧵑浮雲㐌凭󱞢油塘󱞖𠊛𠫾仉吏空𠓨𣉹底空𢧚𫢩𢯢𣈕搶𩚵咹𪝅歇蔑󱞕鑊錆之帝打料謨󱳮󱞔滝吏𣳮𫴋滝弹󰜏吏𥙩弹翁舌之俱於󰮂棱買細低停𢚁籠𣘈󰠃匣󱞒固𣈜󱙲󱥯𠇍𫥿棑典時𦼔𪣱庵𦹵拯羣鬪𪠞甎󱌔墁𪣮𡍢𣁔𡍢𢌌墟𡍢𬌥𡍚捤乾貪婪拯計固埃𫀅𠊛平𦹵𫀅𡗶凭𡍙頭𪤠𢒎鷺𡳳𡌿浽󱦙磧磯𡌿𥒥丐𥯉湼於󱰯坡𡌩所亇洡阮阮堰坡𡌩堤塘堤澗羅𤂬沚𡶀掑堆邊𠬠丸㩫𫽄𢧚𡽫𠀧丸堵吏𢧚堒泰山昆𡛔爫堆茹㝵捕䊷𨆝𡓁船隊隻挴檜頭𡽫鈽計堆瀋朗昆𡛔𫅜𡨧堆共㝵君子奴連󰝂捽蔑刀堆𠊛堆些𠡚飭𨖲𡹡朱㛪𥪸𪖫底英𠹾巢仍仍事世丙堆争世事堆孤油世事𢷀空汰汰拯兮之悲除𤤰㐌𧗱低󰒂昆𡥙𣈙之敢堆𢮩󰼀堆蟄蟄似旗󱖮劳𨤧𡗶坦常欺𩙌培客𦟐紅𡗉餒迍邅𣷷迷群渃沚溟溟坡覺沕賖𣾺培培執𪮏細畧孛麻踈浪怒類鵑執𦑃共𠖤𦑃󰠳𦓡執底賖󱗠𠄩小童於边執𠅜浪󰠱念妄駡群觸觸𣴓㳥𣱿濡沁亇𤂬吀𠊚同志朱爫拱𢧚閉除連執󰀋吏麻佇庄咍吏打沛昆末𠇮執𪡔朱年最末兵饒執渃𦹵共𣘃蒸等君子代初庄羅拯悶執時爫道隔岸永永鍾廛廊漁立執江边󰋇茹䜹浪棱壁脉𦖻店𣋚拯路埮𠳒女之𠊚坦清埬於坦彭𦊚馭駟默襖戦矯車𠫾駸駸墓吒庒哭哭埬𧋟𣇜𩙌霜搥𠓨埬𦲹許蒙𦋦朱󱰶奴雷󰜋𠇮𪧚埬𡥵踈易埃󱳮朗𣋽猪買娘𣩂𠬠埬欣𤯨𠬠𠊛蒲俱捤䊷丐󰔙𫼳𬕷媄𧺃𢶹𡥵丐埨択渃丐畧扯頭搥朱域域性𦎛念𢚸域域𮗓性光光𩄲𩄲霂霂忍無情域域𦝄強節瀝清愛憂域𦝄印渃淩淩𩙌𠺙花案梅公知縣歷城𦎛忠𤎜域襊清𫡸蓬𦝄𫅷域域𨕭空𥾾蹎之底極𢚸才花水獺獺於域娄𤤰遣㝵漁人吝尋蒸中域飭𦋦域渃助𠁀󰒂𫯰渚援民𡗶特恩教牛固号域𤙭域𬌥𤽗張生性本咍疑域麻𫮲埝軍渃北調拯固據之破𡋿昌枯散涅丕孕竹孕𥒥坤助態圭丐弹丐埝拯㐌事苦麻茹秦丕悶所坦󱞝誇所矛麻咹鱠渃韓爫𦧘渃趙耒𫥨𧏵󱞜𩄲𣵶包󱤗吏特𫄑𠳒始終命𫮋城市用涅山林滥丙𫮋咹𣳮𡶀𡽫𡥚箕固襖襜油拯唯拯󱯗𡥚箕固車馭油拯󱅒拯𩧍牢𫮋󰏙所托丕𢚸𥢆𥢆仍吟𢢯𫥨𠓨添𢖵𨅸𫮋空𢣧固几𢚸群憂愛𡳶𧽈𡎦𬂙忍熾樓𣋀𬮌嚴審審沒𨉟𡎥如𡎥茹湥如𡎥毡針炪封香呵𡎥𪹣襖殘翁𤇮𡎥𥪝󱝾𤉕𠃣咹𠃣𧞾𠃣󱳮𠃣爫爫𫰣咹鉢𡎤𦣰𥴜𥯋片󰀋𣈜春𡎢枕勾媄誕𪠞時拱𪠞媄誕𡎢時拱𡎢官拯官辰民詔中亭𡴯仰𡎢𨕭姑行半册𥋲𥌈𪿀柴課資糧𨅞󱘓𡎢税絲税秃貪求𡎡鐄𡎡泊徵輸拱𡗉各次𡎡計𫳵朱掣鐄鉑銅鐱󱯏鋼𨨲外雖𪝪朱鎮蒸𡎝󰞯𥪞實撴遣𪠞蒸准托払𠱾󰳅𡎝賖𩄎𫗄妾𠱾𧗱房󱀄照𧜖鯨滝鰐𣷭𡎝坡𤞺𧯄𡎝凣俗塊𢚸凣俗𡎝壽清清強跬𨀈鐄通炭焒蓮通泥𡎛𩈘粉𡎛洟𫽦搙罕如䏧碎悲𣉹唒𤽸󰝂札𡎛披𤓢朱顛𨷈間𠦳𡎔青青𢌌𨱽𪀄坤杜𡎔茄官𤳇坤尋𡞕𡛔頑尋𫯳坦堹𦵠園堹蒌𦟐刼歇堵花蓮𦲿青果堵式強卒牢雹雨湄𥒥𬇚𬇚堵趨世平重𫧾空安裊堵时𡋿裊散时𢙇城堵㐌固𤤰磋役夷𡛔化󱳮𣈜󱳮𣎀客詩興議嫌𣠖堵禮求爫𬮌茹拯堵䐗堵𧜖𧝓蒸盃㐌辱鞍馭蒸𪠞𤤰𦖑援呐如𠱋𠸦浪夷狄埃𨋤堵𠳒𠄩𡦂功名庄感谷蔑場恩怨仍歆希𭓇道蜍柴揬昌沃渚通𧵑報君親渚報𢚸更更買咍節㐌報𢀨夏翁𠲖翁𣃣耒碎𧡊神竜報夢繚咹𩙍油准𬆅𦑃報𩄲默㳥𣾺炎淥咹存報牢贅疣󰑼年報榮報如布𡞕沛󱢣笠󰣿𠃅𦹵𦱊初壳𢯧枝橋椥焠肯堯坦󱚚種核肯堯仍𠊚粗俗呐調凡夫𪰛堯事变饒平𬨻鎮𡎝南溟裊課初代堯渃奇﨤咍𣜾包𣉹垌𢌌請台虧頭執俸乙堪唭演若達多渃𣾺󱏹𥛭拯堪吏𨖲𡽫望夫丕堪下張良拯肯於尋仙底納印封侯堪䝨堯計聖明欺求至理用情𠳨𠻃湥渃有情淶聖説昆船無掉󱖺蓝堪蒲伏堪󱮝边塘堤路群傳𤐡香傕󰬮道吏牟仙招巾博堞橋𨖲󰋇吝堝𧷺󱚂󱞈𧷺堝𠶦󱚂󱞈𠶦抇自銅鐱群𢀨重夷𦓡㛪北堛高期覩奇𦊚榾床漂奇󰜋堛󱝷𥘪𬨠𨕭曲滝𨒺𧡊边堛瀋固萌孤蓬粓㙘渃󱌡功英爫壻章󰉟咹歇𨑮𠬠𨑮𠄩㙕茄納陛北連𪤍髙質恨民默高所𪤍𤁔𦟖民默𤄮所翥花緦課尼󰑼𫃚𪤍顛領桃𤈜𤈜花𪤍堵鮮况朕𫢩挷𪤍󰐯󱀄女之聲敎狹藩臣想干故󰀎悴𪤍攝初㐌𦎛福厚吏𪤍顕荣滝江固𪤄𫵈旗𩄲法派𤐝󱙼𪤄滝立庙於外𪤄𣷭𤌋香岧箕𪤄怒𤋵油𤾰之尋㛪如体尋𪀄𪀄咹𪤄北𠫾尋𪤄東𫅷碎𨨧朱𢧚󱫣油油愁質𡖼𡽫高排排𠇮阻尼𬲇𡏧客𦟐紅󰬥餒迍邅宜陽𤉓𤎕吏燶市城浽盎𡏧紅𪽝埃𡶀𥪸如重𡑭𡏦革爐󰌎滛塔𡏦渃称大瞿𦀼𡗶𡏦城立壘冲外所郎封溪羅坦武寧𡏦催吏𡋿功程別包𡐙𡏥𪿙泥外𡏢墓地他麻𤯨𧗱𫮲𧗱𡏢庒𧗱奇鉢粓猫𫅜於𡏢包𣉹爫官固𡏢几奇固𣳔鑊𤒛㘨𡏠䐧泖鸞𫃸𦀊買填挼契闊𢚸信𠄩𡦂南󰀡报填園塤世事𠊚奴煨節𬙞人情埃塢菊夢󰁰丹桂自𣈜𧡊木犀拯群塢典每類𣘃冷󰪋󰅹𧡊塢𠲖氣悲秋矗慝𡏘落花𠓹𣈜𡖼娘塢紅杏𥈶春善典霑少年𠬠塢水仙𠄼𬙞𡌽撑撑如拉十殊花𤏦𪺇󰜏割𦋦威𤞺扒塢𬷤𤞻󱁲弹羝󰅒時渃燕淨渃楚湄𣘃柳塢𣘃桃鮮桃油油塢柳唏唏𤷍茹塟号󰑼柳車時骸𦹳昌玉㐌塟𠓨蒸䏾亇󰡎滝斤貝斗弋𨖲平塝渚菭潙弭󰠱󱹡𠑬𠫾没𣈗塘斈特没𬕌坤󱝚是非稽聲色碍制排淡柳塘花塘花𤎒𤋽信螉蹈𨤮柳舂升使蝶傳𫏙坡塘哿滝汝箕𪟂所梗檜庒𧡊𪀄燕𨕭樑𫗃春迻蔑𪽏蘭船鈎𨢇蔑瓶羅塘生涯娓修塘娓柴修塘柴卞𥙩筆𣗾塗𪸄約󰁰餘𡨸麻𪠞吟𠰘塔𦖻兮之禍哿係㗂𭁈冷腮𬋩塔𢩣文塔𬮌論𣈜秋鄧橋渡搥廛塔暎𬮌𦝄梅塔塔掑窓𫗃竹南南孤子昆戊塊吒李公𨻫召傷𢚸戊塊必載命窮苦巾生特昆𪰛感德吒𠇮拯塊鞍馭𪮏拯移弓𥏋𢬣拯塊冊特󰬾𢆥𡗶𢱖頭𤞻𢴩鬚𤞻侯拯塊𠰘𤞻傕󰡫辰傕傕拱頴𤾓𫷜強塊㗂爫妯𡦂情沒塊妾吀𫼳塊笠𩠸茄福麻及攑課先朝𠃣通格律播󱞦𢧚章札札𪟂𣘃爫餅車丕底𦷾蒸坡󱞁滝丕堆些如渃󰜋󱝻如花󰜋笘如𥮊󰜋󰺥𤳷為𢫈㨫㘨󱝺爫咹熣𤍇固調慢欺春夏朋沙湄丕人民時爫󱝹准几𢄂茹𤤰𠦳𰊣盃民所於恰𨷈𫮡油詳油略括包宇宙固如翁召公隊𣈗𨷑渃𢌌𤾓𫮡宇羅𦊚方𡐙𡗶𡐙於𨕭詹茄𢪥𡐙麻蘇像神𡐙渃晋於連𡐙温弋弋𦀊𦼜𦿄於蒸坡𡏽滝河丐𡏯閉𥹰惨質愁磋𢧚墙㝵蒸代仍噲爫墓婆阿蛮譖𢷣墓打破丐棺共骸骨昆𡛔意㪚補蒸𡧲滝廛永庵清㐱實境道人遊戲𪠞渚旦境旦准隆坡軍調歇飭麻辱牡丹木境茄蜍堆些貞節待徐𥙩饒意卞滝域准漊拯固村塸𡧲固蔑塸茹𦱊孕爫窒湿狹朗賞渚離䋥塵腥汚拯播典𠇮拮空𢚸慾𢭯清裊塵󰠳羅錦𡨧妙揚几初傳浪󰑼錦塵󰠲󰠳羅錦塵󰠳𩙍𡐙𨒺𨔌没塳鬦㗂名於蒸塲荣利構致澤於蒸盃漁樵塲制𰙔妓充盈政默朝廷命默遊荒塲斈号󰑼孔堂𫥨庯巾昂挄𥙩󰘚󱚢塲裙𢌌振𨖲𦟏卒朝茹胡軍吳侵劫坦意爫塲打饒楼䜹翁月𥈶󱚢語群任令󱚳嘲謫仙𡐙󰭙𡐙𤼞熠耀渡客往來擼浪漢祖初󰧺制尼𨢇唁𫽄𬋩𫮦𥑥襖襀窖𦀪欣𫅜𢜗𦁼除些蒸󰮃𡑝意丕渃𬈈哿汜侯𣵵𡑝㙴𦼔撑󰋇笠終扃固買辰扔𡳵𫥨買於𥪝茄𡳵於外𡑝𬊐󰘰󰘂紫吉坡𡑝鐄吟唭麻𫴋久泉渚欣𣩂濧𡑖畑𫨩𫳵層層𡐿󰡎𡐿𨕭𥋴䀡風景𦊚边𦝄澄𡐮股𨱽渚𥙩浪󰡎𢬦墱𫏾𰦫𠳒誓𨍦沛墮身橘爫甘𠹾朱𢧚墮尼𤯨𬡶襖襀𣩂墫襖𫅜君子固傷辰扑厭吀停𪭟外魯墫碎魂墩胣亇昌塟𢚸滝几磋㙮城坦漕化工磋㙮別包𠁀㙁荼㙮𢬭𠃣𡗉󰣑枯楳亇最挑鐘鯨卞鄧爫㙮蒸所中所舍利蔑函底鎮沒分𡏦㙮普明意羅佛骨威靈渃尼色身命仆𡨧牢養中臟腑㙮髙劸卞𢀭𠀧𩛷庫𠀧㙩安分辰欣喝每調𠄼𠦳貢士䀡󱙻𢵋饒匪志𬮌𡑴󱞠饒數𢀭𥙩𧁷拱𢀭數𬥣𠃩󱞀𨑮𬌥拱󱚴妑昆内外𠄩边𠬠𪪳長族󱚭𨑗𠰺浪或底𥪝盒𥪝󱌡或底𥪝包迯粘没󱨕絏縁㐌󰡊據牢吏󰖁𢪀源𩂀󰇾𢬭牢當𩛜𩛂𠬠𡞕𠬠𫯳𠬠墝粓𥹀油𢚸咹𨔈椒疎産󰘚溋茄𤤰永祚𨕭嵬頭𪤠𢒎鷺𡳳𡌿浽鷗𥊘眜𥉫𨖲体榜招箕𡑴太守𨅸𬦪蹽𥋷𧡊𠓀𡑴暈兎𤋵丿𦖑膉󱡴㗂鐘迻𡑴勳將𢃄巾撝𦘧𡦂同休碑𥮋𠦳冬侈𠵌边𡑲柚撑固𠊚迍桧返过署𡑲行𡑲𣷭溇麻浽𢧚𡑱如空𧗱𠫾傕阻吏𦓡𪽞𡑰侯葚𫳵些𫽄𧗱󰅒𤽗李友之蒸質𧌂𡑪蒸𠇮蜆𧋅󰘉通𡑩𣷭塘棱冲空㹯社外空𤞺城溋銀𣳮槊𡑩兑撩弓只石生辰買祸󰑼𦓡漢㐌𡑩賖隐跡方甎丸壉󱓦情初赤壁塘姑舅縁𪦲冬征道唱随幀張壁奈之幅亭賞蓮能固間󰝡典准於時蔑牀永𨤔茹𦊚壁空壁𪿙顛歛如𬊐觜𨮉別󰋇苫扜別包埃浪𤝞拯固獰牢默鑥特墻些𣦆𠄩吝𬕩戈幅墻觥約𬏓󰁰丈憐六如𧋉蹽墻辭啫初𨍦渚歇𠳒㙴花娘㐌練蹎移㐱体𬰢𡗶熾𠓨𬮌數𦼔撑播苔边㙴㙴花吝𣈖房斎𧿨𨃌欺󰅹從且制㙴桂朱奇梗多吝糾多楼高餒丐𪃙㙴玉𫅤𪀄鴛󱞅饒扵準山臺𠊚調怍奴固才坤當降𬨠󱞄粉𠬠詞𦢳𫼳幅像没𣇞𪞷𠫾牆坦󱞃撘髙𠀧𡱩𠃅𦹵𬔽󰈠待𠄩𡬼𢀭󱼖支欣朋󱼖禮𠨪麻𢝙道𤎜名󱼒拯少蒸𧵑所少意妯𫅜壻午篤弄徐待名儒壻󰠲固壻𥊖𪾤体尼𫳘󰒂固夷󰘂𩆐監󰠲󰝂𪔠吏壻𡥵空𨤰渃𠊛𢧚沛搏𨨨𠫾𩂄𩂄棟宇層層審炭炭階庭𢌌𢌌𪤲藏納𰿘類𢚸弄弄貫通𦊚𣷭量𪤲𪤲意󱉎主𡗶朱吒旦低特拮壳昆詫之朝意如空壳蟡𨻫𠹾㗂𥪝𡎝𠁀調窮特法仙灵壳凡𢯰塊珥𨉓凌凌埃哙典𢀭辰錢鉑唒𧹅壳拱沛󰬾貫󰜋𠀲羅𠇖壳﨤回顛捐從󱀄劍咹立業笘笘𦹵逴花嘲𧯄綿木猿𣘃敲壳𪀄時埃群別丐󱺈蒸丐󱹿丐𪟤會令士尾僧尼秩唐料士遣几恪台底朱國姓特𣈙𢪀宜士固才䝨埃庄別名絲毫庄固填恩主㐱合𩦓蒸䋥求賢張蒸𦀚待士奉曉𦋦飭攻城身先士卒威名平神菊花花菊务冬染黄务秋湄娄連𣎃嘗新𩚵買頭务討宜信敬奉徐拮󰝡体匝昏証特夐葵鸌矧疎尋内夐𡗶落度𨤔𣋀疎鬪恨寠於蒸内空夐捥𡕩竭𡬷誇光債𦖻娘買計詳𧵆賖律務夏矯答𧜖𡧲务夏𣎃󰮏𤾓官󰝡禮綽孛旦厨報天夏戈敢約吏春易侯𬷤𤐠󰋇吝女牢助𠁀茹夏破散泥塗吝吝夏吏秋戈頭𧏵𡳪鳯黎妻務冬邑𠨡務󰭠𦬑𡥵羅𢩣橰退𫢫𡗊役夌顔󰋇埃㑏邒道恒𠊚些真真仍夌󰑼皮烏木枯門似夌𢚸𬁷敬𨑮分掄院𥪝󰘇茹󱚒傳𢝙安𤤰𠵌呐用命行傷𠃣惜󰬥坤掣制廟堂侯󰭼榾󰅹台𤯨包󰘵歳󰬥调𧃵𨐮身弄調󱯠󱭪𡄩耒擬吏廟蜍󰄜長朱便待除占包𡗅命礼麻懺悔雙离共所固曰丕埃朋𡗄所曰麻補蔕爫欣瀋朗𣦍𫅜𡗄固姿質邏𡗄奴文武每才皮𥪞韜畧皮外弓𥏌時蒸恨𡗄𠽆拯別𣈜󰅹可散𤷱丕畑銀𤒘玉叱𡗊𤍶尼󱘰洞燒添𤎐濃𠓹𤯩㝵些極𡗉𡗉錢擃𠫅𠃝錢擃潙𬇚官且改𠄩𤿤𡗐坦孛秧如蔑𪽏𬟃𤽗牢体吱蒸𡗋丕𬋱𦀊𣑶㐌𡗋𦑃𣰴㐌󰬥適志朱𢧚𡗋𢴝𫨩迭觧𣘃𣛦𡗉姉䠣貪錢榾𦟐𡗋英蹽䐗体㝵君子汝朋𩟡𡗋㐌蒸𢆥𨎠生蔑昆丕娘綠衣明𡗋𢚸𡗶群𡗋才花魁元仃抵旦科𡢐尼帝号󰑼処海陽於東潮縣於廊髙𬮦蚕蛾拜杜丐𧍋蚕種󰑼壮養挼宁床𫯝高坦𬏇声声𡽫撑渃碧㐌仃配坡故或吟声灵工法界耒𦋦動坦轉𡗶闭除固𨤰𨅸𡎢爫声荗浪仙道叱灵声空麻别事情泣尼丿󰠲固𦞎声灵遣𤽗荷荗𧡊情幽𪟽何能直体駭驚和𢜠和哭声灵呐𪞷屡箕昆𡛔弹妑團尼󰛐壯𪪳𦓅掣包白鱔󰑼󰧙壯命黄鱔号浪实意丐連秋清䏾𤑟𨑮分𠓇壼瀝香冬󰋇斛苔恒遣繩奚𫵈扲𨢇蔑壼彈琴蔑張烝車茹𤤰㐌󱨫吏󰬥哺拜察󱱀𠬛󰑼把恩鳩芒廛守𢮀𦝄𡞕劎𨑮𠄼𨑮糁尋旦漸󱙭謨𬟥差彦戈𧡊饒𠸥禮𫯐皮牢固户行極𤄮朋𫯍箕所呐丕台埃𪟽及𫯍𩙌𦝄𣌋󱞳󱧨德邦命𡗶㐌外狞猾㐌𥪞榾樑𢶢共太守計外󰬾𠄼蒸㛪𡛔户𦀚行边外𤽗陳渴眞丕漢蒼𡥙外𬡹𡾵業陳外頭梂渃󰮁如𤀓外娘璇玉篆群香於恒外朗婁𣈜庄咹油些忌扒頂外油麻忍双𪰛萬事戈𤤰体帝𠇮特産󱗲󱞽頭曠詰車𤾓具𥟉𨷈鍾𫮋重禫󱟂咹重鑊高𡝦浪歲󱼓作𦓅芒恩天下別羅包饒󱞿禅天恰收所邏𨔍軒巴邁𦒹禅天景𡨧和冷圖似𫵞幀㐱意󱞿𤍌𫘑窖科目唯𨍦尼買買𪽝福田𢌌󱞾青青󱠧绳𡥙𢘾𡗶㐌𪥘歳𢆥𫢩澄㐌長成𣅶𠫾𥘷買台唭髦󰛈𫢩㐌𦋦𠊛𪥘傕卒鋪𫥨醜車󱞼吏奥󰑼調庄𬉵奢華𪽮浪饒咍歇苛賤󰠳當𠃣矣群户馮時奢侈麻户徐時儉提當欺檜泳頭檠沚奢奇處意囉沔󱟁包饒仍役苦辱辰𡢼伮濫歇汰拯恪之囉󱟁昆𡛔意蒸衛茹𫯳永永𦖻𦖑㗂哭𫯳𠹖𠫾矯𢢆買𡽫滝改𠇮於蒸准𫯲蠻阻鬪於蒸𡎝黿鼉固𠊛林邑圭賖占城坦𫯲外和𣷭南𬂙𫯰麻庄体𫯰㐌停𠬠浽𦟐紅無縁感情媄𤴪庄涓昆𫯰拯外謀奪時冲受禅儉歆𫀅𧡊𡚎󱪢步㹥區迻吏󰡲步󱌰号沃醯鷄多恾之𡢻𭢌𢸚𢝙之世事麻矇人情石生於㭲多張弓𬑰中𠓨𫅩𪀄大鹏𪀄多多捲餅𩛄卷共羅𩛄多裊初諸咍碎朋㝵多店便欺謹渃快󰝂多共麻自㝵多朱旦欺意計㐌特𠀧𬃴𢆥典昆㐌哿為徵昆麻多每𡞕几多挭檜樵夫宁棱耘耕皮把皮搞𦹵多丕時𦒹鋪經爐𪤸蒸恩等聖人侯𡘮好縁𡞕𡨧固縁滛夜𤽗子文𦖑夜意摆倪夜麻󱜐雲髮󱮮𡨧衝世夜夜宝蓋𡽫片𡨧鮮淡夜密箕待杲号󰑼夜毛欋巴皮夜抖宜各同鬪㺔𪽞夜𢪀浪謹台訥蓬栗棘󰅹𪮏沛綽像𪤻蒸襖𤿦羝𡮈羝𢀲絲𤽸埋󱫗𠄼塘娘些𣈜𣈙𪤻樸漣󱮟拯如課怒𤷍𤶹𢄂𡖡𢄂散丐𡖵𣋚意𡖵之𩃳楊篭𩃳茶糜蛰重㷝香𣃣𣇜𡖵清𦖑兜卑庇如形㗂埃齟齬𪤽粗离誦經讀冊聖賢載通巴教預連𡖼排盃恨身𡛔󰅲𬋱拯特𧽈𠯅𡖼時𨎠蹺伴論兵南北穿花埃󰑼敢𡖼埃󰑼敢𢫘㐌哿䐗𡖼堆於丕麻固𪦎求䝨志𪧘夢朱特𦊚𣷭忍群夢𤒘炪夢夢拯𥄭朋固傷𠰷矯𢚸絲想𢠩夢塊𢚸蜀帝塊𢚸杜鹃奴㝹春吏朋願󱀄午挼堆方課祝夢𣷷銀洡湥宫𦝄祝夢邊鵉織女掑𨦩略鬪󱀄開元禀夢𢬣弹指𢭮夢𢬣𫩉𣎃𦊛𣈜夢糝除午生蔑昆𡛔機牟造化𦊚務運冬𨆝󰬾𨑮夢没春夢󰬾亇𠫾咹誓夢𦊚亇𧗱亇𢵼禹門夢冷乃乃摆槐槞祖㐌撘𡎜種𣘃夢菩提𦬑𡢐尼強髙夢福𡍋撞𣈜蔑扔󰘂儒午矯沛扦掑夢禍罕𨢟侯陷拯量種咍惑性迷心𨢟貪夢禍古今哃哃𤴬夢眜𥙩𢬣沕𢖖𨉞𠊚恪𥙩金󱣗丸𧖱霓羅夢𠚐𧺃撐堆𤥑固夢自然吏固核固㝵鄧𠅜評夢浪核意實𤍌象悶爫神像丕爲夢体𠄩丐𧋻交哏穿𠓨競𦠳腋邊左𦧘庒固亇時空准𦣰庒固幔夢𩂏身𪤾𪤾𫥨𥪸边滝仉撟朱𣩂𠊛空動𨉓奈𪥑或𪜀因奔半或爲多逴忍旦官連共奔半𧜖挼穭蚕各每調子子邪邪虔巨奔燒扶鑊漢課村奔肯飭料戈𣷭扱𡽫役𠊚庄恪役𦝄蓮𫯝𪞷𠫾𣃣𤍎蹎𫯝𢢯𢢯𥘪吏𢖵尼學塲細尼𫯝㐌最󰠐𥪸𧵆外󰘂𠵌吟踈浪永永𦖻𦖑㗂哭夷傷𫯳𢧚沛哭絲絲庒如種𪂱故夷咹𣎀𥪝潭夷𬙾朋蓮𦲿𩇛花𧺀𡧲氈蕊鐄些約夷特買如勢𡞕𢠣𡗋𠻵𠫾𠻵吏𢆫㐌𫅷𫳵𢘽如夷揚弓𦓡𡭉鳯凰𫽄𢆧吏沛󰜋弹𪀄夷廢沼𬇚𣴓撑夷仍潦㝵渃些疑浪孛㐌失蒸賊󰫽𥱰󰑼帝失𦝄𪪳窖世吏畧帝𬨿強卞空歇計之𪮏智術道𡗶𤍌闭台󰑼失包時吏𦬑𦋦蓬蓬鵉鳳𨁋准招撩沙机失󰡫吏蹺弹𬷤󱲔枚失少𩈘花宇鐄蹎𠫾失少如𪀄他𩛸庄派吒庄哀酉庄派媄庄哀夭實如罢𡗶麻𫳭庄夭制恶拯𧡊曆官須舍𠳨暗𫀅寅月小咍大帽料󰑼𫃚玄菫固大中小窖分巴類體用𢌌𠚢功用大古今名𠰺𠽋聲名玉蘭羅花大失驚𪦲白浪埃供養𫳵當𢝙𨤔𫥨𢞂把𣃣𪦲悁饒㐌𤳧𬏖固𪦲辰摕𫇰𫥨𪦲底𥪝茄𬞰底外𡑝𪦲𦒹伴生陀𦒹舅𣃣𠄩營於固𠄩󰜏󱦪󱰐𪀄買逸𠽮𫔳𧯅虫𠱊垃𩂏拱𠫅叔母󰑼嬸蔑𢚸正專嬸嬸嬸共羅㛪妯󱙷風流𣠖者香願旦悲𣇞買﨤𠊛悁餒流落事恄慳󰑼世世丐𧋉咹𢀭𧺃媒固埃爫󱪉𫯳碎辰爫𨀈󱚢𧡊𠯹婵󱦗𬈋󰛼𥿠𦀿𫄄𬗢𦓡崔用黄覩𤾓兩納禮𡠣六濁如柴𧴤𢶿𡠣岌𡹞渃沚戈岧󰜏𫅷摺𢜫謨㺧𡠣𫯳𨔍之𡛔媟旦茹𫯳眉共闷憐󰑼買情媟庒𪿥麻𠶖丐湼打𣩂丐媟𡥚箕蒸時媚丕除些蒸外𨳱丕𡥚箕蒸壯盛丕除些蒸𫏾茹丕𫔬萬蝶使蜂媒𢮪拯特𠊛継絶扶危句文得意停㧪𭡏󱋓𨢇𣟮媒𠤆屹岣窖󰑼排役撩𤽗扲机賑米刧媒小夷䀡𩑛半鬼奔𤞻𧡊媒如雉𪽝貪默𣘊納采約見持𣈜通信媒約事尼决年𨑮𠄩󰜏媒恄之饒󰝂丐春情㩒於󰠲𢪀仍唐要離撩𢭮劍𡃊朱媒䋦柴𢯦舞衣卒矣媒埋襖払菜苽羅丐媒踈越蒌控耳羅丐媒𥙩𧒊𦖻𩯀絲渚報媄吒生遣𠅜告典㝵君子浪嗔衛永吒媄𠳨媄𡜤浪𢷣𫨩𫨩𦊚𡥵𡎦𦊚𧣳床媄喂媄唉媄傷𡥵󰅹姻𣳔茄𡤠婚𣳔茄妯婿𡗶󰠲奇𦥃英襖󱏹朱󱪱碎木朱𠻦碎󱜸𠻵崔𢪀吏𠊛傷𫯳強酉泏婹當𥪝𢚸󱟎蒸𠅜𨤔榮𫽄劔娘易安𫯳𡥵羅丐𡢻𫱞他浪𨅸丕餒身脿󱤾𤳇絲喂咳𤳇絲𠫾兜𦓡倍麻撝𫱗𣳔庄嫌真𪮏跪車車香倍另嫌生它𨄹畧淹淹仕排冬嫌這冷沈綿甲嫌為󰜋焠𢼂吹悶慢咹蒌咹𢁑業𠱄庄嫌所䔲荄正蒸𡥙𡛔茹𤤰嫁朱蒸昆翁齊侯𠄩边吒媄拱明丕𦖑嫁朱𦷾阿舅󰑼臼固𬢱阿姈󰑼媽共時固縁𥛉舅𥛉媽朱𡥙𧗱圭崔崔英渚倍𧗱扵低娘媷算皮𫇿湯󰬪󰝡職𥄭𣈜意景欣沫𢚸順易逸梞󰜏󱟉挄𠁑󱖺揚𢬣翁脛拾𨖲頭核勁核󱟇𫗃咍埃咹槹𡡇時填歳㛪群𡮥𣜾𢧚𥙩𫯳朱𡠣債法辰㨿𠄩邊吒媄𤳇𡡇麻扒罰𣳔唯江陵㗂㐌吨𫅷群欣女課群嫩𣘃桃蒸嫩妙妙𠒦𠒦所華橰𫅷𫥿色吏嫩𨔈花沛别味花扲斤朱别斤𫅷斤嫩𢚸討𬆄𡗶坦証明󱙹辱因𡢐特顕荣東安夜澤󰠳󰠳𫅷辰每歳每𪬡江山付默𫢧㛪𡢐尼拯𪟽𦋦胣獴𪀄畨黎虜掠夺𠫾𠄩嬌雌雄𩀳㜥類󰘰娶𡠣𡢼嫁婍𫯳𡥵󰍖𦓡蹽蕳儒英箕空𡢼𫨩󱘡𠫾𣈘錢𡢻錢工猪者𣍊昆𡛔固𪠞嫁𫯳賒吒媄嬰㛪𪠞吏咹制朋嬰㛪𧵆丕嬰稱天策㛪羅晋王嬰渚𥙩調意𨋤貝排僊丕拠繓朱秩𣅶𤴬朱哺𣅶孀真經經孛固夫心香香謹進奴每座扒夫更𡨺邊滝箕楊廷俊拱懞扶持孔鼻魯每法夫肉机丐橽太𬚸户荷𦖑呐咋連嘆浪󰋇几灵天如𡆫烏魚个至顛屎中央拯坤拯曳𨻫央央歳撑屈䏾慈圍吒羅聾瞍𠊛時央央蝼蟈哿俸号󰑼影央野馬倍倍謨拜泣𡗶𡗶𪟽𩂁渃溟濛𡗶𨷈丈瀋漏漏瀝月蔑彙印域域𤁘𥚆𫀅風景𨔍台固𡽫固渃固𩄲固𡗶𡗶班最約𧗱󰠳卞蒸店意班𤿰𠀧因氣𡗶䨙最𪠞典村边東係𣈗霜降𡗶𩂟眾碎歆強𣾼𦋦𣷭外鮮㭳於𡗶丕𨱽𥐆於命丕坦𣜾𢮿𧗱干運𧺃𡗶爫朱補𣅶𨔈顒子𨍦丑𫏾夾除𤤰崩夾𩈘耒丿俸𢺺𢬣公浪󱮾󱭷園郊扵村錦石夾𠓨山荘𤀖𡧲𤲌𡍢夾滝典特𣈜寅𰋝條󰑼𣈜𡮤𨃐吏耒綿羅蒸碎供奉當朝丕󱚢制設待𨀈𬙛奉朝嘗新粓買頭务討宜信敬奉蜍拮󰝡恒拞畑𦷫花蜍奉恭敬謹固湼客䝨󰅹𬋩涓共邏𩚵対奈之錦免溪及牢咍丕包奈故之麻沛𦖑埃悲除傷𡥵㤕𡢼辛酸𫽄奈為緣朱沛勿奈仍典干𬲇連忖式隊時拯可奈牢牝猪𤞼奈辱因挼昆奴󰀎众奇莽孛説廉勤節奇須恒捻細旬會奇都饒筆硏匪志弓橷平願奇𢘝朱𢧚化󰇾揚奇咹奇𧞾吏強奇󱳮斈拯固浪𫨩之奇騎頭𠊛計㐌𠀧畨兵達固𧗱固奇蔑伍蔑旗蔑校蔑㺔𫅷尼𫅷緲𫅷皆𬙞𨑮麻吏固胎買奇󰞿奄應億共盃蔑茹𤴬󰟯如体槊󱢉油𡎥𫽄凭油𦣰庒奄繰緒奄絲奏奏拜㐌劳嗃檤秀頭奏板船卞宜婆阿蛮計覩事畧奏𪻟边書奏旦九重陳皇國俊調共󱳮筭李通󰝂公主𧗱奏𤤰嫁公主朱李通麩殼補奏𢫟𪡔𠦳秋﨤會昇平𣋀奎𠓇󰖽文明𡧲𡗶仍才吔玉噴奎珥󰟯󰭏㳥立仕𦑃𫡮上皇腰酉店𣈗養餒特𡘯仕𣈙料筭奇𢀭𢀨𡘯權衡江山鍾没朝廷𢺺堆𢪭茹底奴𡘯蓮時梗連𤉗些筭朱倍蒸意於蒸意擬蒸意𡘮所馭官文𡘮󰜋銅钱𥋳朋官武𡘮權郡公吒媄娘蘂卿共𫃸托𡘮𥪞禫𦣰鳩恨陳祿麻𡘮𡮨塘名利𫽄奚步綿咹制㐌󰠵𣩂墫𠤆兮空奚固開呈夷奇時絏意沛被𰓖𠬕於迯事追訴些渚𠺙焒辱因𩚵奚女拯群咹󰠲󰑼两舌羅𥚇𠄩朝於低呐𪥾吹腰結讐󱳠昭皇󰑼𤤰弹󰜏𢭂𦷾朱户陳麻於蒸坦曲阜典祭固默爫蒸准代𬧻娘󱟐林彦同薄沒󰝎齒工䏧昆特辰固𩯂麻昆𡛔辰空生𡥵生𡛔餒朱易揚固昆𠌊冷昆𡛔冷爲徵盎那爫经敎尼人情𡛔汝𫯳初旦𣈜娄茹𧘇生特沒昆𡛔卒冷𤳇辰乱𡛔辰平𡅳払棋鉑辰除𨢇茶𤳇𡛔醝𫑺默𢚸共饒𠬠聀權門娄迡魯占倘南迈虽𪜀弟子哿蚤多修行虽浪它娄㝵咍事某渚曠𡗶娄湄害𬏑既娄娄仕𢖵味羮𠮾嗷怪󰑼殿祠之麻庒固之奇只固仍頭娄󰑼頭娄󰡫尼灑篱󰑼杜𣳮娄㐌旦低掉𦋦茹客󰙯𦝄粓買𠬠果茄󱋓渃𩻐𦝄娄地㙁麻徵娄買年孛包𬼀菩蕯󰀎刼尼負刼娄𬁷吏如妸碧決料朱衝奈木核櫗篭娄谷厨冲𡎟娄畧瓊囂闷𪞷朱塊埃𢭼𢩮𠫾孟咍扒亇屡饒祭𡗶俸𢧚󱳦𬗏󱫑絲紅路沛𭉑呼詩𦲿󱳴𠊛󰬾等𧵑󰬾類󰅹沛如埃𦓡𡚦藥𡞕𡚦𫯳官停産妬辰朱祭󱦋固文喃󰜏意󰑼𡞕翁安生特沒𠊚昆𤳇󰑼固健沒𠊚昆丐󰑼嫡母柴𡚦拿󰬾𠊚昆丐媄翁九󰬾媄翁𡚦繞沒姑不幸早亡仃哴緣分女床㐌強掛势亥娘耨尼或特迸賴庄女恁咹鳩給󰡲茹礼麻朱昆半庄渚女謨朱礼為怒嗔停蠡𥙩𤴬󰣑供菓最𤼸花緣初女負抵𫅷度朱牢𠊛女於弊爫丕脱它𢴎女塵寰𨖲𠎣親王仍几𤵺𤵶傳朱女吏和𣈙底空爫朱㝵女要対年孟共㝵閑世間年如聖天神於𨕭𡗶女男𦋦飭英䧺平𤞻争𦧘平𧍰争珠約及女牛麻此𠳨梂烏事意固庄為若㐱𬐩皮道德姅間󰆐貴女天宫秋𨍦彊𧺀女秋尼㐌𤷍局凜麻庄群形像如畧女㐌体㝵君子拯補些賒女拯󰋇𣈜女仕󰝡黄𡨧吏贖丕寬寬吀唉停𢬣吏渚摸𧯄𤞻女秩𢬣女枚綏鄧業茹󱈘羅沫𩈘𡢐羅顕親救朱𠀲󰠡屯危急傷𠀲󱠡空執𠊛壬几󱟦󱹻箕可傷意歐羅禍𡗶意爫害𠊛𢀭群可丕几󱟦󱰚箕可傷意𬑉塵屈月矑𬁖󱟡貅𠊛仍約𬇚曾𣈜娘妯朱媄𫯳󱟠󰂇些如𣘃荒箕枯󱹜默拯固梗昆𡦅固𠊚被傷󱟟𤯩勤沛急救寶城經理㐌安𡾵高付吏𫲰賢承家𤽗張生典茹時媄𫅷㐌辭茹昆𥘷㐌學呐丕𠰷𡘮蒸傳道學道學𣈜𫢩㐌𠬖耒𨑮𠊚𠫾學𠃩𠊚催吒昆㐌董團𢂎傘𡥙𡦫彊𡗉預猝𤡛𠁀次𠀧𠁑命羅𠁀𡦫孤𪧄㺧奶𫅷奴󰀎众奇莽孛所説恩󰪀盎那南㐌杜倘㐌奴那昆体生福慧兼奴㐱買可年㝵實谷㐌奴中史尼庄煩劄讓咁初遣朱昆奴粓共粥𠲝奴隊𩛷仿澄共旦固堆𠀧𣈜末󰟨朱𢧚𩈘曳𬏝箕󰑼𫇿𦲿押𫉎尼䃣點節奴瓢菊香奴拯特𤯩丕𠫾󰠲𫽄󰜡𭓇路𧡊𠊚些杜納奴麻𥈺闭徐吒㐌𫅷奴昆󰝡權奇埃󰑼几當𨕭𢜠甚獵𫅷奴敢吀上憲恕朱特𢘾老低𫅷奴歲作𠫾咹眉汝𨀈旦低想因緣𧘇如妄絲王洄流渃勿宛妄差光森觥計𠲥𡀷𠳒𠳨查眼如𨄹北塘𩄲奇㦖世間如撫葉󰅹埃羅拯隊𨖲頭性本如𪀄󱚛與𭛣萬󰑚女絲扜㐌最如墨吏𢠩如𣈘雖它渚固才梁棟好盃渚醝㴷几仕𫅜𠰷役針針英㛪些𫅩好󰋇饒舅𠰚孝盃渚醝㴷几士𫅜𠰷役針針𤽗本好邏𢧚疾󰅒制盃𨤔堵匪課平生丐趣姑頭擬拱𫨩窮饒奸󱫂𠇍饒𣈜意蒸士󱓦𣦛𣦆代拯𤲼󱓍奸唒𣦍朱𣩂拱𪫢浪奸利貪歇𥙩饒時竟義沛󰁂朱乙拯妨民凣庄別帝王剃頭學道庄妨身𨉟𠲖除螻蘿𧌂醬𧆄用草木矯妨物類边滝浡妥浮漚双双如𥮊固堆荫奴共妥𠮾裴共咹𣈘󰅒炪𤒘𨔈朱妥𣈜恪𢭾鈎𢪀拱皮捥𣘃自妥群嫩𠰺𡥵自妥䀭群𡭜䜹釣竿勤勾妙頭信京妙位信茹踈登亇律或󰑼牢庒𠊚󰅹固福鬼妙弋戈吏体𠄩軍獄引蔑㝵惵𪵰𪵰妙妙𪽝方東麻吏牢殘󱩬妙󱡉淹妙揚忠厚特格律茹爫疎爫妖假聖假神󰬾魂奴化将軍𠀧𠊛𥘷筭妓佔𫅷蹺修持拱𫥨妓鐸𠇍𥹰󰅒㐌𠾼㗰𫫥妓捔𥙩𫯳郡公𠬠𠊚爫妓醜名𫢧󰜏集節陽㗂樂唯傳㺔羅𥒥性慈庄妒酉妑𨑮𬑉酉柴𫤯𦖻頭師𧯶沛夷妑骨伯午𡥵螉𡮥丐𥄮𡛤𣈘阻𧻭还魂𢱖󰠳𫽄𢱖𢱖𦛊㛪𬆄午沃讓謙羅美德永姑辰丈拱過𠬠𠁀姑時固号凱郎穷京㛪𨁟辰姉沛㨢𦤾欺姉𨁟㛪𢬄𠰘唭姉㛪共仍伴友㐌涓𣈜初肝義𤋵𫥨拱姉月塊情𢮭買󱣶𡽫滝姈羅昆𡛔窖姈𡬷𢚸誓貝𡗶高管之𤽸𩯀姅󰅹𦀼𦀊玉𤒘𨑮分揾渚苔姅彙󰌋󰌋買方西典𨎠羣姅丈可別𬰢𪖫乙娘蘂卿丕𦋦威𩆐𩄰姅𣊿賊散𡞕姂𫯳官停事妬底枚𣈗𡢐杜固文喃妾㐌謹權於園南除撞衛仕塟丕縁尼絲月窖分易吹𢚸妾愛恩爲払𢚸妾似𩃳𦝄蹺唯胣払賖𰿘𡎝𠦳𡽫咳払喂咳払喂妾𣷷縁払固世傕罢幅襖裙妻妻樞篩核渠更昂𦮲育边皮妻妻妸頭固号花奴調歌笙鎫欣𦝄妸小蠻𡛔妸𡨸位朱特𥹰𠱋𥹰𥹰吏𤇥𪸝𦎛妸姮汝㝵惵羅娘妸户姜丕𠳨𠶀姉妸蜚娥春撑度󰋇󰘚花󰟯󰅹𩈘花怒妸潘郎𢜝欺𠃅𩯀坡霜共󰡤拥𢫡卒妲麻除蒸賊欺痗㐌耒時迻妯𧗱典欺衛爫妯茹户馮頰髯木扃岡含㐱實妯讒古号連顔怒嵿泰山停冷妬󰅹魂烏馬落類󰠳貧󰛈併妬朱𧷺買冲唒浪粓𣳢茹外妬拱𨇜風流拯少之𠫾朱別妬別低扵茄貝媄別𣈗󰅹坤䜹浪嗔妬𠳿唐些𠫾竹笱妬鄧仍常屯吹丐夷粗𥌧𣃣齊丐𣔧妬別丐夷𪖫翁百户妬埃撅瀝𦲿棱底些𡅳𩙌𩙌停搈𣘃𤤰共皇后𦋦𢬣沛欺㺔妬奴埋破乾死生󰅹固惜命𫀅昆㺔妬如形㹥昆打忙󰞿三辱耶户行庄故礼󰒂𡶀廊盈𪀄部伴𩄲客次月󰞿三蚤仕美弄朱𡞕於蔑弄共饒如󰞿㛪丕雙㛪志恪𫽄侯如󰞿󰜋畑󰜋册󰜋命𧊉蜂屈裊燕󰞿亏唐𥙩𫯳爫𫰣固干之陰户羅𡜒陰毛羅篭𡜒𫛕唿𪀄坤沛於篭准輸羕𧍰𧋻失勢边特羕熊虎囉威𡲤妸姮娥蒸僊𨕭殿月丕敬礼媄姨慈孛些大姨姨奇令世小姨姨乙𬃴咍每𦍛𤤰主禁断爫之抵堆𡥵姨𫽄𥙩特饒𠸕姨𩙍哴緣羅世渚爲才麻易𫳘仁遁客摱牟𣘈粉姥半命贖𥙩罪情吒𡑝茹官姥樂萬㐱体丐鶴淫翎𨕭空法派麻姥核姜𦹳荄𭛣爫苛虐民𠹽如姜𦵠荇姜蕞每味割󰝂時另𠚢外朱賖欺姚澿洙灆𩛷羮矼𤁕釋󰜏𫅷󰭔被曷椒𤯨包饒嵗󰬥调𧃵𨐮老拱㐌𢜠台𢘾固󰜏𫨩蓝𫨩爫󰜏馭𤷍少几𧜖𤏦𪺇󰜏割𪡔威役博空雙碎𣩂𣦍𣩂𣦍𫳵𡝖倍傍台𫖀𪪳𬞑󱬐撑顛𤽸𪽝在娘娲𠺙髀鏁𫽄沛些磊限𤽗𫽄固媒娫𫅜嗔𤽗渚陣典務秋𥙩爫限𦎛娥脱㐌𡽫東姅彙𧡊󰮂錄𬞰傳𫥨寔虚𣜾𤏣雙娥𣜾詳婬娼娣娞𠭤衛些吏朱茹娞蒸𧵑咹丕空𧵑娜之某甲尼念讀爲徵魂盎娜悉因縁廊娘廊娜𡛔絲󰋇祝麻𫥨娜𣳔柴噲娘阿蛮旦仲始揞𥙩𠇮娘媚娘𩻐㙁箕覩𦛌𡥵𬷤媄娘𫽄㤕朋些㤕娘娘𦓿固号耒端式𧽈撫娘龍麻吏󰠱𢚸𥪞娘龍蒸斤都㐌拯固𥪞𠰘呐蒸沛庄亂單囉恪庄沒𡮍𦟐桃娘竜双㐌高高皮斉娘竜忖識𩈘眉謹魚罪業𦍛󰀎娘固某孛咍除娘庵永孛現慈悲常制馨羅𥒥共𠁑㭲核庄娘𫔸茹吒眉泊胣㐱拯娘如仕娓𨪷𩯀共民平㐌姅娓香自𧿨吏茹󰜋𠇮払准楼花買強𣖗𠶛小底㤝空𢶸幢曷娓吝点吏㧅師兄齋拙娓𫅷冬迻或媄弄動女昆咍布娌󱏛巫媒𡞗求神醜婦𡞕丑切磋鬼妻𡞕𭁈㝵些責重󰘓𩂁頭𡹡鎖𤌋香廟埃如廟𡞕払張𡞕哿衛茹𫯳拯朱󰕛些𪠞共𤽗杜三時免蒸色𡞕𤽗仲逵𡝦𧗱𠽄󱠳茄圭官員𫥨盎𪜯𧗱𥙩粮吒婫𢜠𢙲少之役縁𠳨歇分厘停停没方𡗶󱩸婫眜耽耽婫白雁䏾擂摧𣳔碧雙拱𥙩事婚拯𢧚㐱急移衛边東辰婆茄些平𢚸旦󰠲意渚吏婆馭油冷󰅹伯楽丐鎌忍固少張華麻列末麻凌昆婁騷英㛪之買绳仉滥𡥵住𡥵博寔󰑼英㛪身㛪辰𤽸分㛪𧷺𬙞浽𠀧沉買渃𡽫江山付者𫢧㛪𡢐尼約夷英化𫥨荼底朱㛪𣳮渃𩅹𡊱銅㛪吱船板𫽄𠫾㛪𠫾船𥴗固欺湩浧胎宫自意󰘉𦋦胣和𪩥㖂󱟢和極𨖲乳󱟢沛道碎𪰛磊道𡥵𡥵𢲾𡥵㩫𡥵𢸚𡥵𫼳産𦝄粓𡥵供吒𡥵底𡀷具𫫜朱拖𩛜𡥵𡞕眉箕掣呐能婢房󰑼茹𡥵於矇𡗶󰡎汫想𡗶昆𢖵𫯳辰𠃣𢖵󱟜辰𡗉󱟝𫢖丕空沛𫼰道㝵麻生𫥨昆𠁀次𦊛𠁑命羅𠁀󰴾󱟛周逾𨖲𡶀南平𧡊船曹㐌如形許都用孕洞玉皮欺󰣑迢迭廊花忍刻曥𠼕丁皇吏𠸕浪机會尼渚用孕爫之孕仍如𩛄蒸𣈗節𡧲固蔑塸茹𦱊孕爫窒濕狭自𨉟㐌債倫常𥙩之𢷀䋦孕𦀚衛𡢐𪀄𠖤孕柳󰟯梭𦂾渃沚𬇚蓮似𤂬弹㛪貪𢀭㛪𥙩绳𡮣子俾疪卑科目課皮𨕭󰘉𢌌埃拯浪扲󱡄状元𨁡𣳔詩禮茄傳寶爭𢃄魁元榜𤈜鐄𦊚皮山水意圖寶󰋇𠀲魚樵羅伴親帳月冷𡫶城不雨旗毛𢯦擼隘無風𦖑浪固𦑃花春蘂𡽫蒙󱤍𠓨𡑝槐庭苦拯貪𢀭󱟰拯貪𤳇𩆐㘇𩅀秩蒸勢𪽝𡗶𫴋皮張况之唯𫴋𫢫尼沙蹎𨀈𫴋𪽣荼𦓡𤽗姑籠法嚴禁󰢣𡪦包󰘵道𦨭空湛󰝂󰋇倘奸筆庄邪須舍寬寬𢚸世𠃣渚忙忌忌遣𢚸煩寒寺鐘󰠲寬吏日樵樓角怒日𪰛疎𨀈寬隊𨀈寅寅𢌌待㗂䁀鐺𢭮𢭮歌寬董䁀㐌傕寬吏日㐱可𠃣寬限𪠞待𤽗擬典爫朱奸黨𠫾𠁀咳寬文筆此制武權鑽󰑼寬󰑼錐鑽羅丐𪖫寬囁嚅呐立寬寬庄詳𡄎事𡗶坦𫏾𨍦吟䜹蔑首寫愁魂寃眉𧍋花塢愁坤寫𦟐粉珠淶突庒枯盎那恩包那高審󰂇朋𫶸共怛𩄲泊准賒高審審化兒審審𠦳重𢩮斤福罪捽𥿺運磋󰑼胡羅審𡔒花強苔󰇾巾淚払𬂙曾󰌵𠊛𠁀審卒戈牟春撑崔󱋔呢哭吏𡃚𠯇嘆𤽗若眞賒蒸准恪戲𡫐𪸄󰏙永拯所体蹽𨖲磧𡶀𠀧𡸏𥙩𦊚寰𥒥𧗱稽蹎樑𠄩𡫫𦓿㐱𢙬𦖻壁脉棱爫朱𡫨櫗如𢫕買羅銕鍾寵𪔠差斤󰍹求西体字經鐄音字近𭓇路曳別駡唭浪末涅時圭欺㐌哿時𪠞斈行字󰒂碑提𠄩字󰘩雷獄尼底治排碎奸邪字工世界朋陪陪众菩蕯𢴩𩯁唭呐𨆢𦋦𠸦浪意寔大家𡥵󱍺榴木核哿孝枯花𪰛咍孝𦹵常鮮拯𦣰式曳裊𠀧更固蒸公藴𠊛尼固忠固孝固𣦍固䝨㐱孛羅𢚸阿難䜹孛麻浪浪坦古珠孛法雲蒸中渃秩𤍌𦍛意脱祝仍像孛黄玉沚𪡔如󰌎坦拯仍𠲝㝵吏𠲝所所浪孛丕丸坦󱣆𢧚翁孛𧵆厨哙孛朋英𥊛𧡊孛𫅜𮜲孛𠫾𨔈舜花花孛堵牢捋鬚孛油手箭劳孛扲𢬣干櫓扲盾店𣈜禦支㖡噒没㗂賖𦖑𧍉扛𬆅槈󰙘為孛𥵉平生染特疾踈狂典創𣈜固𡥚行䊷𥙩丐𧒌補綠𨇒典𤼸󱰍荣花𩢬𡥚公卿𣳔次哿盛昆昆𡥙𡥙𠁀次𠄩𠁑命羅𠁀𡥙󰣑群刀𪀄鳯𬦄𣅙除木𡥙𧏵撑𥊛𨖅函谷㹯孤古𥋓吏烏江𤠲給𡳪𩄲𠄼式𩂏撫殿堯𡶀𠦳層扃孤塘蜀固塘𡮈朋𦛌羝觥孤役外鄕黨渚堆孤李南浪主不󰒂王家拯立孤𢹾蔑𠇮坦箕𦓡捻𬇚䕯刀箕󰉂渃歇調堆孤䳱鷺号󰑼占蒲孤赤幣詞紙孟孟歆歆𠀲孟可𢧚𢶢城茹公侯阿諛󱩳仍孟𤿤埃咍權意吏𧗱𢬣埃係特劸孟辰固𣈗𩛂𩝭雖飭挭鑊捽𡶀拯咍默麻呐孟同同屍補秩同𠀲󰮡如𧍉𠀲衝如𪂲唐長阻隔渃𡽫屡孩想奴唉羣踈癡聖䝨初𭓇調之㐌斈時嗔㨿帝推苦竹拯於𢚸客薄老梅舍𭓇󰞺𠊚清𭓇時失業農𬀦失机紵絲󰑼𫃚迭荄朝孫弋弋駢帶倍分㦖𨖅辰北梂橋㦖𡥵𫨩𡦂辰𢞅𥙩柴󰅹固𫨩夷丐𡦂儒翁𠊙翁貢拱𦣰𨂗饒𧵑意庄戈𡦂義路羅仍几孱孱𦖑𠳒呐沛𫽄筭斈隊肪膏𦲿𦟐甲宜兢孱随蹺情状𦓡决定󰑼󰄼停緩𧗱手續役件埃浪𪀄雀𫽄固𧤁牢默鑥特󱟨茹些𬋩家󰑼󱲝役茹官𫳘󰑼󰡫󰒂󰑼󰡫昃平󰑼󰡫相公𫳘噲印波伯高羅𫳘本𣳔户梅武公蹥蹥𨀈連𪧍𣘃𣛨桂移船㳻賖固㝵襖紫當𡧲針枕𡎢𥒥意昌𦹵意𣯡𡗶南𨅸𡧲噲南䲲栗栗㝵補䋥兔扛囉蒸𡧲棱屍沉边𡶀𡧲𣷭典准龜洞箕埃省箕埃醝箕埃撟月𡧲班𣈜㐌身入聖超凣𨤰󰝡𢚸实牢󰝡𢚸邪󰀎買实把特恩󰪀盎那脱催官買厌𢚸𠸦浪節󱧔名冲实󰑼戈林彦劫泖沚𫲼昆亏真群庄把特恩曩盎那玉花𨀈󰞘呈排碎昆吒媄仍𣈜孤单吝次𠀧辰黜󰞘北卒歇懺悔它陀󱲥弄𡗅命礼三宝身它歇累身𢧚珥后羿𧡊𩈘姮娥張弓闷𢏑離它拯當罕󰬾𤾓两劍兜脱𬂙󰣦辣牟䏧咹之髙𢀲悌它爫牢羅它几醒𪮽𠊛醝九重𫢩㐌𧵆𡬷𡱩𤉒寔念丹朕特咍陛𧏵𡬼𡬷󰘚𡗶奏𠳒忠󰒂𤼸排修攘𫴯椇片𤬪辨𥙩調空油咍益𠇮雖𤗲襖𫴯紙麻拱拯吱哿悶亇專顛頭習情𣈜𣎃固專固勤折𫯰固法渃專掑軒落語僊姑射爌䏾疑羅主壽陽將茹明󰑼𠀲張輔分軍𠓨爫賊侵劫几𢄂法咍洒荳成兵𥾽形爫將破城閻王妬埃别特軍󰅹結將拱𩠱麻卒拱𩠱蟋蟀丐𧍝㗂吟𪧺𪧺𡬷坦𡬷鐄腰閉些包饒𡬷坦𡬷鐄闭饒制春歇𡬷春󰟯意擼橛󰝡𧗱底魯空蠶昆尋尋羅𠬠尋𠄼𡱩尋奇尋高㐱出群氣𤍌光岳構𨑮分舘浪恄役尋抛恄荄恄䔲恄󱚢細心𦵚尋春𦬑𫥨梗碧㛪固𫯳耒英惜㛪台腰皷羅𪔠尋󱖮庄沛尋賒因虧本年些尋孛鸌矧疎尋内敻尋泣每尼庄特昆悶𪠞爫福牢庄保吒尋福共尋茹清永便尼習情𢯏𦰤拍𦹵尋𨖅拪扲丐𥿗丐針拪扲𡱩𫄄跢尋𠏲𦁼當干焒𤎕粓𥸷𡥵辰頺啂𫯳頺尋尖悲徐焒㐌𤈜𨖲𡥵㐌啂段尋尖辰尋逐𠓨𡶀雉㹯尊古𨆷𦥃滝烏𤠲𣿌󰬲𥠭𫅜女底󰬾冬冷舍漫金雞邑𥙩尊枚𪳔對淡𠊚鐄𧺃分泊撴朱客𦟐桃民閑蒸碌碌揞𦃿對絲娘户武凝丕沙渃𪾺𢝀丕對𠅜浪溪𡶀汰汰拯對度𨎠娘浪陣󱙴歆戈沉船𢧚浽身𪞷對尼廊弓劔林離𡭉𪀆他𧗱臭𤇮揚弓𡭉猫尼󰑼宁誓願本初爫喃車宁甲㝵少學坤別坤𫀅渚朱群禍宁工𪮏玉簡体玉道常宁𪮏怛宁挼曩丐哿劎皮朱安侍滕侯下皮中宁床掌心󰑼宁中弄盘𪮏中洲󰑼頽宁滝󰋇𠳒𨫊𥒥丁宁曲蚕󰝡䋦絲情𫽻𫥨會謀去惡朱安斫之󰝡吏江山茄陳香畑謝𫢋皮安買󰝡簮撅旦盘共師眾碎礼𫢋㐌安欺案󰑼安歷真丐哿劔皮朱安安皮分庫劔准養身度身唒𫴋九泉拱安險灰𡮍𡛔𢜗𪬡𢪲巾𢯢襊吀安分𢘾姦雄𠅐𡳺𥪸𡎢𫳵安綠札安馭北連凭嵬馬鞍安馭傾傾殿漢𠀧更月宇宇城胡没朶花盃承質閑宇宇福塊𠰘𤞻𡄎𠇮宇󰛕筆硯別󰠲經圣傳䝨󰑼󰠲田鰍丐宅最盆宋𥘷号沃欄車泊黄珠宝缕钱饒世殿窒󰬥图珍𧵑宝正道唐丐倘宜線樹突突核朱侖宜討宜敬信奉蜍拮󰝡肪䐧𦲿𦟐甲宜競孱翁𦖑𧡊呐債𦖻度火瘦𥒥同狔宜𤘋迈尼察宜蚤侯爲迈哩󱫷注説柴宜調𧘇連求朱如爫丕仍麻󱉎主𡗶宜𠅜昆欣宜𠅜吒共各柴嗔丕宜兀𡶨湘䏾鵶收𡗶和固雪景添牟宜兀爲𬲇捲拂披隊准𫅫𤌋𩂟宜𩂁岸𣾺𡥵𪀄拔𫗄落類啸傷經𫀅巴遍𡎢宜買國新羅園桃午槾曾𨈆𨇒閣紫樓𣘈默擬宜買南固𣘃喬木拯可擬宜仍辱𤶑󰅹㐌己宜催催催拱𥛉㝵買從且咳󰡲宜矫麻󰋇𣋚󰅒𨄿𨇒𨤮𨱽窒痗𬏻𢪀宜朱跬鋩鈎窖宛礼勾姅󰌺襖𥵖𩂏衮衮󰜋芹勾竹宛欽欽𦝄坤宛禄𢧚辞繌𨆝𧋉枯繌𨆝買宛𦝄䓬雹宛𦝄𨱽㐌饒宛轉𤾓唐康康鎖玉杄鐄拯竜象𡗶謳㐌𢩮銅斤定朱埃乙固垠生浪月老車絲因縁㐌定陳家仍𣈜固欺定渃兵𩚵共皮瓷碟𡌡使定圖清世坦孛秧如蔑𪽏蒙傷𫯳𢧚沛淋炭𠸗𫢩埃扒役官𫢧󰜏𢀭固少之錢賻没𫿟官空沛𨤰𨖅空辰拱鉑劍𠄼𠀧𫳘噲󰑼情遣扱𢂎𠫾露旦宫昆𡛔户阮卞𠓨𥪞宫李通逐軍󰝂公主𧗱宫耒𥙩𥒥拉𬮌𧯄䏾畑油忍停𦖑𥘷宮渃之朱累𦥃娘卒宫官祿旺爻夫妻揞琴丙𢭮宮流水馭車室室塘花𠻵信郡邑𧵆賖逴𢜠𦖻常倣𦍛勾埃讀𨻫𩙌椿咷撫佛𫩓𣈜演𡗶扲客於󰀑英坤麻㛪吏𢠤𥙩埃待客賖𧵆朱英船客制秋各挒掉時浪咹𩵜𩶽𣵶𫽄時𥙩客固𡳪𨕭頭具尼迷丐實羅迷嬸客𫅷箕拱𡃍𡃊喜鵲占客咍朝信明𧿆卒塔髙畧茹𫞡𤊨如𣋀𡨌𡗶妾㐌沛𫯳昆拯容時𠓹𫅷蒸准水雲𫵟鎌㐌决庒容賊𡗶共容几𤲂買󰑼𠊛𨕭𫮋工塵世庄管事世永永岸箕油𢚸容且灾𮥷拯沛吏從容桓浪𫅷吝呐容埃易敢𢚸爫反麻󱳮隊一聖初群𨂚讓路類常怒可容𨱽𠳒圭执抇容𨱽油或𧍰爭𤞻都蝶容螉沕拱固𣅶容制坦客渃溋𦖑󱧖格𦝄岧詩容㹥𬦳𡨸廉𧍆蒲卞達宴於閣朝陽娘姬嬪調於𦷾𠼕歇諸軍賖𧵆冲宮爫宴殷勤𢜏饒𦊚娘預宴殿𥪝恩𤤰澮渗㗂𫯳𦹳淶些福特備員爫宰邑欺𧗱㧅顆印鐄𨕭宮𦀻敢𠖰扛爫高丕買咍孛於宫茹箕埃董鼎宮廊狹粓蔑啀渃蔑瓢户馮時𡮶通麻户徐時𡨺禮署󰝡旦滝𣳮瀝麻𫀅中𪮏庄𡨹末蒸𫴋滝𣈜𫏻翁修定㐱衛廛𡨺挼娘阿蠻虎符兵馬𡨺床𫔬民雙𤽗張生性擬𤄮疑馭𡨺過𡗋轻防𫽄固𡨺床沙机收陣𡧲塘補功𫳵朱𡨹特𫳘忠買羅孝子󰡸𣳔書香自技衛𬧻恰蔑旬麻生𥙩𡨸誕達𠸜朱所昆醜𫨩爫卒訥𫨩呐𡨸於臺閣𡨸𢚸包拯蠶婦海蒌挼蟳絲黄𡨧蜆拮𬃴收𠦳柳綿花𡨧屹群生慧日森林岸𣘃披𦑃鳯園上苑朶𡨧筵筵󰡛强誇𡨧𡨧時呂漣𡨧美㝵買東圭撞宋画像像尾莫蒸密㝵金烏密𡗶朗紅蟾輪月朗連空漏漏󱖮幅本皮󰑼密案嵬𥊘𦖻奏密每塘吀爫如世買詳頭𡳪密𦟐共󰸪實尼重用𠰘𠊚似密味戈兀道聖朋絲䋦唉𨱽玄酒渃謹除寅𠬠𢆥特𠇍𣎃春𠬠𣈜特𠇍𣉹寅𣌋𣈕寅寅援淨時㭲𣘃㐌𬕳梗槯散索渃楊㦖洅𣳢寅焒縁形𡶀寅寅濕𠀿撑寅核𥡗侯边𠄩𢩵弁紳𦅰斟枕解蠟寅秩炵曲扇厥寄支制寄𬮌店除香桂律括軒𣈜戾俸花散𤞺默㗂寃𧗱内綠󰍖甘𠹾𢷀准棱撑固𡞕羕意遣𦷾噤事寃㶑㶑低些群少沒拪󱫟󱟬庄咍翁舘唭之撫𢬣󱟫照沒欺唭𨱽吏差楊将󱟪床役边尔󰅹𠄩𪧚恩情𫽄傷𪧚情感景𪧚緣彼旁𪧚台渚易填恩󰠱抆𢲣搓㙮業茹江山坡𡎝飭𦋦𪧚江𢚸翁能忍賢和腰當朱咹朱㕵𪧚江傳英宗吏󱚢茹𪧚󱠢季釐𢭂保冲外些暫𨖲𡎥𪧚役台𤤰𢆥朝約悶衛准𪧘俱胝移阮用隊躡𪧘翁盎怒豆寕名黄大豆性咍除俊痘生癰蜜𤮿強祖𣩂𧋆仍尼𨐮𧃵󰑼尼寔他童浪柴寔固才嗔󱚢󰏤脈論排𫇿之𠸦朱𡥵造寔才才窖鑿𢧚形丐桧搓鶯哴固几才情主公朱典寓營學堂𦖑浪公子户梁郎侯𠰺寓西厢𠃅外払䀡買保鴈童哴𠳒詩意寓中家情𬂙蹺𡬷胣添強寫𢚸吏寓律唐𦊚句焒饑焠𦛌刀寒割䏧𡄎𫀅罕几士寒呂時沛𧂭勉安戈時𡬷𩄲如絆𦎛寒𦝄花沛事𢧚盤麻制玉它固曰埃恾女㘨魯坤寒別𢢆渚渃危主幼坤寒業茹户趙謳筭自𣈙芻𫳭詔皿号曰𣈙毛螺豸沙真𫳭坤連世󰑼㝵連我𫳭坦如折丕𫽄󱺃所𢚸羅浪󰥎𫳵󰅹伶󰅹乍󰅹盘𠀧𫳵朋𠫾學爫柴判最𨢇森兵󰣑𣷱𤙭於𫳵朱𣃣𢚸𠊛於𢌌𠊛唭於狹𠊛吱𡗶生𫥨刼咍制𫳵麻吏𢬱𠓨尼空錢越保李使每情𢚸㐌决丕丁寧实時󰜋念恒𫳘󰋇𠳒丁寧省親假㗂北歸丁寧吲歇每皮始終洁󱗠鐄吏𫥨鐄仍𠊛君子胣強寧寧玉冷󰅹固絲援,Nom
vi-du-tu-dien-dan-giai-nf.no.txt,英㛪駡女調欣舌蔀伴朱咍湼實時拯功名籠人我實意凣愚呵拯悶盃共茹󰬨調寤油牢典挼碍碍宇宇爫蒸𡛔寡𦣰蔑𠇮𡛔係寡𫯳󰜩典苔溪庄󱳮媄寡𡥵瑰𣋽𣅘鵉鳯奴堆󰟯󰅹󰅒時穭寠㐌歇穭買㐌𡨧牢拯固蒸𢚸汝圭丕𠱋𦹵𡑝察察吏豸𬰢𡗶熾明船察察苔滝鄧容軍浽󰟨蒙坤扲察身心煉性識呵浪蒙果報鋪誇倪曳庄咍谷𫴬疑篤虐槌林摳荣㖂浽舂𧷺橅󰊎請銀𨱽𨑮󱙥掘詭詐呐対庄信媄朋対時呐古䔲𠰹古兀紅塵苫債苔間防欺𬌥対補咹迻𦓿𠦳黄約対特咍庄𣎀𣈜𨻫仍干戈特昆𠫾対時吒買𧗱対㕵黄苔菊課霜題柱橛旦曾句対才坤頑対答𠊛外𬷤終󰜋媄𠤆𢙇跢饒称爫節󰒂𡨺𠁀対官北國𡨺𠊛南民鬅鬙󰑼󱮮対碎㝵典忍酣庄固㝵典漢誨惜功修練𡗊㝵補茹補󰘂典𫢩買詳󰂇朋㝵客於杜茹㝵制渃碧隐𡽫撑人間固饒㝵得意几吏边南㝵戈边北塘詫朋󱓇𦀻𡛔坤𢲛胣英䧺當干式󱟱呐共杲娘景遊旅句詩寸式䏾鄕𬮦賖屈𨤮𠦳𤤰浪埃𫽄英䧺些恨𫽄跩沛中𢧚𡮺󰕛碎飭𮤭才𡮺𫯳願掛博𡞕願󰝂𩚵𦲾䔲㐌固𩈘鋸布𡮠窖攄𥙩特媄󱟹容朱𡥵扵䋲侯拯𢧚察湼苛求𡮈󱺂𥪝外𪧚役翁老𫅷󱩈󱤠最直侯小童󱯛一疳病昆𡮛畧朱󱬻󱬺咹󱮪害仙娄用謀尼買衝愁爲堆󱣿𤵶疎忌埃𠰺保言辞朱坤册畑付默弹𡥵󱟶升斗𢘾𦝄󰜋媄眉升斗𢘾𨉞󰜋媄眉𤽗王陵𠊛於坦沛人本志奇󱦞群󱟵𡮈樁堂率𧗱塵世群萱堂奉養歆枚伯午昆螉󱟵丐𥄮𫴼拱頭𬷤󰞯拱󰬲𬌥𫴼曷梢𫴼荄𫴼䔲𫴼漂𢚸𠊛君子𠼺𢚸𦖑𡭱女蔑埋固几綽春郎南北西東調細𬮷雉𫅷𢀲𡭬共称柴𡭬仍麻𡭬曷椒𡭬𨐮𡭬𨐸𡭬漂𢚸𠊛細𪨁刃𪖫𡭻咹辰仍闷咹唁爫辰𢮪役𫴾𫴾麻爫𡮍胣拯群兑典󰒂𤤰𠊛𫳵拯𡮍良心駡嫌景𡮉吱浪狹賖隔尋常別󰋇𠦳卞抉撰閣𡮉爫蒸准讀冊裊固蝼𪰛補羮𢭾蔑𪖫𥏌特𠄼𤞼𡮈粓仕貝襖讓朱道髙法冉𡮈𡚢𠰺傳𡮈然𫽄敢𧵆埃𡢼𫯳𤯰邑𣌋𣈕󰜋𨉓固呐時呐朱𡚢停呐儒𡮈如𤙭帶𣈘淚妾󰅹𡮇𥿁边巾𡮇便宜庒者分埃底朱𣹓所隂功身𡢐吏𢯢化𧏵󱟸庒𬥓行咹仍󱟷橰𫯳𡥵固別機牟尼兜仍𬖉𫏾簾蔑祝𧡊特󱎫除排挼離别󰄜𦝄尼𢚁𠖾方㝹鐄緗錦󱤀󰟯幀語󰑼㐌典天庭欺㝹翁杜科㝹於渃󰅹世𦓡花笏吝襜袍𠱾節𫅜𢗖𢖵隊㝹能㝹仍於𢬣臺閣󰠲合包饒席綺羅時意妾群當𥘷𡮘𦖑固󰆙公户楊意爾𫵇𠊛󰮍奇𨤰𢧚敬待𠀲𡮥𡥵𢚸沛傷𬁷𩵽鯜淎蹎𬌥𡮥𡮥亇鯨鯢𪤄𣷭𢫝制𡮥𡥵𦣰𥄭妾𡞕𡮥𨧟㧅𢬣每欺𥋴𥋟玉掑頭課𡮤𢞂制頑童羅绳𡮤鬼恠繩𡮣󱂌󱮖𥄭喝𨅹雖妾𫵈𬧻摺准𣳢汫拱拯恨丕朋󰝂凣品彈和浪些分𫵈易麻𨄂西才𡮮𡮮𢧚等午昂順宗歲𡮮才𪬡𡎢空麻抵政權默埃𥒥𡮭𥒥𥕄󰬾𠁀𬙞户茄芌𠱋𤮿𠱋裴拱𡮪󱩂㾕涅群特𡮨𡮨禮塟爵魯公𫅷至𪨅埃拱沒𢚸沛𦖑帽車課𪨅空群兑󰅹𦓿󰅹穊𪨅𫅷𡅳饒自些㨂月掑𩄲房𦹳渚律𡮳枚𫗃斜固󰜏公主󱎶𢆫化𫯳停如𡥵󱎶𨔈鳶𠝗𦀊𢫝𦝄𢫝󱫒𪮽󱎶𠫾𨔈𫅷頭泊󱎶歲𩇢㨢𢶑如体玉𫅜𨕭𢬣󰅎牧𨆏𤛠驢丐𤚢世间𡮶𧵑𡮶功󰅹埃固𡮶𠊚空爫夷貪清𡮵𨔍意󰟯云云𠫾󰠳󰅹少几只󱸛堛天才简定𦖑几讒言女折将賢當課崎嶇𫗃尼󰠳強𩦓𫀅𧵑迻噲𡮍𥙩𢚸没函新服𠄩封日程運粮鎮隘𩛂軍漢分坦封侯隊爵周尼旗尼扁尼敕封朱具賞朱𤾓两金銀𦓡封爵當朝一品師妙揚樣小封烹形僅󰮄尔󰠲吝吕敢戈双傷𪀄越𥘑󰑼𧗱南鴈哴喭尔多端易埃㐌𤍊聖凡特󰠳翕嫌台尔蛮王𡁝哬󰅹別󰑼娘󰑼埃𠄩行渃𬑉洙沙𢖵埃𡥵𬑉𥋲󱩤馭髙傘哿閻王󰅹計打迎昂閣玉楼鐄獄卒少之㝵腰貴溪山景邏󰅹󰠳少風月庫苔意𧵑乘𨕭棱󰬾𨑮󰮏次𪀄少夷鵉鳳𠫾尋𪇍󱰃狐𠵌燒少服情改𭁈𧗱苓慕道慈悲丐刼修行󰠱𥒥㧅為之沒㤕小樵霄戈亭行鉄𦥃茄翁茄小焦消吏閣重𬇚秋冷𣱾渃冲沋𠬠隻船勾闭小箫𫥨𠓨小𡛔朗盧竜玲𬑉𥆁醝師𠰘唭群臣咍別事𢚸哏𬹸扛𬑉敢浪許𧯄色身孛時卒卋工卋間庄所斉朋係怨斉丐𩯀恩斉𥿥絲寅寅把吏意所𬑵丕矇牢𡊰義劬劳功𠊛𣷭𢌌𡶀高󰅹斉吝碑詩讀讀吟吟蓮庵佛斉斉拜拜𪰛咹𧑂𪖺呼呼遣𠊛軍士摆蓮𩈘𪖬萬全顔色如初群𤽗裴儉泖羝𡓮齋皮󰘚如󱗹𦧘𬌥恒礼具齋清淨献供卞齋戒澮浸户黎苚时户李𧽈󱳙定坦昇龍蛰鼎𡗶皮木斗星班欺𪔠没買收更恨爲埃爫𫳵韶鼎底朱𠊛竟竟堆方桃鐄没僂綏蹺󱖧蜍淺𢵪󰌎韶鼎𫼳哭嘆物把没回責命慮鼎󱡰𠊛貪婪爐𥪝歹麝鼎外𠖤香𬰊坤移梗董鼎𦝄易𧡊䏾竜令鼎丁几𩯀蹎絲自頭𦥃𡳜計戈没回𣻃凡庒絆鼎丁󰡎松冲橘欧停󰑼低溋羅扛泊抛抛鼎當󰋇發寬毛油𢚸𦥃𠄼更班󱰾𠄼蓬蘭畑杏㐌淋淫㐌󱰾函𬮦吏椎九里恨英䧺自帝𣳮淩淩勸停𢬭𤽸台󱰼虐民󰡎嚉官𨕭苦𢚸鐄箕𧺃󱨁𢚸空󱰼󱰽渚渚畨黎欺煑豆英俺討順福茄𫅜時意固等眞人户黎𪽝方西南麻囉婆靈妃皮默蒸襖𨤔𩄲錦測玉黎蒸躡𨤔𩅜散𨨧黄𡎢黎羅󰜋蹺󰜩羅𠀧𪘵顛卒𩯀㛪吱鬚󱰟𪖬𦢞㛪黎𨉓𠓨於如茹村靑鄰村意固户哿󰑼户黄泊枚黄菊底朱昆咍天神默襖󰺔花黄恩𤤰𠄼𦰟旗黄払無嘉定𠬕娘蒲嵬世情貪仍𢀭𢀨耽醝󰅹別𤂬黄酆都𦊚馭顛𡨧󱹚󱹚䏧辰󱰻󱰻如銅𬦃身形辰拯髙拯湿拯𣁔拯𡮈為埃麻固𧚂𪒗為埃固果固𥃑󰢏行千萬𠤆𥙩仉󰑼丐醬辰𠺙丐𬞢辰𪒗𪘵𬹙𫽄路󰑼𤶑𠊚𬙴𫽄路𢴌巾買𬙴渚蒸店霪結黨渚蒸𣈜清假形鐄箕𧹼󱨁𢚸空󱰼󱰽黜𡾵永慶陷𠓨罪人吝次𠀧辰黜󰞘𨀈卒歇𤙭󱰃觸吝𤙭鐄觸怪觸过𨄁𫏈𫴋滝棋鉑更𧺃更󱰃󰅹埃固𢘽𫼳錢覩𠫾𪁎驟󰑼臼𪁎󱰃打󱁕𠺙𥱲爫魔朱臼打𪔠戈𫔳茹𩆐打𪔠𠺙𥱲爫魔朱臼𣃣打𪔠𣃣咹刼𨱽含銳𪖫勁𬖅尼金挕𫜧尼刀割𦜞𨇜每图庒少次之𣃣澄当六初更𥘪𪞷体俸󱏲清边𫯝心胞𦟐䊷𥾾債尖默埃𠹳繞此𢚸肝鐄庒轉庒竜󰡑󰅹𤌋𠖤𤊃𤈡𠁙𩡋𫴺󰅹為之沒𪨀小樵霄相公󰜋𪨀劔灰尋尼令族撰𠊛簮嬰明人拯爲𡭧分如托業陳當𥙩南邦世情尚𨔍貪清朗𦖑香共尚崇信坡𫮇𬞺𥊣𢫝𧗱楼沽漿󰑼尚挭渃半哰妾𠸗預𨀈仙娥宴瓊瑤仕󱋓花默苔爫之忒默添愁𪀄群迍󰊄𧏵侯待湄意買別處𠁀随𣅶弋默之𦓡扲局拱爫之默襖地𧿯𠫅艚董鼎𥋳䀡󰑼樣仉打戊忍号曰󰑼草人默𧜗扲梞種神宁荼奇𢚸𠫾默乳𢚸𧗱濕蒸筆官臨川𢀦書默改吏眾意默𤽗󰏙點撰吒爫核默吒碎篤弄爫花𦹳𧽈㗂鐘㗂鼓麻盃明𦷾清貴朋梅𠃣几齊丐夷粗𥌧𣃣齊丐𣔧妬別丐夷𡞕師懺所朱師襖顛長𤽸帽盧齊𥯰底師暢怯兵兵齊后土欽欽𦛋拜皇天語語𢚸排僊共齊饒調插行边左麻𡎢丕麻爵𡾵強高遜齊𦷾強窒鹵莽龌龊󰏙丐𤝞拱羣固󱆋㐌分齒頗吏分𠸍𠶣含𪘵顛弋古𢬣𤽸銀𦛜𪘵隻用隻篭𢯦包𣉹朱𤠲㧅花朱㺔打蠟朱𬷤染𪘵𪘵䶞体蔑㝵跬󰞯相𫅜隊矛麻󱰹吏撑撑𧛇襖麵𡥚箕些𢚸想弋弋襖羔裘𥙩䏧𡥵豹麻麵𬮌𪮏󰑼𡮶性𡥵豹窒孟麻固飾梅公禮物尋常麪𠄽斤貝蠟黃𠄽堆舊麥意實名紇麪宛昆耚麻爫丐矛𤒛𥺊麥麻爫乾粮𩛷𩛷𩛂𢚸㘨𥺊麥𣈜𣈜賭𠰘鉢羮藜壳凣群𤯩苦󰯮𬨠𫯝野燐󰑼焒麻寨城隍社令意尼茹衙𫢫𠸗法錄埃皮除麻歷鬼役之拱台弟子爫牢麻別油忍北南塘固隔包饒景𡳶駡涓麻冘昭隊方𥙩麻𤒛󱨌𤼸𦷾汫淘麻𠶖𪽣𦓿麻咹囮率󰑼丐𪀄梭𫃚奴麻外𧿆卒納南𡄎决占包課初𧡊𤤰睿帝麻𧗱後宮𣈜遲彷彿魂蝴蝶𣈘𥃱麻恾㗂子規頂𡶀抛抛麻式泊𡧲𡗶露露豸彙紅𢢯𢢯汝德先人包除𠓇𡮍蔑分畑麻𩄱湄按洌俸𩄲𬯹麻嘆喂意拱羅麟丕󱙻𥱬閣鳯像傳臺麟𣳮󱭋爫󱡕瑟琴強𢭮𪮀弹𦀊鸞驚󰑒𣓦鵉𪿒重魔𩵃摳吳破𦟽散如𩽖𨆷魏𤶐肝撻似瓢𩵜鱸住𤝞𠫾𢄂塘賖謨𬸴謨𪉥𬲠吒𡥵猫𪊅𩵜𩵜𪉥𦖑󰞽󱡞󰋇絏逼息羕嘆念󰯔抑闭𥹰小指𦰟𢬣󰯔小趾𦰟真󰯔象羣仃伶鬭初遺󰖽榮台驛呂瑰𩫦呂姑買倅朱陳󰑼󰒂嗔姑亭𫅷挸健𩪢𤎏𤐚𥪝𩩫𩩫排𤽸坦𧖱茫𧺃滝𤷍癯固𦊚丐𩩫丐𧚟弄重傷英䏽𨱽羅丐𥿠打𩵜脊昌𬴑尼𬴑𡶀堵󱪹𠓨骨意群忌局𬈋之女裊骨渚濃枕渚筭像涅骨鎫縈沈蒸𥪞𦀊𤐜𦹵繚伯午𡥵螉󱟵丐𥄮鶉鳥骨骨厥堆󱰛哭代歇怛沚渃末朋湄開花結菓敲敲唯傳坦越㙮髙重重𦄵傕吏𫄑𥰊駝吏髙执𢬣拜𥛉𡥵巢農溇㐌別湿髙㐌曾󱰞頭者𢘽爫𤵶坤箕𥚯𬥓𢘽尼麻咹泣輕𠀧𡔔阻吏平𡗶高𣷭𢌌坦𠫅膂昌𩩖頞𩩖𪖫簾湘動𠯦㗂鬟𨤔花皮󰇏𩩔蘭倍移群吒𨃴𧺃如𣘈吒𣩂𩩔媄𨃴𡥵深𤵶吀曲頭仍𩩪拱󱥊吀曲𡧲仍𧖱󰠃眉吀曲󰬲他乎𦓡𨄃𫖀𪪳𬞑󱬐撑顛󰺔蔑𠀲鬼𫅷典𬧻𤽗以誠𪟂𦷾眾調󱢓𣡚髀󱰝𩅘仙𬁜󰜋師𨖲制厨固姑裺𧺃補符朱師師𧗱師瘖相思瘖鄰瘖六朱師󱰜頭𤽗忠遇󱢓𣡚密𨅸𩯀𩯂覸角𧼋囉帽覩𬰢𨫊𩯁𩮭羕昆鎛絲𩯀諸兮報所生𫅷和屡碎饒行頂𩮿䏧棗熙熙𡥵𥉴鳯枚𣗾卒卒丐鬚𧏵𢜠翁󰅒吏永鬚󱀌翁喂碎𫽄𥙩兜翁停𠜯𩈘擼鬚損钱愁󰠲󰇾󰑚丙浪啂鬟怯󰠮𢩵𦝄者𡗶停𧡊𤞻𥄭捽𩭶𦤾欺𤞻𥅞頭顱𫽄群身閑六局某𫅷𠅜孛説易朱体鬦𡽫邏渃清𬈋鬪坦凡𡎝俗隔賖󰋇挼初𨍦敢鬪󰅹事尼西最𤳷払毛雙𠲟𠳨所𠅜意𪽝准兜吏時鬪𠅜昆拯呐報應事帝殳殳裊咍𠳨𤽗拯特鬪𪾋那鬦昆菲庄古閙戈工󰀎香𡗶󱡜月𢛍花西施𠅎󱰡姮娥帙命芒𥛣子路󱬂𤃛顔淵冊史圭搮事率係魄𣘃梅精𣘃畑麻拱編𣷭南來𣼽𧖱㵢魂漂宫月魄𢴐江湖課特巴倘鳩弄渚㐱朋魂泖魂𧊉𥊚𥇀𠦳𨤵󰜋󰒂虶箴拙𦒹𢆥偷𠊚辰拯當丸𨨲󰬾魂𬙞𡳺𠾕𠫾網桃𩱻坎𩱻離𩱻艮𠀲奔𢀭鬼恠𤄮謹渚交結󱡴城兵焒噋敲没干𦹵内󱰧𬇚群之鯉󱰦𩵜𩼸𩵜𩼷吒兢秩󱠈𨁼𨖲󱙹註結驚魂吝吏𡢐卦𫙌𥋴𥪝𩳴象意神𠄩𠊚才色院分奇𠄩魔𩳳濓髯𦊚眜争𤎎𤍊𨂖𨂙𠀧蹎𨀈醒醝𢆧鬂𠰚名價底停朱具鬚𫙂頷𦠴箕𠊛𬑉鳳𫙂𧏵尼漿尼󱪸尼󱰥尼㙁搊𠫾朱㩡亭補摔之咹粓買󱰥辰𥋴𧗱𡢐料粓麻扱󱰥𫥨料𫔳料茹㛪𥙩𫯳𠫾青魚胆密亇󱰥󱰣班𠹾卒𠬠皮󱅫𩸴󱰮𩹪𧜗𬙞𧜗𠀧熷𤇊𩵜󱰬斉頭𩵜𫙔漁民爫𩵝艮魚𨅸㭲梅𫅷𠳨𠽄翁具固茹咍庒鵝籠籠󰵈𪀄𪇪鴿𪇨𪀊鳧鸏結茹村𨕭扎𠁑泥駡嫌祖鸌駡吱馨虶𩵜𩹪𠬠侶㐱戾𢚸花惇動󱖮柳𣂷𩵜秩頭亇𦀪頭𩵽料升𩛷𣋽𩛷𣋚𠃣𡗉鯨鯢𢝙趣鯨鯢鯜𩵽辰吏𢝙皮鯜𩵽喭台𬙞乏紅顔爫之落鲁𦖻官窖󰑼制春㐌别春庄佐㭲撸𠫾耒鲁補空准城市捹輸半鲁巾巾襖襖共染味扲尼村民同𤽸渃󰬆󰮀󰮀𬌥𬌥共󱯸𠓨󱌡糝𬮙司彦魯篭炪竹驅儺䔲魯𦖻痕鳯輦木𦼔魯杜唒羊車盎𦹵扃孤農樺魯𡨧撑鮮恰同大麥魯占𣎃𠄼芒種皮節倘南逼律庄南号󰑼都魯䅘麥穭歛魯俱顛黄黒猫篭碧顛屎花猫色固魯花郎𣈙調魯𦠘𧝦𪮏拯掣所辱棖謹𦊚边鲁催龍亭座勘魯𧏵𩸮固肝𩸮魥固肝魥鮦鮗𢝙道鮦鮗穉𨔈道穉𫅷𨀐道𫅷𩶪鱩鯱鯁𩹹鮋𫃚絁𬗢𦀎論都𦋦𠓨一冲一𠮾󰑼渃汫洄一脿一裴󰑼亇鮋勾翁脯𦓡𥙩󰜏脯𤯰𫥨𡥵𩷉𡥵鮋𡥵𩹭鮉吏固蔑類呌浪󱰪𤅶伮辰拱𠲃昆󱰪滝仍麻𣁔𡀫軒膾𫙛拮亇鮮上池扒特𡥵𩷉𡥵𩵾扲古雷𧗱𤍇𪹷朱丐𪿀咹昆𬌥伵脿𩚵𤽗𤽸扽檜𤽗𡗉𩵜伵鮮誄共娘户武浪鮮𭜸於𡗶丕𨱽𥐆於命丕車馭󰘂𤽗𬲢客合𩵜𩵽𩛷伵每味鮮船掉店月滝碧閉𥹰𬮌聖預𪜝㐌鮮氣像吏吹精神詞章盖世埃畨孝廉科意試連杜鮮𩵜鮡𩺺䱑𩷶𩹪鯇亇鱩鯽亇𩷛北南𠻵㗂尋𧗱驚延威󱯭𢘽鯑唏𤞻亇䱕開胃温中些𧗱些攕𥬊鈎鈎𥙩𩵜𩸮𤍇蒌集翔𩵜𩸳許𥛗𧡊雋𮎦雄𩸲牢敢𧿆戈簦𢚁𠇮𡥵茄几庫扒𩸰最𣈜𩵜𩸮群於𥪝𧯅丐蒌集翔群於𬏊橷𩸄羅𩵜𩸄拱叫𩵜𩻹亇鯪裴世鱣鯪刁釰鯢鯨刁花蕩子昆罢釘鯨爫朗𦊚方滂𣼽鯨朋秃通且油些補䋥鈎巡店箕埃摳楳𩵜𤼸香怒几搌持鲸鵬𠖤鯤𧿆羣𢘾會𡢐鯨鯢喭鐷蛟竜争𠶣渃滝淃淃沚𣵶固𡥵𩵜鯜𧺃𡳪蹺𩛸𩵜鯔昆𤡚咹昆𩵜󰙰𩹝咹耒昆𤡚𣩂𠫾眜𧺃如眜个𩹭主翁吀𢬭𠬠𢹤𩵜𩹪𢸡𩵜𩹪提𩵜鰈𩵜鰍蹎󰅹𬙾辰𠫾奔綿蹎󰅹顛於茄爫㹥羣𬏓𩺩亇𬋫院丕於𠰘𩵜𩺣决料𠹾卒鰱𩺡󰜋皮󰡎時苔蒸𦛌亇𩺌𨕭時𩛂蒸𩛸鷂鶷瑰東山似丸金綠𫀅南海似皿昆鰲𩯀絲𤋵歇源干拖弹亭忌𩻺𦑃扔托強信𦛌𦚐闭除信北信南如𧍰添𦑃如𤞻添𩻟𡗶朱𤞻𫽄固𩻟𤞻麻固𦑃𤞻𠖤𨖲𡗶𨖲棱辰𢜝󱨛外𣷭辰𢜝𩵜翁𩻟鮧亇鱙湄愁󰊄惨曾干𡨌𪰛䲋打𫪹軍𠀧𠀧𪰛撟双韻𬷊𫾑钱貞謨倍謨鐄謨沛󱪍𠺙謨娘𢣩𢠐𡲤生涓態之尼𩼢本𤵺𣈙𫚱敢誇𦹳麻茹秦丕悶所坦墆誇所矛麻咹鱠渃韓爫𦧘渃趙大小蒜共󰑼蔑𬞚𩵜咱共𩵜鱠𢧚謙𪀄󰚮𥉫𬷤化𫛐霧𡗶買扒特󱰱𦖑呐科尼嚴禁𡗋𣎀𣋚沛𢜝法官𫛈典茄𡥵哭如󱸗醒如𡥵󱰵𨕭頭固祖󰭧󱰴󰭿󱰴茸鹿󱭾󱭽枚󱠟卒卒丐鬚𧏵眉𧍋𬑉鳯竜令捽潙𧡊堆𪀄鳯咹𣖧𨕭𣘃葉餅餅𦲿鳥言𩵜拯咹𫜈𩵜𤹕味麝戊洃淡襖羅禫紅翠𦹳萩味麝𩃳佩環𤇥𤍶𦝄清獜白象𢲨胡椒𢺀珠禁𪉥𡗋調害民頭𫷜霜𪉥󰬴𢆥𩙌南𠁀吒咹𪉾𠁀𡥵渴渃世间𧡊𬥓辰謨别𠺘𪉽𤁕𨐷咮讓󰅹搊皮才色吏󰑼份欣咹𦺓辰吘𦺓𫥨𠬠󰑼𬟥毒𠄩󰑼𪉽炭别𢬣咹𪉽辰除停招媄𦲾麻疎固𣈜鳩給󰡲茹礼麻朱昆拯別蹺󰠳探𠳨鳩𢚸逼息麻渚𠊛如竹木頭𡽫碎如𫚳󱰳敢门綿󰅹趣𢝙悁奇惗󱳮𬞺箕丐鳶埃𩙌論𫃼𪂮鳱䲲󰭐𡗶𡥵𠊛𩈘𫚱䏧𧐖丐𩿚打𢵋蒲俱摆䊷炭炭𡶨湘葛没堆𨕭空漫莫陣鴈退𣈜怒𢀥蒸書改𪀄鴈倍分切蒸想曲離鸞拽落𨕭空鴈朗籚鶯拱蜍於蝶拱蜍於黄梁姅󱖺󰋇囬𫚳包𬮌固𡽫撑𫚳易𧡊窓𡗉梅泊焒初咍粓𤽸咹貝炙𫚳𫯳𬙾𡞕𬙾仍𥆾麻𩛂客公侯𥄫𥊘𬂙𬁖䃅兜𡭉𪀆鎌兜㓠𧋆割𦧘分朱油羅𪀄亇盃𪀄鵲固祖盃𪀄鳩於苔𦷾㐱固盤棊徒𨢇𪀄且獴詵此𠓨𪀄公主䀡牢𪀄𩿨𪀄𩿠鴿蒲鴝別󰠲鴝杜別󰠲𧐖𦣰身仙身鴝𫥨形醜𨔈体打丐𬷲麻丐鴛𢜝払庒𧡊𪀄鴛於内共習迢庒倍分張臨淄自課鴛𢒎房空傷几𣎃𣈜隻身󰘚如藍覩命󰟯󰚔󰠖𥙩𧵑𤄮𠅜巽麻詵𥙩蒸士高𫅫𦑃鴻娘呈妾本几圭鴈鴻涓退盃皮岸橷𣜾雙尼怒迻𫈜𧁵㐌𧡊尼箕譖𬖮鴻赤靣鴨󰑼鴳𠄼笘󱙹𥭛花年外𠬠㗂𨕭空䳍渃󰅹布榖茶表𪁶它曳世𪀄𪁵𪀄𪂲𪀄𪁳箕魚狗󰑼号拱固名翠鳥魚師闷咹𪁠沛陶𧑒坡棱衝蓓󰅹羣別𠲖鴽𪀄鵜鴽󰑼𪀄鵜鵒箕𣵰𩵜㐌淶𡥵󱗨丐𢵼绳䊷迎昂丐鵒𣵰𤂬戈𤀖碎渚𥙩奴奴頺𥙩碎楳鵑摳惨弹蟡𢭮愁楳鵑點月𣖖鯨搌霜𠀲孤如𧍉𠀲衝如𪂲󰜋𠇮𣅘屈𦋦𠫾󰟯如𥠭𪂱故之咹店鴉𪀄𪂠立蛰邊江𬙞糁茄𡗶收䏾鵶豸他羅虎忍共昆鵶所杜嘲鵲𣌋𠳨𪆒𬁑󰬾旬𦝄㐌客皮典尼外簾鵲庒𫫗信󰮂簾󰟯㐌固畑別庄帳鵉冷了魂蝴刎梂鵲巴為隻鴈󱗠賖賖橋鵲󰋇吝底牛女隔滝銀冷𫥌藤蕩𠬠𢆥𨑮𠄩𣎃𡥵眜𬷤㧅鏡㐌󱩸𦖻翁呐𬷤󰜏呐𪆧𠬠𢜠𩅘補𡳪𬷤麻娘咹呐慢麻添生𪀄𪃲鵝󰑼𪃍𢖵渃𤴬𢚸𡥵蟈蟈傷茄痗𠰘丐𬷬𬷬𪀄𬷩麻𠰉蒲𪇌鷟鶖丐𫛎牟𠨡𪄤天鵝󰑼𪄌𡗶鷂紙号󰑼鳶𢒎固蔑㝵鬚眉姅𤽸𦠘鷂𬈗高空埃如身𡥵蚰於亭隊鶴於厨隊碑𡗶印𠬠色渃撑籚鶯呐幽於燕呐幽於埃𪟽㗂𪅦呌𫥨者湥傷春哭妸霜閨丐𪂲丐𪅥丐𪆯真𪅆真𬷲󰅹分店𣈜𡥵𪅆奴𣵰𡥵𪂮奴󱗠鷗𪆽共些羕固意典󰠳𪰛体奴𠫾燒󰝡饒車䳽𧗱沔鄕関𠬠𦡠𠬠󱰲咍𢃄空咍󱤺丐茹𪅥鷯󱢘󱢘𨕭時𩛂蒸𩛸鷂󱚛披配庒𬋩辱因咳𡥵𪆧渃箕喂𫳵𡮠漨浘於尼銀河𪆋螠呌𪅴合少之𧵆賖丐鷺𣵰𤂬坡滝悶𥙩𡞕𬙾仍空固錢魚霞㕠曰𣈜常覩𧉻鷸堆孤勢碍𥉰少夷鵉鳳𠫾尋𪇍󱰼鷗𪆽共些羕固意典󰠳時体奴𠫾燒㖼𪆹丐𪂮丐鶡丐𪆯拱咹󰜋同呐傳揚歌傕卞哰保󰬾軍襖麁帽𤽸哭鄰㖂𡗶𤇮勝茶麁𢶒課謳牢固𥙩蔑鎫具麁對𠄼𠰘㝵𤯩丕𬋱𫫵些𧗱拠州驩蔑意𧻭乱𦋦胣不仁惜台花𦬑边棱𦹳󱰘埃別𠯪㖫埃咍𦋦󱚢掑𩠸塔𦖻𡨺𠇮如焒謹唏如𨪝𦹵𦰤箕𦾢𬲢丕給𬲂爫󱢃盃𬲇共杆󱸙課怒因時兵焒香𤐜拯特響爲丕恠與昂爫麻孛拯蒸助左阿難大士運裟花燦所韻爲右土地龍神默襖錦𤻼㾿搠㩍春生𧡊産詩𨕭拱蹺韻󰀎題連𦊚勾頭隊𡽫加累󱗤𧹦𨉞㧅被䃅俞韜顛丐𦀊󱰀𪾉固𢷀頭乘池𦹵鮮仍𢚸小人𬰢日箕喂𬰢月箕喂除朱渃𣴓󱘸坡䀡𡥵𠊛意娘𫼰𧗱󰠳槞茄朱別次茄次茄󱬏󱬏次茄𩇢𩇢𥉫𥌧𥌧𥉫𩇍𩇍𣳮蹎𠫾󰘝𠫾鞋𣳮蹎𠫾坦𠤆𢙇𣳮蹎𣈘固𩄲󰅹眷月𣈜油󱲦丙迻香清清船柏弭床渃撑吝𨔾󱲦鐄𬆅迻箕𠊛筭曰經傳俸󰠳遇󱰄旦連撴𢬣媄欺礙󱮱驚湄𠀧𫷜侯下常如蔑𣈜𦑃鹏欺趂󰜞賖嵩𩄲渚别𨖲󰑼旦兜得趣庫苔𫗄清所𣈜𫏻𫗄北哿爫覩篤蒸核意恨台𣘃𦓊𦮲󰍹塊干𫗄楚吏干湄秦𫗃迻香店月浄𡗶弄弄咍𢚸聖𩙍熙熙恰𨷈民簾疎朱𩙌𢯰𫔸戲底𦝄輸𨢇没瓢詩吟没襊欺𢝙制渃弱𡽫蓬𣅶𨄹景𦝄冲𩙌沫𫽄𢆧奇𩙌焒移𫴋頭𧣳棱怒岸樁迻迍𩙌唏𬳦馨漊𢜠𧡊䏾陽𤐝边𩄲尼馨𥒥易另𠇮㗂高湿停馨吝𢭮盘玉󰠲俸扔曷珠固課幽幽干𩇆動隊番𣳮𣳮曷湄󱢐固𩆷𩂶打折饒㝵庄固道𡗶撑渃碧徬徨銃󰟯𩆷動𥑲󰟯湄沙𢪀󰠐󰮂准𢩣溇眜神如󱸚易侯󱸖庒𣷮空𣷯𡶀拯𤷱𪱆𨖲唏渃󰴧󱼔𫴋𩄲󱯱󱯫𦰟𦹵𣅶霜招毒𫳵降將進𤬀󱙹營五丈俸󱯫將星霖󱯩𣎃𠄩日夜平饒𤇥𤍶󰮧𩅀󱯷𩆋渃𩅹霪󱯶𣘃甘棠渚割渚𢯏𨤮牌塘滂如詞霪󱯶󱗺竹拂披𩃳槐氊𥙩𣘃桃碧𣘃杏覩調霪󱯶可𨣥𧡊蔑頭𥿗󱯸傕𢷀外𠰘妬柴雷𦋦𣈙󰳒󱳋爫󰫑󱲾散爫𩆐因興拱皮酸拮筆󱯲東立立𩙌󱚯迻彷彿䒹樁干𩙌速官叔箕丕官伯箕丕蔑咍唭如𠀲󱯯腮君子﨤𩂀運蹇料戈螺朱衝傳辰催塘夐拂披𣘃乞𩙍𨕭空落度雪𠖤花丰姿恪態尋常𩯀𩄲𨉞雪唏香䏧玡箕󰠲班最杜船泊𠖤花雪江天𠬠牟拱𪰛坦翥拱𡗶𩂏燶𤆈爫之閉𪠠夏𦼜𦿄𩂏葉𦷾𩄲󱢩傘柳𩂏萌𢪱𡲤固𣅶清閒空仍埃𥚯扲𦅮𩂏朱𩂄𩂄𩄲瑞縈𬮌黄逾荫繚列俸核𩄱湄按冽俸𩄲𬯹麻𠄩邊坡棓椹樆店𢇡問𡲈及欺𦝄󱯰籠盤𩂠𨧰鑊扲刼𠅜𩂏𬑉𩂠𦖻倘𫯰鐄鋪𪽏菊欺霜𣳔泊點岸𦰤課雪𩂟𤌋𩂟鎖𫈃花棠雙牟覩羣淡㯲竹最𩂟唏𤐜鎖𦰟畑𤐝冷湥𩅹篭死生庄別欺󰅹𩂕霏畑𫗄𣈗󰅹別𫨩課𠨪𪰛別固碎冷渚戈𩆷𩅀吏干雹蓬𧜖儈𥛭雷陀󰋇最麻𢚸㐌女世箕𠱋奴浪固法神通指雷雷滅虚空忍亭則𥚇隊吝󰕛蜆雷山鷄𤠄雷於棱拱停蹺𨆷雷崔媄𡥵𣌋料衛尼圭茹雷細隊時免分安張輔卞𢯰𫴋船雷兵𧗱㨂據沔泰加蒲葦号󰑼𦬑枚世間常礼单雷单争欺船雷𪡔亇雷極令店廊𧵆姅零征𪀄群𪤄𡋥仍情朝𣋚払刘自逞妸姮𪽝蒸及𫽻呵浪拉零固緣時𬲇迻船准馬當醜分時𩂶打碑廚薦福浪𡥵別罪㐌󰬥酉浪𩆐𩂶鈽鐐拱甘𩄲顛𩂟𩆪䨔油𫕲𫐹𫕨𩅀𦀊𥹰買藏𣳮弓滝泊欺䨔張傘塘鐄促更𦝄䨔辰汼𦝄傘辰𩅹𠡏能𠃩震𡗶盈福朱牢沛蒸𥪞霜霂花芙蓉𤀒湥霂梗楊柳拂式𤐜恩𡗶𩄎霂沛辰尼辰耚𣴓尼辰𦓿漊低爫𡚦固󱯵固傘固香案固盘牘買噲浪爫𡚦固宗𢘮恨胡𡎥花𨅸雪𠲖楼西𩃳月𣾺澄𢣸󰑼𣘃奇𩃳高妾撛𨉓𠓨扯𬋟拱𩄎𩅹霖𥹰拱湥霖耶行竹行樁世間𦤾帝時𢚸㐌清花闾自𧻭起程旌旗𦲿𩄓軍兵秩岸懺生硯筆𩄓塘𠓨試雹𩄏朱𢧚佊𠁑立坛𩄲𩄎功名改蜆梗槐歛點牢疎法派霜疎國俊汝𠳒吒傳及干𦁈縂𢚸卞霜超隊德𣷭湖𢚸挹厭匪縁絲𥿗義霜超𦖑𠬠㗂阴雷弩𪞷参󱯨打培𨑗屍卞指𩄴畑𥪞壁浪意丕𫗃日迻戈竹塢𩄲𣻆󱢩葉書房渃𡽫天竺宫庭蓬莱𦝄誇𦝄𤍊欣畑𡫡𦝄吏沛𠹾輪盎𩄲𫺶𡥵𦋦𫗁𩄲𩅹䧺王傳令船迻󰈫衛勾好逑待𠊛淑女𠄼𩄲封堆𡨸同心詔𡗶㐌𤏣𠄼𩄲衝旬代狩旦𣈜迎親𩄱湄約洌俸𩄲𩂏麻穆荣𦖑永边𦖻朋󰟯𩄰打𦡟𡗶𤳷兜𬰊拯侵咍節勁𦝄仍訴別𢚸空雪󰝡意冷透簾踈𬲇迻𬰊𤘁沙𬇚冷花薔薇𤄮𦬑朋𩅜覩𰿘點𤐜𩅜准意𪠞拯固鬪艶虹羅求𩅛眉如柳𩅘如𩄲㕵侯醝麻𥄭𡗋𩆐𩅀隊𧽈󱤤󱤤𩅀𣷭湄源自意衛𬧻係蒸店霪最体𠄩㝵𢺤𪮏共𪠞拯恪朋湄霪蒸欺旱丐蝶蒸及春𬲠𤤰太祖太宗𩄎霪󰅹󰠲󰑼拯隊恩霪󱯶𣘃高𩃳𠖾𫽄𡎥㛪𡎥𫥨𬋟責𡗶𫽄霪吀𡗶停燶𠤆𩄎霪霪𩙌𠖾朱𣃣𢚸碎傘綠霪耶䏾𤓢收霪󱯶𣘃甘棠渚割渚捥翁召伯所昼蒂𠓹𣈜𡲤霮霧襖払𧺃似󱯬坡檜松産𫕰長條隣羅嘺𠺷逸迢訥能嘆浪事已到頭別坤出㐌速𩅺歇耒遣扱𢂎𪠞露旦宫卞哿湄浸蔑埋事情坤鬪㗂鬪易露揭愁駭強爫清著𢧚底露風声𫥨外宁牌露布㝵共别咍𫕲埋海海順𡗶船娄進細所尼幔朝𥈴𬂙𩆐𩃳䦕河笶牌奉旨𦰟旗荣鄕天錫𬰢𪖫𡨧𫅜𠅜文𩆍鮮渚課枯槁固課𩆍㐌餘󰋇𣎃𣈜枯槁𢜏𧡊𡗶朱没陣𩆍節𨖅𣎃𦒹󱟥厦𩅹𩆋𫗃煏𪱆󱨄坦潤㗂𩆢色𩄲𩆴𩆴𦝄買𩆴󱯫𤎜東停󱧲󱨃渚靈争扦𣛠𡗶朱乙特停吏咍符法拱靈󱚢棱殺鬼陶城除凶核丹掑頭𤂬𧹦󱮏梗柳𢷀邊牆𣛟󱯼尊師𨅸曳𨆢眞跙󱚢後院养神󱯻台叔鵉𣈜意𦋦兵喑喑順𫗄󱯻󱯻迻帆吏頒巡守𦊚方印鐄没顆劍鐄没青師浪󰘇孛青青從權催駭㨳命於低𦝄花𥋳仍爫青固𡗶罕别朱𠇮麻推青金󰑼錫式強青离几時買屈𩈘𫯳渚青𦰟𦹵敢容变󰒂𦰟旗𩙻𤽸𬦄青鐄拮𠰘舌非拮𦧘刀非平頭呐喃㗂是㗂非典立文字吏依聖䝨庙三忠宜𬉽𤐡香𨁪𦹳底爫󱟔千古肩𦠘額𩈪眉󰜣𣘃葵𣘃藿向󱳄𡗶式綠󰑼繞花撑靣靣𤘁𤘁𩍣𦼛拱可𥙩𨃌霜𩍓𩊽鞵𩍣娘户武卞㨢鞠黄爫𧵑改𠁑蹎辰𠫾𩊽鞋從且道泣山川朱咍𣳔󱟤種仙鞋󰻩𥶄蘿拱𢧚拯泥瑰蓮每𩋧蓮瓦清世各󰜏娘𨀈蹎𫥨塘固惘杶弓固𡥵侯蹺𡢐㩍鞢𦒹塘𦀊韁皮妙皮𫤁󰘚聖𢚸凡實隔忍萬萬千里上宰語󰘚𠳿𡗶願嗔察别弄碎朱详𨃴頭娘朗𡎢𦖑𥹰𥹰吏影󰘚𠫾咀𨱽󰘚𡗶㐌最壙塘賖𨅉𨅸𡶀滝𣜾𦥃茄翁𪹣䏾胣媒𪹣𬰠󰜣吀博徐𣈙停𢵰抇吏添𢘽𫖀󰋇弹顒布𡮠窖攎󰭼特媄󱟹𩈘𠊚今古𢴿󰠲时𢴿𪀄𡗶亇渃𩈘油迎昂江山𩈘𧡊𢧚涓熟𩈘𣃱𡨸田辰錢空固爫朱𤍊𩈘英雄買甘㳥洊𩈘渃𢯞竜蓬𩈘𡗶阁𡶀𨨨它收空𫕸腔燕眼𨑮分牒𠱆唯鶯歌󰋇級清𧡊連固事𨔍牢󰡎靖獴󱚢𪽅特蔑昆立韶琴瑟腔和封書㐌𠽖信車逴𠶆石榴韶榴強言󱖮堵賴侖𦮲束小兒󰯾󰯾順𫗄青青迻帆蔑𠇮音倚𤴬𢚸卞典呐共景異事縁你𡽫𠹚𥒥音󰠐責花俸󰠲兵焒音音󰌎悲茹泊葛淋󰘂䜹󰑼𫃚素凈䏧𡗶撑音蟡𡮈麻頭󰘧𣃱用𠇮柴󱰂𦋦外能蔑花尼忍每類瑪瑙類𥒥䀡羕玉撑些常󰉲最𬊭顔𧡊魔𧡊鬼払𦄺繚𤽗㕸𠴔弹笛𠸙𥱲鉑钱㐌損颜畑吏耗賴頡固号命門遣領軍鄕兵打賊𠻵㗂將賊羅𤽗呂毅領󰝡彈婆𬏓𤾓據府天長領𠳒芸吏州驩公平称号招安民𧗱祭耒灵柩𨖲塘領印鐄貝劍鐄𦋦𠫾姉𢀭裙領花棦󰕛㛪碎𧁷𦄄觥𫄉桃𠄼料𬙞領拱空歐󰂇油扒斫如埃呐牟貞節扵𩑛奔波𠊛𠀧等𧵑𠀧𩑛牢注𧡊𠊛𢀨扒光爫户占人皮課干戈𡞕𫯳隔別昆吒落𩑛頰腮𦟐似桃花岡含須木頰車蓝薝唐蝨曳須亇知舍須𠃩畨篤𠃩畨𬋆埃埃須𡨺分常特宗社稷久長祚𥹰吏群孔頃爫髙世尼網巾号𣈙包頂速連󱡴棹𣘃畨竹棋杄弹曲樂㗂啌潇頂𡶀蓬萊每頂默㳥渃縍𫄃𤾓𢆥珥𠬠𤗖願暈𤐝㐌虎固𨕭頂頭董頂朝歆𢴑𪮏㘇󰋇蛰迻高濕𩧍隊欺㗂頂當韆鞦頂排咍㝵打都音音順𫗄青青迻船宮廣賖賖橋鵲賖賖茹刘驚駭別包𬲇𣌋𣎞歆油頓綽係伮固鑕核檜之辰伮󰭼次𥒥𠡚𡀫𬈋鈽麻頓立嚴埃监𬧐𧵆𪽝官亶頓朱民奴𫻤旗扁𧵑𤤰頒𣈗󱈘𣅶迻柴𡥵逴頭先物之獴𦹵敢凌亂歐罕󰮂朝𠃣几頑󰞯𨖲智午才頑固𢚸功業固肝英雄坤頑冉日湼那差行布役𠊛些𢢲𢚸𠄩𠊚修道㐌頑㐌遲󰬾𢆥於貝𠊛𢠤𫽄朋𠬠𣅶𥪸𧵆𠊛頑空𫯳𦓡𬛒買頑固𫯳𦓡𬛒世間㐌常牢浪廷芸不忠補柴補渃𦋦𢚸奸頑預怒固堆󰅹固怛󰅒綿福恩預綽接嗔特排𠅜𣦍渚鬪羕󰅹眾眉預󰅹強𥙩𦀊𬘂共添纀丕打㝵乙別蒸預㝵麻破賊合創蒸料賊柴刀預止檜尼肉刀拮𦧘刀非平頭螉𫅷󱖮毒針花焒羝要挷𧤁頊𥴙疎恩調𨕭󰡎頗非娘卞車駕𠭤𧗱喝门𰿘民潭蔭頗批默油商賣默芸農桑頗娘󰑼𡛔婵娟倣欺及几無縁坤提󰘇𧯄𤝞白細𧵆壓肚徒尼強裴壓膳徒頽窖布秩稽𤽗仲逵𠀧吝招片羅𠀧吝輸𥪞神氣㐌頽𡘮𦓿𢶢雪吟隊景工倘摆𣈜林爫迸賴賴𠅜盎那丕𡗶爫悶所𢧚頺蒸所志誇𬖆自然氣鋭𢧚頺鄭邊頺𬏓󱗾𦼔蟳庵六辱船頭𣺽蠔質樞離㯲檜廊𤐝泣頭𦙫連𨆝臘率徐没刻忍𠄼更𠰘𩛜頭󱖺沛𨆶頭禄号󰑼守火婆頭蒌冲茄󰑼𤎒土翁瓷嬰固号頭老折几㐌頭羅𤽗子嬰壘󰅹壘拯破散賊󰅹賊拯󱳮筭𧗱頭󱬯󱬯堂陛嚴嵬聖位位威󰀩顕德㝵𦊚橛榔枒㩒底𢫝妸它打丐妸群顒𦊚𣷭𢚸盃匪顒𬂙典所店意炪畑拯𦣰顒𬖉欣蔑除𦖑饒埃乃顒饒蔑𠀲擼巢奇澫共吹󰮀嫌坦愛𦓿渚𤇪册碍句神胣仍顒若麻𭁈顒爫嘹咍丕苓礼群調𧋉枯娘䀡𫽄𬋩𪿒顒筆花曰吏𠬠𣳔边𨍦𤝞朱於額灰精号󰑼鼱鼩仃仃㹥吱󰋇唐谷額󰋇梂終征門閾額㪯北昂󰑼包橛額𨷶簇萡泥苫題𪡔新繭實󰑼蜆買饒世學通𨷈敵噉埃題𪤍伯王𠸗㐌𬓛葦題𠅜歌𠄩曲蔑時浪腰𥄭𠄩時浪腰棋泥曰偈准題詩𩯀𨕭頭貝魯顋魯𪖫枚𠰘調㧅鐄鉑歇汰顛退顛催拱𦀎纙𧵆墨辰顛𧵆畑辰𠒫稽世变泊𬈋顛欺運𧺂𣅶干顛調𢘽調坤𢘾布𡥙瘋漢羅𠊛顛桑顙皮班󱙼𣈜𮎦㛪蓮馭衝𣈙󱚢营𦍛意些它丕所願埃喂𡗶𫽄蹺願卞固蒸𠅜願結義户朱户陳𰦫願朱沛呂廊封墳立庙矯傷矯煩調願怛除每障每事㐌庄群約女願嗔蔑体課昇平願𢚸尼貝焒香𤎜屏射雀󱋨床乘龍𠁀浪仙景卒鮮畨尼些願蹺𤽗𠫾尋扱𩕳柯沒侖漿沒屡𠃣通格律播琹𢧚章裙胡襖竟爫之裙胡襖竟固欺陳𦚭鐖鋩󰑼竟默包坤𪡔興乘𨠣󱮹𧗱𣎀󱷶唏󰠶󰘂强添沫篭擬𠊚才美院𨑮𰠞󱰅欺易迻吹閣藤沛干颯所打共時沈托𠀧卷圖書收󰠱襊蔑船󰘩月翥苔扦味𦹳性吏甘平去󰘩除湿㐌停庄戈𣎃𣈜渗率似𪀄󱰇翁𡄎𨉓翁𢪀拱𫨩昆蜆𫅩咍󰘰𩙳懷加𦷾𥙩𩛜饞添𦷾𥙩銅博包𣉹𩛄𩟵固𩩫󰋇𠁀媄𤴪固傷𡥵𫯳𣌋枚𧼌馭另𮥷󱸟𣷷渃边西眉卞羅几於茹些𩝺󱰉共蔑𧖱吒初箕󰝡𧗱餒󱰉𣌋𣅘冲殿𤤰武王󱸞𡾵𡖼󰬾𤤰於蒸坦鎬京糠魚𩞝咱共時朱侖𣋑竹群誇節勁𣈙柳㐌𢷀絲𩞝拯𢧚粓𥹙夷兜常常𧡊𤼵𥹘𫗗𧡊挷渃圣鬼欺𫾗㝵塘青雲󱹬饒𧗱名貝利𩛸富貴󱰋廊車馬𤑟𤉜𩛄𱃨排床𤑟床英帝買娘𫽄差拯𢧚𩚵𫗓之󰠲些𧗱於𪤄採橷𤛇蠶渚貪蒸招𩛸𦹳擬𥙩蒸禍亇󱓇𩚵共粥𠲝奴隊𩛷𨢇󰑼𩚵𩛷𡛔󰑼襖𣎀特𩛷具魯𩛷𦓿粓咹𠬠𩛷𠬠𠦻大鵬精𣃣𩛷𫢩沛沒𥏌𬑰信󱚢𫅩尋󰜋庵清永塊餘從𪭡󱣛㗂楳㗂鐘茹𢀨買𭛣𪽞餘拯𥚆紩條麻𥪸朝𨎠𬧻意約𤾓餘㝵㐱固盤棊徒𨢇𪀄且獴𤞓餘女拯固之欣𩃳𦎛𤇥𤍊󰮂萌𦹵𣘃共㦖餒情𩄲𩄎𠰚𡽫買計事情餒圭隔阻餒命屯專沛庄磊󱖕坤皮断𡥵𪀄咹菓蒲𣘽埃爫𢧚餒柴修𫼳鋥𠁑鑿𢧚𬇚𠃩曲𥪞餒特𩵜𠦳頭柴朱蔑法𧗱𫢩易𣈙生𦝉易𣈙養餒物餒群渚荫奴𧵑󰠲乘汰底朱旦娘詞󰅒󰜏眉據於茄底默老𠫾桧󰝂𧗱老餒󱭔𧋂麻餒𡥵蝒𣈗𡢐奴𢀲奴捲饒𠫾𩛄󱰎闷𠫾咹𩜃𫽄魔󰅹𠶣悲除旦景桃源包饒那没𡥵船󰮬迻堆𠀧我迻蹎姑餞𠄩銅󱙪𢮀䏾柴空󰜋𫳘夷羅綺𥙩󰠳庄䋥洒𩚵奴𩵽𩵜矯𩝎慵咹𩜽𥄬迷吒丕媄丕牢𩝺莊姜尼拯特𠓹本㐌別丐身鈎住𩵜𩛂𬲞共𧁷㧗𢧚𡧲𣳔渃汜㳥𣼭󱙹頷𧏵𩵜招𬲞永腥眉昂每獨相雖邏𫀅乙凭饒𧵑饒山野󰝡饒典庫於京城少几嘆棱饒核葉花迡動浪碎歳索㐌饒嗔𧗱致士歆遙養𫔮康康鎖玉扦鐄拯竜病塵隊󰞂辛酸𪽣𧵆󱉿𦹵𫽄𦓿𢄂賒𩟂𥜤󰋇𣈗拱𠫾鴻󰘰群𨁪雪泥渚𤷱󰠵戈水秀山奇匪情𩵜䟢及期𧏵󰘰𠳒呐空固𦑃麻󰘰蓮𡗶𢌌󰡎滝𨱽𩈘油𩵜𣷮𫚳𩙻妥情𦖑彷彿𦲿梧桐𣳔没𦲿梧𩙻𢬣風烹𦑗蘿單𧷺蹎𬦡趿󱩕𰪞㨂秩𪞷𠫾㳻淡氷澄󱢂南𪰬㐌迻春戈夏敢󰠲群伴㤕𢚸󱢂𦝄󱙳𦝄󰠲發𢭮梗天香法󰁮茹漢法科茹唐󱳕文拭盛伴惡空撝𦓡束蠡𫗂清唒歷拱恾膠和𠊚辰特𫗁吒翁北胡篭𫗁昆驕󰖁𩂟𡏧馭𥙒蹺隘雁英㛪辰寔󰑼䝨為𠬠銅錢𢧚𠅎𢚸󰘵注㐌咹𩚧𣜾尼𩛄低注咹𠫾蹺󰜩羅󰬾󱰊則眉𢫈㐌𦖡𦖻錢辰空固別撝埃𧵆賖奔半𤾓藝夢𨑮𣎃𫤯阻𧗱󱰓𬌥𠊚些𨖲𡶀辰𢝙𫳵碎𨖲𡶀仍󱰒拱𨅹𠄼绳扲槊󱁲弹𬌥𤽸󱰒𠓨𥪝𧯄羅𢬣扲𪳌巴粓妬埃別特軍󰅹結腦𩠭腋𦙜肺𦟊渃浶󱰕𪆧𡄎𥹰𠽋唭太后𫀅𧡊駭䧺𩵜𦣰𬳕橽刀烘扲𢬣清台󰬾萬󰮏𠦳𣈗丐首𤞼𥆾柴陀忍𫖀謝朝󰜋首詩箋󰝡饒車䳽𧗱沔香関西子點傕香馥馥楊妃沁㐌玉移移味香馥馥凣塵㐌空𠯇𦖻娘買吲浪於低𢭗𧂭咳仃許香義矣汝道庄涓香花供𫀅群年討㤕𠊛媄化昆嵬奉蜍香𤌋渚耒𠀧𢆥香𭴤𤊃󰸃桧󰷳拱𭴤拱庒𢀭麻拱庒𢀨庒𤷍庒󱩎只香香𡛔停𫨩󰤒茄󰜩𧗱𡢐𠄩𦜘朋𠄩𩠩椰云仙𩠴𥛉𠽔柴泊鐄嗔答恩𪞅義𠸗枕𩠴扇󱖧󰮂𡱸𡬷𩈘𡗶賒󰋇包徐𩛄𥽪固昌󰋇𠁀姨𤴪固傷𡥵𫯳𩚵咹𧃋㙁油羅𩛜𩛂𧵑爫咹𩛂𧵑朱咹噡默𦷾拯咍𩛂些庄羅拯悶盃待昆賢強添𩚵䬰扽𩚵設待扽床𢪀宜餱子󰑼年紇𩚵羯鼓弄𩚵撫催撰𩚩裊𤷍奴劍飾𦓿𦓿麻劍飾務尼秃󰠳颶風飽秩亭求吕漂𠃣因汝𢧚病𢯦𢴐姅𢆥𩚵䬰拯唁𩛜辰咹𫈨咹芌𩛜時朱瀝𧛊時朱𦹳會𣈙仕娓誦经供養庄咍養末每盎那悶咹𢀲養𢧚核𨢇時本𨢟渃紇杏餅時𤁘淥𥹸蘿槐餅𠫅沛焒辰称平蒲蔑鎇𥏋拯補率隻餅車拯特衛𤽗子虚懺𧵑餁𫼳𨢇據限麻典卞󱅒卞𩧍婆許夫人衛󰋋翁衛侯北俄驛𬟗化𢧚隂魂𫗃尼󰠳强𩦓𫀅渚𪠞典󱰯𥯉些渚𩦓丐𥯉些卞𩦓席迻技共吒扽茹移𢀨買南丕𧡊𠊛𢀨扒挄爫户騷英㛪之買绳仉滥源干蚤𦤾蒸低𫘑傳敎法爫柴救迷細蓝山篤𢚸执飭曾𬲢畨荆棘𫘑芒𤽗斯立哿駭合㝵𥪞村共筭浪皇后体事㐌𧵆駭牢駭吀𢴩恨爫𫅜𢚸怒駭群愁駭促蹎箕彊珥𨀈彊疎虽浪隔阻渃𡽫駭群𦝄泊駭群𡗶撑𣃣課𣈗󰅹駭𢘽𬏝丐𫅷𨅃𦛲㐌蹺𬆄𢫝𩢬𠦳𨤮賖𥸷塘青雲𢌌迍𠊛青春𩡭䀡報應𫼢𢬗拯差次一辰罪行花次二行馬次𠀧行鐄某甲尼馬願哿含沙亇俸馬芒細秋吏𧡊腰當女馬渚弹之妾薄縁為払淚妾㳶堆為払身妾󰭺󱯦𠬠皮体隷廟嚴職𡨺詞奏恒特体孛莽法盃特𬯩󰝋弄酉曩㐱坤𬯩泉臺透坦𢜠󰠐盧夫人拱停心𠳚󱯥󱗞󱘌沒羕咍盃𠓨𡓃𡽫𣘃買𨔍隴𨗠淹𦹵沫咏如空𠀧秋隴直𤊡畑滈隴𥙩眾眉爫𠰷𣈘𣈜隴仍約𬇚炪𢬣併插期桃開花𢷀包饒蓓蓓淋󰞳𪮏襖旦䕺林本边城鉄󱦊󰬏曹󱯢怛󰀎𤠚𨻮𨻫派條扒扲綾𬗔𠦻󱚦情󰒂懞𣹓磾姅󰣻風波𨻫汲澎𫯳𢘽𨻫損工夫𨤼𠇮昆𡗶之底𨻫𣈗𡗶﨤饒徐𣷷富兒庒𠫾辰汝𠫾辰𨻫功𡞕坤辰浽基图若朋𡞕𢘽𨻫損工夫󰠱𨉓𣌋𣆐埃几别𦋦㐌悁爫𨻫貝𫅷闭𥹰軍些𣈜隐店𠫾民兵蔑胣奴時坤咍𧼋𣦍𠓨帝隐命󰜋欺𧯄溇卞隐待除聖人󱃹朱故㝵𪮏扲刀色爲徵盎那麻訣昆末𢪀戈林彦劫群庄咍把特恩曩盎那󱃹朱故㝵𪤿招梗吒埋󰝡梗媄坡𡶀𨹬数𡗶限㐌典𣈜𨑮糁𢆥治歳苔𠄼𠄻𫷜充𣎃限𧵑𠫾𫢼扲蒸𪮏娘共娘限調偕老蒸役𣈜𣈙拯限麻共及番𡢐些吏限胡󰠃饒屍座号󰑼位亡附於神主蜍中祠堂苦辱陀改末每㨢󱣒鐄玉󰣑𬁑梭鶯審脱陀迻長旬朝清歷󰖽齋盧娓蘆陀羕小盧初從高卞騎時望恰阿安柴噲娘阿蛮旦畧柴諸𪮏梭頭𥚇阿扲阿割𦹵𩃳軒添喭󱦷燶𠰚𦰟𩙌空讓𩯀泊阿阿󱬴学特󱙌󰬾𨻫習茗都饒呐㗂陪󰜏媄呐咹朱𩛂𠫾昆阿蔑貪蔑惜斉饒裊㐌𢯰頭埃几阿󰬲拯掑󰘂惜𡽫𩂏屈舍底船朱月阻如𤾓𫔬兵孟󰭽郎破𡶀󰘉塘卷㳥阻軍課意役銅博散涅塘極阻莊岌𡹞塘戈縣金華侈沛湄𬲇所阻傷爲緣渚匪縁英雄側阻婵娟呂廊船瓢跙梩𧗱東𡥵𠫾蹺𫯳底媄朱埃耒𫥨阻𩈘卽時扒𠳒料𠤆嗔痴舌𠁀娘呌阻胣闭除𫏾𨍦娘買白䜹共柴咍󰜏眉阻胣𥚯常阻胣𣳢課潮强除月木昆𡛔閒雅所𡨧除些蒸𧣳城喂𠶅𠲖𤴬𤯰吏除𠓇𦝄襖󱭢除󰅒𠀧𣎃冷拜除喃曳宁单朱㝵少𭓇𢪀𫀅𢪀潤悲除仕𨀈汝澄細低㐌隊恩蒸𢚸払役爫拯犯毫秋包除縱横闭除冗貪碎空固𥶄𡗶除碎𫥨托寃托枉亡靈逸除𣎃𦊛𣈜夢糝除午生蔑昆𡛔𤤰啌看欣蔑除朱黄𡨧𠄼梭限朱除丑店枚𨁪旗号統𥪝外夾攻𡛔於正專初娄蔑涅敬信除重梗𦀊雖㐌除雙㭲檜䐗𠞹英灵报應無󰠃扶人𧦈物去凶除邪童浪𦖑㗂柴低除魔掩鬼法柴叱咍共來󱜐弄恨陣𡛔𫳵𫯳𫽄𦣰拱𩈘陣洞洞捻㹥𫴋𬇚意󰑼机造冉牟緣初𧷺陣恩娄填培趙光㖂志英䧺頭隊󰤇𧍰𡧲陣衝𦋦孟暴奴󰑼󰋇𨒒𩄲浽𡧲𡗶陣𫗄𠺙󱗠𠸜𥱬閣鳯像傳臺麟𤯨特㗂𨕭𠁀論院𣩂吏𧵆圭貫鄕村拮𬰢𫀢𬋫院丕㐌實意思技准關山爵賞强𣈜强唯召恩陞蔑𨀈蔑畨明歳買𨑮𦒹年方𤤰𤕔定料朱陞治位𨕭𫡦陛固𫨩庒𨤧陛玉碎曾𨅸歛𢬣㳥𪷧﨤𣅶滝穷𡗶喂陷仉英雄爫之蒸意𤤰排署木固名户陶先羅嗣亮𣑳𡽫拯𢯏𣑶溇𧁷陶𠁀𧍆𧍆󱣰𠁀𧑂𧑂陶立陵塟扵天長謚󰑼等浪庙号仁宗於𨎠府茹王羣籠陵羕意語󰑼君子才能埃𪟽鳩胣陵仍等𪬡閣漢歆埋朝直主𠄼更㐌𢷀歇陵陵方之准尼溪𡶀創朗𩄲𤐜陳運卞𩧍馭㗂陳陳𠄩宮乾兑𤈜𤍶金星各府󰀡𪞷陳陳朝茹陳態寠𡮶蜍鬼廟神茹佛拯准羅拯固欣饒𧗱襖𧗱裙且𫥨𠊛陳埃拱如埃礙隊𪰛世变饒停輕浪㗂舅陪別浪課𡮣𠫾爫郭𫽄記空通拱舅陪孛工卋界朋陪陪共众菩蕯雄鷄𤠄隊合團𥒥制鬭鷄打隊𬷤鬭牛隊𬌥咹󱗫𪮙𥙩槹枯蹽𨕭𠀧隊固姑半行𣳔渃𤂬沚瀾溇隊曲仍徒隊曲隊畨体景隊畨鄭𢚸庄故礼󰒂庄隊柴代勸𠰺𠄩昆駢共蹺隊娘浪扒䖳騰𡳪件󰀡証故坤隊堆孤㐌𢧚名價女兒當時隊蔑和時固𠄩㐱隊𬉵奥泟速曳爫丙貝掄阡陌坡隊㝵迻既𦓿㤇饒過隊𢧚迷耒𫥨買別仉吱𠊚唭𪡈侯傳奇隊攕𢯢噐械蹺些𠫾尋𥙩公主頭隊鎫焒車列分索𣈜恒固㝵樵夫隊檜𪽝𥪞洞麻囉󰅹𥶄修󰓗󰅹𢃱深𠫾󰠲庄隊底螉針弄弄𡗶私㤕󰠳󰅹埃庄隊於𨕭頭修葺󰑼隊魯令突乾眉𩭶忍隊襖裙秉包称󰑼阮隅阮迎共󰑼绳阮伯冷𠀧魂𢜝𧻭氣隂吏湄𬲇𨱽咍󰠲拱如花葵隂時合吏陽時𦬑𫥨窻隂香羡𤌋初殘覃隂玉燭工代治隂特安尼陽乙風流嗔㝵君子𢲨唏陽潤蒸馨瀋曲兜潭廕陽和嬰㛪拯別所唭輕隙丕底𣘈粉屡弹㛪曲隙神蛟箕𥙩蒸才邏𤢇獰任蒸改役𥴙隘歆群隘北𣋽𧗱城南𠫾部辰怯隘雲𠫾船辰怯㳥神𧯄蛦隊課庫巾庄綴隘体尼抄確㐌𠋥泥𠄩㝵𥙩浪隔離𣈜㐌󰀑倍分共傷𨣥𪧚纏饒𢝙𡦂清寧瘖隣瘖祿朱師濁頭仍塘𡶀阻𡗋轉𠓨瀋險趙王台𨁡󱠢𡗶定都㨿險棟外番禺曾拯益𠇮蒸私牢典逼㝵蒸准險易𢲛䏾險坤馭謀奸蒸會險邏代󰅹麻拯固𦷾險調得失險調是非意買别處𠁀隨𣅶朝官拯沛隱拯沛綿卞羅几士於隱縣宋山准隰時拱固𡎝領船左右兵差歇橋𤾓隻吹尼滝馮𧵆我𠀧朴㨂烘野象虎𣳔吹天德江昆𤳇户馮𠸜羅𤽗仲逵馮興噠斫保㛪黄忠初破侯渊拱丕荄䔲餒𢚸低𨻫𠹾險嶤塘世帝須馭搔痒󰑼馭改𠊚式樓紅群𥾽煉馭涓塘紫㐌林針𫧧𡶀坦𡶀𥒥箕馭些痗辱志爫󰜩𨤵𠦳䏧馭馭紅帶鉑袄蓝𡗶朱󰬷固志爫時𢧚螳螂丐蒲馭疑娘麗娘乙於𥪞嵬𩢦𩧍卞辭媄𨀕边南蒙可共体𦄵傕吏𫄑𥰊駝吏高吀𧗱没駐𨔾蹎茹碎駐𢃄拱𧵆午門同登固鋪駈驢固娘蘇氏固厨三声同登固庯駈𩢬固𡶀蘇氏固厨三青富船𧵑改阴苔渚泥荼㙁渚泥󱲇棦姉㛪𢶸󱲇𠀧銅庶饈具雜氣群灰腥咹花㕵雪戈𣈜慕齋結戒𫽄兮雜洳油可苔胣雖󱲭湥𡊱破麻拱拯虎俸踈暎渃動𠊚爲綠紅羣󰭺諸車群𦝄挌𡶀群花𫽕梗𡄎道爫昆計窒𮥷於朱𠓹特買羅頑雷竹椥𢲣爫𮥷仃󱳮𢠯女渚樊𮥷之月頭𡽫撩隻隻霜𩈘坦潤潭潭𡶀隻𥮊洞綠雲滝蠡涇峩庄羅拯󰠵盤泊題疎隻𩄴泠汀實拯通惜鯽魚亇隻強令揞昆渃𬑉平𡽫哭隺卞買迻昆朱柴因𢶒所種默襖裘雇𨢇爫盃吏爫解義蔑篇集𠳒國語劄𢧚𠀧行拯路技尋集恪丕鈎𥙩𩵜𬵘𤍇蒌集翔𡥵𡛔雅辰﨤官知化𡞕治時可𠁔户雄昆𡥙重重百子千孫妃嬪侍女󰠲󰠲駭雄埃乃󰝡饒𧼌𨱽闭除驚𢜝駭雄季厘朱扵𨕭󱠢如咹雉械如啀𦠳𬷤甍菬核𪪳踈𪡔祝󱖮爫雉决茹石世占占𠽖馭󰋇𣈜雉𨖅裕宗補雉朝󰀩𢚸民自意󰟯時厭奴𡨸慎勤󰠳敢雉念憂愛𢮬󰅹𧇊雉長襖𦃿𢃄荄梞竹玳瑁󱨑󰬷𫽤摳雉習仕枚共𢯏󰤳喜怒剛柔雖㐌固義仁礼智馬朱亏矣喂蒸道𡗶窒公麻拯私蒸䋥𡗶雖疎麻拯律畑雖固𣅶𩙌熄𬊭𨖲辰吏𠓇奇茄雙󰑼㪯𢼂朗收雖時燶如炪雙吒媄窒𧵆眉𧍋吝𩈘𧏵路路插雙雙堆𥮊姻縁文詩賦六𫽄咍𠫾𧗱廊渃𭓇𦓿朱雙边𡗶谷𣷭𬲇𡏧氊客𢯙難椥趙越難衝𢧚業奇抑齋夢訴匪𢚸願𧡊時𤁕𤁕𡄎時咮離𡶨箕隔渃蒭離笛𠃅怒邊墻董鼎𣖖抶𬂌抪󱦀𢷂󱭞乖鈆離卑真虐真吹𣳔東域域渃撑離離𠶖𨢇醝離皮𤵺突󰋇吝𢯏藕離絲㝵󱡶准󰅹離隔𡞕𫯳奴分𥘶󰘂茹奴媄𫅷䏾我梗橷防欺焠𩈘𫞡頭忌埃㐌麻户阮乙生昆𡛔浪娘麗娘户李乙生昆𤳇浪撞佛生䋥駪卞娘𣘃意爫󱓍悶加𪟂𨧝時鈽𠝫鐐技駢拯可轉娘户武乙騎車𫃚停𨅸𡧲㳥渃斈拯別浪𫨩之奇沾𠅎騰沾務𠅎務終畑直歲荄昆𬑉符驅法󱁲拯沛𥪝事職驅儺󰠓󱮦賖𧵆禳災祈福𣈜春舒徐固蔑㝵鬚眉姅𤽸𦠘鷂𬈗高騎昆騾紫𣦛典買别㝵騎騾意卞羅先生呂塘户蔡蔑念忠孝爫騼奇郎𢆥應試乙領騼進士𤽗潤之買典几𢄂捽特騼進士麻卞擬爫禍福過𬖆驕㴷欺𫢩简定篭驕𤢇𤞻拯𥙩𤢇猫爫之油𢀨重拱羅𡗶些固之麻驕貝埃吒兢秩󰙓𨁼𨕭𠓀𤽗仲逵雖極疑邏雙羣悶驗所實恬尼驗典事𡗶󰅹埃歳戌意𠊛爫𤤰𡗶𬁖𦬑負才苓搒鐄𣜾󱯜𣮹撑㐌𨶏閎羅𨷯槓外塘𠚢無𥪝洞𡋥撑𡗶坦恪边梗𣘃󱸔𣎃𣈜󱸕󱱂傳嚴令春官天威雷動人間阅情󰅹欺挭𨤼英除過橋英待𣊾𣉹悁饒事世𢧚忘歇每皮探花跪𥛉㙴花念初浽畧鄰󰑼排情輾轉鄰六蔑陣打麻蒸軍章邯王輸󱮴咃𠺘咹姅菓𣖘群欣咹奇𢫜茺𨐿𤵶積饒𡥵𡥙怒󱪬󰜏官𩵽吸瞻𢴾𦃀󱳊󱳋爫󰫑󱲾散爫𩆐𡛔婵娟𢧚󰘚逢䏧迡𤳇壮士共趨𣘾突古雹雨湄𥒥泑泑堵趨些因敗乱乘机撫𢬣逐㹥󱁲趨㹯弹𡖼景鄭𢚸拯咍停特篭泠𣷷月鄭𢚸𢞂台鄭邊頺𬏓𧂭𦼔戈𣈜𣎃路之𬲢御史梅咍行朝拉丈夫松買鄭扶萦性乙染共木石𢚸群鄭固趣煙霞𠊛城市客林泉方池鄭鄭𬇚󱖮𦊚皮阮丁刘鄭別咍𡀿饒埃乃欺尼典尼󰜋𠊚扵郡潘章󱙻歆户鄭尋常藝文𧵑改鄧進底苔𫔸棱柴庄兑𫀅氣𡶀𤁘撑碧羕𥕄𢀦壁鄧𠦳丈𠸦埃𨢟鄧城都意𧵑意𧵑先王𧵑國家拯固蒸渃󰅹羅拯特𥶂鄧結𠅜讒鄧𠅜𠲝拯兜爫甚欣意翁哴弩鄧呐制伮拯鄧破拍𠊚些伮𥙩空鄧𠇍𫢩㐌体止經有孕沛呐戈朱翁老鄧咍預畧蔑𣈜鄧達𡊨場𦝄𡮈拯鄧特干𬲇𠺙𢴐動蒸默鄧𦷾盃丐筐共丐筥籠單鄧圖𤤰文王動所勢󱮑𠯅笣𬈋棹竹𬈋茹群固尼󰅹盃趣女𡛔󰜩共合蔑頭鎫𬇚𪽝狹回坤且𩵜茹涓趣庶礙挼𤝋𧡊咹𧼌典𪰛奴胣𧼌𦋦吏﨤追兵衞王吕相纀𨉟󱡴軒周遊放火󱁲曹兵𧼌過江東自户䧺課𧡊衰安王䜹𤵺乱離𧻭乾﨤𠄩英意𡎥鈎石盘𠄩英𥪸𧻭𠳨𠻃𣜾斈𨆶㐌󱳮斈𧻭𪀄越呈戈󰂇刀性渃𢚸𩄲之群𪀄越杜𣈙梗南󰬾魂𬙞𤽶楊孱𠊛群渃越魂还边吳雖浪呐㐌𠊛𡎝越𨕭尊堂𥪝𭛣斉家使鎗打敎這󰝂運斧打越仍扲某枚或𬌥羝狺越𤞼㹥駿馬馭令庄女越加池清發𦹯秧蓮調仕𥙩種蓃羅箕麻越特𥒥㗂㝵冷冷𦖑賖急尋水手補槎越䀡羅率󰑼越邑占罾罩越亇庄嫌各嵬魚苽羅丐越亇弄開𪿒越𣷭朝官雷細隊𪰛免分安埃䀡𧍇越特󰅹戈登𧍇越過登抄錯班皮蔑起更角埃聽説課江城買𠳐荫補赴京旦𢜏因計𦰟梗事㛪跋涉𨁡󱘢𧏵󱹕󱹠𩵜󱚢潭責払户豫拯壬時𬁖董䁀挭樵夫𫴋󱭺𦛋󱘜󱘙󱘇逧𦠳𡽫㐱寔買󱘜𨃰咍󱘔𫽄咍𨅸𦊚馭特𪠞󱸘󱸘塘哿觥賒󱨸清酒㐌底𠓨丐尊牲特色󱞭㐌󱞬默麻𤼸默麻祭蛛𧎝爫𫳵敢󱘦㺔𨅸䀡些拱弼如唭𧘇怨怨𪽝打昂曲𧋻害身箕爫󱘥虎𡓋𤞻𨔈棱儒蹥𨇒𤂬溪𨄹𣷭釋󱘣󱘤𣳢瀝𠊚些餒𡥵𢧚沛𠰺麻於停󱘕𨇗󰕛㛪如䕯如渤𫽄𬦢𬧆特󰅹故牢𥃱眜𧿆𫏙朱停𫏙坡滝汝箕𪟂所梗槯縈𤂬㐌空僧𦷫束𫏙𣳔添固客尋源𨃽𧿑𠫾𨃺𨃺𢪀時強悴𢖵時𨃸傷翁修定𢴑娘阿蠻燒𨃴旦棱戢香匣粉󰀑㐌嵬𢚸淡柳塘花䐗曾踏𨃴尼姑𨁡𨃴僧徒氊𬛕免󰑼論院𨃴頭渚迡事意朱毛役爫白師買計寒温𨃴頭㐱寔買𫏠𨃰咍𨄳拯咍𨅸㐱實買󱘜𨃰咍𨄳拯咍𨅸𩛂粓蔭襖𫽄𨃝𠫾兜自𣈜固𡢼空𨃝𠫾𣈘󱣞𨃝制春矯歇春𠫾丐𦓅𨅃𨃕奴時蹺𨍦典蒸𣷷渡潭家塘󰠃𢪀懺𧿆𨃓󱪞滝蹎𪮏油怛皮坤挼蒌蹊渃𣷮共󰑼𨉟賖庄別於茹爫牢別󰠳塘挓𰸑蹊淡𠦳渚易迻𧗱朱能爫䋦埃朋英秀斗拱群𤶑𩈘事蹺蹊𨅉󱘖暈桂𤐝㙴𠫾時要凭𬟴󰜯計吝曾𨀈點𢲛𩧍蹺碎朝󰜏主𡥵𧍆󰜋枚𠄩𬑉󰜋󰕶𠄩𮜓𨔍𨓡英買𬧐低𧡊花連𢯏别𣘃埃𢲣𠬠𣈕過侶雅期高辰𫽄𬧐湿辰𫽄通𥋓𠫾秩呐秩唭告醝払㐌𡃞排𨅉𦋦𣃣課𣈗󰅹駭𢘽𤵶丐𫅷𨅃躅㐌蹺𬆄丐𫅷𨅃躅奴時蹺𡢐雲仙𨄾吏边塘𢯏𣘃𬈋梞祍廊衝無𨄼蹎𠫾樣𨀈𨀍𨄻辵𣃣𠫾𣃣𨄻𨄺䏦𨄺㺧𠆳𩈘玉味香淡𨄹塘花䏾鵶偷吏強𥪸𨄷秦垠渚𫥨算𨄴󱘟仍塘修理𦊚蹎𨄮𨄮欺𠫾急𠄩𬑉懲懲課𨅸󰏤撥𦹵𦱊尋裊𨄠約𠄩𠀧琰溟濛𣷭釋雖賖别塘越𨄠𦤾茄沒𦀊𨄠戈鎮諒𨖅𣦍滝梂塘賖𠫾𨄠吏𧵆媄喂𥙩𡢼青神朱𡥵𨄟𦧘𨄟㺧㦖𨄞沛針𥕄筆鉄朱𣭻𠤆󰭱覩󱩵𨨲仍於󰮃𦊚𨄑民學路爫農爫𠏲𪠞奔職名没𨄑等威没類馭𨄊威儀𨅸𨄉俱夷﨤沛運深癡𫨩噷之眉布𨄃𠫾󰅎牧𨄃𤛠驢丐𤚢𧡊払蹥躅虐𣵶㤕払妾沛𨀈移蹎𫥨秩塊天厨脱󰕷𨕭𫔸𧯄瀋瀋󰜋塘蹥塘𡹡蹥𨇒𦋦外天關渚蹥𨇒倖求權󰡫讒坡朱辱几𣦍󰃬𢞂𥉫征蹢𬁖枚𬁖㗒𬁖唉𢖵埃𬁖𣊍𦰟畑残湿胱䏾𦝄埃󰝂𠊛玉蹖升准尼𧼋𫏢𨅸懷落𧡊没𠊛窈窕𫏢𨀌蹎移陛玉𫃸固蔑柴道士襖𧝦躡涅𫏠探麻𨀈𠓨洞庭賖𨅿𤿤𠎣𨕭𡗶𠁑渃𬌓願瀝𤁘分𡛔𥙩特𫯳坤䀡朋𩵜𨅿禹门化𧏵𣈜春從且𢷣𫥨習情柴𡎢正𫡉儒𨅾終觥功𡢻捌悲形主𨅺風流臺閣𥠭官黄𡽫高𥒥木𦖻猫眞穎如澦𠇮𨅹如𪀄𤐴香𣾼𣷭求神𨅹𡽫䝨人君子埃羅庒痗󱖺𠱜真拱𫺓𨅹𡥵猫麻𨅹𣘃槹坦𤍌全仍𨅸三魁𠊛尼庒沛𨅸恒乙羅𢧚業帝王庒𥄮惠宗狂疾吏添欺𣈜𨅸𦨂欺𣈘𦣰𨱽㛪生㛪𨅸𠬠𠇮拱生𣇜𣌋𩙌迻暏𪹷𨅸溶𰝅渃沚昂岧馭𨅮𫴋𣷷船𨅹𨕭𡽫蜆蹽榾鉄𫳵󰍹蛆𧋂搓祖𫳵𧷺麻搓蔑𣈜别󰋇吝蹽𡶀𫔬民自意𢶒𪬡裊滝塊𣷮塘𡽫塊蹽徒竹衝戈𢚸𤂬官沚耒𠏲𠑖拱踖行󱗫𠰘𨇗󱘝蹺𡢐獵犬㹥蹸坤現𫥨𩈘蹶䠇現𫥨蹎𢬣隊一聖初群䠣讓蹎庒迎󱲿𬑉庒󰰃󱪭𡥵𧑒󱘚𡗋拱󱘈蹎𬧕体㝵吏逐𤽗友之𫏦𦣰󰡎󰘂𬮌玉身閑濫細𨆢塘觥俸祝𨖅塘𥊢𨀈細為蒸自𨀈𨆢辞官御史指塘𨆢蹎𪰹󰞿𦋦陣蔑干󰟨特時𧿬󰟨收時𨆢鹿皮履羅丐𨆡𥾾䏧㹯綉履丐𨆡𬘏蹶𨆠身㛪罪業衛󰠳𦓡𣈜𣈜𨆟抛󰵟𨖲𡗶坎稔𨆝頭外陛玉𠾺𠽅𦋦𩈘𫏾茄鐄󰅒眉暫蹺𥪞軍賒離󰡎𨆝共饒𧜖𨆝𣌋𣅘源桃渃𬉆雲霓曳󰟯𨔈春矯󰤣春𠫾馭𦊚󰖎𤽸調如饒橋藍𠳨𡓃尋信󰖎駒蓓染㐌顛如霪坡藝詩𪽗󰖌味歌吟󰖌條衷曲恩勤𢚸春派派󱋓春藏藏𡶀𡽫陶𧵑𥹰寅覩滝𣷭𣾺塘買拱𬧘𨃍𨆹羅蘿󱦅枯屯浪准意固姑挸𫯳霜拯抛嵩雪拯移𡥵稚欺𨄳𢶢𢬣踞𡎥󰖔味俗累𥚇痺辛苦塘世途𨃴𬧙崎嶇故爫𫳵踚𨇒細之低㨿雷陽扒𡥵侯芳花󰋇𣋚𫢩𨀐𨇒𨤮𨱽窒痗𤻻𢪀宜朱跬鐘𡃚楳𨇒磬𢯦樁𫅷點𤿰竹𤷍枯笙𨇒𠫾諒州車㐌北巡姅𣈘𥢆貝娘陳𨇍𠫾女童武士󱱹𠊛侯𥪝𠄩妸朝外𫤯員擼捤撅𣰴擒蔑幹冉牟襊錦𨇜𤾓調穭𥣒排排茄𨇜𠊛𩛂𤯺能秦便𨇜分蔭𩛂菓𣛦𨇜󰮂𤽸外𩇢𦎛艚𤐝𤏣𩈘㛪𩈘払躡𨃐裙襖㲸𡎛渚󰝂蹎踏灶門𪹣共娘𢬣󰋇丿威𤞻躡則𥚇隊吝眾蜆雷㐌停絲紙󰒂𢩳超吏虎身尼分飲囂卞朱車錦雲蔑具遣趄𦷾梭迻趂那𠀧𦝄𣦆旬冬季𨖅澄春戈陸胤秩𤽶兵𨆢娘衝㺔趂托鮮𡨺塘踸蹎逐𧻐虎狼𠁑楼𫀅肝𫔯象𫀅肝𧻐𤞻悲𣉹別𢪀爫牢塘󰅹𧼋抒塘󰅹𬟥湯越王腰唒󱙻󰑼㫧娘店讀經貝葉群𧽈㗂縈樑𧽈𠯅神機志𨷑芒𧽈𪖫銳共打茹漢茹楚蔑𧽈蔑𡘮𡗶蒸朱福共拯朱福丕些𤄮代𥙩業商賈𧽈茹𡗶侯󱙼急𧽈爫技自𡢐俗買文身利民㐌𧽇害民拱除層𩄲盧󰪀𡗶撑𡴯󱘫竹󱘬孤客永萧謹中𢚸更更法代初意󱘆扒斫昆𡛔意應符󱘩丕我𫴋坦𠫾𫏱𫏱𠫾𨂗𨂗𠊛些𨖲𡶀辰𢝙𡫡碎𨖲𡶀仍󱮗拱𨅹𫯳󱮛麻𡞕拱󱮛𦣰板辰秩𦣰𥵛辰𣃣󰜏󱮛𠫾𢄂𡗶𩅹丐𩵽丐鯜𠫾迻󰜏󱮛粓襖救𠀲呌流落棺槨墩朱壳陳𫏪󱘏蹎𨖲𫏾㙴蘭勿𨉓撛哭咀嘆事𨉓𧎜𫼳𨉓庒浽吏群𫼳梮朱𦼔𠊛𢧚防備仉害𨉓仍𠤆󰆵𠊛仍爫夷𧥾庒𦣰󱮕󱮘春霄渃青𦹵碧占包𥊚𥇀𫨩爫麻𫽄𫨩󱳮爫之爫𡗋爫朱𤹘󱝬堪之世噲羅君子霜雪󰅹兮變𨉟聖人𤐝𥌀物情󰝡類水怪𦘧𨉟土人愊𨉟𫽄闷呐𫥨𢪀𨉟𨉟吏𢧚傷餒𨉟眾碎捥𨆝鎫𨉞強加耻辱𡮍庒傷爲娓垃𡢐𨉞󰮏𬙞󰜏𨉞𡨸具乳𡨸心𨉞梄拂披牟𤐡𤁕澜𬇚㑝𪜯𩄴𦝄𫤡法身常住普滿太虚顕赫目前圓融躶躶功碎𧁷󰛽消耗座鐄𢆧特𡮍󰅹共庒𬦡毽𬦡毬援𩄲𧿆㳥闭𣇞仕咍眾鬼𠻵㗂呐𧿆踤孟之尙𤞩斈坤范修兵典󱁲𧿬破散嗔爫𧿫抅捽朱特每事冷𧿨車衛浪吏戈蒸准意𧿨𠓨𥴗秃𧿨𫥨貫錢調醝𫑺埃乃𧿨𦋦𧗱跂頭昆㺔󰆷蹎𨀎趿󱩕𰪞㨂秩尋払課陽臺𫮇𡳶趿車𤤰武𢬣扲吏𧡊󱪺茹周𩈘撔𠫾自𣈜趿會青雲𢼂生𫥨﨤𣅶阳󰠃㛪吱船板𫽄跢㛪𠫾船𥴗固欺趿𨂙固欺覩我覩迎聘儀約趿𣈜𣈕埃𣭻蹎𠓀定唎許纓趿眞沛𥒥󰋇旬𢶢啫𨀒駒長安𬂙㐌兜兜細𧵆𫢩夫君挭役君王𢫝𨀒駒𨇒准𨤮長蔑備蔑梞𠓇𣈜𣦎𨀐𣇜餞迻𢚸絆妻孥蹎馭𨀐欺雪浄行鵉拉課更分馭捐唐𫇰𰦫𨀐昔澄𨀍𨀊󰅹噉進𨖅糝𠦳軍𠬕疆場瀝空𪆒𨀍绳𨻫仍𠲖霜愈僊迻隊𨀈神僊𨅹𨕭核𣘓採花𨀈𬺗𪽞茄採𦵚尋春距距牙󰛈襘薕遶分𫋻薕固󰠲扵湿麻跕𬨠高眞跕懷紫微䀡𢼂朱𠊛数柴柴底朱𧋆奴跑𢧚蔑更於边㯲竹𦖑𨀺跌固㗂黎躡因㐌典尼跋船媄昆𨅸𢢆𢠆台倍鐄󱖺𥛉蹎𫏓𨀈𪞷騎𡥵馭鉄𫏊蹎楽󰠓兠妬𠯦𡂰洞庭碎漢𨍦油戈𧡊帝迎𢂎𥊘𩈘𨀼𣭻蹎唐𨱽真馭㐌𨀛痗󱖺𨀛真拱闷朝𬑉花𦖻󰠱󰅹群𦝄窮頭檜𨃴𨀛𢬣撴󰮂𡽫俸祝盆𤶐郡𤴬曲𦛌𨀈𨀛𨃴蹎𤳇跳󱖺鶴臨臨詰𡛔𢏿𨉞螉仰仰𢚸丐𨦩名利𢏢𢏢仉懞𫥨塊𠊛懞跳𠓨固𨒒糁鬼使𪮏扲樾瑟跳𢖖買𢧚󱬙丕𦹵葦外塘箕渚朱𬌥羝跱蹅路蚊生罢買方西路之𫮋庵棧𡽫東礼油制昆造化𫅷路服𧆄長生𤐜㪚𬲇化拯路煩塟丕車𫅕路𢴑𦲿橷買𠓨催催庒路呐𫧇𠃩重𦣰免安職渃㐌安路𠳨茄𥒥箕拱覩蒲灰路㝵胡餅󰑼餅路暈紙路法󰑼苦練滕㝵哿羅莊姜𡨧路路金龟𡨧世路黄嘖年八卦聖爫貝科駡唭浪末湼時圭𤽗課𥘷爫業學路讀冊傳聖賢𠫾兜拯𥙩學路𧡊𠊛些杜𥃱󱩦𥈶𥉰尾之羅𥒥芻堯共饒路傳𡗋調坤頑賖賖𬂙𧡊鴈童媚鵉捤吏呐能傳路法螺路為省荣屋𣷭呌世路為盎那歳㐌斤茶力跬㐌悶某歇跬扶道聖人坤𫽄戈𨤰跬𫽄戈𠳒大地苔南岳跬道些忌𪽝眞𡽫跬𢚸世信之󰘚渃平甌鐄跬達宮撑凭鐄於坦枯箕蚤遣眉踷跩李通𧡊頭蟒蛇我磷沒𣅶買阻跩特路羅竟跨求官𡨸浪得易守𮥷㐌亭事払跢𥪸細𨆢㨿󰠲麻別爏𤈞分厘𣵰跢另准波濤更𠄩𦂾𦀻更𠀧跢𦣰妾拯咍㐱沉鬪跡𥹰󱓇洳穢別󰠲心跡𦓡𢲛朱𫥨娘浪跡󱈘𫂮𢚸昭君㨳鴈書封准尼󰀡賍跡席情賍坤爫理断朱詳特󰠲𪖫󱘉行𧜗侈辱𤄮方隊時拥󱁲咍󰑼𠴍亇𫏍𪀄店春迍𩙌𠫾尋味香𨁮梗尋𢭮拯𥹰𠊛箕󱈘眾些𡢐拱𣃣𨁭探衝觥𠄩處意趨𨁭𦊚𤗖裙紅𠖤泣派𠄩行眞玉𨁬双双庒𨁪之𠸜碎󰅒噲石生𨁪頭呵𡳪固吒吒打媄𨁨固𫯳時奴吏㨲仍槌𡨺焒𨁥𥪝𦊚務顯聖象固德神明節序恆𨁡節上丁𣳔神聘貝𠊛𠎣精英󱤳吏聖賢𨁡𠚢𠰘唁打𨁟鉢苔𬌔加空用埃𨁎󰝂之固尼𡶀𢌌棱撑𥯓𠄼𥯓罷習𨁎侶堆𫀅所茹外勢哿嚴正如𠊛𨁍蹎󱦝所固敬丕襊踈䕯𨢇𬋩情控挂用覃歆󰋇琰塘𤓢爌踈踈俸竹𩂏𣘃庵書室浪朋絁阿難踈孛麻浪玉花練練䜹浪道吒󰆙媄𫀅平󰝶髙犇跿跼高每𬙞𠄼蔑期如󱳽期辰吏立𠊚恪𧡊𠳒󱲊𨀈朗𦖻𤑟𤉜㷚㷝𠬠𠄩事娘便𠳒󱲊練比犀󰇾皮啜隘󰇾皮𫫗毛主󱘎㕵𨢇疪疪𣩂𫴋隂府拱𫽄劍夷𤤰吳𤽗忠遇𬦶典𨎠齊浪皮典時㐌𬦶𨀈𠓨洞丕典挼𬦶𠭤意𪽝拯𠰷呐耒𫏓果𪞷𠫾雲仙𫀅体強疑冲弄𣳔渃溇馭𫺶蹎𨁼㤇饒拱𫽄朱鐄恄饒拱𫽄踭塘麻𠫾𡛔坤踭塊渡迻󰜩坤踭塊𡞕承𠊛些𧿆踤用種兵仍才踤𡶀𧿆滝索共孫武飭共班超几𧗱𠊛於分𢬣竜駒夾夾塘𩄲踖澄官沚耒𠏲𠑖拱踖喂招𠲖踏𡥵𠲖𡥵㐌𩛂𣈗𨇜𣎃辰𡥵𦉼朱媄𢘾結裘󰑼襖綿踏蹽𡽫󱘒𡶀𦋦朝劳刀娘𧗱餒丐拱𡥵朱英𠫾󱘒渃𡽫高平蘿蓮󱘐襖蹎裙相思㐌認𠤩分群𠀧雖浪古󱁹仍麻拱系哏埃辰𬰓買他姉㛪染病烟霞姅店補坦󰖁𦋦𨖲𡗶立𤍶𧜗訂𧜗𠊝色襜花戞曰󰖀鳳絩𧝓桃𧜖錦󰖀花停悁坭攝如茹娘兜在𣫕𬦼𩈘廷臣𤤰㛪拱固禮𢜠朱英英䧺欺﨤曲𧐖欺𦄄辰𬑶欺𫏖辰𨱽帽𨃐顛倒義名群之𬦶蹎隘𫽄敢𨃌蜄𧋻󱧔󱧔隐𣈜夢𠄼㐱体騎𩄲援𩂟𫏙𨃌蒸梗樁𦰟竹𬷤𧗱𨃅涅𦹵𡑝猫𢞂吏𧼋劍咹𡉦外干方東𣃣𬂙𣃣𨂼干方南𣃣爫𣃣咹女枚穭󱙃菭同󰝂𧗱摺蹅補功夫爫革履羅蹀𪾉𨀈𫴋船蹎踸蹀𠀧威灵𨈒圣樣僊篭幔󰖽𤽸影畑色𦳦涅𰿘身時召䔲荄份祇襖通身宝幡片架身曳於亭隊䳽於厨隊碑誓初虎固江山傾傾邊篆擬忱㗂車御史󱮞󱮞細京皮代漢𤤰灵帝𢆥𬧻雙󱎾𩂟易籠月󱙼眉咍𢶢𦷾渚底咹󱋔𣈜𬧻侈体昆𡛔惵𪽝村東麻𪡔蔑昆侯蹺𬧻󱪣工𫶸敬工怛自𨎠忍𫏻体牢劄丕𫏻尼巴南𡗶乙哿𤓢𫳵𦝄吏沛𠹾輪盎𩄲廊箕󱫤景潇湘軛𢏣滝軒渃沚㳥包船㵢𦹵𫉱鮮碧𦲿軒惡鐄拮軍仁義安隊准𥙩德寬和治𦊚方庒坊遁主辰軍𢶿𫯳󰟀文唏這如銅竹車𣰏兎絲重泛鵉多杜弄恒隊車斤弄共立眼目昆𥉴咍𥚆瑰𫀅天下門𠦳淡車𧵆辰𫽄合縁朱醜車拱體𫯳些尼箕卒𬙾拱𫥨𫯳𠊛寶刹𢚸傷㤕車𢬣耽經敎𫴋𦓡尋𠫾車列分索𦛌胣昌舌吕涅珊索󰟨朋𧎝𧎝𢶢車𦰟焒課夏缽渃務冬翁怒為󰠳車紙𧺃娘󰅹制帝扯𩄲撑紅顔埃劍埃󰠳几車𥿗𧺀𠊚󱣘曷鐄菱角果㓜固稜龍眼󰑼果眼篭兀車容藏汰汰坤𨋤󰂇滋長𰿘類体量寬磟碡丐軸打而旁曳𩛷咹計軫𠄼钱氏香領𥙩塊𡊰皇宗軫功赦過𢚸𠊚特安運治共乱軫點𪰛朋些生枉固濫之檯輞網𦁹𦊚㝵輕昂渚制𪔠貝𥘷占輕胣𥪝㐌󰇏𩈘外拱輕女𢚸󰅹輕𧁷𢚁𢀭情性桑輕𠫾𥚯吏如𢭹𬛘胱𢀭仍𧵑自然意恐輕油𢚸於坦堯憲诚輔幼𣌋𣅙恪󰅹伊尹劍之周公轆轤輍𨍮拯𬁷拯㤕拯爲吏群瓢輦爫之景尼𠊚忠默沛机難𠊚奸輞𢃈迎昂𠫾𧗱文固𫨩柴㐌𫥨爫官輞條輞𧺀馭英𠫾󱈘輞娘𠫾𡢐用遣式臙輝牟粉倦𨤔撑𠒦色覩󱢍眜老空圍拱𧺂輝英𠫾穭𣜾𢺹𥢬英𧗱穭㐌𧺃輝𠫅垌𣈜𧗱穭㐌赭輝苔同大夫恪態𮎦雄歡輝㐌過從容興乘馭𨍦群於裊長楊徘徊𣎃論𣈜輸󰮃𢚸㐌忌𨕭頭𠓇𤐝𤏧𦰟畑𨖲𧡊𤽸抛双曰况群𡽫渃𪧘默油輸特固埃争産荄𠳒説𨔍𨓡裊施肝貝𮎦䧺𬀦輸責埃𨡨役争𢵋𥐆𨱽運渃特輸機𡗶順帆率㐌景芙蓉趣産𬧺低易󰋇𢚸福德𠊛𫏾底傳𠁀𨍦英㛪󱅷𫏾廊渃󱅷𡢐𥒥𥔧丸濕丸高㳥逐泣𨍦泣𫏾𣋚戈𢵯眜朱連蝒沙𫏾󰘚報信外㙴項王𨎠㐌𡎢於𦷾𬰢𡗶蒸皮𡧲𣈜於𨎠准皮𨕭於眾爭饒典𫏾排𥛉𡽫高白石󰅹代轉渃奇黄河𧯶課仍埃𪟽󰜋𬌓自然固欺拱動旦𨕭轉運轉尼𢖮罕劍咹󰄥旦綽𠓨厨巴像蔑丿轎易蔑像法雲曩庄兮動体𤾓餘轎𫃚連縷過𨎠󰬮之身𨏄𣰴鴻探令底𥘀𬌓𢚸小姐武子𨎿雖召曳伯夷另某𢧚清𣃤﨤蔑󱠙嶗𣁔初𠉞諸埃𠫾典𠊚意噠𠸜囉坦󱮈官鎮𥹰拱擬吏󱮈朱𠊚𨖅逴𤽗姑籠𧗱,Nom
vi-du-tu-dien-dan-giai-nf.no.txt,渃𠁀𡗋浽䣷𨐮𨔍𨓡𤯨包󰘵歳𡗉调𧃵𨐮客固迻朱𠬠莰茶醝󱮻󰅹固辨味花甎甓󰑼丸󱌔辣𡏦司皮蔠荄你唐名利滝𤁘𦝄辣󰖽𬁖疎閣󱀄𦼔苔立鬪詩才劣辣饒𢧚劔伴蔑命辣課𠀧冬吏𥙩祿秩易㝵輕辣几固德長箍辣穭止年灑曳𩙍囂囂珥𦑃鴻昂育油些髙辣空𢆥共時𣈜朔𣈜望牲𨢇蒸𤼸旗幡蒸供辣辣拯𠞹功冷苦辱饒󰟯查󰌎庒曳洡湯拯辞棟梁丐牓農查民農盛旺蚕桑𥟉漢𥺊唐大稔豊年矯群驚恐乱離細所准溇丕細所准農丕旬尼基業強𥾽拯󱳮㨦󰧙拯煩浽農渚󰝂農餒麻疑高𣛟責𧗱分恨𧗱緣緣分共為情𢧚農浽濤涵哿某蒲農大姑姑哿甚䝨小姑姑悶農𮥷順世閉𥹰娘辱禅関㙁荼𤁕󱧍霜寒坡配盎那苦辱世彌陀羅性朗𤐝駡沛辱尋𧗱極樂盎功名𤾓塘𢶿也𨋤𥙩才藝辱辱調平雙塘𨎠所典擬共欣𠦳欣𤾓黄伯莢羅果辱諾埃喂𨔈𥙩矯𫅷𣒣𬎳固侶堆些固辰身昆群等𡨌𫯝嗔𰨂幅像論代辰崔𣌋𣈗掛挭𫥨𠫾埃摸辰半最𧗱𢪀宜𧵆墨辰顛𧵆畑辰𠓇爫𠊛油㐌伴共埃𡨸信須辰𫽄𢮬差辰𢚸𠄩𫳘仁󰒂拯兮爫事非爲横邪馬貪馬曳湼英䧺尔時𧗱正補邪俸牢󰝡退𦝄花拯辰君子固𬁷辰㨂󰣽吀亭彬𢱖汿𫥨𢬣欺𢝙辰撫𢬣𠓨𦤾欺𫤾𢗽辰󰅹𧡊埃唭浪妙筭庒群󱨢󰠲困圍𫽄過𢯢𢧚𫽄󰖴丕辰𡎝天堂寬寬𠤆𨀈𨖲准地獄󰵅󰵅毛尋𫴋昏彙󰵅𩈘曩󱩰𣌆𩅹󱩰最仍課𥘷苦闲几易󱮵意𤄮󱳁户趙麻爫𤤰咀𨱽所嘆丕󱚾㝵𧘇蒸󰠃厄丕些生𦋦蒸𧗱𨍦󱚾欺意𤾓事󱳮買𫨩𣳔唯公侯呐𠱾󰖮𫏾摷𨍦󰠱泥世間萬事𧵑終生空死吏還空仍羅課意中城固優婆塞𠸛羅修定体蒸邁於於中房巴邁糁𢆥庄固埃別㝵󰑼埃船𤿤奔半每尼蔑本邁󰹞𢪀𢯕清閑怒柴户卲本羅殺生𢧚浽󱨬科名命租穷税沛𫥨朱󱡃紅裙珥幅征鞍𨘗𣦍蘇定擛散邊城蹅盎𩄲掩布檜𣈜𣈜𫥨𥪸邊滝𠳨𠶀住俚󰅹𫯳碎謨邊𩯀󰁰分𠹾仍霜歳𠄩󰁰𥙩蔭吒補朱蔑職府建興併𦋦渃蜀没𠁀於𡾵𣃤特𠄼󰁰𢆥𧷺耗損奴蒸氣哿精实󰁰歇𠀧歇𦊚歇𠄼出家戒律󰁰篇攊𢬗午所別坤麻𨙝料飭麻打󰅹羣別道細𨙝羅之𡽫渃邏𠦳鴈𩵜演鳯鵉󰟯没襘𧜖終景邏店清興𪽝󰠳柴邏帝仍噲浪阿蠻𠵩浪牢俸𠫾󰠲󰖳𧗱恪󰅹𢵼𣩂𪶊𢵻𤈜茹空体沒刻󰅹󰑼底󰖳別𠺘𪉽𤁕𨐷咮讓󰅹案苔𦋦郡朔方碎𠂪󱮩獄尋唐𧗱低外塵沙漠𢭯清甌鐄跬󱮳宮撑凭鐄稽畨供尾爫齋連𡎥振济役排󱮳𪞷檜𦷫𬨿油竹布琴迻󰊄默樁弹䏾翁󱮫仍𬄹銅壼曰半𦁼税吏學路迁都時乙固󰟯𨒻台台袩𨒻袄餒𦓡濫昆固課盤碁卒𨒻車𥪝經勾悴𡦂𢗖補込斗室最沁𣎀長吀埃停󱂵𠤆迡固功𥓄鉄固𣈗𢧚針娘自󱟰󱮷󱠪󰩄官清茹󱠽昆䜹󱙤𫯳役官添󰑚󰯿󰯿几意渚𧗱几恪吏󱮶慈浪𫯝蔑玉皇菸𨑗天下󱙯󱮶𫔬𫢫英保寔咍㛪𧗱󰋇英郭罪之於沒𠇮塘坦𠶀澄㐌悶郭别󰠲𦓡𥈬𦥃包𣉹所𥪞𡶀屯突丕麻捽高意噲浪𡶀𬪄船戈典郡慈廉永康𣷷意姅店杜洳固𠊚於郡東城修人積德󰉲生昆賢𠦳行柑橘昆隊𪧘嗔𬈋某部𬋩江山固別󰠲羅事世間一時部吏部兵二時部户部刑共衝抶𨉞𦅭󱬏部𨧟銅𡥵㧅𢬣李通𫥨迍石生爫𫥨部仔細媄碎寡部苦䝨𨎠㙴𥿗覩都𩄴𣈜添𨱽𨒟迻惱訥朝台紙箕易劄丈尼坤都𧵑油用覩󰅹都旦娘浪分𡛔俸𧗱旦都󰡑共透皮沛庒𢭾從准江湖𠹛別准意固府紫都清北南𢭯泟平詞移兵聖駕定都竜城䧺王都於州峯意尼白䳽合𣳔洮江㝵惵課耒打都𥪞院都快樂真𨀈林針𤞻豹群拯咹埃路󰑼𤞺兔都唏共𧍰󰮏辻歳索侯𫅷虽浪朝固冲茹空昆渃时技𦊚𠄼分干戈別󰋇辻吝打饒辻𠅜戒禁拱空犯之𠱆唯边𦖻㗂管弦𠊛坤埃庒𢪲𫽠边𨉓仙觀伽边道士蒸㛪𡛔户𦀚行边外𤽗陳渴真丕夫人𫾑孕𥙩边注𣈙焒香停抵𣷷緣𢚸𡗶朝奇𠄩边約求㐌停谷𣷭边𡗶撛󰑼𣈜泊戈潙春撑𠃣襘𪮏祖茹泊边𩄲𨑗時迎渃迎城𨑜時茹󰘂散情掣包感恩󰆙主𨑗𫯝㑏民𨑜𫢫召罪朱民創埋固几𨑜尋󰝡𬨠雲洞󱉞嫌待篭埃麻固罪󰝡𪞷鬼調󱢝𨑜庄戈塊求柳姐𦞎𪜕辻󱏲双生𠄩𡛔雪氷𨑗𫢫㐌𠄼辻歳𨑗頭孛保阿難迈當察𦖑摆倘鳩渚於工弄媄年巴林老迈咄昌曳巴迈炎噴連俞湄鳩渚戈工迈倘心臟号󰑼果心曩迈咍两庄嫌固篭孀婦过礼渚挼昆眉𤙭󱰼觸吝𤙭鐄𪀄过号鳥鴉尼𣦆壁桂𫗄鐄囂迄𣈜務秋𬲇冷迄迄梵宇厨髙迄迷㛪油奔半賖𧵆爫𫳵朱塊󰘇巡英低件𣍊所廵無所使欺辰柴數𣅶柴良𢖖折󱮡󱦿孟津迻細𥪝所嵩山賖𠄩𠊚𬨠妬𦣰安尊師爫法如壇升天𥄭𬨠𨑗頂石盘体𠄩𪪳老預昂打碁𨑰茹洳量𠊛傷敢奈用包拿消包拿咹󰋇𨑮默󰋇𨑮待姑三𬙞𠄩𨑮󰜋𢆥𫢩太子智奇平󰅒梗役大噐爫柴𨑮方吏典共柴还本相初得時親戚旃眞旦失所廊盈迎󰘚𠫾閻王󰅹計打迎昂式之式庒産床油𢚸咹扵迎昂󰜋𠇮𤾓官𡾵次於頭𦑃圍森合府楼迎昂𢲨𢲨蔞卷耳拯苔迎丐筐英𧗱𠠚板朱𠫅㨂船待𣷷迍柴媄𨖅無厨爫斫𠜯頭迍𤤰蹺𫢋𫹰求冷𢬣迍搜另世無厨冲代仍仕辰𤤰𥙩𫩝排喝𨒣𡥵唉唏唏俸蓬芃𢪀命於盎蒌荼𧯶𢧚尋㗂𨒟迻共𠊛護於治所欣巴𨒒𢆥侈𠄩𨒒𢆥卞𨖲蒸聀𢀨丕計自秦越忍𫢩𬙞𨒒𢆥󰭺𠇮𣈙𡨺𡾵𨒒畨󰡲㐱畨特翁修定㐱固蔑昆𡛔歳皮𨒒𠄩宋臣𠳐命旨傳迲𠫾欣𣎃細沔海山僑公冲胣㥬惶阻󱚢述吏共娘月娥󰜋念鐄𥒥𢪲𫼛悲除牢女迭迢湄𩄲紫烏黄󱖮色間迭年花色細顛𤙭黄払庒𧡊𪀄鶯於内迡茶翁買𠳨生闭𥹰㐌律𠸜屏󰠲猪閣芸群渚筆刁香𨁪車𨒺泣江山政刑磊節遊觀過常𫃚落朋軍逆𢚸空境拱空課這退覃蔭吏庫台風月𧵑茄些曳礼麻退忘財對色乙尋朱沛退龎公退權吼𠾶󰑼例𠰘侯勿表𠫾𧗱苦信赤虱步臘灰世󰧙棖答㯿焒披買退西子披退漂胣客太眞沁㐌𠽋味香艚杜吏艚迾𠫾道路唐哿饒㝵專迻䊚式鉑欺霜用倘味花課𩙍迻婆夫人蒸衛茹𫯳𤾓具車迻𦷾礼迻旦賻𡥵辰𠤆收哭傕卞買迻昆朱柴𠄩英𨷑襊迻𦺓朱咹堆些迹拱昂饒密雨迷撫庄湄野雲𬲇退勿為隊方𢚸迷時𪜀類凣債道聖姅襘占包耒迷如職蝴蝶𨷑傳敎法爫柴救迷払牢渚蕯滝迷吹埃改節变󰒂朱當𫥨𢬣济度朱𠊛𣷷迷名拯恾包利拯迷庒迷為色𪽝醝為情具尼迷𡛔實羅迷香強焠𢚸陀迷𬏽𦎛強𤐝淚吏珠滇碎捉尺𡽫迷襖𧙼𠊛爫官一字隔重𪸔󰭬𪸔𤉔𨅮𥀌󱩖顛󰡬顛催拱𦀎纙𦹵核漫漠渃𡽫𨔍𨓡𧡊花連𢯏別𣘃埃𢲣茹𦱊䜹闼冬霜冷𨓡𣈘七夕湄汼𨓐𨔾𩙌金風𠺙律幅𫷊衢前呼後擁秩連府廬買𤏣号畑󰑼低㐌麻𢷀連時渃沚燒滚滚羕𡶀連延矯𨱽戈珠連擁固埃忙棱𣘃賖噎噎𬈗氣󱙼連𡗶回門見㐌特𣈜迻妯塊󰁮連𪮏把𧗱班店㝵默襖弹翁麻底㪯茹共每事連𪠞旦茹各柴於昆体各柴於茹蜍佇涅那凜庄固𬁷事世間沒約㓜事𨕭𡗶連亇𤈜󰕛咹貴妃恨彼銃連饒昌輪梳畧止頭連防欺連束㪯連吏通調󰠲𦖻󱩇頭𧙜𦇒連倍𠳨症之𣈜󰅹皮連把弄細菩提孛伶徑唐連緦朗󰑼𫃚䏧𡗶撑連大紅素綾𡨧鮮󰑼領審壙強苔強連造制𡎝𫢋岸仙吝矧旦沔𡽫渃和安篱笆片造𦊚方謹茹𠸦󱝞昆造窖坤凣沒妬揚𫥨別󰋇唅弹琴埃𦬑𢩮𦀊庄戈𢵯造運𡏦坤常𢴑𢬢梗椿干𩙌速潭迟𦲿柳湥霜招速曳爫丙貝掄㐱𥙩𪮏初逞准𦼔撑逞咍弄恩愛怛命折買分离逞朱特襖癸𬉵𫑃工身𫃚𠬠𠇮通且𬈋咹跬找䊷𢹣𤻻挄鈎淫箕𡽫怒渃通容𦝄清󰢓沫伴共㹯狔因𢚸些旺執坤通𰿘󰜲𠦳𣳢固裊通揬昌沃渚通𧵑報盃窒麻囉傷理拯通𥙩爫邏這冽対渴曾庄莽咍棱撑𪀄逗𤍊𣘃高貪𢀭𥙩沛绳吳𣎀𣎀如体梗枯逐𠓨埃謨𫡦逐韶光𩄲苓󰢓𤏬𢀮荣𠬠𫯝掉逐爫之𨻫辱因仲逵沛苦所逐拯矯共累吒媄恒逐昆𫩉𡞕麻㝵庄宜𠅜󰀎𫔮董䁀撑扛梞竹逐绳童抶繓乾坤窖艮魚𫢼屡逐頭吏𠵌鬼使劳滔引𠬠𠊚󱚢頭逐芒杠炎淥夢存報台逐逐眉賣号浪蜥蝞法衣襖孛𡨧鮮法鼓弄孛巴回透連沒椣香𦹳透𠃩吝怨𠊚納納仍謳𠊚鞋𦹵牒眞𠫾董頂世情逋把浪圭些稱衲子油吱默𢚸呵仍逋仙結伴制朋𤽗李靖蒸𬨱娘紅拂漁浪爫道壻昆恪󰅹𥿥𥿗麻𫐮𦝊金各柴豸包𫀅麻体仍事𨔍中𧘇安陽𢚁固弩神圍棋群唉𢣇分𢝙𨔈化𧏵耒仕逴仙拱皮使衛𠸫󱙹天庭鎌鐄馭𨫊提兵進𠓨浪些初仍於京拯咍𡥵㐌𭓇行進渚丹青𠦳軸進殿𧏵為挼婵娟動久重遣姉進爫𡛔侯𣋚埋朝直𦋦󱚢冲宫𡱩鎌㐌决庒容賊𡗶丿󰠲童子𪞷𫐹浪学所曳𡎥尼軒𣑯逾𩄲𫐹木冰控𡎝尼韶光𠃩𨔿㐌外󰮏𨑮別丁皇𮥷固𢚸𨔾𩂏咍謹提達羅德𡨧等人君埃𪟽𡗶𦄵户施運渚達時功業渚𢧚南体達工怛檜頭礼真孛所㝵意張弓達𥏋因准高暗𨉠連沛𠄩㝵旦𣈜娄茹𧘇生特沒昆𡛔卒冷達先󰑼夭庯嚕槎那󰒂󰑼盃明陳公買達𠸜󰑼嬌蓮倘𦥃󰋇層蓬島𨔍矯謳𠀧達禹門嶤禹門𠀧達㳥桃䀡輕軍沙󱪞渃泙泙達滝據唎達𦥃廣東﨤孫士毅拱𢚸睦鄰𡗶固氣隂陽道𡗶𥙩𦷾麻堵㝵固義𡞕𫯳道㝵𥙩𦷾麻𢧚獴𦹵固情慕道沙門當蒸賊𠄼道拯埃孟欣爫蔑道符㧅𢬣柴保𧗱𣈙娘乙固胎於低𧵆庙𧵆厨拯㤇辰𥙩道符朱㤇移所燥細所遏㲸遏塘仍沐計冲㐌𨒒秋餘𦋦𢬣迍遏腥洳漏漏准燥昆南准遏朱媄南𤾓塘煩惱庄歐沁過渃意㐌侯輕身折官冠軍羅𤽗宋義拯計𤤰蒸㐌過機牟署化𦊚務運冬𨆝巴𨑮夢没春初𫢩治乱𢬭運埋埃乃特拯分貞埃惜台紇𥺊𤽸銀㐌扜渃浊吏運滩苫紅舟船運粮中買吏計歇中弄船𫀅事机造化坤咍𡗶固店𣈜運固盛衰鞋𦹵𤗽真𠫾董嵿𨉟𤷍𦛋運襖𦁣𢚸朋𩄲渃庄𢥈調之客遊俸固󰜋𠊛其心户束拱㐻書香群縁几遁𠊚迻𣍊縁永𡴯如厨󰜏釘󱩜𦖑㐌𤑟事𢚸修行󰝸𨤧遁𨦩𫗄𦝄𣈜𠳨客最𬂙𬁖遁眞湿𥒥眞高岋𡹡妸魏娘姚誇惵悌𠊚詩客𨢇遁𠶆𡅳蕙蘭當遁席明信𢒎㐌体熷𤇊使花营生遁女󱙺毛秃庫󱠻𧋶錢樓涅䋘崔㝵杜讒遁多渃恪眉士苦敢丕欺易󱓍𪽝𠇮爫羣可遁𠱋㗂檑橋渭遁𠓨𫗄秋包饒参弩𩅀󱢫芒種皮節倘𠄼羕嘆念鬱抑闭𥹰時堯事变饒平𬨻重孛修身用駡磊蔑絲蔑𬨻拮沒回𨕭㗂𠴔翁恩𨕭湄洒沐沙共爫府尹没座顕荣朱𢧚佊󰡎立坛𩄲𩄎皮𢃄生藏皮𨕭熟藏挷堆腮另𡏧覩𨕭代稔昌󰡎坦珠眉哭𪟂𥯌㧴楛𨕭岸𠴝咹粓苦樊󱋔供埃卞遣𨙝𪡔𠖰茹边東𢪀宜咹固𠶣爫固遣香畑𣅘𣌋度身別兜舘楚楼秦遠󱖮呵疑𠀲賤𡥚閑𠅜呐𡗉拯遜他朱冲𠬠皮󰅹庄他隔阻歆遙󰟯尼𥛉𡗶朱奇𩄎遙朱𩆐朱𩄰朱𩄎𫰅𩙌𢀲朱蓮沉𫴋朱䕯𨅹𨖲𨕭邏之𠄩㗂󱮅台𦖻𦖑㐌𤑟尋𣦍典茹󰅹󰑼𤇮𭛣󰕛悲撰爫具宴急排朱󱦰逴𢜠庒絆󰖥絲每調天𡗶地𡐙位𡾵覆𩂏載𬩅流㵢滿𣹓逞朱特奥癸𬉵𫑃工身卜󰅹別翁仙󰠳妬𠰚塘𩄲﨤𫑀底𠶆埃埃拯別󰇏𠁀󰑼沛倍鐄之麻𢠼𨖲仙𫥨庯巾昂挄𥙩𩈘𠓨塲裙𢌌振𨖲𦟏霖羅𩅹自𠀧㝵阻𨖲元嘉𨖨府蘇江𦥃𢆥寶曆𨖨𨖅宋平坦𬙼𢲣𣘃𣓆遮仍𠊛清歷呐𫥨貴權固欺𫀅𥢫𫀅𦓿𢚸針田野󰜋𣈜𠇍遭𡽫荆適覓撩𦝄桂𣘃漢柴來逴𫗄熏蚺蛇木適𧋻臻架曳風月󰜋杶恾適適湮霞堆鈽掛欽欽湯餅用鉢邑頭湯𧐖湯舌點油適於人生𠀧萬󰮏𠦳𣈗碎只適沒姑些𦓡傕𠄩真蹅𫴋能能𢩮沒𢯰󰝂昂適適毛李琴𨗛直殿臺因欺元旦呌唎賖𥸷耒霜𠹾𬋟𩈘花𨗊沒岧沒岧吏沒岧𠸦埃窖󰗯景招遼晋王餒𩟻󰣑𣅘立爫太子底遺業茹跡傳裊𫏾矣羣遺名呂瑰它稱𡨸瑰課權媄買胎生固恬氣𧺃遶觥泣茹𠫾皮𠬠埮賖賖俸󰠲翁舘奔波遶共𦀊薕帽泊袄󱀺㨿遶冲禮文公麻爫𠄩𠊛統属㐌悁龍川南海堆邊遴寅𣈜務春遲蕩蕩𢲨蔞蘩𪠞𬆒𬆒待准關河揲安急遲仕貝𤽗仲逵共体治低渚特包遲皮安車馬吏𣈙飢荒𭛣耒少季󱚢朝娘樛事𡳶𪽝󰠳郑𢚸眉𫶼撑羕柳邪牢特蒸鎌斬邪爲民尼𠞹𣟃與意丕襖打教馭蔑欺号󰑼盤若𧘲邪𦊚边庒沛吳庒沛些頭辰逐󱩥袄空邪𡪦包饶道𦨭空湛桃𠲖邑󰖽樁喂我朝牝牡立語𫁞排邑󱚵篖筌邑亇号浪丐南丐䈒邑亇吟𦲿怒𦓡󱲢辰別𡗶㐌𬁑魚漬羅渃𫑾淬󱨸助祭烝几𢄂茹周味󰵐󱮺𪤍隂󱉎吏強𢌌𦋦𩙌𦝄清𨠣󱮹𨢇凌瓢蘭蕙拯𦹳時渚女之吏沛醒蚤豸樓黄州醝𫑺欺姅醒渃𦊚𠦳𢆥魂𣜾醒𠊚𠄩𠄼兆𥋏群醝油和朗蕩爫髙女拯兑饒共没醒星六躋迷𫔳鴻𡅳𠀧󱋓𨢇濃魂季父漂𧗱干𨠣󱮽花鹽羅酶花石鹽羅酶𥒥買調和謨圖𨢼酶𥙩珠玉爫酟爫󱮼𠊛𠶖𨢇𨠣𨠵㗂醝妬埃除特𨢇𨠉除咹𧆄𤒙除𦣰𥄭终住碎𫨩酒𫨩沁𫨩渃茶特𫨩𦣰𪿀𬁑生浪㤕㤕相交渚共森合女󰅹支配肺臟󰑼配朗蒙洳干造化吹󰝂俸𢧚超度𢚸󰝡配牟王自課体𩈘餒胣俸配移𢚸俸𢧚醝欣𠬠𣈗咍𠬠酌拯醝庄酖羅君子拱󰑼酖竹醝樁𧡊桃花𦬑󰬮紅厭制催卞酖𠇮𫴋滝魂花徬拂𦟐紅𰛻汀戈𤇮煺麻𩦓蒸圩酟㝵衝𬮌󱑹麻𢴑蒸𢬣𡞕㝵底𡥵䣷㤕𬌓𢚸闭󰅒煩惱耒道德強𫑹奴󰑼精󱃗初箕特唏㙁女奴時咮𥺽𢀭󰠲仍几𥄭𬁑𢀨󰠲仍几醝𫑺最𣈗群姑拌𨢇英群醝𫑺文尼午𤉒𢚸尼包𢢯為󰠲𢧚餒䔲𨢟傷吒𢖵媄別𣈗󰅹悁娘戚姬特腰麻𨢟𢧚禍󱩝𫺈課𨢟形造化𨤔芙蓉𠬠朶誇鮮横山没𦄂買𨢟基圖固𡥵𨢟𥩯朱𡥵㕵𨢇打多姦与忍錯卋些貰淬𨢇瓶金罍箕病牢干醒干醝買耒𬀦世𣅶尼时空醝𨢇奴粓共蔭襖𩵜鮮醜柳𠊚衛急𨢇󱙃燶花客於遲固種刁丕醜仍𦹵蘭𫯳醜𡞕醜仍󱳮麻𤷍碎醜厠如𦹵葿㭉於邊塘𢪀浪𤻭𤴪𪬡悭𠮾󱦉朱𣦆味𠁀󰜋𠁀拱𫽄󰜋𠊚爫𢧚彈㗂琴㗂瑟麻腰𨣥𦷾雖悶蹺盃尋𨣥群可特𠱋𢚸𡗶群𨣤才花魁元停底旦科𨍦尼𠨡於茄埃拯醲蔑丸混沌裊初冬賒󰏙醲吏𤁕邊𡗶湛䐗𤁘代唯儒尊發邑邦太宗撫治萬邦遺文威德和郎称臣蓬𩸮邦蓬𩸮󱖮蓬𩸮󱖮蓬𩸮邦箕如花󱦂花梌花那花示𣈗湄老濃𤤰𠸦皇后𠽋那𡛔麻󰟯意𤳇麻埃當𧡊𠊛牙眼󰞺那妙楊媄󰑼𠊛渃南些實𢚸庒悶喃那稽𣳔浽𠇮貞仍𢢆𪬔吏𫼳𥙩㗂那路麻制爫朱強掛縁尼󰞽那台底朱低𫳘情春秋包那女尼𠸦浪𥘷拱慈悲路𫅷礼那窖鄧年留侯𠀧𦝄印那禅𬮦昆㕵󱏛那糁斛司斗𡧲𡗶没阁圭文厨仙边那庙神边尼払郎自意𣌋𣅘㐌𩛂李阁吏𧗱越楼𫯳伵𬮦係之𤽗無故女𢙇輔導官郎朋湖湖哿泠郎寒潭潭冷蔑𦍛撑中兑傷身分汝郎𠰺唐方便𢚸強感恩典郎𢆥賊占癡細𠺥𬗔役師旅買𢶒𢀭郎貴物計󰅹掣之𠯇𦖻啂保󰡎幔爵郎權奇渚筭戾之黄欏夭台核郎𦲿撑果堵式強卒牢柴寺因𤓢特湄吏所郎屯枼帝扲斤天下𢵯杄所郎坡𡎝𡨺廛國家㐌兀牢固所惜呐䔲庄邾眉易邾眉撑顛󰛕𡨸八編𠳒帝劄𠳒低笔花酉萬詞𩄲酉𠦳某共戶行弄𬐩酉酉𬟗亭蒙𫄑户巢𠸟咍沒瀝清溪楼𪳔閣󱮿惮掑源仙渚欺渃𦲿󰖽清泠汀吨仍圖󱳷捤𧏵𡗶落度󱱮𣋀疎𠑕𬂙䀡󱱮天章矧蜍婆靈妃皮默蒸襖󱱮𩄲錦測玉黎蒸躡󱱮𩅜散𨨧黄󰝡典准於時蔑牀永󱱮茹𦊚壁空𠸗𫳵咏󱱮唏吣𫯳𢘽𨻫損工夫󱯄𠇮惜台𰿘󱯁城𨱽孤軍𢧚内舌才折衝准几助茹𤤰𠦳󱧤盃民所於翁玄德於尼㝹唒𬮙󱯂拱尋𠫾朱別䜹吒󰰊𨤔拯輸𥫹棱如鑿景厨󱲞印六經弄弄塘爫治四教冷伶󱪈𠰺𠊚焒𥠮裊渚垠𢚸俗𦀚䋦󰠲群別󱪈𡗶箕句俗語浪𠤆𧡊㳥奇麻野𢬣𢴿侯典姅淡時𡗶坦𤁘創樓臺重蛰功名庄重富貴庄恾役尼󰑼重渚倍爫之󰒂𡞕𫯳𫀅窒重於頭風化法蒸茹󰅒官将軍與時固麻德時空㝵時輕麻𧵑時重𧡊兵撟典𧼌𣦍𥙩𠇮爫重𥙩柴爫輕柳拂絲鎫撑撻撻槐張傘綠𢮿重重治時可𠁔户䧺𡥵𡥙重重百子千孫𣷭溇󰋇丈𡗶高󰋇重蓮臺重蟄󰋇層至靈揾昂澄凍舍船輕船里珥世和卞弊袴󱧔里㐌门旦𦡟錫𨰪𤤰恩𥘀柴恩𥘀酉托𪰛群鑿𦥃昌默埃花柳燕󰢒𥒥鐄些鑿恩情庒差甕銙吏󰭅𩦓𦋦䇛𥯌鑷鉄𢳠𧤁婺𠎣𣃣課桃夭車鑾𨁡𨃴絲條結緣𨕭帳錦透𫨩庄𨤧量計所恩那𫶸庄咍󰠃隊坤沛卢量曳特安𠵌𠰘伵呐默量投時兵𢩾󰘉芒業茹小姐量慮没𣉹拾𡎥𦊚𥛉賖賖叙情翁浪量𨢇劍埃席𢝙油拯待𠶆拱醝量朋滝𣷭拯辭埃保饒料量筭󱳮別󰠲求帝対󰑼固昆春意默東風料量𢩮斤情朱當銅斤賖𡗶𧵆坦倚坤拯咍𨤰托群算待之爫󰜩𥙩𡞕山東𦧘𥸷固𠃣錢𨤶如𡽫弄󰇵𢬣叩𨀈吝𨤵氷馭車提裊𨤵撑𨕭塘藩屏𨷈𨤵忠賢没門󰜋𠊛󰜋󰬮𨑮分院𨑮異形拯固󰖽荣蹺法虞唐治𠁔商周𧵆厨風景每塘於𧵆署染󰖽荣每牟檺𨫵󱯊丐𨯛丐𦉗鋸󱃮斲󰗡康康蔑節駢鐄𥒥𮢶底代代路𥮋絹梧桐𮢶𤞖核󱖮𦲿秋落󱉎拜空㐌黄從容𡅳𠰺鎚󱯅文章拱固質才劍之張輔𧡊𡁾𫺶牢折𤽗景異頭撩外城𨪀𥙩肝𦋦爫羮𫺶為𠯽辱朱𠇮沛傷船𨔾浽蔑𤾓桶辰價󱯔蔑𫔬󰮏𠦳𬌓鍾𬬐鈔󱯒錫󱯏󱬰单節夏燶油默󱯕󱨼務冬𪶭拖𩂏錫羅𨥔釵玉燕默丙掑貝𩯀數𢆥󱓽𢵼特𥪝𣳔没函湆浥仍𨦩貝釵紇改情期特每金時蒸尋緣針𥿗䐗𥙩爫悶丕碇索紙釘強卞防欺殺碇丕連招釘𥘷造化冬釘過𢞆𣩂𪶊𠊛𨕭𣴓麻制鉄釘釘瑟㨂催秩卞船時㐌湼板時龍釘核同博核釰輪刀朋湄朋迷釭󰑼法噐名浪鉢󰑼罪夷罪󱧐𫴋滝打𠀧㗂釭吏浽罪𨖲榾殿㩒󱚢闭除󱢰𢬣爫釪㨂率𠅍𠫾㝵率丐簮几淶丐釧賒𧵆狼藉匙𨥌丐金鈥鈢撩各圖󰋇倘盗刧殺仁檜銅鈙者𬌔身涅研卞蒸󰡎園𥙩梞鈐坦底帝鉗羅丐鈐鈎敻𦓿閒養某身󱏹照抛抛船翥月襖𥯒惧惧客𡎦鈎鈍技台𠊛捕䋥兎張𠄩昆𬑉似寅獰𤽸如銀𤢇鈍如󱕖刃𪖫鈍空𠞡𦓡鈍羅丐荄麻𫩉刀鈌昆末柴哿安尊共㝵折𤯩吏󰀎盃固𠬠𢚸忠免孝𦝄常𧷺鈌渃常𣹓潙釵󱯍釧𨪪𦊚皮火箭󱯌󱚢炪散庯舍𤈜偷殿臺𥙩󱢌富貴対󱢌閑怛肝𦛌𪵯󱢆栘枯卯歇馭󰠳纀󱡴翁該𨫑󰠳𬫉鋥於腮󰜏𫅷鉸𨦀𥶄𨥿滝弄𨥿翁喂碎𫽄𥙩󰠲供浪悴過𦖑桃尼咹准於終鉦庄󱳮苦辱共停荫奴昆𡛔意哿𠻆𥙩梞打破瓶鉢𢬣扲鉢𬖵𠫾戈𠳨𠶀姑󱪱固茄𫨩空馭𨫊鉞𨫊朱苔默些仕料𤤰𣈙渚卢鐄篩󰋇㯲䒹高濕鉑點隊𥱱䏾日疎𢀭辰錢鉑唒𧹅壳拱沛𠀧貫𪽝𫯳棋鉑𢧚𢚸空㤇棋鉑󰑼博绳貧𪽣娘𬥓歇𢯧蹎𠓨拱蜜群𧋆𧌂合團鉊空歇𦟐蜆連𨁏𠫾爫凶杯𤢿𠄩𡥵𢯰劎灵劎防筭鉆頭󰭼劍󰭼刀麻鉆㐫󱳯𫆧𠊚些爫丕鋼鐺󰑼早共類鉆岡如燶肝鉄如袍𢚸𣘈酉朱𩈘鉄拱𤵶為情或現獅子頴呻括鉄没㗂賖𧵆㘇威細𧵆連𧿆𨖲船󰡫如雹鉄󰡫如𤞻撫霜如鈽補𤷱㭲柳𩄎󰟯鋸鋸𤉗梗梧石生𥙩鈽𪟂蛇王琴𢯦鈽㧺計𠦳冶長功德埃編朱𣈙簪鈮簮掑襜㩫𢢆𢠅𣦆瀾𩯀󰑚挵𨦩𦝄腰志啉𥕄銫𢧚針固𣈗病𨑮𫽄简𠬠分當干銅鎛滚昂寔虚渚𤍊變常埃󰛩𡎡銅𡎡𨯘吏𠲜衛些堆些如體銅錢銅插銅𠑕銅迎銅𦣰泉溪𤂬沐沁宜號羅𧋉肚渃㵢銅銅外時銃𪧻扲催冲時焒𤈜𠖯𡗶埃當銃󰠳伏𠓀塘𠫾抵朱鄭主吏疑黎皇𢧚𫥨𢬣銃𢬣旗𫽄𢧚辰𠤆𫽄𢘾𢬣埃張𠄩𡥵𬑉似寅風景他鄕㐱𨔍𨓡𨃴𩌂銀礙課𠓨宮㐱銀碍丕麻𠭤吏芸皇𬑉吏秦銀些用林沛奸臣脇些󰜩𠶖𨢇芹𡛔旹打𨨨打鉷爫𢝙𩝺性命蒸𬮌昂茹𦹵堵業𤯩蒸󱯐𣎞鐐𬲇凍𨧢𨧢鉢𨧢頭𨧢巾鉛鈘鋼𨧠鍮󱯉𨧆檜𥪸於边調仍㝵默襖𨫊矛麻銅共扲蒸種鈽鉞銅𨦭鋰󰑼鍬鍤掘陶默些鋯頭𠓨󱡴釋迦依皈娘𩄴彌陀度身賴崙鋭鋭号浪腎尖𥪞滝𡶀𠄩敵𤾓𧻭𪖫鋭共打𤽗拯沛妖精𥪞𡶀神魅外内牢所𠅜鋭駢色卞羕意固飭丕𧵑茹群底𠄩鋪册恩主庒捐蔑𩛷𩚵碎󰑼苔四鋪翁󰀎𬖆𢚸衝操鋪芸朋寠𤽗姑籠𫼳鋥麻𧗱鋂銅鎛隊吝歆許拖𢚸𡗶纏𪧚𠊛忠㗂鐘㗂景㗂銷册𥚆丙讀琴撩丙弹方之筆𥙩銳爲丕急𤷱單篭盘󱯓細󰠲𡽫渃幹䕯陶𣘃𫒬𣑶扲𣛨船都𫅷碎𨨧朱𢧚美事開呈意或開𠰘或開絏或󱣹𦀊𨨧調特𨨤含馭𨨠𦓿詫惜陣𩆍傕錿𣁔𫆧若吏固㝵𪟕録經尼𢯢經撰録底傳後來𠁑功名饒錯奇󰮂隐逸固機牟𡊱坦錯陪絏㝵󰅹固馭麻騎固襖𦃿𬖅麻默襊弓𤿦鎇𥏋錫實意神師拯路篩錫𠴛𢀦害蒸德好生丕矣𫀅户許𠁀初堯𢭂州長錦洳𫽄爫𩛷咹油固荼㙁𫯳𠊛襖錦𭴤香默𠊛園雖固菊渚󰝡花固𠤩錢哴覩蔑貫𠬠斤𨑮󰮏两𠬠两𨑮錢𠬠錢𨑮分劫歇所𪽞遣拯羣蒸𢮬坦㩒錐𩚵咹倣歇蔑󱞕𨷶墙丐錁𡥵封𦊚皮謹櫗氷𢸚𧡊埃鍬鋿仃爫獄渃獄争鋾湖㙮壘𡏦城欺初𦲾䔲𠸦埃𢬭末鋸或固几扲𦀊𬘂或固几扲𠚥鋸䊚牟撑牟覩牟𨨲𠬠𤾓丸𨨲𤒘𫽄𢧚鐘翥㝵設客𣈜損𠦳鍾姊㛪鍾乍亂皮大倫浪浪㝵浪鍾意石㗂󰠳如㗂鍾󱭐㗂󰠳如㗂𠊚悁𨕭塘南無󰜋蒲刀鍼󰜋𤾓刀𫓆󰜋搏刀瓢寔鐄𫽄沛鍮兜停󰝂試焒麻𤴬𢚸鐄鍊節勁揾拯邪坤宛爫鈎渚𥙩俄鍊𡥵畑册妾爫父親包𣇞朱旦𣎃𨑮些󰝂鎌󰗪𫥨外𪽣些唐𠫾舍另蔠荄使𧗱𠸫󱙹天庭帽覩𬰢𨫊𩯁𩮭羕昆𫓆𨫊𣗾蔑糝𢚸恒𡨺󰁰戒意康康渚移修行帝固師姑易󰝂𠦳𨫀麻謨㗂唭㐱𠲖圭客󰜋命𢬣空渚易尋𨪪廕𩛂芸𥪝𢬣𨇜𨪪坤窖㝵󰠲冲玉𤽸𬌘𩈘𨪪𨪪月𩯀耶耶𩄲𢞂愁八歹坤安𦖑笙強惨𦖑𨪝強傷鑅𨪝古𤽗楊󰆙公𠸜󰑼昨㝵處山南府常信南關𬆅𡓃塘𩄲祝食鎮坦九眞𠴗民𥙩德吹民𥙩𢚸尼漊時洡鎮襖尼農時洡援襖玉露苔鎫底㕵常柳拂絲撑鎫撻撻扲𦀊綱鎫朋𦀊絲樸金蟬㐱𢜝紩怛𦝄鎫𠮾嗷𠰘意漂鎫腋箕𣈜𣈜澮沁洳󰠲變𣎃𣎃鎚𥕄𥒥𢖮𤷱殿月冷𨱽鎖垠几眉撑害㝵鎌𨬊兜朋尼𡎢𦣰准擬宜駡用𢵺󱪗捤撝𬬃絩丐𨫵丐𨭍𣘃竹綠𡨧延延固󰖽㝵君子朋割朋鏣鏡尼景𫢋梳衛峝仙名㖫天古㐌𢧚鏕坡語煇光每每朝久重傳旨噲鏍御𠾕進仕新科𠄼𠊛𠰘世鋭欣蔠鏌鋭𠏲鏁固鈽茄主固傘茄官固梇丐乖橷󱯇㛪隊𨕭頭擬皮𠇮沛杠󱯆細边鑊坎菍訕槊󰏙𢜝覩戊灰盎菊蘭扦捤豆󰏲鍬羅丐󰵬𠊚騎㺔𢬣󱬊󰗲刀鼎足𫓆𠀧眞𠝇𠏲木𨭍𠏲泥圖𤍇咹㘨坦鐣𡬼仔細𣋀𤋹秘󱨀𣒣易侯固呐吏󰠲𩈘𠏲埃侯鐐敢𢱖戈鐄卞𧯶吏焒群𢜝𦹵勁之朱𫗄特𢯦鐄低庒沛鍮󰠲停󰝂此焒麻𤴬𢚸鐄󱩋鐄𢬭恪容顔睽離買別辛酸󰟯󰅹汝諧草表倍鐄𫀅𥪝旨判拠𠳐如𠳒庄󰑼𤝞白边墻工𡳪麻𧼋倍鐄駭驚錢貞謨倍謨鐄丈夫業語凭鐄󰅹𪟽造化呂廊𠊛爲銳𨮐鈍𨯸鐸𨮎𨮌𢏢㘨𨮇𠱋英𥙩特𡞕坤如󱌡鐄𨭺英墫真床茹官𠳨價像碎𠇍𠦳碎隊𠄼𨔿銅𨭬鍮石固号󰑼鍮雪霜落鐸月𤎎𤎎桂𤁕香迻蓮𤁕香迻𣋀𣈕落鐸蘿秋湧淶𥃱󰺼創戲蹎𡗶𤏣落鐸撑涎𨤔柳𧀒宝鐸鐸架極清賴岳号沃󰘩鈴訴詳鑷丐鐷卞𠇮𪠞典圭茹先生呂塘𠳨尋藁率時㐌蠛鐲󱭂哏𠄩边辰𡶀𡧲辰滝固沛低羅鐱𤿰空𠊛󰠳帽仕襖崇恾鐮掛𥯝𦋦󱦺𠀲芻蒸欺王室幼冲別包挭鑊継󰠃所郎柴𠰺𤍇鑊油𨖲焒容平𩈘㵢蓮平頭󰡎𡗶爫侈昂藏𠦳鍾𫡦鑊詫恾女󰠲勢𢺺蹎鑊󰅹咍機𡗶鸜鳥𪀄鑊店󰑼蔑命独道咹車最某󰝡書辨貝茹清󰘂萤𨮻及冊畑卷鐄𠸕喻󰒂顛技強󰏙𦊚皮調仍樓臺鑥󰛕埃浪𪀄雀拯固𧤁牢默鑥特茹些鐄渚歇鑛舍須𠃩畨篤𠃩畨𬋆銀鑛鑛泊苔𦍛腰世𣃲𧷺象体撑鐄𨯹𢧚漏漏鐄𨯹鑅𦎛宝徐浪𧡊櫗𧡊銅󰗯形𨯹像𡎥空𨑗盘信唎風水欺邪淘滝𨯹𡶀拱羅𤹘台椎羅𨯸鉄坤別𢚸𠊚𬑵󱱊滝江蒸󱱊丕拯可𣳔𤿤丕卞𢀦襖麻𠓨体𠖰󱱊茹󰞯唯𠁀治渃𥹰󱱊𣜾𧶭辰本群󱱊𧶭辰󱮂㐌蹺埃𠅎耒𤽗張生跪󱱊𠺥𠅜𠰺坦伮皮長辰鄧󰮏𤾓琰皮昂辰空別澄壼漿瓢渃恠蒸炎長蔑卷義經蔑篆香𩛜冲𣎃買𧡊粮渃賖帆𫼢塘長眞𤴬媄傷𡥵𡭬媄台傷辰傷丕𫽄齊長男幔𨷶𨷶禹󰬾𠦳㳥𧿆戈埃疑帽襖𦥃蚆蚆𤽗吳權共𤽗公羡󱲷坦愛州称爫吳媄𧗱及典外𡑝查𢬣󰘉󰘂𨀈蹎󱚢茹倍傍󰘉篋𢬣𢭂𥚆䀡󰅹固拙󰅹󰑼差應代陳󰘉科詩聀髙御史預掑庙廊底𠓨󰘉𠬠𡾵行京師𠢟𠊛君子󰘉𫼳山河搒鐄𪳼󱯜𣮹撑㐌𨶏庄可󰝡名相闹生特身󰀎碎如𫚳󱰳敢门綿芇鐵林林哿宁棱撅丐厨亭耒卞门秋𧺃如𩈘𡗶木𠓇𣈜扱𥶄𫥨𠫾﨤绳𧺃𠳨浪姨𠫾󰠳丐󰔙𫼳𬕷媄𧺃𢶹𡥵𠃣錢埃窖𢧚唎𨢇󱸒𠱊底𣹕𫬱払𫨩劣󱭿昆貓𠬠𣈗𨅸幔船𧏵拱朋𠃩𣎃於𥪝船貍𧳘𧳇固󱮄󱟖𦥃𠄼𬙞󱮁渃𢚸禅域域𦝄𤐝󱮀世事囂囂𪬪𠺙過的廬馭孟豸車清台店固彙𦝄豸蔑𥱱豸黄碧𦠳𡶀鬪𬰢𡗶班歆拎徑塘連豸真坤提道濫𡥵勉道濫碎豸淋󱋓客掑軒菊珥翥船埃虐洞桃𤤰城王帝𫽄敢安𢝙𣌉𣌋󱧨德邦命𡗶自馮道𦋦󱚢仕版刻本印󱮍半𧵆賖房嚴𨁪𡦂󱤃台咹仍󱮎泌五榖罕󰑼情󱹛󱹟空差𣜾𧶭辰本群𨱽数󱚴𠃩𣜲𨑮𬌥拱𬥣数󱚴爫庒𢧚𢀭𥅞󱥞跩𣋽朱𤴬昌𦠳崇侯招󰮗㤕車買噠𥏍󰑼陽襖𧵑腰琴棋詩酒𢝙𫥨破田産鎡基𠇍拱𬥣数𢀭𢬣𤽸拱𢀭客𡥵𡥵𠤆𡅳𠶆󱭔𧋂搓祖𫳵𧷺麻搓生𠄼𤯰𬙞特𣃱𧷺穭𧸓𣹓𩄲絲𥐆𧸒固銀意催都礼仍玉珠錦𫃚贈迻贈払糊蝶堆𨦩燕童吀聘貝鴻侍娘迻𧵑贈𠊛𠫾𧵑𠇮謨贖𠊛些會兵諸将󰘉旗𭉑盟𣎃𦊛𠫾󱮉𬌥𤙭底朱些吏爫務𣎃𫡵𠊚吀取消𦓡󱤎件時沛𠹾例費魔庒傷𠊛󰬕仉滥庒傷𠊛𧹅路羅𤞺兔都唏共𧍰指昂𦰟槊𠓨岸𧯄豹㗂𤜯㗂𧴋叫𡀦󰘂蓬󱧦別錦花鮮拱拉󱮊縁吏虎𤽗𨢇唁空固伴䝨空󱮊空沛空錢空󱮊商𧶭𨄹賈𧶭𡎢仁慈道正於低𧗱𡢐空特𢷮台󰕟󰅹敢𥙩蒸󱮆事󰘂󱬷麻遣少蒸𩝺准庭闈蒸意󱮆𥾽練埃拯固𢚸意想娘箕汝𤽗拱朋𤽗汝娘箕眉𫎑𧒌眉𫎑蓍恬卦意拯固𠅜醜㐌蒸𢄂邊南如行半𫎑丕𠫾奔𥙩󱮃餒茹唒麻爫󱠣拱羅四民院𡨸忠勤朱論道柴貝哰廊󰑼買卦人茶貝󱏹簮𣌋𣅘𦲿貝旙𩄲眉鳩寃貝𦇒爲小僧麻𡘮𦊚皮㳥哿蔑頂𡶀羕貝𩯀貝𩯀矩行𢭾裙𦲿坐仙人杖󰑼芒枯女貝𢷀𠄩枚𩯀箕實盃爫堆貝些没公子貝𠄩翁󰜏𡎦𧎸𧎸也𥺊蚤瞻蚤𦁼襖𬦄襖顛朱眉牟𧹿炭𡞕頭撑𡥵󰛈𤽸𧹿肝𧹿𦛌買𪪳𡗶𠸦孝行感𢚸郡守匾標撩𤈜󱫮鐄𣘈銀硃𧹪艚恩吒𡶀󱟩𣷭溇酉󰮂危險敢󰠲󱢊情朱些蒸丐管赭丐管赭固蒸𡨧𪹘焒別󰠲𢚸赭補撑麻量紫𦖻󱲣𩈘平平勿𠇮娘吏󰠓㖫呐𦋦固馭顛全固馭黄󱗽默閣車󰬥𬆒𬆒於低杏𧺁𢧚梅𤁕𧗱帝蓮殘㩡𦹵香遲急限𫅜信吏合花尼𧊉女蜍於底𤷍󱖮𧺀底疎蕋鐄没姑厭𧺀補符朱師強𧺀辰吏強派湯淌花𦲒麻吏𦹳𥹰蘿𧺀詩排蒙扒斫渃吹詩虐别包徐催聀𧺀吏𢠩恾畑撑󰜋𦰟卷鐄𠀧昆㐌曾䀡卦𧴤𧒌钱𥾾𦄂襊晡晡招朱柴𧴤添󱳮𠓨𨉟戈低盤泊麻制丕可責払張窖負傍蒸𠅜呐縛折麻𤽗曹操典負㝵固恩固花㰁情負花㭌氈𩄲箕阁怒楼冬貞𢆥恒𥙩𣎃貞𣈜𨒒𬙞爫諱日婆阿蛮貞爫𧵑固埃争㐱𣈜𣈙及攑羅𥪞義貞蒸及旬𨑮𥛭𬙞春撑㝵莊重湼端貞援𨑮錢貞摸倍摸傍摸蒌𬞷𤉗摸娘謹魚賕𧵑賥債𧴱利𧴱桑蓬者鄧𣅶尼庒定期貢税拠𢆥称臣朝貢󱚢爫碎吳石鼠𤝞貢於乾𦰤爫臺阁貢垠壘城𩵽希茄貢舌行胡消钱財󰑼𢼂𧵑流通扱㨥爫之朱辱𢚸𠫅氊旺相爻財㨂方子午󰋇𠁀旦󰅒固毫光𤈜𢜝庄敢𧵆盎那代責注博支弹𡗶󰅹固據之麻責𦷾責𠊛君子薄情固𦎛麻底边𠇮拯𤐝順𡗶𩙌海海迻㗂笙荘責㗂釭鼎當𥛉耒生買𤋵排自𣈜𧗱貫自𣈜𦖑冤池貪月現庄󱖮𩵜棱惜𪀄𧗱礙發核迭解𣘃𣛦󰬥姉䠣野蘭花翥貪秋𢀭默分𢢯𢚸約窒安貧意古例丕𢧚併役求婚𢚸碎悶𥙩𠏲𥱲盎𢀨時𩛄盎䝨時𥸷約蔑碎䝨主聖明賢妻坤窖𡞕䝨𧵑饒生拯特昆䝨隊娘妸朱竜𦋦尼𮎦啂𮎦群拙伴䝨󰒂𬞺媄吒䝨𫅜底德朱𡥵翥𥙩𧵑些麻共移𤽗仲逵時悶蒸𧵑茹𤽗杜三𫀅𧗱費左弹𪪳𥘪戈費右叱冬弹妑半蒌貺笘笘霜点𤌋蘇頭𣘃貸粉󰘚湖𢭂𦎛買除本道買別󰝡壳𧗱尼重麻蜍𧡊󰞿性共恪麻買朝吝焒𠳚戈每𠳒𡮍群蔑坦化州茹𢀨買𭛣󰮀餘拯𥚆范張亙飭忠勤買皮定乱針分安邦分牢泊拯皮催英只扽丐𣩂朱碎買屋瀉買茹㐌連梯楷湯北僚槹僚買茹鷄孫𤠄買實它報連蒸默挴蔞蘋蒸變溪買南停歇貪嗔買老𢚸牟圓𮗓燒𫥨買別脿𤷍買台否極泰來群󰮃塵累别埃公侯𠃣浪買尋𦷾鳯子貶貶𧵑典渃賖𢧚貴價𤽗貰𠃣除󱉞嫌悶丕劍唐貯𢢆󰋇𠳒朱戈郵亭亭貯客𩛄三乘本㐌渚滇󰅹固𢟹勃󰝂時󱩷色羅賊忱𬈋之𫧾渃昆柴淹錦錦猝𤡛將賊𠛤虔虔綏槊朱賊󰭼鐄𠫾賂仍𠊛奉差黄鳥沼質黄篭固弹𧵑𠊛麻俸質招𨔍𨓡妾雖質閑嗔料涅𠇮默把恩卞𥙩𠸜户𠇮質共蒸几𫅷哿刧𠊛𧵑質平𡽫民似枯𧷺油默裊鄰帽毛襖𧺃質塘𢹣𦋦乙㐌澄澄裊課生坤辰賦性在𢚸路󰑼𠴝渃𡧲𣳔買坤𤽗仲逵蒸店意𨕭襘吟賦疎浪𦼔賤𠀧間𣦰𣌝霜𧡊𡗶𥉰𫴋別𡗶傷呵疑𠀲便𡥚閑𠅜呐饒拯遜𦼔賤庵圭養趣𠸟油𢚸些𨣥勉些制短饒賣踸拜容亇賣哏勾亇賣賣𣈙𢜏主聖碎賢拉㝵些𥙩據意強看官宰賢賞梅𧗱蹅俸𦝄及𢧚夫婦糟糠固楼邀月固場賞花賞乙當麻拯蒸私罰乙沛麻拯蒸濫處𠇮𠞹蒸湼奸𠲝於官拯蒸求𧵑󱮌英灵正氣洋洋國保綿長民賴平安媄南𣈜生昆南臟調𬯩󰮤身弄調󱯠󱭪羕意恩𡗶㐌賭󰅹羣固敢約泑之𢪥㭙𦋦渃𣳔𣳔𠰘咹提𥖩渚洪門綿門䏧典昌門昌典沃龍床棖𧍰高真󰑼張正御門春達外賒𧵆𤳇𡛔欣門彦㝵愈饒𰿘業朗安閑體性寃愆𡗉餒𧃵𨐮𰿘分無縁𤘁𤗖爲󰠲矢尸物𨳒拱侯尋𠫾魂故国问為為问坤尋塘𠻀引𠳨𠻃禄特包饒咹閉饒抅規世閉𦛌沃曲考𬈋之𢁑槐迈裊課群閉庄固蚤庄哀挼船埃隻閉㗂它喑眼如󱚪杏塘梅准𡗶㐌頓𠁀𠊛吏修晏耒㝵意保𤽗潘浪妾貝𤽗本共廊𨳱󰭼饒咹於廬掑吝矧𠫾𧗱𨳱社廊民闷咹𪁠沛淘𧑒󰜋丐󱦲空闷𠅎利朋丐𩯀時搊𭢘禍朋丐󱳇時空𢪀爫𤳇志於朱𥾽𠤆󱳮闷𡞕𠤆煩闷𡥵仄浪春闷桃絲拱𫅷󰘚𫯝𣃣塊𠃅軒几奔𠊚半𢄂番闰闲玄天𠄩字崙鐄各方朝直润闲𪞷󰀡閔唭渚咍説𡞕昆莽責儈頭閔唭𦼔賤󰬾間𣦰𣌝湄卞茹𦱊𬏓間𦊚皮孕竹孕𣘃森排綵絨束束𦂾爫色間壁虱丐間於連壁茹𥘷𫅷没𠎪𣴓󱧜頭梗格𩯀𠵴閒热𤿦雙几閑𤄮𢚸欲恒或犯𦷾所閑局昌某淫麻二閑之𢃊孛修行輸特朋碁埃几堆𣈜閑淋󱋓花黄𣹕𥮋演迎壼席玉遲弹礼朗浪赧希扒𧋃仍㐌体𦷾謹合赧朗或許囉蔑𠅜禍侯移典蒸奴丕紈袴泟哩赤曳䘨初厙律半希閉门鋃鐺󰑼赤𫃚獴𤽗若真押𠳨拯赦縁󰅹刁等庫庄赦埃󰠲扵蒂安身待除赦仕移眞𧗱茹赦卞哰泣冲外三哥罪意𣈙𡗶拯容壙開外𣷭油弄補查󰬾𤾓老弱誇咣閩閩年哿𢪀浪舅媽險灰恬熊渚應𡮍𤳇悶閩𠬠󰑼待節房閨𠄩󰑼溋習料皮䋦萌巴片瓦腰欣楼閣閣尾㗂蒲牢秃𪬪勿停停𥙩准禅林爫󰠮茹榜鐄碑𥒥𠦳秋焒焒𬮌鐄𣈜舜𤎜漏漏片玉曆堯分催朝𪽝𬮌茹官衛咹蒸茹娘如福禄自然𫔤茹𩚵襖隨緣世情瑞娘於𠃅楼春所𢀨阃法專勤女工待除恆想𠊚宮閬式𥃱󰅹亏客嵿蓬𣈜𫢩𡥵丐𢀲寅󱯙茹拱㐌𨑮分調𢧚安身安準耒𠫾𦥃低曰𠼦󱚐時學添㳥𪷧󰘇𣷭𬔗󱘷𧵆厨𧵆景些修郭󰘇佛觥𢆥産襖𫌌𡎛湩󰅹咍㙮隘關𤤰𧡊柴呐𨷑𢚸𠄩行渃眜𣳔𣳔󱙄沙計自𡗶𨷑炎帮初頭固户鴻龎買𠚢女枚主𨷑科詩榜鐄𤈜𤈜箕題󱙻英𠸕童每餒殷勤哴恩公子𨷈分知心㗂𤠚𡂡󱱉𣎀𨱽罷没課𠀧冬晋兵失势南兵󱁲𨱽外𩄲箕𧯶刼払󰠲唒北南𧯶𪾋辞𮥷獃子绳𧯶㛪喂英𠸒低尼𠨡󱭮買𥒥固𣈜𠨡散蒸厨普明蒸觀玉清卞付武士𫏾𨍦㙮蔑小楼冲觀望仙砲覆𠴛𠲟𠓹拯咍特󱱭󱙹󱱭󰥉𩙍眷味香𠽋𨤮衢塘衢董鼎合都制䒹梅點雪花相泊畑杏銀衢䏾爌撑走馬燈畑衢燕𫋩𡥵造化嫌爲虧屈䋦綱常責几柴𢯦氣坦𠫅生𠊛重厚氣坦󱲶生𠊚輕薄󰅹泥浪固󰅹泥浪庄󰥫彊尋𦷾𤀖底𬜜𢬣左扲丐旗𣰳𢬣右捤些蹺尼准姥𦨂𦪼艚𦪻󱙹𦪻𡢐唒小士擬於󱭭棱深濕身朋𢭗北國殿髙𧥇牧𠯦𦝄沔曠野𢚸𠊛眞觸辱都唏𫽄谷人生於改制低觸觸裊三綱丐𫅷崇觸奴辰蹺𣦍匕𠤧觸𩚵為事差󱞯𧵑司法𦓡被寃枉隻󱬌隔艔󰅹𧡊𠊛󰠲𠫾𧗱渡𣳔𣛨柏𠬠核䑴𦪏𠬠隻拖㝵歆埋欺𢝙󰖽辰𠊛尋𦤾欺󰠡𮥷辰𠊛𥋓𠫾番薯芌良猛犬㹥𭁈艮㝵時蒸事疑箕󰓿禀強漊艮麻拯可𢶒丕蜍於台亇艮魚台鴈瑞󰜏凌𠮩忠誠艮魚謁礼刀色割歇肝𬚼𠊛𫅷粧点粉𣘈沕𫅷銅銚色束固󰅹襇裙色所裙間𢬣扲擂色打潘遣衝󱚢妬揞昂榾銅󱲲𣼽買󱲱𫥨溟濛買󱲳𫥨𦟟󱥑渚𠓑𫥨蔑𣈘󱞺𧡊仃仃𧡊󰜏乳母謝情𧗱西箕柴仲慧邏羕𣈘𦣰陳濁󱞺󱞹𢜝驚仙浪𤇌𤉗󱘃肝喂崔昆𬑉㐌芒𥙩愁󰬳𧺃𣠲𠼦船𪠞奔處南杜󰡎梂柳溪迻払𢚸弋弋𢞂步坤平馭水坤平船奴諸多舸調󱜐弄討順役舸它㐌弄庄討某󱜐航𦪂連饒隻󰬢隻󰓊坡配𦝄𫇞󰊄撩𢌌澜流水潙橋烟波蔑𣈜賒𬖉体艚奔𪠞边南主艚󰘉會边吳故𫳵𩃳旙𨖅厨安南浪絲縁庒执饒𠃅西之底䏾艚熾𦝄固𬟥長生强跬台小僧本拯咍𧆄吏拯涓方𬟜助𤽗吏低朱𤽗圓𬟥訥𣦍𠫾𨇜特每才桐井半𬟥花梂染𪒗榚沒𠄽旬涯呠𠷨𬟥𠄼𠀧吊吸肥抛戈𤇮煺麻𩦓蒸圩酟㝵衝𬮌󱬷麻𢴑蒸𪮏𡞕㝵𪮏如󱬙𦱊鎫䏧如𦟐𤽸冬固𠇍保霜󱬹買󰝡花殘󱬹莒時催闭除埃几群𠳒𩯀絲風月𠃣𡗉㕠曰覩肯󰠳爲󱬵肯朱埃共饒󱬵拖傷要𥙩渚女𫀅朋客細過尼烏芋矩󱲆利胃治󰭞中热氣驗台𢜠𤤰󱯞歲御凱𧏵𢜠𤤰󱯞歲𩈘𧏵熙熙牢女爫󱬫󱩑如𦹵茶𠃅𩯀𫇳撑𫇳𬞑󱬐惜𨉟身𧎜坤𫼳梮󱹰𢆥󱤄㐌戈𨀈𨖅𢆥買軍坊符眾碎𠫾制典茹典時𦼔瀾𬮌洞荄𫈅恰𡶀󱬟仙𨢇𢯰滶滶寬寬歌曲毛毛𬋩絃油油𦹵惡花残初󰓗罢谷𪜕黄盆台招𥿠檜乃󱖮畑因芒買涅上苑菊殘𠄼𠤩蘿羅浮梅𦭒没𠄩󱖮𠞹几傍人蒸𠰉事󱖮花梗柳盃固󱖮𣘃𥺊𫅫拂披𬰢𡗶熾丕几撘𧜖󱖮几冷㳥󱖮念塵俗耨細花安香油𣅘𣌋度身橋梁上家求󱖮石矼求𥒥特通迻𧗱架天虹号求󱖮宛𦝄虹梂󱖮蓋飯󱖮邑謹連淡用方𮢶󰑼丐湛󱖮惜台𡭧󰒂󱀄強桃絲蓮𦬶𩇛𩇛玉𫅜沛價𡛔𫅜𬙾縁水苦箕實時𦬶渃氣微寒𫦵特热󰘩蒌𦬶坦咹劍味𦹳矣芻𫀅𠊛世俗謳些拱㐌計爫高虎𪬏丕拱𠊚些芻類禽獸丕麻恪之童浪碎庄芻都勸柴𪞷飭渚卢苦𢀭身㛪如菓櫗𨕭核𤿍奴芻仕䋦奴𨃐芻丸毬扲木杓伴禅和斫木誇光烈烈誓誓芻蒲的腮爫芸奔半几圭餒昆奇󰞯𠰺芸爫咹自𣈙媄𡥵些空沛爫芸拮𨢇女𠱋埃𧶭𬥓𤾓芸﨤𣈗𡥵渃拱𧗱𢬣空𦖑𠳒如摺干濃因期赴󰁮决𢚸尋芳花優曇󰋇劫耽󱖮固花𢜠花固𦵚𢜠𦵚筆花卞買訂年篇仍𠳒花月呐制庒兮𧡊𦝄埃庒動情月花𣳔行芯呐浪𠬠𬌔𢚸誠求昆芮業買仃皈󰭴吏固芙𢯏於𨕭髙共奇𫊚牢󱋓漿𠴗客蓝梂幔𫟌尼逴宫珠准𠶆披配󱥾𭪌𫇳𦰤几蹎𪤄楚𠊛頭孱𡽫𧯶群歲𥘷之󰠳風流退𫇰江湖性初范低張帝埃疑箕𦎛渚𣻃怒梳仍牟桴甲穭皮支支披茂核葉𣑳梗𪀄結祖𬇚光茂幼𩵜𢧚排茀菲𦰟竹󱤖斜㗂鐘鎮武更𪃿壽昌﨤欺𡗉役苳荄亂𥪝𠀧府賊外𦊚方英㛪如体蹎𢬣英𠫾渡育約󱡥滝𨱽𩛷蘋藻容𨱽蒌苦噲󰑼𩛂󰑼𨇜戈吝户馮時𢀭麻户徐時苦仍𣈜𣈙民苦物𤷍𫽄別頭𧿨𫴋𬞷𧿨𨖲拱苦若故昆𠌊冷昆𡛔冷咍爲盎那召󰡰讀念察察鐄芃𧂭菊苤苤鉑拂旗蘆想身虚幻浽平苞志𪧘功名愠𣳮膠𫃵顛𦃿壯仍荄迭苔項王歇𠅜色𬰢苔朋坦󰅒苔㐌𩛂期衛補職寠局星曹供养苔九玄七祖恾之珠苔廩玉苔廂𨕭𡶀固𣘃榛󰡎濕固𦹵苓穭梧󰑼姑豆苓豆苓󰑼英荼𤝞𦼔苓号󰑼草茅茅茨苓棱立戈藁片苓夜共󰑼丐苓茹󱬞䜹闼冬霜冷𨓡笠󰣿𠃅𦹵󱬞初壳石榴韶留強言芃堵賴侖𦮲束小兒霹靂𢀮列㗂荣粦粦察事㐌戈咍事典包饒尼辱𪽝尼荣𫅷尼油托拱荣𤂬鐄屈𩈘拱輕隙唭𪳼荒奇𢘝朱𢧚化󰇾揚猫荒吏﨤㹥荒闭除弓矢𢏑郎理󰅹麻𫽄破荒竜城祖𩵽朔𥒦奴辰𨔈荒周道唐光車荒鎔範󰑼草達洪堵崔指南正道聖䝨臣僧拮筆草年序尼詠題應運光󰡛國音唐律草戈󰋇行連𢬣草疏没牌蹺蹎内監𠓨尼殿𧍰𦹳草𦓅老咹承󰜏咹𫽄歇󰜏儲朱碎摳󱪏𦰟蔞荇冘昭隊方蹺𣳔麻𢲨𦷾仍荄共𥒥𫽄羣塘𠫾荄桃荄柳襪把鞋荄巾谷坦平俸𢩮󱕖荄󰠐󰠐咹𦟽𦣰荄底朱穭固茼茼蔑𬇚佞佞買茼茼堆些如丐茼茼𬙾縁仍𫽄𬙾𢚸媄吒𫥨垌𩙌𠖾清台傷𫯳𬛩網𤓢𪰤於茹𨋤茹楚貝蒸茹漢時茹漢爫欣𥶇茹埃𬗜茹意纏頭羅僚賞茹路尾明茹渃𦊚𣷭𥪞爲丕𢩵茹弄媄鳩渚迈倘自尼吸𧡊天香茹恩󰘂瑞𫔬方𢝙𢚸茹恩𡗶𬌥𦓿拱固固沛筭劍𦹵餒搷茶貝󱏹簷底吟󰡎渃亇沁免茶𫯳打庒除吻𥸷茶買𩛄𥹠茶兜𦤾住住惏咹茶鷸𪁀󰑼丐边滝折茶茶課煎𪰛命謹渃琴欺弹遣妾燒香𡞕𫅠強祖𤴬𦝄固昆𡛔𤽸如花𦹵茶茶梅店月曳𫀅俸叔鵉𢬣扲金戈楚客秩𤽶𧼌茶林山法咍㗂㖂吨賖󱙻󰑼道士扵茶香村南康本实圭茹𤯭堆户杜於茶石溪藩纀𦲿茴梗行𧵑姑仍桂穷茴仍𠻁穷粉固㘨礬咮󰘉茫𡗶共固𠇮𨤰󰅹𪾋底常情唭吱𣷭𣳔淡渃溟茫屍㵢㳥澾𢧚塘𠊛戈西瓜𦼞茩𡥵𤤰時吏爫𤤰𡥵茹柴厨辰撅𦲿茤模範先生裙茗𦝇步趨小子褲𢏣𦟷𢴑畑茹󱨪如茹茗𦰟蘋箕边𪤄迻香䒹芍藥𢠩懞瑞雨朶海棠𥅞𥄭春霄茄箏𡎢竚邊䒹橘䒳花春侈及𣇜桑滄㧅𦟐粉底𢧚命流落遊神𫀅体哀𢙇別冲命𪟡𣎏排𫇿󱦸埃爫朱𦰦碎󰊎朱荼碎𤹪朱𫯳碎吱㐌停羮𦰦𤍇羌𫽄咹辰𠤌吀停𠸍𠶣𢀭𢀨於边渃𦰤𣈜恪𣌋𧽈強耨蒸㯲𦰤侱待󰘚𥹯𦰤󱧔䋦掑𢷀縱刺竹𦰠𦰠意荄廊牙𣈜𠫾竹渚木𣒣𣈜𧗱竹㐌高朋𦰟𥯌𢲠𥯉𦰟𣘃暈𦝄泊𦰟畑撑𦰟梗𣴓𠳨消耗始終払買𥰊高待排𦲿𦰤𦲿𦮷𩂏身拒飭朝廷誇飭蛮夷盎那莽咍伤哭盆門惜春扲𤒘莽制店𡞕昆莽圭儈頭閔唭浽𬈿拙餒情深𦲿梧蛮莫溋壬習呈󰁐像像尾莫蒸密㝵𦊚意󰟯清調莫特𢚸蓮没𬌓莫庄𢧚󰅹埃莫𩈘󰅹埃噲魂曲弹尼㗂𢫝和樂幀恩情湼莫𠦳春計戈彭祖糁𤾓󰮏𨒒户莫𫀅𢆥凭𣈜蒲莓茄茄花殘蘂莒時催蕯渃莍滝桔槹宁𣳔蕯渃莍帶𠲖欺縸党行凶枉莊婌女𤯭共匹夫底欺待客𢀭郎待𠊚文物待莊英䧺時意役銅鎛散涅塘極阻荘岌𡹞𠮾朋櫗𠖾朋椰助渴󰅹過蔑𣡚荼荼𡱸𧺃𦝇辰茄𧺃𬛘埃爫朱改碎蓬朱荼碎臭朱𫯳碎吱船𢵋辰梩拱𢵋𤿤䓊𠫾󱈘𤿤荼𠫾𡢐荷包𠰩󱜀鉑𡥵銅壼果橘𨧟鐄㧅𢬣包徐典𣎃𦙫𠄩種芃種荳種𬞲及辰核䓊花䓊盃𬏓㯲𦰤󱣢𢴐動㳥滝丕慈悲拱𠬠品𥺹菓𬝉媄𫅷如𬝉𤒙𣘃畨尼翁决𠫾奔𥖩天下包饒𠀲也𫈜𬞊𫈘實本𣳔菰米固𦲿椊情負昌滝意囷咍卯署󰅹驢末鋸𦲾䔲𢝙分察昌𮑱榴𧖱𬷤涓皮傳𠰘修𥹰固𨤰𨖲師具藕羅𦲼蓮𦹵𦲺棋箔奴㐌怪英襖裙半歇󰜋萌𫽄群󱖮花𦲵𦭒𦬑𫥨拁𢬣遣抔𢜝茹固𣘃姅信姅吏胡𪟽信𧗱士幸𪟽𧗱焒𦲞外内固昆㹯折𦹵𦱊𤽸𦅰𫃚𫽄𦹳拱体花龿𫽄歷拱体𡥵𠊛上京堆些如芃花龿𫯳低𡢼帝劍埃𨕭𠁀𠄼辰𨑮𪽗咍庒著沒𣎃堆吝固拱空強從且底除𦝄木㐌著各英𠫾󰠲󰡫翁扒眾碎𠫾尋姑著𠫾󰠲𢮪𫽄特𠊛継絶扶危所功󰆙意𬮙萬掣󰠲之調柳悴花𪬡𠬠𠄩吀𢚁千萬庒涓千萬𠤆𥙩斈儔𨱽𦝄巽𡲫咹𩛂吏𦣰意些折蔑𤽗宋義麻𪿸特蒸命𤾓萬生靈渃滝洮別包𣇞𣴓𡶀󰬾位別萬󰅹核𧗱㕑六祖礼用,Nom
vi-du-tu-dien-dan-giai-nf.no.txt,拯𪟽萬行僧房永萧舘使厨𠸗景永萧傷喂師㐌化𫥨猫折柳󰑼萧宜車于為𠺙稍号󰑼竹萧𧡊𠊛湿倘󰡎萌羕㧅朝惨如萦䋦愁󰘂营侯下專勤󱚢𦋦𫔳营柳買𢜏春边書㐌体奏聞陛韶偎㑍某𤞖扲𪮏習营萌襖挄恾臘帖乖棹捇𨅸林欽扒特杜釋正名滅和宗族蔑萌拯群仃如吳相徐卿悁排𧆄吲負萌襖願棋鉑奴㐌輕英襖裙半歇󰜋萌拯群蒲柳傕停分𤘁萌𠻆尚蘇定奸萌塊棱𤞻唒𢚁𠇮孟之渃𡽫天竺宮庭蓬萊麝󰠲倘倘律萌配坡后𦖑鄰哭勿𠇮中宗尊号𨖲朱業桓𢧚󰑚朋絲萌萌𡑝萊隔󰋇𪱆湄茉莉花萊滑稽萉儔萉萉頭泊翁鈎𩵜大臣󱳮𢠯𣈜店斫󰅹𢯚特栣菻𦋦𣈙涅𢜠埃𤳰𢧚󰠳媄頭染雪𡥵頭花菻約󱟏󰭆朱菲󰄯𫯳沐湄潤澮恩𢀨𪤍仁核󱉎菫行桂蘭𠬠香戒定貪菟每味𡗶生物揾朋㝵𣘃錦氊論花邏𦹳菟葖菛𣌋供菓最𤼸花排行花菓觥𫷜覩𤋵󱨓江山𦊚𩈘𡎢柑唁橘𤮿㐌曾群菓楔用𨕭棱𣜾咹𠄩边争𥙩菓梂民安平泰𤯩𥹰凭𥾽蒂菍菍苫菍𦖻猫琪園󰋇㩒桃紅菍花苫曳昆螉約󰠐生自菍耨粉鄕𡗶秋巴𰮒溋湘𠬠𣈜蘭倘香迻菊倘香迻對𩛷𩚵齋󱋓菊開木履蹅持堆菊旁肝稻秜穭菉尼𬞕恰同默埃浪智默埃才𣦍𣒠它咍埬糾䓙臼漏𫈨𫉸包𣉹臼折𤌍㘨粓𬗂迻臼𫥨垌𠤆𧡊穭𥣒𣎃𠄩麻𢜠包𣉹臼𣩂𤌍㘨粓󰐯韮羅𦵠餅𦵚󰠱包秩世𡄎娘班㐌𤁕味秋容𨅹𨖲𣘃𣞻𢲨花𨀈𫴋𪽣𣘁𢲨𦵚尋春蓬葉蘿𦵄首蓿羅蒙𦳦吏𥉫𫴋󰡎民𢲣󱣋泣𦊚方撑卒葚𦳃論棹排𨖲鎫𡗄固蒌𤂬𬏓味粓蒌襖𡲫如形仉圭个計頭蒌計𢲫情䘮添𢣃𠎪弹𡥵扒𡥵𧎠𧚟𤍇羮蒌𧁶蒌󰅹蝼意討󰅹課買墫蒌㐌芒㗂哭班頭麻𫥨丐及咹蒌些裊於󰠳𬐩趣蒂停咍𥙩蒂廛宗法事事施爲順󱨦𡗶𠯇𦖻𤤰吲榞杆默王料蒂朱安渃茹俸蓬葻󰅒𡥵𨖲󰜋𣈕𡥵𨖲𠀧𨎠𦛋萌葸恾匝匝𨕭頭斤雪𤽸披披椰肉羅葵梌𪻒葵坤别向𧗱陽於抵娘𭓇菩提占占蔑𬌓𢚸葵向陽逞朱特奥癸𬉵遮工身卜珊瑚葩𥒥箕木𠚢愛葧意羅𣘃𦰤鉞鐄馭瑟恆遺底廊董𡽫鄒廟唉群𠸗𫢩咹仍𧵑𫯳買固蔑銅董䁀咹𥢆䏧點玳瑁董和園竹綿固森紇珠𣦛𫴯𤐝𦷾董別事𫅜與𡥙𡦫𡗉彊預猝𤡛蘆董𡓁南𠦳𨤮拉鴈衛隘北󰋇行排牢沛蒸𥪞葛淋店意湄𬲇最沁󰡎几𢄂𫅫葛我茹沛尼𣘃檜獴𪀄葚𡗉役𤾓𫷜渚呐之葚𠳒俗哙哴𣘃𦹵朦𬷤𦥃欺󰅹𡗶𧵆湄辰怒買󰝂葖𫥨蘿葎尼白苣實󰑼蒌葉包𣉹蒌葉爫亭楛𣜰咹蘞辰𨉓𥙩些鐵葉葉瑟押尼喬日或千或侈刀伤林葉昆𦫼悶悶葉牢󰡰世庄朱𣷷某毫鑷子葉瑟底和杜須葉弹㐌呂吏和買󰑼絲運買󰑼月磋傘葉𠁀𠁀𬮌相公𦀊𦼜蒸𨱽丕盃蘿葉葉尼矩萾山薑号噲膾用󰣡合貝埃戈𫃚落朋軍逆𢚸空境共空𥴙菊秋黄乃落𡑝梅雪泊支調雪霜落度月𤎎𤎎臨欽󰡎𡶀樵𢼂住落鐸邊滝𢄂𠇍茹如𬷤落媄蔑𠇮巴為弘操落𡳺矯公納頭落㗂蒙哭𬏓繩鬼急𥙩𪮏氷𠰘爫祖泟落丐呴如𪀊忍文解義落來年禅客巴爲抲師師落抲姑姑唹落䀡払語占包唒𠊛鉄拱淚󱧋路埃榖芒歆魯洒拜落茹落坦式紅殘󱁎姅𦼔撑伴󰕛尚䊷卓亇鮮𡶨囂𩙍𪀄𠖤󰭺渃落㵢行杜堆旦場桃槾萼庄通圭𪧘於滥主菊樁撑萻古樹𧷺如傘𤽸󰎔長江滂語詞茹萱吀渚𢥈賖系𡗶固𬑉時些戾之蔑式𦹳萩樓閣鳯𨑮分鮮卒𩈘腮𧏵惜台𣘃桂󰮂棱娘蘂卿隊時㖠干𠅜雖拯体𦖑仍極敬你𦷾恒拞畑𦷫花蜍奉柴恭敬謹固湼惜台𣘃楛󱕨沉󰝂撙榾梄朱𦷩奴蹽𦷩蹽辰默𦷩蹽些蹅奴𫴋些蹽𨖲𨕭朱甘功几󱢼𢬣樁蓝朕㐌塟黎來扵󰮃殿蓝𢵔𥒥𦹵𨇉𢮀葚臘泟溪渃洟𢱖蓝岩牧民󰑼𠀲任囂政事韶陶哺役蓝岩大紅絲󰑼絁堵蓝皮膚𣰴木蓝笘昌𤽸𥪞蓓愁縈𦹵寠應󱚢𧒍𧴤𦹵蓍邛柴招卦𠬠欺買詳海藻蒌蓉󰡎𣷭朋碎󰅹所益蒸民碎俸蔑𠇮落典蒸低𠃩𠁀公藝𠬠茄𥙩蒸𪧚忍順和𥾽𥹰数𢀭󰝂𦥃傥仍路羅𡥵𬑉𥹙蒸買𢀭𠊛称𡨸聖詩仙󰑼甓高車欣女蒲𪽝英斟役農功朱𢧚買固蒲󰮂甓外蒲𣘽𤋵𪹷吏𪿥𫽄𠫾蒲洃𬉊𪷄如𩄎𪽣𦓿丸𥒥固欺覩蒲灰蒲育𫽄𦤾盘次𠄼𥙩欺潭蔭蒲欺冷渚課枯乾固課𩆍俑昆蒲𥈱㹥𦣰夏噤蒲𧃷椇蒨侍婢󰠲󰅹插𢯢盒蒥巾𦑗鄧蹺些制沫䀡𦝄時󰀎呌噲急麻蒙󱪲願蒙親近明師因汝伴寠固㝵𪠞任州歸化𫁞𪠞典𦷾蒙求𤯩𠇮蝣蛦蒙𧋟哏真𬌥𤙭白衣襖𤽸蒙蒙辱𢚸些汝祝蒙𡗋殿楓坎念群辭陛城榖麻蒙㐌細尼口角蒙法呐岩漂枚之敢情𦝄𩙌蒲柳傕亭分蒙萌渃哿溟蒙㵢𠓨邊高𦝄𠚐𣈘蒙𠀧首蓿羅蒙𥯒蒌𬞁列旦英更候𣈔𫢩仍英吏絆礼斋插𢯢沛𢘾注𠫾更拖𫉚英公徐珥梗桑蓬𬌓身庄𡮍𦹷紅播綿咍𢠼𢝙𫇳𦹵渃𡽫尼矣喂娘歳𥘷享戰𨢇𦹳意魂𦹳沒󰌵𡗶𨷈𨤵㗂𦹳㖫𠲥中外𠯇漨縣赤󱋨尼州神薑𦹱習𠖤鷹買𫥨󱧟𦹯残化焒萤光拱奇論𠁀㐌特蔭攽𢀨𢀭㐌及扵咹戈時襖免𧜖潭蔭過務𦣰固詔𧜖朱蔭押咹𪰛羮𩵜渚枯刊蔑時蔭蒸帳流蘇險嶤拯管荄蔠敢辞苦辱本𢚸敬信牢頭隊𧖰𤷭連𡎥蔠𠊚𦣰帳𫃚蒲灰𠖾几𢲨蔞蘋渃渤𣊋眾妾坤𡨺蒸役𢀥蔞蘋蔞蘩蔞蔘路程隔𠀧𨑮箕胪蔑時㺔奴蔑衝󱚢軍󰅹敢捍𬋩󰅹敢垠扲槊加蔑󰝂屯爫威奇𠯦然然𥪝外𠄩𨑮蔑𢆥守城殿𧍰底永宫撑拯𧗱𢭾蔑𪖫𥏌沛𠄼𤞼特𤤰哿添看賞朱襖彈婆蔑𧜗㹯狔𬷲渃羅蔀伴𤐜𩅜渃𥒥意鄕村娘折𠄩乳蓮㺔陣𦋦埃几敢𫀢󰠲󰑼卞齋戒澮浸細滝黄江語𬰢蓮𡗶訴浪桂𤁕香迻蓮𤁕香迻瑰蓮每鞋蓮瓦清世傕卞𧿨軍󰭽𠫾𫏾𨍦蓮󰡎𫃚𡆫螺城菓墱分𫯳菓𠮾分󰜩律圈金剛呵󰘚侯通年燶訥蓬栗棘󰅹𪮏沛綽像𪤻𬮌蓬容共特麻路隊壁粉買羅安居吏𧗱景𡳶𡽫蓬𣈜𠫾㛪𣜾固𫯳𣈜𧗱㛪㐌𢬣蓬𢬣𫼳道𡗶𬊽闭台󰑼唉唏唏俸蓬葻傘撑突突葉虚空戈󰋇𤾓秋課抱蓬餅旁蓬蓬雲早方台旗𧏵𫃷年㐱帶法蓬𬲇拜𤗖𢚸樁󱬦萱絲𡗶冬𣇜霜潭雪渗挹唏命朱蔭󱬓𧜖水鳧越离苔弹咍悲咍吝罢𬞕劎咹畧𬞕貞󰠱𠬠㝵詞縁吝󰇥𢧚𨑮底仍畜冊悶悶清溝𬞕苔娘卞対𦍛男兒圖𬞎𣙩産仙衣道袍固𦲿𫉡情負昌滝固厨边北𠬕庙边東搉殘拯咍傳𦼨流傳固空波羅香羅花𦼥地波羅果𦼥埃浪招槾把玉擬實槞𦼞特豆𬋩包雪待霜除吀󰝂𦀊𦼜枚𢘾䏾樁𦑃丐螽斯𦼚合𪮯𪮯丕𦊚皮孕竹孕𣘃𦼚排𦼔閑無事意樓󰉟𦣰於拯曾屈擾埃店怒旗群卷𩙍𦼔箕簾㐌卷𩄲民傷立蔑𦼔筝奉蜍香𤐡底名𫔬𠁀創兵永几摳椎楳𪱅秩空𠊛𪭱技𦼔𧎜𫼳𨉓庒浽吏𫼳梮朱𦼔󱣚𧍆撥𧎜朱𦼔撼𦟿𠀧銅󰜋榪𦺓荄𫳵英𫽄𠳨仍𣈜群空姑𠎣式默持󰝂𬟥弄玉嗔爫伴𠺙蕭象固𡗶排達為㐱朗蕩𨀈典𫏾𬮌停眞𬧾船浪蕩於𨕭𣳔朗蕩船情煮󰠱𣛨刻𣇞蕩蕩如年䋦愁弋弋平沔𣷭賖体炪𣘃蘭麻𣘃蕙㤕别身旦𨀈落類蕋桃他𢯏朱𠊛情鍾蕋桃院尾群絲󰂇𫥨𧊉禄蜂𩢬劍埃󰮂潭夷𬙾朋蓮蕨菜蒌蕂利爫拯之朋𠅜𣦍㐌疾拯之朋󰔃䔲味俗累󰟯箕𨢟䔲吒昆囚󱬱冲兵櫃車民沛驛亭典尼學㐌碎粓仍𣜾𠃩𡓮时杺論油耗唉𠊛󰮂像󱟕󱦓低呢捽𮑱鎌阿𤍌勢渃添蹎𡽫泰凭甌鐄千萬𠤆𥙩几󰑼蕉梳羅乃𬞚蕉房羅房𬞚󰅹𧵑𢶒盆工課意典所准時𪤄平𦾢𧅕永拯固㝵調𢷆𦷾𥙩𦽔竹縈𦷾𥙩黄碧聘儀󰝡薦天庭樣穭卒搓薝茄𦊚皮調𦀊薛𦀊蘿繚壁管席詔薈礼排恰𡑝󱖮欺暫綽𬲇香𫅫淶󱬲𦹰𦹵󱬭裊盎那繞󱬬時󱜐弄恨結丐𬑉蜂󱦭辰沚渃𫥨󰑼爫湄於茹𨀈蹎𦉼𠫾踏沛蓓𥯓蔠󰤫𧁷巾𫽄别𣘃怒勁𣘃怒󱦕𣎃𦙫羅𣎃咹制𣎃𠄩種豆種𬞲種茄挄奇刀梂𫴋𪽣𬞲飭𨢇𫉼㝵𢚸疎辱些𪽝边東麻衛湄沙所𫉼濛惜台曷𥺊𫤯春󰝂扜渃濁吏滇渃𫉸外𧀟潙󱋓𥪝迷蛮情茹㕑功役拱𧀟唒浪𢭂案洅𣘃拱󰑼𡶀南固𣘃楛󱤭𦀊𦼜𦀊𦿄繚𦄄蒂𧵑㝵𡶀泊𡽫鐄駢道中庸拯課藏䏾迎󰇾󱋓藏藏席催姚買𠫾𨖅住房𣳔渃溓溪綠女藍玻瓈𨷈坎式藍喑𣳔藍𠦳𨤵絹滂香桂󰬾更𩙍𠖤𩛄伽蓝㾴皰藍䏧買咍浪焒𧵆笘油提時拱𤈜藍拯空卞𠇮𪠞典圭茹先生呂塘𠳨尋藁率核薷𨢇薷闭除天下男兒几時懺薩几時懺灰源恩箕空蕯麻潙蕯潙𣷭楚𣾺演滝堯蕯滝菩㮛𢭰𥡗穊𨔈眉蕯󱧉蚤蚤蕯󱧉眉眉𣹓𥶇𩵜蚤𣹓𥶇𩵽性某蘇蕯吏咍醝𨢇蒸疎𤽗松川朋𤳇飭孟衝賊𡲤過蒸蘇蕯伏兵隔渃坤𥚆塊潙𠭤梩奴連薩昂𣑶旁𣑶檩木𦋦梗意油𫅷󱬗恪木𨖲杶梗固𥭏󱭅󱭅固蹎蒲軍固󰓿𣘃󱬖固花𣘃茄固󱤼𠳚𢚸空𧁹咹眉十方功碎𧁷󰛽消耗座鐄冘各類禽獸𧀦𥡗𨖅邊意底𦓡濫咹茹筝壁坦左哉藩𥯌趙皇𠳐詔漢皇外藩㐌隊上邦恩耒帝花藞白低蓮西湖畑册𨕭鞍藝舉子干戈外隘役征夫蛮民於准上流𥙩藝䊷䋥爫調治生𡗶坦生𫥨拱𡗋藝爫柴爫𠏲吏爫税𩛷𩛷𩛂𢚸㘨𥺊夌𣈜𣈜賭𠰘鉢羹藜𡎥仍抵奴󰭼分𤵺湥󰋇吝𢯏藕離絲𧃋長削育芌爫𧃋爫布𡮈爫布蘇𠊛筭劎物𠀲呈奔蘇边柩固蘇坦爫形昆𡛔掩彈胡𨅸侯大阜󰑼埬蘇無宁同海海香𡗶𦹳女麝漏漏畑孛𠓇如蘇𩄲𨖲𡶀泊朋蘆渃𫴋源漕域域󱙼清𩵜吸蘂鐄泸㳥𧒌持釀玉動𦎛眉昂𦲿柳䜹䜹枚輸藾𬄦𦟐殊藾檑蒸默𢲨蔞藻蒸准渃沚𤁕箕田婦婆穊於䕱身𡛔浡䕯包挈計惜庄恩漢󰠱𠦳重如󰜞𠺙䕯如渃𦲿芌渤𥪝𣷭苦䕯頭𣷷迷薑󱬮捐呈體枕迻錢蹎它𥒥的𢬣連捽󱬘蔞󱩑陣杶會󰆀埃干𧊉󱗠紙󱡆蜆散𠎪侯𣈗𨍦奴押順宗昇隆城𬟛坦󰠃曳衰細府天長杜宜𢭗共伴𬟗󰑼𠊛禅師朱爲達𦬑𫔬分利中加利苦身𠊚𫊐󰟀空𣼽𠖯如詞釭羅蘭達㗂盃妙常𡎢𢭸边萌勾蘭󰮩工邦𫪹𢫈桑蘭兢摧踏㗂󰠓同同欗楣句蘭𦊚皮柴當經孛習情楛󱕨咹蘝辰𨉓𥙩些特氣坦蒸𣟮梗檜蘚卒𡽫春另拙𠃅𫡮鳯芻侶𧊉𪂦𤷍阁󱘅唭𢚸塵󱳮蒸坤補恨業障󰓿蒸䐗𠞹村意初固廟蜍窒𬟜𤍌應蔑祝拮麻神共𠊛蒸𠻆調𤀗𥙩事意𬟜名准冥曹蒸構𫅜與冉麻𫊔蒸𣛠報應遲麻哿𢮿船連吏爫橋呵拯𫊔所創𠱋自意𫊔名當時𥙩欣價客塲墨矩𧄳𡨺𢬥㨢𢩮𣋚遙𬟣珠户李頭桃渃南域娘󱚢准軒西割𠊛𥋳朔𬦳柴𫇿󱗜𣈘固妸𦝄爫伴󱀄渃清平𠀧𤾓𢆥󱀄買㤇辰󱀄拱㤇買固美󰾒󱀄固功𰛻𢖵𠸗跡󱀄𡥚石生圭於高平𣘃桃蒸嫩妙妙所蘿屯屯𢩽花撴蘿𪽝緣𡗶橄欖名噲󰑼𢀲蘸煑食共生啖調咍烏芋矩䕼核䕼疾饒𫊚別味君臣利爫拯之朋𠅜𣦍㐌疾拯之朋𫊚䔲𫊚湯隊𠳨邹庚奇方健氣懺生進朝𧗱辰𢖵榘芌󱬛𨕭棱昆𡛔意唭浪本𥙩於𦫼𧝦爫虎艺󰅹󰑼艺𫽄𨐮𡛔󰅹󰑼𡛔𫽄𫨩悭𫯳丐𫄺丐𧇍箕埃虚海船漁隐𠱆𠱆歌没㗂󰠲少年場屋㗂虚󱗟妄言羅戒次𥸷拯朱虚實實虚嚉㝵山河拱幻昆虫共虚𧵑饒生庄特昆䝨𣈜𣎃功虚直魯錢固几󱢳𫩉㝵󰝡𧗱茹双离𪮏奴連亘虚如桂檜扒庄特𥛗𧡊永茹扒𤞼犒軍注麻拯𠰺虚身𡗶堯𣈜舜命咹於嵿石巖台𩈘虐𥈺虐頭蔑祝式𬰢𡗶覩㐌𠀧巢𫴬疑篤虐輪到工生折󱰾打吹󰬒𠺙虐船虐些󱉿樔虐些𢶢𫽄特些𫽖樔󱚹意卞虐與拯咍𩛂𧍋謨傲虐轎旦迎昂無𢬣空庒固泊鐄准輸羕𧍰𧋻𡘮勢虎𨆢狼細害台莫箕𣃤揲鄭呢吏𨖲恒爫徒対虎漚㝵唭亦沛累爲名㐌虎台吏遣𫃚䋘繓鉄哿喡𠇮麻󰝡多觥廊朱丑虎𣈔𣈗修省朱𢧚𠊛矯虎旦双親𡥵𠰚丐蠾沒蒲餅󱭙蚤咹朱振蚤嫁𡥵朱丐󱭈除熱補劳圖玉𧕚仍卢𧼋渚𠇍𤾓𠇮蟡枯押𫆧蠶𤉗燉拯𢧚𩚵鋯之󰠲油拯處歇所等麻咍特𡞕歇所節𠱋及閉除處乂安類𪸄刼𧽈𥪞朝廷固詔尋官守賢蔑㝵咍治役苦意細𨆢堆𨤰朱詳併皮䖏变欣唐坚貞默娘䖏决报𡊰朱明庄沛尋賒因𧇊本年些尋孛朱𧇊裸胣矯𢠩𢠨情𧇊歛𤎜𤍑畑盤若歆埋𣳮瀝渃摩訶縁天渚体伩頭育分了牢它艿󰞺昂核艾固号穿絲卒𣳔𣎃𠃩辰橘𧺃𫆮𣎃󰬾艾栍丐𡥵尋𧗱鼾睡午艾或來莽昆庄𫧇斈艾式𬛩擬艾群恾象𦲿諸埃括𬮌樁艾香戒定𦹳菟每味當欺患難及饒󰄯𫯳牢𦬑補𠫾𠅜誓羕𧘇牢欺圣神仍𢬗𠬠𬌔弄崙仍啉呂𦬑渃𡽫朱耒呂耒𦬑󰄯𦬑昆自低㑏援𢚸崙修行竹筏𤿤𦬑󱖮𣳔渃吹包𣇞芒現細𣈜𦓿耚朱𠃩穭尼󰝂招包𣉹芒現𬧐𣈗𦓿耚朱技𥡗尼󰝂招心膜󰑼芒果心芒𢫣𦹵馭咹埃喂制𥙩矯𫅷芒木固侶堆些固辰椥𦓅芒木乃乃芌㐱種𫅜捹𢲣㐌忌固撑撑𠀧𠁀𬙞户茹芌昆𧏰昆𧔜雖罰濫𤠄狺共越吏咹󱟗󱮸󱞸󱦫見蛽󱭆馭踈浪󱭇買𠫾󰠲卷文嗔領耒󱝢𠳚󱭇雖罰濫𤠄狺共越吏咹蝼󱮸󱞸󱦫見蛽𧋉𣩂𠬖󱭏蒲孤󱭕𡎢󱭕哭傷喂羅払頭㙴𡥵󱸐咦咦哭霜白鱔羅𧋇拱為𠬠𬌔𢚸貪蝼民󱭊渃調爫不忠計吝曾𨀈點𢲛󰙅蹺𠨡𧏵吏𦬑𫥨𧏵󱭉󱭉吏𦬑𫥨𣳔󱭉󱭉毛蟲篭真每毛化虫𢚸𡗶扽󰈆堆些唒空𧖱󰔨仍丐義󰑼英㛪虶虶餒蝒呵蒙忌󰬙蛆虶麻餒𡥵蝒𨕭頭固祖蟵虶𤯨於廊𢀨於渃細𨆢坤別爫牢恪󰅹如体𧉝𠓨𧯄𧍆拱羅昆𧉙𧉙女之吏沛准醒蚤蚤蕯渃𠓨眉𧼋塘謨蠶室圍謹蓬蚕丿𧿨𬂙澄京國󱀄𦛌蚕肝猿湼茶漿海蛤丐蚌詔謨丐𧎠朋丐蚆蚆𣈘𦣰怒嘅奇茄失驚䖡䖡虶虶󰶅𧏱爭畑約𠓇每方萤羅丐󰶅𧍈突如古󰮜英𧌬𫊬買呐浪底碎𠫾打朱蚕蛹𫢩實󰑼丐𧊊觧渴煩󰬷拱療瘡蟳化𧊊耒恒体丐𧊉𫅫外園𩄲秦暗頭𡶀𪧻𠒷𧊉雁花群𧺂戾欺𪂲𧉻争都𢵗𧉬餒𪆧蛇礼䋥栗恰匝𫃚工身𣈗𡢐奴眷饒𠫾道理裊初顛女墨文章芸𬞰壳如蚾庫巾茹殼如蚾渃滝𥺊𢄂檜模檜桐蛭丐蚳𧎜蚫吟𧋆󰅹折鉢戊丸䃅󰠳𡭉𪀆鎌󰠳𪟂𧋆𨉓𬙞𨑮𠄩丐突𧋆鎌𤍌𠀧𡱩捽扲𣙯弹󱎣朗浪赧希扒𧋃𧋃𧋃固𦑃辰󱗠矯绳𡮣𡮈扒眉󰇮墫蜓𧊺𧋻𣃣𩅹𣃣曩翁𧊳打饒𠸟道聖䜹𠦳蛰瀝𢚸凡渃蔑瓢固番边󰊄󰡎𦝄𣇜蛮沫𩃳干邦永㝵頭埃蛭意蝙蝠号󰑼丐蛦庄咍爫祖仍碎瓮茹溟茫外𣷭南溟默𠇮爫𤝞默𠇮爫蛦香兔沉沁海若漏漏䏾玉律茹蛟蛛螭如䏧𧋉蜈蚣丐蛚吏固𡥵蛒蜞怒嘺拱別鄧𣉹𦥃子午卯酉辰怒嘺水塵羅󱭎𧏵𧏵蹺𬠌𣋽猪𧵑󰠲朱特餘乘𠰘咹如𧏵落𬠌如𬌥洒弹蒸及南𤓢𪸯蝼𧌂瘖𤴬蝴蝶麻恾茄󰋇𨤵子規蟈𧋿月󰬾更𧋻翁存昂世界㝵体乙揚羅昆𧋺於頭𠊛些蟛𧋶昆𧐿昆蝒𧋶𥽌玳瑁隤𧋟蝼𧐾蠓𧋟見𧋟拯固垠蚰蛦蒙𧋟哏真𬌥𤙭𧋟唉眉生甲子󰅹𣈘𣈘論細𬮌房騷蚊𧋟水蛭羅丐𧋘𠴹縂𧋉咳払喂咳払喂敬盎那蜍几茶𤚢󱨖𫥨媄𡥵𬌥𥙩䏧𢫕𪔠𥙩頭蜍𤤰蔑桓𦋦胣蜍唹固情𥄫𥊘闷机捤摓卢台為累沛蜍於繭蜆蜥蛘羅丐蜄䗲蝶拯兑𥚆蜂拯貪清哏𡳪他𫧾𧵆賖丐身必左如󰜏打蜂焒城𬇚亇𠯇趨裊󱭓麻𫄓時𪂲坤咹油𠊛决𢚸學道𠳨朱𫨩𧤁兔󱦮蟵或仉篤志眞修䀡朱別頭𧍏𦖱螠尼土蝦種𧍍強𨔍拠節𨍦秋社買生珍珠生於海斉紇𧍍礼𧗱泖娘媚珠野燐󰑼焒麻𧍍眉𧍋撑碍援边𩯀綠丙扯𧍋𦖑𧡊曰朱浪劍󰜋𬂻𦺓𠽔買具丐𧍈店𫅫戈勾欄碧𤾓炶𧍈庒平𠬠𣔩𤒘默𠁀𧍆𢵯𧑂掏𡥵茹几庫扒𧍆最𣈜水母羅𧍅𣖖𧌬小底㤝空𢶸𧐖𬑶吏吱䖳𨱽蝉𫋑𠶦𠰘吱𧕚歷𫩖𠴌𠴌㗂丐蝇撑櫗蜜櫗佳羅𠄩次櫗𣊾𣉹買特󰡫尼蝼𧎝𧡊𧺃焒辰𠓨金谷園荒𧍝𦓿𪠿𠲔尸吒昆𤝞𫴸吁蟡默媄丐螉瓢裊固蝼時補羮官󰀎渚塊買𣈜沛蝼咹哿喡𠇮連折𩅘蝼𪘵蝼蚪𧓅蝳𡥵空固吒如𧓅蝳䋎𡳪蝦蟆蛁祝大蝦蟆𡥵蝧𫊬𩙌𣌋只𠲖坊𢯧𦲿蛆虶麻餒𡥵蝒𣈗𡢐奴眷饒𠫾蟳㷈絲蝒拱㷈絲󰜋職𡥵𡥵拱𪫧耒為親𩯀泊點䏧蝐役夷皮没皮𠄩矣群咹󱬼𢫕𦖻息𨉓蒲俱捤𥾒闭迡𩙌刼湄单媄𡥵𨻫𠺥𧐖𫋑𠬠皮昆𧏶𧏵偃老訥乾坤些𫀅㐱戾𢯢𢲲役渃𨁡𨖲𡾵𧏵湥𧏵更㐌點󰬾小姐𥆾𩈘󰟯它甘心弹亇𧏵𧏵昆𧏳凶蜈蚣丐𧏲󰳃𧏱爭畑約𠓇每方次一𧏱𧏱𠓨茄次二𤝞㗜次𠀧花畑瓦甕子羅丐𧎷𧎷蠔昆𧎴別兜󰑼祖𧎤𧎤蚓羅丐𧎤揚𠄩眜螠爫之特𡗶𧋻𣁔噲浪昆螓𢭾毒昆螉𥪞几𢄂蟊丐󱬿蚊󱬾船班𠶦𠰘吱󱬽嚦𫩓昆󰬶󰬶蟛蜞丐𰳙政𪞷㑏过𤜯鐄𢚸用毒过虎芒𧐺𬠥蚍蜆𫋙時咹𧑂𪖺呼呼螻𧐽昆𧐹蝸牛尾壁号浪丐𧐖蟄蟄羅買𨨨𨨨𡥵𪃿𤯨𢀲底𥢅朱柴几𫵈几哿調蟄頭𥛉曰曰撑掑簪玉嵿噲磐灘知知勢凭眞螯𡽫浪寡婦車螯羅丐螯小鱉螮𨳒約垠齊󱖮𨤔𠏳𧔾󰬹𡥵𬠩拱惜𡥵𩷉拱闷𬪐柴招卦𠬠欺買詳水龟󰑼㐱名𧒌渃性咍除腫脚骨筋羣筭𧴤鶴䀡朱買停丐媒𥙩𧒊𦖻龟甲模𧒉龟板臆𧒉默埃蜂𧒅噋嗃𨒒分共庄轉摇󰜋分蚯蚓丐𧑒噲蚤羅住學路蚤拮󱪞朱蝘蜓羅昆蠅䗲𧓆𧓆固𦑃時𠖤𫽄繩䏾𤹗抔𡮠󰇮墫類蠓𤛠青蝇羅丐𧔛類𧍆類𧔚臭虫丐蠟𧡊蔑頭𥿗雷傕特丐𫋨𤽸哿台蠔丐䘆鹿血󰵄㹯壮陽補虚係󰑼吟󱴀𠷕𠊚乙洳冲魯𠲶奴浪𠰘𡛔女誣埃油氣倦埃油血衰固𡥵兔𠫾寬寬爲󱢋鬼恠麻塊沛扒麻蒸䋦代帝代王侯𦇒麻吏衝仍𩑛損襖耗𩚵欺耒呐理欺爫衝𢬣𡗶箕坤拱承乾渃箕晋拱合韓買衝󰜋𠁀粉打香衝󰜋𠁀𦟑󱥒拱衝󰜋𠁀衝𬮌󱑹麻𢴑蒸𪮏𡞕㝵㨿冲經絡麻通命門相火㐌衝𬨠頭󱮿脉渃添威朱賊拻𦟐民󰝂𧵑󰡲茄英𠫾竹𣜾栍𣒣英󰡲竹㐌高朋𦰟𥯌身𠊛幻化󰬥行可傷𠄩行𣳮渚羕湄固𡥚行䊷𥙩丐𧒌補綠𨇒典𤼸𦧘行亇户萌行拯於翁老行笘保昆浪劍没𬂻𢀭𨖅𠽔󰋇具𢢲緣辰𥙩渚𦖑户行花果排行店𦹵𩂏為埃固果固𥃑𬥓行學時固底𦋦行皇圖𨕭𢩾民生󰡎如𫽄呵淆混𡛔󰜩礼行嫁娶𤑟𫢩𡞕𫯳潘時𧗱扽楼䜹勸昆󰊩者󰣑𣆐斈行容儀󱉎行𫡂𠄩行尼古跡聖賢𠁀𠁀刊板底傳流通𫌗𧜖緣𧟁襘𧜖襘𬡰𫽄裺襘𫄉𫽄𣟮朋襘頭𢬣眉撑𩯀𤽸些𫅷𠰚滯鉑襖󱭜博帝啊唯朱世󱰁𧗱𨍦冷冷卷𡶀漏漏書滝襖󱭛固𥿗𦀪𦁼吏𫅜次二行𧜗次𠀧行鐄英唉英待碎拱碎群炪𧜗朱𫯳碎低庄故㝵酉出吏庄固𧜖奥達安𧜖𥴜恰𨷈民𡎥𥪝󰘂𬃈槧𧏵𧜖鵉襘鳳空𫯳𫥨之兑𬖉󱧬󰋏遣蒸斫𥪞帳拯爫蒸軍𢀨滝𠃣𧜐󱧮𦝄皮挌𦰟柚雲仙󱚢𧛼𦀊𥹰出行咹辰做做𢫟𧚟褲辰空埃𧜖单姅褡底侯除埃援褠襖本腰𠄩𫳘慈悲身󰅹𬋩默袊默襀強𤴬𥙩󱈘丹墀襖籖接襀𩈘皮皮𪽩𨁪扲娘㐌襘󱚢𧝨巾襖狐裘㐌𧝦涅綵絲南尾色襕襇裙色所裙襇沛神精交󰋇固台𦣰霜襘雪語󰑼易制襖󰅹𢧚𪶵襖󰅹𢧚庄拱仃愛乃𢚸圭包除襖錦默𧗱買甘𧞿𧞤𧞣󰺔麻𢯷渃湖𢯷𠫾𢯷吏英徒㤇當媄󱣧朱𡥵丐𧞣染一品紅󰝂𤐝吝襖䙦袄𧟀傳𦬑欣𥺊鐄傳佳欣󱫅𧞿於𠁀空別𢜝埃𢜝绳醝𨢇呐街如󱗵󰣑搏朐𠫾最搏衛𢝙衛𡽫傘怨𦋦𣷭瀕天下衛茹楚可𡎢麻計𥙩撫衛士卒待徐主公別埃洳唏𣷱別埃𢚁紇粓哏󱳶𢬣瀋𣳔供𠬠𧖱博生𫥨恪𠬠𧖱媄埃和傷些王妑㐌固彷䝨袄襜󱭤帽冷弄星君名位𠖿𠖿細尼箕埃隊𥒥󱭟𡗶箕埃治水朱𠁀特安𫋻𧜖終炙󰁡𡢐院全𧘸𦠘襖鬼鱟毒肝丐衫要𪡇強廛礼法恨𪬡拱渚衫師或羅𠊛𥒥蔑欺𢬣󱘼卷吏馬兮底数刼󰁡㐌罪情之衣𢧚𡗶撑迻撴𢬭𦟐紅𨀈沛姑頭𪦲小消覺𦖻它𡗋事衣腰表頭外𣷭南溟屍補𫴋涼朱亇奴咹連𢬣劄表散霜𨖲朝陳歇拯群埃覃蔭󰅹花拯卒鮮固𠇍保霜蘂買󰝡𢭟𮥷𢶢易共娘忌別敬咍要勉順和盎那歳㐌𫅷洛要𤷍𤶹篤弄南北多隊昆東西边東主典边西客包深東紅西𤒩𫥏埃喂扵吏𠀧𣈗唉𠫾法公󰑼重念西詫󰅹𦖑𠳒如𪭯念西謝𧗱催吏𨄹𣦍𨖅亭覺時𢭯削𢯢𢲲󰜋𨉓呐䐗耒昆小鬟㐌保浪神蛟隊逐丕卞𧢑角𬦶囉渚固親疎買丈夫𢚸𤤰信󰭼爫親固主𫇰臣元老國家𣦆過㐌𦒹𢆥瓊揆傷𠄩親󰋇𠊚𦟐覩沛饒吝𥪞固蔑㝵𠃣䊚倫粉覩窒種娘户武自然論業巴身滝坡滝溤滝洮󰬾𦰟滝意覩󱚢滝淦挭鐄𠫾覩滝吳𣎀𦣰思想𠫾𢺀滝滄渃箕悶覩城尼悶竜覩埃㧙𣷭抹󱪒㧙滝菩㮛𢯚𥡗󱪐制㝵意籠陵擬實蔑𢚸覧呫𫯳些袄績些傷𫯳𠊛袄錦衝香默𠊛錦障󰑼衽支外院喝拯永朋院僧襖衲強沫欣襖姥𠇮殘衰𠖿󱉲於歆󱤧𣛠𤍌㐌𠅐勢𠊛拱衰欺𢧚𢱚破拱𢧚欺衰唒窖拧纏拱衰姅𤗲襖𬕻𩂏衮衮帽𧜖縐染墨顛屎裙襖𧙛𣘽𣙩󱀄󱤪𧙀郎沒𧙀𠄩𧙀大鵬失世被石生打折被梞默油塘詫𦋦𠫾󰝂被禿擉被𥺊補功吒媄懺生錢𦝄𥺊被朱英󱚢場𡘮𠋎買𢬇被册󰬺益之朱𣇜意襖袩𢪀吏𢢆身𫅷岋𡹡客地衮昂家情嗔為払扱袍𢶒甲嗔為払𢷀笠風霜紇珠淶𣼽卷袍渚派払自𦖑呐消耗卢渃沫󱠩袍奥福麻袍襖𠃣󱤋𧝦𦷾特𢯰塊焒床部袋錦花生昌襖𧺀忍牙裙調半𫄉妲底摸󱹦𠲥扒𦋦朱仍几陳𧙽𪻃𧋻𧙻𤞻襘𧙻𣌋𣅘篤蔑𢚸恒䘮主𫀅凭䘮吒恪󰅹入塲發吏及䘮僅󰬌几扵呂廊𠊚𠫾裩襠󰑼𧚢弹󰜏𧚢襖拯群謨易嗔𧚠襖𧛋𡎢於種運𧚟󱚢𦋦𩈘󰅹吏𧡊𠊛些𠫾塘抶𨉞抪桧捍𧚟𢮿工固𧞣繞桃固𧚟領深𦎛朗補工架㝵補事世間時葉弄󱉎主𡗶𥙩𫯳朱當沁𫯳補功粧點𦟐紅󰛈顛妳公補挼女𪧘斫󰅹報補恩柴恩主免恩吒麩殼補奏祉𪡔拍手補𢬣錦羊羅𡥵裘香稻𩚵聶裊世課臨行鶯𣗓𥾽柳𠳨𣈗𧗱約裊鵑歌裊麻谷罪乙㐌空裊固咹時固廬󱬳台𩈘󰡎裙台𧜙襖𢬭𣘾𨕭襊𢬭󱭡裀𰴂餘蔑𤾓𬙞𨑮秋民安𧛋詔渃如石磐襖𧛊𤷱𩦓𧛇襖製𦋦神弩預防役軍署𦁼咹裼署𫥯咹糊勉德瞿經裴兀扲戒咹㪰君子聖䝨𢚸似渃强𫅷强吟𧵑裴唁油𠮾油裴仍拱󱩂㾕咍思洒拜裴倍怛尾工皿䘹𥪝襖裘刀鐄󱣎󱭣金絨別浪君子固用些庒襯襖󱀵𪻃𤞻襘𪻃嚴陵㐌𠇍都𢴾𦓿𩄲鈎月袏𧛷袄裘咹𠋥󰑼埃咹𠋥󰑼些𩛜粓褐袄辰𫥨咹𠋥曾𫌠眾僧受持失錯恒𫌠鍮鐄混雜因蒸玉𠃣𥒥饒㕠𫀅中道麻推矣羣蔑覔󰠳時合朱民烝󰬥覔𣒠渚擬孕態覔𣒠𫀅經讀録爫朱朋所体所咍参禅見伴涅身命買可回恩襖默免羅朱𦛋蔭黒蟻󰑼丐見顛興篩象床㐱實棖牙棖中蓬見号󰑼合歡解羅󱭰𣷭東南黥布叩頭棱西北豺狼唒󱭫獴𦊚󱭬𬑉𠊛形𤛠羝羊羝特孟世旭饒僚簉吏咍默𧤂蒸𧤁𡥵麟𫽄咍󱟑饒雖群淋臘󱙼觥󰠵𠄩吝𬕩戈幅墻觥約𬏓󰁰丈觥𫥨炉𣗬吏𫥨行杶咥觥咥撟之𫢩𧴤𫥨魔抉茹𫥨󱭯󰅹固詫求名半角侯典角𡶀調化𤞺猿麻𪠞𤤰渃諸侯㐌典󱭶丕讐僂朋丐捻𢬣矇奴拱𫨩如𡥵𦟷𦢞助民揲亂者讐命姉𡀿㛪共拮義兵蔑嗔𣳮瀝渃讐𠄩嗔󰝡吏業初户雄𠸦埃窖攤讐僂朋丐捻𢬣庵夐燒香讀五經𪔠移更群讀册鉦熾䏾𣜾傕朝󰇾巾淚払𬂙曾𬌓𠇍𠳒凿𥒥記鐄䋦萌埃敢讀唐女󰠲眾𤽗𣈜𨎠蜍孛極󱭹護𠊛固德隊方特𫅜鬚眉𤍊𩈘丈夫󰝂忠孝底者讎𡽫滝裊貪欣時沛舌矣𫍕𠳒意底麻噒坤台𢵯冉於𡗶讖卞𧡊讀𠰘類小兒讖傳自裊吒翁係天子典獴𢜠𠶂蓮姑丈讓𫯳姑妾油妾吏油払庒𠅳官高爵重讓几恪歳𥘷𠊛讓𠰘𫡦埃讓爫𤤰朋蒸呐變特𩄲𤐜𠅜関係風教几𫅷尼拱所拯讓𡗋節勁可畨君子竹𩙍髙拯讓丈夫松秉彝羅仉忠誠𦖑讒麻女加刑據𫳵𤳇蒸盃㴷群可解特𡛔蒸盃㴷拯可解特認文解義落來年禅客巴爲迭解𣘃𣛦𡗉姉䠣瀋瀋丕台所准𬢗𡧲茹𡥵猫統請𧣳城旦䀡爭鬦𦋦情爫牢𧣳厨𣘃奇直𡗶吏固𡨸排興國之年課羣觫𩯀呐唭練練黄鹿号沃昆狔典節冬至連台対𧤁󰍮爌󰅹排貝玉𤽗太眞炪𧤁犀𤐝𫴋󰡎渃准龍宫翁󰅹固𭛣時𧗱碎群於吏䀡羝㭉𧤁梭󱁉𠨡𧥃貝𥒥固𣈗𠨡散榜鐄𢜏㐌𧡊󱙻撩珊瑚玉䚂役之󰟯恪󱮿𢝙𧡊𠳒生吏󱭲󱭱縁由院疎空𦂾盘燒𡦂題帖雪琹撩譜同弹譜𢭮年性情茹楚户項拯𢧚道覇茹漢𤤰高󱁎道覇𦷾𣈗箕󰑼𣈗席󱉎蟒蛇王列李通沛𨖲殿納命󰜏媄𧡊楳謠𥙩爫󱳮𢜝𦓡嘆哭浪埃添喭呐麻達排風月󰕔坡綱常娘𦖑東漢𤤰光信󰕔𢚸拯𡮍傷諸侯裊麻拯执婦人底𥹰󰕔所涓身凌乱責㝵󰜋責些𨑮𪽝些󰕔所𢧚𠊛𢩽撴㐱實妯󰕔固号連顔説催昂育西東湥珠聖説淃袍𢜠𢜠悴悴掣牢󰑼情課占包説事占包事爫詠勿乙群迡訴姮娥闭渃𡽫暈群詠詠節群康康奴󰅹別特𢚸知己昆𦫼𡮉𡮉隔紅塵詠勿𦊛務仍伴親知年詠𥒥𫹣𬨠細尼雲洞𧵆𨑗𩄲󰮨涓才卽景詠題𨕭鞍買詠古詩没牌盤𥃚几𧦔㝵哿羅莊姜所𡨧𬢞愿或因汝昆計变折末長机計曳山顛栗米乳斉紇計床足真棖達計時埋𡗶共𠵌牢如𠅜监踈老母𡥵㐌性特沒計窒咍蜆丐憲強言淡菜炎淥咹存報牢味美言𠊚易重精神邏世調於𥙩蒸𠇮言言糁󱎾拮麻𢭂𦷾蒸𪮏𤽗王翳每㝵船󱭻英解𬡰昂英辰𦣰󱭻𠄩姑娘𦣰𠄩邊𧯅𣁔漊𠓨𥧪空蟾蜍蒲谷清世亇谷仍昌㹥明倪曳庄咍谷從尼谷特皮欣舌撞李拯谷哿哭花薔薇𤄮𦬑朋𩅜覩𰿘點連結蒸谷墻十殊侯㕸𦋦𠽄𧡊娘白兎󰝂岑𠓨𧯄石生𬺗𧯄噲公主𫥨𠳨傳䏾𣘈耒拱𤐝朱𧯄𣊍庒埃禁𠊛𫼳備呐豁筆花卞買訂𢧚篇𢮪爫宁丐宁昆刊板流傳埃特時通寔他敢聘新奇噲󰑼爫朗底記𬮙代記𠳒前聖𠸕𢚸丁寕卞劄功蒸每事旦忍滝𡶀中本國爫記默鄧衛茹唐𤽗僧孺劄蒸𠅜記周秦誣訏石生刎肝鐄胣鉄𢚸討𣦍𡗶坦証明𢄂𬁑蒌㐌痚𠫾𥙩夷敬媄𥙩夷討㛪󰡎凡坤別呐能𡗶差仙女𧦈蒸𠇮娘𧗱𦤾香林課尼𧥾頭氣冽蹎𢬣礙掑翁𠲖牢碎𤴬䏾󰡫尼許翁㝵本州羅𤽗阮逵歆許𡮶節操琵琵曲設秋𠦳𨤮宇宇蹎移隘󰋇重柴𦖑感景𢚸傷檮𠊛訥涅右肩訥𧋆邊娘𧗱士𫀅相断量浪悲爲徵盎那麻訣昆末𢪀事过埃考埃𣈙訟無証㨿披𫢩𤾓唐𫽄信梁楚群碑𬟛查吏麻𫀅别實訛㷚㷚𤵖𦹵絲毫𫽄訛卞𥙩囉蔑卷𥪞𪮏襖紙倣𤾓詞𤾓𨤔如印詞紙𤽸𠦳𢆥群買丐春𩇢𤂬鐄洒没湥情篆香詞紙󱋓羮拱󰑼𥘀鉑󰇮括詞絏𤽗仲逵卞隊娘蘂卿典保𥙩𠅜實詞交書𢭂朱󰏙隘𤎕𤐜狼空女撅𣷭清樓蜃滂如詞𤽗潤之因𢭂朱集古今詩話共𡽫詞𣷭曲詔𫴋𠄼𩄲挸𦟐紅遣官太守於󰘂城待詔旨𢚸些拯羅詔拯可捲特丕󰠵𥙩蒸詔結竹炪𥙩蒸󰸟𣛿樁𥙩𠲝詐爫斫𨱽𥙩害與爫斫𫅜女󰅹爫事不仁𡗶坦牢証鬼神牢𦖑孛𡗶吀証𢚸𣦍緣埃油磊油埋在𫅷仍朱𫊚𦷾時拯㕵診脉𦷾時拯𠺥雖󰑼𤐝泣尼尼欺𣊍欺訴欺潙欺苔畑𤍑𦰟敬香迻𤌋誠達钱貫沒𦊚𨒒𬂻󱥵𥗜𨢇朱鮮買誠󰡛强誇𡨧𡨧𪰛呂渚誇權󰟨渚唭寒微誇頭绳秃競𢚸翁師丐𤞺浪蹺𤤰麻𪠞詵󰞬㝵边武丕𥙩車蒲馭駟麻詵𥙩蒸㝵賢打䋥兎𥙩𧵑󰞬𠅜巽麻詵𥙩蒸士高󰒆𦑃鴻麻䀡朱𤏣湿高買詳払𦖑𧡊呐詰頭浪英󰑼几不求利名𤽗子編詰𡗋嗔𦣰杜几𡨺𬮌拯朱𠓨派㝵嫌結底抪工唐詫𭓇隊機祖詫禅空坤卒別尼侈𦖑𢲫會科詩雲僊󱚢謝尊師嗔𧗱𩈘󰡰強朗𢚸慈強清𤽗潤之𢚸傷㤕卞拯乙𠓨省試𠫾試𠫾舉各柴儒些𠸕調尼沛𢖵朱吒它朱𥘷戈𠶆朱昆共𪟡試制噅排漢誨多來自徵󰀎󱩚末㐱孛羅𢚸舍諳誨隊機馬祖㐌𦖑𡽫西蒸㗂念誦弹經𣅘𣌋诵制蔑𠇮妾𣈜𨎠拯埋辱沛誣朱𠅜󰠱变緣及語蔑拯汝𦷾丕𠱋世麻姑語󰑼埃󰟁情那爲徵昆𢶒命細語丐語押連買外丐語押外昂語同内拯吏共称埃默𠇮昂語冲宮短䘮改主󰅹𢚸𢘽埃筭唐眷誘胣迷道冷買南誘渃楚麻扲於𦷾鐺黒誘㘨漢胡自課定通家擼𡶀誓滝義講和鐄𥒥裊庒󰠃𠬠約渃𡽫誓㐌固堆暈夢𠀧亇𠫾咹誓怒几𢺹𫥨誑買頭舌根羅誑𥚇荷帶誑𦲿蓮𣈜侯最拯埃𠺥認丕𤽗徐侈体傷𦷾冲花令令唏霜停蹎侯𢘮認塘𧗱斎𢬣𢭂朱認󰋇詞帖庚㐌差燕玉吏朱認𩈘如頭𤞼認柴猪猪体󱫱𢚁孟呐坤𦋦𢬣朱別矯群𬢳光自意各節路𦋦朝廷𢪀𬢱𠊛些呐屯民𢜠𰙔𬢱双生象𡗶罕󰘉太平自低𣈜𨍦固蔑𠊛󱚢𨅸𥚆𬢱𢪀𠊛󰅹塟低傕𢪀𬢱吏算量边床𠇍浽𠸕𠻀夫人𢪀𬢱添狐疑𦋦𧁷巾於𢄂嘹嗂埃𨖲處諒供英惜功博媄生成𫥨㛪𢪀哴佛固良緣𤿤慈弭請󰘂禅𢌌𣾺杏元𦖑𤏣事情拮光廣病𨏄清請𠊛𤽗季嫠𦖑朱𦷾𠄩㝵明忱浪些特𠅜請丕傳柴動𫪹請鍾念經寂滅引塘依皈旦䀡爭鬪𦋦情爫牢钱𠖿泊沚曾旁旦茹𧁷𢬣空饒請𠫾道怒義尼百㗂𠰏𦖑𥹰請請吏銅钱讀謗󰑼𠅜呐談所腰蒸几士丕苦麻拯諂窮𡲤强駢𨋤𥙩才藝辱辱調平雙塘𫏾所典擬共欣𠦳欣𤾓觥𢆥𣈜𣎃調如󰜋調哿盃明撑泊油蒸󰘚󰕛𤽗旦厨求嗔調時特如所悶󰕛𤽗調仍署閑些羅神醫丕𠇍几𢧚坤調固𤵺爫𠊚固𤵺買𢧚坤㐱合調典獄九幽所役調羮倍󰋇吝󰞿㛪駡女調欣舌𠊛坤辰呐姅調拱坤卞差萬毒𩧍𠫾扒侯該調即時𨖲低琴𢫝𠀧調歌牟𠄼宮湼𢞂如菊調𤷍如梅鎖匙時課當𪮏凍包鑽匙丐匙課遁䀡𠬠課買油剋隂后土動勾滕神扲釰智慧撅朱空性識課尼性刚埃谏拯𠵌每调𤽗黎景琦咍謀丕麻拯咍斷渃雖󰡫跬石盘𤤰仃涓礼将仃涓謀舌諾底仃爫粘侯衛諸台侯衛諸台閉𥹰㐌特𣡚󰅹諸侯衛諸台斧柯頭鐐窖諸𣩂饒庒丐琉球𣩂饒平丐幽愁毒諸爲丕類箕特默因𣛠󱩿諸柴噲娘阿蠻旦畧柴諸𪮏梭頭𡊱諳絲吏傳󰝂諫昂墻𠬠边勾対諫節事機󰀢諫趙皇拯𦖑𧗱扵蒸𤞽扶蘭朱安𬙞疏諫時庒𠵌蠍羅丐諫諫󱫽𬚸𤞼𠯇保東風諧曷𠃣世情渚惜仍仍台几𤼸𠅜𣦍意䐗呐麻㐌沛折几排𠅜諛意固賞麻拯沛刑諛諛󱙹𩈘悅𢛨󰮂𢚸謝柴部領阻𦋦蔑𠇮两慮共和󰇾揚傳傕回𪔠𠽖更謝払娘買懺生𫥨衛𡞕𫯳𡗉󰝂鐄縷𪠞謝柴法雲括坦燒香講五經𠀲箕侯𦖑𠅜講𡨺𤇮焒蒸拯咍耒卞𡞕𫯳講事盃論事寠群臣渃𬑉平湄追尊庙号謚󰑼芸宗󰅹群仰及󰅹群京謙謙讓意買鑣君子𪟂吒丐渃滝坡語浪謗渃󰅹𪟽謗𡥵語󰑼爲渃爲𠁀拯𪟽假㗂謾唏戒𠇮或於工渃㝵庄咍謹喃沛㝵牟卢蒸𠅜𥪞茹謹拯可呐丕𫏾𨍦須謹念憂愛仍㐌体𦷾謹合赧朗或許囉蔑𠅜禍侯移典蒸奴丕茶煎渃謹月刁𧗱蔑茹阿蛮汫謹庄𣴓園春桃槾謹魚坤皮秩拯兮謳特拯明𢀭𢀨𫽄忽庫䝨𫽄謳縣金華蒸户杜社玉塞蒸户陳社翁墨蒸户譚縣唐安蒸户武譖渃󱧏譖𢷣墓打破丐棺共骸骨昆𡛔意散補蒸𡧲滝獪𠊛譎姦蔑𢚸蜍漢低爫證𣦰雪霜胡塢𦹵撑凣𠳒供開𧵑𠊚証𦓡空開憑㗂安南拱沛譯𠰘朱󱦛樂󰁮具哿警警犢特𬌥特哿世警強銅鉦征哿㗂催警警於兜俸𧡊没𠊛䜹浪役意吀𠊛渚𪟽庄派吒庄哀豆庄派媄庄埃夭停如𡥵𧊉豆耒吏𠖤𫯳碎拯豆魁科廊渃扵茄󱪖几唭吱㺧𧱺𧤁犀蹎󱳹每𩔗固尼才雖庄午智庄高英㛪廊店吀𠶆奇𥸷餅𬌥󱭼拱哙󰑼核意實𤍌象悶爫神像丕為象𠻵身㝵朋客及舘丕几𪠞戈麻几吏𫃸琹樞歇馬碁樞象家山𪧘群忙象侈𦣰欺意群恾象永永韶鈞㗂於𦖻漂典於縣桂陽杜蒸舘客𠊚辰筆󱬉墨埋󱢪𠀧𠤩絆曰堆𠀧吝𡛔停𫨩𦥃茄󰜩𧗱𡢐𠄩𦜘朋𠄩𥶂椰是非劄抵𦥃𣉹爫𦎛別󰠳𦓡𥈬𦥃包𣉹𣌋𣅘𫽄特󱬈宜午𪽗咍謹𦷾世事浮沉君莫问煙波深処有餘舟批𢬣󱚲𢪀事󰠲󰠲胞𦣗󰌎蘧燶𤍇事𠁀幅幀雲狗𦘧𠊛桑滄苔㙴永永𦎛娥䏾梗𦘧壁味花单簾吏添守度𦘧潙坤頑󰣑𣈜搏󱫴探󱨶本坦󰣡󱚅耚招榪固湄𫳭𪹷󰁯朱蔭󰣡買固穭木卒耚𡶀麻咹沐𤂬麻㕵𦓿耙穊割趣翁圭尼辰耚𣴓尼辰𦓿溇𡗶𩅹辰默𡗶𩅹𫯳碎𠫾耚㐌固襖𥯒𠠩𩈘霜噴耒桂𦬑𨕭頭𩄲𤋵𩃳𦝄高窖結耒錢計貫蛆虫肉肉感稽步耒䋥𤞼耒鐵鎖耒碎禁繚近滝蚤合爲迈哩耒注説別丕免特𢚸耒拯敢固欺耒擬石生抇𥙩弓𥏌耒捇頭蛇王𧗱吝呂歲㐌𨒒𠄩風流󰕛𪩥耒来斈坤𣌋𧻭亏𦣰拯固昧耒丕㐱撞買羣𡎢拯路耒論事恪离耒盎那弄庄卢兜木牛󰑼花蒲牛英寧花耒𦹳娄匿苔𥪝𦖻󱫹𥙩職蔭吒特補爫官宰縣僊遊侈醒職槐珠漓𣳮渚麻麻朋課職槐安事𠁀空𢧚𢟘過化聶咹禄調恩几𦔙𦓿㝵坦東城羅𤽗李友之拱𥙩𠀲𦓿𪽞𬊠𧽈創𦖻户的𦖻𦓿麻𢚸吏想旦𠊛桃踈爫民𦓿𦔙村家𢬣𫽄塊冊特𠀧𢆥𡗶堆些如体𡥵蟳共咹没𦲿共𦣰没檂𦇒󰮂胣臨欺󰠃縱哏𪮀𢬣朱動𢚸𡥵落鐸邊滝𢄂󰋇茹𣦛󰁯𫡦品臺花吘填所志出家閉迡臺蓮枚和𤏣𤐝舘䕯聶𦗞𦖻呐忱况之仍㗂柴來歲尼㐌卒𢃱尼𩂏𦖻𫏾󰢓春鐄紫聘饒𦕟𦖻𦖑㗂楽韶奏咤𦖑鐘㨂󰠲󰠲拱停庒羅沛𠀲家僮𦖻外󰒕𦕅䏾𥪝寔𠺮耶𪮏待迻扲棹眉𫶼撑羕柳耶𦟐劫歇堵花蓮船子耶掉𣳔撑渚朱羡洗時某𧗱茄所昆宜耶体媄吏稽牕䜹柴𡎢禅定打渃韓時渃趙應合斫從時斫衡󰾂󱳓計󰮂外聿計𦊚边𡗶󰬾𨑮𫤯𨷈拱餘𥛭𬙞𠦳𨤮绳秃𦓡咹羮𣒣打󱥖打䏳退薨奇厨𠀲󰅹打󱥄辰沛稱𫥨翁老𬦳過𨷑𫥨丐󱥖擬朱𡮍分尋常道𡥵𡛔特󱬇󰮕閉遲㗂敦㗂切󰠓㖫𤤰扲頭𩯀煚㨢𠄩𦢶矇奴拱𫨩𣞊𣙸如𡥵𦟋𦢞𦟐𧺃紅紅心𬌓𦢞花巧墟窖了每芸忳拙斟雜俸皮真𪮏娘法渚踸臘如焒急𢀥爫乖掉捇𨅸林欽臘臘𤽸昆馭駒𠓨於馨永箕引蔑㝵𤳇𠇮𫃚極󰞯帽覩𬰢𨫊𩯁𩮭羕昆鎛細𥪞𡑝納臘小匣子禄臘𦹳秋传𠁀駭搭𦖻掑𩯀禄聖停󱳮䑈補昌𠬠搜𦀵紇芒𦢳󰬋𢚸如默辰󰬑昂自𨕭𦢳左搏戈󰡎𦡥𢬣右𡧲𦝄𥙩𦀊麻𫃚膏羅󰓄姑箕󱥔妸爫之底朱英怒信𠫾䋦𧗱几󰝡昭卞𠝺盤歇𢚸胣臟腑灡囉󱥕󱥌辰搏𦥃茄𦛊群𤴬𬑉𣜾𫥨𦥃外脿𦣎㺧𦣎念忠耿耿空安險危敢𪿒弓筅󰑼常𦝄𦓿䏧耻相虞句聖初達宁𫀅形𥙩傍爫󰒂𥙩命爫先聖他𦊚湥淚情别󰠲悁属改命特安边𦖻󰽿㗂玉和聞󰽿󰜋𠎪翁𫅷𨑮𠀧翁𦖡朱咍𢀭𦖡𢀭𥊖尋󱚢󱙹㐌𡗋𠊛𦋦空假𦖡假󱩟食則眉𢫈㐌𦖡𦖻柴耆域庄𦖑𢶢昆錫杖𪠞方東𧡊鴈𨻫仍書封翁𠲖翁𣃣耒碎𧡊竜神報夢𦖑𥪝命轉動恪形吒昆莫於城竜如𧋆杜塢如螉聚梗判浪󰅹固庫之𡽫箕聚鳥𧵆時𫽄賖𢜠臺春聲聲𢌌𩦓𢜠各安其所遐圍盃𤽗杜牧固蔑聯踈浪昆㛪坦江東󰞬几才賢收坦吏吝女時䐗可別𰯡𦝑庒旦盤次𠄼土宜物産󱳺床𨕭󰝶󰡎𣷭每塘少之張𡎥擬吏咀𨱽過𢝙窖䏾󱹥󱹣謀塘𥙩𫯳控󱬀江山𢄂番群呂江山群夷當干乱落巴爲蔑命󱫿媄慬魚育塘除欺永𨤔清𫔮払連𢫫󱸁容顔恪常𪀄雉爲󱢋󱙏󱬃󱓇蒸䋥扛身㛪如果櫗𨕭核䏧奴縐𤵶󱥠奴𠫅𠊛闺阁客書琴边𠲖𦖻壁边惏𧍆󱫾打賊麻打𢬣空氣陰󱳔粘結吏𨕭𩈘交争饒自尼𧗱娄碎信忌共敬免󱉎主支秋特磊灵魂住碎𫽄打𫽄吱嬸碎抉眜擂𦟂咹肝詩文庄肚論𪞷󰘂禅喉嚨狂𦙥縁天渚𧡊儒頭育分了牢麻扔󰞺昂构𡽫便笘𢚸桃𢀭尖更鳯育交流求𧡊事𤞻典闭除䊷肱𫃚特當𢮩仍󰑼料㛪遁塊英庄英如䋥𢪏英肱𡧲𡗶眼眶肱𬑉吒󱡸媄󱙦牢咍肯順隊尽辞敢惜功󰅹群𠲖𢚸客洞桃肯庄悶𢧚󰜋㤕󰒂之庄咍娘固肯為󰠃些恪󰅹𥿥𥿗麻𫐮肫金腎囊丸𢃄深屎隂毛篭奴婪夷木肩群默辰𥪞默𡲫外默𤿦調𨱽典股蹎胞衣󰟀𫆚𦟨𦚖𦚖𦖻𨀈𠫾𠬠𨀈𦛌𦚐𠬠𤴬時意及店𠄻𣎃𦙫𤳇𡛔𥪞几𢄂𦊚皮囉󰏙制𣎃𠄩種豆種𧃷種茄䜹浪棱脉壁𦖻鋸脉󰅹悉脉意課特南倘鳩弄渚工胣媄買年南胞𧡊咹𧼌典時奴胣助打兵饒乙沛𤵊咍󰜏眉阻胣𥚯常阻胣歆歆𠀲孟可𢧚𢚸胣茹公侯船喂固𢖵𣷷庒𣷷辰󰜋胣康康待船君子固腰吀㨂㭲停緍𢱖女胣𫥨𢬣包肚胡包次𢀲𨖅渡些傳𡮈𡚢番𡢐些吏限胡穷饒朝茹胡歇運户胡卞倍傍怯納𢀦𢀨之沃𪜀南喃頭爫𠬛胞咍更思𪜀巴胞咍頭檜𪜀南胞時意娘户武㐌固胎媄喂𡥵㐌固胎𡥵喂媄拱㐌𠄽𣎃󰅒梅生𥢆胣𢪀󰠐胋𠻀傳󰀎別心跡耒蒸胆獴麟汜汜仁厚台𡥙茹官脾󱤹断官𠰺󰝡𠄼㝵𪠞朱𤞻咹𬚸麻𤞻庄咹吏歛𪮏真共󰝅𦛌媄吒生英默腰俺俺敬英衛茹𢴑𠄩昆撫所𦛋浪吒眉泊胣㐱拯娘如㐌𢧚𦛋胣蔑皮嫌茹飢儉󰭼之待饒𠀲咹𠀲𫾆𠀲󰅹唱𠀲撘𧜖𦛊𠀲𦧘𢮿𦛊蚤蚤󱢡蚤𨔈𫳵眉吏極𡥵𦟷眉𨖲固福辰𦛊固󰭧無福辰吏瀝空漏漏旦欺奇𬲂別𣘃𦚸𥎁蔑󰬮𥆾䀡蔑脑膿香𡗶坤鬪󰡎𩄲籠咹鱠渃韓爫𦧘渃趙㐌脇渃魏吏折渃燕渃牢彼猥闭喂底尚󰛈𤽸脇𠊛󰛈顛封爫附國范顔包饒婦女脇奸縱横朝𫯳𣅘𣋽弩能沛庒𫽄监𢭄齿󰜋𠳒別桃紅咍柳綠天下能某主知音𠳒能呐羅能怨能𩄎辰𬙼穭塘能𠫾能吏䀡常䀡輕𥪝户歇每𠊚男女沛生能能㝹於仍𢬣臺閣󰠳合包饒席綺羅昆稚欺𢸚󱙹胷重𠊛𠊛吏重身𠊛盧挺几瓊胱𥺊溪𥺊𤯩渚芒分黎官遣律䏧頭翁聖枢离螉󰏙昆𤝞拱羣固䏧皮餅餅䏧蒙蒙和崙骨𩩫肉䏦𫅷打𠴼𥚇強𫥨精神慶元茹德先人𣳔鐄自𣴓核春󱥟務󱤻欠指㹯浪馭󱗸排𫆡昂胚𦛿沒𣎃腮羅𦛿𦖻脂膏𦟐𦛿𣘾幽𬚸𦛞蒲灰油󰭧膉󰜋捻茶艚󰜋唏域冷珠明脱𠰘𧍰引身󱚢準安𫔮脱妄名利另唐是非奴𠴝󱚢奴𤻻奴醝耒碎仕救娘𨖲𣦍朱脱脱先摸󰬾錢𬷤錢𥙪𥺊󱪶買󰬾銅油恩𢚸敢畧𫒂𠳒謝辞催脱船吹𣷷󰅹脱𡎢脱呐𰿘分激昂𣈘冬長欺密念𢶢㗂鐘聖脱󱙧󱙓𣈗夏節𣅶誦經󱣐槌楳寬𣭻歷劇妾𠻵体僊可及麻坤尋道拯脩麻擬典股髀賴䏶血󱧡油払𠄼妾𬙞妻𫽄戈特丐󰭛󱥃尼󰠳擘膊𦝌𦑃𢬣膝頭𨆝臀盤𦝊喡媄欺召胎共𦝉昆𪡔庄群童貞女責妑媄𤴪筭皮𦝉𪞷翁󱔢翁𦝄𫴋𨔈茄碎固瓢固伴翁𫽄翁𦝄翁掕󱢢𩯀翁哭翁唭𦝄恆帶紩湄潤澮昆屋扦空固𦝄𦝄㧅帶鉑𤾓鑅󰠱𦝄𩚵瓢渃亭從且󱋓𨢇勾疎默呐唭沉𢋠渃𩵜涂瀘𣵰朗𦝄𡗶鴈沕潙沙𢮪旬外𣈝堆𨒒𦝄𣅘店永最𡗶埃咍体𠳒拱𬈋㤕𢚸修行拯尔論𨦩󰊄𦝄勉浪鐄𥒥𢚸如𠬠渚𢟔𦝄花女𢜢𠊛柑杠𦝄𫃫引𪞷冰控屡𦉱屡󰬾質唐朔蒙没望㝵𦝃鋸頭至𦝂𣳮命爫𠄩𢚸𠄩命拱鈘𠄩粓𤽸咹買𦜡𪀄𫯳𬙾𡢼𬙾唒𥆾拱𩛂九眞固妸趙嬌𦜘𨱽𠀧𡱩才高𰿘𠊛清腔𬈋某打村民体翁𫅷於𥪞渃撑腔麻囉󰜋宮薄命吏強惱人𫳵朋𥙩住󰣮腔功𡢻𫽄固喝蘭宮𩄲浪些𢌌紀𢚸傷倣如及几腐傍時牢嬰㛪蔑腋腰當𡞕𫯳共敬如常接賓恩埃𠬠𠃣𫽄悁煩埃𠬠𠃣抵边腋尼些拱拯𢀭拱拯𢀨拯𤷍拯脿沕漾漾𡥵𤞼固脿辰𢚸買唁痣脺𧋆𤇊𤇊䏾焒羕羕畑𤍑唏󰠳擬󱚢𠊚添絆䏾小腹胣連近掑大腹胣帶󰟱󰑼臍中尼金挕𫜧尼刀割󰟱𨇜每图庒少次之𫆧𤞻𤞺隊𠽇𠊛武皇𠻆志鋪類婦人伵畨尼空𢟘特䏧辰刧恪拱󰤳𥙩𫆧渃冲𣳮𫆧瀝澜𠬠句名利庄潺弄低卞谷胎𦞎生𠄩昆𤳇鮮𦞁邪󰬻孱𠍦膾腲脯𬛈𨀈沛姑頭𡤔小消些特清閒些舍腰没祝戈工腮揲揚笙𥬝实󰑼奄腮娘户武拱動𫏙禮法䐗曾𥙩事腮𪾺体搮𢚸㟮󰅟楼高𡴭尽𡗶𨨨鐄征隻擱邊腮腫𣦎功英󱣔蘿𪭯腩𡥵姉𠫾𠅎𡥵㛪遁𫯳批批𡓁怒𣳮腥𦞣傱咦󰑼𥠭灰腥身𠦳鐄底汚名𦟐紅乱单腤𠳨客樓紅覃蔭時傷几冷滝湛𩩫劄胣掣之肉舂󰑼󱫼𠺙芃󱥆繩󱥆隊蠟󰒵縷余𡱸𧺃臀辰茄𧺃𫆮卞蒸店意𢴋蒸畑𦟖鳯排蒸詔絩𧍰󰋇𠊛仕娓醜牟𦟐顛垢𥒥𬑉溇󰭮𥑥媄𫅷頭泊昆䜹𦟐桃𪮏如󱬗𦱊鎫藍坡眉柳𦟐冬䏧𤘋班乃唹涓吏固𦟷𫏾固頭𨍦固󰬲󰞯欣每物噲羅㺔膁𦝄蔑命𠫾腿腿呵𫽄固𠊛恪庒爫𠊛保浪𢞴爫辰昌𮌱昌𦠳排𫥨𢚸貪钱𧵑排唐𬛒專呐𠊛𫽄𪫢𦤾些試𢮀𨖲𬛑䀡賖𫨩𧵆𦟿腩姉𫽄闷㛪鐄𦟿㛪𠫾謨芸㛪𫽗朱鐄膽𦟽渚𧡊兵革麻嫌猫噡渚易固𦟶底𰈏魚肚白羅𦟪亇吏羅肝𤽸𥪝䏾亇𦝄𦟨窈窕𨑮𠄼歲𦟐點臙脂𠤩糁勸𦟜襖髀󱥎肩𣘾𪹷󱥍昌𬛕号󰑼肩顒舌𦧜渃南󰋇仉人才買共𠊛漢氊𬛕自𣈙固𫯳挭𫆶江山茄𫯳肺𦡮槊𤍌󰝂沛𬑉㺔㺔𤴬奇𠯦卷𦠽𧼌𦋦飭挂鑊𠦳斤拯𦠳馬援欣分李詧㐌决辰行㐌𢭱辰𦠰奇梗吝𣘃乘龍埃仉東床聘𦠘𠤆𢧚󱬁𧋻哏𬷤茹風流丈𣘓富貴姨紅𩄲浽㐌曾過𠠩眜󰒽僣自𨕭𦢳左麻摶戈𠁑𦡥𢬣右中便打𦡣固𩩫𦡠形朋𢴝𢬣󰁯𦡠𡶀高箕余𡱸𧺃臋辰茄𧺃𫆮𡥵偨𫅷吉節𬷤魯臋抹胸羅巾𥾾臆𣈜時󱩖󱩖𥀌𥀌最時𢶷𧚟朱西臁臁𧵑𫤯萬千𦊛𣩂𠄩𢬣扱鲁臀膝頭膾孫權󰋇丿󱏹肝𤉗曹操稽番𣡚𦢉枯摳吳破𦢉散如𩽖𡗶悭坦𢢂拯傷蔑𠇮𦢄脿𦊚方𤷍𤷱或𪜀役官私急󰕛沛牢朱󰕛吏𧗱㺧𧱅船㐌𦤾𣷷英喂欺𢝙辰𢷵𢬣𠓨承官耒買典民承衙门巡𦤾󱇙渡迻乌魚亇至顛屎中央願爫兄弟至親蔑茹結爫夫婦至情元兵󰟨鋭當興急打庒平固法除衰凶興外庯𥪝朝破茹刼𧵑㗩𠴕𠓨𦋦㳥泣廢興𥋳沕遁鐘回今古𦗏亘毛沛欺惡獸興行不仁𩛂粓㫭興紅毛欲何欲矣悶牢時爫隔阻閉𥹰恆與分嫌疑󰜋丿俸無情硍󰞺默油𢬣几揑仍㛪沕與𬌓𢚸𣘈𡢼𬙾𧵑𠊚坤與特忌皮舅𡥙定唐通鄰連墻俸𧡊𠬠舂𦼔𡑝澟沁杄窗弄掑墻桃午槾碍舂升埃抌𠊛玉舂升准尼願𤤰納言碎𠸫舍𧗱治渃𡢐𫅷仕𫨩󰝡𠇮麻者󰒂㝵底功𠃩𡦂舌崔典󰠲黄巾力士哙浪𠬠𡗶舌固󱙃旬阴阳船𢀲官扒󱫯粮群隻船𡮈供娘戈滝吟咍事世珥朋󱲧咹㕵拯奈俸𧗱公擬拯𠇮𩛂󱲧𦑃䐗乙𨖲特𡎝意羅𣻆溋桂牟淶𣼽錦瀝塘花客熠耀往來官客𦒉耀几蓮礼𫢋𠊛𠓨白師𣈙停󱨋𦑃吒𡥵奸謀䋎毒巧言歇藝局成敗侯󱩄𠃅𩯀焒窮通如󱢚󰟀肝如蒲勾𢪥𨅸𬂙㕸󰯸𦑃渚木󰽱󰠱𠇮体像護法涅𥪞𦝄調㩒蔑丐𥏋侯岌󱲩丕泣奇𦊚務餘仉𦑗停停𠀧𧣳浧浧欺辰𢬱吏欺浧捠𫥨羅丐𦑗绳󱙝固丐𦑗𥷺主翁吀𢬭󰬾𤙭𠃩𬌥爲之沒𫅩牡丹爫朱昆𧊉泣灡𠓨𦋦嫌几醝蒸皮酒色蒸類𪀄鵲鵙󱘾󱳜󱳝所𩙻𤻐𫅸𠇮似殼枯眞如󱗴𩛜𩈘如𤠲𫅷極困㐌末創昆末碎庄群梞𢶢欺碎𫅷稚制茹𫅷制厨縁埃分意停悭麻𫅷及几𫅷𪮏如𠀲吒利斫算渚枼裊平生旦課𦓅吏責命身尼󰠲㐌𠹾𦓅𤆸𥒥箕群别春𦓅𢚴𪳼責𠊛些𣅶稚中窓蓬湄習𫗃毛篆雁搭𢖵𦰟𦰤𢭮盆𥯍瀝習情𠄼𬙞隻棹勤挼捻蔑堆𢃄𥯓𠄼𥯓𬙞習𨁎侶堆矣喂罪之𠊛代𫢩𡗶󱚏湼乱事𩛜少添習典掉勤挼捻蔑堆󰅾𭛣兵扔托𡨺𡃚朱𢧚吝矧圭𠊛𣈜春從且𢷣𫥨習情螉賖賖翎𧊉觥觥󱡀呵爲於󰰍鷂安子眞𧼋󰰍󱗟埃某分自𣈜払󰖁埮𠦳𬌓𢚸报󰰍󰘂廛󰝂󰝂𠳒呐空固󰰍麻󰘰𤞻麻固󰰍𤞻𠖤𨖲𡗶𬲇𠺙花榴覩隊𦑃乘廬秃翥禄公卿牟焒金翹鋪色所勢誇鳯翥訴停伶𪀄坤坤奇自𫅮坤奇徐篭绳梗拱坤請台𬚇𫗃畑𦝄𠻵灰忽砂丹𤒛𪹷庄共些衛𢚸𠰷固𣊿遁翼坡𥵗渃𣴓𤊬󱝵𩵜𡗶冷潭𬈴了𬑉猫柴𡎢正𡧲儒𨅾終觥𠰺句翹扯𠰺曲理京簮𤘋󱖧𥮋玳瑁𨦩㧅琥珀㩡掑金明舅󰿃麻撞户馮蔑祝技急典𦒹𢆥停歇貪嗔買𬚊𢚸牟圓覺𣷭官𣾺越𦑃耑退迻󰑼仍飭𨖲𢭂用丐軸打而旁曳隊刘公子䀡詳頭眉󰬭𩈘𤑟𤉜庒而卞筭劍斫養身辞朝告老爫清戈𠁀𡴯𡗶𩄓䏾旌旗干戈論老城池戰鋒停歇貪嗔買老𢚸牟圓覺爫之老到辱𢚸𠊛沛編󱤱約包饒𡥵󰜩𫨩󰑼𡥵𡛔共丐𠸛󱹘朱怒村社辰由官行政󱹘會同耆役底󰥎代表糖𥽢𥾃𨢇牘𥸠椇簡𥸠𥯌𫼳󱪧𠫾𢶸渃𠊛𫽄嗃拱此沒󱠬㗂𨔈𥩍𪖫拔苗擼󰏷挭迻𡏡連𢫝󱪑󱪔𠊚犯徐𪾋室尼戈𪾋室箕積𥢳愈囂囂𩄲耳耳󰏲牕踈柴𫮋禅定浪󰝂秃󰮂升󱹵󱹶蔑曷𦋦𬮙曷卒鮮𦀚䋦󰠲群別󱪃𡗶󱭥𥠬穭㐌𢧚𥠒㐌噤牟𦓿耚穊割趣翁圭蔑稱爫秀才户袁蔑稱爫處士户胡体蔑㝵擬稱羅使者冥司𢀥𠅜典請𪠞𤽗重逵㐱稱罪責襖錦默外襖孤裘顔色如潭式堵所稱等爫𤤰丕台竹床󰑼種強牟石𫢋孛𥒥種柴陀󰑼浸榖吟𥡗沛時𥡗𣃣𪽣𣿃𫽄輸伴田挭𠫾些捻𪽣些旦欺𢧚𥡗辰些擼𧗱𡽫渃群稽准有情妬埃蕯𣷭𢲣稽爫营基底𫁅𨉓󰑼貪唒拫䋦慘坤𢣧脉愁状元𧗱細大提傳軍排席卢皮祭𫁅𥢉庫𧵑渃少之吀朱賑貸吏依例常𡦂春𥢆󰣑直𣌆朝𥪝民󰋇仉特朋碎占治𥢆命沒詔𡎢脇民𧵑積苔庫吳興折󰭼闭除𡨺台朽木枯涅穆𪡔庄爫𣈜𠫾穭渚𢺺𥢬𤞺盒惰穉妾拯咍㐱沈鬪跡󰀑󱓇洳穢枯𥗏收饒穭禿積遺底仃穭梧󰑼姑豆苓󰅹台廊笘冬󰜕固尼𢄂舘固排𠊚些特𬁒捹𡲫捹𫃚秩𬁒捹𥟉捹梧榖𤾓𥞖穭意羅󱙻終星士柴貝柴科𭁈令𣳮空世俗常情󰜋科淨水󰜋梗楊枝固𣅶秉鬚𣘾父老拱欺𨖲󰘚樣文紳世間保浪秃筭升些拯𥙩𠄼斗秃覩涅達𠇮於蒸塲名利秃務秃占駭群𡗉抌被秃擉被𥺊役𫢫北几𩯀鬚󰅹埃北𠁂秃頭爫之翁撼爫之𠀲秃頭秃頭空𩯀撼𠓨󰠳捽𦀊辰𢜝動棱凸洡凹𥨋梞庄求曲考窮撟瓢路沛𣏺堯呆逆蔑丐𪀄卒務春𫅫拯窮鉄鉋鉋瑟突𪡔蒌空䔲突󰑼蒌沫亇固腥臊意亇裴私房蓬礼突包庄堪命共元将敵饒㐌衝時突㐌󱚢時𦋦梅占抛抛牟點玉樁誇突突志凌霜突突乾旗旄突突橛󱏹𦟐粉珠淶突庄枯冲𣘾固突𧋆顛𭛣渃𫔬萬𦋦飭担當弁箕促堵突爭挭分𠄩軍獄𩧍𨕭空麻𪠞𪮴空汰汰盎繁花空摸空沛空钱空摸俸空吏化㧅煩㧅󱳮柅床空𦀻花󰡎帳錦連空院疎空𦂾盘繞戈林彦劫穷庄債𠅜经孛沛尼𠹽噔別𡃎󱋔穷埃庚針沛究神机冲𢚸太子闭除滛𦋦鏡匣丐𦎛固穹楛穹穹穹𦝄政茹紂燶如炪雖時燶如炪㕠吒媄窒𧵆嗔白查典祠傘圓卞合𠅜窒客𧗱易遣凝宮𩈘𠊚於彊添窒䋦愁雙塘生理𣈜強窒𣌋𬋱最󱇹𡽫溇𧯄窒埃埃甕𩚵瓢渃蹺隊主湯伯冷󰟨窒㐱坤船橋船象㐌敦旦𧵆𥧎𬔑𥧎𥒥廠茄𥨨𣦆仍謳私最固神明穭䄧夢梁抏穭糁𦹳秋創朗𤎒爌味香𦹳秋𣱿伩頭𡽫暈月隻弗坡𦠳𡶀𦲿秋𠖤改蔑𠇮蒸𥪞𰿘托計蔑𣈜𫀅朋𠀧秋歲奇典巴迈苔調時庄可称浪孤哀尊號称󰑼徵王設官分聀所郎𭛣爫斫之呐㗶令󰅹禁𠫾拯才󰠳称聀先生時童沛吘朱𫨩祸󰑼玉意鐄尼称庒𤍊𦝄𣋚𪱬辰特穭秥𡥵𬌥𦓿秥丐鎌割𦹵心誠炪𠬠埬秥𤐜𠖤𤊃𤈡𠁙𩡋𫴺󰅹𤐜𨖲𦤾盡天曹玉皇判𠳨𠀲󰅹炪秥圖𤍇咹㘨坦鐣𡬷仔細𣋀𤋹秘󱨀𣒣堆些如穭㫵󱪓𬙾緣辰𥙩貪𢀭爫之清精粓󰺔窖󰝡移移免朱㑏湼𥪸𠫾移皮咹於仃欺鬼神忍𧡊愚公須舍𠳨𣑶𠱋坤透㭲𢯦坤移埃𢯦𫽄轉埃搈𫽄移移移花𦬑卒和鮮黄柿核柿青移仲𠵌渃𬑉𣻆苔𤤰共珠淚王移𠄩行𫥨𢬣扲焒焠𡗶畧蘭芻䏾𢭸𠳒𦝄𢠩花朗𧍝移曲吟英宗秩𤽶𠖿移𫡉唐及段汝谐主星期尼穭買秱秱底朱穭固秱秱閉𣇞些仕者功朱𠊚𥙩錢摱几摡税𣘃衝耒買跙𧗱擬宜󰅹埃󰑼拯禁垠税拯固垠𭛣拯固宜簸箕󰑼稍单𣈙踈踈𬗂䅒𩙌東嫩󱮗𠓨埬𬓰𠼯尸𫥨朱𪇍奴擂核𬓰稠羅楛稠止威灵稟稟秋霜𫔬𠁀祚跬茹鐄𥹰賒納幣稟所妥巾合用𦄾連倍分古𬁷𪻟明遣稟所懒床威儀󰳯杖福𧵑終𪰛祸𧵑終稔𪰛祸塊福𧗱共洡渃蹽𡽫𣦆苦曾𠨪侯隨緣麻稔合稔稔𪠞店󰉺亏於准茹官啫昆啫𡞕蔑欺蹺𤤰稔稔𦋦𠫾受刑象菌羅稔㺔到到丕蒸尋瓢稔箴箴丕蒸求咹㕵神王𦣰𥵾朗𦖑之之𦖑𧡊㗂𠊛使哰都咹都於態凣搙𢴚油爫𢧚𥵾棟樑咹辰咹於辰於𥪸辰𥪸𠫾辰𠫾蹎𫏝󱪞汫汫埃咹弄孛󱲑泟戈歇工花蓮意𨕭𦓡𥪸󱪙𠁑辰沛蹺隻船胞影吝芻垃𡌿口吃羅呐立滝󱧪𦝄辣󰬮𬁖疎羕󰅹立廟蜍於𨕭𣷷滝信腰𣅘𣌋蔑情立爫太子底停台󱠢拯𪟽冲坦清󰡛蓝山𡗶㐌立茹户黎外扃打頽立南立𦊚共盃爫艮盖屋立茹謹令立蛰邊江𬙞糁茹立細㐌庄咍准細侯𠫾吏渚別塘𪠞𤤰恨渚立𠳨嘆付𫽝廷尉判官堆囬庄咍立立㐌𦊚󰁰課意固汫立娄𣈜底庄屯立主恒𣦍免勤陵波船䋥且制立冷店㝵仍满立呈共󰛐北舞珥珥某埋羣傾立語窖世每朝簀󱘀床𡽫渃𨻫𫂮念自在香畑坤透󰟯如來𠰺耒埃乃檜頭浪𠳐勸誘自𡢐𫂮𢚸󱹝𪀄黄鳥箕渚杜蒸𣘃橷𤠄㐌󰁯杜烝󱹐边墻𣈜烝㐌歆丕𠓨少蒸𦫼𩂏𬲇囉空蒸𥶄拖湄𫯳碎𠫾制㐌固𥶄隊𥶃𥵛䇴拉蒙𥶂鄧業茹嫌󰮃主饋渚和固埃兑保几蹺浪眉所𥶂𦷾朋意丕𦊚𠄼𠦳𠅜𤽗子編拯咍𥶂歇卞𣦆𥶂事茹𬏓𣈜麻𡘮國師跡𪧘群𥶂沉香座寶因爲𤤰攽詔䉭𡥵㹥哭𥪸哭𡎢媄喂𠫾𢄂摸碎銅󱗿醜虎𥙩󰐢𦓡𩂏𥙩𥵛𦓡提𥙩斗𦓡𢫝吟咍事世珥朋𬖅𬖅雉爫簾𩂏車默𫺲朝拯恪神僊添𬖅󰝡𦑃簾簷箔𥱫藲𥷓雖蓮覩拯染湓顛雙󱎾𩂟易籠月󱙼浪蘇浪柳没場籠縱時意滝𤁘𣎞𤁕𰿘㗂籟調永悲𣉹特𩵜𫺴籚特𠊚辰𫽄待除𦥃埃隊𥷺𣹕𨢇攔𢬣𢝙唭掩襖急𧽈卞准𬮌數𥸁蔑祝占包索哿󰞯共朋𥸁恒𥪞席制共及饒吒𬂙󱪞拱沙湥𢣃媄𦖑耒拱𢬭𢚸初蔑發春戈蔑發𬖉堆𪀄鵲蒸雙雙堆𪀄鶉蒸𫁞𫁞𦊚馭駟默矛麻𪠞𫁞𫁞𫁞夫車駕旦典灵東林寺𫁞𡾵天子𢀦氣隂陽波濤㳥哿𫁞令招洡翁傳拉轎蹺侯立亭劍󱈘馭𡢐𦋦從棟宇𫁞排年梁平科𥩯碑㐌𥙩勅封鑿連𥒥𡶀𥩯高扢𡗶渚竜節玉渚𢯦机禅竜冬󰋇會岋𡹡󰋇番隊畨𠹳𧹟唭紅玉竜淶動香濃拿淶花霂𢚸埃󰖽𤽸𥯒站自然蔑草庵油𢚸𪠞北勉𧗱南僧爫丙童拱𬓐菓𣛦𨇜𥪝𤽸外𩇢浄土羅𢚸𥪝瀝渚群疑𠳨典西方梂𤽸抛抛𠄩板接渃𥪝了了没𣳔通詩人哴固󰠳欣女朱客嗔爫沒幅端戲󱹢連輦𨀈𧵆細尼欺𢞂󱪨𠺙󰬒堆拱𢞂半行咹仍󱗱橰𫯳𡥵固別機牟尼庒簞󱗭固󱗫𦓡𫽄固橰爫牢朱𧺃媒饒辰爫𨉞㧅被磾俞韜顛艚空補秩𪤄河󰟯𡽫笠󱗤󰟯茹支為如艚蘿𬔷㭉󰀒茄荄󰘂𣘈紫𡴯盧踈󱗢塘𥒥撑夷頓賁𦼔竿高𤾓𡱩体𥴙竹圍觥𢷆𥙩𬏓㯲𦰤枯油払押竹奈枚尋尼汫𣴓体㝵紅顔翁絲扃窘買奇者恩湄沐填󰒂竹枚𠄩払呈信排衝據蹺𭛣竹尋𣳔故人答浪冲数死生𫯝它竹定埃仃鄧󰠲糞羅󰵁穭𬗂𦹳實名香稻味𦹳菟清好極腰粓󱪮𣎃𠄼粓󱪰𣎃𨒒㛪如塊󱝡𠁑滝英如㹥𩛜𥪸𥊛𨕭坡𥽌𥽵𦹵竾篩𥬩䉤竾鄧𥸷責𠊛君子𢜗推園花千里𫽄󰐀𥯋𥯋帝𫁷低拱𫂗連帝固𠬠錢低拱󰮏𨑮固粓辰萬𠊛侯固笓固油辰萬𠊛挑所㝵柴意𥙩符招𦷾𠀧姑隊𥺊𨖲㕑󰅹鈽刀𢲨檜𧵑𤽗󰝂些符法底耒救世藩󰑼笤毛籬󰑼笤疎篱笆藩笤𢴑𢬣蹺笠𩄲迻妾𥆾𫭧𡶀艮魚餒茄強弹強笛強迷強挗𢴑調強犀再𢚸楊后自𦖑別情所郎𢂎傘懺笙衮袍懺笙礼物限𣈜𡞕𫯳󱤐戒𡽫柴尋𨖲爫佳𠀧𬙞買笙才󰅹麻𪧚󰜋𠇮特𠱋黄嵩轎㐌旦𡢐𠊛撟𩯀仉扛頭笘觥𠃅𦹵𬔽󰈠待𠄩𡬷侯悶𫃸和㐌𦖑㗂懸鈴馭侯典𬮌丕卞拯乙答把泊鐄嗔答恩󰮙󰒂𠸗蚤答茹眉蔑盎飭丕底丐筐箕边塘哿𠳒忠挑𦛌奸臣𢬄𦖻假𦖡浽筋不平廬公𦖑呐光藏眜𥊠𥉮眭󰘚床尙筋命恆刁等𤊰味香体㝵刀等󰜋皮花󰁇畧𬑉月𠲖盎眉朋尼它折昌泊共𠬛等等上士證實麻年等英䧺戢𥪞代飭咍捽𡶀係𥪞𡶀景物可𢧚吟詠意庄羅拯捤𪖫筆𤄮劄𫽄貪𪽣奇𬇚連貪𧗱丐筆丐研英徒𣎃𣈜率率平筅旬皮𨒒計娘卞生𦋦公浪丹桂𠄩梗榜鐄𥮋泊㐌停名𪲍㤇饒扑摆𥳄𬕌恄饒𥮊玉𥃑鐄𠤆尸谷𥭛𢞂𦖑𦰤𠺙笛邊墻礙𠻵𧍝歌彈𠁑𥭛󱗷湿𤈛䏾南山藩䉒籬莤高辰𢫝󰜋𥭑佳穭湿辰吏𢫝𠄩𥭑崇桔槹𥭑蕯句𣈜列節店洪仍拜係𣍊節耒辰吏節󰜋𢆥󰜋節中秋𦥃碎沕悁翁𫽄㦖嘲旬皮節典秋埋𡗶清𣷭永霜冷溪冲邊𩯀󰁰分𠺥仍霜沛條咹𡂳於𠱾琴堂𣈜𣎃從容筅𣦍󰑼節渃冲󰑼𢚸綿󱝯󱋓買節空湯𡥵字空𥋳󰻃節滅種𠊚固𨤰瀝𥑥撑剛塘埃別󰑼埃船元斫奴㐌移简𦋦伶俐皿𥚇午𪡔智惠坤窖筭當每皮碎嗔待𬙞𣈜女仕筭事󰀎筭饒爫事逆天別信蚤典朱鳶𠽄情𨅸𠸫𠓀𩈘竜顔𢚸󱳮役渃󰅹筭典棋𢖖吏𤽗姑籠筭使撰衛邊西𤓢𩵜於󰮂丐筩𡎥筩坤皮拮筩乱南別󰋇𨑮吝民如䇺餅扑寅麻咹篙工羅真󱗨囷羅󱗧秃筏󱗦文臺武臺󰑼檜󰼀眉󰅹仉󰅹咍𥯏買頭󰅹台廊𥯎冬移固尼𢄂舘固如𠊚些𪪳老行𥯎保𡥵浪劍没𬂻𢀭𠽔󰋇具吀堆勾対底節蜍𪪳𦀿𨕭辰𥙩𤿦󰮉𠫾濫𥯍𢞂𥄭吏﨤𥴜𥯋㐌爫怲吏﨤英𨅸塘箫丐𥯊拒揆㵢󱚢冲𥯉魚家朱些蒸丐管󱫮欺縱算𨖲半奇𡗶𤳇𠀧𨑮歳當春𡛔󰬾𨑮歳㐌算𧗱𫅷丐箕丐擢時咍󰠃㐱旦岸箕禍箕實哿徒功瓢𡽫箕㐌沛螉簮箕𥸷𦧘英底分箕滝箕𣷭怒埃陶麻溇𡛔挸𫯳𠮩卒堆辰𥙩停𥪸𡶀怒𥉫𡶀箕𦊚𨑮𢆥女油箕怒解結埃群固惜嵩悲除特𧡊𩈘饒油𢧚箕恪体謳扵𡗶𫗄羡簾台箒括𫗄捲簾台箒抉𦝄掑𬮌矯畑挑䈒箇蒸𣳔渃𬂆󰻿󱞶𤽸排察察𨄹戈𪤄𥰊岧髙蹎𠫾𠰘喝嘵嗷蔑命㛪𠫾㧾糞󰅹𥯰㛪󰠳丐𥯝鄧坦𠨡蠬吏𦬑𫥨蠬曷樁吏𦬑𣘃樁𨤮𥯘怨愁󰬥䋦𥯒排卒𢆥端慶學路羅𤽗毛子編𫼳篋囉几𢄂几學路蒸𫼳篋吏几𢄂意合用專所業𣦍哿所体覺縁自節啫娘㧅瓢掛篋𢌌塘雲遊恒遣翁吟踈客場墨恒恒𫊔蒸篇箕什怒𣎀𣈜練習詩書丰姿整篆言祠寬容雀𪀄纏篆曰體篆𣎞熾牕𤐜熾篆竹熾萌󰜋𠇮仍悴緣𠇮篆香丙湿卷經碍𥆾𡓁鴈炭炭篆鴈踈踈𡥵固吒如茹固箼時𣈗𬙽布拮箼朱𣘾掛堆箻侵侵𫴋卞挭渃󰡎沉麻𨖲塘𨀐󰖁𦝄㧅弓箭挭堆󱗰𠓨園割𦹵耒隣󰑼吀於爫悁笈丐󱗯𡃋𥙩𨢇吏朱㕵醝連查󱚢󱗮吟柴𫳭滝花籃羅𬕨花帝固𠬠钱低拱󰮏𨑮㐱咍蒸𥱱𥪞庵𦹵撅坦炪香讀經楞嚴𬏓𠞺景物𥱱𥱱𠖤焒𧍈因排廊𥱱通計户𠸜𪀄坤踭𦋕貝𥱰𠊛坤踭准汚塗買坤事𰿘𢆥𦼨劄𥱬伶伶㹥𥱨㹥炲陰毛羅篭𡜒篭𪀄𬇚𩵜自爫客碑𣇞㛪㐌固𫯳如𪀄𠓨篭如𩵜哏鈎篭畑甕筆󰌎香幅幀水墨架𦎛𤥭璖默襖錦外篭襖單𥉬𪿄𠓨准花房𬁖扛畑󰸟𩄲篭𤌋香篭牢拯計固埃群𢚸㹯猿女𢙇𦹵花寃家󰋇刼論󱚢生昆鬼恠篭牢制排自𤤰𪩥𧻭恪𢚸冲篭色慾外篭奸邪篭澄埮𫇰倘衝𪫢隊杆吏󰞽憹隊杆吒篭欣巴邁糁𢆥尼朱特体末昆欺群𤯩麻𣈙体㐌折落度鐄篩𪩮󰬎暎鼎當玉括𩙌迻搈𢯏昌爫檜煺篩昌爫粮咹卞篤歇𫊚所攕𥙩瓶鉢𤽸和爫剂蔑祝㕵麻歇𨢇唁𦥃𩛷迎瓢篤窒爫吒媄所篤腰吒媄篤󰜋𢚸積善篤𢧚顔子惜之鐄田蠏姑篤外同㐱𢶒䈫󱙦甕󱙺丕㐱查弓𠓨襊丕庄咍名姓󰑼之󰜋𠇮𫼳䈫麻𠫾傳𫩝語𠳐𠳒𠰺昔寧所𢀨函䈫懺生𥺊钱㦖𢝙𠤆醝耽几士𫅜󱳮䈫䈫通𥿥󱚤畑󱚤𥒥別󰘵徐課𧶭󱗵𤾓执𠦳𫄑吀停固悁敬󱗲末孛昆末庄丿曾崔粟囷󰼄秃𧋟𠺠丐槣娘𡎢𥴗𫂝󱏹因𫗃默欺漂木柵簉枯扃茹防欺奸黨拜戈特󰅹藩簉毛籬簉疎𫚳坤豆簇茄官收特埃固讓埃計𤾓󱚢簇動外𦊚方体𥴙竹圍觥𢷆𥙩𬏓㩒𦰤枯歌掉揲日揲寬𦝄𧷺𡢐梩󰜞彈󱈘𥴘黄菊󰝡朱别󰋇瓶𠸦埃窖結部𥳗朱娘𠴍啂󰜏行停棟椅𢬭𢭂玉晋絲秦户潘時撅户陳時簮雖几𠺙簫𦂾𦆆拱堵默麻𢧚功簩藶𣖙簩固欺丿簡課制棊嗔簡蒸折哿户奴蔑職冷簡虎𪸄蒸祿台𦓿󰡎󱝤詔蒲蓮府簟竹琅玕簟竹長匣丐劄極長固空排達𢧚𠅜指㹯浪馭󱗸排󰮔昂姉𢘽㐌固㛪坤𨍦𫀅蓮如𬕳衛𫏾𫏾𫀅吏如𨙝衛𨍦侈麻𬲇停寅寅援淨時㭲𣘃㐌𬕳梗槯散索堆些如体𡥵蚕拱咹󰜋𦲿拱𦣰󰜋𥵛󰜋𥵛繭羅𠃩𢬧絲𥵚𦂿𤛠𢶒鞍㐌𧡊椿堂旦坭鉑印昆𬏑萌𥵖𡳵鐄論翁鈎蘿𥶄撑椥𥴢𩛜咹蒌𦟐渚咹備簿麻𣩂鈅釵句簾󰘇珠𫗄律簾𤘋霜挑想𠊛𢭗景戲簾𦑗󱪹骨扵外󰑼類󱳚黄泊茹庄固某分𧆄湯擬吏咮𦓡𡃻粓󱪮𣎃𠄼粓󱪮𣎃𨒒固包粓󱪴襖𠫅襖𣈙空默粓𣈙空咹𥻸󰬣粓󱪳咹買茄𤋹𫯳醜𡢼醜仍󱡙𦓡𫅷騅馭󰽖󱫈𦀊𤤰武王󱰏𡾵𡖼󰬾𤤰於蒸坦鎬京緦󰽔欺邱󰑰襖𣅶𫢼𢬭裙麻布羅𬘊𦃮些周公𫄑德𠄩王追尊崇祀顯揚󱘴𣳔衞陽𨖲𫄑業茹绳半絲󰠲󰇾𦇒𬙛爫朱絆旦具員𫅷𤯱烘場文醝聖道客𣳔𤅶月𦇒歌聲𣈜噷咹制歇𥪞朝𦇒役政亂於歆𣌋𦛌蚕𦁀𦇒行絲𠬠命生𦖑𦁀𦇒𤾓朝𢚸𥢅忖式如挑䋦煩張水戲𢱖𦇒渃景似厨纏𢚸似柴丐𦎛人事纏纏媄撞拱𥙩據汝撞𦁂䌩卞𢧚病箕󰠳割錦𬘏紅󰝡韶光吏衛漨暮商漪羅㳥𣼹如瀾錦𬘏裊󰔙麻𫄓時𪂲坤咹公徐𫄓沛奸妄康康只篤没𢚸尋生𧋉𫄕風流󰑼槛𨕭𠁀紅顔打粑仍𠊛才󰡛橰𫅷𫥿色吏𡽫咍󰑼惜課紅顔戾派式粉󱳮殘蕋花𬰢壁边東边西調𥙩粉漣泥札仰𨖲壁粉詩󰠲𣳔鐄𡦂𡦂勒珠行行𩛜辰噡𬚸噡𥸷㐌𩛂粓粃辰傕每塘󱲇肉粘旁強於皿㝵㐌固書縷粘𥪞板勾欄炪炉粘案符𬊽𨢇斟白菊花傳清香㨂函打唒粘封炩炩妾𢜝𠇮妾焒𧵆粘娄㝵共𣷷𪖫翁百户麁布𦃿粗強蘇𠳒粗𠳒俗如螉几算刧吏𠊛𢞃打饒丁佃阮匐汝台𬈋粓吒媄鬪𣈙朱咹𦝄渚朱穭鐄鐄朱英𠫾割朱娘掛粓待葛󱭨鐄吏沛饒畨瀘淥乞嘵座蓮怒𥯉麻咹忮𩛂𥹰𦓿溇卒穭𢀨󰋇刼貪婪閉暫𢧚夫婦闭𥹰解煩仍闭𥹰󰅒𨻫𠴍㖇𠴍㖇算仍事扲掑統他鵉另𧗱臺𢭗窓𨻫艮魚𢚸平康𢭗挪闭𥹰𥙩𫯳朱當𬌓𫯳補功粧点𦟐紅𪘵󱰃𡏧𢫝𬮙斛質菭𦑃󰅹𠖤旦午排𫏾粧𨷑瞻臺鏡𣻆𣳔渃矇吏樓粧隔盎𩄲獵犬㹥粦逐屯別尼𤞺𤝞吏坤八猫反烏弋弋色年粦潭槐葉排行畧粦禄庄群貪免特蔑時㪰蔑時粥𠇍𠁀𩛄𮇟固𩩪𠇍𠁀姨𤴪固傷𡥵𫯳糟粕𥺕𥽎紇𥺑饘羅𥺊特猛辰𥺊暴辰錢𡗋錢𡗉𥺊󰑼仙𨕭𠁀𥹸磋𥽇𥻡群隻船𡮈拱娘戈滝󰑼𥺻𡽫台撑鐄時年號紹平𢆥次𠄩𣎃糁𣈜丁巳歳皮𠄩糁群唐疎𤵶𠄩𠃅𪔠摐停𠺥湥糁𣉹鐘打沛𦣰𨂗青米杲糁味尼強𦹳青米杲糁味尼儉𦹳𥖩底帝欺󱣙䕯欺也糁𦓡傷林彦門糁舌多昌筋調珊索襖仃蔑糁𩚵𠄩𩛷噥噎𪪳𪪳精芸技昂搊󱚢貝帖𬞕亭󰅹輸𠊛兠麻吏固𠊛精魔𠄩𡥵精󱚢庫咹滥石生𡎢𢭮曲弹浪責𠊛負泊情性精冲如𩛄󱪷𤀓𩻐𥻢埃喂𢫕鉢粓𣹓𥻠𦹳𠬠曷𧃵𨐮󱯞分酸飯羅粓𥻙𫫷如粓󰐯󰞺𧆄湯擬吏咮麻𡃻紇𥼖穭𥼕㛪羅𡥵𡛔𨖅城眾些制准尼餘糝𰿘𢆥𣷭南㐌𠀧吝𫅫𡏧丕㐌拯埃糝󰝡勢乙拯󰀑吀𡗶朱奇𩙌南朱𥼱碎沚朱𫩖碎𫫜廩𢉽爭𥺊糧𠄼𨑮兆𧯶𡎢𠹾𣩂决固畨劇烈󰜋󱪻𥽌𤽸𥽌粗糠羅𥽇𡎥𥽄坤皮拮𥽄󰐯󱫇𡶀南固𣘃樛木𦼜𦿄󱫛恰𦷾牢可󱫚料所技麻宛亘爫𣟮丕台𡛔辰𦂾錦繞花欺𠓨更𦀻欺𫥨繞𬗰𤤰共太子和堆共𦣰衝󱫙托尼边㙴𥶇茹埃󱲈茹意𤿦伮顛麻󱫐濫襖辰𬙼𡀫㗂𨨲㗂苝外𦖻遁绳遁󱫍𢩽𠄩緣𠊚功名󰫥䋘𫅷屡造化冬庐𥙩制𢞂𥉫𡥵蝒𥿁絲蝒箕𢩾整𠋥徐待埃𥿥赤绳之底𥿁蹎󱫊嫧佳人󰠱塊愁仍𠊛眜俗別庒󰠲𥙩丐錦黄𫃚底中匣𫏾𨍦𨕭󰡎𫃚𡆫螺城瓶荼󱌡㙁質招𥈶𥈺頭隊𦈽焒車列分索青豆紇杜撑离故朋紇沐工阮古󱙼𣈜婆靈妃𥙩纀香羅紫繪󰁰紇明珠餱子󰑼年紇粓𫆧紆𠃩曲淚沙𠄩行暎渃花印蔑朶紅白滕泖沚渃紅如㮠魂花彷拂𦟐紅𰛻汀𠦳琰塘紅眞碍𨀈修朱𠧆刼倍紅㐱黄曷吝青如果紅柿餅羅紅艚船𡮉群掉拯肯杜小鱉螮𨳒約垠斉󱖮卞遣𨙝𫥨𠖰茹边東𢪀宜約姅𣈜吏遣󰝡𠓨盧換骨約飛升約之𧵆襘𡬷𡬼英𠫾渡育約󱧓滝𨱽𨕭命𢵩渃約𩆍霜沙雪塢𦛌蚕𤉗燉𤤰上帝𠸦眉朱𥙩昆𤳇𨔍添歳𤯩𠄩紀滇滇船杜頭𡹡柳察察䊷披𨆝淎花𠫾兜麻𫽄𦀺𦃮𦤾欺奇渃摱䊷埃朱蔑茹冲户外碎注𥿠吒䊷底亇埃咹𪟂吒丐数花桃󰣞𫥨耒吏𥾾󱚢如𨔈𥿗兜麻𥾾昂𡗶𧆄兜拧特仍𠊛𣼽泸祭停固曰文麻讀帳停用䌝𥾾爫之式𡽫引引香初淡節悶康康檜駭𥾽𫅷強跬𧁹強𥾽停󱳮闷𡞕𠤆煩闷𡥵鞋花群𥾽琰青雲梭迻幻境魂如夢鎖𥾛塵寰刧有生絺絡紦荄持桅索固饒紙咍边列𫳭旁世真繒移午簾篭月蔑鉤索𫅷披拂𠃅霜𡥵疎𣒣𣷱𡲤當扶持索皮𠄩糁𦟐紅當撑拯虎身𫅷歲索虚庫巾曳悅某庐居和因歳索㐌󰬥朱尙承郡制𨅹𢱖埋𪬪𠺙末𫶸炪昌泊珊索工圭渃㝵車列分索𦛌胣昌舌呂涅珊索自意天下紛紜󰅹茹拯動󰅹民拯乱恄𠁀五覇紛紜戲繩咍㝵扲礼紙都練扃𣳔𣳔轉𨋤棘花正正紙繚苔園歲皮典哿𢧚調腰紙筆停針拯呐眉撑侯戢痗娘窓紗占包侯吝𧵑󰬥納叛招亡蔑𡗶𩄲合𦊚方英䧺固𪰛咹默渚󱳮算昆𫥨納𫴋䏾𦝄𥊘𥈺𫀅固沛庄朱詳穭秥納於頭坡係𦖑㗂𩆐󰘉旗麻𨖲戈藤縣縣尼小邑府梧州匝納如𣻆滝弄弄渃溟溟練練掉戈納納命󰠵𫀅󰧙代帝王納和辨󰒂𢮪唐喃哪眉沛納命朱蟒蛇王咹𦧘几士𫅜𠰷納納更迡納納𫽄𦣰點󰬾渚𥃱點𠄼㐌𡎢掌紋羅紋盤𢬣𤽗潤之乙所𥙩朝之麻紊紊羕意氷控𠄩󰘂無𪞷𫃡徎係怨齐丐𩯀恩齊𥿥絲寅寅把吏浪吀結𥿗車𦀊昉澄如󰡫料眉𢪀牢𥿕自然𦫼蔑間即𪰛車駕發行假調𤞓絆𫀅情人間如𠁂󰅹𬲢昆伮𥙩濫絆󰮉𢬣蹎伮拱折八𠫾渚𥙩事󱬷香麻絆𢚸丕𨤰󰠳群噉絆𢚸列旦英更候𣈔󰅒仍英絆礼斋插𢯢󰅹𦎛󰅹𥿗󰅹針󰅹埃群底之添絆縫𡹞采石𠄩絆移棹塘𨍦𨳰𫏾絆皮親情眷屬伴𤿤英㛪琴本少絃舍弹酉控無生曲欺托𣈜𬧻吏夢蒸𢚸終荄華亭亭哿終貞停咍𣎃論別它年終福𧵑終𪰛禍𧵑終𪟂吒丐刧𥙩𫯳終𩵜箕𫽄特音󰠐𢚸英核鐄𦲿𣳔終挄繞紗絁窖迭年紡絲絁縍論先曳林𪹷爌踈踈俸竹𩂏乘凉亭永朗朋絁𥪞固𠄩㝵默襖撑隊帽絁紹𬌥撒尿細帶襖細凶凶課默催秩𧡊三雲暎鳯庭尼尼罕㐌細清明朋禀𤎒累朗清閒些舍安隊分隔滝𢧚沛累船仍如塘連埃固累埃鬪於府紫麻羣󱓇緣凡𫢧󰜏如曷𩄎沙曷𠓨閣紫曷𫥨𪽣𦓿頭㐌殘𩂏𤓢拯𠓨避塵﨤𣅶清台演音𠱊󱫋󰉏唎喃哪娘户武貝𬗔丕傷𢧚𤷍遣𬗔於蒸𥪞園銀杏王觀󰑼𫳘𫃤𣳔儒家𠅎钱𠫾渡吏沛𢹣𦀊石生纀公主󱚢𦀊底李通捁𨖲匪所昆𡛔蒸𬖉朋𣘃松𦀊蘿𦀊勃爫餅没𥿺冗拷如𢬧行𪘵架槈秩連襊檑盧黃脱塊𥿺寃𢫕頭蹺𠎪百官𠓨跪絶𩂟核屈䏾𠊚𪿒銀𠄼𨀈支𨑮賖󰝂業李自意絶沁坤懞𦬑𣟃坤啉木䒹楼西月擱𩄲籠䏾隘北鴈𨖅𣷭絶潙󱭔𧋂𡎥哭絲絲蝒㗒󰑼蝒𡮠𠫾塘󰅹󰋇𠁀絲蝒特如絲蟳乙絲月老車𦀊赤绳悲除俸𫥨𢚸汜統底身尼𩯀夢絲萌麻量聖多端急貝俸𫥨𢚸統𢩽為󰠲統渚󰑼大圓箕曳絬𤁕絬遣𢚸𥒥𨫊𢧚孱𢧚漂給朱軍𠄼𤾓遣分打府天長給𥙩礼物爫碎称神八品𢆥𠸗凭具給三場科怒𡦂𡗶朱𢃊結仍几燒󱉎主𡗶尋扒每尼傷所𦾢𧅕󰊧湼率㝵民拉𦱊結𦰤寅寅𢀦吏,Nom
vi-du-tu-dien-dan-giai-nf.no.txt,制共𠀲曳𢧚排曳拯朋技尋堆𫅜吏結緣買𠊚些分𬙾緣𢛨買結伴供饒籺霜結𨕭梗如珠梭鐄𥿠𫽘烣殘絏𢒎𠫾買魔𢹇襖絏𤍊𤉜絏𤽸墨󱰃營生遁女𥏋毛秃庫󱸋𧋶錢楼󰞺䋘繅絲󰑼䋘和苔和連碎它別𡢼英耒󱫏󱫏𩯀󱈘𫥨𠊛𫨩悭箋誓共草󰜋章百官會合跪奏𢜠台𦊚𣷭󰯃收蔑茹𥘷五陵招賞錦𬗗頭蹺隊䐗停𪪳老行𥯎保𡥵浪劍没𬂻𢀭𠽔󰋇具吀堆勾対底節蜍𪪳𦀿𥙩𦀊𪤻𦀾所頭𥙩錐焒㨂所眞𪀄鷹𩛜𠝺所嶷𧋻蝮毒哏所䏾綢繆𦀾𦂾固常󰑒𦀼固常盛衰𦀼絏𫃶󰬾代𦀼業𬈋柴皮󰬾繼𦄌𦀼創𨢟𠚢更𠄩𦂾𦀻更𠀧𠫾𦣰傷払分泊扵𫢫拱為月老𦀺䋱䋦紅𤾓次税税之拱扢捽秩寅如撻𥿗𦀺𦀚󱏹号沃蓬綱干䋥縆𦀚亇散𦊚边娘户阮𠸜羅琰蒸㛪𡛔户𦀚行边外𤽗陳渴眞丕𢀭爫󰑓狭爫单送塟朱安魂魄媄店讀經貝葉羣𧽈㗂縈樑加持計㐌𠀧冬𠇍經𣷭釋蔑𢚸讀收碎󰅒等賤門庭圭務態渃𦀻綆事常縁絻繭絸㕸名䋦䋦小姐仍𣈜道聖朋絲䋦矣𨱽蔑䋦愁貞恒𪹚丕噲𧽈幔撩䋥襀拱撩熊魚坤劎沛饞慵綿線羅𥿥󰵦弹綿𡭉󰵦軍連失次乱行干䋥𬗥𦀚亇散𦊚边山君𨄾吏󰜋邊哏𦀊𢲫𫃫摃𬨠𪞷塘䏾翁迭仍𬄹銅壼𫗄𦁼囂乞𨕭頭墻𪿙網𦁹𦁣緦𬁖移𢪱対䏾楊𤋵油蛮鍾固号鍾綿撞鍾永永凍連巴回綿保朱特咍称浪滔信󰑼綿𣘃欺鵶吝綽𪀄𧗱盃柴丘陀羅燒翁修定綽衛茹婆夫人蒸衛茹𫯳𤾓具車綽𦷾𤽗忠彦𠻵所吏倍𪠞債躡綽接金串羅綴紇鐄㝵𥪞船𥙩𦀊麻綴秩悶冰𠇮𩧍𪠞𠊚辰𫽄當丸𨨲襖古綡綡眞吏𤈜𤈜花鐄迻𩙍屯屯傘綠張𩄲從且丕𢭾從丕󱫕𢃄𢷀𫴋丕󱫕香羅油𢯰台丐鞋絩钱𥾾󱫕襊晡晡𭛣官添󰑚皮皮几意渚𧗱几恪吏郎𫃷𢂎弗厥𩂏包朝班泊黄珠宝𫃵钱饒世黑絹𫃵顛疎絹𫃵疎榾𦂿馭塘𦂽𦁼尼埃單𦂼逸緘俸仍店清月擱簾𦂛賖𪿄䏾㐌畑𣅘󰘌樓法茹拯𢯢󰟀𦂛嬏英𫳵女󰝡衛後宫時牢奴𤯩意縁拠之太子𫀅𧡊動𢚸造縁𫏾𪽝絲紅孕𢧚群縁挸仍󰜩絲歇縁翁老拱撝爫𫯳輕綃緹花侱眾妾欺𥄭𡗋卞練典󱬷斈耒𫥨練習文章格󰅹󰟯𨁪書香默𢚸召咍瓮比𠺙練欽亏呐唭練練妙常練練䜹排浽碎碎白𥛉柴柴傷𥛉耒練練奏𨕭祝句萬歳𤼸𨖲九重俸謗鳥世爲練意群瓢練𥙩之爲感情瓢練閉饒霜種苜飾蒸祭耒仕囉練練梅生緬緬𨀈󱚢姅𢜠姅𢜝別包饒情𠤆群𥾽緬和𥹰决學道牟發足超方𧡊𠊛色𬙾眜󱳼麻𥪝緦想動𢚸奸私群緣挸亇𪮙羮夫婦道常拯特渚𫃸宗和沛蔑堆欺㨂𦄇襖古𦄇𦄇𦝄𦼜𦿄繚𦄄𦷾恨拯特扛絲丕麻𦄄撟鞍馭衛傷辰𦃿禿朱撝呫吒翁𦃿茄𢬣𢱖󰠳𫽄𢱖𢱖𬆄𠓨𦛊形容拯特𦃾羅點粧固几圭於塗山荆门𬙞縣吒昆𮎦雄𨀈𠓨𬮌縣󰀩徵底公子直𦖑澄没尼䌫𦀊縎󰬢和岸縍縍㖫香桂糝幅熙熙英式春邏台乾造窖縈運㐌典玄英節小春𠰉𡂒埃別意𫅫縈𥪞𦀊小𦲿恰園縈橘𣦛𬏓𠦳琰昂𢀨仙跡𧵆𧵆渃𡽫縈繘饒分有情系󱪾芳花揖伴故知懺生網𰫲丕𬀦連𦋦蒸求緣𦄵絲補㝵意嫁朱埃𫯳𠊛袄錦󰮂香默𠊛𠴹總𧋉咳払喂咳払喂妾𤊰縁払固世傕壬囂縸病阻衛趙佗吏遣使𠫾嗔和𡞕𫯳𡗉󰝡黄縷𪠞謝柴法雲侯𡗶𢚸乙㐌仃斫縱別󰋇斫横計𫔬悭縱𡗋事𡛔𤳇𫽄仍吏󰂇身埃𠳒𫯳㐱世間𡎝𫵈𩄴𥐆縮詰油遣吏衛戾𡑝柳園花拯吏如顔色課𫏾𥪝𫔸禹𠀧層𩵜𧿆茄刘平網󱫁迎昂堆些如體𡥵螉𡥵󱫀𡥵繘𡥵𥪝𡥵外爫妓固傘固󱪿固香案悇𤤰固鐘厨念佛英如󱪿紫傘鐄㛪如𥯋𥴜積󰜏行補悁織羅滅𫄄𦃿𡱩单𠄩𡬷朋姅𡱩刼底𢵋𦃿𫄄󰒵𫄄𡦂𤵺近𫷜數𫄂𫥨曹浪堛意才名因縁㐌結𥿗𫄁低󰠲𥙩仁爫丐𦅰丐𦀊𥙩義爫丐木丐盾󰜋𡑝淋吉也苔𦎛矑渃水梅𤷍𦄾𩩪石壁𩄲篭窒秀清江流𧍰繞添奇異紅素繞色堵連白素繞壮式印移移繞花𧺃繞花𤽸固沔噲翠花洋𡗶繞式玉春粧牟紅咹催猫𢫙㹥繚渚兮涓退𦋦𠓨砲非固句联対繚𪞷楊徐𥋺𧡊𢚸它生疑典蔑准墻壁縈繘殿茹嚴瀋𫥨扒𥙩𦓡繓奴吏󰝂呈󰜏䀡󰜏𠰺爫牢克終添󰑬唎姦國瑱默沛㗂冤舌𨉟官高󰅹典羕𠊛𬏝𬲇娘些些娘𬲇姅除𦇒𫄊淶𫄈󰝡命耨細景永岸箕篤志修行紙𦆙𥿠把繲𬗢香論屏𦎛𩃳篭鞗羅繮馭󰜋𥵛蠶羅𤾓𥵛繭简定𢜠𧡊𠄩𠊛󰟯埃繪辣󰟯埃󰭑栣𢲨𢲨芣苢𠃣浪𥙩襖繪𦷾玻璃𨷈坎式藍喑時意固繩𥘷𥪞村歳皮󰁰𦊚󰁰𠄻隻繩󰑼捲子捁孤教牛固号域𤞨域𬌥合绳刀枯庫绳鎌技𬷤殼鋸𧤁移𦖻繩𦀊線󱫆固娘默襖𫄎𡨧騎𧍰點黄𪽝边北吏丕𠃣浪𥙩襖纀𦷾絲𤽸爫𦀊纀𦷾𬌥𤙭纀榾𥋳悶㖇香󰁇倘倘味迻𦝄𠄻詠詠𡮍諸缺暈󰅒𧡊廟傘圓缺蔑員判事坤𥙩埃料銓朱從且油些外世届𫃵羅𦃿𫃚中代貴人貴物每㝵全奴倍傍𥪞屢客命改幅巾羅㛪𫢩特及羅枚嗔爫師友隊𣈗𠳨查𠇍𢆥爫󱤅沕羅輸沾𠅎虅沾務𠅎務拯平筭朱及時𫏾安家室𨍦𬀦罷兵浪子羅𡥵罷罷𢚸爲曰擼北爫南油油𦹵󱢔花残󱚗󰭋󱫞各𪜕黄盆台𧡊英㛪𬙛㗶風流石公爫𬙛部倍鐄必左𡗶高𣷭𢌌包󰑼役夷麻𫽄沛󰑼役些芮󰪀林󰑼彦等度持朱𥘑󰑼枚䁀󰅹尼碎󰑼夭鋪嚕槎那󰑼昆吒㐌末尼󰑼末每昆時爫丕浪牢󰑼特恩󰪀盎那局行樂世󰅹朱沛法拯戈󰑼󱫡眜買庵𦖻吏固槐花羶俸綠式春蔑點惱𢚸饒傷喂𬮙𨤮長城車吹󰅹透𭁈𬙽信唏𡗶朱吻性䝨𬙽習耒性買𠚢情怏怏𦧘昌𤈜𪜕蹺銅𤐜悲𦎬潔如衝阿魏﨤仙翁变化朱碎𢧚𣉹化𫥨𠊛𫅠󱫥㐌湼鈽些吏󱸎丐銶些建羡味香易動𠊚奇園養誘裊初冬羡𩈘頭梗課𩙍搈庵葉𪀄呌花侈動易󰟯吏吸干湄最𡗶灵臺瀝蔑󰟯清𤇊𤇊䏾焒󰟯󰟯畑𤍑雙咍𥙩義共爫伴𤽗仲逵雖𫽄疑邏雙群悶驗所實路󰑼𤞺兎都唏共𧍰意類物情縁群󰡫固尼揾語天台蕉夫挴檜𥘀𬛕群群呵拯悶𪠞󰉹羣店𢪀吏辰戒庒羣沛縁香焒共饒車𫅕路𢴑𦲿橷買󱚢𢚸些拯羅𦎛𦎛姥𩄴離鸞琴𢭮曲別鶴𠀧𢆥耒𭛣𩯀䘮美苗拯变𦎛鐄𡮍分𫩉㝵爫𦎛朱𠇮𤐝咹時羮𩵜渚枯刊几責几求㝵嗔㝵改𬮌朋羮㵢群緣挸个𢮪羮固福𥙩特𡞕𫅷𣽤𫔳𣽤茄吏𤮿粓羮坦𬙼𢲣𣘃𣓆𫑃北南停事戰争民特安苓茹特𢪀宜﨤𠬠仙翁变相朱形容窒𫅠𭛣兵埃几罕𫢩仍𫽝囚落底𣈙扵空妾庒𤵺如𠊛蘇婦󰬷功𧯶㐌罕灰麻皮李通𫥨迍石生爫𫥨部罕灰仔細悲𦖑罕於朝中仍󰛈妬呐戈𦖑此甎甓󰑼丸壉辣𡏦𦊛皮𢆥尼歲㐌外𦊛𨑮恒礼頭𢆥𣎃𦊛夢糝合所𤳇𡛔󰜏𫅷㐌𫤯𨑮𦊛𡎦󰮂𫔳𬃈𢭮書𥙩𫯳𪠞制泣𦊚𣷭固飾哿神通水線𦊚朗移移俠子昆罢咍悲咍吝罢蘭劎咹清清罢泊吝吝埮撑連遣󰝡𪠞𪟂共炪罢󰞿㛪茹箕欺群𥘷固涅凛實如罢𡗶麻𫳭庄夭制恶罢因意吏於𣌋最念經蔑皮正直罢𢚸清核罢共用甘抛罢占城囯倍常𬁷牢魚鱗瑰罢插排固𣘃梅𠖿𣡚所𣡚羣𬙞分𢧚署𢧚柴為固𭓇蒸意𪻟排署木户陶先羅嗣亮歇罪五逆朱朋這珊𤽗韓生𥙩拯固罪之麻沛𠝺𠇮𬈋𠇮𠹾埃卢抪𢬣受罪納朱縣堂碎㐌援拱空他底爫罪𠊛些󰡫尼固𡥵罪𤯨庒固𡥵罪𣨰𥖩𢴘𣖖者文章經史󰒍通恪常眞𢬣𠇮󱫣𠊚些頭𬌥𬰠馭筅𪜀夜叉体軍𬉵袄牟黄扲旗四季𢫝𦍛泣尼課特司倘鳩弄渚侯年𦍛㝵召苦𦍛󰀎買生特身尼美鍾殘景率踈將軍擬𢭄孟美䐗可𥙩𠅜呐吘󰂇昆若它瘖美慈買停嫁朱吏戾世常美枚令愛昆𡛔美皃邁分海棠花𫃵式披美皃󰬾𢆥耒𭛣𩯀䘮嘆𠺘𫺫𢘾灵𠸗󰒂它結󰒂情渚匪情朋徵折檜羝泖沚律歇怛𠊛麻無礼恪夷弹羝󰝡昭隊方蹺𣳔麻𢲨𦷾𧵑𠬠銅功𠬠𥘀務夏𣈜𨱽𦓡務冬𣈜󱳻昆㹯丐𣁔𣁔丐𪀄𤽸󱹞󱹞𨢇唁摸吏麻󰎓朱払杏元𦋦歇茹外󱗛肝心息𠇍𠳒云云󱤠最直侯小童𡮤一俸󰠳没㗂天雷失驚魚愕如𠊛症癲𢙇𡥵󰝂嫁𫯳賒󱙹󰑼秩𤻼𡢐󰑼秩𡥵冲茹柴伵呐󰠐杜釋奴爫𫼿𡓇𤻭蚤痒𤻭痒疴𤻭𤵶𩵜𤻫󰬲𨱽𣈘𣈜念佛道牟如空别󱤞回頭羅癡𫨩噷之眉布𨆏𠫾𨻫羣𬏽𤻻隊催窖󰠲渃沚瓢㵢項哬𤻻𤻳𠫾𩟡𤻳𠫾釋迦佛祖能見性𡎢雪山枯肯𤷍癯太平󰁰斫𪿒𤼸白寃産疏即時𤼸𨕭箕如户許户隋渃𤼸默渃民離默民粓咹𫽄特朱𩈘愁󱩃󱩃矯群辱殼𬏻𠊛衝披𢞂𧗱秋痗𬏻𧗱秋𫅷或化步没𨉓𫅷或𤴬𪽳决情庄傷泣南北䀡情𤾓户埃󰑼空𤶑󱩏劍鮮𦥃茹𧡊媄󱼗󰵼𨉟𤴬病敗𢬣蹎列𣈙仍𠊚㾔㾀𪽮𤹒𫽄於大慈辰扵武崖󰊄𢯦帳玉雪󰍹案硯𤾓𢆥碑𥒥拱󰍹𠦳𢆥碑𠰘吻群渚渚𡽫󰍹仍󰒂𫽄󰍹呵𫽄𫅫派派仍麻𢚸𠰷󱸡到悶特𢧚孛發𢚸出家秃收吏發救方民󰠃碧桃㐌𠇍發󰝡花倢倢和團炵𤒘鳯囂囂󰋇發海唏𦄆隔𩈘渃鼎當󰋇發厨箕鍾搌羣󰞴丕𢧚沛𡨺󰭼𬌥𥒥󰠳磋産𡶀𨱽沛庒俗號城𤾰黄巢挼󰪀𦍛󰀎盃朱年皚典昆哿年皚來𪵯皮庄討蔑命癸礼精晨登連瘢𤴭伴𤿤几滥沛𤴬𤵊埃呐朱特弄吒沛𤴬疸悲除󰑼体󰅹為女嗔停蠡𥙩𤴬或派瘖𤴬苦𮥷𣎃𠀧𤴬𧖱𣎃𦒹𤴬𦝄女欺㾹𤴪苦𢚸虚昆𡲤吏損功娘𣈙媄𤴪吏性强溪乞㛪象添窒墨堯訛分仃之监呌冤暴慢立法倍分曳𬏝丐𫅷𨅃󰫿㐌蹺𬆄几它󰬷特恩𡗶恩拯汝把󰑼𠊛愚𬏝茹石室唒𤁕綸𤵖鉄名将軍停𬮙刼群𦹳澜秋水𤵖春山紙𤍶𤵖悴硯滛󱧗傷瘟病疫廊𨕭社󰡎少夷𡥵󰜩𡚢㤇󰇏辰払吏𩛂𠱋欺𪽹㽻別𢘾𢚁埃疹羅𢧚𤵴娘浪𤵩𤵺别󰠲生浪弹𢭮𦖻𬌥𠽋唭𡛔𫯳𢩽庒症奴辰疾箕𠊛些症󰅹疾意𡞕昆𤽗黎遇𦣰病侯蒸拯別文王染病󰮃宮闭迡奴群當被病𤴬𦣰𥪝箕㝵些体蔑𪀄惡欺意庄群拜女吏㳥篭共庄固咹帝之𤷍痀麻𬚸奴年如󰌎丕疾饒󰔃別味君臣意怪𠰚𤯨每𠊛每𢝘𣩂每𠊛每疾楊浪嗔拱終𢝙爫之𤴪㾉如𠊚仍仍粓咹拯特𤷍㾆𠊚㐌吏恨昆󰟁情咹𡗋拱歇𠰘唁呐𥹰辰歇調坤化㾄京都拱固𠊛㾄蛮夷拱固英徒状元仍𠊛㾔㾀𪽮𤹒朝寂寞㐌𤷍𦎛兎𨤔萧騷吏󱩋花畑吏添瘘𬏩四肢闷𠫾遶妬麻𠫾牢耒傕唭𦵚吏𤶑眉柳唒浪埃拱𤶑眉淶珠浪英最吏𣌋𠫾𤹘𤶑𩅹𪹷妾時於空碎󰅹𢚸固四知𤯩𧗱涅𤵺苦𧗱性𣦍坤藝賭博羅坤𤵺𤵺准文章意𤵺坤仍牟𩄲碧共痕𡶀撑襜印俸雪𩄲篭痕𧄈𠇮芒疾病痍痍埃奏役之𦣰語判𦋦悶朱病意鄧痊沛尋柴法渚專󱙊㝵㾑𬑉㾑𠰘𤷖㾑癮胗𬏱𡮈外𤿦惡阻弹婆瘖𤶻𬰢𪖫𤷍𤶹麻吏潤精神媄𦓅𩄴㧴梗𣘛防欺焠𩈘𤶸頭忌埃戦不可敗如痢及尼死地別才丈夫時埋𡗶共𠵌牢如痢𦷫花菓供養婁𢆥庄痗󰬾𠁀𬙞户茹芌瘋羅𤹾󰵼癩羅𤹾㾔𡶀𤷱𣷭𣴓恨意坤嵬󰜩餒𡢼𤯰𤷍𤷱𡛔餒𫯳瘖𨉞𧷺𥖩磋主妑㐌固彷䝨𦖑𧋻神係𧡊𠱾𤷙昆隊遁揚埃眷旦欺奇𬲂別𣘃𠡚𥎁功兜麻󰆵𠊛仍添𤷍主󱙟打𨢇痺痺𣩂𫴋阴府劍夷𤤰吳󰋇發痷󰠐羕霹靂󱨾痴䏧𧋉麻𫃚𫧾仙𧵑摸秩钱麻庒特咹菓𣘛消痰𫦵旭沲醝生津止渴課尼庄戈𡗶𰞃𫳵𦓡沕襖󱖮想浪瘖跩化𫥨空奴如𤞻𩛜扒乾拯泥㹥㾵拯筭𤞼󱨝癰󰎃局󰎃𤹙頭𤹙𤻤𩵜𫽄咹𫜈𩵜𤹕想崔𢟐㤕𦲿肝𤹓𤴬󱙃曲如𢭻如𢴍月娥染病瘖𤸼󰮂𨉟𤾓惨㐌󱳮吏愁獅子昆瘦人靣子果瘦媄𦓅𩃳㧴梗橷防欺焠𩈘㾿頭忌埃𣈘戈買噲羅𣈘𦛌㾶如㙁胣𣟮如荼病瘺女遣准㳥渃𬮙琰氣瘴霧𠄩親𠀧𠁀𬙞户茄芌󰅹𡽫𫽄𡋿󰅹神𫽄󱩁威𡗶没𥚇四方󱩁肝黨佞稽𩩫𠎪邪𠹾辱繩󱩀欣𠹾𢢇英㛪埃󱗚別󰇏𠁀拱沛倍鐄之㐌𬏽𨖲仙牒香欺絩痗渃𪾺技𤄮𪽸痒羅𤺶呼癆豆蘿武癀昆𧊉𧊉邑𣘃𤷍𤶹丐蟡蟡𤻐󱩅󱦷咀󱤦庒聀朝󱦏𢆥嗔𠡚膠山𠬠𢈱責姑行󱩔於𫥨𠄩𢚸節春分如󰑼𪀄󱳗節夏至如󰑼渃㳥㝵假曳𤽗所茹𤽗意病急嗔恩斟酌昆𤽗𤏬昆𤽗𥊚𡗶󱚣外坦如󱭥𫧾󱚣𢚸黄膜𦧘󰺞没𣈜没我𩄴桑𤿦瑁懺𩈘𩯀霜點頭󱹹㐌𥹰𣈜艚𤿤拱固虚捏扵妬空便󰅒皮𨕭𪾆蒸時亨泰爫蒸主民物銶鑿丐独皮皮魯󱖮於欲皮庄益約皮把恩明主卞呌翁舘吲浪可筭攕󱙯徒咹朱皮包匭皮包謹封可𨋤神女可皮恒娥𢀭默分庫埃皮度清閑倚一二厨󰞺扒孛顛茌小彭䏾𥺊師皮䏧蒌哏碎律𫽄𠲖除沛欺呂𨀈盧皮細低皮𦒹󰁰餘糁𫡦秋埃可皮意𪬫付默𬲇春撴𢱜󱢵𩚩撰𥃛𤿤檜昂𣳔汝戈滝江蒸𨱽丕拯可𣳔𤿤丕主翁吀𢬭𠬠𤿤楛󱕨𠊛些𤿤怒𤿤尼保饒打𤿰所㗂榮店時炪𦹵共𫃸𣈜時𢶢𤿰共𦖑迎昂網󱦈馭紅旗𠖤𩄓坦𤿰𢫝󰠓𡗶𠄩边辰𡶀𡧲辰滝固沛低羅鐱𤿰空呵浪𫽄沛連蒸𣯡󱡒𠊛𠱋呵浪𫽄沛󱢴蒸𢚸胣𠊛𠱋革履󰑼𨆡𪾉搓城固皷店𣈗負功天下困台饒吝󱩕𠫾㐌𡏧隔塵󱩕庄𡮶䏧艚含螠固白紅碧巴味種饒月白暈青𤐝每祖禅河淶浪官𢖵馭白𫕰吏𢖵𣘃𥛉𫢋𥛉祖白𥛉師具帝鐄低拱銅󱰼的尼靈應拯摸糊庒唒之的名市㗳󰑼碎弩囊台的當𡥵藝拔刀秀的仍唭荆軻亇的撑厘便欺執整皐中抉外遣蒸湼𣦍𠓹汰汰待𤽸丕喂軍吳秩𤽶𧼌𣦍定卞秩𤽶𠇮𣈙操𦋦魄𤽶爫𤾓𠦳斫朱特別信昆於󰠲由𦖑󱫟丐吲𠻀安𢚸𠹾領󱤰𢥈事󱙀寇𫽅盗𬐾蔑𣈜合賓客爫蒸盎制打泊𬐸况之共󱩜分𣘈粉𨻫𢆥𢆥直分房空𤽗馬亮曰蒸盤𪮏加𠓨𬮌數合𥙩𠚥勁盤𦛌遣𢚸貪渚𧽈黄嵩𧺃𩈘焠肝不盛令俸󰮃盤秩𢝙仁󰬥為𢲣坦福代代昆𡥙盛欣初仍勢焒羣盛燻燶可𤲼㐌𢧚盛𧵑盛𠊛蔑化𦋦𨒒𨒒化𦋦𤾓盎眉箕蒸𤽸丕𠇮𦣰盎𦹵麻羣冷霂淡襖麻侯㲸盎公名𤾓塘𢶿也盎騷壇𥙩爫蒸欣價主碎蔑盎𡆫團封功交坦底傳𡥙昆盎那𢚸实酉咍羅盎𢴿喝咍羅盎打旗绳󰅹𪾋混翁低眉固㩡𫥨低𪾋𠳨貴人𠊛於兜𬺗低救妾𤽗於󰠳𦓡沛奴扒𪾋如丕㕵渃平盂固号安盂化年𠬛湥泖特沚包工皿昆󰻛󰀎甘竹凣皿噲浪核枚𦣰𦖑㗂𪔠𪔠更󰬾𣃣職占包矗醒𫥨眉𬙾辰眉沛𢥈𦣰𣈘𡗋几睈󰻃約𬇚漢字𫽄别漢西字𫽄别西國語拱󰻃滅催時衛𠫾𦓿午𪽗渚𥅞底麻󱩪命牢𪽗𦣰𥄭𫽄動底麻󱩪命僞西𥌹𥊘𩈘外鄭森𥪝吏差𠊛求封昆𬑉𥋲𥋵䀡矑𥊚浪盈東西埃朱蓮悶𠬠盆埃朱𣔥橘𤯭盆榴㰀涅泥盆顛宁泑沙匠㐱實署盆双离昆宜信爫丕時盆凜𩵜盆𩵜洡舂升𠊛盆𠊛別待滕拱埃盃博󰋇胡𣋀泊閉汝𬂙𧗱漢仍縁之柴隐麻𥈶蔑欺𧡊公藴時湿紙麻盃󰅹埃易固𢚸眞實於世信之𠰘待盃埃咍准圭𠊚盃蔑姉蔑㛪𠀲於𫅷意浪盃娘所遣丐蜆盃盃曳消瓶盃号󰑼灰瓶白匙窖達号浪時盃㝵󰅹𤴬昆末麻𫀅末𡗶固益之庄盘海兔𪮏為光脚板燒隊北北盘真󰣑温经史最盘文章娘𧗱典准楼春貝鶯盘泊佳人󰋇𠊛坤咹盖𢘽咹渃侈𧡊𠄩昆𡛔𥘷挷盒𡮈粧黃𢬣仙㨢盞𨢇桃庄𠶖辰惜𠶖𠓨辰醝若㐱𬐩皮道德姅間󰆐貴女天宮盧換骨約飛升丹神買服坡𥒥盧趨拯齊渃沚𥒥盧趨踈笱碎立咍边󰑼盧江山撩󰠱繓疎𦝄清𫗃沫乘盧興濃咍󰠳定分由天𥒥沕𥾽肝拱嵗月渃群󱩭𩈘𠇍桑滄𥄭𥌈𥉫𥌈買𫨩山水有情𦹵花󱩢𫗄燕󰞿迻𠊛奴𫫵饒𠫾㧾𧵑𡗶沛欺𡗶𪿀𧵑𡗶喂捁鋸捁橘咹𠃣咹饒𦣰󰠳𪿀帝奴𥙩𠅎鋸󱩡蠻溪盤事伏波𥉲昆𬑉𥉲濯城𨫊󱩯振丕高可𬏓󰁰丈呐耒騎馭𠫾毛揚慈󰮘󰮎油油󱩮珠昆𤳇絆莂咹󱩮拯衝庄沛吳庄沛些没命直蓬空体󱉎主支秋共蔑團仍聖男朝直預於边右箕粓咹怒𠊛𡎥皮耒朕俸𥃱𠫾𤎎󱧿眜𢴋𢴋𫽄𥃱聀槐𬃻矜𥶄塸矜𧖱沚旦󰠲𧋆矛旦帝𢆥丙戌軍矛麻哿𧽈折害󰝂打𠄩󰁰餘𰿘昌𥐒𪻟直式麻排泣歇羣臣󰀎埃尋𡱩𥘷中直体命婦𨅸󰮂講唐棖禅定𤞻𦣰直𣡚時斎猿辱󰁂碎歇𣦍朝直主昆恒討敬蜍吒端门秩󰘂掑杄軍𧗱𡨺𫃚直連𣋚𪰹䙊󱦎𦡟蟡䀡拱𤗖簮掑𩯀燕𥄯强鮮覬覦𥄮𥅡𠸦埃㨄𥒥才穿鑿昆𬑉矑𥊚𥄭賖𫡉塘渴𥄭暫擬󰡎𣘃丹楓𠄼更辰𥄭𥙩𠀧𠄩更𥋳𥉮役茄爫咹魂蝴蝶𥄫𥌬𠄼𪔠兎𡶀太山髙位位渃魯所𥄡𫀅意順𰿘民烝𥄡鳩忙苦看匐辱忍折合台昆𡥙眉碌碌丕行客󰑼𪪳咹眉盃制𡽫渃戈𣈜養身咹眉祿𡞕虎𤽗世󰑼固尚楊邁林夷昆眉胡達初箕占城眉某歆遙𢚸墨客其埋𣈜𣎃𧵑詩人工𢬣扲丐玺符典遣眉摸嗔爫媄昆另命花月范房庒特忌命浪卒洫眉吀曲𡧲仍𧖱穷眉果朱眉亇眉号沃魴赬瞻椽眉旁庄㵢睫毛篭眉門楣眉󰁮壙髙門栓杄󰁮凍包秩世繁󰡛蔑段醒眉美鍾殘景卒踈𡬷𥢆𥢆仍𢠩恾𫳘思題󰡎𫳘相𣈜𣈜𦝄𦓿䏧恥相虞句論事數乙𨎠論事理麻󰏙相𬰢拯朋󰏙相𢚸術仕𫀅相断量浪悲浪払𫔳儉茹卿侶堆呵儉琴冷迻緣蔑祝𠵽哺時特輸連分蔑祝𥅘咀麻群𡘮連技𥅈眰如柴𧴤拱聖𠫾兜拯𥙩斈儔欺𠊛些杜𥉈󱩦麻𥉰𦊚边󱢛打如湄𤋵𤋾𩩪佞𣦍𥄻眜奸碎年咍年巴課󱢇咍多眠泖沚𫲼昆亏真真棱𥿕蔑間𦫼了眞南園獨樂𥱱𦫼於坦南陽塘名利丙村眞𬮌權險旭碍村眞特趣清閑揾養身道德盃台免𧁷巾權门准意𠰳村眞群筭𧴤鶴䀡朱買停𠄩𬑉操𬑑翁𫽄𫥨翁绳𫽄𫥨绳講經讀偈𬏓𣎃𬑑通󰬾天黄石𬑑通功名𠄩𡦂院共和𠄩番兵𥈵斍𥈵𥆃没團昆些𢀲㖂埃𥆂特些油特共饒甘𢚸𥆂𪾺𤽗程𥆁昆𪾺𠃣󰏙實㝵𡨧欣代㐱傷𢚸眾饒荄䔲歇辰𧗱滕𢝙眾伴𦓡掑茄𢄂晚最𣈗𫥨󱚢默眾縱横𫽄兮𨤼典眾生󰜋𠳒俸𥊛孱𡶀边賖印𣳔执眰𤗖𦝄招𥉈眰如柴𧴤拱聖蒼髯傘樁訖𡗶眭世梁橛㝵才大夫𥆁眜人情䀩丐鴶󱩨𥆾𥪝固没払巾󱓦味矩襖長渃撑世间𡗋仉𥊚𥇀𣈘七夕𥊚𥇀𣻖𣻖溋漢北梂烏𣋚󱓽澟传𠽋唭仉𥪝𥆾𧵑𠊛外秩釵𦋦情𥆾忍𦋦𢚸㤇親𪀄歌𠰉𡂒𣷮弹䁀當京城矇䀲𡬷𡬼朝𢚸渃拱没󰟯如筅𣎀𣅘仉𬈋𠓨茄爫咱𪾮眜底麻𡘮𬌥𥉫𥇻𥇻𬑉𥇺𦧜摛𥇍𬂙𫥨𠃅三䦕𧡊払年少落𡶨艮󰡣㘇笛竹哰嗃誨𠻵歌𧤁岌睨𥈺𤽗殷貴󱖮從敖睨桧睦󰜏底𥪝杠係埃𠳨𦤾沉香𧵑󰜏几𬂙柴伵几𥈶󰘂茹𣋂𣈕生𨇍𨀈跢邊塘𥈴𧡊簾絁𨕭樓𣃣𨀈𣃣𥈱共饒𣋚󰞴仉待𠊛矇欺󰅹役急吏𥈰𠓇𦝄卒𠄼更𬂙𥈬吝吝睽秋波湎㳥傾城睽𬑉𤗖𦝄隻隻𥉰窓眥𥉯𬑉𠄩更𥋳𥉮𭛣茄爫咹喜童𥉬眜󰟯迻意払𥉫倘倘𥉫𢣇𢣇蝒箕执整𠋥徐待埃𥉫𡗶𥉫坦𥉫𩄲𥉫𩄎𥉫𩙌𥉫𣈗𥉫𣎀𥉫朱蹎𠡚𥒥𥎁𡗶安𣷭𣼽買安𬌓𢚸仰𥉫𥈿𣩂𠫾耒群𥈿𠓨󰠲各𠊚㑏𭛣户沛𢷹㑏䁛朔謹慎餒念尼𠃩曲󱩠䁩𩛂䏾𩛜𡥵󱦆󰂇咍𣷭愛咍泡渚時群𬑦命󱚢爫之日輪󰑼𪾺𡗶蟾輪󰑼𪾺𦝄𥙩英𠫾󱈘朱毫崪𡻋𡶀幽高賖𥊛樣乙囂𧡊丸𣘈𧺀𢣸鐄㩫𢱐𡏧紅𥊚䁾京華旦边墻𥊘眜𠓨𥈺制𣎀𣌉𥊘吏𠯇𠳒𢚸𠊛岩險態𠁀炎涼季犛𥋴𥊘鑊陳决𨖨仉𢄂衛𧵆安孫昏𥉹眊𥉹𥋶枚󰅬卒卒丐鬚𧏵坦兜山水󱨺󰟯󱡬䁩𠵴仍感傷浽𠵴𣅶𥋓吏𥋴牟楊柳時勸払停𠹾爵封㦖𤯨󰝂𪿙撅者𡊰渃𬑉澂瞳昆𬑉䁲懷蒸德翁申公淹順󰬷𣦍󱙶路󰑼𡥵眜𥋽蒸買𢀭責𠊚君子薄情固𦎛麻底边𨉓𫽄𥋸𦎛艚𥋸𤏣𩈘㛪𩈘払𥋷𫀢侈𧡊蔑茹樁升𠊛𡛔󱚢𦋦帝𣈙形容𥋷𧡊拱生𥉫𥋵𥋵𬑉𥄭𥋲𥋵𣈜𥋴𦎛烏底渃𣈘掑略兔𨕭空及欺庵净賞梅𧡊詩鴈呐師𥋳𠸦奇仍調𩈘惮眉𠫆庫𥋳渃碧𡽫𩇢𥋳永𨤔𥋳饒如鉢渃𠫆󰑼欣役𥪝廊沒碎𥋳奇𢝙辰𢝙丕羅𢝙世𢝙世些瞻沕𤁕𪷰媄吒歲作㐌高矇𡥵報答劬劳生成󱩣𬑉悶𬛩𬑉󰎷𥄭𢚸󰎷𦖑𥄭𥌦鏃羅󱩱󱙺小牢𫽄𢪀󱸝𨱽󰝂尼愚眛聘尼才情朱各官陪審安南󱡓󱩲景清󰟯意庄𧗱擬城愁高貭層層没園𣈜󰊄𣎀𦝄矧蜍㭲知吏固号竻根茶趙老餅韶陽排禅子矣群𠲝渴𢬣𢱖𨔈𢬣矣𪖫蔑命咹默歇包饒荄歹爫之闭矣刀塘𠫾渚底柊荄𥗐󱨰埃恳事之年麻庄佇朱卞󰣡拱󱩼林女払世澤所塘𣦍𬆅准󱸍󱨰刊塝如莊𡞕𫯳時拱磮如𣘃株息渃󱩻坡𥔜𥒥㝵惵盃掑簪玉碧𫳵𢚸󰬥餒䔲荄磋運茹土調撝奇奸吝昆金拱瀝空伴拱𡽫渃𦹵𣘃咍󰠳𡗶坦運磋𠇍𠁀𩙍𡶨撑磋𥶄瀝湄𡶀綠儈𦝄欽官大夫㝵君子渚𥙩些爫固磊䏾鵶東𡗶㐌𤎜㗂𪃿傕磊㗂寒砧户王󱙻噲喜童筆硯𢬣磊容儀𡥵茹唐林生固英䧺闭除蔑道軍䧺磊欣𢚸𠊛咹磊於寺󰠱边名利弭皮親唏𫏾東磉磉景侯𣈜𤅶洞林箕拱錦齊蓮房宝所磅𡏦𡔒𧍰忍奴奴強凶興拯𢧚𢬭殼朱尚恪咹㗂確確偷店体尼抄確㐌眉泥更遲畑杏林滛勞確漏更𪔠點𠄼嚴莊𫔸󰡫𡑝權𨎠碑下馬秩䃛馭車爫朱𥖖𦢉姦回麻𠊛沉浽𥪝𠁀𢢆𥢆沙吉礫𥖔客浪空別併𣦍茄箕杜什船尼𥖑散大鹵列𣈙𥖎浽坦朱觧渴産糖𥖎糖配茶烏龍香木清奇浪𨢟磴𠄼𫢩蒌苦戈𫷜生𡥵杜魁元尼䃣節點奴瓢菊香庫秋風月苔戈耨船阻煙霞󰠱尾扦𣋚𫢩碎𢲨特挭桧󰠱𤻻過𡥵𧋆杜󰠱銅斤船情渚没命倅󰠱之𤽗楊湛恒𥙩態驕爫噒審擬𢀦󰠱𬧻爫󱠵㝵𬖉片月准長安時󰠱蒸襖𢶢列朱㝵遠塞󰠱󰞺默油𢬣仉𢭹麻㛪沕𪧚𬌓𢚸𣘈吒天錫咍𪿸特𠦳㝵蒸托拯咍助特蔑昆蒸苦拯貪𤯩𪿸拯𤲼扲扒蟹黃𥗌𧍆礩𫳵空塊備羅󱼓旬論院併它空吹簾疎𫗃𢯰𦝄穿㗂𬷤寬日楳鵑󱳤𨱽㐌成𠸜噲柴徒𬑵吏固分欣住客𢮿𢷏𬑵哏𨱽𥐆𨱽壽命牢低調羅宿報𣈜𣈙丕𢧚樁𠤩糁行𩂏矯傘𩄲𠄼󰬾式撫台幔矯麻几恪挰𢺀如䊷固䉅易麻矯𦀊庫𪰛󰰐矯困咍亨𢚸觥矯滝強矯觥矮侏濕𪿏㙮怛𦷾搌󱹳󱹳鎫盘鉢󱸌溪黎薊些𢶒襖𫥨𠫾遁𠓨昆自途蕩𦊚方晨昏仃𰦫道常爫昆𣑶䕯真㳥絶潙恨縁促𰦫傷𠊚巴潙旂󱢨宝盖傘篭幛幡楊鼓捤󰻛梗楊玉𥺹戦洒𡊨場石冲棟𪰛拱固㗂工工𠊛些𠫾迍𧗱堆身英𠫾𥛭𧗱󱸢󰜋𨉓󱪌守餒󰪀󱪌花殘𫀅玉用震雷󱪋動疾雷󱪋𬞕窮達󱩿咍尼固命伮𠫾辰昆𡛔昆特固堆空欺󰅹𠫾󱪇㝵些調𥙩浪等賢執皮𥪞看朱𥙩爫𦛋胣𣌋𣆐𢚸信𬮙役𫽄𪟽拙󰅹󰜏媄𧡊楳謠𥙩爫𢜝𦓡嘆哭王老斬猫辣𥙒𢚸馭首坐𤽗潤之撰𢷣𥙒典省官試𠄼𣈗翁𥙒細尼張公𦖑呐哉排所𢀨固官提学户竜囬京皮及順𣳔𥙒戈我𬌥𤙭爫󱦌祭神法门符水欣𠊛遣邪爫正遣灾爫祥渃滝汶沚措措㝵𪠞侯󰞬𬒼𬒼軍步軍車𬒼𬒼𠊛渃周調明麻卞亂單哰𥚇如㗂簧鎫𥚇朱离𤽗潘隊時󰏙濫麻拯敢𥚆丕𥚆𠫾𥚆吏蔑傕除𥹰柴買󰘉𠳒呐𦋦𬑉𥚆景象惱尼可伤刀曹支禄頭形𪀄拜稔𪰛禍塊福𧗱共保𤤰牢𫽄𡨺廛信𦖑昆𡛔朱𢧚祸尼歐些𨷑會寔𢝙祸漢固賖吹尋旦午祸𢚸𡗶固厚共庒沒𬒿香𦹳透九天𩄲𧏵𠄼式月層印客才情皮及會靑年局行楽特包饒󰑼𥚥帝𠊚掑窓北囂囂𠖾几篤󰝅禅了了𬈴雖浪𠸟趣盎禅双群勉道聖賢詩書啉𠽍畑杏強愁燒燒鉄鎖耒碎禁繚近滝咹待埃𬈋盤饌苔𥙩據固嬰吏禀嗔衛𨎠青魚亇禀撑為崙命姉㛪胡𥚯󰋇𬂽𠊛𢲛滝𢲛波易𢲛𢚸𠊛群縁挸𩵜𢮪羮歇縁𬄃𥚯荼行拱𫫜先人拯固福侈補昆戊瑰蒸𫢩𦊚𢆥丕英尼吏打𩢬些低寔𤑟爫福沛罪朋某丕所性虎𡨺俸爫官福及時箕神江瀆丕頭鄧謀意㐱吏咍塊禍債縁伴侶傷払善招禍柴僧𭜨氏牟傷𢚸𡥵𥘷䜹癡﨤干禍󰊄灾𠖤不期𤈜城禍𢯦旦欺浽打饒𦣰禍埃爲𢶢𬮌馨外意油群襖𥛭奇𢚸慢答𥙩唏共𠄩𠦳𢆥𥛭凭𥾽坤𢯦𥛭矢𠄼𠀧茄泣堆共饒廛𡨺𬮦河防旬削奪底和禦𫀢𬓛制㐌𣦆沔村野別󰠲󰅹坦󰅹𡗶𠊛𫀢倘倘坦𫀢𣊍𣊍國事共扲家事共𫀢咍𢚸付默彙髙審禮䏾尋尼准永清𤾓官󰝡禮綽孛𠓨旦厨報天俸󰠲体矴𬈋𠊛典𨀈戈矼𥺊連沙𠇮𠓨𦋦𠓨强󰘚呐𫧇𪿒調吀官英空𪿒碎吀尋特𧡊辰傕𥓵𥑂𡐮餒寃𥓅𥑁賖𧵆𥪞茄𠊛質󰜋吝如𢬧盎文𫧇飭業斈研𠖿𢸾𢬣󰡎物𢬣𨕭炟𥑥𦋦𦟐奔𢷆曾調𨢇唁拯𬋩𫮦𥑥炟𥑥𫥨𦝺陶𤒘圖𥑥𫽄洙拱体󰑼棦𫽄𠮾拱体柑𥑥𤒙𣘃𠰺欺𨖲馭𫴋車𥪸𡎢朱暈𠰺𣅶髙樓𬡰𨢇咹呐朱𥑥瀝𥑥生𢪏朱菭襊貪𣈜𨍦梨兵細尼如󱁲弹𧋆如破祖蜂石生破櫃朱太子𫥨破破㟁箕𢫘𠮾吃渃滝苔破破臺買固󰖽𠒦𠒥㺔羅𥒥性慈庄妬常制馨羅𥒥共󰡎㭲核遣㝵𦇒涅𢚸胣𨫊𥒥丕𢧚庒𥒥拱乞頭包𣉹朱𥒥栍𪴉辰唉結義知音貝𨉓𥒥迻添𢭮𡬷煩戰𦝄初㐌󰠱願詫󰠲󰡎𡗶爫𥒥昂藏𩈘思想𩈘𢚸嗷喭𢚸堆埃如𥒥貝刀能𥒂辰色能嘲辰悁隻船𮥷英踸𥓉𥓉英辰扲䋥姑𨉓魄𠀧払歳𥘷本𣳔豪傑摄筆硯蹺役刀弓因欺𥪝盎戦塲玉琨𥒥碔埃詳別朱𥛭矢𠄼𠀧茄泣碓底傳碑𠰘刼󰅹𤷱碑弩強信金薺姜碎拮𪡔橙薺扒礼底和浸争𣈙碎忌柴吏求朱特別信昆碎於󰠲𥪝權麻庒移經敢吀𢌌準𤗖情碎昆碎廛𣦍扶拉主碎䏾孤臣頭扽泊訴念棄婦歲戈撑󱋓斟酒瀆𣈜𣈜𣴓碎抉疎閑准准收碎媄𠬛林南𠬛𦍛漚昆糁迈召𤈠召列庄碍庫看㐱庄兮蔑丿碍慮民閑蒸碌碌揞𦃿對絲㓠椥󰝸䃆頭𩈘容嬌悴柳𢢆梅朝清󰖽丕調䂾萬全𫨩裙𫨩襖𫨩唏𫨩羕𫨩𢩾仍𠊚空𫨩欺󰏙𬂙拯典蜻蜓存存曳堆体蔑󱎣跪𨕭墓媄連𠳨奴眉爫帝之帝浪碎歲󱎣𤵺󱚆󰡎凣𥘑固易埃𠁔共牢朱蔑盎竜雲塵埃𥘑特󱠯巾匪願福𡗶造化羣腰奔𠃣礼󰬥埃几拯傷𤽗侃礼力士撟礼帝轉移庄動礼固卢琴弹蔑㗂民𢀭堵泣隊方𠄼戈𣎃吏計吝𠇍𤾓𠄼礼爫身𤞺猉𫠿󰜋礼吀𨖲求嗣冷共与漚礼庄定礼其列麻其帝短鐮礼海色世課㐱倘鳩渚昆礼於工弄媄盎功名𫀅礼乃尼名教𧡊㗂𠸟鴨󰑼丐越共𣳔𪀄离奪權時㐌拉蒙双离吏𢜝渚衝蔑皮󰮂茄㐌固圖𨔈双离吏悶𧵑𠊚添生林离秩𢃄青雲𨅹𦝄𢯏桂噲春󰘉塘青豆紇杜𣛟离㨶昂參板旁斉如离𡞕𫯳如襖𢭮𣦍𢧚离調旦城离摟准𪻟士王治所意岌󰁇𦲿用梗簮信可信時疑可疑代商聖别求伊尹拯疑撞𫏾㐌於𦷾𤽗潘疑𥪞占包所感𣃣﨤蔑𡊲坦邏初𫢩空埃別翁意噲浪準世界󱮇課𠊚邊西󱮇𨖅坦世界󱮇辰𠊚處意㗌愚訥役茹辰𢣅役注博辰𤯺荼󱮐󰠵過㐌𦒹𢆥瓊揆傷台親漢郭巨󰘇茹沙𬍏蜍母親針𫵀蔑皮安𬐩󰬷固皮瀟灑春色𦊛務𫽄率兜率㝵民拉𦱊結𦰤寅寅𢀦吏扲蒸軍𠄩𠦳䐗苔𥪞率爲𡥵疎率𦥃調輸功旗𩄲法派𤐝󱙼𪤄滝率体率𣵰㐱率率麻𣵰𪠞繁花蔑段醒眉各聖罰命為約泑事意債󱪃𠫾空空󱨥𢴑饒𧗱耒浪呐世辰𣜾𦤾󱨥咳𡎢淹些計朱𦖑㳥湎𡽫撑𣘃𢫝征𥒥搊溋泊渃󰍡玲憲宗爫𣛠󰍡玲驗󰏙星度運行空差瀋朗昆𡛔𫅜鉄葉葉瑟押尼喬日花魚亇瑟洡制边池悶𥙩理利害共保渚遁另麻辱答義些麻拯𫏙理沛理時蚤㓠頭悲双𡗶厄渃朱眉扒蚤𪻟㐱排婆阿蛮𠳨蒸欺意請柴爫牢上皇歳㐌班𫅷󰅹埃垠禁特󰠲𠀲珥几刼𠀲㕰柴𫽺卞襖珥𥶄狹𠓨𡶀黄山拯別所𬧻羕󰅹丕𠀧升󰜋畝税田珥台方之坦几𢄂𤒛𥺊珠𠺙檜桂於兀時欣饒几重問名󰑼礼誨先把𧗱納吉丕連嗔珓視明白兎現𪡔蜀王誠意懇求俸󰠳江使現󱚢金龜鉄鉗琴瑟及𠓨琴𫼲鈽㧺計𠦳冶長功德唉編朱𣈙𢴿船𫤁琰典圭茹柴改𠄩昆𪾺蒸姅除曾剛󱎾麻朋𠦳琰䒹梅湄瑞梗楊𩙍和亭香迢迭󱋓瑁仍醝為󰒂仍𢝙為情爲妯篤道蜍姑䏧瑁𩯀鶴𦊚務如春𡎢瑰𣎃𠓹免𣈜戈函印宁瑰先人拯固福侈補昆戊瑰課特巴倘鳩弄䐗㐱朋瑰泖嬪妃淬𣴓𥗜󱨤󰋇包弓矢󰋇䒹芝蘭漏漏󱯞莰玻瓈卓𥉫景物瓢𡗶𨔍牢易󰝂𤗖󰹙朱朋曷珠過亭㨳𥶄𥊛亭亭包饒󰹙傷𨉟閉饒悶修厨󰭰孛鐄厨箏孛坦於廊少之甕通渃甓爌󰅹排貝玉𤤰碎道奇於𨕭頭𫯲𠻇𢜝遁罪軍𤤰㨂󰀑𣈜兵權爵禄𤤰攽𦃿𫃚計𠦳鐄鉑計𤾓特尼𢭸玉𢭗鐄時催武公虎𢢆掣包𡓮珍空改理󰅹朱戈荼𤬈沛㝵牟卢舍光瓜僕卞例常爲槾者桃𠊛迻瓜意些招瓊尼扱𩕳𪲾沒𤭷漿沒𤮒倚蘭皇后󰇵甍𠢞𢧚丐󱨩邑㘨仍劫扑買安塘生理䐗冘吏青河旦坦相公体仍茹瓦楼紅卒台礪𤏬𤯑耿𤏬𣃣暫權強𫳘瓯鐄敬天𫀅治朝廷󱚢𦋦鉄礮瓮令傳信同同󰅒時瓶沈簮技湄散𩄲捲涓玉食補香醪覩𥺊𠓨𤭶外塵沙漠𪭱清亇溪𠻴偈𪀄棱𦖑經琥珀預荄蔘󰡎坦娄𢆥成珀󱪪𣘃穭稷蒸𢧚󱖮𠫾戈蒂沉󱨯𥪝𢚸如醝𠫾戈帝沉󱨮𥪝𢚸如醝小姑姑哿甚䝨折几㐌頭羅𤽗子嬰拯沛孟蒸㐌甚仍碎𢪀事尼甚𧁷別𠳨埃特𤍊雲蒙户羣於世時傕𠊚仍渃𣳮女𥋳󱤂夷喭吟典畧亭波樑空燕󱨲窓斜蝒扛𬌥󰹛沛由座案準朱󱠾󱤓特󱠾𧵑𠊛𠊛底𠊛󱨳故牢破害朱窮買他史䝨經圣󰋇甫𠰺𫢫急𠫾庒肯呐甫𤑟𤉜朱台奴实凶徒体牢台丕渚甫哙姨甲兵插産自茹衛共趙尉𢹣𦋦隘秦及些病意乙苓鉑錢冲襊産仃包饒囉樣𠃣䊚𤳰𬰢𪖫窒産牀梗鐄蘿玉産疎渃称蔑号𢆥餘𠄩𠦳朗𦖑貞仍盘桓𫏾座𨅸産边盘𡎢涓朱𢧚仍几𣦍䝨眜𥋳𠱄呐吏𬎶爫𫅜𢀭饒𧵑昆拯固山脊𤯩𡶀足臁羅𤯩真鼻根𤯩𪖫足臁𤯩眞𬷤𤯩嗔爫𠁀治某𫢫平吏𢧚𡅳啂𫯳𡥵外和廊戶𥪝󱨉冊畑時蚤容恕養餒执之𡛔寡麻𢙇鎌󱨉悉除人我時𬎷相實金剛吒生媄𤯰固𢚸意󰠲媄喂𡥵𤯰𣋚󰅒𡥵喂媄拱𤯰𣦍𣊾𣉹藝業扲𢬣於買甘悶呐汝撞伯麻甘𢚸𤴬頭淋炭苦辱身尼拱甘婆𫅷呐𤯆𤳽娘仝𤳽𦓿𤳽爫咹𤌍𤍇固調慢欺淚江州滇渚𤳷為埃𨀈塘𣈜没󱨺󰭳小姐𣈜没𤴬𢚸别离𡥵尋媄媄尋𡥵𦹵𣘃蔓漠渃𡽫󱨹𨓡或饒古改曠固林󱱁娘𡗶娄湄害𬏑旣𡛔𠀧𨑮歳㐌算𧗱𫅷𪀄𰙔𠰉𡂒󰋞弹䁀當𠀧魂𬙞𡳺𠾕𠫾網桃張輔特世埃當󰝡兵撟典破散神符变𦋦上捧𤑟𤉜变相随󰡫午昂埃當𤕔媄養誘腰當因用所爫官伯寔使城寔使𬇚寔使󱚎寔使税歇渃㛪吏𥭑崇𢫝𨖲招𥿠檜乃󱖮畑店店拞炪畑冷𦣰拯𢧚職𣈜時支塸於散店時差㝵禀申業陳自意体衰𥛉耒疎歇始終翁𣃣草疏底𢞃𠓨奏卞爫文疏沒封𡄩求天地土公灵神冬夏󰠵㐌初咍蒸意󰠵𥙩蒸詔結竹炪𥙩蒸󰸟𣛿樁式𫯝錦󰠵别包𨕭梗𫚳呐󰡎𬇚𩵜唭󰠵瀾𩯀󰑚挵𨦩𦝄腰咍󰑼𦁀󰑚役茹咍󰑼德泊咍󰑼才疎蒸道𡗶窒公麻拯私蒸䋥𡗶雖疎麻拯律𧗱茹咹粓買荼绳京奴𠳨辰疎空之𢬣扲黄鉞金戈𠇮默襖甲光󰡛㖂羕某甲尼極󰀎罪人鋪戊甲隊課未來謀由𣈜𫏾求婚𢬭灵光弩特干據尼枯考四時󱖮畐餅枯援卞割界分朱蛮城立壘蒂󰑼司明園群樁竹當𠄼畝𡛔𤾓畝𪽣拱㗂𢘾𫯳制春矯𣍊春𠫾丐𫅷崇畜奴辰蹺𡢐畧𡑝排鑊油𪞷油㵢畜畜畑車𪹚𪹚𠀧𢆥鎮守留屯𣈗辰更店𣎀扽役官花堵賴侖𦮲束小兒𣌋𣅘巾󰘚畧頭分𡥵侯𡨺𡥵侯𪾋差󰬷初略意㐌願𦎛箕昆多細唐略弄媄於工渃㝵䟞探衝觥𠄩處意辰𧡊𬏇坦卒𡀫天下𠃝皮𨍦𪽗羅𢧚義󰞿㛪盃些共眉渚信蒸𠅜㝵恪㝵君子蒸𪠞役午𪽗渚沛饑渴𠄩喬𠲖戾納󱚢𤲂花癩瓜羅畬𤝞王瓜羅畬𡬼畬酶咹𣦍𪜀彦番𫪹門番折主番𢢲胣乙󰑼罷兵胂𦧘󰹬為世固󰜩𡛔冷討曠濫功德爫󰜩朱妥志󰜩中塵埃渚累埃尋常廊廟𪽛蜍祖先爫𪽞咹粓𬛩搸蟳咹粓𨅸汝仍𢚸𤳇𡛔丕甚拯咍𡨺󰞺𣦍信丕世事𤳆腰妾悶𤳆時忠孝𬈋頭𡛔時節行羅句𢭂𨉓意蒸士󱓦𣦛𣦆代拯𤲼󱡶奸𤲼官大夫拯敢𪠞蒸𠅜吒媄拱可𤲼丕楓宸󱦦𤤰󱤅園坦𡋥𣃣󰬾𡱩𦹵穭爫㐌泟耒渃󱤅潙𨑮群度󰜋𠄩𫽄貪󱤅奇𬇚連貪為丐筆丐硯英徒𨕭上殿聖像󰋇座󰬯鐄珊瑚琥珀倭漆羅山󰬯日本船固󰬯頭𢚁𢬣柴相𡭉𠳒󰬯𰔐浪志浪才誇𧧯笔花油󰛕𢧚幀𥙩埃麻認湼情朱咍王維固筆𤳰图双台官浪呐拱𬏘𠁀情𥪝㐌丕理外姅𫳵化年殳湥泖特沚包工皿昆󰻛󰀎祭𮁡𥛉奴𠹚𨱽𤵺牢𤵺𫡦𨑮𠁀注圭𥘪𪞷体俸󱏲清边𫯝麸殼補奏祉𪡔片󰀋𣈜春𡎢󰝂勾英斉𠳐詔蓮󱠢荒滛補𭛣葸排拯𫀅固咍敬𦷾盃昆𡛔𥘷侈体昆𡛔𥘷襖撑𠄩㝵㝵󱓍准󰅹離隔𡞕𫯳奴分𥘶󰘂茹奴󰝡𧗱桀特封墳立祠準意遣民奉蜍石龍子丐神吝𠳒聖𠰺句句玉筆神排𡨸𡨸香牢咍肯順隊典忍折󰀎祝𠯇使𪀄撑停祝磊空別姑𪀄祝於󰠲昏真断俸祝昆末連創即時歲糁𠦳碎祝聖君𣼽朗𦓡𦖑奴祝饒祝饒𤾓歳泊頭鬚餞迻𨢇祝󱙉𠀧󱋓奴矩埋名󰑼薯蕷觧热除添祛冷󰘩撞李歆許誓軍吘𥙩𠅜𧽈吏祚茹陳軍調𧿆踤𢚸𤤰𧡊丕極𢜠盤夢説浪意𡗶祚些索軍󰟨𤁕坤當𡗶󰟯渚祚神󰟯渚𠳐㘨祖堵包𠺙吹祖侖似瓢扒亇念包便欺祖腊底防拮󰝂鑿井耕田自在閑祖初𠊛於北方𠁀西漢乱移郎南城盃𪀄鳩典於𦷾犝犠盘𣘈排産𡥵𬌘盧公固意𠹾輸𠄩盘悶沲󰸺𢚸冉隴痗𠼦𪮏𢭮牆固𦹵茨拯可𢭯特丕固㘨粓𬗂固𣜿𩛄蒸固凌𪺛𨢇頭如頭𬌥󱙹䏾固𠄩蹎蹎辰固󱨎如󱨎馭想払𣦆仍皮𤓢弩課渚𠓨厨及哿𤓢𪸯蒲𣘽𤋵𤓢吏𪿥𫽄𠫾𣾼𤅶檬𤅶姻縁𣌋定𧗱茹𣱆梅烏馬昆馭顛󰮅亇恧哿俸毒肝逴嘉王御𣫕𧏵改元关類昌獸󰭨𤠄檜庒清淨渚和煺燉𤔻𢬣㩒奴吏𢜠饒丐事𢀨𠀲辰摸爵𠀲摸官𠳐恩聖律媄𤕔蜍柴學道󱉎柴㐌𤘁𤘂懞歲柴吏𤯨欣翁具柴妾薄命尼𬮌茹緣𤘁𫯳昆恨𪢍𡎥边𠸦𠀲喜童𤘁𦖻標梅庄敢搪箕怒傕𣩂耒注爫苦碎𠄩行朱淚如𤭸渃󱦤固馭顛全固馭黄󱞭因縁時節丕爲固生固死𠸗󰅒恒例惜𤤰和吏惜𠁀󰭻𫅷惨切𡛔󰜩歹敖𦹵薕𦹵葭撑歹歹荄歹爫之闭矣刁󱨵雙桂𬇚清池獴𪀄花𦹵少之路𨔈󱚢共娓些修懷修毀𠰺払殷勤各法𨇜每才鬼怪神驚夜叉𢩮細弹𪪳𠬠段遙遙朋㝵瘖󰪀𣈜𣈜似每列禅板󰑼倚柴外防欺每辱𢪀宜中茹𫏾固頭𨍦固𡳪蛮貊慮每外夷噒𠅜声教可宜邦隊塵塵刹刹如來眾生每𠊛每固花蓮𫅷辰每歲每𪬡艗舟每船固枚昌㺔坎𠓨󱹼弓䏧亇枚󰥎襊󱙻𣘃錦󰭦論花邏𦹳菟買共𠊛漢󰭦𬛕自𣈙𦹵爫禫花爫幔坦爫氊󰘂殿讀偈蔑欺浪丕綽孛𠓨中殿閣水晶典時体殿茹高哿官蹺朝插行殿𧍰閣鳳䀡時󰬥𫢼為󰠲𢧚餒󱦣扛忍油𫔬刼敢捐𤯩爫節義𣨰𢧚福神渃滝󱧪𡲤㳥毳𣳔丕據雷陽扒𡥵侯芳花𤠚𣭃戴帽朝毛固名寬寬歌曲毛毛管絃𠫾尋󰜏拖毛𨖲翁𠲖密箕待㫧号󰑼夜毛樓臺毛日拯固塘可通些卞民耒遁𨕭代几𫅷另𡎝凡𢚸民下姥㤕車𣱬羝更遲店永氣𡗶窒與氣𤍌㐌吏収山岳名邏群傳底國家耗損奴蒸氣奇精实𨒒歇𠀧歇𦊚歇𠄼漏更歇鐘呌數窮氣債𤙭帶群氣裺裺仍𠳒呐𡮈如󱣁𠓨𦛊波濤灡㳥因欺𫔮暇咀嘆󰇾金環𥋴湥灡堆珠渃冲𣳮𫆧瀝灡𡗶坦𡶀󱳀渃焒𩆐𩙌擬盘固象變化庒穷舘浪及六湄󱧌螠𦣰𣷳汫𧡊包饒𫯝浸󰷹亭𧵑𤃠𥘉𥘉固妬群𧵑沉𬁖固麻空萍𤃛霜󰘚坦𤂷潭潭了了溋撑渃似油𤾓𣳢𠦳瀝沚衛朝渃𣁔𣵶成瀝昆鯨鯢𠓨瀝固欺拱𪬡𣘃延延𤐜󱳨󱳨渃瀝瀝𣼽瀘辰拱𫽄𤷱正專拱𫽄山𣘈底停滝溇渃濁瀘瀘㩒樔待渃包𣉹朱冲𣳔渃瀘𣻄𫽄㵢󱠲檜船埃瀘𣼽邊滝𫨩羅船住俚𨔾𫯳碎庒固𬟻󱟖𦥃𠄼𬙞󱮁渃腥󰷺𠶓𠾷勾疎𡳵𪠉唏呵󱋓𤄍興茌雙㶑㶑染疾𤷍勢乙拯𧽈打捧𬼀𪸄劫觸犯廊𢊗雙羣疑所几奸𪸄勿䐗通𠰷𡗋茶𤇨渃𤄲瓢印月枚弄花磋俸隔窓梅麻李槾滓𤄲清𥪝洶湧羅㗂渃𡚡㳥𤄰初𠺥恩楊公㐌𤄮拯𥙩之爫把𮕍援𦝄昂𤂬碧醝灕短箍辣𥡗半希𤲂梂渃沚󰮁𤅜边梂絲柳𩃳朝󰑼他道爫苔伵於朱𣦍𡮨絲毫共𫽄私呵咍爲當時捽蔑󰭿丕台用渃𤎏𢭵󰋃𪀄坤坤奇自󰋃拱𣳔蔑性靈知𩺩𣯡𧤁𤢇形雖拯共𤠲吏吱㹥咹𠹍咹𢃄渃滝󱧪󰬷㳥󱹸𣳔丕主滔自沛𮥷屯媄𫅷浽󱹧釰咹店𣈜比隣󰑼󱧄营半豆𫅜󱧂𨱽𢀲丕台𦹵萧箕曷霂沙侵󱺇𦊚方域域凭安󱼎空㗂鴈隘殘𤌋狼房斎皮𢹍杄霜𦰟畑㳥󱲲𩈘𦎛廣寒待姑三𬙞𠄩𨑮󰜋𫷜𫢩󰜋勾忍𠃩勾冷丐籩丐豆泟󱸈卒𬙽梂包饒楪㛪愁󰋇饒几󰝡昭卞撟補𠓨鑊㵢𠇮󰋇散湼𡗶髙󰋇丈坦𠫅󰋇𡱸𠊚坤於󰋇𠊛愚即𠇮駡浪蒸𠅜神僊爫永往丕餈餅永永餅持廛永庵清㐱實境道人𨒣戯𨕭步渚容蒸車󱓦屏󰡎水渚共蒸險滝𨱽鄧徇吏進兵郎步秩裊塘水秩𣳔滝爫官宰相𢀨腰𤾓侯𠦳下熠𤓛󱚢𦋦㐱𥙩蒸姿質氷玉於边󰯭𤽗逵共眾盗氷命麻𢪀豸悶氷𠇮𩧍𪠞吒媄碎𣌋氷奇耒𨑮𠄻歲𠄩親賖氷分𤵶疎荄䔲󰬥調官太守恒蓮樓氷𪾺󰏙或爲伤出昆氣㲸年瘖舌搙言牟分年㲸澡恪饒台類𣱾𣱾𧡊澄𢋴滝渃湖西𣱾𣱾如𠻁𩯀𩄲怲扯没讓𢯏排色意空空意色姅店冷𣱾漸堂茹𤿤潦𣱼大倉杶哿𭁈添穭苔儉穷昆意旦厨求嗔調特如所悶些𠫾使汁㐌𠄩𢆥泠汀船柏箕花㵢渃沚𰛻汀𠀧沉𬙞浽𠃩𰛻汀牢底潭池待典蔑𢆥𬋱常常固氣毫光店店󱙼曳边江重重粓咹𨀒甕吏群岧江朱𢧚𡗋𣅶汝床唒𫳵時丕㐌甘𠬠皮渃汜潮强檜摆苔渃滝河汜汜沚衛边北滚滚𪤄𣋚𣻆汜渃潮溟濛𡧲𣳔渃汜㳥漼合台昆𡥙眉汜汜丕汜茹漢貝蒸道王時茹漢䐗齊等爫治天下意合汜𨖲蒸道純王寳貝黄泊蒸翥苔汜耨麻𤁕囉外車商汜庯驢民桀塘鵑衛遠庯花油汜雁昔衡陽月󰞽濃兵固兵庄羅事󰋋往所𠅜朋󰟯邏丕欺𣌋欺歆安󰋋𥙩埃堵差遣𢞂𬂙󰘩景他鄕汲󰋈𠖿蒸花芙容尼𬇚𤁘淶蒸梗楊柳欺𬲇西𬇚固坡滝固𣷷𬇚𬇚󰜞㖂排排湄沙油弄𪵯役某甲尼調盃命順𪵯隊肝弄怛𪵯糁七没梗椥𠄼𦒹梗椥誓初𮢶胣掑𢈱傷𠊚君子別代󰅹沛閉饒翁尼沛苔四翁庄伯午𡥵螉𫴼丐𥄮所生丕拯沛時所托丕拯沛命因准高暗𨉠連沛𠄩㝵沛沛丕哿湄滛𩄲𩄲𩙌𩙌𩆪夢車鵉派沛傘𧏵拂披沚𪜀巴斗巴升泖特滝江固渃沚吏󰘚󰅹群𢪀心情共埃朶花𠖿院恪暈桂沙𡧲𡗶仍别咹樁麻唸栢𠰉𣎞麻𠹳𬲇午侯拯沙䋥凡駑駘馭腰沙沙每真特𢚸些悴沙𢚸𠊛清酌𨢇淥底仃沖潙默埃名利𥪝𨦩襜文沕䋥𢃄滝弄繩沕𢯏等㭲𣘃梅䏾碎碎語䏾埃碎疑𣈖碎碎語䏾埃碎疑發潮沐沚渃𫥨生霜沐𤽸𫥨樁沉𢬣𣳮牢和塊撑固種默丕沉仍蘿幼石鼎香殘𤌋水沉㦖咹梅浽槾沉英拱吝憚𠫾尋𧵑咮所汝味香惜𨤔玉沉味蘭永味蕙蒸恨意情狀可量呐𠳒暫毒𤴬如瀆沉樞󱪏𦰟蔞荇沉昭隊方蹺𣳔麻挴𦷾耳鎚呌呌󰑼堆沉曳𨍦𦝄固󰬾突𧋆昆𬑉如𩅀󱳖𦖻如沉侯蒙湼玉沉珠楼高庒𬋩汫溇庒辞掣包𠻀傳知音𤌋香高濕󱋓沉𧀟潙係埃𠳨𨀏沉香𧵑󰜏裊𫀅世事沆何酉雖固學𢲧洳益之经尼沃𪜀经因緣𪜀恩󰪀盎那埃咍谷特買沃羅㐌沃陽和吏午停眞課意固柴流支先沃羅毘尼多𦖑浪蜀固女兒媚珠𥏍沃當𬀦少堆茹蛟豸俸蟾宫𠁀皮及課太平滝溇𩵜𣵰𡘮沁󱙃𣎃拱待𠬠𢆥拱除冲欺幽暗最沁𢝙𢚸陳煚卞吟䜹浪買耒罕𢪀庒差𣋚沁暫遇別埃帝麻刺奴窖捽丐沁兗頭船𣡤𠬠隻扵代沁湄扯𬰅𡨌潙翰江些𧗱些沁𬇚些𠱋冲𠱋濁𬇚茄㐌悁羮餅𤽸密餅羮沁希茄貢舌行胡消押庄特時遣哿喡咍包茹囚仍󰑼最心汿洩麽沼泑汼滝汵𣜾計󱚢󰠲群英滝𣷳秃頭麻𫥨姑󰅹㦖卒汵朱技徐旦𠀧秋買𤋵牟𡗶󱤕𡎢汰篭挹𢷀空汰汰𬌓𢚸󰡰吏戈󱧓芙蓉歇󱧓麻囉園淎淇󰅹羣固敢約󱧓之湄𥒥󱧓󱧓堵趨𠀧浪𡥵穢𪰛𢛨媄吒渤󰴟吏乘醜賖儉之𣳢滂溋𣾺蘿紅俸典之尼浽沉払喂負妾爫之妾如𩚵𣳢拖欺𩛜𢚸󰕛孫沼悶祖先蔑𣳔遣拯打戢宗社茹秦拯滅歇𣳔户茹秦刀焒共𣳔瑟岡娘翠綃囉𪽝𣳔娼兒󰜩絲喂咳󰜩絲寔如󰡫辰英𣳔𦀊底碎𬺗吏添𠄼两鉑𣳔𠴕揚沛法弹󰜏庒時咮㤕淚沙𣳔𣳔主碎鄰哭勿𠇮明人𫀅𧡊魂驚𠖿淶𣈗務𣳇豆𢲣芌𣈗𠀧𣎃𫤯買𡎥麻咹滝泸𠬠带冲銀清台埃𢷀𡏧塵拱𢧚𣼽泸𣩂拱𫥨魔正專𣩂拱𢷰𫥨菭垌一髙辰𡶀傘圓一溇辰泳水仙𫔳鐄󰅒皮𨕭𪾆蒸時享泰爫蒸主民物肉刀刀泰𦧘󱧔泩付陣焒燶笺誓低底記𢚸刼娄勉娘節󱧔價滝志士𫢩油盤泊蒂可恨可惜可𩹪泥長耳󰑼号昆卢庄泥庫辱性於󰪀尼底默老𠫾桧󰝂𧗱老餒矯𫅷奴󰠱泥㝵賢欺囉欺於㐱羕意所泥𠱋㝵樵夫浪些拯沛泥丕󰅹泥固󰅹泥庄勉強求𢃄󰅹泥浪固󰅹泥浪庄亘強尋𦷾春𫽄𥢅埃泣每茄泣官府𤾓𢆥翁府永詳喂強嘆強泣㵣潭懺生净買歛衾朱娘𪡔平泣語對孤㗂毛泣泣如𡗶睹湄棱儒波聖固儉之麻女底紅吟朱𤝞𢪮波劫因縁重尼托共弄媄隘𫡮信息溪岸𫔳䕯泞浽茹蘭栗𩢬苖庄固魯共泛制唱太平歌樁迻𩙋泛琴争暎喂強盃𢭮宮弹𠬠曲泛鴛鴦𡗋𣅶終𦀊白滕泖沚渃紅如󱬯暴慢立法倍分曳𤵶㝵噲堆覔偖爫密咍户胡自𦀼業陳改立制度更新法𣈙𠬠弄宜孛説法呌浪柴法𠲝𠊚世间裊麻谷罪乙㐌空法𭓇吏通蒸意恰𠳨柴固名𢌌尋𪮏咍法𡧲唐此法𫀅埃欣才些傳朱㐌𨇜各法試𫥨低鬦法󰠃些泏㗂鐄高吏濕搈梗玉日𪰛疎恩娘𡦂道端貞泏車埃几𤑟情朱些局昌某泊和󰪀𩚵咹免固油叉泊固沛縁饒辰𧺀吏停𩇢如𦲿泊如𪿙󰞿㛪共𩈘𫽄共𢚸碁泊埃羅於固崇沼沚泑悶宁同平沾沾蜜紫竹竹細耒真沼𧏵梅庄𢯏傷梗玉湯盆沼渃𣳮真𡗶生聖主萬年扱𪮏𫀅治𦊚边順和治特𠄩𨒒𦊚冬歳享計用外󰮏𨒒𢆥𡾵𡗶綏治󱢨梗桂蘭仍為主聖謳𠁀治可計身閑惜歲殘𢜠台渃治民安英聖㛪䝨𦊚𣷭爫碎碎提𠄩字󰘩雷𠳨所斫時浪助風治氣𫾕所襊時仍陳皮附子麋󰑼狔温中益氣利五臟󰬷治虚劳𢚸圭戈妬𩈘油庒𢣧油些襖襀齊床𨇜㨂𨇜給貝廊辰傕外󰘂行宮𦹵𤋵油鄭念故國𪫢麻𤴬理髮止𬨻𪤄河𪽝買及娘𥚆𫀅姿質𠊛𢀨拯𡮺弋弋蒸𦀊𦼛𦿄於蒸𨕭坡滝河𣳮空汰汰繩吳曳沲每凌凌客越侯𬧻𠄼𢆥女𤽗合固役蒸𨀕准𣷭沲滝沱滝󰯴滝洮𠀧𦰟滝意覩𠓨滝𣵴博楊傕㐌傕耒𦹵𩄲漫沫𢢯𢢯𢚸些圍幔沁沫掑連邊滝𫢩罕保𡗶陀沫渼良人些𧵆課𦋦𧗱𦲿潭洌沫霜枚𠮩𠰷𨕭󰳀𠬠𠄽㗂𪀄惜台冲玉𤽸牙女𢙇之底󱧞花戞瓢脾臟𦲿󱧔式鐄闭除𥪝胣怨讐朗𡎢払買𢪀朱󱧔洡㐱隊𬉵奥󱧔速曳爫丙貝掄恳於童貞󱧔仕󰅬代拯𥙩些爫󰜰󱧔麻朱於共枉𠺥蒸吱無據俸芒蒸名拯󱧔󰋇尚𪘵𤽸折和󱧔空𦹵穭爫㐌󱧔耒兑𬖉󱧬󰋏遣蒸斫𥪞帳拯爫歆埋秩𪵸役用乃專管之𨖲𣴜𫴋涼𣴛渃𣴓㳥𣱿濡沁个𤂬別󰝡𢚸󰀎悲𣇞忌埃三皇五帝𠁀𠸗𣳮吝𫢼對別過𠇍𠁀隊番𣳮𣳮曷湄󱗠漕溪𣳮𠦳尋𤂬瀝庄群蔑拙凡大顛㐌托𢧚魔柴𢜠𣳮特詧吒甘𢚸滝瀘渃浊𠊚顛埃𨕭庯偃拱𫺴塘𧗱𤽗方令供養朱民蜍奉蒙恩德流囉庄派吒庄哀豆庄派媄庄哀夭水旋𨷈派引群山山繞𠦳行包眾水派派𫗃𫼲䒹柳抛抛雪點梗梅妬埃𤳰特景消踈份㤌餒客份洳餒命溟溟𣷭洳䐗曾踏𨃴典𠸠朋蹺附𠊛些捥𦝄󱟧𨆝拱洳没𠁀於低洳󱉎慈悲媄昆乙拱固欺吏𧵆𤿤忠㨂凭謀深渚洪兑傷𡮍󰒂主󰜏奴󰑼渤洩唏󰑼外孫玉琨𠻴拯呐牢𢢆𠇮津淬另𠓨𡎢𥪞池清𩵜洡印彙月滝漢蒸𢌌丕拯可洡潭丕状元群唉𣹕洡𥄭𬨠排位吏吹𢚸煩𩅹雪淫洟𩅹潠𤂫𩅹淫洟洟涖渃𤂬箕拱沚典蒸滝淇𫥨塘𧡊梗花洟𠄩𢬣㨢𥙩󱀄𠊚買些𤯰𡥵坤沫𦛊洟洟𤯰𡥵𤵺惨害奇𦛊啓洞𥛉官𨕭𰿘𰿘𢆥御咍碧桃㐌𠇍𦽔󰝡花樁樁竹竹枚枚𣈜𠊛坦孛店𠊛洞仙花群底洞蓝坦𬮌蔑󰟯掑𪩤杄每部官帥店差㝵𠦳餘支州洒疫遣梭𥙩種紅綾暖扇洒𥙩方火𥭼神丹卞急𥙩湯七香洒𠓨娘龍𤽗黄榖芒歆穭洒拜洛茹湄𫅜㐌洒󱪞𮎦灵正氣洋洋,Nom
vi-du-tu-dien-dan-giai-nf.no.txt,天南血食群方𧦈持𢪱𢬣𦣰𢪀机塵湄春洅瀝焒煩咹唁𣇊𠬠𥄭安更𨱽洁𠖤鐄吏𫥨鐄𡶀景泣𦊚皮盃固㳘大河㳘渃𦲿𡽫撑渃碧賖󰋓𤞽箕𫣢怒󰅹𠊛拯𦖑矣𨖅暫住朱𧵆待𣈜揲賊𥊛澄庒󰋓𫳵花箕卒源󰇲丕羅蒸華𣘃唐棣󰘚󰅹群󰇥心情共埃亇𪶊鋭堆󰝡㝵妬埃炪𤈜𬇚䕯底些挭𥒥東潮𧗱𣵴夏方恩澤𣵴潤没州節鉞𠄩吝承宣体官大夫渃許𣵰洡蹺典𢚸些卞𠰷涝浶屡罷撞󱇩團󰬾些拯咍𠭤𢀨渃衛雙些汝渃衛拯涓𠬠𠄩嗔𢚁千萬庒涓鴈篆虚空𫗃偷𠬠𢆥𬑉客𠬠吝𥈶髮生脹满過用庄消尼谷咍債弄肝調涅卞我𦣰蒸𨕭梂板涅庄戒列涅󰯪与共來󱜐弄恨陣尚阮正平蓝山於𦋦仍涅多端害𠊛別穷埃𤏣曲浽󰇥揚𠄩𨤰細𨆢苦𢚸𫯳連𠸕𡢼心情曲浽丐浽法蓬詩書朗畧𢃄巾浽茹田蝦浹同㐌苔𠇮𧍰吏省如初𦋦和浸𠖾󱚢和蓮皚橙荠扒礼底和浸爭歸身蓮肉浸󰝂𠫾𩈘时哉海眞时失䜹𣎃𠀧辰豆㐌𫅷些𠫾些海𧗱茹𤊬枯漏漏畑孛𤎜如蘇香風海海味㖫徧輪月漏漏𩄴𤉒印訴󱈗𪯊惨山河影海𪫓㖫衝錦綉香箕准浰淥滝汾𠇍几功名閑浪蕩墓荒𦹵䱚体埃󰠳多吏浪盈東西冷㳥台浪楹喂浪楹冷𠃝牢碎冷𡗉托𠅜浪哩󰝂功𫳭魂興卞樓踈客𪿒浪林泉埃浪𫅷爫客才棟梁高乙奇用萬事皆空似𦍛浡把人生羅世意如䏾畑如𥒥浡如𩄲浽如占包意埃𠶀板甘𢚸丕喭餒揞弹仍漝浜本些意拉㐌𥹰特𠊛豪傑共饒浘漨湖西𢵋飭浘漨坡配入㳥𫥨𣾺󰜋𠇮埃几別潙溇濃冷㳥台󱇩𫣂喂󱇩𫣂冷𠃣𫳵碎冷𡗉丐󰞺打𣩂丐媟惵𢚸所󰞺那𪾺𪖫浘󰋕𨃴𠫅寬跙㙴蘭𠸍朝仙子制𪶐蓬萊𫋶𨍦體𦷾濫囷𪶏角󰜋油些掌大權機冉暸咍機妙造𪶏牟透特𪶏神通淘湧𪶎𬈼塵世庄朱𣷷某毫旦蒸城离樓𣷷域邊坡丕𣷱㘨𣷱鉢𣷯𥹸󰝡𠇮另扵魯苫几西另𣷮几南另𠇮願朱眾生審讀藏经朱智慧朋𣷭𦊚𣷭調𢜏没主春𣷭湖淶𣼽溟濛,Nom
vi-du-tu-dien-dan-giai-nf.no.txt,冲親旧𡥙外親昆柴愿孛舍美所染日払𢭗彙日匪願𡎢插𨆝𣍗𦝄𠫾󰤣縁𬄃𥚯荼行拱𫫜蒸𠳒每󰞿拱可󱤮丕辞官聀决𠫾尋最󰠱𠳒誓啫貝家人󰂇平固埃最末跪真咍󰑼㝵崙欺𤯩吏庄群最末共庄固疾之𤾓斫尋𪱕𠓹拯咍特旦都吏㨿𠳒娘𫽄差爫𠊚庒別旦都據信蹺媒卒卢朱命咍󰑼恩旦𣈜生麻召苦啻平碎生特昆時碎朱󱉎主𡗶旦󰅬代矯𫢩𣈕吏累旦身諸侯勉德納威賖時進貢𧵆𬀦爫碎𠊚初史劄体埃群清閑案冊矣刁𢃄苧麻󱙻󰑼荄無毒󰭼𣠲用𫦵旭𨔍台自技衛𬧻恰蔑旬麻生𥙩𡨸誕達𠸜朱所昆嘲鹊𣌋𠳨鴈𣆐𠀧旬𦝄㐌時皮細尼㕵𬏓旬𤽗黎遇因浪九重傳旨噲鏍御𠾕進士新科𠄼𠊛船昔五湖汀󰜋蘿功欣三傑忍堆𠊛𤞻卞辞𤞺𦋦𧗱𤞺𢜠昔律塊𠀧琰塘体事病㐌󰞬𠹾𠅜易拯𠃣𥙩爫易拯𬮦防蔑店元押𠀧妄日㝹讀䜹嘲諷天庭易󱜸賖吹易吏朱𧵆爫身𡥵蝒𠇍吝𥿁絲莽孛所説調哿盃明𤽗忠遇羅㝵昆奔呐昂梗柨伶俐午昂象󰕛意谷蔑真空用隊根噐𣦍信𡗶固負󰅹卒宫官祿旺爻妻兒𢼂紫微㐌𤋵排貪狼守𠇮乙𣈙旺台了囂外景禅天課𬀭鵑哭課𣎀鵑愁唯塘󰁰琰調𣆐𪠞𣌋杜󱙃吝𢷀襖执𢬣昭󱠢皇后𡎥𫢩𫀅朝苦練木羅𣘃春󰠲苦練子羅果春󰠲錦浪固号花桃春典准󰅹󰑼准庄鮮𤾓𨤔如印詞絏𤽸㝵柴道疑所𤳇𡛔鳩𢚸春因欺𣎞共排限𢬦𥙩花課意𠄩昆𡛔意善花恳浪󰕛妾事春䐗涓𢚸花㐱𢜝月漏漏𨤔秋豸映仍𠲖苦行修行𤁕空味浄永星󰘂慈律貝塵间朱院刼仍如情景拱盆星娘強悴㤕秋波断膓六󰀎󰇾麻𢞂星𣎃仲秋渃󱤦倍欣𣎃仲春渃朝𡮈吏󱤦󱥙𠫾吏󰠃饒盘泊𬈋𠊚𫽄固德共才仍𠲖几晋𠊚秦󰅹咍字偶鄧𧵆字佳媄体昆時盃昆体媄時明傕㫭傕共㫭傕栗子紇󱤩艚固几庄別共几爫事󱤨𤽗爲丕固𣈜天下別共敬德主支秋𣌋𣈜綿𠫾𢄂𪰨彗羅𣇟䒹𡳪𨱽霰羅籺雪潵𤀜如𣇟𣇝耒𣇜斜陽𠰳𡏢淡仙𣇊晦𦝄羣𠃅西買𣇊𫢩公主𫥨制大鵬扒庒別於尼󰅹𢚸㐌决丕丁寧实󱤬粓咹𣇜𩈘𡗶𪰮西姅𣈜耒自在親心󰕛士求些及所𣈜𫅜丕欺𣈚暀及所𣈜𣈙丕民愁征戦𠊛𣈙渃𡽫𤍌默別事吏智默鬦事戈羅事聖人丕叔鵉易尚󰭻昆埃𪟽陸遜智欣雲長󰮂󱤤𣋚意固神报𣦍唉𠊛君子固𢞂台空𬏓𣎃夏天俸󰪀曳絲毫渚報矣群歐汝功餒󰪀歆埋生用托𢪀别𠁀󰅹涓朋𥹙𫢩本名󰑼粥𬁄常用調服堪於𪰰歇所節拯女濫所𤯩𣌝𣉍𣉍𣇜𣌋𩙌迻暏𪹷停坦彭澤店亏姅簾暎𬰢𣎞殘共限㝵𠦳琰調𬖉月姅暈𦝄𦝃詠詠𡮍渚缺暈𤼸香五味誦經三乘󰡫悲󱤗奴於󰠲固排󰳃󰳃󰢜󰬙𠫾遶包𬁊扒特賊傀朱安役渃𫯳碎特𧗱𤢇𧍰対特埃筭蔑𪰹󰝡吏江山李朝󰭍𣉹没𫺙没咍合饒󰅹別固𣈜姅催𢚸㛪㐌决辰停㐌穊辰割貝英𠬠𬁒穭𬁒辰穊朱溇穭秥辰𢭮梗橷買𣃣箕󰠳廛𣌋𢄂𬁑𣖖󱖮󱖮搌𤌋𤎎𤎎󰘰𢀭兜仍几𥄭𬁑旭羅氣𣌋旰羅𧵆𪱂對𣋇𣊎𤏬𤇥𤑬焒𤐝鬼魃爫𣌝𣊌颶羅𩙍暴泣𤥑𦊚方暴歐如𤢿孟歐如𤞻󱙼𣈜夣𫡦意𣈙碎𦣰𥄭𠖾最柴暫眞典課𮎦斉𢀨朝暫𢧚夫婦闭𥹰觧煩𤙭顛朂論𤙭鐄𠄩𡥵朂聀󰝂挄𫴋滝巾󰲎爫清蔑赧朱戈𠸂󱚢時彦𠾒𦋦󱤯唭青竹冷更吝競亇冷更,Nom
vi-du-tu-dien-dan-giai-nf.no.txt,頭爫𠬛胞咍更思𪜀巴胞中外免󰆙車近曳威恩曳腰勉信敬朝直猘狗㹥曳哏乾曳干𢚸欲制排逴󱚢相府結堆𡞕𫯳侈𠵌甕令曳𡗶㗂󰠓油拯固𤽗咍察別時妾侯爫等人物如玉固曰𦋦󱚢没𩃳𠠩𡢐没畑竹化年𧏵蔑咍羅禍罷𢚸為曰擼北爫南恾象威顔幀莫底仰𬂙彊敬敬彊𬂙九州四海朝𧗱𬂙𫀅鄭主底碑皇朝共𬂙吏麻共庒𧡊𧡊撑撑仍󰋇岸橷𣈜󱳎𩈘𦝄𧷺菭拯沛方東時㐌創𬰢𣎞囉蒸󱙼𬲇秋蔑店𣎞恰𡶀捲簾花鐄㝵𢭸勾欄𤍊𦝄𨑮𦊚辰蟳两臀羅𠄩朦㬿臀尖朦㬿侖坤掣𢝙𢜠倍勸出板花桃㐌憚󰊄東㐱撞買羣𡎢拯路耒論事恪遣㝵隴𦇒曲𦛌楼夜雨𣅶曷湄沙𠠩󱠿巾𣌺群秦咍拯群秦昌浪漢㐌替眞群之忍爫魔群鳩魂魄庄曾割例群筭𧴤鹤䀡朱買停馭𦖻𣍁河䐁會渃及㝵洡燒悶世會务百官會合跪奏𢜠台𦊚𣷭給收蔑茹清明󰮃節𣎃󰬾礼󰑼掃墓會󰑼蹅青會𫅜坤限𡶀南山高位位昆𤞺特𪠞𬂆𬂆𣎃󱥡蹎𨀈𠫾𦓿𣎃𠄩擺穭𣈗𣈗𠡏能朱咍浪景固𠊛買𬁷几𢄂茹𤤰所㨂󰑼准京師󱳏尊丫㰙𣠳𡮈樣𢬣彈󰜏𡓮时杺󱳣油耗罪𡥵罰𦊚𨒒󱲮吒陀別罪他還参朱達钱貫󰜋𦊚𨒒𦥃如𣘃󱙆共𫥨体𠊛些咹󰭼丐󱥱怒𣩂𠫾欺𬄯欺𨢇欺琴欺詩想𠊚𥙩柳麻推𠊚欺春檜柳欺秋𣝀審如花𣜳𢼂󱚴𠃩𣜲𨑮𬌥拱𬥣英雄夷英䧺苫碎朱𣜋焒𡘮干英雄琥珀羅澦樁化𫥨備檜号沃薦囊𦹵檜爫照花乃核𢧚課篤霜噉𠳨仍之󰮂檜束𢹿檜尋梗群可惜俱胝長老边縣廚固名固蔑檜牡丹麻昆𡛔意卞檜㭲恠󱓍因芒買涅劍檜半𧗱餒吒媄檜頭礼真佛安棖達檜調庄咍莽實爫固罪㐱戾𠇮昆𥘷拯鄧特檑樾槈檑插産𠄩行差󱚢獄院𠾕払邱魁眉昂𦲿柳踈踈卞檄隊每鬼号𠳨𦷾姉㛪傳檄賖𧵆爫󰜩埃志爲民助𠁀太后𫀅𧡊駭雄𠃣𡗉香㯲日疎䏾梗梗𣘃󱥶奔艚商賣之人帆𬅀安分㳥𫗄𡨺𪲍矇奴拱𫨩𣞊𣙸如𡥵𦟋𦢞鹤唿𪀄坤沛於篭遣頓扒𠀲賊窮櫃送𠀲與哿牢朋補垃尼丘壑𧵆櫃准鄕關檻𡦂亞㐌麻茹𤇮𤼸具鋪排檯稔𪻟明勑遣稟所懒床威儀󰳯杖旦厨報天棱羅類𣞻柚子果𣞻甘抛補𣞻拯時𦋦畧𬮷櫥沛𦖑客念南󰀡󰜋𠳒󰮃外謹櫗如𢫕󰅹埃群监呐能󰜋𠳒梓木楛㰁㰁核㰁磊㰁𢬣秃㰁椇櫶坟櫳咹𬃻汝几櫳核樊󱋔共竹共梅共𣘃󱥷楱共𣘃梧桐渃伮例濫國長拯沛蔑户傳󱞫埃浪𦀊覩𦲿𣠒乙𠅜虚丕台湼𣠑𣔥豆棚欄豆板底除檜𣠲害𧘇茹權固号殯宫些𡾵典上公權高禄󰠱𢱎𣰴馬女尋尼曰拱固欺經拱固權白猿初結孫生景星豸訴恬隆盛嘉慶𣡝圍課太平朋𡶀羅浮𠄩𣡚默湄𬲇合散𤽗忠遇󰠖𣡚密𨅸𩯀𩯂覸角𧼋囉疟民拯服坤蒙𧗱塘𫅷路服𬟥長生𡱩单𠄩𡬷朋姅𡱩刼𡗶南󱥝󱥝月𤋵漏漏絳𧺃朕九重𫢩㐌𧵆𡬼𡱩朕共煚󰒂姉㛪朕朱台𩈘𦋦𫀅𭛣朝朕差𤽗尋拿特娘耒朕仕加陞爵賞係𣈜朔望典期𥺹𤼸供𫢋󰀢時咹初𫯳㛪奴𫽄𫥨夷仍体壁𥒥𥪞固准愈連𥕄𣍵題𠄩句疎浪耳輪准意庄堪朱曳吏固号咍望腮固身𪰛谷可𬈋牢朗凭功虚歲索󰅹窒高油悶朱高女朗蕩牢諸兑老星𤑟𤉜㷚㷝𠬠𠄩事情丐妄昆造窖制朗盧貪妄名利𢀨朝歇荣但辱朗𢀭之埃分𤤰黒帝使朗𭛣𡗶𦎛朗補工架粧蟾輪月朗連空屚屚招𢬢𦣰待如𡗶姅店𧗱朗𤤰移船𦋦庄沛𫯝堯昆俸朝敖喭𡗶最耒除朗拱𥹰󱟻𦊛盃務夏󱟻𦒹𢀨節𪱆娘蘂卿𠻵㗂哿𢜝補𩛷咹職𦣰欣𣎃𣎀𨱽罷没課󰬾冬沈㴷劫劫󰀑拯固期囉包除時咍闭除满任固期几恪吏郎𦊚期文𧁷𫳵試杜没𤗖絲紅𫽄別撝催㐌停朝𫢋朝仙𨱽𦝄巽󰬸咹𩛂吏𦣰𫨩𦣰辰固網桃𨱽𦝄辰固襖朝𤤰朱䝨人君子埃羅庄默埃𠓨朝𪡔𢄂默埃󰙅車󱅒馭󱺅󰠲朱固𠨡𬷤渃󰠲朱固白蛇󰥎湯𢆥卞浪㐌󱦇𢲨𦹵萧割𦰟菽𢚸蒸󱳮丕麻㛪崇后闭除黄皮固号核󱤐堵黄野燐󰑼焒麻󱤐本坦󰣡󱚅耚招榪固湄𫳭𪹷󰁯朱蔭󰣡買固穭󱥸卒塘边梂𦹵󱥸群𡽫仉𤞻𦼔󱥸諸宣𠲣𨻫𩙌椿咷撫佛坡署木爫年茹庄噲󰑼吒茹意爲署意庄𥙩事之󰮂𠇮麻爫茹咳𠊛君子𠫾󰠲妬旦景牢麻𨅸歛𢬣利𫽄貪兀𫽄歐歐旦最些𠓨王府滥圖例󰝂補㭲多鷹鷂歐低群󱯝𤏣𡳪頭𢧚生󰬥傳囬𢖖買詳伷𦖑唎𠳨發𢞂󱯝排心事𢜝群吱𠾦𦖑𠳒妾沛料𠳒呌𰙔𫃚印𨁪艶如初付娘吏拮󱚢𰙔󰮂房拯朋遣些特歇所𢚸𦷾丐衫蠏鱟特常歇枚仍性擬悶𨢇歆彈醝疎㴷景歆歆𠾕仍𪟂破驚魄鬼使𧼌𦋦拨岸閬苑覃歆𣈜𣎃遲陳米杲屡娄𣈜歆黄粓歆咹貝果𫉸𣈜蒸㐌歆丕𬌥羝㐌衛典㮔油忍歆󰅹風雨女乙庄拯負職司晨拯丕時𠇮妾歇𣈜歆󰅒丕懸杙丐木底和僚髙竹生竹木𡑝亭㛪生㛪𥪸𠬠𨉓拱生黒蛇号虎芒顛蚺蛇木適𧋻臻哿曳木桂羅花木艚木穉羅花木些㐱刊文碑爫本劄郎蒸渃天國堆徵蚤本𧵑腰頭眉闷𢬭蚤料扒朱沚渃末弄弄呌哭末󱄸󰂇平固埃最末跪真咍󰑼㝵崙欺𤯩吏庄群最𬑉共庄固疾之𪬪𠺙末𫶸炪幽寂𡽫髙耨命山野朶𩄲愁渃秦麻𢧚色最紅雲没朶迍兜姅證路沛村眞旦𬮌權乙調願朱珊㐌撅朱空性識課尼共吒蔑𧖱生𦋦𡲤吏順和朱𩈘媄吒僚耨唏朱边滝󰡎𪤄割兵包󰘵椥𪱴底停蔑尼𠄩繩軍𥙩杠𨱽纀哿急逐蒸𪠞解口束皿烏絨束束染深伴惡空撝麻束蠡歳𦊚󰁰䐗試杜𠫾󰠳𫽄𥙩𭓇路竹筋杜椥斉饒漉篱󰑼杜𣳮娄𩛜辰咹豆咹芌渚𧡊穭杜𣎃𠄩𦓡𢜠念咒一杖指天二杖指地三連指人強認強浽陣雷娘竜村式袄袍湄滇朋几材高眞急呵拯咍賒拮於蒸边南𡶀南蒸边北𡶀北招朱些𥙩𣡚𣘃李些把𦷾𥙩玉瓊玖代李󰯯仁宗蒸南買連嵬务秋湄娄連𣎃模杉𠨡杉󰬲杉太公初𠬛杆构歆埋滝渭默油制盃易󰟯吏吸杆湄最𡗶象橋呐歇源杆朱𠊛奔半爫涓奴𣈙𫡦吝󰘂㨂杄掑店俸脱𧡊祝夢現𦋦謹世審審恪󰅹殿󰊈儉灰𠬠𡛔旬它噡𠄩圓匣侖似果荼娘浪果實如𢈱嗔吒差几𠶆𠊚󱚢冲浪悲除渚𧡊兜庄󰑼耒旦枚𨍦跡之柴帖󰑼柴帖喂𫢩鐘枚󱁕朱碎動𢚸𫳘浪春不再來鍤󰑼丐枚𠰺浪囂乙唏枚朝秋󰟯共𢧚醝朝𠊚房𦹳渚律𡮳枚󰊄鈄鱣鰉号浪亇枚枚𣗾变粉移移鈞竿勤勾妙頭芳餌枚摻底娄亇饒玳瑁丐頺枚解毒安神庄謳兀庄謳𫅷蹽𦝄𢯏桂噲春󰘉塘騫縶宁意馬林󰑼紙勝帶𫃚扲宁𦝄出處隊𪰛調沛道工代呵固󰋇林埃耒林強添吝卞太隂蒸課中秋店林猛雷㗂代林已車世補孛蒸中𦹵林油林種紙共包侖針亇林撑顛種苜飾蒸𠓨祭敬𡨺枕枕㭲枌油吏𨄹戈梗援庄撟𢯏花𢬣㝵蘭󰋇朶落類山野枉味香王者𡗋台匪所昆丐蒸𬖉朋𣘃松𦀊蘿梅點雪柳迎風㙴𬞕󱋨㗂𨤮松迻香玉群隐𩃳𣘃松婵娟待客英䧺往来噤杺朗𡴯如空寨外刻𪔠营𥪝󰈱㗔木綿核杲仍荄冲朝固几𠸫排浪固弹𥘷歌𣈜𢄂東卞𥙩𦟐卞杯軸車箕翁𦝄㭉於滕東英𧗱竹㐌高朋𦰟𥯌𡞕𫯳斎戒𡽫柴尋𨖲闷𨖅辰北梂翹闷𡥵𫨩𡨸辰㤇𥙩柴固𠄜柴買特爫柴蒌󰅹蝼意裊初箕㝵柴道爲㝵些除事害功德𢌌哿錢𥾾𦄂襊晡晡税藻昆柱窖世尾為𠓨徵揆聖青醪桐羅𣘃柧桐油羅油柧𠀲箕油拯𢀥嗔白查典祠傘圓𤤰卞𧥾㖂買咍查𠳨民𣈙事意固庒枻楫餅梩農查魔曾助𬟥曾查柴𡽫扁鵲師𫅷老君壙𫔭外𣷭油弄捕查𢚸柤拱如𢚸𣑁𢚸㛪𫽄別如𢚸英空㐌生󰑼分女兒於朱染日柔眉買頑变沛東花倍倍浸香乙㐱󰬥鐄㐱固雪它庒染泊庒派昆𡥙馬嫌双曰賤𠦳頭柑橘意羅碎柑橘苔園意仍碎分棦吱𠃣分柑隊󰬥橘爫柑𠹾柑杠𦝄󰑚引𪞷魚鼓某亇打郎边伽牛刀刀鋭某𬌥把刀連卒補皐仍扲清腔爫某打村人庄默某法買通𢚸禪拯朱拯𥙩爫垠梗核𦰟𦹵某分駡兮㨿𠳒佛判敢𢗖某分偎㑍某𤞖扲𢬣習营渃撑吝𨔾𫗃鐄𣦛迻禀柉兩頭丐柁两頭号󰑼丐柁於世忍饒𰿘事枼𥙩俸枷爫准娘身木適𧋻臻架曳闔扇㪯枯咍边凍包体𠬠棟昌枯孛某礼南体旦坦𢷆𥙩𬏓㯲𦰤枯󱏹𬅀安分㳥𫗄𡨺𪲍栽𣑺𣘃𥹰𣈜固木𦑃𠖤胡頺子果𣑵𣑳桂𡑝𡢐吏什󱠒𠃩吝台𡨺役𡗶罕灰平𨎠拯𣑳如初麻𠺼分萡𦣰𥪝𦟐𣑯闷咹𣑁𠃩辰𠓨棱撑󰅹埃別特芃𫨩桧簾桐客唉𢠩忙盘迷花壇圓桐花把桎踈世蔑案蔑冊蔑昆𦫼𪽣娘𬥓歇𢯧蹎𠓨栱庄󱳮船栢𰛻汀𡧲源蒸意校分固部固卒兵噠固𧗱固奇㤇饒𦺓尖拱𫫜恄饒橰豆菭𬂻𫽄𫼳𣎃󰁰丐蟋蟀𠓨󰡎𪲝些打𪲝󱥰椥𦓅底㭲木𣒣油或𠄩𠀧湼𣦍𣒠拯恒金珠買吏𤍊稽仉𢭾𦀾䋥𠊛𢯦梮棹󱃨𦓿羅趣仍村真𠊛𠁀審󰦕戈牟春撑悲除主幼茹梨埃几肯爲埃几肯傷吳江侈𧡊蘿梧𠖤特𬁒捹󰬸捹𫃚卞𥙩頭梞𢬦渃塘渃寅寅𩦓創山查果梖𡳪丐梏𨕭坡滝固㕑㕑意固𣘃梏代初箕𢀲梌名浪椰子㕵渃󰣡热去血散丐梇𠱋𡥵竹梅爫伴興踈濃自欺﨤󰣞𣱆梅欺算車只欺隊出𬮦於𨎠府茹王羣籠陵羕意嘹哰梅𠰘排達讒𠲝朱爵拯涓𠊚直祖封侯群汝几擒梅埃𧗱塘𧘇𠇍渡𠇍梂𠇍舘英朱摱錢風梁梁愈鎮歌頭厦跬世梁橛的才丈夫哭為餒切他事世埃排路𪤄𣷭桹橷妓桷𥙩𫯳郡公麻昆𡛔意卞檜㭲恠󱡶春𨖅𣈜吏唏󱦒蟡呌㗂竹更迡點更弩󰣽吀停彬𢱖汿𫥨𢬣𢆥󰅒𠶒㙁𥜤茄弹翁辰𠃣弹󰜏糁𭪧𡨸斈𣈜初涓歇𬃑月望𪩮𬃂准山房拯固𪲣役侵𠓨店󰋇更殘雷竹椥槞爫𮥷󰡎滝船似𦲿椥𠃅𢴿𢬦渃旗𩂏𪨣𡗶𢯧技橋椥焠肯堯敬天敬地敬灵神鉄椎椎瑟打林娄車㗂𢱜𣛠椌篛笠羅𥶄𦲿椇蒲葵箔藩蘿椇飆風干椂揞棺哭𠯿󱋔呢󰒂夫婦仍𥘀爲渃𡽫𠤆𧡊㳥奇麻野𢬣𢴿論棹排𨖲鎫𡗄蒌𤂬𬏓味孛舍城市𡶀𦍛棱瓊意羅尼逸士逍遙棱枫秋㐌染牟關山文字千千萬萬棱儒坤掣矣群内經棱禅乙𧡊年覃蔭唐世󰅹尼庄𥰊高𠸟吏撫𢬣嗔𢜏𬅉冲棱史固凌荍𦹳掄材署窖𢮪棱墨曹固号肾繩倘宜木像鑿爫像棱庒戈連襘𠬠𣇞夢春𫽄󱚊拱体󰑼棦懿筐棦兜迎庄周旋中外𨑮𫷜𤿤忠棟凭謀深渚洪体𠬠棟昌枯孛某礼南体旦坦棟時拱固㗂工工𬃻棗𬃻槾𬃻楣𦊛皮棱棓泣排干戈初曾𤍇史𥸷經仍蒙及會功名棐願𢬣左󰡎𢶢㐌安𢬣右欺意𣦍連蹺棍𩙌㭼梗核摳𢩮𪮦㳥存𩈘渃撫竜󱊚核󱦃𨅹𨖲債𡶀天台𣖠𥪸𣖠横囷𣖜廩庉始頭終𣖛𣖗芃芃搌𤌋𤎎𤎎󰘰𣔻底茶鮮𦲿蓮𢷀榘蓮沉包饒貴物吏尋貴人𡅳停󰜩𡛔榔桄𡅳停茶𨢇女𫼳吱唭丸極侖千軍調歇飭麻辱立技極饒󰜏媄𧡊楳謠𥙩爫󱳮𢜝麻嘆哭𧋉𣩂吏固銘旌失業𦣰亭固𪔠扲更󱈘羅沫𩈘𡢐羅顕身業人所窖女󰅹庄伤埃别󰡎𣎞及𨔍卞意劫𫏾業把鏟𠝇󰭊楛娘𠵌柴𠰺慇懃󰮂朝醜襖殿楓審外𡎝迎𦖻㗂德㘇体梗楊𢷀塘湼時動蒸𢚸賖汝細几戎樓吏𥙩梗楊仕拂課丿之吏堵𠓹𠇮娘户楊哿𢜝共昆隊𫵈補船麻𨖲步拫俗箕椿担傘𢂎󰠵𥙩蒸詔結竹炪𥙩蒸󰸟𣛿椿丐㮢底𥙩𩵜勃渃滝群𧺃如㮠󰬥尼清歷欣払払唉渚打特𠊛些𩈘𧺃如㮠打特𠊛些𩈘鐄如乂耳輪㮠𦖻󰅒蒸默襖學路𫼳󱥩學路卞哿拯体意丕吏或撩𨖲核𠁑辰質󱥦落麻㷝荔枝𬃻󰬸楼𪳔閣󱯀惮掑源仙念𪳔𤋵𠬠󱋓𪳔󰠃誓茘枝果𣘓𣘄割𬚸楊𠵌仕鄭𢚸𣗾㤕娘吏訴源干貝娘𣛧𣗪𣗪荄核𣗪羅𣗪擦㺔𣗪眉奉𠄜香𤐡𣗓耒󰬾冬𣗒𩵜隱𥱰𩵽無𧡊蔑庵𦹵边左边右槞𬏓𣘃金钱交芽橛都槞制𫤯榾𠸦埃窖窖槞𠊛辰𨖲打仉𡎦𥉫懞𡑝槐特青蚤󰑼明糖盤丐檜槎刁斗𫔯銅固槌昆隊𥙩槌𨫊𥪞𪮏襖打涅几昭冘丐槌瀆雙拱沛𬲇𢴐湄動榾𢶢边南边北石橊荄韶榴𤽸𤡛𤽸如銀𤢇鈍如󱕖牛欄󰑼󱕖𬌥盤𣙺菓拯拥坦牢咍木𣙺𣙯𥯌梁樑榱𣙯𣙬花殘𫀅玉用𤐝月醜矯畑拞𣙬人生𬙞糁󰁰枚𣙪代治兵它𣘾擬博義劬劳󰠱挭𠄩𣘾䊷𫇡察察𦲿椥隻𢵋𠃅𢱜隻掑𣷷𣘽模󰬾󰬾補隂除熱󰅒些呐㐌典調庒來節玉庒標𢚸鐄籬樔疎園春𧊉唉㩒樔闭娄湄鎖󰊄樔外𬮙𠦳𨤮别包饒情菓梅󰭺𬙞㵢󰬾󰑼常㐱𣵰蒸𩄴𨎠樓󰀑𦁂蒸春𥪞院樁舍逋持夢橛樑𥉰蒸茹呌蒸樑拯㐌󱡶𠱋𡧲𡗶占占𢧚樑橛𩙍奇油槞拯拙包初延芸𥙩爫親橛樑𢶢渃𢬣蹎𡨺𠇮𤂬彈㗂樂𠷥𠷥𪀄呌猿唿㐌清𢚸禪𦊚馭𩝺於槽朱咹𦹵𦷾朱咹秃𦷾㨂蹎槶闷沁𠖾𨖲𦰟滝桃闷咹槮𤒙辰󱚢棱𩇛翁奇𡎥𨕭槢鐄奇咹奇𬡶吏強奇󱳮於茹𨀈蹎𠫾踏沛蓓𥯓蔠󰤫𧁷巾𫽄别𣘃怒勁𫨩𣘃怒󱦕列板版󱕝辣排芭蕉珠羅玉󱕘唒𠺘恪種仍終󰜋󰊫𦖑翁國語學𬄞通󰡎軒領命𠚢𠫾湥梧落度󰋇𪳵霜淶化爫童子固縁󰜋𤾓𡥵𤞼拱終𠬠𢚸𣛠灵󰟯㐌冉𩢬别󰠲𣛠畑𣛠渃拱戈𣛠絲拱旦吏戈𠃅梂循環𨤰意拯賖月娥󰑼𡛔僑公歳皮𠄩糁𦟐紅當𣛟特機哰保󰡎𨕭每𠊛渚調忌󰟨命輕易典六輸機奴𠸍𠶣駭餒昆旦長成㐌群簮󰒂橛情拯悁係𣈜𨎠恠橘調𪽝物意丕𧵆姑朱便册畑路󰑼橘渺准繁花之停冷錢蓮溋碧水槞槛樻猫宁扲樸風流當澄年少聘饒共𢵧𢬢𡦂縁𦊛皮𡻗屹䏾𡽫喑󰣑𧡊𤽗樵㐌細𥈶樳結榻㯚落鐸邊滝𢄂𡶀茹𪟂𣘃羣娘𦰟丕󱹒檜羣蹺次丕明皇立𡥵次𠄩󱙻󰑼陳旺𨖲󱠢茹鐄次一𡞕𢘽𥪝茄次二𬌥踸次𠀧𠟹𪟓㐌󰬾次𩯀𨕭頭𡄎冲事世添慪朱代述侯敢欠礼常告哀遣使尋𢀨上位智爫獰𤢇才爫𦑃󱢐󰅹泥浪固󰅹泥浪庄󱙎強尋𦷾事保証欵𡢻次一拱沛编󱚢󰮂文契𧗱欵𡢻次󱳾裊空辰仕沛𠹾各欵罰如𨕭姅𢅬永𨤔侈鳩蒸𠰷𡘮堆体𠖰𨱽茹󰞯𪩪午金風揾𫽄差沫𧗱唏𪹷㐌唯唯社𢀲𤄮典餘󰁰廚社𫵈拯劔𠄼𦒹廚震雷𢀮動疾雷𢀮𬞕𢀨兜仍几醝𫑺最𣈗槞烝𣘃豆󱹫𣘃豆󱹫挭󱺁󱺁󱹫󱹫台𡶀梁山盃𤤰禹使帝𢀦𢀨𠄼𢆥󰅹𢧚仍役之富貴㐌停𢀨重㐌𢺹穭屯支󱠥𥙩󰠲朋𣇜󱠤𨖅當時𨀈󱏝𠊛󱏝𨱽手腕古𪮏婉工次一部吏部兵盎那挼󰪀南於工󱐤帝王連治工代𠦳金約対特咍庄吒昆失力󰟨󰠃󰝡饒卞𧼌󱚢工大岸主滔自於𫔳東汝英𡲤吏工𢚸傷吒工欺𩈘𧡊筆花劄󱚢󱠨𪠞󱠨𡄎回𥹰𨤵長賖𢄂發兜𧵆厨皮澄當六初灵工課巴南㕵仍𫶷媄約夷官㙮塘連矯埃𠫾吏巽錢渡昂𢁊仍粉麝香熏𪥌額顙宁𪩱壙平意准上亭髙闊𫪹娄眉𫶼撑羕柳耶𦟐刼歇堵花蓮座昂𠖰育重重錦䙀糁左昆他合饒仍󰭻猩猩𡮈爫軍國𪩥争爵權卒代茹陳𢀥命𢀨使渃北苦酒佔󱏟朱世石精固号丸󰅬囊槌最筆底群劄編蔑些𪠞𢀦役边南琥珀茯苓認買別𪩧群底助民尼𩛜拯固蒸𩛷可󱠦衛拯固蒸㝵可娘團魚󰑼丐巴巴𫷜巳𫷜午埃固時咹𫷐群圍𪩼苦󱼋蹺分苦󱼋𫥨京𠰺𥘷劎咹学行𠳨浪句踈題班𣈜𤽗牢体吱蒸𡗋丕𬋱𡽫𩇛渃碧如𢂰𤳰圖坤頑於坦茄𡮠𢂎𩂏馭騎𦤾低拱𪬡行󱏹行泊吏𨖅行桃琴迻𫗃默椿弹咍布朱奴所対渴尋梅蹅月雪侵巾𠀧𢆥咹於庫巾俸󰠳茹覩散離󱦑𠄩橛𢶢扶持特安𠸠咍誠敬奉蜍󱠷爫役沛罕羅吉慶𤈜𤈜宫太師户尹𫽄󱧩所𢚸󰑼浪爫牢宋公魚固号亇希群饒吝耒宁欺𣳔曳輕衣襖珥半希󰬥番𠳨月刀希桂󰋇丿朝春劔蘂紅僚𤍇希朱紙帋卷𫡌即𠱾迻帖𠶆払束生梅生停分别牢欺𦋦曰帖欺𠓨𢯢花󰅒鐘枚󱁕朱碎動𢚸𦄓結𠰘帒意帝碎㐌別𣦍𦓡阿綿󰑼帝之󰒂󰑼实如爫丕敬礼菩蕯割𠌊𪮏麻助𢃊吒𢃈𩂏縁絲㐌結𢃄同䕯𫡮約𡨸相逢劫娄𢃄鐄𠄩𠖰頂珠𠀧座麻㝵特功𢃄世時強特福𨕭𡗶女𦝄恆紩𢃄湄潤澮𦄂𢃄𢷀𫴋丕馭紅𢃄鉑袄蓝停呐儒𡮈如𤙭𢃄𣈘尿羅渃𢃄驢溺渃𢃄昆𩢬争𢃄魁元榜𤈜鐄生𦋦顔色恪常婵娟絶價菲芳欣𠊛宁𣳔蕯渃莍帶弋弋駢帶倍分𬉵奥帶鞋帽昂㐱咍𪜀𠀲昆𠌊䏾渚𢚸鐄𠬠拱𬆄緣䐗和蒸帳錦分㐌𤘁蒸𬰊春𨴦茹𥾽練祖螉藏蒸𨕭𢄂体𤽗仲逵𢃱褐如土公園荒𨎠固𧋻𨱽󰁰丈𩺩碧帽覩𬈗麻移𪠞邊北体蔑㝵襖帽極𡨧自称浪官大夫户石󰅾𬡢恒掑相連蕩蕩𣈗遲張傘𣌝屯屯䏾葉撫幔槐咳喂󰋇几朝朗𩂏𨕭㡝輕扇𢅅𪮏尾存芒𢄸吝囬𨖲𡶀天台功髙哏幡會斎正期已逆吒那英牢𡗋浽不󱬤𧁷𠨪蹺𨃴嗕咽󰌵身漘羅𡓁𢆕於連頰滝奴󰀎阿難并仍大󰕛竜王鬼神浪貴辰𠄼諫固𠀧只𠊛淑女并空𫥨䏾怒并㐌仃如世卯怒爫埃𢪀朱𬎷𫶷年㝵庄討󰭼饒皮鄧堆年事世平碁北北嶤行庯哭平句對𧺃事尼干據𪽝爲󰠲丐亘牢麻俸打饒或干或侈生天竺𣩂少林墫𢇉蹎𡽫熊耳姅唭姅呐幽唹限𪰹𦋦𣌋闭除仕咍𡥵󱎶幽唹澄㦖𧻭固種默丕沈仍蘿幼底蒸身幻常制馨羅𥒥共𠁑㭲核庄娘𫔸茹萧條人事㐌衝仍羅𢝙傳内堂廳外俸固𠄩撞報信創𣈜托𥙩役恪𢌌𠳨廚固名𢌌𦋦德政寬平立名黄伯底城頴川棱禅恩㐌𢌌傷懇戈󰬷産畑香願㝵󰭼饒咹於󱡁掑樔𢋬𥉫易𩈘昆顛廬㨂𤯩忌𢬣廊覩唱撝乾󱠶拁󱠶孩󱠶茶𧵑咹朱别渚兮吘香突突幹旗旄幹斤造化淶󰠲𡘮𠰘襊乾坤托吏耒㐌势辰催朱𠖾󱚋𤾓𢆥官府永祥喂觥𢆥奔半於𠻦瀧餒𩟻𠄼𡥵買󰜋𫯳才拫渃德󱠺𠊛仉𢵋𭛣武𠊛辰邊文屋󰆍茹蔑茹共享壽康太平分牢薄買皮催身安𢀨度公侯劔𠱋渚劫𧵑民麻拯度蒸難民度󰠳仍几痴迷渚󰝂塵俗責衛𫢋緣課登途梅𣗓惮𫗄离卑边淎度尋昂𣘾渃𪽣潙𨑮群度󰜋𠄩庫巾曳悅某𪪏居𥙩𡞕朋蒸羕󰅹拯固媒延時拯特𣘃竹𡨧延延固󰬮㝵君子払添式默中𢚸㐌花柳陣吏風霜回燕衣襖染式顛式𫯝錦󰠵別包𨕭梗𪀄呐𬺗𬇚𩵜唭僑公式曳𨀈𦋦𦖑昆嘆咀㤕𢚷𢚸鐄合台昆𡥙眉弋弋丕碑㮛𪜀奈何桥自低買弋胣愁篤𫤍󰘂佛庄欧㗂𠊚弋㨢如鉢渃𣹓𥙩尼恩󰒂対尼𤢇𧍰弋㨢祝拯塊𢬣某除柴等曳弋真庄某丿唏侈丕哿湄張䋥弋𥺊󰡎𣘃扒貓咹𦧘埃咍󰑼之意買別處𠁀隨𣅶弄中阮𪮏弄𦖻仍普冬迻啂浪𠊚世󰋗疎㐌菭丐𧚟弄重傷英䏽𨱽羅丐𥿠打𩵜丸弄蔑𦍛種饒生絹𫃵弄尻骨󰑼昌弄󰠃南於工󱐤媄慈挼昆多吏工󱐤數𡗶安達庄羅拯𨎠定𠳨所户𠸜庄冊時唭麻拯疎曳和俸󰞺庐居𥪞達蔑丐床𩄲󱑹󰮃䋦㐌𠽖娘急𫥨圓囷󰑼庉单圍似蒲庉箕凜奴固餘咤之聀重底朱累命達󱙻買噲妸貂蟬典城府哿竜侯𠓨𫏾果菩提蔑店麻𠃩紇底媄底𪜀命𬌥丐底昆𥙩丐錦黄𫃚底中匣意几安慰㐌变𪠞古改每事庄別底朱埃感德慈悲底饒劫願朱親近㐌麻卞底官𠭤衛殿𧍰底永宫撑𫽄𧗱裕宗感動嵬嵬汝𢈱旺母共𢈱克終𧵑自然意𤳷埃朱擬固乘廬恰汜庯趣𢝙𨔈買𦓡空󰇏無盡庫𡗶𣍊吏撝𦖑𠳒払買珠眉𢪀浪節玉庫𢯦特󰅹皮袴命默庫䏧𫃚掑固殳座𡶀𡶀󰀎故巴等座蓮九品嵬髙㐱重每社本坊支綽像佛共會蒸蔑座㕑延應㗂𠳒迻吏陛𧏵達座諫院挸𣳔仉忠底朱老𡴯呵𡴯享貝𩯀矩行𢭾裙𦲿座啉𠸬𢬣𥮊𢬣󱋓客庶𠄩岸𡶀撑卒世獴狸宁𦝄蔑庶顛犛豸吹是非󰅹典𡎝湮霞蔑庵風月伵𠸟伵𠄩𡦂功名𤽗默𤽗󰜋師頭逐𡎦摳楳𠄩小𦝄𧷺等𡨹庵倉𢉽穭嫌蒸造化拯常󰇾揚縁分呂廊主碎󰅒固𤽗楊天錫於杜廊盈買左色空蔑丿職占包宮廣𬂙澄𡸏𡸏髙奴於工卋間包工怛廛斎廛性朗性買侯安恨𢤞拱渚衫師𥪝朝歇飭𡨹廛仉𠑖詹事𠊛權尙書直廪廪秃曳宜默袈裟南帳紙柳鎫坤彊陣東風嘆咀󰅹埃几透共󰟨危简定弼岸𧗱西渃𣷮冷𦀊萌󰁇𦄵󰁇𦄵𢧚丿弼㗂絲品次弼羝眉衛丕所𧤁朗󱹭󱹭箭󱙺弩𫸶捧爵引𨢇仕宜襖曳索朱媒約典呈引𣳔䧺将排情翁吒彙月𫧧課渃强頂𡶀抛抛甫式泊高蔑丈奇𨑮彙補𩯀昂𦝄乳占𧤁天工󰅹固所私𩂏少年場屋㗂虚𫹊射𪪻錢𨨲摸特󰠩鮮乾飴餅篤排弹散鉢鉢弹朗精固吒固媄辰欣空吒空媄如弹空𦀊麻㝵特功帶世時強特福𨕭𡗶女辰󰜏強據𦖑些䀡此因牢眉固凶𡁝争強白俗蒙欺渃強唒貧寒拱強爫鮮槐綠屯屯伞葉張張昆𥉴娘意乙共昆侯扲彈胡蔑張行𪀄伍欺船杜𠦳琰𫀅𩄲汝圭拯除𢶒印强嗔𧗱󰬷娘拱伴禅僧体𤳇𡛔𠄩㝵𬪽󰂐󱁲饒都唭欣蔑除欺拉𧯄欺监󱚢獄室仍石生刎肝鐄胣鉄定𨀈𨖲馭蔑欺𡧲塘侈𧡊小兒𰙔𠳒吀焒𪪳灶炪頭柴修𩆐動呼呼𧏵󱢒立沛吊咹𬟥牢象架号󰑼彭㺔梭鐄𥿠𢳝烣錢絏𢒎彣院煉形脱殼闭𥹰化身類物俸󰠲𢧚𠊛𠸦朱𡥵造寔才姻縁窖彦𡄎台𫽄咍姨月掛𣈙爫𫳵𥙩影泣𠊛󰠲𫽄𤍊爫𦎛𨕭坦底𤐝終𢪀𢚸油庒决𢚸㩒巢待渃除沖特󰅹茄英固𪽣𠄼巢󰜋坡於𡨌爫𫳵朱連窖台䋦俚拱𠾕吁噅㗂鄭巖𦖻鳯凰惨台芒幅像𫯳渚拥几小人麻󱞪茹渃唁味道片黄卷黄河卷卷沚吹英㛪卷𢭯𣈗𣈔𣈗𣈔些󰠃𢩾拖嘆浪係几義忠渃󱳈牢固󰰄𢚸几奸𦊚𨒒𢆥吏嶟𡻖魏卯晋𧷺司馬刧󱠢𫽄𠪾拱体𡥵𠊛上京仍調𩈘惮眉𪠗庫𥋳猪圈圚𤞼边厦厭厭幔霜待客清清𬮌月徐埃鄰羅厭𠳨每𠳒浪牢奇於恪𠊛閉台吏排𠳒恪厭情底䀡𢚸媽節貞箕󰑼𠀧姑隊𥺊𨖲厨排排𧡊仍干戈兵奴時孟兵嘉󰟨危𠁀皮及課元皇因欺太后染方病危柴𢜠苔伵頑危保浪得道時𧗱麻修煚共昭聖同年斫陳守度㐌𢧚頑危卞𢶒𧜵印麻𪠞乃權𢭂印嫁娘結恩昆𫃸吒傳固法如印𠳨包饒𢆫咳姑𠇮姉拱生麻㛪拱生𠦳𢆥群買丐春撑春香即速移蹎情頭白貝夫人闭𣉹倍𢜠催庒𪿒之󰘚南産𠏲即時󰘉𣦍太后惨切𢚸煩渃󱉲昆𤵺坤全江山課𠨪時別固碎冷𫯳坤𡞕特𠫾𠫅𡞕坤𫯳特𡗉𣈗𢚁𥉫固茹𢌊󱚷󱚷𫢶边東固坊嘲󱚶當姅𣎀貝𡞕傳路壁𫨅󰮂茹厄北古𬌥蒸厄准烏蹲福矯共煩󱷻唐礼󰒂敬信涇陽𢜏㐌治安渃茹上皇𢪀𬢱啌𠸦払尼奇󱚽乙𢧚身𠊛親征𤤰󰭽典尼占城共仍比丘哿咍門参彦㝵共孛共咹共於拯嫌共謀議事共参庙堂朱奴打論饒𫢩群埃些仕料𡂲去𠫾悲除注监去除爫丕辰𣈜𣈕罪意旦埃愛恩冷𠖭別包饒諒羅陸海上游賖𣾺寧海屬󱚢廣安倍鐄𨀈𫴋船茹几涓𠊛屬羣𢪀浪埃𪠞杜買丈夫忠孝油𢚸𪠞北免𧗱南府快州固𤽗徐達侯官𪠞制城東關唐𤞻𤞻𨀈唐猉猉𠫾蔑𣈜𤤰陳𬈗船𠫾制滝珥河失所廊盈迎𩈘𠫾盃𣋀參共𣋀昴𠓨朝拜謝天顔禪家爫禮敢參𠳒浪畫浪像意𫥨支閉𥹰𠬃妬固時如空吀埃停𠬖𪽣荒𤤰唐宣旨召兵𠬕銜都護達行交州道深德厚𥙩之報恩午禍𢚸𡗶固厚共庒𢧚𢚸暮雨朝雲客楚娘秦拯塊某厘身眾碎醜厠如𦹵葿㭉於邊塘宮桂𠦳重夾𡬷𡱸約之𧵆襘𡬷󰱺𭁈朱仃歷𡃓娘朱𤞼󱲠咹蔑浪天神󰠳󱟼隱形左右蒸𫢩𡨹纏隐形左右蒸𫢩𡨹纏𨔍𨓡麻悶𠳨制趙軍𩧍𦥃尽尼𢆥尼歲㐌外𦊛󰁰祖母󰑼󰜏内尼嚴父課尼實意吒庄埃咍尼庄釋歌尼尼姉保朱麻別意准𧯄𤞻渚𢱖𢬣悲除歳索󰠱尼語󰑼年老庒除干戈𩛂󰘚𤾓官朝廷共受教法修行爫尼󰅹帽尼󰅹袄深𣷮鐄固別世尼庄󰑼蒸尼宫廟茹官公侯𠼯尸𦋦朱𪇍奴擂固庄些別事些妙常󰑼󰜋尾𫅷󰑼𠄩共制會合盎盃尾尾之𠄩𡦂情緣𡲤名才子󰠱煩佳人永尾岸箕身𢚸喜捨程豹𪤽包強卞和命色固點顛尾黄𤽗子文𩛂排𫏙𣦆𠅜窒剛𣦛拯𢮬𣒠屈屈寂𡽫高耨命山野吟𠿯几屈𠊛群麻𠳒𣷭𣴓𡽫𤷱爫牢挹屍鄰哭蔑欺边塘昆碎染病𡧲唐補屍𮎦群拙伴䝨󰒂𬞺名屋刘平共伴書生特輸󱠎姅局江山功名催馭𣛠特𡘮世間保浪禿筭升扱𩕳柯沒俞漿沒屡絆為󰜋屡𡥵踈蒙欺奇󰞯闭除仕咍別󰠲悁属改命特安邊花󰟯固裊通󰬭墻倍傍蹺屢客命改幅巾羅麻蒸碎於朝廷𨕭󰡎如㳥蹺𬧻𨎠如屢𪠞慘傷别󰋇𨒒層𣳔𣳔渃眜沚𣦍綽𧗱安子㙮𡏦爫層坦意󰑼𠬠塊擱𢭾󱳍壙𡧲固户有巢𫵦祖𧯄咹果𣘃𦹵度𡳤較搊斲𠞸竑𡳣奔㦖半𤵺𠎪绳󰬲𡥵空固吒如𧓅蝳䋎󰬲𥚇虶毒過󰬲螉臘犬㹥粦逐屯磋城㙮壘役屯分吒𧗱塊分昆吏󱚢𥙩𠅜歌屯𥪞几𢄂白蟻󰑼𧋟咍屯遣𧋟奴屯𬙞糁𡱩高丐賣屯牢𡾭𡹟盡頭𡼈高腰饒三四𡶀拱蹽七八滝拱䟜四九三十六󱠖拱戈體重朋𡽫𡶀多杜戾灾𪬪䏾𡑝𦝄咳群扲你𡽫𠹚𥒥音忱責花切爲󰁰戒𫏾尼賖塘挭󰠱稽柴拋𫶜蒸𡶀𬪄固𥒥嶟󱠕𨕭空𡶀󱠓高撑󰑼𡶀雲梦扁名字排翁庒咍翁𢆫㐌𫅷𠄼󱠞翁拱老低麻󱞶𤽸銳󱠜󱠜欺𢝙󱋓𨢇醝空別𠑕𩈘矑𥊚󱠚𡶀賖𦊚方𪨣仍干戈𪨣𡗶𩄓䏾旌旗自󰳅𨖅東南𡴯𡑩别浪払進討尼󰠲𡽫髙振𡴯𣷭賖潙𥆁澄𤌋𡴯䏾楊裊賖体𠬠𠊚󰟯涓涓爫底碎󱳮𦓡碎𣩂𡴯𠫾󰡫帝𨨨鐄征隻搁邊腮桃綿花𡨧屹群生慧日森林捽𣈗𬂙󰅹𧡊唏沁𣈗𠳨客最𬂙𬁖咳雄𨀈濕𨀈髙岌𡹡岌󰁇𢚸鄭貞𢚸隊欺㕵咹堪苦樊󱋔供埃卞𢱜船蹺邊岸鈴釘岳馭冬冬𢵔𥒥𦹵蹽𢮀甚臘岡含須木藍薝永𦝄辰㐌固𬁖永花千里固桃峝仙㛪𧗱餒丐供𡥵底英𠫾峙渃𡽫髙平土宜物産産床別󰠳君子𦓡招命𠓨百官文武朝臣𰿘󱏙享祿萬民太平𩄲瀋別准󰅹尋𨤔𡶀㐱𪩔𪩁𤤰裕宗崩敬筭末孛昆末庄丿曾崔鐘崔茶𣴓拯固事󰅹女崔时合浦朱珠吏𧗱碁泊埃󰑼於固崇𢜝崇𠳚畧臺粧𨀈𠓨𪀄鶯園󱀄當悲𧿆賖𫀅󰘚𪖬顛痴形高𡻓𡻓異奇叱凶仙浪媄北昆南渃𡽫𡻓𡻓㐌甘𰦫󰀩渃滝平平濮濮㤕傷几化几嵬潇洒自然珥歇命雙𤽗仁者𥙩蒸據汝撞意於恒嵬嵬蔑事君親拯肯嵬朱𢧚荼㙁沛味仍醝牟道麻嵬浽茹𫡦𨑮𢆥女油箕怒霜拯拋嵩雪拯移東南征隻蘿帆󱗠󰅟𬑉天台別𠇍𣈜岑州倚勢源𡼹𨒒𢆥開拓󰋇層渃𡽫𢚸𠊚似󰘚埃埃恪山山水水窖蹺隊收吏蔑圖山合水𡬷𢚸敬仉忠臣連𢬣詠廟詠山𠄩牌長几計曳山顛蠍翅漆羅山𦑃諫醜楛仍卒渃山醜𠊛𬙾湼群欣𬙾𠊛蒲席󰝂川甚連詔帆翁浪窖𨤰󱚩饒險灰没𡛔𥙩兜一二𨤰󰅹󱚩窘󱚩觥特󰅹勸𠰺𠄩昆共蹺隊命茹𤤰蒸譴󱚓𠫾默𠢞𡾵天子𧁷巾𩛜󱟯牢麻拯修劫𫏾化𠚢世尼扱󱟯麻結吏沛焒麻竭𠫾畜物空体󱚈特𦤾𣈜固定令座案上級時固体由令官審判交𠊚看守或發賣倂𪞍課󰁡迻𠊚吏𣷭東馮公奏𠠩󰋇𠳒傳尼眞假畑𡗶吀𤐝󱲐𦝄粓買𠬠果茄買󰝡簮橛旦盘共師情󰮂聀夢𰿘萬共空口啞羅呐共身壞命󰠃莎共地獄役意庒兮之㛪吀𠫾當特㐱庄兮蔑丿碍廬𤤰自在外修行拯兮固𧡊朝廷蔑埃㤇饒三四𡶀拱𨅹七八溪拱𨀤四久三十六岧拱戈𫯍箕卞羅將輸朝边北魂漂於渃南𪸄據殿茹些假冒户𠸜些󰀋易𫀅制腰性朗腰欣珠寶𠳒哏咘拱枚𤍌𠰘插𦑃鴻󱗠𠖝寅𨖲䏾溋󰟯𥋴朝󰝡󰝡朝寬寬仍戾兔散彙󰝡歇大眾乙𬼀庄礙󰝡民駡女秩𢚸民浪陳養子固才󰝡軍謁群庄故礼󰒂祭󰝡庄敬討宜信敬奉除拮󰝡𣡚時斎猿辱󰝡𩚵𤽸窖󰝡移移甘堝内耨泊𣳔𠬠𪪳長族󱚳𨑗𠰺浪渚涓半㹥摸羝盃󰠃鶴内貪之𬷤篭扲蒸𢚸窒公爫蒸法窒公𥙩公麻滅𥙩威麻刑𡗶𫳵𡗶於𫽄公𠊛𠄼𬙞𡞕𠊛空𡞕󰅹孔雀实󰑼号丐占公恩爲些𪵯仍業𭁈𡮍拯固事乱单盃皮𦓿𦔙養𫔮趣圭𧜖单姅𧝡底侯除埃𢚸憲太后单差拯昆立𪧚朱𠊛親王限典林泉𬈋伴頭南節典賞春󰑼節上旬明壽每尼遣𠅜告典㝵君子些拱固𰿘具車丕車銮𤾓具迻𠊛宜家事情󰜋帝󰜋低𥙩󱚄辰特咹粮𥙩柴咹腛咹昌之柴𧡊𠸜𠔦𦥃驚惶掣包屏寳鴨凝冷對味𦹳寠想𠊚玉女添凝𩈘汝餒巫山易鄭𢚸凜迻香蔑月咍㐌𢚸喜舍包容󱷷霜女底冷󰪋心肝埃喂扵吏󰬾𣈗唉𠫾𡗶清𣷭永霜𠖤冷𫥌𠁀𤤰永祚𨖲󱠢𦝄𠄻詠詠𡮍渚缺暈𫥣𫨩詩畫咾通琴棋𫥣芸㪯子才郎吏添𡗋𨤔仙方道牟升量冬木苔升𢆥意务冬焒𤈜内武平原鈴玎岳馭冬冬󱙹𡢐潭廕𬮙分冰傾几蔑魂神女彷彿𡗶高䏾素娥凝󱈝󰄜𦝄尼忋𠖾方㝹固昆𠌊冷昆丐冷爲徵盎那爫经敎尼𡶀隊埃塔𢧚髙我𠀧滝冷埃掏𢧚溇梗矗𠽋香刀桂㳥冷󱧚玉翥瓢𡾵神𡾵聖甫張㐌冷洞玉停冷象𨁪封龍蝨茄况𦹳言况之𡗶用德麻拯用威㝵悶𤯩麻拯悶托况𫢩皇后固𡥵堆边蔑拙󰒂群固宗棱禅𡎝净󰑼饒󱧔𠇮之路󰑼料貝埃尼厨禪定畧固蔑凍㝵蒸代仍噲爫墓婆阿蛮雉習仕枚共𢯏𢽳㗂是非庄凍旦腮渚群盧凌爫害困民吀停爫事凌仍女羅道些通別歇凌凌泣和𡳶買埃埃𢢲𢚸汰汰𦖑𠳒凌凌腰辱饒番愠㐌曾𢚸𠊚事世体凌凌𣼯塵𢷀泟凌凌花紅唭呐雪銀賞盘𩙌𦝄清𨠣󱮽𨢇凌瓢𢬣𢭂渃𬑉凌凌侈𦖑㗂呐頭棱涝滈碎嗔移保官南曹减扒數歳傷民减税蠲租律令用皮刑法用公㛪抌身𠫾朱绳𡮣奴𠫅紆務冬𣎃𠗹奴𦣰𨂗𥪝𢚸針針駢篤𢚸圖報糁𡎝󱈦󱈦所域清昆𬌥丐凛昆几士箕如悶綽𡞕衛朱及禮欺󱮭䐗散几𪞴悲除特𧡊𩈘𧍰𫀅功柴凭如公𡗶𣈙計𤤰𨒒糁𠁀傳𠫾賖󱳮女仕眞吝橘典𧵆厨几耶州旦几助官𨕭共賖𧵆𤳇𡛔欣門彦㝵方之坦几𢄂𤍇𥺊珠𠺙檜桂杙杅丐几押頭󰊩昆𦖻𦖑几𥄭几恒庄故㝵酉出吏庄固𧜖奥院春潭蔭𪱆初唯如𦧜󱘄刀󰭌離󱉊丐刀󱚨橷撅坦炪香讀經楞嚴𬏓𠞺﨤干𩙌奇別𣘃󱚙𣟮刻羅丐󰵳鐮𠟸穭𠟲軟詞章賦六文詩方甎劇󱖮似牙土磚丸劇爿𠠉楛𬰢𪖫殘耗劔共几托爫𧵆中𡉎某練劔時盃世𠠚𦧘剔𠠚刺𠛌𢶸劕朝廷文武󱳮欧宮妃皇后𢚸愁󰤘󰮮經阿含呐𠠝𠛨仙人𦊚位𤑟才神通侈𠻵凸𪤄边東南固㗂哭轉傷𡀯払嗔継次頭劄𪞷嗔柴咺飭𠹾煩𪞷功符咒渚專格󰅹呐耒移𨀈倘衝楊徐何荗𪞷功哙尋科尼仙乙頭功歆油固杜拱空𪞷之遣使者邦綽𠄼函舍利孛釋迦𢩮𢬣𫥧準前堂𫀅𦝄小童𠰺保皮衝化𫥧𪀄䳽声空󰘰𧗱𡽫邏渃清𬈋鬪坦凡𡎝俗隔賖𨉓伮自𨕭𩈘典𠁑蹎伮調󱪛󰬵各次形牢朱心力叶同𠝼肝逆賊妥𢚸女兒俸𠀧𡬷氣󱡹𠫾無常一旦役之拱催嗹󰝡兵細打本處辰㐌󱣽蔑𠃝𠊚嗹慧策如闡課尼刊禪宗吏底󰅒流傳刁玉𪠞蒸寬台武固孟柴㐌𫥨󱞧渃褲𧺃褲𩇢𢀭𢥈亂𧁷󱚞咽催時安分滿分𠱾催𪀄雉𪟤蒸𫅫寬寬所𦑃湿高所㗂𦬶渃氣微寒𫦵特热󰘩德𤤰肇祖些𨖲遣㝵使者󰝂信朱勤官英尋碎爫之𦓡勤󰡫𨨠勤約操園諸子埋冷羣固秋冬女仍勢𪰛埃𠹾特𠲖夏𨖅粓固𥺊菰秋𧗱𨢇菊𦊚󱚟清台每䖏每次𩙋每󱚠每次𩙋沒𢆥𡗶㐌達𫥨𦊚󱚠意󰑼底朱𠊛些別辰別節故㝵𪮏扲刀色爲徵盎那麻訣昆末𢪀雖𡶀𠚥𣘃鎌渃銅搥𨫊䐗通爫堵捽鎌奇切㓠光踸蹎逐𨒻虎狼󰡎楼洒梗甘露切鎌大䧺𫽄補特󰅹牢𫽄切𢧚𧵆朱𡗋呵𢧚賖𡽫髙棱瓊山溪塘𠫾險阻󰬥皮切𫢼渃𠨪昆𤵺空全江山景𢞂𠊛切他𢚸形𣘃霜湥㗂虫𩄎噴隔花朗𥋴䏾蟾𫡮篭他切澜襜𠬠㝵㝵村動別爭傳𥙩𤒘分塘蹺鬪昇平󰑼两頭斤庄欣庄釼平分買皮包除󱙼𡮍蔑分畑麻吸󱜝渃眜課分𢬣餘𤾓陣打雌䧺渚分唐戈西域庄𧵆𡎝夷𡎝夏𫯝分𤑟𤉜糞土分坦堵同迈分伤出召報工巴唐苦埃朋㝵茹漢丕戾磊蒸分𤤰碎悲除主㓜茹梨𬇚光茂㓜𩵜𢧚排󰭈𠝇剧削竹󰁓竹性刚埃谏𫽄𠵌每调麻列昆末麻夌昆婁𦊚𣷭調吏典典󰬥列列丐列号󰑼蜈蚣慈鳥占鷂列礼了卢𪀄列丑叉店亏呌󰁮皿陀𭁈双㝵𪠞侯󰞬列列仍店生刎肝鐄胣鉄後南遣使典茹𠄩𠊛虎渃𢢆𤤰刎𠇮昂育坤移衝突𠓨𦋦刪喜捨軟慈悲𣷭斈塲文恒日摆𨷑𠄼𬮌隘𠭤𠚢𧗱計唐利害呐制賖𧵆檜頭工利洳咍边真賴庄底朱欺利𩈘卞別如𩛄𠫅理匭函別底防拮收咍爲盎那󰡰讀念別錄殳句经埃奏𭛣之𦣰語判𦋦𤤰判李通𤽗𦖑𠳒朕判𤌋𨖲𦤾盡天曹民卞𢜠𠒦𨒒分任延初󰭼人倫𠰺𠊛朝清歷󰖽斎盧午󰀎𪪳哿代初些午󰀎盎那巴代些𤽗宗鷟唭浪理𡗶役㝵共爫初𬧻𠳨鶯每餒初𨍦仍埃羅几𠓨侯悲󰅒琢石羅𠜏𥒥卞篤歇𬟥所懺𥙩瓶鉢𤽸和爫剂蔑祝㕵麻歇管甲刼茹籌嵿𡽫刻𥒥底名朝天𠓨𫏾宫庭𤼸功𣈜意刻意可典󰡎廟𤤰徵王共待或頓昆制默結蔑時蒸盃帳秋風欺俸兎制边輪到工生折㗂冤𠰺坦󰠓𡗶曹郎差扒𥙩𠊛󱚕𠫾娘𪮏󰋇丿威𤞻躡明課太平腰歇則核則堵輝𠬠料󰬾𬙞拱料杏元買計源干浽茹𠝖白挼寃𫼢𢬗𢚸𬈋冷欣𢚸𬈋𭁈爫几士意渚𥙩剛爫噒丕這霜󰑼節瑟剛󰑼𢚸雖恪饒塘庄隔某剛双剛󱎾准僊於䐗曾𪠞吏剛𡗶埃別埃󰠲噤𡶀樣𦎛泊𠝫隔𩂟羕鎫玉收𤛠𠞛創兵空仉摳䘮櫗𪱅秩󰅹埃𢪮技𦼔𧯄割據猫𫅜埃女割腮󰝂韶光吏衛漨暮商勑遣官中書相公先羅杜傑率羣臣調默襖朝填功血食𬮙春勑上等神𬮙刼𤌋香𣴓𠳒翁吏拔𠫾浪如碑意勅箕負之煎藥勅𬟥勉羅潇洒戈𣈜𣎃清閒勉特羅仙𣎃𣈜潇洒煩煩之埃扵𥪝世事運清係󰑼勉特益𠇮時催𠡚飭爫𥙩󱉎麻爫所責罰敬𬖉傷𦷾󱉎劸懞狼茶糁迈歲命強弄娄恩払哏咘樣包𢣚𢚸𠱊󱤵襖桃噉悁於本國箕時󱧥悭𢢂於王朝意時󱧥󰇏𩛂巾𠣶頭𠬠船𠬠俚拯衝𠬠埕堆𫧂群擃𢬣𠓨𣡚匏固墱群蘿䐗可用󰮂柴伵户行匏伴出本朱奔半西東犯蒸罪拯𢧚赦加蒸條拯𢧚赦威𡗶󰢓㖂飭神須加𨑮𠄻𣈜女時功完成󰝂饒𠫾穊䖏兑功泠𫽄特特𠄽𡮍𡥵手箭劳孛扲𪮏固𦋦之分𦟐紅坤󰝂𫳘孝填功𫳘劬燈篭劬𪬪炪店最𡗶金鍰鍰劬刁腮劬劳固号花鯨於連戈林彦劫󰠃庄債𠅜经孛闷助特李九重時尋柴阮明空朱勤小僧本拯咍𬟥吏拯涓方𬟜助注傷餒󱄸扵共守度特用𢭗势夫人䀡如各翁貢𦤾󰠲𠊛些嘲待𦤾帝辰別𤤰閻王固旨遣些隊勘欽差領命𠭤𦋦典尼狀於𠓨茹勘𫀅昆𡛔意吏咍動乙𥙩禮呐乙撰𠅜銓鉋包板旁連油林種紙拱包侖針固伤時察麻唭時寃箜笱稍登匙󰑼待欺渃𣴓底麻拮連梮北𨷯𣘃北梂犯吝次𠄩女時扒罰倍併浪吒媄生𡥵噲󰑼󱳮料󱚦𧷺朱安𫯝牢𦬑負才苓𨎠𦛋萌葸恾󱚥󱚥𣦰徐𦼔𦹵細茄鐄匡樸工命特澮𢀨規模塲屋埃磋支區十道樔圍𦊚城𤲌𨒒畝窮連没區几函𠊚匼質唐涝滈屡罢払𢲲團󰬾匿你點紅𡨧鮮𤽗拯𧡊𡛔尼𡛔化固󰜏公主𪨅𢆫化𫯳卞調化爫𠄩㝵丈夫麻𪠞鰥寡翁化婆侖󰜩空丐化辰𨔈停尼固𡞕𠤆尼固𫯳渚𪟽疾妬忌𠇮忌功矯𫅷吏責󰅹𢚸慈悲力量斤𨋤全每恪綱繩容𫧦奇𠄩边功󰠲麻󰆵𠊛仍添𤷍蔑𠄼固𠄩󱞥𦊚氣𬙞󱞥𠄩候運轉拳𢬣踵𨃴季󱼘元頭共吒羅立言扽茹移𢀨買南丕󰂇刁性渃𢚸𩄲乱秦﨤𣅶魚狐𡗶南𥢆𨷑輿圖没方咃浪拯别朱甘别𫥨仉北𠊛南𧁷𢚸拯平些立志些𠀧秋瀋󰦕固󰑼包饒姅店侈𧡊蔑𠊛騎𧍰󰦕󰦕𨕭𡗶𫴋𫢩苦卋庫卋伤卋伤卋月掛寒山詩半幅山含明月酒干樽坦𦓿午隘𪽏秧花午祸𢚸𡗶固厚共庄𠊚江𦣰語午𡗶几时𦣰䏠泣尼𦍛耒𥙩𣎃𦊛𣈜夢糝除午生蔑昆𡛔眠寐盆午午時𦣰対吏咹欺嘆咀𣅶𡎥󱚬即唏𦓡吏𢢇󰠐沒身老顔𡎥祭󰡤浪𠄩𠊚調𫹰字升𬨠𡗶仍恾盤泊説升雁㙮𬂙澄率率細尼升羅𠬠升𨑮鉢路羅𠴼㘃求名酉浪卓特功令㐱𬲢合行𩙌姉買𦝄姨罪障盎那卓績緝挼卒自意蘇定𦖑信別浪群𡛔婵娟󰰆潙固課盤碁卒𧻐車穭卒苔同積累与穭底防後年𡛔絲麻㐌𤻭藝𣌋牢卒㐌玉約鐄誓油麻隔阻江溪拱料聀卑分小尋常拯咍上憲𫳵詳縁由伯娘博𡛔役博空雙碎𣩂𬆄眾碎飭𮤭才󰬃共饒挭博江山中興󰝡吏还原漢朝劍𠄩𢆫春𡃋󱙃󰪢数生𫥨﨤𣅶陽󰠃茶𫧧𡎝壽尋溋孛仙固𣎀咀𥐆咀𨱽󱖺鵉𧜖翠󱷺𡎥𢭸𢭗歛󱚱殳𦍛庄户養庄卢盎那故恩道哿固名黄鸝𥚇𩞝了卢牿牛𤷍局卢俱𤙭茶庄咍謹喃沛㝵牟卢舍光孤僕卞初和蔑𫢩和𠄩趙王傕𪟽李主歇𠵱仍矇𩵜渃𧵆饒󰅹𪟽𩄲渃俸󰠲隔潙清泉󰑼洡沚𦋦巢府卜礼底和𣳮𪮏渃卜𣷷曹溪群分𩄴𤐝𦎛卞論卷指南尼㐌通天地吏咍人情秩句偈卞隱命庄体㐱卞輕補職位爫㝵几圭些卞󰑼昆茹󰆙公丕朗胣个卞程豹𧤂包強卞計自𣈗買旦京費󱰿贈送人情別包𡨸印黄佛前羣𠓑鬪碑初𫏾固𩦓恾𠆍䏧麻烈𣋚󰅒𨑮𦊚枚󱖉埃闷咹𥺹𫥨𦣰貝師達吏吏捐󱮓𪽝坦秩𠊛添𫥨󱮋𢧚沛𠫾尋𡓃营生𫽄咍昆造撩𤽗故󰢔𦎛印𠬠色清新劍󰢔縭𫡎香色渃冲銀𠁺漊及店旦󱲍槽馭𦣰交竜𢴿拖󱚢󰮂罢𣈙庄󱳮船栢泠汀𫡉源丐襖㛪默扯扯花紅𥪝𧞣大紅󱘻車𡥵算𡭉時𠁸𤿦丕𦊚丐󱙺吏𡭉𠓨准寠丕緡𠁻錢拯歇𨒒𣈜辰屯意㐌󱫵󱫵吏騎馭衝𠓨陣伮󰖽錦熙熙丰糁幅香𡗶滂滂捤和岸㝵主舘𩦓廉逴接嗔德主𡗶赦罪朱碎遂󱘁𠫾󰠳𫽄󰜡𭓇路意錢捧乖𡢻󱙀倂󱝨恩支𢥈𡊰𠄩𠊚署妬戶𠸜羅󱙀耒𦋦𦋦旦𫳘󱙀時𦋦東初補獄󰅹咍罪󱙀阿弥陀𫢋白具碎低疎具𠰺之約之𧵆襘𡬷𡱸丿之丕哿湄𫴋制𦝄𣎃糁秋中占包奴典淫共蔑之𢚁妸恒爲些車䋦車𠱾車渚󰞥絲𫥨𡞕重酉𬼀蕉房房𬝉蕉梳乃𬝉払䀡書唒添煩仍群愛乃𠬠边家堂埃苔㘨乃闷之朱埃𢜠朱𥘷𠀲󰅹𠀲乃𡛔󰜩之調体安𢝙遣埃乃𦖻𦖑𢚸動白涓自𤊰乂鐄昭皇自意平󰟯林占𡽫𩇛渃碧如𢂰𦘧圖󰀎丕某甲敬礼群緣挸亇𢮪羮肉机拮舌拮亇共󰑼底乏蝴蝶乏乏拜篭渃些𧯶乏人才朱尚蘇定於嵬絲紅山東𡽫渃𩆪𩂟念傷浽𢖵別乎固𢢯󱘾󰑼蒸㗂丐蠅撑丐蟋蟀於外㙴茹𢆥𠂫所侯悶󰅒羅𡅳保世間罪󰅹獄意拯寃枉𫡛妾𠉞扵𠃅東鄰為机蒼狗郎君昔岸趣産湮霞英式丹汝漢𢚸群丹󰜋󰌺傷陵頭㐌泊𨑮分念丹付鬼神咍㨢鎫扲箒𠸗𫢩󰜋皮爲丕固㝵覔麻拯沛道中恪󰅹𢀲󱙅𪤍提𠰘踈固渃𣳮朱娘𠶖󱘮辱谷墙隐䏾边㙴連𬙛安分𪧘庄明分恪牟脂粉漣羕乳娘西子󰞯頭乳奇債𦖻𠫅尼魚尾高尼卧蚕󱙂󰬥我人蒸欺意谷墙隐䏾边㙴連󰑼𠄩翁𠻀傳也提丑卒調𪰛󰡥囷花強誇卒辰花𣳮渃渚朱苔渃乙潙船悶埃争敵共󰋇𨒒歇飭堆姑底朱丐𧉻昆𪂲奴争從師李卓󰝡兵打散陣𫗄打争盎𩄲几争功𫏾𠊛󱙇分初㤕台媄化𡥵孤默首󰑼乞頭頷󰑼乞含想𠅜媄浪嘆喂昆󱙁些𪠞爫役󱤧亏拯特𥄭𠀧身香焒想𠃣拯負注群粓朱老沒𠃣老咹朱拖𩛜明㐌伤吏典黄巾力士哙浪𠬠𡗶舌固𫡦旬阴阳趙光典帝𡄩𠳒恩神𢩾飭朱碎擛乱修葺󰑼𢶢魯令突乾𩙍𠺙畑殘添冷了身尼坤斫𠳨劉郎造化荄𢧚窖了台達爫蔑檜底麻磋分了牢它艿湼昂啉𠽍畑杏󱙌更月價北里長󰜋𤾓元北副里󱙌𨑮元時意固繩𥘷𥪝村歳皮󰁰𦊚󰁰𠄻𨒒糁𢆥治歳苔𠄼𠄻𠫾摸花菓制𠄻中秋坡𠄺磋󰕛妾戾磊限𫅜󱙍尋約寠𠇮朋昆燕拯忍特氣冽丕篇次󰬾𨑮󱹩義𡞕𫯳修心練性拯󰪌堆𠊛博士蔑柴加功阻𧗱習井習些咃󰑼𠼽貝雲娘󰋇𠳒仕弹散𤚇巴為馬女朱亏義弟兄店亏昆𡛔𤤰秦學𠺙㗂簫翁浪窖𨤰𠥤饒悶𣦍恩主𦬑󱙒道柴㛪𠤆劔之󰬥只劔朱英𠄩抪朋𠄩榾亭意傕臭𧖱亭貪𠰳鼎鐘之之戈細蔑廊侯𧵆󰏤体𤌋香亭亭亷勤節奇須恒捻𫏾𨍦𠶌𠴜云云渚兮泄漏某分調之㝵些固恒呐亘𡗋時技几士戾拯亘丕各𤽗沛亘飭𠫾尋碎吀亘飭役尼噲󰑼几蒙𠊛𠫅拖饒屈𦰟𢬣嘆才盖世𥙩埃爫状渃南些軍些𧽈威𩂶打油同時合飭默麻打鬼妻󰄯𭁈㝵些責重𠃣蔑之蒸𨎠㯲花𦖑勒亟固㗂𢫈𬮌保浪󰀘𣛤󰀘𤽗咹耒買别󰑼𠊚𤵺坤懇爫丕耒麻如丕󱙋𠀧𦝄果𧡊恬蘭徐𠒷雁蔑𣈗蔑冷󰇾𦎛鵉󱙋𤗖󱙋尼條次𫡵𨑮󰬾丐限𠊚當事特抗告定如𡢐尼𧆄𠄼𠀧吊吸肥抛代茹陳𢆥紹豐次𠄼𡥵尼渚別󰜏低吏筭㗂怒𠳒尼停亨世󰅹丑默𫯳些双离卒葉亦𦋦𫯳𠊛𠄩案意固債𠑬𣃣朋丐󱼕漨󱪞𬇚陶空𧡊𥙩空特󰘚𡗶蔑几於世間濫罪極哿十恶共五逆折補吒媄󰝡󱟤𪠞折𩈘日㐌󱴆󱴆茹殷󱼑士卒打淬󱨸助祭蒸几助茹周󰅹埃𡽫𡶀制󰯜𨻫功呵機祖𫢩群所秘官軍渚立𠭤𢬣馭𫢩渚勝㺔𫢩渚彭𪜾吏𦓡瞻𡗶坦子最𥹰𥹰拱創𣈜𫥨󰜏𠉜𠫾勸敎󱪹信㝵車爫󰞿三信可信𪰛疑可疑因歇排事所𧡊㝵些調𢜝㤡拯信㝵渃占𤼸坦麻稱藩臣軍茹明納信默嗔𨙝衛󰡎閻浮蒸盃拯劔准天曹渚𥙩𡎝塵爫俠丕尼尼姉保朱麻別意准𧯄𤞻渚𢱖𢬣𥙩𠄩𠊚固德行仁政麻保爫正副𠆳船𢵋辰俚拱𢵋寔他拱体俚𬌥㤇傷拱体娘妯媄𫯳𦀚䋦󰠲群别󱖕𡗶况之補俗爫僧南溟㐌决鯤鹏化𫅫𠊛於边𧯅歐罕俗𦝄𠓨中𬮌乙羅𫔮儇伶俐𡗋暈月󰁯課渃强碎󰏙罕寔拯俄夫人形樣寔󰑼主張油固係󰅹𪰹𣦍願󰝡子弟細低助難鷦鷯便便囷世爫祖真夜吏咍奏𡗶󰘩清𬲇沫便娄遣帆因𬲇麻特便𤞺娘𤞻默囉威壓木窖便核󰠲年棱󱪞卞挭渃󰡎沉麻𨖲侵侵𨀈𦥃姅潙𨅹𨖲嵿𡶀等尼石盤𠳚戈韱唸󰡎楼卒朝户胡將茹明羅𠀲張輔分軍𠓨爫賊侵劫几𢄂藞青要要辣唏埋春夏鮮卒審滛秋𧗱萧殺冬侵𤉗殘𪡈侯傳奇隊懺𢯢噐械蹺些𠫾尋𥙩公主𥙩特𡥵侯時奴倡翁碎㕸𢯢𥙩󰬾娘侯事召庫㐌侯耒事福󱉎㐌凜午侯拯沙䋥凡𡞕𫯳侯易𢚸󰅹女𠱋数乙䜹恒謹帝要饒󰒂意買群󱙮󱙣㝵󰬅例呐卒自外𠰘例呐醜自外𠰘專飭爫体意𪽝󱙣𠊛呐讒承官耒買𦤾民碎󰑼𠊛低空沛󰑼魔𦖻常倣𦍛勾埃讀窒人生𬙞糁󰁰㐌移𠓨於准𡶀瀋倣󰋇𢆥󰅒丕𥙩特𡥵侯辰奴倡底朱天下𡗋繩𫨩撞叔箕丕撞伯箕丕眉倡些和蹺眉娘哴詩興拱𢧚僧時先倡碎吀續題咍唭咍𡁾倚󰟯󱖮𩚵几不仁咹倚渚襖𠊚無義默庄時柴卞音倚隊吝南無停分之分約𬇚智戈󰁰買可浪𢧚郎𢀭倚势迎昂及昆𡛔卒爫荒庄爲别󰠲󰅹坦󰅹𡗶𠊛𫀢倘倘坦𫀢𢠩𢠩童浪碎本倘兮病之麻遣𠹾皮渚專𨑮𫔬兵孟倘都戈沔江北帝󰑼扶𬞕倘󰠲徬徬𫗄𡗶迻香賖賖倘倘味香梅生𬂙𥉬𤑟娘小姐丐俸𦝄清湿倘边萌潔短名浪倒枯朱󱖮蘿紅俸倎之尼浽沉翁窮𦥃世催𡢼啉𠻗於𦜘𣜾之功报義𡊰𦓡𠊛㐌倍𨖲仙奇耒小童𦖑律󱚢𦖻弄𢜠倍󰬷𦣰𨱽渚專放埋时買𧗱茹路途遥遠賖吹膀胱俸俸哿世亇恧哿俸傷姑𠇮他切切他次一辰修於茄次二修𢄂次󰬾修厨形㑫昆㑫𣎃𨑮𩆐󱙩𣎃腊𩆐動󰜏䝨妃浪𬷤㐌嘅丕󱙢碎𠓨朝㐌𢮿菭丕坦𪣠摊𫽄𢧚㘨󰋇𠳒𤋵歇𢚸愚嗔󰞿渚󰭼圭務女吱役爫𫽄歇辰嗃󱇩𫣂㝵苓𣎃卒底𪝕仙𠫾󰬾𠦳銅敕賜夫人𠊛特如𠋥󰑼𠃣固󱙹𡢐没偻調共𦋦𥋳匏螺号沃丐保鉅銛偻亇底淆󰝂燒拯婬拯殺拯偷害㝵拯固罪󰠳細命监󰅹窃玉偷香謹𥪝名節另塘繁花明㐌伤吏典伤𤴬偷歇肝𦛌局棋󱋓𨢇從容特偷會意𤁕濃味箕昆𡛔意湼拯謹𫅜性涓珥側傷爲縁渚匪縁保信𧗱典喝门張輔󰟨偪移船雷𦋦󰘂𣷭㨂沔廣東况之仍傳偨𢯦歲尼㐌㤕帽尼𩂏腮偨𧴤吱主茄昆若它瘖媄慈買停咍杜咍停買矯謳欣舌停分事渚料吱低𥙩帝𫳵停吱菓柑𥑥𥙩沛橘灰饒説㐌停饒事磊没番仕𢖵没番𬖉江山停伶恪󰅹𣈗初𧡊𡥵𤝞󱙙𦣰𨱽𠳒咹㗂呐如𠊛渚坤𠶣𫣅咹𫣅𠶖底𫣅兵護𡥙𡥵碎𠶣𫣅昆𠌊於工世間𬉵奥帶鞋帽昂㐱咍𪜀𠀲昆𠌊𡗶㐌固庫無盡爫妓固傘固繖固香案悇𤤰固鐘厨念佛傕媄滕哭女底𡥵料計恪󰭼傍爫󰒂󰭼命爫先固蔑𤙭昆棱𭁈󱚢帝𥙩𧤁傍殼意傍𪠞傍吏朱年湼歇𬚸倘󰠲傍傍𫗄𡗶迻香粓𥹙俸吹𠊛化鬼𥺹𥸷易遣󱟣𢧚麻㐱咍求󱟣懺悔󱟣卞羅主󱲍隂陽𠄼福熙熙󰡎庶民𦖑喑所㗂𩆐於蒸󰡎𡶀南山擼誓𨕭瀋󰡎𣾺拯所默安皮𨕭麻𠓹皮󰡎丕天時地利人和󰡎𨕭聚佔羣𠍣𪖫翁百户𠸦埃窖攤讐僂朋丐捻𢬣𩙌香海海信傳𢚸月花意俸連傾傾釰古芮坤徵茹債固磊債之嗔朱𬟜責高㙮共𫀅事秩群𡎢㐌安固几傳保婆金僊典丕𤤰傳天下旦朱公主挸𫯳𤽗課𥘷爫業學路讀冊傳聖賢劄事跡初𫢩因耒買𢮪劄𦋦據冲史記共󰑼傳之墨鋌催墨顛犛𪀄呌花𦬑𣈜春净𥙩𫯳𦀎女𡛔尼吀催棖謹𦊚边魯催化工𡮍庒朝𠊛麻甘蹅坦隊𡗶𫨩󱙬主翁吀𢬭𠀧𤙭𠃩𬌥󱙜𢭄𬮌󰡊牢㐌󱙜𧡊𠊛仙宮呸皇天撻𠎬君师﨤乱停擛乱買安合𠊛爫𠎪制店爫排呵須𠡚𠎦蹺些𧗱茹共𠎊饒𠎊呂外庵者𠍵咹齋冲󰆐咹𦧘連㝵盃制悲𣇞爫客房僧醝𫑺味道仍仍倍紅僧哴枚㐌細潙時調言志𠬠𠊛𠬠篇鄰近茹𢀭奴𩛷𥼲先羅陶侃咹僣礼衛坦建康椎鈽打瑟鉄椎󰪀僚棲楷湯北僚橰僚買茹青猿󰑼猿如㝵僚核角觸之戲路𤠄僚連廢沼𬇚撑仍潦鬼僚倒宜月娥𨅸預邊房𠳐聖𠰺初𫢩詳尽仍𢚸𡗶㐌罕󰬍𠱋𪧻󰬍𧊉雁花群𧺂𦖑呐園春色㐌深信𪝮卞旦官郎仕庶󰕛民儉穷昆意旦厨求嗔調特如所悶媳婦娘妯儉勤些𧡊𠊚些奴保浪保浪绳儈於宮𦝄民安𧛋詔億𫔬物拯𤷍󰍹𠊛拯奸腥惜咍核桂󰮂棱底朱繩𫣢繩儂奴繚姉𢀭姉𥙩翁儀󰕛㛪碎𧁷𧿨𧗱𥙩𤤰󰑼䏧𤞼採價彦星金𫥨塘當價𠊚貞淑𥪞胣𫳵麻仍𩙋𦝄方之󱙗些堛凣𤾓𫷜空托易塘𪠞󰠳排詩𠳨𠶀官𠐅豹𠅎刼𥒥𠏳紇珠群趣𢝙箕牢庒𤳰責𠊛𠏲𤳰窖無情󰮙民事儨軍官仉𠫾𢜏壽𠊛𨖅祝𫅜急𭉩差使者𠫾𢴿船𫤁琰典圭茄柴北𫣿城潭雁㐌淹𢚸𫽄救𡓮䀡𫳵𦬑渚浪𥢆没𢚸些惨𤾓萬𠊛蹺拱󱙫頭坦腹𦣰𫤋丕䏾位𠑖階次𠑕𢬣䀡𨁪𤍊𨑮丕咍生化机𡗶𨔍台爫身畜物召𤴬交𠊚廊盈𧵆交变𢚸腰縈日𠄩𡶀交吏垠𢚸世間㐱蒸𥪞車執𪮏拯交蔑𠅜呐保浪注語󰑼埃初丁公著貝𠊛㐌交役尼交没𠵴碎底麻䀡杞買梅世󰅹苔唐󰑼丐步㐫𦓡自𣈙吏塊𠅎钱摸桧仍𠊚𣦍倘調荣身虽㐌𠅎麻名唉群乱兵𠅍𤽶𧼌𨱽奉晓哰保共𠊛國家惠皇自𠅍渃𫢩江山棱𦹵𧗱𢬣户陳丑相庫辱庄京虎辱婿󱼊睿𫤤毅𪟙尋𨖲安子󰜋𨉟𦤾𡽫東究天明󱙼𣈗拯別蹺󰠳探𠳨𩾛𢚸逼息麻渚󱳊󱳉箕𬁖𡮈如吉如𣻃埃浪渃宋時賖兗蹎些𬖉可默体𦷾搂摠󰑼屯促兗頭咍边𡄎𠳒弹𥘷歌初𡗶湄渃𠖰兑󰑼方西卞打馭急𩧍拯敢兑󰏙吏𩃳陽底花鐄庒兑𤽗仲逵涓所特拯耒兑事恪武芸考兎打破咍㝵𡗶付性於身些道奇綱常𠄼免󰬾曲戽槃海兔𪮏為光󰮆兔𫃚昂秩卞焒貞節𤇥𤍶边江水准賒准𧵆錦𠒦恰山川臺買固𨤔𠒦𠒥𠒦𠒥准樓臺𬈗唏蔭𦲿𦟐甲宜兢孱註󰡒驚魂吝吏𡢐慷慨驕兢畑𡗶辰𠓇四方畑碎辰𤍊頭𬕌茄碎香宇𪩮禅󱈗域域雲牕㗂玉󰠱󱊚󱊚傷為親戚󰒂眞𢬣𠊚仍喂唉𠊚仍名利𢚸它乙仍仍身世於外𤐜𩄲仍仍𠓹𣈜耒悶󰭼𡞕𬙾仍空固錢唒𥹙蒌仍拱特安𡬷胣𫏻尼巴南𡗶乙哿𬋟庄仍羅同穭𤈜枯㝵些共每類物乙庄固准㕵茹漢𡨺特天下拯仍於蒸𢌌賒囷法麻於蒸坦曲阜典祭兵郎扵𡧲城隆福台奴吏固𢚸仇民吹𢧚仄阻每唐𢪀如情景如王䋦愁收饒穭秃積遺底仃𠳨𠶀英拱旦尼朱仃󰅹羅惜景仃伶丕𧡊𤓢𪰛花㐌别身才德𪰛朱吏固仁才𪰛劔德蔑𠄩分𥅞𣅘買别𣎀𨱽於𥹰買别𡥵𠊛固仁某什風騷珠免玉𡬷𢚸憂愛𩯀共絲𠳨𠸛󰑼落鴈臺𠆳𩄲𩂟𩆪𡴯𡗶終󱖮仍恾吝橘園蘭菊乙𪿒令挣盎槾桃𫯳奴初㐌謀爫仉答𧜖󱖮仉令㳥功令苦辱闭𥹰渚甘富貴吏愁干戈路羅𠴼󱋨求名夫人勸解𠇍𠳒󰠃雲姐𬧐茹外探令鐘廛買買工工㨂楳社𥹰𥹰谷谷令扲權𦋦令𦊚方𡥙𭉆𫽄敢㛪傷𫽄𠳒𤍌令應泣每尼六根運用𥪞外神通䏾揲群隂光汰汰󱰛哭代歇怛玉蘭荄代添明渃治茹安代代帝王𨖲治工代課意方西柴丘囉代職意𠸜意於代剛𣦛拯另几權𢀨些本客方賖情期結縁𫅜双剛󱎾准仙於䐗曾𪠞吏蔑𢚸拯固𡮍嫌共饒𣵰󰋞𠫾尋法仙埃埃庒悶伴排買仙惟願孛伤罪戈他勿助九重下旨卽時𣱆陳他罪吏𧗱聀󱓽𤁕他咹默󰬮荣呐唭佳城節典倘巴抉墓赤子昆他宁廛丁昆爫他庄討眾些柴仕分闲別埃麻結爫縁情期丐𥬩仕仕蹎𫴋渃蔑回𠊛些𣵰越別尼󰅹尋家賓𪀄仕瓮茹㐌姅店因眾㝵𥄭𡗋仕懺所𨄠囉群𠰘似瓶它㐱𡨺紇㐱披諸立底瓶咍爫年門卷特体門𫢋俸牢創泣和塵柴𪟽𫢋降柴連供香吝吲旦沔𡽫渃和安𠬠漨景𫢋瓢𡗶𡶀㨬色碧渃洡𨤔撑道仙道佛道伩據牢庄𠬠甫甫道𫯝众碎昆𡥙柴厨生𦋦糜鹿休於連棱󰆙生催㐌仍恒支腮嗔朱奴伐安南先朝土宇吏󰝡𥙩𧗱𤽗張雖户哿仍拯學詩書䐗塊行伍伍羅𠬠伍𠄼𡱩𦓿伊儈㐌民商顒𦼔葛𦣰退主漢𥉰朋筭蹺鬪翁伊工須君上結知買紅謀冲𬀦𢚁并韶咾通計任欣󰬥淡賖劭公誨件门民牒弄欺時柴數𣅶柴良曷珠眜亇恪㐻吀𦎛淑女𥋴𥋳朱詳𣎃󰬾夢󱙃節苓會𣈙󱙤娓誦經供養石生𠫾󱙹李通󰠃兵𪜯蹺𡢐㐌𬂨󱝭㐌𬂨󱝭牢麻拯衛油拯固蒸𠇮茹𤤰牢沛蒸󰮃葛淋𠇮𡗶𠳐𠁑𠄼𩄲朗拯呐麻𠰷𦷾𠇮吏傷𠇮丕箕埃信𠇖秩𤙭信伴秩𡢼𦣰𨂗󰜋𨉓𢫫𦀊拯你動棱爫之抵㗂小僧世唭𥛉𡗶吀𠖾渼㝹矯師歲作𦋦𠓨班寬顯宗歲作㐌衰𦖑󰛩兵变別之羅󰠳𦹵撑伴作習妙𡗉边净趣𠃣料塵緣咍爫年彦卷特体彦佛朕𣩂辰状供𫅷船情皮㨳細坭時佗簮技瓶淶包𣇞侈󰠲伴索𣃣𪞷直共歆儉佔麻迻仙󰝡大󰕛多正南体𠬠棟昌枯𤵺体泊頭坤体𤽸󰛈細𨆢坤别爫牢雉体决頭午尼拯咍𠊚意衛󰠲佐念典桃源𠳨主人𫨩羅𢜝悶𫯳庄佐唏󰠳𦓡挸𩵜撰羮待𣈜揲賊𥊛澄庒𣾺𦷾低共󰏙饒傷明交合𠁀尼實醒仍埃低埃醒朱些𠺥㗂醝碎㐌別𣦍𦓡英尼吏打𩢬些低㛪𠫾尋伴㛪低想󰠲𣈜𠬠低迷別包謀斫𠫾𧗱低之眾保押遣𨖲𡾵𡨺位沛暫𨖲𡎥爫𤤰孤亭位位石磐𦊚务風月沒團山川󰝂棋𤤰釋𢝙佊伴摱󱋓翁刘斈醒醝奴󰀎阿難并但大󰕛共但比丘僧比丘尼屯屯似蜆𢹣塘東自永𣷭西行頭𡽫船珥𢴿伶劄寠伶伶事固涓𠻵南交羅𡎝離明天書定分伶伶自初李南柴伵吒昆兵家子弟󰬾𫔬敵共係𣈕伵孔伵𠫾𣦍󱜺𠴗自󰅒𢖵𥙩𣈜𠄩茹𪬫氣象習俗体哿拯同雙咍𥙩義共爫伴想勾色色空空板床反𫢚共𦍛種饒𤋵𤋾𩩫侫𣦍𥄻𬑉奸侩𦖑𧡊呐儈唭𪽝𫨩呐𠲝沛𡎢挹𣘃埃乃依限平𠳒𠓇𣈜𡎥合於外我󰬾童𠳐𠓨准花房𠻴𠵌童呐𤑟𤉜形容意玉罕娘如依底𠶆具𫫜朱拖𩛜盎那代保侖庄隊律空如固固如空免戈夏免侖冬矮短悶希㙮侖鰥寡𪪳化婆侖典𫢩計󰋇𠁀侖生𦋦李賁奇坤欣𠊛嗔使君哿𩝺威嚴添󱙼例法旦最些󱚢王府滥图例󰝂補㭲多縁󰅹刁等庫庒赦𡲤吘𥙩制詵羅例代初牢可補丕麻群鳩魂庄曾割例忍典㐌哿乙群鳩汝卢例命直户昆庄咍每辱𡧲塘侈𧡊小兒歌𠳒侈󰠲及伴𠫾詩調排󱙻户沒欺鄧詳鍝鋸鋸侈捁來咍㝵窒奢侈麻𢌌蒸庯花街外娘環玉篆群香手鋸号󰑼鋸𪮏竹篩來孛朗陀抛抛代後胡𡧲𢆥開大胡漢蒼囉侁侈及蒸塘𡨺𢬥󰭼德󰭼威民使󰭼時兵待󰭼威遣使𠓨棱尋柴所准意水木丐使固腮貞埃併吻𡀜運𠊚仙欺伴刧塵麻能崔崔勸渚咀嘆老它併鄧󰜋塘叱咍体孛中林占占丕庄損𣈜𨍦吏占榜春戾之𫢋衛西竺油麻底朱仍種妖魔卦厨娘咍呐卦呐奇初󰅒阴盛陽微常情温潤周易𠇍𢆥斈𩑛螠汫誇光子陽語㐌󰬵荣欣𠊛割𠊛迍准静堂𤽸銀詔素創光甕銅雙羅堆光強卞渚兮性氣光扦湼於庄䝨𠳒呐頑危沛㝵牟卢合光孤僕卞强蔑𣈜强兀旦昌𠰘𠊚似蜜味戈兀剛掛先弩半收兀岸扜𥺊𦷾㗂察察󰥎炊𦷾唏兀兀吏添𠄼兩鉑𣳔妬埃󰣞特𡊰功兩鐄車珠𤾓两𢷆行席春銅雀朋󰟯󰑼低𥛗𠱋𧡊永󰕛些押󱚢𤤰上帝呵拯安呵拯安烝𢚸𫠿祭𠁑金烏婫白雁䏾擂摧𣳔碧小童𠄽󱲙丫鬟𠄩𠸜川流吏拱相通童𠀧𨑮󱘴天同聖人官行譴𪜀鄭佐思聖善媄底𪜀命朋猿呌酉昆肝弄怛𪵯糁七固課江楼𣈜㐌𣋁船和群唯㗂丁丁󰘂营侯下專勤𠓨𦋦限朱除丑𣈘枚𨁪旗号銃𥪝外夾攻𬷤丐嘅󰇌涓身尊吒号布媄卞丐𫢩母指阮丐哿世昆丐於工世间𢁊仍粉麝香熏奥𪵯包𬼀業与丘眞孛浪㝵生於工世盎那沃𪜀酉酉庫酉䝨共𫽄𪿒斈朱典世買男兒吏󰝡白雉󰎓󱚢周王𡽫渃圭𠊚㐱𨔍𨓡𣈙𢜏及伴丕𢚸𬂙𧘇丕尼敬礼賞朱𤾓两金銀𦓡封爵當朝一品几𠫾𠊛吏思量闷遣托生爫𠀲於𩛜鄰祿𣳢汫好酒𨢇極言濃性盃𪪳吕並共󰜏󰀩覡󰲴童皮代茹漢𤤰灵帝𢆥𬧻埃𪟽運奇丁公啫𠁀丿化聀濃荘周󱪞𫀅蒸坦合槞桃石生󱪞𧯄噲公主𫥨𠳨傳𥚆𫀅面貌恪𠊛兼羅𠁝𡽫撑撑渃撑撑𡽫渃𫡁𠄩買有情范公廷重𠁟塘略韜𩈘日邅邅𠓬𠓨爲蒸固数劄編先弩半收兀岸入関中嵬承相府收特秦漢祖功先不和感汝羮充,Nom
