source,sentence,label
10-bai-ke-trich-thap-gioi-co-hon-van.no.txt,偈嘆哴蔑瓶蔑鉢蔑袈裟耨於廛伽𨴦茹經㐌玊楼香論篆定退禪院俸磋花身心瀝圭何有戒行𠳐隊教釋迦吶仍天堂共地獄法𣋀度特命些偈嘆哴損功𣈜𣎃煉丹砂,Nom
10-bai-ke-trich-thap-gioi-co-hon-van.no.txt,方士尋制㡳禮󰕒朝斗熊熊真北月步虚永永㗂散󰒥玊清㧠性諸典薤露還󰄒侈吏隊律天尊度世度𠊛埃几度命些偈嘆哴貂璫岸岸𥜌紅紗,Nom
10-bai-ke-trich-thap-gioi-co-hon-van.no.txt,明召恩封細󰕒傘葉䏾槐𩂏𩈘玊香汚𨤮栁淡󰈫󰒥󰒯圍羅綺𠊛森合樂𢷵琴琤㗂唯富貴𥚆腰歇𡬷𣛠嶤𣋀窖𨺻𠊛些偈嘆哴,Nom
10-bai-ke-trich-thap-gioi-co-hon-van.no.txt,鯨鯨𥜌把連巾紗場屋歆埋㡳礼󰕒冷𠖭𦍛秋如案雪𣌝霜氽彂論鞋󰒥才髙欣女公孫策事盛群傳𡩋戚筆墨涓皮志漉髙牢窖𠊚些偈嘆哴曽論天地免竜砂㸃穴尋竜泣每󰕒,Nom
10-bai-ke-trich-thap-gioi-co-hon-van.no.txt,造隊方真雪尋氣𩈘侈󰒥竜蟠虎踞袩𡗉運盛時衰讀每,Nom
10-bai-ke-trich-thap-gioi-co-hon-van.no.txt,仍吶汵哴坦坦咍𠴜特𠊚些,Nom
10-bai-ke-trich-thap-gioi-co-hon-van.no.txt,偈嘆哴牛黃竜腦免晨紗𩈘謹方牟積㡳󰕒針灸午咍尼脉絡束用驗别准󰒁華袖珍𦕳通𡗉症和叔方牟熟每髙𥰊埃埃調𦔳特𦔳𠊚𣋀𦔳命些偈嘆哴𢧐場迄迄氣風沙𢴑𦛌隊番課汝󰕒,Nom
10-bai-ke-trich-thap-gioi-co-hon-van.no.txt,信絶𣈜迡鴈紫塞愁𣻆𣈘永角梅󰒥𥊛滝銀漢𠀧更月枯𣛠楼船㗂外隘匈奴𢜠揲歇功𢧚補托𠊚些偈嘆哴氣天香𥜌珥沙,Nom
10-bai-ke-trich-thap-gioi-co-hon-van.no.txt,廊南𡉦少尼󰕒仃蔑𫃵黙紅謨粉悉銅錢咹㡳逴󰒥吝矧傷身幻化祝矇仍買事交惜春坤惜惜特𣈜㫾埃侯几待些偈嘆哴𣎀𣈜到到摆長沙𧵑改𧗱㡳秩󰕒𢚸𧋟筭筭堂勿詠𥚇𧋻窖了說文󰒥,Nom
10-bai-ke-trich-thap-gioi-co-hon-van.no.txt,𧵑非義𢧚渃𢚸不仁傳㡳沾倒𨋤袩固恪𠊚些吏半特𠊚些偈嘆哴鯨鯨𥜌把帽涼沙吝矧咍役󰕒曵𤳷盎夏𢀨盎㑹造烝廊栁細廊󰒥,Nom
10-bai-ke-trich-thap-gioi-co-hon-van.no.txt,醝隊盎伴茶伴𨢇𢝙弹㗂唱㗂劄𠰘共饒哴歷事世間埃易几欣些,Nom
10_nu-tu-tri_no.txt,吀𦖑㛪分觧𠳒尼𢢇勾十女朱󰎾曰無㤙生養似乎𡽫泰捔𬚸昌庫𢚶報𡊰虎拱男子偪𨕭孝忠産湼魁元𤎔茄𢧚者特功吒󰒂媄會清平𢝙󰖘𢀭𨖅群命󰐥偪女娘㐌輸輸竒每塘息台蜍𠄩親𨇜式珍甘群命虎分紅顔𪽝蒸月老多端定分矣旦歲掑簮粉髮沛定皮家室西𥢆世芇拱沛󰐥坊女兒役夷拱𥉫𧗱𫯳竒於爫牢朱𢚨䏾𫯳牢朱言行容工覩調,Nom
10_nu-tu-tri_no.txt,道深情𨤰沛别恩,Nom
10_nu-tu-tri_no.txt,𫺓朱吒媄來𦹳󰆙䝨𠄩𡨸貴欣𠦳鐄吒媄󰇕󰇕常朱㤕吒媄𠊚𠊚必妖當𫺓朱院特道常公姑𠄩󰁸沛傷如𫯳,Nom
10_nu-tu-tri_no.txt,唒𣘃𥩯闹鍾𠦳駟或色才拱𠤆固驕,Nom
10_nu-tu-tri_no.txt,世間𢗖抇㐌𡗉𪽝蒸愚卒󰈹塘性推吏餒𡥵貴宝欣鐄中外𤾓役擔当吒媄𫯳𥙷𢙇𥙷費女負傍庄貴庄傷𥋳䀡如体𠊚常吹𫯳咹於仍塘泊顛𥋳如𠊚固結怨𥢆𥇸𥉫景世𢚸煩故爫牢庄𢪀庄推𥙩些𧗱扺爫之生𡥵𦬑丐益夷别空蜍公姑答树珍甘遣媄吒𤴬疸為𡥵,Nom
10_nu-tu-tri_no.txt,󰒭㛪吒媄矣群森𢝙遣󰒭㛪吒媄離𠑬嘆唹造化机求意𠬠罪流傳󰔙代北球奴化𨄱别牢䟜圣䝨𢧚𥙷朱訛邉𫯳油媄油吒沛𢧚删朔如󰐥親生𠺥仍調𠴝䔲咹荄𢁑坤朱学󰏐偨𫺓咹花菓算分䔲荄女𢚸芇咹喝朱双䔲荄𠊚𠺥艱難,Nom
10_nu-tu-tri_no.txt,牢庄𢜝天廷𤐝察,Nom
10_nu-tu-tri_no.txt,停停𠠩眜庄𥹰奴拱吏刧争權歇𢝙拱𫯳𠻵𠯦媄吒𡥵奴奴貴如花旦𣅶意慘愁䔲荄掩歲𫅷𠺥𠻵辱台道𡗶𨤰意初𫢩奴吏於虐吹𡗋革初媄拱朋𨑮碎意咍夷麻媄𠰺碎𫺓朱淹瀋吀辰𠯆𠫾﨤景意乙辰沛息𫺓朱妯討敬妖沛𢧚推察仍調吶𨕭停扒隼泊顚𠎪意𥙩干𠬠役麻盘為𠬠𨤰媄吒生奴㤙斉𡗶奴女坡舖側之奴於𠓻𠁀始終𤳇失孝空平鳥獸吏𣸸推察𠬠勾,Nom
10_nu-tu-tri_no.txt,空嘲空𠳨吏辰𢼂扦𢪀浪旦劍銭吀泊誓𠬠𠁀空𨖅旦壻吏恨𡥵𥋳体𠊚外嘆浪别𫏾世辰固𡥵麻拱如空益夷他𤯰證吏辰固益唒肝鉄𥒥拱空淚凝罕責分𦟐紅泊抱况之吒媄𫯳𫢩乙𫯳拱𦛌肝他切𠰺𠳒吏沛𠰺檑𠿷不肯乙辰沛補𠿷𠅎吒媄劍𫢩特芇意志仉英豪忠孝群如無𩑛仍𠊚傷𡥵妖𡞕忋遊深情󰓱被准天廷𥱬罪,Nom
10_nu-tu-tri_no.txt,𤲂被𠊚塵世𠸍枚唒浪𢀨竒𠬠𠁀,Nom
10_nu-tu-tri_no.txt,蒭𩑛鳥獸吏辰剣賖𡛔虚意油麻坤窖𥋳如徒𦹵𤈞昌枯𡅳𠊚淑女丈夫𡦂情𡦂孝於朱公平扺朱塊𢢆拱𠊚𫏾合道𡗶享福𨱽𥹰清󰖆執整󰋇勾埃𠸦拱隊唭𠑬辰唭,Nom
11_di-cho-tinh-tien_no.txt,吝巾如注半𪃴錢𥙪空半半𠀧𨒒銅𠫾𢄂併錢,Nom
11_di-cho-tinh-tien_no.txt,沒貫錢卒忙𠫾,Nom
11_di-cho-tinh-tien_no.txt,錢𥙪𥺊𥻻貝𠀧銅𦺓錢𥙪𠰳𦧘蔗蒌𨒒銅,Nom
11_di-cho-tinh-tien_no.txt,固之麻併庄通錢𥙪𥺊𥻮𦒹銅茶鮮𠀧𨒒銅𤄍払𠲖,Nom
11_di-cho-tinh-tien_no.txt,𠀧𨒒銅蜜𠄩𨒒銅鐄,Nom
11_di-cho-tinh-tien_no.txt,𠄩𥗜渃𩻐𤍊𤉜𠄩𬙞𨒒𦊚矯払狐疑𨒒銅艿桎軫時沒貫,Nom
11_di-cho-tinh-tien_no.txt,别浪沒貫対𥙪𨒒錢,Nom
11_di-cho-tinh-tien_no.txt,沒錢價算銅連𦒹𨒒𬙞𥙪併𦒹𨒒番添𤾓𠄼𨔿門門貫錢,Nom
12_giao-tu-phu_no.txt,教子賦一切升沉生𩔗五濁爲𢚸爲胣傷丐傷𡥵𠺥庫𣎀𣈗㐌時時南争欣争舌𢆥𢆥掑局貪色貪財觸觸𢚸𢥈制排酒色貪仍荣華誇咹誇黙争人争我坤窖欣𠊛唐福唐仁𣜾爫沒拙名高徴世𣜾特包遲無常催速北南墓瓊要要𦹯撑黃壤偷𣈘𠊛呌𠊛哭閻王堆𠳨𠊛些祿辱𠀲時鋸𫒬分𨉟爫𠄩𠀲時𦀑𦝄渃銅扒㕵没𣈗𤾓番𤈜湼散情𢚸傷逼息,Nom
12_giao-tu-phu_no.txt,刀山萬刃獄卒圍觥劍樹千重牛頭穿觸火爐焒焒焒𤈜毫光𤒛𤓢𠊛些寒氷喝喝這冷󰐞󰐞招𫴋沒欺魂漂魄落㹥銅𠰘数𫥨仍火煙𧼌𨄹隊番罪人覚落鉄驢鉄馬鉄獸鉄鷹哺哏𠊛些黃泉欺意㗂哭停停准𠳿准呌,Nom
12_giao-tu-phu_no.txt,偷𣈘哰嚛㐌𣩂吏生獄卒頂排㐌𣹓歹歹業風𠺙𦤾侈吏𢧚𠊛六勒沒欺吏穿吏觸閍𠦳地獄屍𣩂重重𠀲咀𠀲呌𠊛𢥈𠊛哭𥙩爫𣩂制罪人盧落𨉟𦣰地獄宇宇𣈘𣈗𠺥傷𠺥逼姉㛪庄𧡊𡥵丐𫨩𣋀𨉟庫𨉟傷埃𥋳埃朔課𫮋徴世,Nom
12_giao-tu-phu_no.txt,𣜾特包遲𦤾𣩂平尼𠊛焳𠊛𤈠命𢀨命庫㗂哭泣凝,Nom
12_giao-tu-phu_no.txt,嘆責身浪庄𫨩爫福包饒𧵑卒𡥵丐支饒,Nom
12_giao-tu-phu_no.txt,地獄囚牢沒𨉟𠺥𣩂𪽞娘𡗉𠃣停底朱𡥵資薦齋壇冥陽水陸争饒欣舌仉𠃣仉𡗉奇具𠊛咹,Nom
12_giao-tu-phu_no.txt,兮之𦤾孛𢚸庄固討鋪㗂鋪名争我争人鋪名劄𠰘檜頭𠺥𣩂名高徴世吨仍𢀨𢀭扱准歐愁埃爲官聀朱𫨩羅丕施𪽞施娘爫孛爫厨修仁忍辱貪仍荣華𣩂𫴋閻羅𨉟沙地獄𦤾平欺意㐱可羅傷落沛條形𦛌分𠃩曲買别源干宇宇𣈘愁吁噅㗂哭輪廻閍刼𣜾吏𢧚𠊛隂府陽間死生催速别特𢚸傷保眾𡥵𫨩於時爫福臨終𢼂歇朱矯輪廻念孛咹齋,Nom
12_giao-tu-phu_no.txt,閻王買服油凢油聖勉特安閑施貧作福,Nom
12_giao-tu-phu_no.txt,𩚵咹沛𩛷埃𩛜時朱扒𠰘吹𢚸每𠊛沒𡮍,Nom
12_giao-tu-phu_no.txt,金剛常讀布施爫縁業與時除鋪𠊛君子𨷑𠰘債𦖻,Nom
12_giao-tu-phu_no.txt,係仉小人鳩𢚸毒悪埃埃貪利富貴𡗉皮扱沒𢬣空渚群盧凌爫害困民舍谷修身學隊翁莫仉𠓨囚落仍仉頑㐫𠊛於天宮仍𠊛賢討𢚸傷𠰺保,Nom
12_giao-tu-phu_no.txt,學道修行咹齋守戒盛衰否泰𡗉壻𡗉妯𡗉冤家女𡗉𡥵𡗉𡞕傘奇馭高些䀡平賊恩愛媄𤕔底禮出家報㤙買特係唐暴虐殺盗邪滛沛除沛扒隊恩𡗶坦𤕔媄生成朱急𠤆遲修行爫孛,Nom
13_tho-hong-kieu_no.txt,重簾不捲日昏黃絡繹啼來也斷腸幾度繫書君不答雁飛應未到衡陽,Nom
13_tho-hong-kieu_no.txt,象牙筠簟碧紗籠綽約佳人睡正濃半抹曉煙籠芍藥一泓秋水浸芙蓉神游蓬島三千界夢繞巫山十二峰誰把碁聲驚覺後起來香汗濕酥胸桂殿焚香酒半醒露花如水點銀屏含情欲訴心中事羞見牽牛織女星梨花寂寂鬭嬋娟銀漢斜臨繡戶前自愛焚香消永夜從來無事訴青天雲娥酷似董嬌嬈每到春來恨未消誰道蓬山天樣遠畫欄咫尺是紅橋芙蓉作帳錦重重比翼和鳴玉漏中共道瑤池春似海月明飛下一雙鴻一雙明月貼胸前紫晶葡萄碧玉圓夫婿調酥綺窗下金莖幾聲露珠懸香鬟三尺綰芙蓉翠聳巫山十二峯斜倚雨窻春色去鴉翎蟬翼半蓬鬆深深春水漾瓊瑤兩岸菰蒲長綠苗幾度踏青歸去晚却從燈火認紅橋素馨花發暗香飄一朶斜簪近翠翹寳馬未來新月上綠楊影裡倚紅橋玉堦凉露滴芭蕉獨倚屏山望斗杓爲惜碧瀾明月色鳳頭鞋子步紅橋桂輪斜炤粉樓空漏水丁丁燭影紅露濕暗香珠翠冷赤欄橋上待歸鴻橋畔千花照碧空美人遥隔水雲東一聲寳馬嘶明月驚起沙汀幾點鴻草花香煖醉春風郎去西湖水向東斜倚石欄頻悵望月明孤影笑飛鴻鐘情太甚人笑我到老也無休歇雲煙多是恨況與玉人離別軟語叮嚀柔情婉戀熔盡肝腸鐵岐亭把酒花謝水流時節軟語叮嚀柔情婉戀熔盡肝腸鐵應念翠袖籠香玉壺溫酒夜夜銀屏月蓄喜含嗔多少態海岳誓盟都設此去何之碧雲春樹合晚翠千疊圖將羈思歸來細與伊說鳳凰山下玉漏聲恨今宵容易歇一曲陽關歌未畢棲身烏啞催人別含怨吞聲兩行珠淚漬透千重鐵柔腸幾寸斷盡臨岐時節還憶浴罷畫眉夢囘攜手踏碎花間月漫道胸前懷豆蔻今日總成虛設桃葉渡頭河氷千里合凍雲疊疊寒燈旅邸熒熒與誰閒說記得紅橋少年游路雨緒雲情朝暮金鞍幾度歸來晚香笑臉迎朱戶,Nom
13_tho-hong-kieu_no.txt,斷腸處半醉微醒燈暗夜深語問情幾情應似吳蠶吐繭撩亂千萬縷別離處淡月乳鴉啼曙紅袖汗深淚痕深懷想何年了空寄錦囊詩句春欲去恨不得長纓系日留春住相思最苦莫道不消魂衷腸鐵石涕淚也如雨珠江江上送蘭橈長憶春纖折柳條歸夢不覺江路遠夜深和月到紅橋驪歌聲斷玉人遙孤館寒燈伴寂寥我有相思千點淚夜深和雨滴紅橋殘燈暗影別魂消淚濕鮫人玉線綃,Nom
13_tho-hong-kieu_no.txt,記得雲娥相送處淡煙斜月過紅橋春衫初試淡紅綃寶鳳搔頭玉步搖長記看燈三五夜七香車子度紅橋一襟擁恨怨魂消閑卻鳴鸞白玉蕭燕子不來春事晚數株楊柳暗紅橋傷春雨淚濕鮫綃別燕離鴻去影遙流水落花多少恨日斜無語立紅橋綺窗別后玉人遙濃睡才醒酒未消日午卷帘風力軟落花飛絮滿紅橋三千客路動行鑣遠別歸來興欲飄祇恐鳳樓人待久玉鞭崔馬上紅橋記得紅橋西畔路郎馬來時系在垂楊樹漠漠梨雲和夢度錦屏翠幕留春住牀頭絡緯泣秋風一點殘燈照藥籠夢吉夢凶都不定朝朝望斷北來鴻井落金瓶信不通雲山渺渺暗丹楓輕羅淚濕鴛鴦冷聞聽清宵嘹唳鴻寂寂香閨枕簟空滿階秋雨落梧桐內家不遣同陵去音信何緣寄塞鴻玉筋雙垂滿頰紅關山何處寄書筒綠窗寂寞無人到海闊天空怨落鴻衾寒悲翠怯秋風郎在天南妾在東相見千回都是夢樓頭長日妒雙鴻半帘明月影瞳瞳照見鴛鴦錦帳中夢里玉人方下馬恨他天外一聲鴻一南一北似飄篷妾意君心恨不同他日歸來也無益夜台應少系書鴻柔腸百結淚懸河瘞玉埋香可奈何明月也知留玉玦曉風長怨畫青蛾僊魂己遂梨雲去人世空傳薤露歌自是忘情惟上智此生長抱怨情多濕雲如醉護輕塵黃蝶東風滿四鄰新綠只疑銷曉黛落紅猶記掩歌唇舞樓春去空殘月月榭香飄不見人欲覓梨雲仙夢遠,Nom
13_tho-hong-kieu_no.txt,坐臨芳詔獨傷神夢逐梨夢遠歌傳薤露愁只吟橋上水亦作斷腸流堆層簾𢷀𩄴陽斜䋎𦀼呌傷𨻫咄唓𠇍幅書迻信沕永衡陽固𨤧雁𣗓過重簾不捲日昏黃絡繹啼來也斷腸牀玡𥴜竹幅幔紅𠊛玉醝𨠴𥇒職醲𤐡𣋽𡛤闌𢮿芍藥渃秋没𠖰浸芙蓉神過蓬島包包𡎝魂窘巫山𠇍𠇍重咥𡂒碁埃摳醒𨠍𣳡洃參執㵣酥胸起來香汗濕酥胸焠香畑桂𤄍臧臧缾鉑滝令花淡霜唅䋦情終𢚸悶解𢢆拱織女貝牛織露花如水點銀屏羞見牽牛織女星㖫𠲥花梨𤯭𡲈鮮滝銀𠓅吻㫼軒梅焠香消遣𣎀𨱽意固役之兜沛𡄩𡗶妸董娘雲𡲈恪兜春𨖅𦓡𢠣咍群溇𡽫蓬埃𠸒如𡗶瀋𣃣塊构欄㐌細橋雲娥酷似董嬌嬈誰道蓬山天樣遠畫欄咫尺是紅橋幔𩂏繞錦朶芙蓉連𦑃呌蹺㗂湥𧍰春准瑤池羕𣷭𢌌𠁑𦝄𩙳𠁑没堆鴻比翼和鳴玉漏中共道瑤池春似海𩯀𩄲𠀧𡱩結芙蓉𠇍𦰟𡽫巫𡲈碧弄𩅹𤁕牟春𢭗𨷯數𦑃蟡𢚸𪇍𦇒蓬蓬翠聳巫山十二峯斜倚雨窻春色去鴉翎蟬翼半蓬鬆渃春羕玉𨔊𣳔溇坡𦹵𣙺𧀒綠染牟𣇜㧺青𧗱𡗶㐌𣋁畑賒蹺𤊡認坭橋,Nom
13_tho-hong-kieu_no.txt,深深春水漾瓊瑤却從燈火認紅橋素馨香倘買誇牟征𣄥葻簪察𠃅頭㗂樂群賒𦝄買𠊜吲𠽔𩃳柳𢭸城橋一朶斜簪近翠翹𡍞玉霜招桎𠇍槽𢭸𥆾𣋀斗𣄥𧗱兜𢞅牟𦝄泊印瀾碧鞋鳳寬寬𨄹𩈘橋楼花征𣄥暎𦝄𤄯𤊡𤒘紅𤐝點湥𧏵霂㵣潭香簪玉冷𢭸城橋𥪸待信鴻漏水丁丁燭影紅露濕暗香珠翠冷邊橋花𦬑𤊧層空𩄲渃𠊛賒隔𠇍重没㗂馭𠵙㘇𠁑月邊滝嚛嚛𠇍𡥵鴻美人遥隔水雲東花𦹵香迻𤐚吏燶西湖払虐渃𣵶東忱忱𢞂𢭸构欄𥒥唭𠁑𦝄青𥛭䏾鴻草花香煖醉春風郎去西湖水向東鐘情叱墨𠊛唭些𦤾𦓅吻群買蔑𤌋𥷻調䋦𢠣𦝄霂方之吏纙離別俐記丁寧浽情淶浪肝鉄燶沚歇場亭酌𡓥欺花殘渃沚浙,Nom
13_tho-hong-kieu_no.txt,𢧚𢘾襖翠香篭壼氷𤄍燶屏風𣎀待月別包𢜠𢜠𢠣𢠣指𡶀誓𡽫他切應念翠袖籠香玉壺溫酒夜夜銀屏月𫢩別𠫾兜𣘃春𩄲碧𡲈青𣊿𠦳疊耒抌農浽𦄾𦀾𠯇𦖻𠊛別此去何之碧云春樹合晚翠千疊一曲陽關歌未畢棲烏啞催人別,Nom
13_tho-hong-kieu_no.txt,唅怨㖔愁𠄩行珠淚瀂鉄𠫆瀋歇𦛌𣟮𠇍𡬷仍𣅶迻𠑬坤掣柔腸幾寸盡是臨岐辰節𢘾𣅶沁段𡳒眉夢耒夾𦑃踸散花𠁑月边腋吻常掩豆蔻𣈜𫢩庄戈虛設還憶浴罷畫眉夢囘攜手踏碎花間月𣷷𣺺桃葉𠦳𨤮氷𤄯合層𩄲重疊畑殘館客矑𥊚吶共埃別寒燈旅邸熒熒與誰閒說𢘾𣅶𢝙𨔈橋紅准𡳵𩄲𣌋𩅹𣋂拫抪鞍鐄𠇍度𠫾𧗱香倘唤唭𠚢迍杵記得紅橋少年游路雨緒雲情朝暮金鞍幾度歸來晚香笑臉迎朱戶准斷膓𡛤醒𡛤醝畑𣋁𣈔𣌉吶𡮈𠳨意情之情妬絲蟳捽𫆧𦁀𦇒強𢤫𧁷斷腸處半醉微醒燈暗夜深語問情幾情應似吳蠶吐繭撩亂千萬縷准別離噲𠓇𫚳呌𦝄劍𤏣襖紅𤸧淚瀋𣳡洃別包𢢯浽洳慛慢勾詩𠴍啂別離處淡月乳鴉啼曙紅袖汗深淚痕深懷想何年了空寄錦囊詩句春喉喝𢠣庄特𦀊𨱽撲𩃳𢭼春護相思叱苦埃𠸒庄消魂㤈𢚸𨫊𥒥淚𣻆如𩅹堵春欲去恨不得長纓系日留春住相思最苦莫道不消魂衷腸鐵石涕淚也如雨迻𠃅𣛨蘭𨄹𣷷珠𢘾欺𢯏柳啫徐𠑬夢𧗱包管塘賒隔魂㐌蹺𦝄𦥃盡橋夜深和月到紅橋㗂喝迻𠊛咏㐌𥹰畑殘館𥛭仍𢞂愁相思淚意包𡗉湥和𣿌湄𣎀瀂𨑜橋夜深和雨滴紅橋畑殘𢫝𤊡𠁸更收裉襖潭池淚乳珠𢘾准娘雲迻餞𠓀𦝄斜𤐡𤁕𣉳過橋襖𧹥牟春買淡牟蓮鐄迻𨃴玉掑頭䀡畑𢘾吏𣎀𠄻𠠩没賈車香𨅿塊橋没𤗖𧜖單仍撘愁玉蕭咏㗂㐌自𥹰䴏空𨔾吏春㐌晚𩄴柳青青𩄴𩄓橋傷春潯瀉𠇍𣳔珠𩄴燕信鴻別𣄒兜渃沚花㵢包浽𢠣𣋂斜𣵰礼𥪸𨕭橋流水落花多少恨自𣅶窻紗隔別𠑬𤄍濃買醒職𣎀收當𣌆𩙍𨏄𥯋疎捲花用葻𠖤𣳪泣橋濃睡才醒酒未消,Nom
13_tho-hong-kieu_no.txt,塘𠀧𠦳𨤵急𩢦駒隔別欺𧗱約趿𠑬楼鳳𠲖𠊛𤷱眜待挎𩍢逐馭𥊢𨖲橋玉鞭崔馬上紅橋橋紅𢘾吏塘西路欺馭払𧗱𦄾𠁑梗楊喻職夢梨雲和𠇍度幔絁𤭸錦春群妬郎馬來時系在垂楊樹漠漠梨雲和夢度錦屏翠幕留春住泣𩙍牀秋㗂惱憹𧆄湯紴𦁂𦰟畑𢴋𡑩北𣋚𣈕絶𨁪鴻牀頭絡𦆎泣秋風一點殘燈照藥籠𣷳汫𤭸淶信庄通𡽫𩄲眓𣋻𥊴𡶨峰𧝓纙𣼩透𧜖鴛冷𠿈𠯇更𣅙永喠鴻輕羅禫濕鴛鴦冷永𡲈房香襘冷㳥㙴秋湄𣳔𦲿梧桐園陵𠸠庄𠊛過吏坤𡑩通信𡥚塞鴻音信何緣寄塞鴻行淚堆边𦟐𧹻紅關山信息𨇒芇通双絁𣼽汔芇埃𥄭𡗶𣷭包羅痗𦑃鴻玉筋雙垂滿頰紅𧜖鸞𩙍律冷如銅払盡𡗶南妾𣷭東﨤𨔉𤾓吝調夢奇𨕭楼慳貝𥝥𫚳鴻衿寒翡翠怯秋風𡛤𦑃簾疎奉執廛幔鴛𥋸律暎𦝄𤄯𣊍𥊑當体埃𨄻馭愊浽𨕭𩄲冷㗂鴻北南𠄩我𡏡飄蓬𢞆浽堆些庄没𢚸𣈜恪固𧗱慛拱枉𤂬鐄坤𢭮幅書鴻他日歸來也無益淚涱𫆧担担𤾓帶𡏧玉撙香㐌罕耒𢘾𣅶𦝄𣌉㧅𥮋玉𢞂欺𩙍𣋽𡳒眉𧍋曉風長怨畫青蛾梨雲夢担拖散魄薤露歌傳仍咏𦖻買別忘情𥢅上智身呢群𥿁䋦愁𨱾僊魂己逐梨雲去氣㲸層𩄲𡏧庄蹤𧊉蹺朝𩙍𦑅𨒺塳疑派𡲈粉欺抪綠𢭮𢘾腜𣘈𣉳𣳔紅濕雲如醉護輕塵𠊛歌香倘閣𦝄𤄯㦖尋職夢梨雲𡳶𡎢𥋴湖蓮𨻫擲𢚸欲覓梨雲僊夢繞坐臨芳詔獨傷神,Nom
14_gia_huan_ca_no.txt,排歌𠰺𡞕𠰺𡥵撻卷册𢪱𢬣𦣰擬係爫𠊛𠰺妓時𢧚粉𪳔喻拯筆硯拱人心𧘇𧯶天理芇因從且錄𠓨國語爫排歌𠰺𡞕𠰺𡥵𠳒咹涅於朱坤拯𢧚多過多言𪨀芇咹纆𠤆美苗扯捽形容停--𥋴𥉫沒𣃣𠄩沛適中湥𨱽湥𥐇拱空係之欺-𡎢𠤆奚疎矧㗂辱牙女𥗾典𨉟曷湄丐分泠汀-𪳔鑿𥙩𡦂貞爫頭箕-几漏-節玉-鉄釘願𣅶焒箴𡥵賢爺媄亭心沒茄𦹳匿𠦳𢆥碑傳怒仍几渃願𡽫限𧡊味花𧊉-蜂嘲𠰘𠁀羝𠴕別包動𠚢國法辱𠓨家聲-𠊛𠠩𥙩𨉟搊吏坤𠀧𢆥停𢘽沒𣇞𢵋之𡃹𨢇勾詩茦牢唁辣渃棋濕高-頹㖼𠚢𠓨獜朔吏排夫三菊-丁妬𨑮-𥛭鬬荆祖𩵽轎𪮞-傾自𣋂𠫾--𠤆調--欺𣋚沁畑焒分明或欺會喝灵亭特𠳒𠰺旦時𨉟仕𠚢𠚢時固媄𫅷㛪𡮈停-𡊨-屡空能吶停珠𩈘珠眉𦖑𠚢噤--𠹽能芇𧵑秦便質招寒拫客-艚渚罕欣低拱停物渃古𣖖接賓祭礼羅𣈗-荒咹於𠤆恾𢚸頃刻-半停貂卓𢫝迻-停加滅過驢半停抪亦益些害𠊛渚忒𦄿𧵑𠊛劍-渚倒顛吶固爫空𢀭𢀨拱𠤆誇容別𨉟蔭分停𢚸輕埃庫巾𠤆勿奈怨悔歇否耒固𣉳泰來扲斤造化在𡗶𢀭𠀧户庫𠀧𠁀-埃停競-貪唎撻蠡利仉朱時害仉撝拯𢯐-女𢯦捱典同𥮊過𠲖荄䔲𡗉或汝少沛調領暫喻𠃣𡗉料𣌋併冲拯-迷唏銅戈吝朱卒時𢚸買-𫗁𠼽-𡎢耒補歇係調之吶𠃣買能鄰羅𢴑助𢴑-㐌虛功役吏-㗂沁役𢄂布斟斟最-𣇜半衝料倍𠚢衛𨷯茄𥋳朔𣌋𣌉收-收院每皮每衝防仍仉固𢚸姦勿段耒𠚢沒𠅎𨑮-惜忱-狠𡎢魚輸𢞂催吏覩朱在𡗶徐准於尼𡎢台貸-𣵵頭𥆾丕珍-埃𠓨-𣵵𨀈蹎鉢𪾝哉左襖𧜖𧀟床雖庫-𪧚-𦹳瀝固能之詔-𡏧-圖咹式𤍇朱𣃣常常𪧚𥙩--唁𫅜芸𩛄債潮清𨤔歷拱學寅𫗁格𠊛些-𫋿與-弹婆𪖫金𡮈抇買羅女工𣇫在家沛從父敎欺𥙩-𪧚道貞專𠠩羅孝買祖先係𣈗愈節空--茄圖供給香茶淨潔蹺禮儀-納寬台咹𡗉咹歇朱耒𠤆調𤴪冷-催吏衛唒內外𠄩皮拱丕停爭衡边𧘇边尼劬勞𠄩𡦂高𠫅沛-孝敬𣎀𣈗康康,Nom
14_gia_huan_ca_no.txt,𨤼傷典買能-𠵩悶朱些𣌋-𠚢𠊛諄勤妓𩯀蹎𦖻-𢚸編底-𠳒鑿𥱬,Nom
14_gia_huan_ca_no.txt,停𥘀弭㗂𨨲㗂苝停摓-𩈘-𩈘鯪固時𣌋進𣌆登粓唁粳𠮾朱平姉㛪喻拯固時淹沒分𠊛窮些𧯶恨些牢或欺𢗖-調芇打滕𫔳𠠩𧼋𠓨𫔳𢖖欺蔭冷些侯𥋳朔-𥹙粓湯-每皮𠚢𠓨𠽄𠳨容儀𠊛陀-事些時安心役報孝沛斟𪧚孝儉咍豐共料随時停調爭競𢺺杯𦖡𦖻廊渃底唭𣈕𢖖道𡞕-情溇義愛吏拯𢧚𩈘再𩈘三傳兜補帝朱淹停-边𧘇衛讒边些册固𡦂入家問諱欺吶能沛技𠶛-妙揚㗂順𠳒𣟮據𠳒-𠰺買淹𫔳茄𠤆𢧚𢚁𨉟些才色-吶𠚢--吱𠸦吶乾如於逼𨕭常欺動典祖先過𠳒干恨典事𠁀昂𠑕-撮𠚢湼𫔳荒茄𡦂随羅分彈婆柔媚底胣朱訛擱外喻磊分﨤𠊛酒色能﨤𠊛棋泊留連𡮈𡚢㗂𠴕𠳒圈寅𫅷捥買𢆨𣟮吏庄沛繩虐哏𪘵𠹾苦𠤆撔頭迎古舌身緣𢆨﨤𠎬文人熟句相敬如賓爫𢚸業畑册圈-什社㗂鷄鳴𢶢者-𣈗勸-𢖵典道柴雖浪物𡮈噲𠉞礼常印𥙩𡦂糟康之誼停恾勾妬忌之常----梗鐄𠠩払𫅠𩈘𢖖娘拖𢬣勾塘丐𠸗𠉞拱丕佳爫𢧚𥙩𦉱𥙩𠀧𥙩衛侯下茄些添槐㭁桂固羅𡥵埃拱䏧䏦拱𦖻眜世劍些𢧚粉翳花隈擬情咹競𦣰外蔭𩛂𢧚悴𥙩𠊛𠀧-世買沛法蜍夫子𧘇買羅道處諧和𡦂随𠱆曲宜家𨷈塘樁且沒茄𨤔榮箕仍𠀲𩈘常勾固客典茄𠳚㹥𠻵猫拮𠳒𥘀似--㐌𠚢--吏𠓨-𡥵客𧗱段𢜝-𠅎𥴜-𠚢塘拯矯𩈘-係𣈗伴友交遊差𠊛解𥴜-圖接𠚢喻𤾓恨時些底䏾固重𠊛買重-些随𠊛設待𨢇茶𠳒浪𧵑𢭮-些𠫾塘𧘇羅院倫常朋友吏沛詳𥪝道姉㛪道姉時於𥉫𨖲道㛪𥉫-朱淹𫅠朝𠰳裴𠮾删超如沒欺𪱆湄蔭焠拖𢬣𠇍饒如鉢渃菭𦲿𫅜撢-䏾𣘃--道叔嫂沒茄明白另嫌疑心跡𤑟𤉜濫𥉫𩃳𤒘蕓長-名𠀧渃撩𦎛𨷈茄奇𥪝外拱羅彈𡥙䀡如𡥵腰-拯差銅--𥹘𣋚𣈕𠤆𢚸寅物𠤆𠳒招釘徐户莫朗-行笘拱於朱𥪝蔭外淹㗂嘲㗂𠳨朱𣟮拯輕埃拱拯嫌怨埃𧘇言行各𠳒恒𪧚吏謹調居處朱全係𣈗朔望晦弦買𣈗月信仕-𠴗-欺胎產關防--學古人訓自𥪝胎滛声𠤆底𥪝𦖻惡言𠤆𡮇動𠳒--自出入起居行動固禮儀嚴重端貞-𡎢正大光明朱平坦勢𠤆迎歷𨉟𠤆援高拱停恾𥘀停咹圖荄䔲粳-停咹歇𠤆咹𡗉餒徐𥪝胣塊調𢥈賒欺生𦬑泰和無事謹徐欺𥪝䏾外旬朝霜𠤆底襖裙頂頭沛澮𨀈蹎沛-尼𤇮壁停朱-焒𦰟畑花𠤆𠵩過言𠶛-𤾓事-𧷺𠠩𨉟安胣𢖖𡥵𠃣柴𣈗𡥵㐌別𨔈別𧼋,Nom
14_gia_huan_ca_no.txt,停朱𨔈擒梞𨅹高停朱𨔈鈽𨔈刀𨔈𪿙𨔈焒𨔈鑣固𣈗撈朱瀝空能-渃咹朱𣃣停約高梁務冬𣎃夏適常停揞挹過停--𡥵𠰺徐𣇫駭群𤽸渃腰朱杶扒灼𥙩𠊛呈𠽔𠳐㖡-𡎢𡛔𥪝金𥿗𤳆外筆研𧵆墨顛𧵆畑時𤏬於瓢𧷺於甕時𨱽罗之𡥵固種埃福德在母羅𠳒世間爫媄𠤆咹乾於與買𡥵停𠯽-過𠳒能之粗俗仍𠊛𣋚𠉞具具時𣈕婆-招㗂𠚢斷𣘃斷檜𨷑𠰘𠚢固𦰟固梗典𦖻勃拱空𫅜-𡥵輕婿世情𠸍𠶣𧘇仍𫗁𨕭𠁀訛𤵺坤時徐買沛𠎬𠊛生𡥵時𠰺時餒別塘沛債攄𠳒-𡂰𢆫奇坤定姻擇配𢀭停貪庫𩟡𠤆泥妯賢壻討尋衛䀡宗䀡-矯迷𦓡𢗖處買婿沒𢚸敬重喻渚能停喠𠸍𣈕買妯𠰺𠸒沛𠳒扒寬扒抇別埃朱𣃣𦎛敎子讓迻𩈘認墨持家撻-恩威𫃚𠓨羅分奴婢𠰺嚴於討𠄩皮院𠄩固勾啻朝𠊛𥙩役拯呵𢧚遮𢷄𠊛些,Nom
14_gia_huan_ca_no.txt,能時奴於𥹰𠚢渚時奴𨀈芇些伴之沒𠄩仉沛欺汝度固時朱拯固時催拯𢧚𠲔-𥘀𠳒飢寒侯易固埃悶之𥪝家運盛衰固命道鬼神時敬逺之-湄解結固欺沛斟粓茦停迷骨柴茄拯--能固-㐌𧴤𠚢補--停高𢬣-仉固名符弁拯補邪精現𠓨推朱透邪芇犯正據聖經𢷀瀝異奇箕如仕道媒尼催旬供佛吏欺粓复南无佛遊移𠄩𡦂𢵋饒浪信女善男𠰘浪徐毒徐滛𢬣吝長曷刀-沒蒲仉-役於㕑拱固仉論-遁主拱𡗉姦頑窒墨爫高摱名和尚利調貪滛拯戈仍愚民惑態福德兜擬吏𦓡𥋳𠠩𢖖固閉饒𠳒保僥-𪧚𢧚𠊛𦹳名喻埃乃固情拯據腿壽楊吻𪧚空除𣈗𣈗𠻵𣌋杶𣌆常常𠰺-𦓡𠚢從之梗箕𢀲𢜝欺庫振鉄怒𪿥𢖮罕𢧚金演喃朱便𦓡䀡𠰺茄𠠩㐌耒-𠰺𠊛排歌𠰺𡥵於朱固-𥙩塘咹於𠰺𡥵唒𦓡﨤節渃𡽫磋運於朱固德固仁買懞𠁀治特咹祿𡗶傷𠊛必左虐吹傷𠊛汝𨀈傷𠊛𢪱撝傷𠊛揇-雉疎傷𠊛歲作𫅷奴貧寒傷𠊛鰥寡孤单傷𠊛𩟡𪶭𦣰-嘺塘𧡊埃𩟡𪶭時傷𪶭時朱墨𩟡常朱咹傷𠊛如体傷身𠊛些沛𨀈庫巾典茄銅錢鉢𥺊-𠚢-低勤儉噲羅爫緣𢆨些於准平安茄𠊛残破拯𢧚擒𢚸㗂浪𣈗𩟡𣎃同傷𠊛扒𠰘扒𢚸𦓡朱𠰘欺𩟡-欺𩛂𧵑雖絲𩯀義搊𠦳重𧵑羅𨷈事𧵑終生空𣩂吏𢬣空固之於朱沛固仁-𦹳名頗吏爫牌𠰘𠊛賢𫅜𥙩㗂買𠁀𢚸𠊛腰悅羅𡗶度些灾殃患難調戈𡏧塵𢷀瀝寔羅徐低鐄雖𡗶拯𢭂𢬣平安𠄩𡦂䀡齊-𨑮𣈕𢖖錢𠃩錢𨑮𤯨𥹰咹買𧵑𡗶𧗱𡢐箕𠊛咹於幾求於時拯別𧗱𡢐防𨉟𧡊埃𩟡𪶭時輕格芇羅格益𨉟時𢧚-𢬣𠁑沕𢬣𨕭𤀓驢曾庇奔𧿐曾銅於時拂-单籠吶時𨷑𠰘如𧏵如仙肝連過𢖵鉄-𠰘--擬移錢泊𠚢𩈘𫅜窖吶實他想如扯𫔳扯茄朱饒於芇未𠸍之兜如從𥖩坦酉頭許𡳪𦖑時買沛羅𠊛拯𦖑時拱羅𠁀補𠫾排歌𠰺𡥵𡛔於朱固德行分𡥵𡛔於共吒媄𢚸沛斟學窖學坤沒𣈕出嫁回門分蒲柳價𤄯如玉窖羅窖𩛄𤄯𩛄𤀓吏頑藝𦄅𫃚𦁼綿坤羅坤-沛塘𪝮吏論道㨢巾所繓坤拯想謀驢灼-窖拯誇𨤔歷朝斋𠸗𠉞侯易-埃𠰘坤𢬣窖朱𤳆特𢘾分羅𡛔尼𠳒敎勸朗𦖻𦖑古傳買𢧚改䀡𠸗仍堛妯䝨兼四德容工言行工羅覩味𥸷式𩛄任抇台塘𥿗𪖫金容羅湼𩈘玉莊嚴空他切空潮呂瀉言羅𠰺呈疎𠳐-,Nom
14_gia_huan_ca_no.txt,行羅塘𣦍討敬𪝮𠸗𠉞-仉妯賢容工言行羅仙凡塵分𡥵𡛔於茄詩禮朗𦓡𦖑傳計三綱唒愛恩共𥴜共床道-聘君親之道爫碎𡥵止忠止孝爫𡞕時止敬買-𠤆誇𧧯𨉟泊𨉟錢停董鼎𢚁坤𢚁窖皮妾婦順從羅道拱如邊蜍主蜍吒𨷈𠦳停腿驕訛-些空-腰些空憪權命婦羅𨉟爫主𥪝大婚襖𢃱親迎敬𠊛𡞕法於禮經職分沛斟藝蘋藻𥪝閨閫𪧚䀡巾襖𨕭祠堂斟役珍饈徐粓羹个䏦各圖唒𡗉𠃣所朱𤄯沖瀝朋樣𧘇神明來格勾有齋𢧚㗂底𠁀花𦹳埃女補淶𠊛坤埃女𥘀𠳒典埃皮內助役𥪝䀡察𤯺能時𤾓役調𢧚渚誇𧧯𡗋-𡗉錢𡎢咹買𡽫𤷱𡶀-役茄固仉咹𠊛於徐𥪝外𡀿保𠠩𡢐圖爫咹𣈗底兜-班最吏收衛朱覩𪔠更沒-陀倍𥄭𤯺能時斟-役些屡奴婢𤳆𡛔𠄼𠀧粓-𠃩空朱--𠀲搓-𠀲時㨋𥺊𠀲𤇮時-役-粓咹断耒朱眾擬宜畑些吏-𥪝𤇮吏停𪝮雉碎隊疎𢚵𠳒𠰺浪-焒拯𨔈朱能大富𪽝𡗶仍𦓡於世庫𠊛歇-擒杄鎖-塘收發-招𦓡--買𢧚𥋳朔徐曷𥺊銅錢停𢚁固咹群乾消與-常沛䀡朱𡥵於拱停乘𠤆少爫之仉賓朋典沒堆欺圖設待䀡朱仔細𥪝茄沛𡀿饒固意停𠳚猫𠻵㹥𦓡圭𥪝英㛪千載一時𢀨爲𡞕仍𢀭爲伴潮𢌌狹随机應變道治家待客恪牟陳-沒墨-兜-𩔗蒲各別兜-之分羅𡛔衛爫妯奇役些斟-准祠堂𥙩𦰟蘋𦲿藻凄凉箕孝養成周家法宗族典仍欺忌臘䀡朋樣貴客嘉賓固𡦂浪道重親-易-欺𣇫冬如𣈗-𣅶祭畢-𠓨-𩜃茶頗設待接朱衝-常油-㙁墨𢚸欺固户䀡朱仔細渃㐌断𨢇連因体𠽖小侯𢫕𩜃接𠚢茄𠁑些買户弹婆𥋳朔𠳨弹𡥵弹𡥙空補率羅情腰-埃拯𠸦羅德夫人論𠁀𫅠𩈘夫君爲蒸主婦親親別調皮奉養堆边吒媄-沒欺跢覩蒲灰擬賒吹𢗼-𢗼𡎢𢚸拯想貪工惜役塘調護錢空𪾋惜墨夫君-役茦湯雙𦓡些㨢--扛調咹-𠳨𪡩随適𢚸𠊛約𪀄𪃿个䏦圖-咹油-拱謨随𠊛唹式𠮾式䣷仍嘉味懞朱進食䀡羣襖能-矯-𢚸腰親沛謹曾欺-𢚸𡗶坦証知妯賢固孝㗂𥱬底𠁀尼𡥵𡛔属衛坤道坤德柔湼𡛔妙揚沒堆欺蹎𨀈𠚢塘皮尊長時𢚸敬讓-拯沛羅些唏向義鄉鄰沛拮㗂朝朋𧡊𠊛頭泊歲高固-隊呈碎-拖時𠰘-吱𠾦埃女於𨕭𠁀𡛔於湼那𡥵賢𫅠𩈘媄吒-和腰𡮶户和敬終𠰺仍仉弹婆身𡛔﨤沛-棋泊𨢇茶𠉞翁絲婆月卒車緣分𧘇別爫牢特於羅沛尋謀解灼𠮾𠳒勸𥹰共能𦖑𣅶貧泊干𨢇醝-能粓𥹙論皮婦道𠤆𡞕硯-添珍罩如傳之焒𤈜油添拯朋欺𧜖蔭𥴜淹能𡅧𠰚塘坤-沛𣷭恩愛𡞕-羅義唒𢀭咹庫𠺥朱甘能之燕北雁南康康沒節朱甘所願道𡞕-羅緣金𦰦本𡗶生𣷭愛源恩箕埃浽陣風雲拱爲𡛔𡗉分𢗖-分𡥵𡛔𠃣塘敎誨,Nom
14_gia_huan_ca_no.txt,𧡊-腰易𥙩爫憪𠰘差訛吶仍-乾䏾驕傲沒𣈗沒逞道媄吒陀空別敬皮英㛪吏拯能讓䣷-台仍性剛強埃羅𠀲𢀭𦓡𠺥丕塘家法空咹𠳒𠰺役敎刑旦沛𠚢𢬣虎身㗂泣東西農餒𧘇歇調坤窖勸仍客桃絲柳要𥙩爫𦎛𠤆扒灼之沒念敬順無違𠠩羅塊辱𡢐時𢧚名傷仍仉弹婆秩𠰺吏﨤-𢜝𡞕如魔責之𦓡拯腿驕訛仍驢競鋪𠼾爫智皮户莫空能敬𢘝擬奔𧿐錢鉑羅坤塘家財空別援捹擬他切襖裙羅窖𪃿邀屋防鸞枉要𤇊眜𠚢㐌𤍊彙烏役中外器用各圖墨𡥵𡛔﨤-𢧚丕皮內助仍-𩔗𧘇福德箕羣吶爫之𠸦朱婆月窖𦀺英尼聘買姉箕當𣃣排歌𡞕勸-𡞕-些絲紅問𥿀因緣尼婆月窖𦀺呈英身妾𢜗衛腰時𢧚卒𠤆泥愚癡管包磊落參差牟清𨤔歷𪾋皮特兜妾𠳐𠳒𠰺𠠩𡢐願䀡杄錁-侯襖巾𠠩羅蜍奉先人𣌋𠽄最𠳨慇勤拖英𦊚方払駭經營椎-經史習情弓𥏌功名懞隊恩𨕭群中塵累駭吀酉牟𠳚呈侯𪾋勸兜色防傷腎𨢇瓢傷心妾吀払𠤆耽滛仍尼棋泊𠤆斟爫之世間𡗋仉顚迷襖裙蓝縷𠊛時如魔妾吀払另朱賒沒念忠孝底和立身閉𥹰仍待龍雲桃絲柳要𢭮身英雄𠸗𠉞𡛔隊恩-顯榮補𣅶粓𣑁𥹙𧁶恩𡗶功㐌特填払𢧚官奇妾𢧚侯婆排歌𠰺學徒於朱沛道芇羅仍仉學徒𦖑𠳒柴𠰺時𢗼所𨉟義吒生拱功媄養時𣎀𣈗思想𠤆𢣧𠄩功德𧘇𥘀台䀡朋𣷭𢌌𥋳齊𡗶高呈𠳐辭遜𠮾嗷𠫾衛疎啐𠚢𠓨𠽄-𩛄-个䏦粓羹𣌋-台𢫊底-罕灰-常𤼸𠮾𤼸裴㨢-嘲𠳨拯𨔈兜羅擬功庫辱餒些旦𣈗奇𢀲懞朱-𧷺計徐𣅶唉群胎孕典仍欺餒饢--𥘀泥𠃩𣎃鳩芒功生朋越𣷭𨖅渃𠊛断催𣅶𧘇𣃣耒挹揞乳-拯移𨕭𢬣懞朱別-別疑別傳別吼拯𢣧包𣉹𣈗𠨡渃𣇫癡疎包𣉹柴𤴪閉𣉹吏𢗼𢗼朱別-別蒲懞朱別-懞朱別𡎢断耒吏𢗼欺-痘群雉𡥵𡮈𡮤吁啊𠀧𢆥乳-𡥵疎計功吒媄別幾垠芇𡦂浪生我劬勞𣷭漊坤啻𡗶高坤皮如𦓡﨤𣇫平時錢𤾓鉑𨔿役之𢗼歐能羅﨤𫔳茄𢀭𧵑沉𧵑浽易侯𢗼之雙些本㐌寒微吏生𠚢沛﨤時干戈隊蹺劍𩟡切他半奔秦掃朱戈𣅶尼役茄役𫔳專𢬣𣎀時悁𥄭𣈗時悁咹虐吹-搏𤹘𤶑蹎𪅆蹎𪆧芇分寬台形容咹-雷催襖時捉尺袴-𡳪𩽸艱難隊段𡴯𧹅𦓡朱𡥵學固潮包容世間-仉固𢚸固功𡗶罕停功底徐悲徐乱落𠀧爲機𡗶乱渃𪱆湄羅常-𡥵學以文章固边仁義固塘顯榮乱耒吏固欺平欺平些咳𩵜鯨揚-醝-經史𠤆𢣧鉄-決𢖮固𣈗𢧚金買臣箕買羅肝蹽𡽫劍檜焠炭𢫊油𣷭聖漊固加功洡棱儒荄𥊣-衝坡𠀧𢆥秩杜魁科𡑝𧏵-馭塘花-旗陳平茄泊𫔳疎𩟡𩛂拯管㙁-拯泥讀書𠚢志男兒𢴇劉卒㐌六奇𢧚功-揚馭騎車容𣷭漊个奇捤摓捕欺𧘇羅𣇫𠠩男兒悲𣉹畑册𣌋𣌉世芇𡦂浪乱讀書高欺𢧚拱勢恪芇𠊛𠸗𪱆𥹰拱固欺湄𣙩-時吏特-泥之枚欺撩扁名題魁科吏﨤特時聖明,Nom
14_gia_huan_ca_no.txt,祿𡗶爵渃顯榮報填德義養生閉-補欺𧹅庫䣷𨢟捕欺畑册捕𣈗艱迍陛𧏵𡱸-𠃩吝𥪝朝墨𡱩外民權衡沒潮羅沒聲名𪽝蒸固志學行時𢧚包饒羅𡛔嬋娟𦝄蜂𦟐粉拱𧿐蹎𠓨㐌𦟐𧺃吏𦟐桃𦹳荍味麝-嗷味香𨇜味仍式膏梁山肴海物𩛷常𢫊𢭂𤞼-𥸷𧺃茶艚埃埃羅拯典侯爫碎-𫅮𫋻-清台沒𠳒𠰺典𤾓𠊛吔𠳐㗂彈㗂笛熷𤇊勾詩勾賦吏𤼸𡃹瓊中外官客灵亭撩鉦內室傳笙宫堂拂塵-𦑃架𦎛欺𢶻帳𫃚欺揚𥴜花𠊛侯𠊛下眼如𧺀扦𨤔紫鐄坡牟紅茄昂圮-重重侯𡽫𡥵-小童绳爭佳誇歷𡛔誇清𠚢𠓨鞋漢宫营𨀎-𣃣𢀨頗吏𣃣𢀭爲蒸吒媄班頭生𠚢義固𠀧羅𥪝柴伵𠰺-𠳒沛𢖵丁寧義養生孝忠羅勢塘功名固志時𢧚排歌勸學徒沛斟學𠠩𫔳孔宫牆𠃩仞𨀈𨕭塘𠓨𫔳雍容𤾓官宗庙𨔍𨓡學行朱別始終𤍊詳禀非常恪欣每物𢖮爫𠊛𡗶拯虛生賦朱𦖻眜聰明性情汰覩刼生院全堛聖賢𧘇空𪾋啻雙爫𠊛固志時𢧚開心徐𣇫少年老經小學𠠩連朱通讀朱典中庸大學四書耒吏讀五經詩書易禮調精春秋義奇朱明業茄䀡朱典百家諸子𦉱𨑮𠄩鋪史拱通𣌋𣌉於准文防筆硯-墨伴共蹎𢬣排精義共排文策精賦詩每𨤔文章沒畑沒册沒床鍊畑𥕄鉄𢧚鋼固𣈗學徒-正心爫𠓀買修齊平治調安綱常-孝爫先四端五敎朱全功生皮道德家庭沛講府天君光蕩精微理朱格物致知𥪝時養德外時養仁業四民沒浪𡦂士藝農商工賈坤搊道柴次一羅儒算醫理數𪾋𢵋聘排泣朝廷中外𨕭𠁑仍羅𠊛襖𢃱帶巾𠁀芇拱重芸文謀謨揲亂經綸𨷑𡋂鋪經史漏通業學准書堂曾讀𣋚𣈕官𢀨拯固𥢆埃道𡗶芇負仍𠊛讀書箕𠓀歇文人才子唒庫巾經史能專爫𢧚重職高權𥪝外埃拯羅𠸦堛賢-𥙩𦹵蒲編𦓡讀𤽗温舒志學買高払弘空册別-摱經𦓡學曰𠓨𤗖𥯌椎抌肺矯欺𢞂𥄭𤽗蘇秦志趣讀經𩯀撩梁𧘇王生底朱易𥅞學行更𣌉𣇫油歇册持𩃳月払孫卿𠺥𪶭𣎀冬怒𤽗卓胤油空繓包-𧍈伴共書齋𦠘-檜𡦂時𠰘讀朱買臣𢧚㗂名儒李生拯管工夫搷𤛠撩册沒鋪𨕭𧤁𧘇仍𠊛𠓀曾庫𤹘𡢐爫𢧚聀重官𢀨爫𤳆志氣昂藏𠤆浪危苦滯長爫之瑩𡮤𡮈歲時𢧚糁役讀書㐌𣌋精通老泉歲奇加功𠄩𨑮𦉱歲𢲫𢚸學儒晏神童歲𣃣𢧚𦉱杜状元㗂-𧵆賒翁梁㐌典歲𫅷糁𨑮𠄩買杜科大庭塘雲程-𡢐-𠓀𡦂功名埃劍之埃係𠊛固志固才𩙋搈墨-坤𢴐坤𢯦拯𢜝仉𡗋柴𡗉伵𧡊些𧹅𠚢事壻輕書中𡗋𨤔顯榮𨀎-侯下灵亭馭車拯𢜝仉𡗋錢𡗉穭擬𨉟浪固𧵑時欣書中金玉無萬菭溪鍾鼎-滇鉑鐄拯𢜝仉𠄼妻𦉱妾㐌罕浪卒𫅠欣埃書中固𡛔絶潙仍𠊛𩈘玉羅𠊛𨤔榮拯𢜝仉座昂圮-輕些浪寒屋凄凉書中峻宇彫墻樓𧏵閣鳳榾樑連𩄲埃固志𣎀𣈗鍊習蹺𠊛𠸗朱立買𢧚學朱希聖希賢役之通別拯煩累埃准林藪-才-德泣𦊚方吨𠽋時名詔花高價玉𫅜車鸾固𣇫宫營固𣈗,Nom
15_ngoc_kieu_le_no.txt,𠦳初𥪝分侶堆欺𢧚𡗶拱朝𠊛朱𢧚朱浪吝木包番兜兜拱𢴑𦀊緣吏寅-之才子佳人𠄩边我浽銅斤買朋傳尼户白金陵於村錦石𠸛稱太玄甲科𤽸嫧冊畑太常𡲤預𡎢權正卿𥪝尼日白天青同朝-屡灰醒當權--𨆢𨁪村園𢚷公名𥙩林泉爫𢝙英㛪少几羅𤳆没㛪𡛔㐌嫁外山東没命𥍍儉𩃳樁玉𧕚𪨀渚應𥪝恬𫅜-𣈜求懇篤誠瑶池𢜠㐌没梗花淶囷𤍌𤒘吏没𠊚-芇𦘧特色才朱印達朱紅玉羅𠸛𢩣香--湄-𢪲-茄萓𦰟𦹵調囂吒昆𣋚𣌋慢調爫𢗃隊番𦘧月吟𩄲盤𡆫点坦泛-和韻桧𫅷扔朶花春探花挸撰𥪝尘渚埃仍羅𤀓没-𠄩歲-𠉞㐌細外𧷺𦝄朝廷扱𣇜兵興車鵉㵢-𨇒氷𡎝外新君景泰𨖲𡾵碎奸𣌋𫄓䋥𡗶坤容𡧲𡗶吏𤈜暈紅援𩄲𪱯泣細𥪝廣寒包饒碎𡳵退𫔮吏朱森合没團𥪝𩄲白公两慮念西歲尼㐌旦澄尼身名閉𥹰𣷭宦濛溟旦坡群想-𨉟女牢双麻恩渃別包當欺多事-芇爫清𡲤𥪝都會神京儉之才子底停攄緣行裝懺所𨖲鞍提携親眷𪱯沔京花細尼安准官衙針針據役國家𣎀𣈜-耒𧗱𠃅軒西没-親友吏𡆫詩歌𡗶秋扱𣇜淹和没𡑝菊𦬑𠄼花𡲈調賞花當𣇜逸迢外花𠄩位同朝細制没翁御史都臺蘇渊𠸛哙方回表称共𠊛原貫金陵𢼂科㐌改𧗱滕河南没翁侍講翰林,Nom
15_ngoc_kieu_le_no.txt,吳珪𠸛正瑞庵𠸛常買白公共同鄉吏情戚眷吏行同科𠀧翁君子𢪊𠀧茄-𠫾吏本羅心交𢜠饒𠳨𠳨嘲嘲𨢇花驕祝𡃹桃菭潙當欺醒呐醝唭𪱯-𧡊御史臺户楊羅𠊛別籍建昌𠸛羅廷詔拱坊同年𡥵𠊛忌刻𡮈𡮫珥味道義𥘀边𢀨𢀭灰𦹳易固於兜麻外𦲿𩈘貝饒哙羅共𡎢𡴯-䀡花共𠓨𡃹節共-𢴝彈席醝--侯殘楊浪特𣇜偷𫔮易芇悲除詩興當豪共饒此浽韻騷没排白公𦖑㐌𢞂𦖻吳公𢘝意興𠳒浪𢧚共饒賞菊没篇白公𥄭𥇚厔軒𧵆𧵆小姐雖於房春別楊羅几小人仍𣈜樁堂𡨸性𥊣𣦍-欺結怨𢖖尼庄制遣𠊛𥋳濫特排草台吏遣底尼𠠩𢚸白公㐌醒職濃𧡊篇代笔𦊚𣳔没張吏添𤗖紙𠄩行𠄩勾𡨸𡮈寓塘箴規浪長安准是非吀停𥙩傳酒詩謨詧公㐌能意𠸕𠻀吏戈𠠩𥴜吳蘇共𡎢楊浪伴拱終𢝙爫之𤴪冷如𠊛仍仍翁浪勉強沛𠳐哙浪𨇜草敢浪賞花詞詩䠣-迻-秩命底笔森麻𥋳終䀡催几咏𠊛吟花鮮湼笔玉𣳔𠳒騷楊浪才敏-芇笔空𧡊曰詩牢俸耒白公---唭於低侯易借才埃低吳公-擬催-𡥙些庄矯爫𠳙翁𫅷𢪀催仍庄呐-唭-扔-㙴花吏唭楊強𠳨悔𠳨-傳制固-排外抌昂-芇嗔𠰺𤑟𤉜朱甘胣服矯𤞽𢚸-吳公吃-唭疎詩尼甥女小姐大題詩文𡥙本𨇜㛪曾此没𠄩期㐌咍𧡊白兄𣇜過醝𢜝𢚸各博拖𢬣朱𫅷楊浪如丕才花白兄嗔𠰺寔他朱明白公嗔𤋵真情寔如𠳒吶吳兄鬦芇蘇公𦖑吶𠸦劳才閨閣價風騷埃皮𠳒浪生女勿悲福-乙𧡊門楣固𣈜楊浪品𧘇才尼鬚眉渚易𠇍𢬣路羅拯咍包𢀲歲花詩桃㐌咏宜家渚詳翁浪滥𨁪書香歲𫅷設浽悶恾熊羆𢆨生没-女兒哙羅宇𦘧𥙩夷才名𠉞皮𨑮𦒹歲撑𩙌東渚動旦梗桃嫩楊浪女嫁男婚爫吒沛料朱𡥵及時公侯門護儉之尋尼富貴定儀姻緣𠠩羅分𥘷特安吏添声-強𥾽親家落𦖻仍㗂辱牙吳公吏𢷣隣羅傳之共饒𡃹-𡃹-席殘分手調𧗱私家楊徐𧿨𨃴吏茄想才代笔𢪀麻𡃍牢𢪀命門户拱高茄尼-𧘇杜𠓨拱昂𢼂羅公子楊芳呐皮容貌堛常凌仍産𪤍襖-裙𦝄文章𡨸特𡨸庄蹺隊𢭄𢬣柴相𪧻𠳒𦘧撝浪志浪才誇-白公本別㗂芳吏曾排斫劍塘此䀡𠇍番𠴍𩵜𢭂𪀄公旹貞摘没念浪空楊強--鳩𢚸詧尼易隊𡗶終特芇徐欺動𣷭𣼽泑𪀄篭渚易-高𡴯𡗶旦皮趿役公差割𠊛北使逴𡾵上皇寔封𤼸没本章役尼固白太常可差九重頒-詔𡗶加銜工部欽差虜廷𠻵信調動𢚸驚蘇公倍旦叙情咀嘆催它𫄓沛謀奸別牢攑塊運难尼朱語羅志氣交孚連𦠘廊庙支吾渃茹拯-几正𠊚邪共冲伴友𨠳-餒尼公浪𨔍傳初𠉞正邪侯易没𣈜𨅸堆况之冲道爫碎㐌𠫆𩚵襖敢奈死生勉些院𡨸忠誠-𣜱冲胣囷撑𨕭頭嗔英庄路㧅愁耒低些吏趿饒倍之𧡊𠳒鉄石知知蘇強添重添爲𨑮分浪英-𨤮風塵群㛪𨅸吏没身牢停𥪝外拱役朝廷料机外補另命買安𦖑信掣浽驚惶𨃴蓮--湥湘湥洡哭浪𤾓事爲碎𪽝身翳分朱𠊚-奸底吒吝-関山𡋥淋油𣹘霜寒配坡𢪀之分𤘁𦑃花-爲塘詫埃麻咏𠽄𡲤𠲖狼子野心女欺阻𩈘易扲凭𢬣𠸠油𣌋別机尼旹甘𫔮逸如𣈜𠓀双爫之吝橘𡏧紅抌身臺阁振𥪝泥塗楊老夫楊老夫詧尼-旦𠦳秋唉群公浪固𪿒之𡥵𠊚𣦍𢭄㐌-𧷺察-爫碎朱院道碎𩈘芇吏扒斫𠊚謀身朱浪戎狄無親𥙩𠀧-𥚇捥寅拱衝身吒包管竜冬𪨀𢗼宇宇闺房身𡥵𨕭梗没𦰟桃嫩汝干𩙌秩湄𣻆用移沛尋寄托没尼𢭄𢬣住石振潙狂波群當𢗼併𧵆賒吳公皮𧡊細茄𠽄-𥘀边親義交情蹺𠳒珠淚浽-曾行哯𪘵-浽老楊勉饒挭𡨸綱常羅忠-凝翁買排𢚸𪨀群--役𥪝𫔸茄闭𥹰𥹰𡥵-吒𫅷悲除吒永別羅𢚁埃𥘀情𢧚敢𥘀𠳒-情傷特没𠄽分庄-凝吳買疎浪情箕義怒埃朋堆些𠄩茄拱体没茄𡥵英旹拱体羅𡥵碎役尼𠳐領𥙩𠳒料机𩂏𢶢防𠊚奸非菓梅𠀧𦉱當期𠳐尋吉士定義朱𡥵-英役渃朱𧷺停𢗼𢠯女渃𡽫添強特𠳒如𦬑𢚸鐄翁旹𨅸𠠩𠰺娘𡎢𢖖插饒爫礼叩頭義尼唒蕯𣷭溇坤填倍鐄吳買𨅸𨖲役茄路沛勤拳如埃共饒祝𡃹離杯扲𢬣咀-嘆𨱽少兜娘旹--㩒頭𦛌鵉𤉗-曷珠𣿌潭翁浪父子情深別離庄路傷心𣅶尼-𡥵歇道草𣦍奉蜍母舅拱齐母娘從權駭認嚴堂弼唏𡨸白𡨸紅㗂賒𠳐𠳒-𠠩㙴花轎花𨇍𨀈𨖅茄吳公役茄翁㐌停𢚸𢺺𢬣𨄹𣦎𨤮紅趂-芇咍廷詔賊𫅷歇-謀怒吏-斫尼算調-妬-低𢘾唏宫阃押-朱陳𩈘芇𨅸貝小人蘇-湖廣按巡省賒吳旹告假𧗱茄没團親眷埃麻別埃𠰘𤞻㐌脫塊外森𡆫枌梓清台琹棋特𠳒鄭重分岐𪧚牢朱論没皮始終想才闺秀女中尋-朱特英雄當堆新春趿拒淹𡗶𧵆沔固会看梅景㕑,Nom
15_ngoc_kieu_le_no.txt,吳公乘興春遊没瓢景色印圖天然梗梅𤽸点紅氈錦𫃹𨤔歷𩙌-牟香習耀仍客文章疎題删察边墻少埃翁它固意𣥱𥋳𡳃墻𧡊固没排清高才尼窒品風騷笔尼-帖㳥𠓨劍兜𠊚尼庄訂陳朱旹楼花𧘇綉球待埃群𠲖渚特𧡊𠊛才冲別固如外尼空女欺科甲-功舌才闺女負𢚸眷兄䠣蹎𨄹泣終觥𡢐㕑落𧡊書生没坊𢪊𥆾𥪝固没払巾𣃱味碧襖長渃撑熙熙目秀眉清固兜潘𧗱群生旦-蹎停䏾𢪀𩈘-罕如𠊛𧘇才尼旹催𡄎𠸛落欵買耒浪蘇友白沛𠊛尼庄遣𠊛𨄹𠳨別澄別𠸛別歲別浪孤身別浪尼於拱𧵆別浪府考案文𠸛頭緣尼吏沛摱兜𠰺隊媒䋦𠓀𡢐𠸕詳浪些茄固沒娘闭𥹰排粉封香待除埋兜扱攑情期固蘇友白年皮銅斤吘𠳒𢚁貝氷人吶𣋀淹𫅠𨑮分朱𢧚特𠳒𨇍𨃴楼軒拍𩄲𪱯濫𩃳仙洞桃想忱𠊛𧘇福芇蘇生別固聘𠓨特庄即旹止裊氷澄細尼趿𣇜賓朋當冬停蹎𨆢吏𨅸𪱯除欺清永買𠸣𡮈蘇原払友白户蘇於烏衣巷業儒本茄唤初李白才花達𠸛世意𡨸羅蓮仙𠄩𨑮當擢青年運茄沙淬身𪬡雷催固翁叔父方回旹它改籍隔潙渃滝没畑没冊没童没命鄰六萤窻𣈜𣈜𠾕番忖恜念西𡗶它生-澄尼-身道𠊛𥪝固五倫晨昏旹惜双身屈耒𠁑旹行雁𥛭雷意𠄩倫意舌催別包群-伴朋友之交拱𡗉面-易芇心知𤤰碎羅會可為𢧚功名拱固欺遭逢旦如𥪝道𡞕-𫅠緣香焒綏𣳔詩書沛朱𠄼𤀓𦉱-𢆨-拯𣌋旹𪱂倍咦仍從𩄲渃詫之牢朱才色𠄩皮院𠄩身尼麻拯﨤埃𡗶箕之底朱𠊛虛生仍羅命立志命鄰羅-孔𡑝程闭𥹰﨤期考案𠸛頭賓朋共旦𢜠饒哉𢱎𥹰𥹰埃乃調𨆢𨀈𠓨䋦㐌拮𠳒嘲疎唭-呐-勿潙浪吳公固小姐没娘𨓐-國色天香𤂬男渚趿東床𢭂絲拯咍趿攑包𣇞浪才浪貌浪皮侶堆朱𢧚𫅷吏迻𠳒𢯢-弹産-𠊛知音𧡊𠳒生唉疑心浪吳公位翰林當朝乘龍几重𠊛𢞅𥿗桃耽问𠓨𦼔𦹵棦固兜傾國傾城庄戈拱度才情逼中䋦浪呐沛𠳒空拯旹払此亙功没吝吳家固院賞春楼高阻-𠓀𡑝𧵆塘𣇜朝賞景拱常料机𥉰-𩃳𦎛矯浪𧡊𠳒合意倍𢜠𢴑𠳒䋦買移蹎-𧗱𪤾枚生𨇍𨀈𠫾边塘𥄭𧡊簾𦂛𨕭楼𨅸觥𠇍𠀲侍侯没娘托幅𥯋珠當𡎢香沉倘倘𠖤淶𠠩頭-玉花𦖻𤈜鐄𥹰-吏立另𦎛意埃妬庄沛娘小姐𣋀麻𥆾技丰姿劍边窈窕孟𢘾点粧丕旹拱堛常常𠸦埃國色天香達調埋麻扲凭𢬣掉挵𢬣𡮍女旹漂秩船天萬𥚇䋦渚信俸仍𢴑吏丐緣無情𧿨𧗱𡎢忍輸更責𠊛迻𥚇惜命𨻫蹎𢪀賒催吏𢪀𧵆吳公羅几名臣甲科㐌𢚸下顧旦些裊抌事意呐--𠊛料𠳒辞咥唻排債緣固-押奈特饒𢚸𥢆埃易別兜左𥯒媒䋦𣌋𡢐吏𠓨浪它運用斫高船漁蹥𨇒源桃透渚浪算用斫𩛷初吏𠲖不雅吏摸路唭媒𧗱𠳚𥛉𨕭𠊛兑身䕯浡𥘀𠳒渃𡽫𪨀群更更𢚸𣜱寒门北貝高门𢢆𢠅身名𡲤唉竜冬燶緣花燭𪸟𢚸書燈扒𠳒催路呐能𠱋傷咍責拱𠳐敢煩䋦浪窖--顛別修𠇍刼朱𢧚果尼𠊛仙𢴑吏盡𢬣猪-楛𥒥拯𢯦絲毫䋦強-切呐包生強没迍𨑮樔呐戈即命䋦買𨆢-速𨖅旦𠠩吳家呈排𧡊𠳒拱𨔍𨓡咍𠊛尼麻侶緣尼-安𢚁𢬣師友𠽖連㐌番呐湼吏番𠴗寅生強咥-陳-𥙩𠳒謙遜拖弹曾-吳公𧡊丕拱油據尼埃𥚯断兜麻疑原茄拱固小姐𠸛羅無艷歲疎外𨑮姻緣𣌋㐌定耒仍徐𣈜𣎃群𣾺星期産𪤍粉点鐄吹噲羅-苦固咦容顔特娘𣋚𣌋結團边㛪边姉㗂弹㗂歌娘旹鄭-餒茄分命𢭗-分𫅷賒侵強𢝙--宫琹拯知音拱知音矯麻欺旹𨕭阁䀡花-𢬣拱托幅纙𢝙鍾欺旹摱笔寫𢚸錦屏姅幅綉防没身沛欺無艷賞春𣃣欺友白外𡑝𥄭淋朱𢧚庄𡮍関心默埃呐蔑沕扲空𢯦無情埃𧴤麻咍吳公𨻫仍𣎀𣈜狐疑公文俸𧡊報𧗱没吝𠄩本咨移--没旹使事完成白公㐌𧿨𦰟旌𧗱朝㗂絲没𦲿華褒欽頒勅授公曹侍郎㤕情油𤋵風霜準朱由驛還鄉養𫅷没旹鄉會𧵆科攄𢬣翰苑底麻候差吳公限假㐌耒科期遵旨細尼院堂𢜠尼當𠇍𠦳鐄𠓨𥪝皮呐買娘特咍荣鄉𧡊𦲿旗𠖤-蹎迍逴-𢬣嘲唭隔𥹰瀉𢖵排𢝙傳塘-演傳𠊛儉溇白公浪𣇊𧗱朝楊些𧡊旦儈頭謝恩浪爲薦舉得人特陞光祿吏𧵆尊顔嗔傷𡮍義鐄-塊愚-㐌-散𠫾耒𧡊它知過旹催惜朱底丐椎唭𧗱𥹰吳浪年誼貝饒量春埃固執兜嫌詧催-庄路排路尼-固傳払蘇買奇頭𡳪引吏没欺欺旹扱攑欺旹䋦萌強番強没丁寧冰傾渚別意情爫-白公𦖑呐𠸦-丕旹𠊛意品高埃齐絲緣固-押-催旹役𡥙𡢐尼默㛪𡃹情拮達輸𣎀㐌殘䏾兔買淹職槐--南北分𢺺几-京國𠊛𧗱家園-它父子團圓群昂昂事姻緣掛強咍兜婆月絲王吝-拱𢬱暈𦎛吏𧷺蘇生自課辞婚役常幔董𫋻温搥埋𠫾𧗱螉𧊉默埃㨂房春吏待𠊛淑人𢪀浪-請鄉鄰𠊛仙兜-𨃴塵麻懞没番决沛亙功祸羅固扱𥪝𨦩長安𪿒顒袄呂粓韓𥪞霜埃几迻炭妬除嘆身悴分謹魚承差俸𧡊迻詞家親𠳨-買別原根羅蘇御史按巡回京冲書計𠲥事情餒茄迍蹇餒命孤单闭𥹰隔阻関山悲除因便役官𧵆沔江边注唉杜船𠰺𠊛親信朱𨖲逴払䀡書𢜠𢙲倍傍省親埋吏便塘求緣承差朱𠓀-船𠰺童勝馭𨀈連蹺𡢐侵侵-馭𨇒-台台落裊別兜羅坡秦銀旦壙我𠀧𠠩塘𧡊几𧼋-迍塘歇嘘歇海驚惶𠄩𢬣扲𥙩-綱庄-呌𨖲浪固低耒--朱領𥙩檑馭尼愕然𫅜-渚咍𨕭鞍倍𠳨奸𣦍-芇定神買𠳚消耗寒荆俸趿屡芇刧𠫾𧴤-浪裊三岐𣈜𣋚𠉞度申旹𧡊信趿𠊛騎馭少年丐檑馭意羅緣岧摓𠵩浪窖呐𨔍𨓡干之樾馭麻懞𧡊𠊛𠳚浪柴㐌𠸕耒係𠊛庄信𠳚𠳒朱明浪𠊛番意出行求緣-𥘀塊情𠫾低𠸦忱柴意買柴,Nom
15_ngoc_kieu_le_no.txt,𠰺尋梗柳底台檑扲𪱯-洛𧡊荒林柳𫅷𢷀-陰森滕賒細尼𦖑固弹婆哭𠹚悁㗂切他動𢚸速𠓨呌破西東棍桄散歇𡞕-𧡊饒共饒𫏾馭叩頭祝𠊛緣卒庄求麻𢧚𠸦柴生買𠳨𠸛𠳚浪羅賽神仙哙常勾容准寓𥪞廊隔低澄没𡑖塘庄賒𦖑𠳒羕拱𪉽麻蹺船洛裊侶它旦低別𠊛群待麻咍拯旹𥊘吏𢘾柴没番𠓨低𠸠固絲緣朱停蹺住細沔神京念𥢆𥢆𢪀没命𨀒駒-蕩𨤮撑-𩂟𡽫兑皮唅暈烏边塘𪱯𧡊固㕑觀音駐蹎𢭗俸禅林固師和尚静心-𠶆房齊-待粓斎唤師道德白𠊛姓名景禅𨤔歷牟清𨕭座十殿𡄎幀三塗𡎢㕑因𠳨役㕑拯咍古跡新修㕑尼師浪拱渚𥹰𣈜,Nom
15_ngoc_kieu_le_no.txt,澄𨑮糁𠃩𢆥𠉞旦𣉹興公固几崇修羅茄户白官居太常爲爻子媳闷恾㕑廛爫福畑香篤成福𠊛三宝証命桧𫅷𢜠𧡊𦬑梗茶縻度持感德慈悲常𣈜供養𠃣欺𪸟-唭浪窖呐荒唐没𤳆羅固𨑮娘計之師浪𠊛渚番皮裙釵堛意鬚眉𠇍𠊛色旹湼柳装梅𠁑𠁀丐這𨕭𡗶翁𣋀才旹書畫詩騷吐-錦鏽呐𠓨珠玑果修修仍包除拯-音妬群疑浪埃生𦖑-𩯀産荄如𠳒師𠰺意𠊛咍仙𢆥𠉞澄𠇍青年拯咍曷玉蓝田群冬師浪深瀋楼紅頭墻別𠇍𧊉螉哉排招求渚當没𠊛,Nom
15_ngoc_kieu_le_no.txt,旦𠉞𨑮𦉱𢆥𡗶群空𪱯-俸月掑窻傳朱師-僧房𢪀宜没命払准房斎擬𠳒師呐徘徊曾干桧槐埃撻朱安托簾𥋴月𨄹園䀡花隔㕑澄姅-賒咏𦖑固㗂𠊛些呐唭提澄趁𨀈細尼没園楊柳𠄩𠊛𡎢𥪝停蹎納-𥊘𪱯𧡊朝咹默-𣳔儒冠-𢬣局𨢇交歡-蹎𡨸五結團英三勒盧几笑𠊛談𦖑-如苦當爫詩之𠊛浪英扔韻枝恪芇渃沚𩄲𠫾珍漏𠊛浪韻意𠓨兜如韻思買窒牟清台𠊛旹笔拮墨𥓄吟𠄼𦉱伴曰堆𠀧吝𠊛浪句結買神𪉽情感慨𠮾韻萧騷吟𠫾吟吏𠸦唠拮𨖲喠疏讀高全題𧡊𠊛月下吟詩-唏拯特弼肥唭𨖲𠄩𠊛𦖑㗂自然𠻀-夾𩈘𠳨連浪埃生浪枚𨀈𨄹制特𦖑佳作𠇍𠳒清新朱𢧚𢧚𢷵奇精神恕朱浪拱味文𡥵茄唤生靣貌才華浪𥪞𦊚海拱羅英㛪况之㗂應唏尋友生吏沛摱𪀄芇求撟𢬣𥪞席𠶆饒生浪㛪旦㐌𥹰𨅸外濫𦖑吟讀皮耒沛庄新柳意排佳章𠸦朱同道拱廊𣼽-弹隔堛墻𦖑-共饒名姓𠳨戈生旹蘇姓𠸛羅蓮仙没王卿意羅𠸛没軌如意𣳔傳户張𠄩𠊛供於同鄉張旹固㗂𥪞廊富家書楼𨷑𠠩園花貝王卿沕鄰羅常𣈜不期拱趿饒低几吟詩柳𠊛醝𡃹桃王浪𠇍几廊騷唱-易窖和𠓨庫吹𡄎䀡新柳没排㛪低㐌沛讓才張兄生浪才意㐌停拯咍原唱才情旦兜張浪固𫔯之饒𦲿書懞旦𣳔溝御橋𧵆低固白小嬌蕊桃厭-群撩𨕭梗固欺景永庵清𥋴𣑳新柳寓情筆花挸才𨖲扁開科𪧻牢朱律俸娥廣寒𨔍之才子紅顔𢧚㛪和此宫弹尼𥋳尼尼原唱全排唱尼和意䀡才芇欣生䀡𥪞胣然然才尼妸謝娘班拱讓張浪㐌別味香趿低此和没章𢢆夷特𠳒曼-𢬣題筆花没捤首詩㐌耒𧡊払才敏𨔍𠁀扲詩吟𢪀別兜志𢌌才高𥆾-湼卒讀𠓨𠰘-王浪尼當伴蘭两雄𨀐𨇒騷𡊨群埃生浪兜特如𠳒𨅸𠓨原唱群𠄽吝𡑝拯咍閣錁楼垠眜塵特𧡊𩄴春庄𠴔王浪𠊛玉價鐄厔西唉直暈陽俸-没篇兜㐌稱才思乘此亙没排女於旹𠳐枚𣌋㛪迻𠄩英拱吏𠄩詩納𠓨默𠊛取舍量芇分埃𠱋濕𠱋高默𡗶浪𦖑𡗶渚𢴑𠳒連𢬣吏和没排糁句𠄩𠊛--𩠓頭席𢝙皮满刻漏点𠀧生浪嗔暫𨆢-尼觀音寺意羅駐居𠓇枚嗔庄敢𪱂嗔浪止信罕如如𠳒張𡎢𢪀吏咀𨱽-𢝙窖俸𤘁𠿃-塘𢪀命粗陋堛常𨁪䕯別固𠓨𦎛粧臺𢪀命才貌院𨑮𦑃帆欺易迻吹阁滕悲除空錁吏𪘵𣈕低侯易呐浪-低王浪庄路𡎢癡斫溇㛪㐌𢗼𠳙𪿒夷之边𦖻𥊘吏忱旹撫𢬣浪斫用奇買高速𧗱𥙩鉑連𢭂王卿補襊隊𣋀𠫾連董郎尋特𠊛涓白家老僕本𠸛侯𧵆𠯇𦖻呐事求身𢭄𢬣出鬼入神轉𣒱𠄩篇和韻𢭂𢬣分明落欵𡢐尼𠄩𠸛没旹落欵蓮仙頭句論固𡦂穿初初没旹落欵軌如𡳃句論固𡨸思停停料牢朱律特鐄悲饒唉預謝情群𥹰𣴓𠳒𧿨吏書楼共饒𢭸𩄴𫔳楼待埃生徐𧿨𨃴房斎-情𫄓-魂梅貧神閉𥹰目下無人埃咍浪買𨀈蹎塊外佳人羕固沁唏㐌師𠰺傳吏𠊛引詩默埃𨉟庄別餘𢆨-旹拱羅-渚牢群𠲖園閬𡴯高𡥵螉別固律𠓨旦尼仍麻課𠠩天台旹刘阮拱羅𠊛世間𡬷𥢆陳濁更殘𤏬𣈜據𨇒𠠩園𨖅制共饒吏𢷣傳唭勾蒲勾㗂詼諧衮昂紅桃㐌産𠄩張詩埃乃曰𠀧章𠄩𠊛王浪庄路𡎢佳㛪羅𠊛𡧲𠳐陪𠄩兄特除惶道出行埃𢧚㛪共分荣𠃣𡗊攔𢬣指裊蓝橋𦰟春海海迻饒𨀈塘細尼外-前堂矧蜍皮𧡊老蒼𨅸外王卿𢬣指𠄩𠊛浪𠄩𠸛意固𠄽卷文𢚁𠓨𠳚旦大人-程朱𥊘𠠩𡑝鄧侯疎浪𠊛買𠫾兜卷文嗔領耒𡢐𠳚𠊛駐兜嗔𠸕別尼或欺𠊛固𠰺𠾕女庄𦖑𠳒𠸕指𤍊澄共𢭂詩柳吏氷𨤮槐𠸦謀老董買稽拮𠄩章意𫔯𠫾別形據如𠳒𠸕王生𥙩𠄩章𠠩底呈白公翁徐弭挭桑蓬𤗲身庄𡮍蓓紅播綿分𡥵群𡮍渚安因排詠柳𨷑篇和韻𠳒-落眜高人仍油爲餒擇姻𢢯-俸𥪞逺族固𠊛𥙩情養子𠳚𠊛孩兒頴郎𠸛意愚癡性乾八索𩈘離空湯族情公拱𪡇囊局油兜窖抌昂添油没𣋚𧡊董蒼頭和章𠄩幅𠠩楼𠳚申𨷑䀡没首云云没句羅没唭-没回思兜固思𨔍𠁀𠊛兜麻吏固𠊛吳倪𠸦朱肝𦛌𡃍稽䀡𠸛落欵𧡊題蓮仙次𠄩吏𨷑没篇起承㐌𧡊首聯新奇歛𢬣讀率全題撫案尼寔-詩盛唐囷兜埃𨯹𢧚鐄麝兜埃押𢧚香炸-䀡𠸛落欵軌如𢜠沈𥪞胣𠮾外𠶣𠾕娘-𠠩軒梅𥙩排和𠠩迻制朱娘領䀡底-倍傍𧵑兜辱㗂文章-𠁀領䀡排女次𠄩謫仙兜㐌𨕭𡗶降生-麻湼笔劍精𥆾-朱技如形債饒敢嗔辨白鐄鍮矯欺魚目混珠庫𢚸公浪面試旹衝--埃易𫔯𥪝脿𤷍帖名没𦲿詞𩄲𠰺𠸛董老𠶆柴軌如𠳐𠳒尋旦楼書𠀧𠊛當𣇜論詩共𡎢𨀈𠓨迻帖呐唭𨷑䀡只𧡊没𠊛户張張䀡湼𩈘𦬑囊恪芇-禹榜鐄𧡊𠸛生䀡湼𩈘歐煩恪芇茄湥趿番湄𩆍王卿假格𠳨𪮨咍欺𤼸納固惏論庄𠄩𤽗沛𡃹氷傾没排底吏買𤼸没排董浪兜敢单差𨔍之試分學才初𠉞張浪事㐌讓尼㛪嗔失礼没𦀊𧗱侯𠓨𥪞𣳮𩈘扯頭坡味袄及淡牟香𠖤蹺蹎𡮈𡮈没𠄽忍-袄𦲿𧷺吹債桃没團𨀐𨇒𠮿嗃細尼董老𠠩𠓨𠳚信𠰺𠶆𠓨夢艸軒脱𪱯公㐌劍边𩈘𢜠群𠊛粗濁質恆固庄才主兜浪才人咍羅隐相藏神庄臨陣笔坤分雌雄主賓茶𦲿待同𣉹𥹰公買𢵱𣳔論文浪𫅷𡲤預官紳棱儒特接文人拱饒𠁑塵特𠇍才高𧡊才䝨契旹-秩𠊛陽春𠳐㐌𧡊耒吀添白雪没排新詩調兜𩄰打産稽告𤴬庄便吀𧗱庫𥋳𪱯𨖲絏笔産耒𡨸題新柳没排續吟𢞂𥢆俸化𢜠忱尼机-㩡埃扲朱𢧚𢖵𠊛吟和花園蘇生産固𠄩篇立成没旹命㐌題名群篇女駭寧寧属𢚸爫調吟-𪿒隅樣葫印産帖紅曰鮮𠄩章𤼸𠠩案𡎢敢吀尊笔𢌌𣰏-朱公䀡𤏣𨅸名儒呌𨖲浪寔𡗶朱几䝨意才七步成篇催旹尼寔眼前群-遣𠊛遞旦楼桃章尼油貶咍褒默娘娘徐特𧡊和章分𠸦才𨔍分-塊㘈欺張𡎢𠠩爫詩啂𡥵嫣素者盧䀡情丿𦀊吏𠳚分明敏才𦖑可粗形庫𥋳群當疎渚歇𠳒迻𠓨㐌𧡊没排續吟娘䀡𠱊讀淋滛浪它靣試群惏女油疎牢清雅風流𠊛牢吏呐𠳒粗貝𠁀浪碎𥋴㐌-𨑮人䝨在貌固𠳒𠸠初𩈘埃麻果咍疎扒誓碎拱决㘈庄信如碎侯下分𪬡𠸠抌麻押𦀊緣庄噡况之羅價千金蓓荄牢女杜𪀄鳳凰敢吀審愼朱詳緣𤾓𢆥沛𡨸床庄制郎𦖑辛罕没𠳒𥋴𠓨湼笔買𠊛如印吸-𢢇分婵娟搊離埃女-緣朱停尾之没䋦絲𥯋𥘀功親舅絆情家嚴別包𣎃撰𢆥尋芇𠊛才貌唉沈沁唏悲除買特没𠊛想浪衝女侶堆自𣈙埃咍特妬秩低詩埃𨻫讀𠰘尼朱虛𥪞軒娘唉-魚外軒㐌餞軌如𧗱耒翁𠓨𠳨-唭-𡥵䀡㐌𤍊真才群疑娘浪才沛呐之才旹㐌丕𠊛旹称空功浪事寔𨔍𨓡没才没貌隔𨦩群賒娘䀡塢柳喂花朝𡥵翁拱𢪀麻関心浪如庄-知音没番尼女旹扲特精頴郎摱傳學行詔西暫請先生旦𡎢寅-仕料察𥋳寔虛𢖮拱𨑮𨒒𫔯芇娘浪斫意買高𥹰𣈜侯易𫔯芇特油傳張默几算𢗼張旹職仍逋-分命欺𧗱𢜠貝王卿續吟兜窖不情麻𢆨王浪咍寔羅咍防賒㛪㐌𢗼𣦍欺頭仍麻拱渚聀兜𢜠尼料沛𢗼𡢐買皮固庄留𥙩払蘇防欺緩急随机麻用撫𦠘𠸦斫寔通運籌尼當元功没位陶𧑒劍-管之尋𢬣济度速𠫾景廛生旹𨻫仍刀煩想𠊛元唱㐌𢧚才情-麻𡥵眜庄精𦘧埃旹杜𠸜命旹空如払世意麻衝惜朱𫅷挸𨻫功初𣈙惜命分闷緣迡補𠫾庄-𡎢低拱承張皮𧡊旦嘲𠽔恕朱調磊𩛷初失陪𢚸㛪𧯶沛如埃𪉽緣梅竹辣味芝蘭別饒㐌哏膠山悶朱舟塌盤桓共饒寒圍㐌産書楼兑腰吀渚𢪀兜短𨱽役娘生唉債𦖻産机𧵆近𠶀𩝇拱些𥘀傷𠳐領盛情啫師共吏書亭花園尼咹准寓㐌安𠀧𠊛終冊終畑爫𢝙没𣋚從且共𡎢𧡊𠸛董老細𠶆払張𨷑書䀡𧡊𤍊詳唉朱𧗱𠠩申呈浪𠳐𠳒謙喜色曾平想-佳景𧵆澄兜低驢生欺永窻𩄲王生𠸕歇㗂尼𠳒箕記𢚸咍意𪧚提辞行没席提携𢶿𨖅細尼嘲𠳨-讓尋尼静院達床舘西樑𪤍整篆翁柴詔花継-檜𩄲𥿥𨱽加功啂保歆枚也而者矣耶哉之乎𣎀𣈗-弩工夫懞朱發瀝棱儒及𠊛假朝經史鎚𥓄連欺温讀𠰺𠳒㗂沁家人𠇍几𠫾𠶀斫算𥙩𧵑爫欽𠴗𠊛斈徒特𠀲貪制𨔍之柴伵沛味醝饒欺𠠩斈𣇜他侯-唏絲𩅘𥊘頭-毛没歆𩙌静𦝄高紅梨𠇍朶香嗷-𠖤公共娘准軒西曲詞枚㕸𠽔柴咏制打唏路吏傳唏𦖑唏火速朱𠶆蘇生生當𡎢貝王卿𧡊信迻旦拮命𠫾𣦍迍𢜠把呂扲𢬣隔饒㐌𠇍𣈗𣈙𢖵饒𫔮談𡎢氣𥹰-浪㛪濫𥋴花楼没吝紅梨醝𨤔花春曲詞懞製𠇍韻賞花拉𠳒當擬𢷣-吏杉㗂學-呀边𦖻𡲤藝曲調𠇍才想英欺拱固制藝尼㐌𢚸光顧旦低吔𠳒珠玉䀡𢬣詞翰無情埃別謀奸𣈕箕㐌𤊰𠓨岸蓬瀛庄緣拱哙羅情抌情𠳚貝𠇍梗紅梨浪𠳐兜敢𫔯藝墨淶𠇍湼𢬣題𠃩篇領䀡讀-𠸦-𠁑畑吟𡅷𫕰畑皮𣌉驢欺㛪妸聀槐林𠽍連𠰘属𥱬爫𢚸散更皮𣇜𤎜東草軒㐌𧡊信𥪞-𠶆𢜠忱秩吏𢗼𨱽防干疑陣少𠊛伏兵𦜞𡎢扲吏蘇生㛪吀暫別放情庄𥹰觥墻𠓨准軒楼主賓𠶆㕲渃𢀭呵唏浪因𧡊朶紅梨頭軒花𦬑𡳃𡏘香淶𥙩之賞景爫𢝙𢭄𢬣詞調𦘧撝樣花假調謙遜哙羅耒𠳐拮笔曰-𠃩題公䀡𥪞胣醝迷蔑埋𡃹設𥘀泥沁傷娘旹瀋-房香餒疑本唉多恾自𣈗𡬷𡬼仍屈𩄴𩄲𩈘牢特𧡊胣尼買安因欺永𨤔𠁑幔院書𨇍𨃴𡎢欄探𩝇隔花𥉰𤏣𫕰𠊛丐𣋀兜於𨕭𡗶買沙倍傍𨆢𨃴房花𢢊𡥵嫣素𨀈-乳詳浪如丰景張郎據兜喝嗨達塘-坡𩈘𠊛固語𩈘麻書亭群固埃麻浪埃𧡊娘𥘀弭仍𠳒卽命速𥊣没唏書亭庄羅原妸蘇生因欺張永𨄹觥𠃅墻𡥵嫣𪱯𤑟𩈘払討芇庄責浪娘𠵩些-蹎仕𠳨𠻀羅𠊛兜庄別牢麻旦低生𦖑拮𩈘𪱯𣦍𧡊牟咹默𡃍台侍婢𡥵𠊛姿色芳菲侯𥪞羕拱没𡾵䀡𧵆固兜特𧡊主春𥋳澄侍妾想吝拱-浪低呂𨀈賒茄羅蘇友白自羅蓮仙𪽝為新柳𠄩篇庄埋落第朱𢧚落𩑛浪䀡𠊛苦固才据牢名次律外孫山浪𥪞程度考官不才侯敢樊难特牢𨔍朱預中几芇祖宗積德別包饒𠁀浪𠊛渚堵𢼂𠊛別兜羅福固才旹𢧚𦲿楊𡭉律榜緣沛浪𡥵眜婵娟固惏浪催群敢多心惜功想濫𢞅忱闭𥹰𣥱包𩙌苦湄愁買探旦吘蓝梂唏-𢪀之分飲緣灰㤕埃没-憐才覩滝拮𠳒如紊旦𢚸㦖淶𠇍湥英雄𠠩花𧡊払哀怨切他㤕為拱遣𢚸花徘徊浪払如庄服才此抄原作𠄩排迻低,Nom
15_ngoc_kieu_le_no.txt,為払料仕𠳚𠳙福承祸固群𢆨鼎芇-𥹰𢜠﨤干𩆍詞花抄劄𢬣𢭂倍傍情由渚及𠸕詳秩𦖑𧡊㗂払張㐌𧗱生旹𨇍𨀈-复笑談满席吏𧗱花園嫣旹𨆢𨃴楼軒𠠩幔引户呐𠸛--羅𠊛伴貝張生𠳒払𠸕吏每情曲催練迻原草𠄩排脱𥆾湼笔別𠊛才郎牢麻印𧵑払張事尼群固昂-边尼張它設帳於低𤝞兜吏滥哏𦀊𥾾猫推𥪞情𠃣𨤰𡗊柴張庄矯固調凌仍群當盤定呐能外軒𧡊幅紅陵迻𠓨𨷑䀡𠃩曲調高寔才芇固𡮍芇羅差如浪扱扔𧵑埃或排新柳傳外㐌𥹰排尼固𨤰扱饒丕旹埃罕輸兜麻浪絲兜窖𦇒庄庄𠄩边執吏朱朋沛㝹𧡊娘蜍矧湼桃浪催担𥰊𢵋高辱𢚸婵娟㐌趿英雄𢚸芇麻女𢴑𢚸朱當想如手調蘇郎払張北𠇍吝湯朱𣃣意形意貌㐌乘呐才羕拱特如𡥵𠊛吝𡢐払固吏制料机面試𠇍排旹-𠸦𠳒斫任謀賒𣈗-朱旦墻花𨅸懞㐌𡗊刻待-𪱯沁魚沈渃𩄴鴻屈𩄲生旹恜-𣎀𣈗欺𢝙詩柳欺醝𨢇桃𨀈塘𩙌振湄摷𫔳溇渚易-𠓨朱能没𣋚𠽄𠳨別浪固楊光祿特陞浙巡便塘𠓨貝故人白公留待慇勤𠶆-張旹陪席𠠩軒書亭𢌌詔花園永𠊛熾朝生買𨄹制边墻㐌𧡊㗂埃逴嘲𤑟𪱯𢜠𢙲掣包浪徐隔𩈘如-𦲿肝庄咍丐𤗖𦎛寒㐌曾𤐝旦𠁑幔朱渚浪𠳐𠳒𠰺小姐疎払牢貝軌如拱同秩𦖑生㐌別蒙粘封催默吏房𢫊名浪疎寔𧵑小生𠁑鐄固坦𨕭撑固𡗶嫣浪裊寔如𠳒旹紅梨曲𠃩排意牢生卞引傳𣈗芇想浪咏物寓𠓨-人埃咍丐𥿥𥿗-為埃𦄌産袄裙朱埃楼高𠸠庄信𠳒意𠳒群妬麻𠊛群低𧡊𠳒生呐麻醝𠸕浪徐妬速𣦍𧗱茄丿兜吏𧡊--浪催傳𠠩路羅堆𢮩寔鐄之管炭炉尼-筆紙各图産低房嚴𨁪𡨸曰台口傳𠳐唱題尼払𦖑送鴻題𥙩𡨸非-題迎燕𡨸棲爫韻𡲤𥪞礼奇婚姻声文沛𡨸情文爫頭八音𡨸底頭句疎旹朱𧡊𤑟牟意清領題𠸦意買精浪𠊛貞淑麻情清高節當春夏之交鴻𠫾燕吏切𠓨辰宜非羅送几奸非棲羅許几双棲唉除身尼渚豆梗絲特𠄩題意倣如豆耒-尼買計羅才-尼買計羅𠊛降生𢚸鮮𦰟筆強灵没干湄𩙌㐌驚鬼神𧡊払𤑟𩈘才人𥢆𢚸添敬鍾分濫傷浪𣉹𩄴鵶㐌鐄詩碎𠳐領𨃴払暫𨆢𣈗𣈕客-群𡎢𣌋𨖅𠳐仕領𠳒𠼽官生浪𢘾飭周全特𢧚功意敢涓義芇旦調啂歇𥰊高几𧗱准寓𠊛𠓨楼粧敢疎歇各每塘聰明世𧘇文章世尼𠄩章𤼸𠠩簾𩄲𨷑䀡㦖𧿆㦖𠖤曾囘尼尼曠世奇才才尼買称貝𠊛意朱徐𣈙㐌補工夫矯群想越𢠩胡隊番群𠲖卓𢷣-𢤞𥊘頭仕啂𡥵嫣攊𢬗儈頭𠳐領𥙩𠳒𠸦忱浪酌細𨆢買𫅷𠓇枚據例𣋚戈𧡊生㐌𨅸墻花祝蒙唭浪詩㐌𠓨-𢜠忱𣈙㐌當功萬全生浪𥘀義幹旋抌身丸塊捻𨖲𨕭座庄能案案理差訛意𥪞發落據-𨤰芇嫣浪路沛迍摷智高𣈙㐌𢗼高處和没羅嚴日法茹傳𥢆空𨤰抌-公呈𠄩羅两伴対明鳩嫌𠲖几生情𧗱𡢐两全定産斫牟-払另𨃴𠫾求氷人吳翰林意舅親特封書旦庄分芇𢯦張生𫄓𢪀於低𠫾𣎀𢖮拱固𣈗﨤麻𡃹-𢪀沛尋-旹𠊛空怨麻些特𧷺𦖑𠳒計窒墨坤唭浪妙算庄群-兜-欺𨀈-戈梂固埃拮-易侯呌冤嫣浪牢窖𢪀乾小姐𧯶沛揞弹如埃𥒥鐄㐌鑿没𠳒扲朋𥒥湼鐄派拱料催払庄路呐𡗊拱停濕倘習超之低燥𠳒没𣇜𣋚𠉞自枚悶𧡊𩈘尼群賒呐耒另𨀈㙴花生旹吏𧿨𧗱茹張生托辞別貝王卿吏留没帖辞行貝張雷催梗柳边塘想才想湼𢚸強如山湥情𢪀吏滇-想氷人意羅冤家命𡥵𠊛命㐌無情𡥵埃固𨤰𢚁萌䋦牢唒浪𠊛固量高仍命抌𩈘𪖫芇珍-閉𥹰買特没吝-絲窖-胡𧵆吏賒㕸算𧿨吏-花想𠳒𠸕世別羅𧡊埃-𣈗-馭趿𠊛𢘮尋神卜𠳨𠳒是非仍麻役庄沛疑𧴤-庄卒催𠫾牢仃况它固𡉦䋦萌唒牢牢拱振命尋𠫾𩈘𪠗眉惮麻之勉朱𧷺陣𢪀之賒吹-塘-仍想𠊛𫏾塘俸﨤没𠊛同窻𠸛友德𡨸言從拱羅同姓麻空族情趿生𠶆吏門庭渴饒祝𡃹弟兄藏-席耒生𢘮𨖲塘責浪牢窖倍傍役之生浪拱庄鬦之𢘮尋柯斧訂議竹梅唭浪役拱役𢝙英㛪𧯶沛如𠊛靣交𠊛兜𢘮𢚁䋦芇分歡嗔吘消耗特停𧡊𠳒根紊丁寧傳命呐歇𦰟梗比絲辞婚意傳初箕傳張星拔傳婢此舂-算印定所𢚸緣尼吏𢚁吳公作成浪𢜠扱攑緣𫅜惜朱吳老進京永耒生浪包管賒吹𨁪浪𠁑坦𨕭𡗶拱蹺浪𠳐英㐌𠰺調役𢜠固𨤰敢-吏低貝饒情義初𠉞白金𠄩笏迻𢬣哙羅𫏾羅𢜠𡨸宜家𡢐羅拖𣅶塘賒-𨱽𧡊𢚸重義輕財𢘝𢚸坤𨤰咥𠳒朱安謝辞拮梗𨖲鞍分停路費分𠸦交情𣦍𢚸命仍推命別兜浪偽浪誠䏾埃芇咍友德𡥵𠊛𢀭边財貨劍味詩書𦀊絲-仍包-𢘮算綏貝小姐仍𣈗𢘝棱庄敢動𦀊𢆨兜抌吏机尼皮-𦖑吳公課登程𪱆湄克𢯑丐命関山唉群調養鄉関進京達底𠳒奸貝払拱料𠇍两送裝𩢬埃另𨀈算塘冒名帖𠸜𠄩𡨸晚生𫔳軒𢚁几家丁𠳚呈皮欺-𩙌辣霜吳公㐌拉治装起行𫏾案𥋷𧡊帖名𠰺𠶆𠓨准小亭厔𥪞𨀈𠓨爫礼鞠躬𨦩𢬣𨅸𠃩排𢚸𠳚戈固𠊛族弟𥪞茹𠸛羅友白拱羅書生𫏾箕-隊高情𨔍之𣒣-歲撑坤咦啐它--𢚸痴舌身䕯𣼸負誼𣷭𣾺磊命欺別𢪀耒旹𦖑令爱㐌諧良姻磊初懞贖吏身-𢬣車李𢭗身𫔳桃濫𦖑甥女價高眜樵𥢆仍約泑䏾蟾𡮍群嫌濫𢜝𥢆𠀧春察吏𡬷念朱庄𧡊𠳒如𠽖干𢜠唭浪丐䋦赤绳矯制没𠊛𧯶沛浪𠄩𠊛悲除𠳨拱𠊛辞初托身引課閉除𢜠𠉞㐌﨤群徐欺㝹役尼催渚𪿒芇𫅷𠉞當倍𨀈𠓨京中并調两便朱衝𫅷𠫾底吏没封書尼迻𨖅𠳚吏𠊛咍係𢧚旹𣌋定𣈗成親𢭂書𠸕啂慇勤領書辞謝𫏾𡑝𨆢𧗱𢜠忱事窖不期朱咍𡗶拱咍隨𠊛些𫏾箕些唉𢪀賒𥪞書麻呐𤑟-𠸜芇旹些𥙩李台桃隊𠸜友白底𠓨问名埋兜𡗶吏-情𥪞書𠄩𡨸蘇生含糊𠊛蘇些拱羅蘇永吳埃別昆烏雌雄𢆨-渃順𣳔滝吹耒固𨤰虐𣳔女牢懺图𢯢礼噋嗃挸𣈗天喜撰𣋀直成勝鞍-細𫏾营没封書没帖名遞𠓨白公當𣅶逍遙𠶆𠓨欵接𠳨嘲𡮈蘇呈圭貫計緣由姅嫌疎脱姅鋪學行公浪𥹰𠻵大名閉𠉞買特-荆悲除傳夷㐌𨇜𥪞書𠳚𠊛𠳐仕固詞𠳚𨖅客𧗱公吏楼粧迻書計寔貝娘分明𨷑書𧡊𡨸蘇生罕払催吏提情浪埃𢜠忱假𠳨嚈𠳒浪𡥵𠊛意羅𠊛爫牢公浪-苦富豪買張生拱--麻催𡲤群彷彿边𦖻旹蘇友白羅𠳒吳兄-牢友德恪名咍羅𠄩𡨸近声𦖑惏娘𦖑不窒𢪀忱眜𪱯𧯶沛胣惏麻疑𠳚浪舅㐌固書樣詳悉𡗋固疎率之公浪些固㘈之戈𡥵眜意易旹-兜𠊛牢丰彩粗豪固兜浪雅浪騷麻才張生𡲤劍𡥵𠊛才旹㐌𤑟眜𥋳廛-悲除孛陛𠄩边別牢區处两全朱衝娘浪涇濁渭𥪞𥙩才麻准旹𢚸塊偏之欣絏𤽸墨顛固庄合試没番旹停公浪斫意拱生料低仕会𠄩生没吝𠇍𠳒盤定云云頴郎吏𧡊賒𧵆貝張張徐製曲詞章公它敬服𠃣塘此青安心凭詔先生浽威強盛堛命強𢀨㗂兜𦖑曲求鳳姓名敲釧語払蓮仙幅命勿筆肱硯詔尼渚易𡎢𥾽特低𥹰-𦖑𤍊買咍謀奸欺吏英尼羅𠄩事些埃易打唏事埃些仕劍𠳒針饒他乎吒刼惱調猫芇侯易哏猫芇油張旹𢪀傳破蘇蘇旹拱插傳路破張徐欺𧿨吏書堂緣命想㐌順𣳔𣷷溝皮欺𫔮暇軒楼信𠶆𧡊老蒼頭迻𨖅秩𦖑拱氣昂-𠳨-浪固柴張奉陪𢜠忱𠊛𧘇語埃謀奸㐌捻特𡳪𢗼之謀些埃易別之料低摱㗂-𨨲炪制除信公唉群𡎢貝張生准軒梅共徐求身引傳𣇊初引𠸛-𧘇引疎-尼𢘝𢚸空𨤰却𣦍-𢬣壓倒-柴没番張浪考試之煩丐𧋆𫏾眜沛𥆾之𥹰𡲤𦖑案考𠸛頭㗂蘇友白兜-拱㖫𠊛尼牢恪名称浪嬴浪呂別浪寔虛名音吝論称呼没蘇渚聀𠄩蘇唉-群當几𠳨𠊛疎廳外友德𠓨皮細尼東西分席調𡎢公浪尼寔緣𡗶吹𢧚埃浪𫅷㐌歇緣没茹会奇𠄩䝨没欺蘇浪淺學固之哙羅扱扔𨇜𩂏眜𠁀𩆐𡃚𠻵㗂張台拮𢴿買當𫏾𠊛鞦-張浪兜特如𠸦哙羅隊数聖䝨爫名盎芝特接蘇兄𧵆边珠玉遺形埃洳公浪庄路謙辞張兄𫅷㐌別承閉𥹰群如府案𠸛頭眜吳公固惏頭麻浪張浪𠸛意㐌陵麻浪謙遜買浪士風呵吱仍几奸𨦩𦀊藤娘𥙩𩄴松𩂏名𡧲尼月白天青敢抌--現形買𡃊蘇浪世降俗衰計牢掣浽奸非𠁀尼,Nom
15_ngoc_kieu_le_no.txt,吏群没次稽台幅丹青仍摱𢬣𦘧撝姅𣎀群𢫈-𠊛𣈗-浪思浪才買-公浪世態坤--𠫾呐傳悲除爫𢝙𡃹霞𠰺𨷑席𠶆張生皮𣅶-外役之𥊘𧵆蘇仕忱旹浪張兄特勾夷𠊛𠸦公卞引吏𠇍篇吟梨和柳曾番𧡊才蘇𦖑--𠰘唭浪牢窖頡𧵑𠊛親交𣎃𠄩𢖵吏𣈗芇樣欺納卷固𠓨兜低皮算𠳨誑𢲛𦀊張生侈細拱圍席花𡃹殘公買𢪀-没題今夕𠄩詞紅箋浪初𨢇聖詩仙會尼朱領𠄽篇寫情𩙌兜用𦲿𢯦梗吹𢚸妬忌散情倘戈符兜𢲛特脉邪𠊛呌-䏾几羅𤴵頭搜空㐌𠽖𪔠楼灵觥公㐌𢥇牟蘇張浪催暫捲卷塲唉群地九天長倍之-從辞謝𨆢𧗱公𠓨引歇每皮娘咍傳𠾕董老-低𠰺迻数-查𣈗𣎃𠄩別命爫傳单差董連首寔每𠳒始終吏朱查数學宫𤑟𤉜友白頭𣳔没𠸛催-催事㐌顕然没边假冒没边借才群盤之女-𦖻想𠸛友白惜𠊛英花朱𠊛𠶀𠳨旦茹旹它流落塘賒仍𣈗調共-𢞆念西唉停底妬𡢐尼仕算張些𦖑局㐌殘想声説意群顔靣芇没𠳒拜別𠳚𠓨另弓𪀄㐌𠖤高𧗱棱默埃鶧鷰凌仍生旹𣾺𡑩氷澄別兜自𣈗友德別饒坡配㯲竹岸𣘛吝-没欺客店駐蹎無情扒特包銀𥘀泥𢬣䀡固𦊚封皮封𠀧𨑮两𡨸題依原尼埃倉卒補涓唉𡎢𦠆吏除信者𠊛过-𧡊几公差細尼呼喚𠳨𠾕舘人察䀡𨁪寔情蹎𢭂𢬣吏據原銀付回侵-蹎馭𥊣移𣘃𩂏-紫𡽫𤇨𩄴鐄庄枚趿屡棍桄凌-馬疋行装散情用-𡧲壙𩂟撑𪱯澄旧店抌命𨄹𨆢主人𧡊拱用移不平-浽眜𡗶貧魚鐄淶庄-𩅘絲好人俸趿祸机無常㤕𠊛羅𨅸文章惜身命𧎜坤芒梮尞濫𢚸引𡓃排調固茹老李美苗本鄉特官案院𠊛傷-𢚸懺産𦊚張錦屏題詩挸几才名㐌圓润筆吏情囘装惜台曷玉𥪞霜趿干翳飲塘穷半哰細尼老李逴𠓨脱𥆾𢜠特人豪當𢬣𠳨𠻃礼接更迡迻-𦊚幅題𣦍𦊚排𠸦才添重價𠊛吹𢚸繾綣於𠄽𠀧𣦍𢚸𠫾急語𠸛𠖤𨀈𠫾庄特𡎢癡曾囘因欺永主永𠊛園花𨇍𨀈𨄹制拖愁永𦖑秩𧡊㗂兜浪名花𦬑園𡢐買-醝花式-吝蹺-𡢐固幅墻桃夾園苔園㯲綠-丹𥋴花疎矧外欄没命俸兜𧡊𡥚書生切他格調美形仙娥澄𨑮𦒹𨑮𦉱歲花子都初拱庄戈墨尼細𧵆𨖲㗂𠳨𣦍肝兜麻敢旦低鋪才疎兜抌半朱𠊛朗盧群𢪀固埃羅之拮𠳒羕𨤔花吹蹺𠳒-直香琪𠖤唏生浪藝𡮮𨇜唭渃𡽫動旦𦖻𠊛芇咍唭浪𣇜買﨤低遣𠊛外局羕醝𡃹醇路羅旧-買親𠊛賒懞結義𧵆𢧚庄生浪同道為朋別兜萍水庄浪漆膠隔𠁀群固神交盎眉𡬼𡬷𢚸芇吏昂没𠳒㐌訂蘭鐄産員𥒥滂蹎墻𠁔𦠘𨔍之才㐌趿才丐緣-潔埃淶朱-姓名調買排戈進京呐奇塘賒呂塘書生拱呐𤍊詳户盧𠸛𡨸哙常夢梨旬𦝄歲買過期𫔳儒濫拱蹺藝笔硯遇欺𢭸𩄴楼軒濫𪱯湼笔調仙麻噡朱𢧚打㗂边㙴啐醝饒𡗋沛尋𧡊饒𠃣饒各傳𠓨兜默埃執拖沛求埃之情尼𡮍㐌相知𠊛兜敢𠳨役之進京庄咍𠸠利為名倣群𧡊浽行程特空生浪緣女岧蓬𡮍為没餒情鍾麻尋盧浪價𧘇千金𠁑𡑝渚攄𦀊琴咍牢生浪䏾世𨔍㝹離卑吏㦖梗高𣑳楳𢪀浪風化𨅸𠊛𥪞闺门買-外邦家宫商凌礼曲和特𡗄才貌買羅甘心𡬷𥢆鄭几知音尋饒雪𫋻霜𦣰管兜盧浪㐌吘共饒旹嗔𤋵歇𫏾𡢐朱詳生卞引歇事娘比犀𦰟𩯀技強蹎𦖻盧浪卒㐌𥘀𠳒責牢𧣳𣷭边𡗶庄蹺仍羅坦𢌌𡗶高𨦩塵间拱𡗋𠊛佳人假如吏固文君𢚸司馬拱固分芇庄生浪𠸠固埃朋旹𢚸拱重旦澄意催朋如特没悁𠄩𢚸尼誓庄如埃負𢚸盧𦖑湼柳𪿒顒院願𢜠𣇜𨻫功𢢆忱浪𠳐𥘀-情深行程侯易埃扲特牢連蹎速吏楼桃鉑𠀧𨑮两𢬣𢭂卽旹哙羅没度程儀別饒𡮍義群𥱬𥙩情没𠳒餞別丁寧淚包饒湥-情闭饒生𪱯淚拱𣻆蹺丐肝𨫊𥒥拱漂-寅身牢埋敏貝身蹎牢牢窖埋蹎准尼𫏾牢-𨀈曾𣈗-牢如𨀈沛𦀊坤-𫏾群没䋦侶堆-添没䋦趿𠊛知交相思𠄩䋦結𠓨没房肝別𦲿芇麻𢺹𠊛牢羕樣蛾眉志牢豪侠麻𤵶英雄㳥桃𡱩渃𠦳重溇芇麻汁-𢚸迻饒盧浪欺別渚愁愁𧗱没浽𣈗𡢐買𨱽徐低没坦没𡗶別命固特𧡊𠊛女空𠱋埃𢚸固兑𥉫花桃箕買𩙌東恪芇生浪窖呐𨔍牢情𥪞知己女芇負𣦍盧𦖑--湼眉庄浪庄呐浪癡羕弹生浪𥪞義相親唒欺緩急𢺹分𢗼終肝膓㐌𠳚𠓨𥪞𢭂𠳒庄𢴑底𢚸埃恾𠸠油義弭欣鐄旹甘分飲敢-緣埃盧浪呐拱虛𠳒𥘀𠳒群敢𫔯𠊛女牢尚崇仕𠳚𥰊高園東固𦰟英桃撑-貝㛪共乳双生姿容彷彿拱形如㛪仍徐屈𩄴先嚴蹺慈親𥙩冊畑-饒房闺赧那闭𥹰甕萧弄玉𨕭楼群撩品仙﨤沛払萧兼-懞𢭸𩄴喬朱安徐𦖑𠰺歇根原𠊛情鍾㐌訂緣鵉耒呂廊坤𨤰𨷑𠳒冰傾義𫏾舌催情𡢐花𦎛𦝄渃没牟哙牢朱醒聀愁占包𢢆𠳒㐌𣴓消耗察朱吀𫔯𣎀㝹仃唭生𦖑羕拱𢢯-浪𠳐感-𢚸𠊛㦖親草花群別向春𡬷𡬼女負佳人朱停盧浪呐窖𠳒生桃唁群詫之梗槾咮𢞅花花㐌𡳜務誓花底𪸟香𢗼牢𢧚生浪牢敢負願沛𠊛特板半船咍牢两全㐌固斫高群𠲖闺阃𢚸芇固淹盧浪分𦰦緣金𢚸㛪㐌順㛪㛪拱𢚸群𠲖𢪲奇𠄩蓬別浪樛木固容葛藤生浪𠇍几端凝㐌浪淑女沛浪慳-埋-淡粉𧷺𦎛陛卢𢪲-英皇奇堆𢚸尼㐌呐-𠳒𨕭頭日月边𦠘鬼神盧𦖑漢許牟春自-親上加親買強𥪞𢬣産固私粧没堆金燭没長明珠浪尼物𡮮紅楼𠳚𠳒浪暫迻饒𡮍情敬-亙飭進京唉𢗼𠄩𡨸功名院全身𢧚-事拱𢧚係緣箕院旹緣尼𧷺停𢚸嗔渚倍𢞂-言㐌决多言之麻𢴑𠳒𨆢𨃴墻花𪱯蹺㐌屈𩄴娥𠇍吝生旹𡎢𨅸秦銀𧘇𠊛咍孛𧘇神咍仙占包兜𧡊眼前𧘇緣舟榻咍緣瑟琴没命貝俸𢪀忱𪱯𨖲𩄴鵶㐌𦣰𠃅𡢐行長㐌産少兜路羅辞別朱𥹰隊塘𢴑澄提裊𨤮長𣳔箕-怒-郎如潮緣初群沛呐牢緣尼兜窖𢴑𠓨俸埋貝英麻胣㐌-貝㛪𣈗恪別醝澄芇𡄎英撻柳他桃没囷乙拱分豪庄差𡄎英𢌌別-才没𡑝意拱𥠭𠊛兜賒𢝙𢚸弭𨀈塘花𠊛悁扱几差衙細𥆾𠳨-買訴根原浪蘇御史徐番囘程迍生待庄𧡊生差船阻𪖬京城移𠫾楊台別㗂是非山東省意皮欺按巡按堂低拱𧵆-生𦖑蹺𨃴移蹎細侯𨀈𠓨辞謝叩頭𠰺𡎢買𠳨𫏾𡢐役茹𢪀命寒苦悴車義羅注𡥙情羅吒𡥵固欺-咏晨昏錦屏𧡊幅湼𣘈批評和韻公買𠰺生𧵑命生買𠳚情頭𡳪𢜠浪家慶群𨱽湥眉山吏洃𣳢徐低室家𠳨傳初𠉞事娘生買計𣈗求緣公𢜠浪特妯䝨菊軒自𧡊没番代題浪如役意𢗼之嫧男兒唉者𠫾朱耒榜鐄𤑟𩈘甲魁𤒘花緣意没𠳒旹𢧚香科皮及秋天河南𥙩数投𠸛府堂想𠳒嚴訓𤑟𤉜窖咍拱合𠳒払夢梨𠁑軒領命-𠫾湥梧落度曾期霜淶京塲丿㐌細尼𠳨信吳老選才場賒𢞂𥢆沛強爫戈試期闹𠽋䀡花𢵋才秋鄉㐌占秋魁春𨖅連占榜梅甲二弊場因固役之推官生沛補𠫾州杭羅州属縣浙江過河南吏順塘金陵便塘生𥙩爫𢜠吏𦖑叔父𧵆澄來京𦠆除群渚起程﨤欺吳老事清𧗱朝𢪀信𢜠𠒦掣包鄉生没帖細侯-衙吳公欺𨷑数科異名同姓想-埃疑𧡊信迍逴嘲疎咏梅𤑟𩈘𠊛初仃仃𢜠朱斐志平生𠄩塘家室功名調𧷺生浪虎分寒门別身-罪辞婚仍𣈜餒命流落闭迡河南改籍引𣈜遇親分埋特弭-身分𥢆群𥘀女難𦝄花畑𡗶-隊𤐝賒嗔停𠰺㗂室家㤳㥬𧡊𠳒生呐-揚令兄引吏各塘議緣蓮錢𨯹㐌𠇍番焒香擬㐌院願𥹰𠉞生𦖑𧺃𩈘紫𫃷調兜吏固調尼木-𢚸𥢆可敢呈戈白家事意寔羅本心拱算-俸松林,Nom
15_ngoc_kieu_le_no.txt,𢢆𥢆渚敢㗂沁代滕𡲤身单隻呂澄固埃親族麻浪堂兄計自友德交情欺留欵𣅶餞行頭𡳪䏾命仍想䏾𠊛別兜𩈘鬼𥉰𠊛麻𢵋催-𨫊㐌𠓨炉渃賒坤𨤰洗朱𪸟-公𦖑別事呂床𢪀命疏率𫄓塘險溇浪催拱庄𪿒兜白公𧯶沛眜鍮糊塗謀芇律特孫吳𪀄芇脱特塊𢲛意牢𠳨払意見羕芇欺謨庄半欺哰庄恾假魚買引傳娘生𦖑俸㘇別塘芇疎𠳚浪卒㐌𢘽初坤𡢐𢧚沛悲除旦低唭浪分𢢲緣𢆨默𫅷𢗼拖緣尼沛衝曰書没幅謹封特書如𦬑-𢚸登仙惜台別焒羅畑旹㘨粓㐌𠇍番𠃩-茹吳𦖑固小姐眜尼庄矯𣈜初𪱯惏氷傾边篆𢪀忱㗂車御史--細京𥛉催𠳚吏各情𢜠𡥵𣌋数功名斐願議親𢭂幅書箋辞行拮梗𢴑沔山東提澄園𡳵𥊣𨀐從人傳棟駐房没尼袄裙咍樣𢫊味形容吏據如𠊛𣈗初没命𨄹𨀈園盧木苗𦼔碧盧疎蓓紅𫔳墻丐錁𡥵封𦊚皮謹𩆪𢫕蓬𧡊埃尼-座𥒥尼𡎢𤑟𤉜景妬芇𠊛𠫾兜尼-金燭命珠埃兜麻底朱饒𧵑尼𠱋庄𢧚義𥢆西旹芇-義伴皮補𠫾群當綿木𠱋咦边園李老沛欺𨄹外𠊛涓扱𩈘嘲𠶆逴𧗱路傳呐唭𥹰𥹰生卞𢲛𠳨𫏾𡢐曾初𨄹𨀈边楼花園趿盧公子少年𨔍之同道化𢧚交情悲除牢𧡊永醒庄咍茹𫔳兵情爫牢浪茹𣳔𠼲𫔳高羅盧副使堛豪於低黃梁聀夢过醝夫人-捲没𢬣𣃲𧷺没娘歲过𦝄𧷺没払公子歲群-疎𦖑浪固几仇家夫人另𨀈𧗱茹江南朱𢧚封謹錁鐄役戈塘意𠳨爫之箕生𦖑𦛌𦇒皮-強𡎢𥹰買辞𠫾𨖲塘從人連産行装𨖲鞍命仍𢠩恾如-𠸦朱𢪀𢌌𢗼𠫆㐌𢗼後會仍𣈗別饒唹旹拱別𢗼𡢐旹停結𩯀班頭朱衝江南大族旹冬別-固𧡊𦎛夢麻咍𠳒鐄鄭𣅶分𢬣𢧚緣户白緣尼拱𣵶𢖵𠳒旹沛据𠳒料塘𫏾沛尋-白公公徐䋥撅奸妄康-只篤没𢚸尋生秋鄉查数題名河南旹固本城旹空庄戈姓合名重別兜浪跡浮蹤麻尋春𨖅節凈𡗶淹𢪀𡥵没歲没添強愁𦖑浪名勝杭州西湖准意景牟窒𢝙少之俊士文才皮算𨄹景尋𠊛定緣𫔳外矗𧡊迻信浪盧太太奇全家𨖅𠰺𠶆𠓨准-堂情親兄妹礼常舅甥娘旹接礼𫏾萌𨕭情姑𡥙𠁑情姉㛪公浪𡑩屈信沈役之緩急沛尋𨖅低浪因課任江西劾𠊛同幹化荄詧恨-𦖑東省督巡哯𪘵哏𢯟𦀊恨買催㛪旹媄化𡥵𪧄𡥙𤳆群𡮈𢚁埃妬-𨤮𠦳包管-湄𧗱低駐足特𢘾安身公浪𥪞局紅塵𨔍之天下奸人𠇍𠊛催旹逺祸旹催便𠉞英拱𢚁𥋳役茹英算𨄹𨃴塘賒固㛪𢆨特便𠀧𦊚塘浪𠳐義𥘀𦧘昌役𥪞寄托承當各其𡮍群没𡥙夢梨及笄歲㐌細期擇緣義初兑几九原情𡥵道𡥙敢煩𢺹傷浪䀡𡥙苦端荘工容㐌丕文章-芇疎浪性𡥙𨔍牢𦣰𡎢貝冊-𠓨仍詩㛪旹濫別𣃣皮場文此𨷑陣旗考䀡公𢜠𠾕奇𫏾簾命題𠄩調换粘𠔭韻聘𦠘壓𦰟筆春浘𡓄没陣風雲拱耒公䀡𠸦奇和𠄩姉㛪尼買寔-姉㛪𠰺迻𠳙対共䀡姮娥𠇍課宫蟾固堆停𢚸公買𠫾制边𠳒叮嘱边𠳒餞装娘盧𣉹特𧡊娘責牢庄𣩂肝腸払蘇娘徐特𧡊盧姐𠊛兜皮窖悲徐羅𠄩𨔍之色渃香𡗶庄𢺹姅𩄴庄移𡬷蹎欺玩景𣅶𢝙春和弹𠁑月浽韻边花没𣋚娘買𡄎戈𨤔香論貝𩄴娥没牟梦梨𥋴𥊘勒頭品題拮筆𠇍句傳神𠸦𠳒俊逸清新𠸠如開府参軍没澜惜朱拱分紅顔固欺聚欺散舌催𠸠生身意羅𤳆身尼巾略論𠁀拱甘盧浪燕北雁南聚散旹拱常談計之㐌情-重𠦳為情麻悶聚埃旹禁垠娘浪悶聚朱𧵆固庄扒斫虞嬪課初𢚸尼𡨸特呿-群𠲖𢚸意固皮紊庄𢜠忱--唭浪𢚸尼牢𠺥庄朋𢚸埃群𠲖𡥵造嘹𤽗才郎埃几稱堆緣尼唭浪窖㗂柴𢯦才郎㐌捻𥪞𢬣意耒別兜壁庄固𦖻吏群氷扒𫔯𠊛朱當娘浪呐𡉦𦖑塘固欺𩄴𩙌傳払軌如唭浪傳意㐌餘丐路假冒添-計之別羅別旦仍欺韻棲迎燕韻非送鴻娘𦖑𧺃𩈘突𢚸厭𠳒唉此呐𠼾𠇍句浪如事意㐌𥹰盎𩄲𨁪鶴別兜羅𡗶別浪竹固徐梅車羝咍㐌𪉽味𣘛椥浪牢𠰺㗂是非英雄兜固負義婵娟梂蓝𠳨𡓃尋信𨀒駒蓓染㐌顛如𩆍秋𡆫㗂㐌𠽍-牢浪永𨁪沉沁仍𠳒娘浪科籍恪尼別浪固沛羅𠊛意空浪𦖑蹺籍叔翁﨤饒𣈗於山東抌𧗱固茹李老𧵆掑常欺呐傳㛪𦖑㐌詳娘𦖑確寔𤑟𤉜𠲶唭買𠳨技強䀡牢燕鴻信息𣈗芇据兜麻俸律𠓨旦𦖻事払𠫾𨅸細𨆢据兜麻別--分厘唭浪芇固𫔯之唭油𠳐𠺥𢪀旹𢧚傷𢪀命蒲柳分常𩄴樁冷𣱾花堂劍灰茹萱䏧㐌点瑁緣𤾓𢆥意𢚁埃主持挹𣘃𡨸分知-霜-𥘀湥群夷羅身埋欺扱几才人從權沛夾朱𧵆朱明計徐欺買趿生奇情改樣輦情双棲埋台𡗶拱窖車吹𢚸姉庄恪咦𢚸埃娘𦖑𠸦志拱𠁀麻𢬣權变此制拱𫅷惜𠊛奔走為些闭𥹰𩄲屈𦝄𤎎芇咍㐌𢚸㤕𦲿為𣘃信春牢闭饒𣈗唉渚𠳚浪志氣空皮于歸羕唉群除荣歸𡲤𣈗㛪𨀈--㐌朱寄信浪旹寓低悲除會試戈𣈗庄詳春榜固咍庄羅娘浪𢖵吏𣎀戈敬抄固錄登科謨𧗱無情拱庄𥋳之此朱𥙩吏共旹𥋳制𨷑䀡撫案𢝙唭榜梅趿度果梅當皮停𢚸聘𨃴楼疎屈𢬣𢆥待𨑮徐信生生旹--行程𧗱河南買𨖅城金陵細茹懺所曾𤇊𨄹𣈜𫏾唉𠽄澄朱咍唉迻𠄩幅箋𩄲耒低𠱊料定𣈗問名家人領命起行-𧗱𠳚吏分明各𠳒𠄩書𠳐㐌迻耒公它过𨀈𨄹制西湖碎它𠳨吏老奴旹浪𠊛永傳路貝埃生𦖑𢭸𫋻咀𨱽𦑃𪀄牢窖落𩔗氷傾山東箕㐌弼澄麻低𡬼𡬷金陵拱丕緣喂緣意𠊛尼群--掛旦𣈙貝緣㕸𨖅尋𡓃花園侍婢別固群𥆾女空㕸𨖅𦣰-白公𨀈蹎公事敢從且芇於旹𦖑丕䀡牢西湖旹拱属𠓨杭州和羅噋㩡﨤饒倍傍赴任𠽖𣭻登程呌春𠲢㗜喠情呢𡽫𠇍丐𪀄撑边塘細尼安准-堂,Nom
15_ngoc_kieu_le_no.txt,朱尋𡳃𡉦頭廊各尼㐌曾霜最𦝄枚𠳨翁户白信唏絶𩂟拯羅公旦西湖-楊巡撫𠽄𠻀露信改称皇甫羅𠸛欺𨖲步𣅶-船遨遊欺旹対樣寒儒欺旹対樣江湖散人𠇍尼文会-蹎結情把呂䀡筋學行尼旹𦒹𦉱書生攔𢬣酒社詩亭打堆察-筆𥘀紙𨱽千家𠮩咾𠇍排本印尼旹𠀧𦊚青年誇-伴仍太玄吳圭察-𩈘伵𨆝婢謨名笔墨半藝劍咹窖台-湼𢥇垠点頭計萬打分旦𤾓𦖑咍禹穴山陰據沔多勝駸-𨄹尋𨃴𠊛如体昆𪀄別兜-櫗棱林尋-生徐尋庄𧡊𠊛戈𢞂照例蹺隊役衙𩸲簦坤𨤰越戈礼常進謁楊爺部堂𧡊生埃庄㤇當茹楊本固没娘小姐𢚁𠊛𠴍䋦𢭂書生浪埋隊福餘𫔳𠊛惜朱𡥵造狹徊金陵𣌋㐌訂耒陳朱悲除坤対約初察朱分𠁑特𢘾量𨕭𠇍尼押---𠄩𢬣𡨸㩫𡨸願呿-楊𦖑𡥵眜𪾦-壽楊𫗂-易除特兜皮算運用斫溇軌如兜㐌𠓨侯𫔳营原徐破案污名摱調應試另命劍尼貝楊曾㐌面陪抌頭𥛉六呌𠳒兑傷𠳨疎路傳更長別浪知-貝払蘇生边案咍-事情領𠳐帳院抌命𫔳蘇默埃猪罩𩈘模瀋兜湥渃𣷭湖詫牢-𠶆傳𡳶𠳨嘲𦲿幔𢷀𩄴𫔳高闭迡主人𦖑拱重柴𦑃鴻牢女另𠖤賒潙𠳚浪侯易𫔯𠊛-𥢆-㐌腰才𣈗初机兜促磊坤𩢬𤗖𦎛秋水俸-𩄴𥪞群之䋦俚麻懞𠾿哬𢧚沛𢴑𢚸-𠫾調兜𦖻-頭-曾𦖑意証病咦𣈗芇浪𦖑執齒𠮿嗃花箕懞結桧芇庄咍𨔍之𩙌𣇫霜𠖤易扲柳疗梅𤷍特油𡗶兜没陣霜𩂟𠇍柴旹拱断朱七情𧡊𠳒曲折分明拔忱渃眜紆-曲𢚸焒情熏𤈜同-浪情鍾拱羅鍾𫔯之身尼𣵰𣌋𨅹𣌉塘功名意拱為塘緣身𢧚緣俸拯𢧚旹料𣷭𠸕𡽫願貝身命随庄𣩂伯仁負情案意別垠芇散𠳚浪催路樊难瓶箕㐌𥓶坤算吏𫅜𧯶浪𢭸𦑃連梗情外拱哙羅情世催別兜庄色庄才蘋繁當侶竹梅少之濫𦖑巡撫上司㐌饒書𦲿悶車𥿗桃事常-綏𢪀㝹特𢚸尊長院爻室家群茹旹拱群茹甲科旹拱甲科恪芇生浪域瀋𡗶高𡨸情箕㐌刻𠓨盡昌默埃勢奇権𢀨滑牢朱辣湼鐄意𠫾別情坤-轉移辞生張吏𧿨𧗱貝楊楊𦖑𢠣翥詧忙因埃分事扒塘日寬催𢯏案吏抅官追賍無主查冤空頭咍澄生吏添油𠁑㙴坤𨤰拮頭朱昂惜身金馬玉堂抌爫𤛠馭𥪞場簿書㕸算托病告辞代題別固如詞麻呌㕸算赧那戈朝𥹰𣈗庄矯劍調題参催旹負罪拱甘群王利錁名緘之低包饒役怒役尼申𨖲發-没𣈗凌-没柴没伵氷澄㕸提𡓃𡳶金陵捹船吏-蹺迍別信𦖑尼禹穴羅沔景清卽旹𢴑-步行边塘﨤固先生𧴤錢扁題𡨸賽神仙動𢚸𢖵事馬鞭𣈗芇𢪀命緣分劳刀𢘾柴没卦𥊘𠓨此𥋳柴𠳐招卦皮耒𧡊羅卦姤断𠊛求緣役尼㐌固根原眼前侈趿侈𢧚庫之内爻交動買期沒吝特奇𠄩位夫人-䀡卦象意神𠄩𠊛才色院全奇𠄩夾堆卦体麻𥋳外乾内巽𠄩𠊛同親雖空骨肉麻𧵆圭賒𠄩渃情親沒茹生浪客逻塘賒𠳒柴㐌丕別罗尋兜柴浪卦義冉牟姤罗遇也沛求兜車据𥪞卦義䀡-山隂𡑩意旹罗天台旦澄除午𣈗𣈕𧡊埃袄𤽸罗𠊛老人趿饒嘲𠳨慇懃役婚姻意-分-𢧚別兜𥪞事玄玄生群𢺹姅㘈信-𡎢叮嚀柴吏𠸕𠳒義𥪞伉儷罗𡗶㐌車勢芇𠊛拱𦖑𠫾𠸠群辞咥-欺呂讓啫柴生𨀈𨖲塘細山隂道鵶鐄皮𨆢改称罗柳秀才假名逺客尋尼駐停𣈕-𨄹𥋴景清江山易眷客情吟𢝙皮欺𨅸俸𩈘𡗶白袍俸趿沒𠊛老翁𧡊生眜卒眉𥪝翁䀡羕動𤗲𢚸兑傷𧡊翁䏧玉𩯀霜生䀡羕𥾾肝腸敬𢞅逻𨓡嘲𠳨𠇍調几𥆾𠊛𥋴如朝沛饒姅更澄㐌𥹰-翁卞𠳨𫏾𠊛兜疎𠊛共鍾𡽫渃𧵑𡗶興毫朱𥇚沒𠄽分鍾生浪渃卒𦝄-趣𢝙𢝙濫𪨀𢚸蹺嗷敢兜称特𡨸毫哙罗蹺𨃴几高𠃣𡗊梏松産𩄴長條隣羅-祝逸迢呐能𠳨-拱於金陵边浪皇甫边浪柳生同洲淒𪉽渃情𩙌春如𠺙牟清沈沱翁浪𫅷歲𫅷放心𢧚買𨄹-江湖払當滿滿春秋氐情家累逺遊牢仃生浪𠄩梏彫零房空本唉沒命郎湯𢖵𠊛毫傑昂藏渃𡽫氐㗂文章旦除才𪬡敢-几初𢚸醝𢧚買悲除旦低𧡊生逸思羕𨅥翁強添重添醝𨑮分生浪埋﨤高人拱州郡意𧗱隣里芇翁浪醜㗂園郊於村錦石夾𠓨山莊生浪固白侍郎共𥪞貴邑𠊛常涓空翁𦖑秩祝-𢚸浪𠊛親-拱𥪞户茹貝払交接包除本罗心契咍罗靣交生浪兜敢援高濫𦖑㗂奇恪芇𩆐-價𠊛𤽸玉𥪝𦎛惜朱--劍塘知人𦖑𠊛固𦑃花春蘂桃𠍵𠳚𠓨𡑝槐庭許馨特几虚名尊讓西席㕸名東床翁浪𡥵-語𦎛易兜吝論鍮鐄麻𤐝𥹰𦖑事意㐌耒篤𢚸思想沒𠊛户蘇罗友白拱罗同州庄咍払固交-庄罗-𢚸空𨤰呐-浪𠊛意拱本罗知交翁浪才品爫牢生浪拱庄恪芇晚生沒更仍傳無情𡗶--別寓亭皮衝生𦖑--𥪞𢚸白公拱別𥪞-固些-油𣌋固別-䋦萌吏沛兜賒-𢚸-命呂𨀈竜冬塊情-𥗾𠊛𥪝九泉山東旹拱秩信爫之顛倒倒顛闭𡗶想𠳒神卜-𢬗呐-呐-呐𠊛如依緣箕群渚𧡊咦緣芇俸吏趿之翁尼𦰟畑-𧺃店迡--尋寓吏𡆫忘年共饒詩酒留連渃𡽫收𣍊𠓨篇品題外𥪞試飭𨇜藝發棱李杜薩溪株程連饒𣈗刻𣈘更翁強𤏣透才情強迷蘇箕旹唉𦖻𦖑柳尼寔固劍咦井精𠊛尼補过爫青知人女易吱命浪愚沒命坤体旦𢵋边𡥵边𡥙擀朱边芇𡥵油𡥙吏嘹遥舅些群丕責牢常情𡥙油𡥵吏縱横吒些庄矯謨名避嫌亙功羕𢘮尋添𠊛兜麻吏群尋特𠄩払蘇旹永沁唏油朱固𧡊拱𨆢-分笘花它趿主春蕙蘭鍾𦬑沒𡑝當皮浪𫅷固𡮍傳私𨤰旹𢚁几𢭂詞𠴍㖇貝饒拱哙深知㐌浪肝脯泥之形骸白公㐌沛㗂唭𥒥箕㐌打易淶玉-固𠊛賤女親生貝𠊛甥女親情庄賒敢浪德𦊚從𠀧噡噡拱-𡥵茹白公梏喬懞𢭸𩄴鍾暈高別固𢷀𢚸旦庄生𦖑呐胣氷傾騐𠳒-卜寔浪前知𠳚浪虎分卑微㐌𢚸傷旦𨤰咦爫青𪨃群沒段鍾情敢吀𤋵𫏾高明𪹾共-蘋雖唉群空𣳔溝淬且萝紅堆尼沒旹蘂𦬑花煨𢚸芇𠁑月負𠊛𡽫滝沒𡗶旹𣷭溟濛曷珠合浦群懞度𧗱挭情群𥘀皮皮情芇麻女𢴑𠫾朱停翁浪𠳐重為情𡨸情𡨸孝重輕𨤰芇沒命係奇宗祧𠳒浪為大沛調呐制𦎛散坤執𤗖𡗶珠𧗱耒仕料排権宜兔兜渚𧡊𢴑𧗱㭲𣘃固𨤰𡎢掑𪦆牢生𦖑𡬷胣劳刀𢷣-添𦇒抶𠓨羕𤴬生成𢖵德高溇犯勾為大磊𡢐強𠫅𢪀忱𢖵吏𠳒柴権宜-𧡊𠳒尼拱通浪𠳐意𠰺㐌窮領𠳒吀唉𫂮𢚸自低𡧲塘坤𡨹特拪朱𧗱從且𠃣𣈗𠱊疎翁浪庄𣌋旹𪱅沒𠳒君子凭如𥒥鐄𫅷嗔𧗱𫏾家鄉錁園花待東皇逴春𨇜調珍重恩勤𠄩𣈜生拱蹺蹎𧿨掉旹皮𧡊几同僚𠳐𠳒上憲朱蹺尋𠊛狭塘坤𨤰𨅸𨆢信𧗱㐌𧡊撫-細𣦍浪𢜠𢆨㐌﨤低𫏾箕吀恕𡢐尼吀傷𧡊楊怯納敬讓謝辞生据𡨺行属司楊浪礼意傕𠫾𢜠先生㐌改𧗱翰垣部咨𠳐固文傳倍鐄𠳐沛朱信逴𠊛歲𫅷𡮍分賒吹防欺㳥𩙌𢚁𠊛-𩂏扲拪揞-逴𧗱-尼別室常欺待𦖑𠳒生拱-𢚸弭身清要脱𨦩簿書情𥢅-唉菫魚--俸𧡊軌如旦侯𫗂𠁀--逻兜𢪀命𫏾拱伴瓢貝生庄戈荄孽為命福𠊛群兑旦情-交悲除望重價高撫堂群丕敢牢分𪬡庄旹摱𥙩塘緣报信𢜠𫏾𢭗権侞𡢐边-坎念儈頭浪𢜠浪謝𨷑-渃堆生浪窖窖-唭爲埃麻謝為埃麻𢜠𠳚浪𩄲固-層欺浪𩂟撟欺浪浄光謀謨仕𠳚傳楊傘蓮本唉-𦎛噤牟磊箕侯易質兜𢜠尼唉補--断腸調兜如𪭯肝鐄唭浪功罪𠄩塘抵消𠳚浪-隊𢚸腰𢪀命功𠃣罪饒虎𧯅役尼信使嗔當唒浪㕵雪咹箱管咦生浪特感𢚸為役尼𫏾㐌𠄩皮書封特英番-執功𨫊𣜱欺拱𢯦𢚸路埃領𠳒張-𨃴𨆢生𡎢𥢅𢪀羕𢝙羕𢞂緣尼𨑮𠃩㐌𧷺山隂裊意-群昂昂沒油-体𢗼量𠄩油易別性方法芇催油惜-義高芇𠳒断-占爻庄灵灵油緣意㐌停緣尼群𨤰岋𡹞旦兜緣尼麻惻阻饒旹緣金燭明珠群徐歐罗名帖沒詞祸𠊛處置-机局之連𢬣曰帖封皮粛呈皇甫-題柳生速𨖅呐貝張卿固𠊛契友附呈家書拱𥪞錦石村居𢚁英𠽄𠳨迻詞帖朱領詞張𨀈-渡-𣈜生拱馭𢂎蹺𡢐傳命仍想兜兜傳𥪞闺阃--買奇自番查録春-呵唏-𣌋琹詩寫情欺旹-䏾𦝄萌興𣑳連理賞梗合-欺旹終-終幔章樛吀㗂詩関綏韻沒𣋚𧡊几家人書封𠄩幅沒吝迻戈鍾𢬣拮𥙩--沒罗吳老沒罗蘇公吳旹引吏始終浪-買寔乘竜當𠊛蘇旹寫歇情-浪為注意定𠳒室家䀡--晋𢚸花夢梨仕-𨀈-𥛉𢜠娘浪窖窖凌仍𢜠鍾埃吏埃浪𢜠埃浪𢜠姉𫅠緣諧𠄩書情叙沒𠳒光明傳㛪罗傳隐情呐能𪭇𠰘䋦萌少𠊛情君油庄負𠳒沒吝固-𠳨--昂令-油𥘀𢚸傷𨤰兜沒𡃹達昂𠄩匙㐌咍恩姉提携役㛪㛪唉狐疑渚仃娘浪庄路𢗼觥家君庄沛世情如埃𠳒姑𡲤㐌𠹾𠳒固兜支沒支𠄩𫗂常油𠊛𢩿-刪香尋兜朱特𠄩払蘇生庄旹姉拱𤋵情唒牢牢拱特停買傕-為呂沒𡍚𠄩家君別固扱𠊛尼空,Nom
15_ngoc_kieu_le_no.txt,𠄩塘疑惑渚衝信𧗱㐌𧡊白公𨀈𠓨奇茹迍迍嘲嘲公𡎢𢝙𨤔𠮿敲𢜠唭沒它尋特沒𠊛沒緣𠄩姉㛪𤽗調𧷺𡮍終義𡥙情𡥵産𢬣車産沒門瑟琹𠄩娘𦖑拱𢜠忱廬夫人拱停心𠳚排仍𢗼𡥙唉𠽔-藻蘋渚𨤰沒𢬣當頭特𣈙--𢭗饒𢚸㛪㐌斐約求閉𠉞趿兜𠊛意麻埋嗔朱𦖑歇傳𣈜出遊公浪𠊛拱本州柳生𠸜意名流𠁀尼計自欺𨄹湖西欺尼文会欺𣈜山隂歲尼𣈙㐌甘心盖棺𣈜恪唭忱拱𢝙娘𦖑拱祝𢢯𢢯𥉬𡥵嫣素呈𠄩幅詞䀡書翁拱-魚傕旹㐌-悲徐爫牢惜功-節𠄼遭惜𠊛待月徐-舌催卒它𠄩-沒𠳒𠰘尼沛𥒥麻𥓄特油𧡊𠳒決断--𢚸春-𠯪涅秋㤳旁𨆢蹎𧗱准書房嘆忱咀𢜗貝娘夢梨㤕埃情義𥘀泥付朱𣳔渃吹𧗱𣷭東𦑃兜執吏如空底𠊛迎燕送紅𢷣揚法茹分𡛔𠄩塘易麻𩈘𢥇眉-牢低浪𠳐𥢆-情𤷙双麻夾𩈘𢭂𢬣渚兮𢢇㛪𩈘聘𣘾掑𡓇𡎢𪮚𡬷𠳒誓𠄩𠀧船埃俸捇彈戈𫏾罗失節𡢐罗負心拱饒拔渃眜忱𧡊信吳老翰林細𡎢因為告假再回英㛪-𩈘旦制叙情隣罗𠳨傳蘇生星期㐌定緣𫅜咍牢公浪功𥘀義--𢚸下愛課芇朱𢣧惜朱書-㐌迡滝銀呂𨀈梂𩄲𠫾耒吳浪窖𠰺𠽋唭𢭂書㐌-𣎃𡗶旦𠉞𡲤它--闭迡初牢庫𠇍麻𣈙易牢外-群固𠊛芇扱兜麻俸結𠓨買稽公卞引傳仍欺欺𠫾扱𢷣欺𧗱𧡊書惜英渚𧡊包徐貝蘇欺拱執棋沒車吳浪𠳒𠰺庫𦖑𠊛𥪞郡固-𠫾𡉦芇敢浪㛪拱廣交-𥪞𢬣袄謹牢𪖬鑆惜英渚特扱𠊛柳箕欺拱讓𠄽分撐况它科甲功名庄欣𠊛咳𢭗命衡茅公浪𠊛貴品高甲科翰苑召芇塊𢬣𨃴塵沒𨀈湯𩄲旹塘事業㛪低坤皮𠄩塘捻吏招𠫾边旹誇柳边旹誇蘇仍罗-特-輸軌如俸𧡊--外㙴𠶆𠓨此𠳨傳䀡拱罗使喋信𪀄朱払𪉽麻㗂𠳚𠳒𠴔公強辞咥張強𠹚-公浪仕料𢗼筭張𡎢疎傳-談𥹰𥹰於低村𫏾村𡢐𦖑翁皇甫於兜村尼詞交固幅詞𩄲生曾𠽄𠳨𠇍𣈜庄-公浪意拱户茹底書低仕迻戈𪿒之交書張𧿨𨃴𧗱公𠓨𨷑幅書皮共𥋳𥪞書呐歇曲浽曷珠雖唉絶潙永信人琹旹沕依然庄戈差𫏾羅傳言差権宜𠳐唉-𠳒經権𠄩𨤰默𠊛𠰺牢信鴻因便㨳𠓨𠄽𣈗𠳐仕尋𠓨承顔䀡書公唉樊难事𠁀牢窖循環倒顛吳浪𢆨拱两全固𠳒意咥特緣𠉞停公浪惜几才名惜公吝惮惜情多恾歐羅唉待欺𨖅英㛪此仕决塘𢧚庄𠄩翁盘泊呐能𠄩娘𦖑濫姅𢜠姅𢗼盧旹懞痗𣌋𪱂家童信𫏾牢𣉹永𦖑長安固透𡉦槐咍塘𡗉-朱羝論𨦩庄羅沛𠀲家童𦖻外迎仰䏾𥪞寔-生旹㐌占魁科童旹据𠳨芇羅蘇郎生旹㐌任州杭童旹吏論𧗱塘金陵觥城𠫾吏吝-边𦖻永㗂哙浪蘇郎尋𠊛𠳨特技強羅蘇友德𥪞坊𠊛低𨔍之𠄩㗂𧵆咍𦖻𦖑㐌𤑟尋𣦍旦茹封書坎念迻戈脱𦖑友德別羅傳生𢪀命𣈗𫏾冒名卒它𥓶傳虎命辱牙𦖑生㐌杜甲科貝命𡲤吏義羅同窻吏欺送餞固𢚸役之𨢟傳荄蔠貝𠊛庄朋培摺朱耒隨方運用料𠳒𨷑恾𨷑書䀡歇𤑟𤉜梦梨友弟𠴍𠴔蘇兄計自石上訂盟旦欺避祸𢭗命白家忱𢜠机会庄賒迍𠊛些仕迻-𢜠𠊛傳𢜠吏扱傳𢝙𢞅些欺吏朋𨑮𣈜初埋咍皮趿信迻蘇生㐌指𦰟旗囘鄉衣冠直産边塘迍𢜠逴吏家堂欵生事箕生拱爫清謝𠳒厚惠排情旧遊没𣈗-𫗂阿誽𠄩𢬣𡃹酢𡃹酬𠶆-𢜠𠊛論院塘緣㐌沔錦石吏沔山東化竜連𧡊乘竜𠁟𠀧院𦉱斐𢚸平生𦖑𠳒生唉疑情傳山東意牢英特詳迻書𠱈𡁾𠳚𠴔啉𠸛世意落塘-箕㛪它咍意𢌌推認書功意𥙩咦謝㛪拮書生買𨷑䀡謝浪功德千金渚填傳𢝙𣴓𡃹-畑𢜠𣈗告別閣鞍𨖲塘悲除買𤑟-霜書兜窖特𡧲塘麻𢆨緣兜𠦳𨤮没𣈗弹兜紊奇𦊚𦀊没吝翁絲-窖磋運𠀧茹𦊚䋦𠄩親没廊恩𤤰𥙩濫絲王𠄩𢬣坤𨤰多恾特𡗉闭𥹰𩙌鎖湄摷氷傾信息占包立-敢浪边負边腰𨖅低𠳐𠰺料調䀡牢拉算撟𣦎𦰟桃照常礼帖𫏾𠓨白公姓名-㐌鋪崇女边皇甫庫𢚸𠽉怜庄旹唉改𨖅边皇甫厭情仕咍没團馭渃車𩄲𩙌𢜠撅-花醝也塘-音㕑𡳵㨳𨖅朱軍駐杜改粧如𣈗𪱯澄錦石𨖅𣦍頭廊没伵没柴-魚公它固意待徐遣𠊛迍妬仕迻信𠓨山陰𠊛𡳵恪芇家因𪱯𩈘迍嘲牢𣋀公𦖑𢜠焒掣包産尼別所𠶆𠓨東莊晚生執礼謙讓𠳚浪隊-𢚸鐄兑腰𡮍身-浽-䕯没番知-𠇍調叮寧卒它攔𢬢買情悲除坤𨤰對命特牢情書𫏾㐌𠳚𢭂群如處置量芇隊恩公浪敢接花翰𢜠朱𠊛買宫弹唉原𠊛兜朱別户𠸛㩡埋拱默-玄𢪀兜生浪事㐌到頭𣉹牢𫔯𫏾𩂏𡢐牢停始終計歇事情餒緣𢭄䋦餒命改𠸛公𦖑𤏣歇根原語埃庄拱蓮仙貴臺唭浪𠳐㐌固𠊛𫅷低敢讓敢奈敢爭𨅸𨖲--謝情謝𠊛盛德甘命負言,Nom
15_ngoc_kieu_le_no.txt,公浪𢜠特緣𧷺餒𥢆𫅷拱𡮍群沛疎出遊𢷣吏傳初改名羅世迍徐羅低生𦖑哏没催迡𪱯饒唭𠹳攔𢬣共𠓨草軒傳𨷑席桃吳公𢜠迍𠳨芇柳生公浪尼意柳生芇蘇友白𧵑英兜除唭㘇引傳𩅘絲陣𩂟援-案疑𥓶-窖台浪白浪皇浪蘇浪柳没場籠蹤吳浪𡥵眜英雄別饒𥪞盎𦹵-牢公浪兜敢援高哙羅蹺𨃴𣈜芇咏梅生浪虎分不才敢當𠄩位老臺过𠸦𢝙饒𡃹-𡃹-梗梨㐌𢷀俸軒羅陀乘机𣅶永𠊛茹𨄾𧵆生買𠳚戈岳堂浪𠳐过𥘀-傷𡶀尼群敢𪱯昂𡶀芇㤕為﨤𨀈劳刀感𠊛義瀋情-坤𢢯山東引傳曲浽欺𠳒昆友欺𠳒絲羅耒-另𨃴方賒訂婚𣈜𫏾意羅𠊛初朗盧隔-阻湄姅塘𩛷怒埋皮𧡊信𠸕𠫾𠸕吏勤拳浪𠓨尊府根原旹詳特信本唉𥊚恾庄咍踪跡𤑟𤉜爫牢公𦖑羕固㝹-盧家吏固𠊛芇書生夢梨𠸛意女甥交情芇妬親情芇兜秦銀率没徐𥹰浪𠳐查𤑟耒𡢐復𠳒生浪嗔唉暫𨆢家人行李群外㕑賒公卞朱几𠽄戈共𠓨駐足尼茹東庄公𠓨𢜠呐貝娘傳盧引吏𠳒払群疑𢜠𢚸𥛉𫏾簾絁役㛪𠳚歇自欺從権緣𢆨𢜠特壻䝨敢嗔𨑜福周全奇堆𡥙𡥵鍾振和𠄩補功尋撮補𠳒丁寧公𦖑𠳒呐分明志高𠸦𡥙歲撑買豪𢚸尼㐌斐約泑吏刊緣柳扒𠓨朱蘇娘𠓨𠳚吏侯姑姉㛪攔𢬢傳路-昂公旹-准東莊浪盧公子㐌詳特信双群𫔯𩈘另𠸛𠴍𠳒浪役姻緣默𫅷惜𠳒𣈜𫏾呂-㐌𠄩固𨤰群𠀧特芇生浪公子𨅸豪令甥緣意結𠓨拱生唭浪役意㐌停生旹寔胣𣦍情別兜𢝙唭我言除𥹰吳公皮吏共饒盤桓双棲𦖑吏傳盤𠸦浪㐌當没團緣於路唭因𢷣傳初𡃍朱友德軌如𡥵𠊛生浪役𫏾㐌耒敢嗔量𣷭𢌌排包容公浪䏾拱英雄𢚸箕低拱没𢚸渚牢信𠶆𠄩𦲿帖桃𫏾𡢐調旦几嘲𠊛疎留連𨢇𣌋茶暏役生旹唉群徐蘇公白旹渚別京中𢖵払𢪀𪿒仍𪱯𢣂忱耒𦖑補聀翰林停𢚸𨁡𨃴袍簮固𠊛没章休致請囘𧗱河南㐌買移金陵生𦖑信息倍𢜠徐公暫別𧗱滕烏衣吒𡥵𢜠焒少之役緣𠳚歇分厘停-蘇公𦖑呐麻驚𣥱包局变買成局𢝙𢜠𡥵妥志爫𤳆𢜠茹餘澤群𨱽箕弓𡮍群餒於渚衝𥪞城喧闹庫𢚸𠓨-庄朋錦石村賒白家准意尋茹近鄰𫏾羅𠫾吏朱𧵆𡢐羅注特安身養𫔮役茹區處㐌安河南基址朱盤運𡢐共饒賒馬𨇒毛細茹白老𫏾楼軒書𨕭旹𠄩位嘲疎𠁑旹友德軌如𠄩払灵亭席玉𣙺鐄𠮿嗃絲竹焒𤉜冠紳特𣈜定礼成親主婚吳老大人没位𠄩員賛礼陪隨盧旹友德白旹軌如苔塘網迍車迻㗂鑼浽坦𩄴旗-𩄲𩄴仙簾轎𩙌𠖤会芇𢝙女会尼塵间礼耒賓主調散燭花𢺹姅𩄴幔𢷀堆𫏾𨖅边姉𢝙唭叙情繾綣𠄽𠳒渴滈边㛪𡢐吏𢝙嘲𢖵𠊛良友𠳨芇令兄𢢆舂唭𤋵真情討牢𣈜意䀡形㐌疑𠊛兜窖窖奇-強𠸦唠志強迷敏𢚸𠄩边義合情鍾計牢掣浽闺房𢝙𢺹公初𢖵几侍婢𠰺朱嫣素没位小星情𢝙𣎀𥐆五庚耒-備礼謝情各尼𥪞外區處㐌耒撰𣈗上任指潙京中便塘戈裊山東𢯢𢲲𪤍𡳵捹𢲣𡓳初𢖵𠊛李老鄰居共𠊛店主謝辞罕灰-朝𪧚院道碎恩𤤰瀋泣祿𡗶乘餘𢖵情友德軌如没𢬣拔舉拱𢘾奇堆楊徐𧡊度量𠊛嗔浪改悔捥𠳒贖身老吳歲㐌𦒹旬𤼸章休致𨆢蹎林泉共翁白老蘇渊伴仙𢝙貝𣈗仙𥹰𨱽生旹感德恩𠊛欺章請假欺𠳒问安福-流捋門庭桂槐特𦒹𦉱梗𦬑芃没朱承継蘇公没朱承継边𣳔白家群盧公子𥪞茹篤𢚸𠰺杜拱羅成身停𢚸太太夫人没茹凌礼冠紳撟𧗱-𧷺義怒情箕𠦳𫅜-卒𠀧皮𦊚边耒-國祿天年雲仍綏𨃴𫔳仙𠁀-買咍作合机𡗶默埃𩢬倒默埃詧恨呿-𪧚梗君親丐身𦉱𡱩羅身綱常緣𫅜羅義糟康𨫊𣘈兜扒斫從渃𩄲風流傳𡳵拱菭十全買𧡊傳尼羅𢝙圭務執整㗂𠁀欺𢝙啉惨讀制拱情窻𩄲因𣅶乘𫔮䀡𥪞才子固払雲仙欺𢝙拱氣奄奄欺𢞂吏計傳金雲翹,Nom
3_tale-of-kieu_no.txt,𤾓𢆥𥪞𡎝𠊛些𫳘才𫳘命窖󰑼恄𠑬𣦰戈󰜋局𣷭橷仍調𬂙𧡊㐌𤴬疸𢚸𨓐咦彼嗇斯豐𡗶撑悁貝𦟐紅打慳稿𦹳吝󰇾𠓀畑風情固錄羣傳史撑浪𢆥嘉靖朝明𦊚方滂𣼽𠄩京凭鐄固茄員外户王家資𠉝拱常常堛中󰜋󰜩𡥵次𡦧𢚸王觀󰑼𫳘綏𣳔儒家頭𢚸𠄩婀嫊娥翠翹󰑼姉㛪󰑼翠雲梅骨格雪精神󰜋𠊛󰜋𨤔𨑮分院𨑮雲䀡莊重恪撝囷𦝄𣹓惮󰞺𧍋𦬑囊花唭玉呐端莊𩄲輸渃𩯀雪讓牟䏧翹強色巧𪉽麻搊皮才色吏󰑼分欣澜秋水𤵖春山花慳輸𧺀柳𢤞劍撑󰜋𠄩迎渃迎城色仃𠾕󰜋才仃和𠄩聰明本産資𡗶坡藝詩𪽗󰖌味歌吟宮商漏堛五音藝𥢅咹䋎胡琴󰜋張曲茄𢬣攄𢧚腔󰜋宮薄命吏強󰞽人風流窒墨紅裙春撑執齒細旬及筓淹念帳𢷀幔𩂏墻東螉𧊉𠫾𧗱默埃𣈜春𡥵燕迻梭韶光𠃩𨔿㐌外𦒹𨑮𦹵𡽫撑羨蹎𡗶梗梨𤽸點󰜋𠄽芃花清明𥪞節𣎃𠀧礼󰑼掃墓會󰑼踏青𧵆賒奴𠽋燕鸚姉㛪攕𢯢步行𨔈春習妙才子佳人馭車如渃襖裙如揇袞昂塸埬捁𨖲梭鐄𥿠𫽘烣錢絏𢒎斜斜𩃳我𧗱西姉㛪他矧𢬥𢬣𫥨𧗱𨀈寅蹺𦰟小溪吝䀡風景固皮清清㝹㝹𣳔渃捥𨒺揲梂儒𡮈𡳜𡌿北昂茌茌埝坦边塘油油𦰟𦹵姅鐄姅撑浪牢𥪞節清明麻低香𤌋永腥世麻王觀買引𧵆賒淡仙娘意𠸗󰑼󰞻兒浽名才色󰜋時𠮿嗃外󰘂󰣢咦燕鸚刧紅顔固蒙萌姅澄春脱技梗天香固𠊛客於遠方賒𦖑拱𠽋㗂娘尋𨔈船情皮㨳細尼時佗簪技𤭸淶包𣇞𢩣空𣼽𠖯如祠𨁪車馭㐌𧄈矑𥊚撑哭嘆坤挈事情窖無緣󰋇󰑼命貝些㐌仃緣𠓀拯麻時之𡭧的噲󰑼緣𡢐攕生摄梓車珠𡏧紅󰜋埝默油𦹵花𣦰包兔吝鵶斜意墓無主埃麻𠶇𠶀𢚸兜産󰼲傷心脱𦖑翹㐌潭潭珠沙𤴬疸台分弹󰜏𠳒浪薄命拱󰑼𠳒終𢰺傍之󰋇化工𣈗撑󰍹痗𦟐紅配坡𤯨爫𡞕插𠊛些窖台𣨰𫴋爫魔空𫯳芇𠊛鳳乍鸾終芇𠊛惜綠貪紅󰑼埃㐌空几兑𠊛懷産低些劍󰜋𠄽𤓢香噲󰑼﨤𫽻𡧲塘和󰑼𠊛𤲂󰋞鐄別朱啉𠽍𭝫𠼯𡮈蘇𨀎𡓮𢽼𩠓𠓀墓𨀈𫥨󰜋𡓄𦹵曖𩃳斜𫗄休休𠺙󰜋𢽼芃𦰤隻簪産㩫𠃅頭拍䏧𣘃詠糝勾𦊚韻吏強迷𢠨心神吏強𥪸𨄷秦垠渚𫥨吏強塢𢝀󰞺花愁𣻆䋎綏珠沙𥐆𨱽雲浪姉拱𠽋唭窖餘渃眜哭𠊛古初浪紅顔自課𠸗丐條薄命固除埃兜餒念想旦麻𤴬𧡊𠊛𦣰妬別𡢐世芇觀浪姉呐𫨩牢󰜋𠳒󰑼󰜋運𠓨庫𦖑於低陰氣𥘀泥𩃳朝㐌我𨤵𧗱群賒翹浪仍𠎬才花𣨰󰑼体魄羣󰑼精英易台情吏﨤情除䀡乙𧡊顕灵悲𣇞󰜋𠳒呐渚及䜹丿兜陣𫗄捲旗旦𣦍𠯻𠯻拙祿𢫝𣘃於𥪞羕固香𢒎𠃣𡗉提澄𦰟𫗄吝蹺𨁪𩌂曾𨀈印𧄈伶伶𩈘𥆾埃乃調驚娘浪尼寔精誠拯賒有情些吏﨤些𠤆泥幽顯買󰑼姉㛪㐌𢚸顕現朱䀡謝𢚸娘吏𫃤添𠄽𠳒𢚸䜹淶𣼽徘徊㭲𣘃吏拍󰜋排古詩用浪姅於姅𧗱樂鐄兜㐌㗂𦖑𧵆𧵆𬂙澄𧡊󰜋文人弄𢭾𢬣叩𨀈吝𨤵氷提携𠦻襊𫗄𦝄𡢐蹎蹺󰜋𠄽𠊟𡥵𡥵雪印色馭駒𣆱𦹵坡味襖染𡽫䏧𡗶𡑩賒買𤍊𩈘𠊛客它𫴋馭細坭敘情鞋文吝𨀈𨤵撑󰜋𡓄如体𣘃瓊梗瑤払王悁𩈘𫥨嘲𠄩喬𠲖戾納𠓨𤲂花原𠊛𨒺橘兜賒户金𠸜重本茄簪纓𡋂富厚堛才名文章󰞺坦聰明性𡗶丰姿才貌捽撝𠓨𥪞風雅𫥨外豪花終𨒺刎坦渃茄貝王觀𠓀刎󰑼窗親刎𦖑𦹳𠽋香鄰󰜋𡋂銅雀鎖春𠄩喬渃𡽫隔󰋇𢩣桃仍󰑼濫唒󰠐夭祝蒙枚台邂逅相逢﨤旬𧺃𦲿妥𢚸尋花𩃳紅落𧡊𡑩賒春蘭秋菊𪉽麻奇堆𠊛國色几天才情𥪞如㐌𩈘外羣𠲖執廛干醒干迷󰟱𡓮拯便𠞹𧗱㐱坤𩃳斜如𠽖干𢞂客它𨖲馭𠊛群𥊘蹺𤲂捄渃沚𤄯𤅜边捄絲柳𩃳朝󰑼他翹自𧿨𨃴帳花𩈘𡗶閣𡶀鉦它收空𤗖𦝄隻隻𥉰窗鐄招底渃𣘃篭𩃳𡑝海棠也𦰟東鄰湥霜撩󰠱梗春󰑼陀󰜋命𣼽𥋴𩃳娥𡀷塘𧵆貝餒賒排排𠊛麻旦世時催𠁀繁花拱󰑼𠁀補𠫾𠊛兜﨤𫽻爫之𤾓𫷜別固緣咦𫨩空袞昂𤾓䋦边𢚸𢧚勾絶妙寓𥪞性情征征𩃳月熾𢅆𢭸𢭗边篆󰜋命燒燒脱兜𧡊󰜋小嬌固朝風韻固朝清新霜印𩈘雪坡身蓮鐄朗蕩如𧵆如賒逴𢜠噋𠳨𠻀󰑼桃源落𫮇兜麻旦低𠽔浪声氣𠸗󰅒買共𠑬𣅶班𣈗㐌𫺴寒家於𠃅西阡𤲂𣳔渃沚边𨕭固捄󰋇𢚸下顧旦𠑬󰋇𠳒下賜捻珠招鐄𠳐呈會主䀡詳麻牢𥪞數斷腸固𠸜歐仃果刧因緣共𠊛󰜋會󰜋船兜賒尼𨑮排買買𫥨勾神吏摱筆花𤳰撝翹𠳐領意題排𢬣仙󰜋捤󰖌𨑮曲吟䀡詩𠽋𠴑𠸦󰠐價仃繡口錦心恪常啻󰝂𠓨集斷腸時撩解一之讓朱埃㙴花客㐌阻鞋娘羣扲吏󰜋𠄩敘情𫗄兜摳幅萌萌醒𫥨買別浪命占包𬂙蹺芇𧡊兜芇香乘󰟯唉𫥨𠓨兜低󰜋命量慮更迡塘賒𢪀餒𡢐尼麻驚花㵢䕯𣼸㐌仃別緣命別分命世催餒𥢅笠笠㳥𣼭𢪀𠾕干吏湥洡𠾕干𠰩嬌廛𠯇帳鵉茄萱秩醒𠳨干據咦據牢陳濁更𣅙牟花梨唉潭𣾸湥湄𠽔浪𡭧分𬏝疎養生堆女𩯀絲猪𡊰𣇜𣈜𨔈𡏢淡仙𥃱𠫾脱𧡊應連占包断腸󰑼数世芇排𫥨世意詠𠓨世箕據𥪞夢兆麻推身𡥵催固𫥨咦𣈕𡢐𠰺浪夢幻聀兜俸空模󰞽卓愁𢪀㝹𠳐𠳒勸解湿高渚双條𢪀吏𤁓脈湘外窗兔𠱈莺鐄腋墻芃柳𢒎𨖅󱇩𫣂軒斜搁𩃳迎迎餒𥢅𥢅𢤜𡬷𥢅󰜋命朱𫨩󰑼𥠭有情妬埃󰣞䋦絲萌朱双払金自吏書󰏻餒娘更更边𢚸怲𢚹愁𣁲強拔強𣹓𠀧秋扽吏󰜋𣈗𨱽𡃊𩄲秦錁謹󰏻𦂛𩃳紅料𡑩𠫾𧗱占包旬𦝄鈌𥒃油耗𩈘思想𩈘𢚸嗷喭𢚸𢩣文唏這如銅竹車𣰏兔絲重泛鵉𢅆湘拂拂𫗄弹香𨢟味𢖵茶看喠情啻庄緣𡢻𠀧生𢅆湘拂拂𫗄弹氷傾𢖵景𢖵𠊛𢖵坭奇遇倍移蹎𠫾󰜋澜𦹵木撑荑渃吟𤄯沕𧡊咦女兜𫗄朝如𢭮干愁芃𦰤休乙如牟摡嘹鄭𥢅想𠃣情𡗉侵侵提𡑩藍橋吝𨖅審嚴謹槓高墻𣴓𣳔𦲿𧺀𢴑塘𪀄撑盧䜹絲柳𢭾𢅆𡥵莺𭓇呐𨕭梗𠸍𠶣󰋇吝󰘂埬杄掑𣹓㙴花用別𠊛於兜秦垠𥪸𠁸𣇞𥹰𨄹𨒺秩𧡊𠃅𡢐固茄󰑼茄吳越商家𢩣空底妬𠊛賒猪𧗱𥙩條游𭓇𠳨𠾔襊弹𥝥冊提携撰𨖅固𣘃固跢産床固軒攬翠󰞺鐄渚派𢜠󰠐准意𫳘排𠀧生歐罕緣𡗶之低窗糊姅怯𦑃𩄲墻東𥊘眜𣈗𣈗恒𬂙𡬷𡬼洞錁原封絶𩂟芇𧡊𩃳紅𠓨𫥨忍自館客鄰󰑼旬𦝄點𦵛𫢩它噡𠄩隔墻沛𣇜淹𡗶𤲂桃󰟯固𩃳𠊛切他𡍙琴捉襖倍𫥨香羣𦹳𠽋𠊛它永腥吝蹺墻錦𨄹𨒺𨕭桃落𧡊󰜋梗金釵拁𢬣𢭲𥙩𧗱茄尼𥪞閨閣兜麻旦低𡄎歐𠊛意宝尼庄緣猪易𠓨𢬣埃扲連𢬣𥋴𥊘怲𬛩唉群倘倘香沉猪派散霜㐌𧡊𩃳𠊛𨒺墻𫥨意尋摧謹魚生它固意待除隔墻𨖲㗂賒迻懨𢚸釵尼扒特虚空別兜合浦麻懞珠𧗱㗂翹𦖑律边箕恩𢚸君子詫咦𧵑淶隻釵芇𧵑󰋇𨑮麻𢚸重義輕財挈包生浪鄰里𫥨𠓨𧵆低芇沛𠊛芇賒吹特𣈙𢘾𡭧𦹳淶計它少󰞽𢚸𠊛閉𫢩󰋇𥹰買特󰜋𣈗仃蹎𠴞𡭧念西噲󰑼倍𧗱添𥙩𧵑茄釧鐄堆隻巾𬗢󰜋𣃱堛𩄲䠣𨀈𦰟墻沛𠊛𣋚怒𤑟𤉜庄㖇𠶤𠼾󰇾意揬提几𥆾羨𩈘𠊛𠲖儈頭浪自偶尔﨤𠑬󰠐𬂙濫𢖵闭𥹰㐌𤶐𩩫梅并㐌輸󰍹吝𩢬埃別唉群𣋚󰅒𣎃𧷺如𠳚宮𩄲陳陳󰜋分挹𣘃㐌料便低吀󰜋𠄩條臺𦎛𤐝旦𨁪䕯朱庄垠魚娘買𠽔浪腿茄氷雪質恒菲葑油欺𦲿𧺀𥿗紅𢧚庄時拱在𢚸媄吒𥘀𢚸㤕柳為花𥘷疎㐌別兜麻監𠽔生浪𣈙𫗄𣈕湄𣈗春㐌易情期󰋇欺油庄𪹾𬌓情𬏝舌低麻固益咦旦埃𡭧之哏咘󰜋𠄩朱仃耒仕料排䋦萌囷𤍌油負𡬷誠拱料補過春撑󰜋𠁀量春油決狹𤞑功㧅󱁲拯舌𠻓𡗋油朗𦖑𠳒呐如游朝春易遣󰞺秋𪿒顒浪𥪞𣇜買𨓐𨓡𢘝𢚸固𨤰扲𢚸朱當㐌𢚸君子多忙󰜋𠳒𠳐鑿跢鐄始終特𠳒如𢶒𬌓𢚸󰇾金釵貝巾紅𢭂𢬣浪𤾓𢆥拱自低𧵑信噲󰜋𡭧尼爫𥱬産𢬣巾錦𦑗葵貝梗釵意即時𢬭𢭂󰜋𠳒皮哏漆膠𠃅𡢐󰟯固𠮿嗃㗂𠊛倍傍𦲿用花淶払𧗱院冊娘移樓粧自番跢別歲鐄情強審𤀏胣強謹魚滝湘󰜋解農𣻄边𬂙頭怒边除𡳜箕󰜋墻雪阻霜𩂏信春兜易𠫾𧗱朱能吝吝𣈗𫗄𣈘𦝄疎紅葚綠㐌澄春戈皮𣈗生日外家𨕭双堂𤲂女󰑼𠄩㛪熷𤇊攕𢯢襖袩芹𤼸󰜋礼賒󰝂𡬷誠茹蘭清永󰜋命𡄎机會遇㐌仃𣋚𠉞時珍式式産排𨃴蓮脱脱𨄹𣦍𠃅墻隔花仕𠱆㗂鐄𤲂花𧡊㐌固払𥪸懞責𢚸哬𠾿貝𢚸焒香祝底冷𣼰閉𥹰仍󰑼塔𢖵𢬭愁雪霜染姅𠃅頭花淫娘浪𫗄扒湄扲㐌甘弊貝知音闭迡永茹特𣇜𣋚𫢩𥙩𢚸噲𡭧𫥨低謝𢚸吝蹺𡶀假𠫾𥿺𡳜墻󰟯固𡑩通買樔趂𢬣𨷑錁洞桃𥘶𩄲𬂙𤑟𫮇𠓨天台強𥆾𩈘強添鮮边𠳒萬福边𠳒寒暄聘𦠘𧗱准書軒󱊫𠳒風月𥘀願𡽫滝𨕭㯊筆架詩筒淡清󰜋幅𢂰松撩𨖲風霜特𨤔天然𪉽𠸦󰞺筆強𥆾強鮮生浪樸𪽗皮耒品題吀󰜋𠄽𠳒添花𢬣仙𫗄匝湄沙曠𨕭仃筆草𢽼𦊚勾𠸦才𠾒玉噴珠娘班妸謝拱兜世丕刧修𠸗啻渚𠫆福芇𢩮特價尼朱昂娘浪濫𥉬容光拯𡑝玉佩拱坊金门𢪀命分𤘁𦑃𧋃囷撑別固𣃱𧷺麻𫨩𢖵自𫷜唉踈𬏝據𥪞相法𡗋柴吱𠾦英花𤼵洩𫥨外𠦳秋薄命󰜋𠁀才花𬂙𠊛吏𥋴𠓨些󰜋𠫅󰜋𤘁別󰑼固𢧚生浪邂逅󰑼緣𠸗𫢩人定勝天拱𡗉啻油解結旦條時󰝂鐄跢麻料朱身󰖌條衷曲殷勤𢚸春派派𡃹春藏藏𣈗𢝙𥐆拯𣹓𡬼𬂙𫥨鵶㐌唅𦎛𡽫兑永茄拯便𡓮佳吔払娘買急移窻紗旦茄皮𧡊信茄𠄩親羣󰇾席花渚𧗱󰘂外倍𢷀𢆁𦂛侵侵𨀰𡑩園𣅘󰜋命日踈𦎛燴頭梗𦰟畑𬂙律帳屏𫤾休生群𢭸案燒燒󰇾朝如醒󰇾朝如迷㗂蓮仕動聀槐𩃳𦝄㐌熾花梨吏𧵆冰傾頂󰣣𡽫神群󰣤聀夢𣈘春𢠩忙娘浪曠永𣈘長爲花𢧚沛打塘尋花悲𣇞𤑟𩈘堆些別兜耒女拯󰑼占包倍𢜠爫礼逴𠓨臺蓮𨁡蠟窻桃添香箋誓共草󰜋章𩯀𩄲󰜋󰼲刀鐄𢺹堆彙𦝄域域𡧲𡗶丁寧𠄩𩈘󰜋𠳒双双𩯀絲根紊𡬷𢚸𤾓𫷜鑿󰜋𡨸同旦𩩫𡃹霞聘喠瓊漿󰣥𬗢香論屏𦎛𩃳篭生浪𫗄沫𦝄𤄯閉𥹰𫢩󰜋𡭧𢚸渚甘𣖖霜渚搌梂藍𢜝吝巾過𫥨󰕔所庒娘浪紅葉赤绳󰜋𠳒拱㐌㗂浪相知吀條月怒花箕外𫥨埃吏惜咦貝埃浪𦖑浽㗂琴臺渃𡽫𨻫仍𦗏𦖻鍾期𠽔浪賤技詫之㐌𢚸𠰺旦𠰺時沛𠳐軒𡢐撩産琴𦝄倍傍生㐌𢬣𢪲昂眉娘浪藝闷𥢅西爫之朱𥘀𢚸尼𡗋申攄寅𦀊武𦀊文𦊚𦀊蘇𡮈蹺韻宮商曲兜漢楚戰場𦖑𫥨㗂鉄㗂鐄扦𠑬曲兜司馬鳳求𦖑𦋦如怨如愁沛庄稽康尼曲廣陵󰜋浪華嶽󰜋浪歸雲過𬮦尼曲昭君姅份恋主姅分思家𤄯如㗂鶴𢒎戈濁如渃󰋞買沙姅撝㗂寬如𫗄倘外㗂毛泣泣如𡗶睹湄𦰟畑欺𤍄欺𢠩遣𠊛𡓮妬拱魚謹愁欺𢭸襘欺儈頭欺紆𠃩曲欺𤶎堆𪵟浪𫨩時寔󰑼𫨩𦖑𫥨唅𡃻㖔𠹽世芇攄之仍堛蕭騷𢝀𢚸命拱㝹㝹𢚸𠊛浪悁𠅎󰞺𠫾耒粃𢝙催拱性𡗶別牢𠳒鐄𠳐領意高和寅寅扒𡭧芇特空𦰟蘭強𤍄式紅頭眉𡳪眜強濃𬌓夭㳥情󰟯㐌漂漂䀡𥪞歐厭固朝𣳮淶𠽔浪𣫲𥙩爫𨔈底朱𠽔歇󰜋𠳒㐌㝹𨤔咦󰜋朶夭桃園紅之監垠樔𪀄撑㐌朱𠓨堛布荆道從夫𥙩𡨸貞爫頭𫥨傱𨕭濮𥪞橷仍𡥵𠊛意埃求爫之沛條咹󰂤於時節𤾓𫷜𡝖補𠫾󰜋𣈗𡄎緣奇遇𠸗𫢩侶堆埃吏𬙾齊崔張𩄲湄打覩跢鐄過朝𠓀㐌󰇏𠴔燕鸚𥪞欺插𦑃連梗麻𢚸𥜤𥙓㐌𠴔󰜋边𠃅西底冷香願吹緣潭𧺀𫥨緣𢜢㥬招捘𠓀拯𡨹𢭩底𡢐𢧚𢢆共払𪽝埃倍咦柳押花奈群身群󰜋𡊰培固欺𧡊𠳒端正易𦖑払強添𢘝添為𨑮分𩃳艚皮𤁕𨤔銀信兜㐌𢫈󰘂垠噲𠓨娘時倍阻𢩣絩生時𨄹𨃴𡑝桃𨀈𫥨󰘂外皮吘杄花家童𠓨𢭮書茄買𨖅𨷑䀡手筆嚴堂𠴍浪叔父賒塘命終唉群寄葬遼東故鄕𣾺演𠦳重山溪𣈙迻灵櫬𧗱圭世芇𡥵拱沛𧗱護喪𠻵信挈餒驚惶冰命𨇍𠓀臺粧敘情𨃴頭每餒丁寧餒茄喪𩯀餒命賒吹事兜渚及堆回緣兜渚及󰜋𠳒𢭂絲𦝄誓群妬猪猪監賒吹𩈘麻䜹撻𢚸外𠦳𨤵祝𠀧冬䋦愁欺𫽻朱双群迡𢷹鐄𡨹玉朱𫨩朱仃𢚸几蹎𩄲𡳜𡗶𦖻𦖑𦛌󰑚排排及凝娘買𤋵𠳒𠓀𡢐翁絲㨴掛之𠑬渚𢝙森合㐌愁𢺺配共𠑬卒㐌𥘀𠳒唒𠊝𠃅𩯀監移𢚸絲管包𣎃待𫷜除𢪀𠊛咹𫗄𦣰湄㤕󰠐㐌願𠄩𡨸同心𤾓𢆥誓拯揞琴船埃群𡽫群渃群𨱽群𧗱群𢖵旦𠊛𣋚𫢩用浪渚𡝖移𢬣暈東𬂙㐌𥪸𬆄蓐茹𪿒顒󰜋𨀈󰜋賒󰜋𠳒珍重珠沙󰋇行𢯜鞍掛挭倍鐄䋦愁仕姅𨀈塘𢺹𠄩𢞂𬂙風景圭𠊛頭梗鵑日𡳜𡗶雁踈󰞽𠊛昛𫗄旬湄󰜋𣈗𥘀挭相思󰜋𣈗娘群𥪸𢭸軒西𠃩回问𥿀如圍䋦絲𬂙澄𤌋屹窻踈花㵢淖𧺀柳疏壳鐄秦垠𨄹𨃴樓粧󰜋團𢜠壽外鄕買𧗱寒暄渚及吔𠽮差衙俸𧡊𦊚皮哰嗃𠊛腋𡱩几𢬣刀頭𬌥𩈘馭𠯻𠯻如炊枷扛󰜋老󰜋󰜩󰜋𦀊無類𫃚𠄩深情𣹓茄㘇㗂𧋆撑用淶穹𦄅散晴襘𦁼圖細軟𧵑𥢅西瀝𥑥生𢪏朱𣹓襊貪條兜𢒎𫃚埃爫尼埃單𦂼迭緘俸仍𠳨𫥨𡢐買別浪沛𠸜稱出在绳半絲󰜋茄恍惚謹魚㗂冤𧻭坦案𪟽𤍶𩄲下詞𠹚𠳿𠁸𣈜𦖡𦖻憐恤𢰺𢬣摧殘樑高捽虐𦀊冤唒麻跢拱󰞺肝路𠊛𩈘𬂙𤴬疸用移冤尼群󰜋呌𡗶仍賒󰜋𣈗𨓐𩘬差衙爫朱酷害拯戈爲錢牢朱骨肉院全𥪞欺遇变從權別牢緣會遇德劬劳边情边孝边芇󰠱欣底𠳒誓海盟山爫𡥵𠓀沛𡊰恩生成決情娘買下情唉朱底妾半命贖吒户終固几吏𦓅拱𥪞衙𭛣吏羅慈心𧡊娘孝重情深爲娘𢪀拱傷󰠐㤕𧹋併排律妬論低固𠀧𤾓兩𭛣尼買吹唉𧗱暫付監外吲娘規料𥪞堆𠀧𣈗傷情𡥵𥘷踈𬏝﨤干禍𢭮灾𢒎不期𤴬𢚸死別生離身群拯惜惜咦典緣曷湄詫𢪀分𠍦料󰝂𡬷𦹵決𡊰𠀧春事𢚸吘貝氷人󰛩霜吨代賒𧵆𠮿嗃𧵆沔固󰜋媒芇迻𠊛遠客尋𠓨问名𠳨𠸜浪馬監生𠳨圭浪縣臨清拱𧵆過年擢外四旬眉𩭶忍隊襖裙秉包𠓀柴𡢐伵劳嗃茄氷迻䋦逴𠓨楼粧槣𨕭𡓮卒𠴗床𢩣𥪞䋦㐌𠽖娘急𫥨餒命當即餒茄㙴花󰜋𨀈淚花󰋇行𪿒顒喕𫗄𠲖霜𥆾花𩃳𢢆𬂙𦎛𩈘𠫅䋦強援𩯀扒𢬣󰞺𢞂如菊調𤷍如梅坦𢵋斤色斤才押宮琴月此排𦑗詩𪉽濃󰜋𨤔󰜋於平𢚸客買隨機逸迢浪謨玉旦藍橋聘󰀩𠳐𠰺包饒朱詳䋦浪當價𠦳鐄歹茄𢘾量𠊛傷監奈𪂲掑扒󰜋添𠄩除𥹰我價𠹾外𦊚𤾓󰜋𠳒船㐌淹𢴏唉迻更帖𠓀扲爫𥱬,Nom
3_tale-of-kieu_no.txt,定𣈗納采于歸錢𦝄㐌産𭛣咦拯双󰜋𠳒𢚁貝終公乞詞暫領王翁𧗱茄傷情𡥵𥘷吒𦓅𥆾娘翁仍𧖱沙𦛌油餒𡥵仍約𧗱𡢐𢭂絲沛侶招毬當坭𡗶爫之極󰋇𡗶尼埃誣託朱𠊛合散斧斤包管身殘女苔墮𥘷強冤酷𦓅󰜋吝𡢐𠓀拱󰑼催時𩈘屈庄他𢚸𤴬蹺𠳒強沚𣳔珠料命翁拉招頭墻𪿙倍傍几𡨹𠊛𥋳𡮈蘇娘吏尋𠳒𡅳干𨤔咦󰜋𤗖紅顔𩯀絲渚𡭧𡊰恩生成𤼸書㐌𢢆娘萦吏偷妸李半命𫨩牢𣑳椿歲鶴強高󰜋𣘃挭搏別包饒梗量𨕭油拯𢴑情𫗄湄歐罕散晴渃𡽫他浪料󰜋命𡥵花油也𦑃𦲿群撑𣘃分仃仃丕拱丕扲如拯杜仍𣈗群撑拱𣫲并窘算𨒺散茄󰑼󰜋舌命󰑼𠄩沛𠳒翁拱淹𦖻𥆾𠑬湥𥐆湥𨱽袞昂𠃅外户馬皮𨖅詞花㐌記斤鐄買𢭂𦝄𦓅毒地爫牢扲𦀊拯攄𫃚𠓨自然𥪞𢬣㐌産銅錢油𢚸𢬭𤽸𠊝顛庫咦户終𫥨飭執為礼心㐌達訟期拱双𭛣茄㐌暫從容星期逐也㐌懞度𧗱󰜋命娘𦰟畑𣅘襖淫湥𢣃𩯀𢺹𠃅愁分油油丕拱油𡭧𢚸㧅等闭𥹰󰜋𠳒功程計別󰋇𨑮為些慷𢝛朱𠊛󰇾揚誓花渚燥𡃹鐄磊誓催㐌負傍貝花𡗶遼𡽫渃包賒𢪀兜𥘶󰘂𢺹茄自碎別包緣𡢻誓賠刧尼催世󰑼催群咦再生渚𢴑香誓爫身𬌥馭𡊰󰒂竹梅𡢻情渚者朱埃塊情忙𫴋泉臺渚散餒𥢅𥢅仍盤桓油炵𤽸𥒃湥澜𧺀巾翠雲秩醒聀春𤲂畑𥊘旦殷勤𠳨𠻃機𡗶橷𣷭多端󰜋茄底姉𥢅冤󰜋命據之𡓮忍殘更餒𥢆群𫄓䋦情之低浪𢚸當忖恜𣹓絲緣群𥿁䋦尼渚双𠼯𠶣𫥨拱𢢆𢠅底𢚸時負𬌓𢚸貝埃𢚁㛪㛪固𠹾𠳒𡓮𨖲朱姉𥛉耒仕𠽔𡧲唐𠞹挭相思膠鸾执䋦絲乘默㛪計自欺﨤払金欺𣈗𦑗約欺𣈘𡃹誓事兜㳥𫗄不期孝情坤𨤰𠄩皮院𠄩𣈗春㛪唉群𨱽悴情𧖱𧗅𠊝𠳒渃𡽫姉油䏦󰞺𩩫𤷱吟唭𠃩󰋞唉群𦹳唻隻釵貝幅詞𩄲緣尼時𡨹物尼𧵑終油㛪𢧚𡞕𢧚𫯳㤕𠊛命薄乙𢚸拯𪬳𠅎𠊛群𡭧𧵑信泛彈貝𤗖香願𣈗𠸗𣈕𡢐油固包𣇞焠爐香意攄絲泛尼𬂙𫥨𦰟𦹵𦲿𣘃𧡊休休𫗄時𫨩姉𧗱魂羣忙𥘀𠳒誓󰞺身蒲柳𡊰󰒂竹梅夜臺隔𩈘屈𠳒𢱓吀𡃹渃朱𠊛𣨰冤悲𣇞𦎛𥖓𠊛散計爫牢挈𬮙萬爱恩𤾓𠦳𠳚𥛉情君絲緣𥐆𧸒固垠意催分牢分萡如𪿙㐌仃渃沚花㵢呂廊喂金郎咳金郎催催妾㐌負払自低𣴓𠳒魄散魂𢒎󰜋唏𣼽汔堆𢬣冷銅椿萱秩醒聀燶󰜋茄習納几𥪞𠊛外几湯𠊛茦排排買油干彙渚派湥紅𠳨牢𫥨事𨓐𨓡翹強𠽋𠴑𨷑空𫥨𠳒餒娘雲買𠯇𦖻隻釵尼貝詞賠於低尼吒爫磊緣𡮠催時餒意𡢐尼㐌㛪爲埃用𦰦淶金底𡥵䕯浽𩄲沉爲埃𠳒𡥵吲吏󰜋𠄩酉󰍹碑跢監差𡬷鐄𥛉催娘買練𠴔𢘾吒者特義払朱吹詫之身分碎𠾕唒浪𩩫𤽸圭𠊛管兜挈包計餒慘愁刻更㐌𠽖戍楼󰋇回轎花兜㐌旦外管絃兜㐌𠽖𠊛生離𤴬𢚸几於𠊛𠫾湥淶滲跢絲𢺹癒蚕𡗶𣋚𩄲撟最霪油油𦰟𦹵潭潭梗霜逴妯𧗱旦駐坊𢪀𢚸吏㤕車𢚸𠾕番及󰁇𢢆綠𠲖紅𢪀𢚸吏㤕車𢚸𠾕番品仙淶旦𢬣𠍦𢙇功𣌝𡨹湄𢷹貝埃別身旦𨀈洛類蕋桃他𢯏朱𠊛情鍾爲埃垠迍𫗄東舌𢚸欺於𤴬𢚸欺𠫾重逢油禍固欺身尼催固𫥨咦麻懞㐌生𫥨數竜冬群芒𥙩刧𦟐紅特牢𨕭㯊産固𡥵刀𨁪扲娘㐌襘𠓨𧝨巾防欺渃㐌旦蹎刀尼時料貝身𡢐尼𣈘愁󰜋刻󰜋迡氷傾如醒如醝󰜋命庄𪟽𡥚馬監生刎󰑼󰜋𠀲風情㐌悁過𨔈吏﨤回顛悁𠿃吏劍咹沔月花楼撑固𠋦秀󰜏廊𨔈㐌阻𧗱𦓅歇緣情期拯𭉑麻𢧚𩈘鋸𦲾䔲堆边󰜋坊終𦡟𨷑󰜋𡾵行𨒺𢆥奔粉半香㐌例𨄹尋泣𢄂時圭假名侯下𠰺藝咹𨔈󰏀𢆧歐拱事𡗶斷腸吏撰𩈘𠊛無緣㤕娘𡭧分婵娟梗花󰝂半𠓨船俚奔卯𩢬㐌𢹇𠓨囷聘儀𥜤價迎婚産𣈗𢜠󰠐旗㐌旦𢬣強𥆾𨤔玉強醝曲鐄㐌𢧚國色天香󰜋唭尼罕𠦳鐄庄訛𧗱低渃𠓀𢯏花王孫貴客乙󰑼𢵋𠑬罕𠀧𤾓兩劍兜拱它皮本群𡢐時唎𠰳唁掑旦羨坭本茄拱惜𧵑𠁀拱貪桃仙㐌𤊰𢬣凡時援梗𢵮朱甘事𠁀𥪞塵󰋇𩈘廊𨔈𨔈花㐌易󰋇𠊛別花渃𤿭榴𧖱芼𪃴摱牟招集吏󰑼群原𥄫𥊚打吝昆顛包饒拱闭饒錢𠅎之𠋦𦓅或固條咦料功𠅎󰜋𣇜跪麻催𡲤低塘舍賒吹麻些不動女𠊛生𪟽惜台󰜋朵茶蘼𡥵螉㐌𨷑塘𠫾𫮇𧗱󰜋干湄𫗄󰠱泥惜咦旦玉傷咦旦香𣈘春󰜋聀𢠩忙𤒘花底妬默娘𦣰猪湥𥢅潯瀉𣻆湄份㤌餒客份洳餒命從咦󰑼𥠭灰腥身𠦳鐄底污名𦟐紅催羣之女麻懞𠁀𠊛催世󰑼双󰜋𠁀恨緣𢣃分排排扲刀娘㐌算排捐生𢪀𠫾𢪀吏󰜋命󰜋情時𠤆𠄩情時牢𡢐油生事世芇追原拯矯累𠓨双親打料歐拱樣寅急迡催拱󰜋吝麻催仍󰑼𢵋担虐吹㗂𪃴𦖑㐌嘅𤉚𠃅墻樓𣈕皮㗜𧥇霜馬生𠽖也倍傍𫥨𠫾断腸台𣅶臨岐𨀒駒泣警𨋣車岌𡹡皮外𨑮𨤵長亭王翁挭席餞行迻蹺外茄主客逸迢𥪞茄萱貝󰜋翹於𥪞強𥆾強淤湥紅𠯇𦖻娘買𤉒𢚸湿高虎生𫥨分䜹桃功吒󰒂媄刧芇者双女廊渃濁𣻃𤄯𤾓𢆥底󰜋𬌓𢚸自低䀡𦎛𥪞閉饒𣈗身𡥵拯矯𢹇𢬣姂𦓅欺𧗱補永𥪞茄欺𠓨𣼭孕欺𫥨倍傍欺咹欺呐女廊欺柴欺伵䀡常䀡輕恪牟几貴𠊛清𥋴𫥨朱技如形𡥵奔催𡥵群呐之𡥵𤯨𢘾坦客𣨰墫圭𠊛王󰜏𦖑閉饒𠳒㗂冤㐌悶拍𡗶呌𨖲𠄽旬渚𣴓𡃹𡅳𠃅外󰀢㐌𠽖連󰖁𠫾㤕𡥵𢚸󰠱迡迡𠓀鞍翁㐌󱋔呢濕高𡭧身要柳䜹桃極茄旦餒𤄱𠓨碎󰎡自低𧣳𣷭边𡗶𣌝湄退退圭𠊛󰜋身𠦳尋𢘾𩃳松筠雪霜𩂏阻朱身葛藤𣴓𠳒客買䜹浪𫃚蹎催拱赤绳冉𢭂𣈕𡢐油旦世芇箕𦎛日月怒刀鬼神同同𫗄𠽖𩄲運󰜋車𥪞𡎝紅塵如𢒎𬂙撝拔淚𢺹𢬣𧣳𡗶瀋瀋𣈘𣈜㴷㴷娘時𨤵客賒侵泊𤽵梂𬰊顛霪岸𩄲葦𦰤察察唏枚󰜋𡗶秋底𥢅埃󰜋𠊛𨤵𣅘𩁶凈𩂟𣾺𧡊𦝄麻𢢆仍𠳒𡽫滝棱秋𤻼碧癋紅棱秋𤻼碧癋紅仍󰑼𨓐渃𨓐𡽫臨淄皮󰜋𣎃𡃋細坭車珠仃𨋣󰘂外簾𥪞㐌𧡊󰜋𠊛𨀈𫥨脱𬂙󰣦辣牟䏧咹之高𢀲悌它爫牢𠓀車把呂𠻃嘲𠳐𠳒娘買𨀈𠓨羨坭边時󰋇婀眉𧍋边時𡎦𦊚𠄼𠊛廊𨔈𡧲時香案罕灰𨕭撩󰜋像𤽸堆𣯡眉樓撑悁𡓃𠸗𫢩藝尼時𥙩翁尼先師香花𣋚𣋽奉蜍姑芇醜𡳺固踈䋦行𢶒襜律襖󰇏悜𠓀盘仕願𤗖香啉嗂𢬭花𢯰𫴋詔𦣰𧊉𠫾螉來喑喑四圍翹羣魚謹別之據𠳒𥛉𫴋𠋦時𭝫𣦍𨷑行奔半朱枚𣈘𣈘寒食𣈗𣈗元宵𬮙𠦳𠊛𧡊拱夭𠮿嗃鸚燕習妙竹梅信雁𢵼𦲿踈排迻𠊛󰘂𠓀逴𠊛󰘂𡢐𨓐𦖻𦖑渚別兜䀡情𫥨拱仍牟󰇾揚礼双香火祠堂秀󰜏𢪱𣷴𨖲床𡓮𣦍𠰺浪𡥵𥛉媄低𥛉耒𨖅𥛉舅𫵇边箕娘浪沛𨀈流離分𠍦𠳐㐌甘皮小星條兜𥙩燕爫鸚𬏝踈拯別󰑼名分咦󰖌條納采于歸㐌欺終乍吏欺𥪸𡓮𣇞𫥨𠊝堛𢬭𡾵監吀𠳚吏󰜋𠳒朱明𠋦𦖑娘呐𫨩情閉𣇞買浽三彭𠋦𨖲尼尼事㐌果然催它刧𤯨𫯳㒙𠫾耒𠶓浪𠫾𨄹𥙩𠊛󰝂𧗱逴客劍利麻咹傱無恥於不仁𢞂命𠓀㐌秦緡此𨔈牟糊㐌𠅎𠫾耒催催本另𠫾𠁀茄魔𡥵箕㐌半朱些𠓨茄沛據法茄𠋺低老箕固阻排𠾦拯挷𠓨𩈘麻𡮠仃𦖑據牢𠹾卒󰜋皮𡛔絲麻㐌𤻭藝𣋽牢沛爫朱別法𠋺秩皮鞭拉趂𠓨𫥨𢬣娘浪𡗶瀋坦𠫅身尼㐌補仍𣈗𫥨𠫾催催群固惜之,Nom
3_tale-of-kieu_no.txt,産刀𢬣襖即時󰇾𫥨𢜝肝涅玉料花𠋦群𥆾𩈘娘它過𢬣傷喂才色堛尼󰜋刀冤孽𢴑𦀊風塵餒冤𥓅𥑁賒𧵆𥪞茄𠊛質󰜋吝如𢬧娘時弼弼聀仙𠋦時岌岌𩈘𥆾魂𢒎域娘𠓨准軒西割𠊛𥋳朔𬦳柴茦𧅬芇𫨩渚歇塵緣𥪞迷㐌𧡊淡仙𤑟𤉜𠶓浪因果󰇾揚㐌算遁𡢻断腸特牢數群󰠱業𦟐桃𠊛油闷另𡗶芇㐌朱唉吀撰刧柳蒲滝錢塘仕限㗅𧗱𡢐茦湯𠁸󰜋𣈗輸聀迷𦖑㐌油油皮散秀󰜏直産边幔妙𠳒𡅳解緡蛮攑吝󰜋𠊚易固󰋇身花春當𦭒𣈗春群𨱽拱󰑼汝󰜋𢗖𠄩跢鐄之𡝖押奈湄𩄲呂蹎卒㐌𠓨低錁𢩣春底待𣈗桃𡽫𠊛群時𧵑唉群尋坭稱當󰑼𡥵蓋茄爫之罪報冤家舌命麻害旦些𫨩咦掑𦖻󰋇餒鑔呢娘𦖑羕拱是非攊𢬗𡲤推神夢󰋇𠳒夙因歐拱固𡗶於𥪞刧尼𡢻者渚双爫之吏󰜋𡢻󰣆刧𡢐朗𦖑𡄎𢪀𨃴頭𠽔浪埃固闷兜世尼特如𠳒世󰑼枚罕浪𣈕固如𣈙朱庒𢜝欺螉𧊉代騰旦條𤯨濁牢朋𣨰𤄯𠋦浪𡥵唉從容沛條𢚸吏𢬭𢚸麻𨔈𣈕𡢐於拯如𠳒𨕭頭固𩃳𩈘𡗶創𤐝𧡊𠳒決断罕灰仃𢚸娘買仕𢢯𢢯寅𠓀樓凝碧錁春𨤔𡽫賒𬌓𦝄𧵆於終𦊚皮八咯撝𬂙洁鐄𡑱怒𣻃紅𨤮箕𢜢㥬𩄲𣋽畑𣅙姅情姅景如𢺺𬌓𢚸想𠊛𤲂月𡃹同󰛩霜𨻫唉𣈙懞𣈕除边𡗶𧣳𣷭巴為𬌓𣘈滑旦包𣇞朱派㤕𠊛𢭸󰘂𣋚𣈕𦑗燶塔冷仍埃妬𣇞𡑝萊隔󰋇𣌝湄固欺㭲梓㐌皮𠊛揞𢞂𬂙󰘂𣷭𧵆𣋚船埃濕倘𦑃帆賒賒𢞂𬂙𦰟渃買沙花㵢蛮漠別󰑼𧗱兜𢞂𬂙𦹵内油油蹎𩄲𩈘坦󰜋牟撑撑𢞂𬂙𫗄捲𩈘溋喑㗰㗂㳥呌𨒺槣𡓮終𨒺仍渃𡽫𠊛𤴬𢚸流落𢧚𠄽𦊚勾秦垠𥪸𢷀簾珠隔墻𦖑固㗂兜和韻󰜋払皮擢青春形容扯淬襖巾袞強𢪀浪拱脉書香𠳨𫥨買別浪払楚卿𩃳娥濕倘𤲂萌𬂙娘払拱𫥨情𨔈潙嘆喂色渃香𡗶惜朱兜俸落類旦低價仃𥪞月𨕭𩄲花牢花窖墮苔閉花息肝𥢅恨𡗶𦓅𢚸尼埃𤍊朱些唉𢚸婵娟啻別英䧺𫥨𢬣操櫃數籠如𨔈窻秋姅怯𦑃外𦖻群同望󰋇𠳒鉄釘𢪀𠊛催吏𢪀命感𢚸咮悴𤁕情猪爲仍󰑼吝呂𣌝湄刧風塵別包𣇞󰑼催打料𠴍󰜋𠄩𠳒𢘾𢬣濟度𢵼𠊛沉淪𤗖箋計歇賒𧵆餒茄报答餒身落類散霜皮𤏬𣈗𣈕便鴻娘買𠴍𠳒𠳚𨖅𡗶西朗蕩𩃳鐄復書㐌𧡊信払旦坭𨷑䀡󰜋幅箋梅伶伶昔越固𠄩𡨸題𥙩𥪞意思麻推𣈗𠄩𨑮󰜋戌時沛庄𪀄𣋚𨮑𭊕𧗱棱架茶𧃲㐌吟𦝄姅鑅墻東𢯦動𩃳梗𢩽窻㐌𧡊楚卿𨀈𠓨𠶤𠼾打惮𫥨嘲𥛉催娘買𠯇𢭂殷勤浪碎䕯渤𡭧身落弹忙𥙩𡢻㨢燕󰢒監𢘾骨肉死生群𡗉結𦹵吟鑅𧗱𡢐朗𦖑唚𡄎𩠓頭些低沛摱埃兜麻浪娘它別旦些庄𣷭沉淪拉朱平買催娘浪𬮙事恩𠊛世芇吀決󰜋排朱双浪些固馭追風固𠸜𤲂帳本𣳔健兒乘機𨇍𨀈𫥨𠫾𠀧𨑮𦒹斫斫之󰑼欣油欺𫗄急湄单固些低拱庄干據咦,Nom
3_tale-of-kieu_no.txt,𦖑𠳒娘㐌生疑双它過𡑖管咦特身拱料𥃱𬑉迻蹎麻䀡𡥵造𡏦運旦兜共𠑬𨇍𨀈𫴋樓双双馭𠓀馭𡢐󰜋團𣈘秋刻渭更殘𫗄棱拙𦲿𦝄岸唅𦎛𫮇󰍹冽沫唏霜𢚸圭𠫾󰜋𨀈塘󰜋𤴬㗂𬷤嗃𠳗嘅毛㗂𠊛兜㐌𠃅𡢐𠰺𠲞娘強忖式肝鐄楚卿㐌𢶾𦀊綱𫮇芇󰜋命坤別爫牢𨤵棱𨀈𥰊𨀈高駭雄化兒舌固𡝖𢚸爫之𨃐紫紆紅𡗋㝹󰜋團睹旦𠓀𡢐𤔯兜𫴋坦𦑃兜𨖲𡗶秀󰜏速倘旦坭歆歆押調󰜋唏吏茄凶興庄𠳨庄查當𢬣󰜗柳拉花哉排䏦䏧埃拱󰑼𠊛𢚸芇紅用𧺀移庄𤴬歇𠳒首服懇求捥𦡟䏦睹拮頭𧖱沙浪碎𡭧分弹󰜏渃𡽫離󰘂離茄旦低悲𣇞𤯨𣨰於𢬣身尼㐌旦世尼時催仍碎固詫之碎分碎仃丕本𠊛底兜身𧐖包管壈頭𡭧𢚸貞白自𡢐拱除特𠳒𠋦買隨機扒𠊛保領爫詞供招排𦠘固妸馬嬌㤕娘𫥨買打料𠹾端𠋦強計日計寬迍樔旦墨燶𪹰買他域娘𠓨𠉝𥪞茄馬嬌吏吘意𫥨吲𠳒催它𢹇吝時催𠫾兜拯別𡥵𠊛楚卿薄情浽㗂樓撑󰜋𢬣墫別󰋇梗芙蓉拖刀拉産斫用𨓐咦󰜋骨󰜋僮初𫢩固𠀧𨑮兩𢭂𢬣空仍之固傳尼𠻀箕耒𫥨阻𩈘即時扒𠳒料𠤆嗔知舌𠁀娘浪誓説𥘀𠳒固兜麻吏𫥨𠊛險溇群當推𠓀𢪀𡢐𩈘𥀳㐌𧡊於兜引𠓨楚卿𨖲㗂嘹咬浪𦖑買固𡥵芇於低拋朱眷𫗄𫫵𩄲唉䀡固別𩈘尼󰑼埃娘浪催世時催浪空時拱𠳐𠳒浪空楚卿𠸓𠻵同同𨀈𠓨皮拉恃雄𫥨𢬣娘浪𡗶𠰚固𫨩眷󰢒𫫵燕事尼在埃𠶏𠊛𢩽𫴋汫𣾺呐耒耒吏咹𠳒特𣦍群箋昔越於𢬣𤑟𤉜𩈘意𩈘尼𠤆埃𠳒𣦍冬𩈘𥪞外几吱不義𠊛唭無良負情案㐌𤑟𤉜𬉣傱󰀢買劍塘操𨆢𢩣𥢅𥢅仍湥洡𢪀身麻吏吟𠿯朱身惜台𤄯𬰊𤽸銀旦風塵拱風塵如埃粃𢝙拱󰜋刧𠊛紅顔沛𥠭於𠁀買油刧𠸗㐌𢜗塘修刧尼拯矯𡊰蒲買吹酉牢瓶㐌𥓅耒𥙩身麻者𡢻𠁀朱双皮旬月𤏬𦎛𤄯秀󰜏㨳旦從容吲𠻀藝𨔈拱𡗋工夫廊𨔈些沛別朱󰖌條娘浪湄𫗄逸迢料身時拱沛料世催媒浪埃拱如埃俸仍埃𠅎錢𢙇旦低於𥪞羣𡗋條𫨩餒𣈘怯𨷑餒𣈗𥢅終尼𡥵屬𥙩爫𢚸鑅外𬙞𡨸鑅𥪞糝藝𨔈朱柳󰇏花吱朱遴𡉽跢朱迷𢠨𠁀欺睽杏欺󰞺𧍋欺吟𡅷月欺唭𠹳花調󰑼藝業𥪞茄󰖌垠意󰞺買󰑼廊𤐝𨃴頭𠳐𠰺󰋇𠳒󰟯𤶎󰞺月󰟯派𨤔紅仍𦖑呐㐌𢢆𢠅渃𠁀𡗋餒𨓐𨓡刻溪㤕命󰘂閣𢩣閨𥓅𢚸學𥙩仍藝業𫨩窖󰑼𩈘憚眉𠫆刧𠊛㐌旦世尼時催傷台身分落類酉牢拱於𢬣𠊛別牢楼撑買𢷀帳桃強撩價玉強高品𠊛別包𧊉呂螉來局醝𣹓𣎃陣唭捽𣎀習妙𦲿𫗄梗𪀄𣋽迻宋玉最尋長卿欺醒𨢇𣅶殘更逸命命吏傷命㤕車欺牢封錦𢷀𬗢𣇞牢散作如花𡧲塘𩈘牢𠫅𫗄惮霜身牢𧊉󰇏螉悜闭身默𠊛湄楚𩄲秦仍命芇固別春󰑼咦𠾕番𫗄𢭸花掑姅簾雪唅𦊚𡏛𦝄輸景芇景拯㧅愁𠊛𢞂景固𢝙兜包𣇞𠾕番󰞺𤳰勾𠽔宮琴𥪞月渃棊𤲂花𢝙󰑼𢝙強矯󰑼埃知音妬𪉽麻貝埃蜍於𫗄竹湄梅謹魚𤾓餒椎𥕄󰜋身揞𢚸𠾕段賒𧵆拯紆麻󰑚拯寅麻𤴬𢖵恩𠃩𡨸高溇󰜋𣈗󰜋我𩃳橷斜斜,Nom
3_tale-of-kieu_no.txt,𨤵𠦳渃瀋𡽫賒𢪀兜身分𡥵𫥨世尼𡑝槐堆𡭧䜹𬏝珍甘埃几拖𠊝𭛣命𢖵𠳒願約𠀧生賒吹埃固別情庄埃欺𧗱𠳨柳章臺梗春㐌𢯏朱𠊛專𢬣情溇懞者󰒂𧀟花箕㐌执檜尼朱渚䋦情𠾕段紆絲聀鄕關𨻫吝𥊚更𨱽窻紗宇宇方𡗶𫢩黃昏㐌吏𣈕昏黃吝吝兔萡鵶鐄㤕𠊛𥪞會断腸𠾕干㐌朱𥙩刧紅顔爫朱朱害朱殘朱斤㐌𣹓𠓨刧風塵牢朱恥辱󰜋吝買催客游俸固󰜋𠊛其心户束拱㐻書香本𠊛縣錫州常蹺嚴堂𨷑𡾵行臨淄花魁慕㗂翹兒帖紅尋旦香閨𢭮𠓨帳蘇夾𩈘花桃𨤔芇拯𪉽涅芇拯𢛨海棠蛮蔓梗絲朝春強𫗄強湄強濃月花花月󰞽燶𣈘春埃易扲𢚸特庄𨓐咦声氣𨤰恒󰜋𦀊󰜋𫃚埃扛朱𫥨𣋽桃最槾鄰󰑼𠓀羣𦝄𫗄𡢐𫥨跢鐄堞兜枚𢟨𨓐󰟯吏皮﨤曠椿堂吏圭生強󰜋醒𨑮迷𣈗春𡗋𣅶𫺴𧗱貝春欺𫗄阁欺𦝄𡑝瓢仙𠺷𨢇勾神綏𠽔欺香𣋽欺茶𬁑盤𡆫點渃塘絲和弹𤻻迷𥪞局追歡強悁属󰞺強𢬥𢬢情𨓐朱丐㳥傾城爫朱覩館漂亭如𨔈束生悁󰞺卜淶𤾓𠦳覩󰜋陣唭如空𠋦強蘇綠捽紅𧖱貪哎𧡊唏銅時迷𤲂𦝄鵑㐌噲夏頭墻焒榴𤇥𤍶󰝂芃𢩣𦂛沛𣇜從容湯蘭𢷀幅帳紅浸花𤑟牟𤄯玉𤽸牙𠫅𠫅産𤒘󰜋座天然生強𤏣󰞺強𠸦寓情𢬣草󰜋篇律唐娘浪𠳐別𢚸払𠳒𠳒珠玉行行錦絩𫨩𪬡𨤰拱綏貂𢚸圭󰇾󰜋𠄽條昂昂𢚸羣𠳚盎𩄲行和韻吀唉𠹾払𣋚𫢩浪牢呐𨓐𨓡台梗箕庄沛檜尼麻𫥨娘強𣻆湥秋波断腸𣅶意󰇾麻𢞂腥妾如花㐌離梗払如𡥵𧊉𫅤鑅𡭧𨔈主春仃㐌固坭𥐆𣈗催𠤆𨱽𠳒爫之生浪自課相知𬌓𥢅𥢅仍𥘀爲渃嫩𤾓𢆥并局𣃱𧷺沛𠻀朱旦𦰟源瀝滝娘浪𬮙隊恩𢚸𡭧𠲖边娶边從易兜平康拫挪闭𥹰夭花夭特󰜋牟點粧耒𫥨𤁕粉派香𢚸箕𡨹特常常世庒𡲤𥪞㙴桂宮𦝄主張仃㐌姉姮於𥪞闭𥹰康潔𧞊同添𠊛𠊛拱𢺹𢚸𥢅西𨤔咦𡭧分䕯𩄲爫朱𣷭愛欺𣹓欺潙𤾓條昂仰爲碎身𡢐埃𠹾罪𡗶意朱如払固凭𢬣𢮩𨑮分拱塔店朱󰜋𠄽󰡫𥪞油𢀲欣外𠓀頷獅子𠳚𠊛藤𦲿儈頭𢳳𫴋𠃅茹𨡉䣷吏罪平𠀧焒燶於𨕭羣固茄樋量𨕭𬂙𫴋別𢚸固傷詫之柳𡉦花墻樓撑吏補𫥨坊楼撑吏強𬉣樣𤵺形仃身分妾𪿒名價払傷牢朱院時傷并牢朱論每塘時𠳐生浪𫨩呐提澄𢚸低𢚸帝渚曾𫨩牢塘賒𠤆𪿒吳𠈭𤾓條唉據𬂙𠓨󰜋些㐌𧵆之固條賒跢鐄㐌決風波拱料共𠑬根紊旦條指𡽫誓𣷭𥘀招旦𠳒𠰚𡽫𣎀𥐆情𨱽外軒兔㐌𡽫兑唅𦎛摱條竹院乘涼逴𧗱唉暫𨁪娘󰜋坭戰和拉産𠄩排𢚁𢬣柴𠏲摱𠊛𠻀󰑼𢏑󰛩旦𩈘秀󰜏輸機𠋦拱求和監牢𤑟𤉜𧵑引𢬣𢭂還良󰜋妾申𠓨󰘂公公私𠄩𨤰調双𨃴仙丿㐌脱𨦩塵埃󰜋茄森合竹梅強漊義𣷭強𨱽情滝香強󰣭焒強濃強𥺏𨤔玉強篭牟蓮姅𢆥唏㗂皮悁𡑝梧梗碧㐌擅𦲿鐄𥵙秋皮扔𣑳霜𢶒鞍㐌𧡊椿堂旦坭風雷󰜋陣排排󰠱𢚸𠲖邑并排分𢺹決𣦍辨白󰜋皮𠰺朱𦟐粉吏𧗱楼撑𧡊𠳒嚴訓伶伶打料生買𥙩情奈呌浪𡥵別罪㐌𡗉酉浪𩆐𩄰鈽鐐拱甘啐爲𢬣㐌𢴞藍𤵺耒群別坤爫牢低共𠑬𡲤㗂󰜋𣈗揞琴埃𡝖𢴑𦀊朱仃量𨕭油拯傷情萡顛催固惜命爫之𧡊𠳒鉄跢知知焠肝翁買申跪󰘂公坦平浽㳥同同府堂差𦲿票紅催查共𠑬蹺𨃴差衙双双𠓨𠓀𡑝花𢬢跪𬂙𨖲𩈘鉄顛仕立嚴𠓀㐌𫥨威𥘀𠳒𡥚箕𤵺󰞺𨔈排麻𡥵𠊛世𫥨𠊛𨒟迻傱咦花汰香乘摱牟𣘈粉打𩢬𡥵顛推𥪞情狀原单皮芇時拱渚安皮芇法公照案論𠓨固𠄩塘意悶牢默命󰜋󰑼據法加刑󰜋󰑼吏據楼撑付𧗱娘浪㐌決󰜋皮蝒尼王𥙩絲箕󰋇吝濁𤄯身拱󰑼身要疎𠳐𠹾𠓀𡑝雷霆𠰺浪據法加刑𠀧𣘃埬秩󰜋梗牡丹分仃之監呌冤桃𤶑疚𦟐柳散作眉󰜋𡑝淋洁也苔𦎛矑渃水梅𤷍𦄾𩩫𢪀情払束麻傷𡑩賒𬂙𧡊𢚸強㤕沙哭浪寃苦爲些固𦖑𠳒𠓀拯它累𡢐𣴓𢚸拯別𢪀溇底埃𦝄𢣃花愁爲埃府堂𦖑倘𠓨𦖻湥洡払買𠽔𣦍頭𡳪計吏事𣈗求親動𢚸吏𠲟旦𠳒𥢅西娘佗并歇賒𧵆自𠸗娘㐌別身固𣈙在碎𢷲𥙩󰜋𢬣抵娘朱旦餒尼爲碎𦖑𠳒呐拱傷𠳒擛威買𠰺𨷑排解𡆫浪如罕固世時𦝄花双拱是非別條生浪𡭧分浡䕯蹺𠾕𡲤拱𠃣𡗉筆研唭浪㐌世時𢧚木枷唉此󰜋篇呈藝娘𠳐筆拮𢬣題箋花呈𠓀案批䀡詳𠸦哴價笠盛唐才尼色意𠦳鐄渚斤寔󰑼才子佳人朱陳吏固朱陳芇欣催𣫲逴𭁈鳩𢤞爫之呂堞朱彈昂宮㐌迻旦𠓀󰘂公酉外󰑼法双𥪞󰑼情妯𡥵𥪞道家庭催時揲餒不平󰑼双急傳攕𢯢礼公轎花羶𩙌𤒘紅點𣋀排行鼓吹𠮿嗃双双迻細帳桃聘堆傷爲󰞺重爲才束翁催拱揲𠳒風波蕙蘭𠶗𠽋󰜋茄曾𠹽䔲吏𪉽麻欣𠸗莽𢝙𨢇𣋽茶𬁑桃它派𧺀蓮皮扔撐帳湖永𨤔𣎀清𠲖情娘買排情𥢅終分蒲自援𡨸從𢬭𠊝雁燕㐌𠸣𣹓年信茄𣈗󰜋永信𪉽情㵧藟𤁕願糟糠𢪀𫥨寔拱𢧚󰟯沁唏埃易𡨹𢬥朱些濫𦖑几奇𥪞茄於𠓨囷法呐𫥨䋦𦀚𠲖台仍胣非常易𠻀󰟱𣷭坤量底滝麻些啐󰜋𢆥𠖿世芇拱拯𨁪双特芇闭迡渚𤍊音耗或󰑼𥪞固爫牢庄󰑼吀払急料吏茄𠓀𠊛惵意𡢐些別情啻朋𡨹墨𨁪𨒺𣈙吝𣈕呂如形渚通𦖑𠳒勸啂從容忊𢚸払買決𢚸回裝𤏬𫥨𠳚旦椿堂束翁拱倍𠽖払寧家餞迻󰜋󱋓𬮦河春亭脱㐌𨄹𫥨皋亭滝秦󰜋𧞊𤄯撑𡀂𡀰坡柳󰋇梗陽𬮦扲𢬣𨱽咀𥐆嘆𢺹配凝󱋓合散喭𠳒娘浪𡽫渃賒𣾺牢朱𥪞廕時外買淹易麻壓󰣮𢳳金爫之𢬄眜扒𪀄庫𢚸堆些𡭧󰒂㧅𢸚旦茄𠓀料呐𠼾朱明酉欺㳥𫗄不情奇𫥨威奇碎忊分碎欣條𨁪虐𨁪吹吏忙仍𭛣齊𡗶旦𡢐傷𠑬吀𢖵𠳒𠑬𢆥迡拱拯𠫾兜麻迡󱋓迻𢖵𩛷𣋚𫢩󱋓𢜠吀待𩛷尼𢆥𡢐𠊛𨖲馭几𢺹袍棱楓秋㐌染牟𬮦山𨤵紅𣻃捲征鞍𬂙𠊛㐌屈󰋇岸橷撑𠊛𧗱隻𩃳𠄼更几𠫾𬮙𨤵󰜋命賒吹,Nom
3_tale-of-kieu_no.txt,暈𦝄埃仕爫堆姅印襘隻姅𤐝𨤵長計之仍事唷塘𢩣𥪞尼餒主張於茄本𣳔户宦名家昆官吏部𠸜󰑼宦姐緣騰𣋽順𫗄迻共払結𩯀車絲仍𣈗於咹時󰞺拱𫨩呐條緘𥾾時𢬣拱𦓅自𦖑園買添花𠱄𠊛㐌𡗋信茄群空焒心強垃強燶責𠊛顛萡𦋦𢚸𦝄花啻朋首寔共些共容几𤲂買󰑼𠊛𨕭𤵺咦拯𡨹𥙩𡋂卒咦麻卓㗂慳𠓨命吏群𢬄捌𨁪𨒺爫之仍𩘬𥘷𩳊𠽋唭并浪隔𩈘屈𠳒𨁪些些拱料排𨁪朱𢗼咦𭛣意麻𢗼蜆𥪞𠰘󱋓吏𨆶𠫾兜爫朱𥆾拯特𠑬爫朱𣹓墮拮頭拯𨖲爫朱𬂙𧡊眼前朱𠊛貪板半船別𢬣餒𢚸謹拯埃𫨩外𦖻底默𫗄𢒎𠃅外旬𡢐俸固𠄩𠊛𫫗信㕸拱料排新功小姐浽恨同同𡃍𢬣絩𦄅𫥨𢚸撩𤽗𫯳𠋺芇沛如埃條尼罕𠰘仍𠊛是非倍傍爫𭁈𦋦威𠀲時抯𠰘𠀲時𢯏𪘵𥪞外謹櫗如𢬄芇埃群監呐能󰜋𠳒𢩣絩𣅙𣋽請台𫥨𠓨󰜋墨呐唭如空𣎀𣈗𢚸仍吲𢚸生它𧗱旦楼紅𫴋鞍𠳒散合餒寒暄𡨸情強𪉽𡨸緣強燶洗塵𢝙󱋓從容餒𢚸埃於𥪞𢚸麻𫥨払𧗱䀡意思茄事命拱㕸鄰󰑼𤉒排󰋇番唭醒呐醝𩯀絲不動𡮳枚事情𢪀它𢬄謹𠰘瓶芇埃固考麻命㐌稱仍󰑼𠲖邑用浪捽𦀊𢜝女動棱吏催固欺𢝙傳模唭小姐吏󰇾仍𠳒兜兜浪𥪞玉跢鐄鍮𨑮分些㐌信𠑬奇𨑮𡃍朱仍𠰘容𨱽𧊉螉吏噠仍𠳒怒箕妾油唪拯能推㐌洳䏾𢪀吏碑𠱄唭𧡊𠳒統請如𨔈順𠳒払拱呐吹拖杶仍󰑼唭粉𠹳𣘈畑𣅘鍾𩃳𦝄𡈺聘𦠘趣圭蓴䱛𤊰味汫鐄㐌用󰜋𠄽𦲿梧擲念𢖵景江湖󰜋牟𬮦塞󰋇務𫗄𦝄情𥢅渚監𠼯𪘵小姐𠓀㐌料澄啂戈隔𢆥𩄲泊賒賒臨淄拱沛并麻晨昏特𠳒如𨷑𡬷𣘈𨀒駒𥊢󰖁渃𡽫圭𠊛󰍡玲底渃印𡗶城磋𤌋碧𡽫披𩃳鐄檑駒皮𢶢𨤵長車香姐拱順塘歸寧𠽔茄萱歇每情餒払於萡餒命𠹾顛𢪀浪𤻭𤴪𪬡慳醜払麻固埃𠸦之命丕𢧚𥋓𩈘爫清謀高本㐌㕸名仍𣈗臨淄塘步𣎃迡麻塘海道𨖅𣦍時𧵆𢶿船攄𩈘家人唉󰝂𦀊𦀗𫃚蹎娘𧗱爫朱朱𤵺朱迷爫朱𤴬疸𠲖𠽮朱𥋳𠓀朱哺恄仍𠊛𡢐朱底󰜋𠻀唭𧗱𡢐夫人𠸦斫窒牟朝𡥵買𠰺默油𫥨𢬣𢯢𨖅帆𫗄橑𩄲犬鷹吏撰󰜋𠍣棍桄吲𠻀歇各每塘順風󰜋𦲿𣾼𨖅𣷭齊娘自隻𩃳窗𦂛塘箕餒怒如𢺹䋦愁𩃳橷㐌熾昂頭別兜廕冷別兜𠮾𫬍𩯀誓㐌譖昂𦠘芇𠳒𡽫渃芇𠳒鉄𣘈𦼛𦹴𡭧分𡥵𡥵囷緣別固𣃱𡃋朱庄身牢𡗉餒不平料如妸嫊宮𦝄𢪀芇𣎀秋𫗄𢯰窻桃姅鑅𦝄鈌𠀧𬁖𡧲𡗶𤓢香旦𠓀𫢋臺餒𢚸𭝫渚𣴓𠳒云云𤲂花𧻭𠎪惡人喑喑哭鬼驚神𧿆𫥨𣹓𡑝鎌捽𤏬𤍶失驚娘渚別󰑼爫牢茦迷兜㐌𢱓𠓨𢠩忙如聀占包別咦達𣦍𨖲馭即時房𬘏院冊𦊚皮焒炵産尸無主边滝󰝂𠓨底打吝𠼾埃𫨩碎𠾕魄落魂𢒎衝坡蓓𦹵㭲𣘃隱命束翁茄拱𧵆𨒺秩𬂙𦰟焒失驚用移伵柴𧼋𥊢旦坭𥯒排𢱓焒尋𠊛劳敲𫗄高𦰟焒強高碎𠾕尋󰖌娘芇𧡊兜𠖯虚𠖯海𥆾𠑬汫溇蓓葚𠓀𡢐尋咣𧼋𠓨准𡳵房香𥪞炭𧡊󰜋埬𩩫𤈜殘𣦍情埃別謀奸罕娘催吏固盤浪埃束翁洡湥𥐆𨱽𢪀𡥵永𨤔傷𠊛󰞺那遺骸抇拉𧗱茄芇󰑼衾殮芇󰑼喪齋礼常㐌󰖌󰜋𠄩陆程払拱旦坭闭𣇞𨀈𠓨准𡳵楼書烣炭󰜋埬𣌝湄𦊚墻𨖅茄吒細中堂灵床牌位蜍娘於𨕭唉喂呐歇事緣絲情𠞹𦛌焒煩𤈜肝招命勿𡳎哭嘆𡥵𠊛世意𣨰冤世尼質浪梅竹吏圍埃𫨩永訣󰑼𣈗迻𠑬傷強𢪀𢪀強𤴬断腸埃固戈橋買𫨩𧵆沔𦖑固󰜋柴飛符致鬼高𢬣通玄𨕭三島𤲂九泉尋兜時拱別信𤑟𤉜攕生礼物逴𨖅吀尋朱𧡊𩈘娘𠳨𠻃道人伏𠓀淨壇出神𦀊丿猪殘𤓢香阻𧗱明白呐詳𩈘娘拯𧡊𭛣娘㐌查𠊛尼𥘀業寃家群𡗉𡢻𡗋牢它𣨰朱孛宮當𢹇難蘇󰜋𢆥女買𠶀𠻀特信𠄩边夾𩈘𡗉番闷𥆾麻拯監𥆾𨓐台條兜呐𨓐羕尼事娘㐌世𠳒柴監信拯戈僮傦光𠉟𠊛兜麻吏𧡊𨕭𡎝塵惜花仍唅𠿯春身尼易吏󰋇吝﨤仙仃浪娘㐌九原𫨩兜地獄於沔人間犬鷹㐌𠿲謀奸󰝂娘迻𫴋底安𤲂船帆高繚𥊢𦑃遄提澄無錫氷沔𣾼𨖅也艔𨖲𠓀廳堂犬鷹𠄩𠀲納娘𤼸功󰝂娘補𫴋󰘂房唉群帖丿聀燶渚派𢠩忙秩醒魂梅󰘂茄兜佐楼臺芇低徬徨󰇾醒󰇾醝廳堂𠻵㗂𠾕𣦍𨖲侯了鬟𨖲𫴋𠽖㕰駭雄娘買蹺𡢐每𠊛𥈴𬂙座𢌌圯𨱽天官冢宰固牌撩𨕭班𣈗蠟𤏧堆边𡨌床七宝𡓮𨖲󰜋󰜏𠲟𠴛𦰟𠳨梗查事命娘沛據麻𠳚𠽔不情浽陣𩄲湄𠻵浪種窖巴蜍悁身𡥵尼拯沛善人拯坊遁主時軍論𫯳𫥨傱猫𡏢𪃴同𦋦傱𨻫縱拯双皮芇㐌󰝂命半󰘂𠋺吏群孔頃爫高世尼芇󰑼家法怒𠎩唉朱𠀧𨔿別𢬣󰜋吝了鬟𨕭𤲂㖡噒酉浪𤾓𠱄坤分𨤰芇竹棍𫥨飭拉𠓨𦧘芇拯󰞺肝芇拯驚㤕台桃李󰜋梗󰜋番湄𫗄散情󰜋番花奴傳𠰺𢬭𠸜𢩣𦂛𠰺𠶟𠓨番侍婢𫥨𠓨蹺𠎪青衣𤋵油𩯀𦇒䏧鈘管包管家固󰜋𠋦芇𧡊𠊛𧡊󰞺𫥨𠓨麻傷欺茶𡃹欺茦湯𠢞𠳒方便𨷑塘好生𠰺浪枚𡂳㐌仃柳蒲命𡨹𥙩命朱𫨩拱󰑼寃業之低沙機買旦世尼庄仍於低𦖻壁脈棱𧡊埃悁屬拱𣫲𥆾之矯欺𩆐𩄰不期𡥵溇丐蜆呌咦特冤娘強湥玉如滇餒𢚸𨻫仍盤桓念西風塵刧𠹾㐌𣹓淋炭吏固次尼平𠄩分牢薄拯皮催康康𥾾買𥙩𠊛紅顔㐌仃夙債前寃拱料玉󰞺花殘麻之仍󰑼𢭗搙戈時小姐沛𣇜買𧗱寧家媄𡥵𠻀傳鄰󰑼夫人吏噲娘𫥨𠰺𠳒小姐𤲂帳少𠊛朱𧗱边意蹺𠾕楼粧領𠳒娘買蹺𨖅別兜地獄天堂󰑼兜𣋽𣅘巾𩈘略頭分𡥵侯𡨹𡥵侯監差固欺淹妸朝𡗶竹絲𠳨旦藝𨔈每𣈗領𠳒娘買攄𦀊𠰚𡽫𡃑説易醝𢚸𠊛小姐䀡拱傷才囷威羕拱扒𠄽𦊚分󰘂𠊛𣹓墮𡭧身𣋽嘆咀𩃳𣅘𢟒𢘝𢚸臨淄𡭧義㧅𣠑渃䕯底𡨸相逢刧𡢐𦊚方𩄲𤽸󰜋牟𬂙撝故國別兜󰑼茄吝吝𣎃論𣈗戈餒𧵆芇別塘賒世尼臨淄自課鴛𢒎房空傷几𣎃𣈗隻身𪵟埃𦝄買印痕粉乘香𡳵倍分㤕沙蓮殘菊吏𦭒花愁𨱽𣈗𥐆冬它𨖅春尋兜朱𧡊故人𥙩勾運命𢚹寅𢖵傷𢤜念𢖵景家鄕𢖵圭払吏尋塘𠶀圭小姐迍󰘂啫題寒暄皮𠲟每皮𧵆賒茄香高捲幅𬗢房𥪞傳噲娘𫥨𥛉𢜠𨀈𫥨󰜋𨀈󰜋𨀊𬂙賒娘㐌𤍊澄𡑩賒沛浪𣌝𤈛畑𤍶𤑟𤉜𡓮妬庄󰑼束生悲𣇞情買𤍊情催催㐌𢹇𠓨鑅拯差斫兜固斫𨓐𠁀𠊛兜麻吏固𠊛精魔𤑟𤉜舌侶堆些爫𫥨𡥵於主茄堆坭皮外𡃿𡃿呐唭麻𥪞岩險󰊾𠊛空刀悲𣇞坦濕𡗶高咹爫牢呐爫牢悲𣇞強𬂙𩈘強謹魚𦛌蚕𠾕段如絲𦇒排𢜝威監拯𠳐𠳒儈頭納𫴋𡑝梅󰜋朝生它魄落魂漂傷喂怒拯娘翹於低因爫牢旦世尼催催些㐌𢹇𢬣埃耒𢜝悁監吘𫥨𠳒坤垠湥玉湥洡㳶沙小姐𬂙𩈘𠳨查買𧗱固𭛣之麻動容生浪孝服皮双推𢚸陟𡵆𤴬𢚸終天𠸦浪孝子㐌𢧚洗塵摱󱋓解煩𣎀秋𡞕𫯳󱋓酢󱋓酬扒娘淬𨢇直侯堆坭扒寬扒日旦𠳒扒跪羨𩈘扒𠶆羨𢬣生強如𤵺如𬏝湥𨱽湥𥐆󱋓𣹓󱋓潙𥋓𠫾秩呐秩唭告醝払㐌𡃞排𨃹𫥨小姐倍𠯦𡥵花𡅳払拯𣴓時些固杶生強󰞺𦛌散魂󱋓𠶆沛唅蒲丸燥𣦍小姐唭醒呐醝渚双局𨢇吏排𠻀𨔈浪花奴󰖌每才板弹此𨄹󰜋排払𦖑娘它𤶏𤷮𤺳迷𠳐𠳒𫥨𠓀屏𦂛紊弹𦊚𦀊如哭如嘆遣𠊛𨕭席拱散󰞺𢚸共終󰜋㗂絲桐𠊛外唭𦵚𠊛𥪞哭吟曷珠𣳮𣾻坤扲儈頭払仍拔󰠐湥湘小姐吏𠯦𥙩娘局𢝙𢭮曲断腸意之牢拯別意思咦朱払𢞂把罪時在󰎡生強慘切徘徊倍傍呐呐唭唭朱戈湥𧏵更㐌點𠀧小姐𥆾𩈘羕它甘心𢚸𥢅㕸𢜫𢜠󰠐𣎀𫢩㐌𡀨𤴬吟𥹰𫢩生強肝𤉗𦛌𣹓餒𢚸強𢪀強𠹽𢚸𢚸𠊛𠓨終襘鵉房娘𫥨𢭸𩃳畑𤍑更𨱽悲𣇞買𤑟沁唏𧖱悭兜固𨓐𠁀茄悭斫兜𢩽翠𢺺鴛埃𫥨塘意埃𥆾特埃悲𣇞󰜋域󰜋𡗶歇條輕重歇𠳒是非弭如苝𥘀如鈘󰣞朱𫥨𡢻群咦󰑼緣𢙲廊𡭧分婵娟𣷭漊㳥奇固全特噅󰜋命陰倚𣎀迡𥒃油潙渃眜𣹓𠄼更𣋽𣅘侯下臺楹小姐𪮻𩈘提情𠳨查攄𠳒娘買疎戈沛欺命吏㤕車餒命小姐𠳨吏束生𢚁払查𥙩寔情朱㝹生它戛𦛌如胞呐𫥨拯便𬂙𠓨拯當仍𠲖吏累旦娘𥙩𢚸買仕攄塘𠳨查儈頭跪𠓀𡑝花申供娘買草戈󰜋詞面前呈貝小姐脱䀡羕拱謹魚𡭧情連𢬣𢭂吏束生浪才𢧚重麻情𢧚傷啻庄固数𢀭𢀨價尼酉𨯹茄鐄拱𢧚𣷭塵沉浽婵娟有才傷餒無緣𨓐𠁀生浪舌固如𠳒紅顔薄命󰜋𠊛芇噅𠦳𠸗歐拱世尼慈悲歐料扒𢬣買皮小姐浪意𥪞詞㕸󰝂命薄吀𢘾󰘂空催催催拱朝𢚸拱朱朱𠉝𥪞𨦩𨀈𫥨産觀音閣園些固𣘃𤾓𡱩固花𦊚務固草樹固山湖朱娘𫥨妬𡨹廚劄經曾曾𡗶買平明香花五供攕生礼常迻娘旦𠓀𫢋堂三皈五戒朱娘出家襖撑𢬭幅袈裟法名吏𢬭𠸜𫥨濯泉𣋽𣅙并󰖌油畑春秋割産𠄩𠸜香茶娘自另𨁪園花羕𧵆棱紫羕賒𣻃紅因緣兜女麻懞塊條𢢆粉𢣃紅時催𫢋前慘垃愁󰜗𣈗鋪手字𣎀㘨心香沫台湥渃梗楊烣𢚸𢱓𤎕每塘塵緣𣘽𣙩自阻牟禅𡑝秋𦝄㐌𢽼番𥪸頭𬮌禅杄日䋥毛呐𠳒𠓀𩈘淶珠永𠊛搁經院册堆坭𥪞𡬼𡬷吏𠍭𨑮𬮦山仍󰑼唅咀𠺶嘆小姐沛𣇜問安𧗱茄乘機生買𨇍𫥨侵侵旦𠃅園花貝娘𠸂𠱤𠶁餒断腸湥珠潯瀉㵣𧛇襖撑㐌甘𠹾萡貝情主春底罪󰜋命朱花濕機輸智彈󰜏𬂙𠓨𤴬𦛌呐𫥨礙𠳒為些朱累旦𠊛㵧淋玉𤽸舌𠻓春撑管之𨖲𣴜𫴋涼拱算𤯨𣨰貝情朱双宗堂𡭧渚甘𢚸哏𪘵𢯏󰜋𡨸同爫𠄩𢢆命跢󰞺鐄派𤾓身易贖󰜋𠳒特牢娘浪隻柏㳥濤浽沉拱默𣅶芇󰇀枚𡭧身𠹴𠶔淎洡𤯨乘群想旦𣈙女牢拱料󰜋湥湄𩆋麻朱天下𬂙𠓨拱𫨩啐為琴㐌𤊰𦀊拯𤾓𢆥拱󰜋𣈗緣些料排𨷑󰘂朱𫥨意󰑼情𥘀意󰑼恩溇生浪𥢅想閉𥹰𢚸𠊛岩險別兜麻量𢜝欺𬲄𬲃負傍舌𥢅帝拱吏強極低料麻賒𧼋高𢒎愛恩些固垠尼麻催悲𣇞几虐𠊛吹別包𣇞吏綏𠳒渃𡽫酉浪滝𣴓跢󰍹昆蚕旦𣨰拱群王絲共𠑬計𠲥𡢐𠸗呐耒吏呐𠳒猪歇𠳒𩈘𬂙𢬣拯𡝖移花婢㐌動㗂𠊛𡑩賒忍󰁇𠺶𢣃𥪸𫥨小姐兜㐌𥘶花𨀈𠓨唭唭呐呐𠮾嗷𠳨払買於准芇吏𨔈嚉𨒺生買料𠳒尋花過𨀈䀡𠊛曰經𠸦浪筆法㐌精搊𠓨貝帖蘭亭芇輸惜台流洛江湖,Nom
3_tale-of-kieu_no.txt,𠦳鐄舌拱𢧚模𥙩才婵茶𣴓󱋓紅梅從容綏𨃴書齋共𧗱娘強𠲖唳塢醯掑𦖻𠳨吏花婢𠓀𡢐花浪󰜏旦㐌𥹰𥩯蹎𥪸吏度兜姅𣇞伶伶技𩯀蹎絲󰋇𠳒𦖑歇㐌餘𤍊詳包饒段苦情傖餒翁勿𡳎餒娘咀嘆垠碎𥪸吏󰜋边󱋓𦖻耒買𨀈𨖲𨕭楼𦖑催驚駭挈兜弹󰜏世意𧡊歐󰜋𠊛意󰋇肝意󰋇才𢪀強添餒𤺲荄用移𠊛兜溇色渃𠁀麻払束沛𫥨𠊛抪𢬣寔賍扒特󰟯尼𧖱悭埃拱𠺾眉哯𪘵世麻淹拯待騰嘲𠶆𢝙𨤔呐能妙𢬥恨𠱋𫥨胣世常唭𠱋買舌坤量險溇身些些沛𢗼歐𠱄𤞻蝳𧋻於兜准尼啻庄执𦑃高𢒎樔𣘃𥹰拱固𣈗𢯏花分䕯包管渃沙泠汀兜女拱󰑼泠汀診𠲖圭客󰜋命𢬣空渚易尋鑅廕𩛂𢪀𠫾𢪀吏𨒺孤𫢋前産固每圖金銀边命㩫底𫉚身吝𦖑更㐌󰜋份𪔠𠀧拮命戈𦰟墻花𨁮塘蹺𩃳𦝄斜𧗱西𩆪霧𨤵㵧頽𣘃㗂𬷤店月𨁪𩌂捄霜更𣅘身𡛔𨤵長份𠲖塘舍份傷𤋵油𡗶東皮𠓁岸橷巴為芇㐌別兜󰑼茄廚兜𬂙𧡊𡑩賒伶伶招隱庵𠀧𡨸排侵侵𢮭𠃅𬮌外住持𦖑㗂逴𠶆𠓨𥪞𧡊牟咹𧞾𣘽𣙩𮗓緣師張𫅜𢚸連傷𠴞𠴛梗𦰟朱詳𨓐𨓡娘唉尋塘呐𨒺小禅圭於北京皈師皈佛脩行闭𥹰本師耒拱旦𡢐𠰺迻法宝𨖅侯師兄𣈙𠳐面献伶伶鍾鐄磬鉑边命𢷣𫥨䀡耒師買𠰺戈沛尼恒水󰑼些厚情診𠵱塘舍󰜋命於低除待師兄𠃣𣈗𢭮身特准庵𩄲𪉥荼塔𢬭𣎃𣈗從容偈經勾𡳵屬𢚸香畑𭛣𡳵齋房悁𢬣𣋽𣅙𦲿貝旛𩄲𦰟畑挑月㗂𣖖󰈯霜𧡊娘聰慧恪常師強𢘝𩈘娘強凭蹎󰘂禅皮𣇜𡳜春𩃳花𩄓坦𨤔銀昂𡗶𫗄光𩄲凈請台固𠊛𣐙越𨖲𨔈󰘂伽󰇾圖鍾磬䀡戈𠸦浪窖種𧵑茄宦娘𮗓緣寔意𢗼量𣎀清買𠳨吏娘𠓀𡢐𢪀浪坤餒𨁪牟事命娘買𨃴頭排𣦍悲𣇞事㐌󰟯尼分𠍦油磊油枚在𠊛𮗓緣𦖑呐用移姅傷姅𢜝徘徊庄双𠯇𦖻買計事𢚸於低󰘂𫢋󰑼空狹咦𠲖庄仍事不期底娘朱旦餒時拱傷另賒𠓀料尋塘𡓮除渃旦朋󰟯群圭固茄户薄边箕庵𩄲悁𫮇𠫾𧗱油香𠴍𨖅吲歇每塘𢮪茄唉暫朱娘躇蹎仍𢜠特准安身倍傍芇及并𧵆并賒芇𪟽拱祖姂𦓅薄󰜏𭓇貝秀󰜏同門𧡊娘󰚷粉鮮𣘈𢜠忱特䋦半奔固利虚空達底𢧚𠳒娘它𢀲落用移𡗋番𠋦強摳𠽖朱連𥙩𠳒凶險押緣朱陳浪娘𬮙𨤵󰜋身吏忙𥙩㗂𭁈𧵆𫅜賒𥠭冤家𧵑破家群埃監躇𠓨茄女低急算劍准車𦀊空仍渚易麻𢒎塘𡗶坭𧵆時拯便坭坭賒時拯固𠊚芇賒固払薄倖𡥙茄拱𥪞親戚𦛌𦓅拯埃󰘂行奔半州台舌他固󰜋单差拯兮世芇娘拱沛𦖑成親耒仕料𧗱州台闭𣇞埃吏別埃油𢚸𣷭𢌌滝𨱽清清娘油決拯順情債𠳒𡑩𠓀累命旦𡢐娘強𩈘塢眉咮強𦖑𠋦呐強𤴬如𢴍娘強𩈘塢眉咮世󰠃娘買賒𧵆咀嘆妾如𡥵燕落弹沛弓𣈙㐌𢜝欄𣘃𢏢󰠃塘油并𡨸從別𠊛別𩈘別𢚸爫牢𢜝欺閍󰜋世芇半𤞻奔𤢿𠺵𠓨𦡟兜油埃𢚸固所求心盟吀決貝𠑬󰜋𠳒証明固坦固𡗶閉𣇞𢵼𣷭𫥨𣾺管咦特𠳒𠋦買𦋦𠫾𠼽信户薄即時攕生󰜋茄撰揲灵爭𢭯𡑝達桌𣳮瓶𤏧香薄生跪𫴋倍傍過𠳒願歇城隍土公外𡑝𢚸㐌𤏣𢚸𥪞幔爫礼絲紅結緣成親買逴𫴋船順帆󰜋𦲿吹沔州台船皮杜𣷷請台薄生𨖲𠓀尋坭每𣈗拱茄行院𠸗󰅒拱坊半𦧘拱𢬣奔𠊛䀡𠊛定價皮耒䋦行沒㐌𫥨𨑮時奔摱𠊛𠾔轎逴娘薄󰝂𩈘薄劍塘朱賒轎花達𠓀㙴花边𥪞𧡊󰜋𠋦𫥨倍傍迻娘𠓨𥛉家堂拱神眉𤽸拱坊樓撑脱𬂙娘㐌別情𪀄篭坤𨤰拮命𢒎高㓠吒丐数花桃󰇾𫥨耒吏𥾾𠓨如𨔈𢪀𠁀麻喭朱𠁀才情之𡗋朱𡗶坦慳惜台渃㐌打礬麻朱𡎛吏沕𨖲󰋇吝洪鈞貝客紅裙㐌搓旦世群運渚他呂自渃𨀈𨀈𫥨丐身料仍自茄料𠫾頭撑㐌罪情咦𦟐紅𡊰過姅時渚催別身𧼋拯塊𡗶拱料𩈘粉朱耒𣈗撑吝驢𫗄沫𦝄清俸兜固客边庭𨖅𨔈𩭶𤞻𦛜燕眉𧍋𦠘𠄼𡬷𢌌身𨑮𡱩高堂堂󰜋𠎬英豪棍拳欣飭畧韜𠁟才隊𡗶踏坦於𠁀户徐𠸜海本𠊛越東江湖悁趣捤摓鎌弹姅挭𡽫滝󰜋棹戈𨔈𦖑㗂娘翹𬌓𢚸兒女易漂英雄帖名迻旦楼紅𠄩边共𥆁𠄩𢚸共𢛨徐浪心腹相期沛𠊛𦝄𩙌勿噅𫨩牢闭𥹰𦖑㗂𦟐桃眜撑拯底埃𠓨固空󰜋𠁀特󰋇英䧺𡀨之𩵜𡊱𪀄篭麻𨔈娘浪𠊛𠰺過𠳒身尼群監䀡埃爫常𡭧𥢅𢮪跢此鐄別兜麻𢭮肝腸𠓨兜群如𠓨𠓀𫥨𡢐埃朱挸𢮪鐄鍮在命徐浪𠳒呐有情遣𠊛吏𢖵勾平原君吏低䀡吏朱𧵆倣信特󰜋𠄽份𫨩空𠽔浪量奇包容晉陽特𧡊𩄲𧏵固番𢌌傷𦹵内花𠍦𡭧身䕯浡𪾋煩𣈕𡢐𦖑𠳒皮意𩠓頭𡭧身䕯浡𪾋煩𣈕𡢐𠸦朱𡥵眜精𠁀英䧺別𡧲塵埃買𦓅󰜋𠳒㐌別旦些𬮙鍾𠦳駟拱󰑼固𠑬𠄩边意合心投欺親拯路󰑼求買親事𢚸吘貝冰人𠄩𤾓吏據原銀照还𢩣𥢅𢯢准清閒達床七宝圍幔八仙󰛐英䧺𡛔婵娟匪願𧴤鳳惵緣騎𧏵姅𢆥香焒當濃丈夫脱㐌動𢚸𦊚方𬂙撝𡗶𣷭溟茫青鎌鞍馭𨖲塘𥊢𨀐娘浪分𡛔𡨸從払𠫾妾拱決𢚸吀𠫾徐浪心腑相知牢渚脱塊女兒常情包𣇞𨑮萬精兵㗂鼙𠰺坦𩃳旌𩄓塘爫朱𤑟𩈘非常闭𣇞些仕逴娘宜家朋𫢩𦊚𣷭空茄蹺強添絆別󰑼𠫾兜忊𢚸除妬𠃣𥹰迡庄󰑼󰜋𢆥𡢐倍咦決𠳒𠞹襖𫥨𠫾𫗄迻鵬便㐌離𨤵𣾺娘自隻𩃳窻梅𣎀輸鄧鄧日掑杄𩄲𡑝𦼔拯𦘧𨁪𩌂𦹵高欣𡱩柳𤷍𠄽分兑𬂙𬮙𨤵梓枌魂圭蹺𦰟𩄲秦賒賒㤕台萱𦓊椿𦓅𬌓𢚸傷𢖵別󰑼固𢢯祝󰑼𨑮󰋇𢆥𡗶群𫥨欺㐌䏧瑁𩯀霜惜台𡭧義𡳵強酉離𦬶意群王絲𢚸緣㛪油綏𥿗紅理𫥨欺㐌𢬣𢸚𢬣𫼳𡬷𢚸故國他鄕塘箕餒怒滾昂排排𦑃鴻𢒎俸絶撝㐌󰍹𡥵眜方𡗶㴷㴷𣎀𣈗𨻫仍陰忱焒兵兜㐌喑喑󰜋方𡴯𡗶殺氣𢠩忙𣹓滝鯨鰐秩塘甲兵𠊛悁属几終𨒺啂娘唉暫另命󰜋坭娘浪𠓀㐌限𠳒酉𥪞危險監移約𠸗群當用賸菫魚𠃅外㐌𧡊𩃳旗㗂𬫤甲兵捁旦𨒺茄同声共𠳚芇󰑼夫人𠄩边𨑮位將軍達鎌𢶷甲𠓀𡑝叩頭宮娥彩女蹺𡢐浪𠳐令旨逴𠎫于歸産床鳳輦鵉儀花冠𤎒𤈪霞衣焒𤉜孕旗浽𪔠𨖲唐竹絲𧻭𠓀轎鐄捁𡢐火牌前路󰖁毛南庭𦖑動𤿰𠎫大营捁旗壘發銃城徐公𫥨馭親迎󰘂外焒命󰑼𨤔巾帶唉群頷燕眉蛾如𠸗唭浪𩵜渃緣𢛨𢖵𠳒呐仍包𣇞𫨩空英䧺買別英䧺𣈙䀡倣㐌甘𢚸意猪娘浪𡭧分𬏝𠽔拱枚𦀊葛特𢖵𩃳𣘃旦悲𣇞買𧡊低麻𢚸㐌質仍𣈗󰜋𠄩共𠑬𬂙𩈘奇唭攔𢬣𧗱准帳梅敘情席排賞將犒兵喑㗰𤿰陣㕸𠴔楽軍榮花𡀨𣅶風塵𡨸情𣈗󰜋添春󰜋𣈗中軍因𣅶𢝙圍從容買計傳𣈗寒微欺無錫欺臨淄坭時𩢬倒坭時㤕傷𬌓身𣈙㐌弭羕𡭧群恩怨堆塘渚双徐公𦖑呐始終不平浽陣同同𩆐㘇嚴軍撰將産床𤲂旗󰜋令倍傍󰖁𣋀𠀧軍指𦰟旗桃道𫥨無錫道𠓨臨淄󰋇𠊛負薄𠸗箕照名追拿󰝂𧗱𠳨查吏差令箭傳𫥨𡨹𢷹户束󰜋茄朱安𠋦管家娓覺緣拱差令箭󰝂信逴𠶆誓師計歇每𠳒𢚸𢚸拱恨𠊛𠊛執威道𡗶报復診𠺳𢺹𠫾每我縿𧗱𠾕坭軍中鎌𢀲槊𨱽衛𥪞侍立奇外双披産床齊整威儀博銅秩坦旌旗𩄓𡑝帳𤞻𨷑𡧲中軍徐公𠁔貝夫人共𡓮先嚴𪔠渚𢴑回點名𠓀引直外󰘂轅徐浪恩怨堆边墨娘處決报𡊰朱明娘浪閍𢚁威灵唉吀报答恩情朱孚报恩耒仕者讎徐浪役意底朱默娘數𠸜𠓀唱束郎𩈘如藍睹命羕󰚔󰠖娘浪󰒂𥘀𠦳𡽫臨淄𠊛𡳵払群𢖵空參商拯院𡨸從在埃𧯶監負𢚸故人錦𤾓綣鉑𠦳斤謝𢚸易稱报恩噲󰑼𡞕払鬼怪精魔番尼几𠎨󰜏𦓅﨤𠑬蜆𨆶𠱄𡃹渚𥹰謀漊忊者󰒂溇朱皮,Nom
3_tale-of-kieu_no.txt,束生𬂙𩈘閉𣇞蒲灰払㐌如湄㵣潭𢚸𥢅𢜠𢜝坤扲𢜝𠊝麻吏𢜠󰠐朱埃𠋦𦓅師長次𠄩脱迻旦𠓀倍𠶆𨖲𨕭𦄵𢬣𨷑𩈘朱𥆾花奴箕貝濯泉拱碎𢖵欺𢙲𨀈侈撝𡽫鐄渚易𡊰賠𬌓傷𠦳鐄噲𡭧礼常麻𢚸漂母󰋇鐄朱斤𠄩𠊛𬂙𩈘秦垠姅份怯𢜝姅份𢜠𢝙娘浪吀唉󰟱𡓮䀡朱𤑟𩈘別碎报讎急傳諸將献俘吏󰝂各跡犯囚候查𤲂旗鎌捽匣𫥨正名首犯𠸜󰑼宦姐賒𬂙娘㐌嘲𠽔小姐拱固碑𣇞旦低弹󰜏易固󰋇𢬣𠁀𠸗󰋇𩈘𠁀尼󰋇肝易𢬥󰑼腿紅顔強𨢟孽𡗋強冤債饒宦姐魄落魂漂叩頭𤲂帳攄條呌󰞻浪碎𡭧胣弹󰜏悭𢣆時拱𠊛些常情𢪀朱欺閣曰京貝欺塊󰘂𢴑情拯蹺𢚸𥢅𥢅拱敬腰𫯳終渚易埃朝朱埃啐它𨢟役蔠荄群𢘾量𣷭傷排芇庄𠸦朱窖㐌𢧚浪坤頑旦墨呐能沛𠳒他𫥨時拱枚𠁀爫𫥨時拱𫥨𠊛𡮈𡮫㐌𢚸知過時𢧚傳軍令𫴋帳前他𬆄謝𢚸𥛉𠓀𡑝𩄲󰘂軒吏𦄵󰜋𦀊引𠓨娘浪弄弄𡗶高害人人害事芇在些芇󰑼萡幸萡󰜏芇󰑼鷹犬芇󰑼楚卿秀󰜏貝馬監生芇󰑼鷹犬芇󰑼楚卿令軍傳𫴋𫔭刀誓牢時吏據牢加刑𥁚淶䏦𡐘散情埃埃𬂙𧡊魂驚魄移朱𫨩𬮙事在𡗶負𠊛拯𡀨欺𠊛負些󰋇𠊛萡惡精魔命爫命𠹾呌麻埃傷𠀧軍冬𩈘法場青天白日𤑟𤉜朱𥋳役娘报復皮耒𮗓緣倍㐌𠳚𠳒辞歸娘浪千載一時故人㐌易󰋇欺盤桓耒低䕯合𩄲散別兜鶴内𩄲岸󰑼兜師浪拱拯包𥹰𥪞𠄼𢆥吏﨤𠑬妬麻𢖵𣈗行腳方賒﨤師三合本󰑼先知𠶓朱會遇之期𢆥󰅒󰑼󰜋女時𠄼𢆥買𫨩前定拯啉㐌信條𠓀乙𥄮役𡢐群𡗉恩󰒂貝𠑬機緣芇㐌歇兜倍咦娘浪前定先知𠳒師㐌𠰺乙時拯差禍包𣇞固﨤𠊛為碎𢚁𠳨󰜋𠳒終身𮗓緣𠳐吲殷勤謝辞脱㐌移蹎𡎝外娘自恩怨攊𢬗𣷭冤󰟯㐌潙潙𣴓𢚸謝恩𥛉𠓀徐公𡭧身蒲柳芇懞固𣈙𠑈𢘾𩆐𩄰𫥨𢬣𡬷𥢅如拮挭𣹓睹𠫾湛𩩫劄胣挈之易󰝂肝腛𡊰󰒂𡗶𩄲徐浪國士𠸗󰅒𢮪𠊛知己󰜋𣈗特庄英䧺㗂㐌噲浪𡧲塘欺𧡊不平麻他況之𭛣拱𭛣茄路󰑼深謝買󰑼知恩㤕娘群𡭧双親悲𥹰几越𠊛秦隔賒牢朱𬮙𨤵󰜋茄朱𠊛𧡊𩈘󰑼些甘𢚸倍傳𢯢席軍中𬮙兵𠦳將會同洗冤乘機竹扯瓦散兵威自妬𩆐攔𥪞外朝廷𥢅󰜋𧣳𡗶𠁟𠄩文武攊堆山河𠾕干𫗄𢭯湄沙縣城踏睹𠄼座海南風塵𪿥󰜋𥚇鎌仍類架襖襊𩚵詫咦迎昂󰜋𡎝边陲少咦孤寡少咦伯王𠓀旗埃监爭強𠄼𢆥雄據󰜋方海瀕固官總督重臣󰑼胡宗憲經綸𠁟才𢩽車𠳐旨特差便宜撫剿𭛣外董戎別徐󰑼𠎬英䧺別娘拱預軍中論盤埬軍爫斫招安封書󰣱礼差官説降吏𥢅󰜋礼貝娘𠄩𠸜彩女玉鐄𠦳斤信𠓨𠳚𠓀中軍徐公𥢅唉𨑮分糊塗󰜋𢬣𨢟孕基圖闭𥹰𣷭楚滝吳縱横抪身𧗱貝朝廷降臣嚧咾分命𫥨兜襖襜𢬥𦄾𥙩𠑬𠓨倫𫥨儈公侯麻之牢朋𥢅󰜋边陲飭尼㐌易爫咦特𠑬𢹅𡗶𢭴渃默油育昂芇別𨕭頭固埃娘時舌胣信𠊛𧵑𡗉呐𠮾𦖑𠳒易漂𢪀命𩈘渃𦑃䕯㐌𡗉流落吏𡗉艱屯朋𫢩𠹾㗂王臣清清塘丐青雲狹咦公私院奇𠄩皮寅茄耒仕料𧗱故鄕拱𡾵命婦堂堂𦬑囊眉𩈘焒𤉜媄吒𨕭為渃𤲂為茄󰜋󰑼得孝𠄩󰑼得忠拯欣隻柏𡧲𣳔𠲖𠽮㳥𢯞駭雄渃沙因欺盘萡𧵆賒乘機娘買盘𫥨呐𠓨浪𥪞聖澤𣼭𤁓𢱓𫥨㐌泣滲𠓨㐌溇平成功德闭𥹰埃埃拱隊𨕭頭別包𡄎自𧻭𭛣兵刀埬𩩫無定㐌高朋頭爫之底㗂𧗱𡢐𠦳𢆥埃固𠸦兜黃巢牢朋祿重權高功名埃𠞹𡓃芇朱戈𦖑𠳒娘呐𪉽麻󰡫攻徐買阻𫥨󰡫降整儀接使倍傍𭉑期束甲決塘解兵信𠳒城下要盟𦰟旗魚萼𪔠更雉長𭛣兵補拯𡨹𢬥王師𥉰㐌𤍊詳寔虚胡公決計乘機礼先兵后刻期襲攻捁旗招撫先鋒礼儀攔𠓀博銅伏𡢐,Nom
3_tale-of-kieu_no.txt,徐公哬𠾿別兜大冠礼服𫥨投󰘂轅胡公暗號陣前𠀧皮發銃𦊚边捁旗礼儀攔𠓀博銅伏𡢐𤞻𤍌欺㐌沙機拱𠍦死生料𡧲陣前惮𠫅朱別肝連將軍氣𤍌欺㐌𧗱神然然群𥪸墫蹎𡧲𨦩猪如跢𠠊如銅埃𢯦拯轉埃搈拯移官軍乘󰡫𨆏𨱽㗀㗀殺氣𩁶𡗶埃當𥪞濠外壘散荒乱軍皮𢴑𢬣娘旦坭𥪞𨦩𥏌跢排排𧡊徐群𥪸𡧲𡗶猪猪哭浪智勇固乘𤳄𦖑𠳒妾旦機會尼𩈘芇𬂙𧡊𠑬低他料𤯨𣨰󰜋𣈗貝𠑬𣳔秋如澮干愁𢴑𠳒娘拱招頭󰜋边𨓐台冤氣相纏娘皮伏𫴋徐連我𫥨官軍几吏𠊛戈㤕娘仕吏㩫𫥨寅寅引𠓨旦𠓀中軍胡公𧡊𩈘殷勤𠳨𠻃浪娘𡭧分紅顔﨤干兵革𡗉難拱傷㐌𫨩成算廟堂𠢟功拱固𠳒娘買𢧚悲𣇞事㐌萬全默𢚸𢪀𥙩闷吀皮芇娘強湥玉𣻆𤁓𠲺󰁇買𠳚濕高事𢚸浪徐󰑼𠎬英雄育昂𡗶𢌌捤摓𣷭𣾺信碎𢧚過𦖑𠳒󰝂身百戰爫碎朝廷𡂂󰑼夫貴婦榮埃𪟽󰜋丿散晴𦧘𩩫𠄼𢆥𡗶𣷭昂藏𡁾󰝂命補戰場如空窖𡅳計𥙩爫功計包饒吏𤴬𢚸閉饒𪹾命功𠃣罪𡗉𤯩乘碎㐌𢧚料命碎吀朱淺土󰜋堆噲󰑼塔店𥙩𠊛死生胡公𦖑呐傷情傳朱稿喪遺形边滝軍中𨷑席賀功𠮿敲絲竹會同軍官扒娘侍宴𤲂幔𢷣醝吏押紊彈日奏󰜋宮𫗄𢣃湄愁𦊚𦀊㳶𧖱𠄼頭𦰟𢬣蟡吟猿唿芇齊律𦖻胡拱𤶑眉淶珠𠳨浪尼曲於兜𦖑𫥨𬮙怨𠦳愁𡗋台𠽔浪萡命曲尼譜𠓨弹意仍𣈗群疎宮琴攄仍𣈗𠸗麻𦎛萡命悲𣇞󰑼低強𦖑強㴷強醝酉朱𩈘鉄拱𬏝為情𠰺浪香焒𠀧生𦀊鵉吀綏琴𫅜朱埃𠽔浪𡭧分落類𥪞命𢪀㐌固𠊛托冤群之女𦑃花殘絲𢚸㐌𢴑𦀊彈小燐𢌌傷群𤗖紅裙唏殘特𧡊㭲枌󰑼枚賀功󱋓㐌過醝胡公旦𣅶𤏬𣈗𢖵𫥨𢪀命方面國家官𨕭𥄮𫴋𠊛些𬂙𠓨沛從𦝄𫗄𫨩牢事尼別并世芇特低公衙皮貝𤏬𣈗決情胡買断𬆄󰜋排令官埃𪾋改𠳒押情買擀朱𠊛土官翁絲寔𠰚多端𦲿幔𢷀濕𦰟畑挑高轎花押𥊢𫴋船𦲿幔𢷀濕𦰟畑挑高娘強塢柳派桃𤾓份芇固份芇份鮮忊身洁垃㳥𣼯刧功吒媄舌𠁀聰明蹎𡗶𩈘𣷭冷汀𢷀𩩫別𠳚死生准芇緣兜埃𠞹絲桃𡢻兜埃俸㩫𠓨羨坭身牢身旦世尼群𣈗芇拱餘𣈗意催㐌空別𤯩󰑼𢝙𬌓身芇別舌耒󰑼傷󰜋命𠹽䔲𤾓塘催時󰞺玉散鐄時催𤗖𦝄㐌搁𡽫兑󰜋命𨻫仍𥪸𡓮渚双潮兜浽㗂同同𠳨𫥨買別浪滝錢塘𢖵𠳒神夢𤑟𤉜尼催歇刧断腸󰑼低淡仙娘𠰚固𫨩限些時沛𤲂尼逴些𤲂畑産幅箋花󰜋篇絶筆噲󰑼底𡢐𬮌蓬倍𨷑簾珠𡗶高滝𢌌󰜋牟包󰑼浪徐公厚待些𡭧為役渃麻𫥨負𢚸󰊾𫯳麻吏𥙩𫯳𩈘芇麻吏𥪸𥪞𡎝𠁀催時󰜋𣨰朱耒𬌓𢚸付默𨕭𡗶𤲂滝𬂙撝𡥵渃溟濛󰝂命招𫴋𡧲𣳔長江土官蹺𢵼倍傍時它㴷玉沉香過耒傷台拱󰜋刧𠊛害台𫼳𥙩色才爫之仍󰑼冤苦流離除朱歇刧群咦󰑼身𨑮𠄻𢆥闭饒吝爫𦎛朱客紅裙此𤐝𠁀𠊛旦󰡫時催𥪞機陰極陽回坤𫨩󰋇𠊛孝義𠸗󰅒𡗶爫之旦𥹰𣈗強傷𮗓緣自節啫娘㧅瓢掛篋𢌌塘雲遊﨤󰜏三合道姑從容𠳨歇𡮈蘇事娘𠊛牢孝義睹塘刧牢逸仍断腸世催師浪禍福道𡗶檜源拱於𢚸𠊛麻𫥨在𡗶麻拱在些脩󰑼檜福情󰑼𦀊冤翠翹色巧坤頑無緣󰑼分紅顔㐌忊吏𫼳𥙩󰜋𡨸情墟墟命𥾾𥙩命𠓨𥪞丕𢧚仍准從容於空安穩𡓮空凭鐄魔迻𡓃鬼󰝂塘吏尋仍准断腸麻𠫾歇難意旦難箕青樓𠄩𦀎青衣󰜋吝𡧲𨦩槊𢫡鎌陳掑𪘵𤞻𤢿𠳚身碎𠾕𡧲𣳔渃汜㳥𣼭𠓀頷𧏵𩵜招𩝇永腥寃箕蹺買貝情󰜋命命𠹾󰜋命命𫨩爫朱𤯨墮𣨰𣹓断腸朱歇刧尼買催𮗓緣𦖑呐用移󰜋𠁀娘𠰚傷喂群咦師浪双拯兮之業緣𢩮吏斤𠫾群𡗉𪹾𥪞罪業翠翹𢹇條情愛塊條邪淫𥙩情深者情深半命㐌動孝心旦𡗶,Nom
3_tale-of-kieu_no.txt,害󰜋𠊛救󰜋𠊛別塘輕重別𠳒沛庄所功德意埃朋夙愆㐌𣳮淩淩攊耒欺𢧚𡗶拱朝𠊛弭羕𡢻𠓀𡊰賠緣𡢐覺緣油𢖵󰒂𠑬錢塘且󰜋𤿤𦰤逴𠊛𠓀𡢐朱院沒𠳒緣些麻拱福𡗶之空𮗓緣𦖑呐𢜠𢚸鄰󰑼尋趣边滝錢塘打筝笘𡳽草堂󰜋间渃碧𩄲鐄𢺺堆𠾔𢆥魚父𠄩𠊛㨂船直𣷷結𦄴𢬥滝󰜋𢚸詫管󰋇功窖台﨤𨔉拱𥪞轉運翹自招𫴋溋銀渃𣵶俸㐌㵢寅羨坭漁翁𦀽䋥𢵼𠊛𡄎唎三合𤑟𨑮拯吪𨕭𦩚冽沫襖𬗢酉淫唏渃渚𤍶𩃳𦎛𮗓緣𥆾舌𩈘娘娘群帖帖聀鐄渚派𢠩忙魄桂魂梅淡仙脱㐌𧡊𠊛𣈗𠸗浪碎㐌固𢚸除𠅎功𨑮󰋇𢆥乘於低姉牢分𤘁福𠫅刧𠸗㐌丕刧尼易埃𬌓𢚸㐌透旦𡗶半命󰑼孝救𠊛󰑼仁󰜋念為渃為民陰功拮󰜋銅斤㐌𦓅断腸數捽𠸜𫥨断腸疎沛迻麻者𠑬群𡗉享受𧗱𥹰緣𠸗𡃋陣福𡢐𣼭𤁓娘群魚菫別牢濯泉𦖑㗂噲𠓨边𦖻逸命脱醒聀梅氷傾芇㐌別埃麻𥆾𥪞船芇𧡊淡仙边命只𧡊覺緣𡓮掑𧡊𠑬𢜠𢙲𤾓皮𢶿船買逴娘𧗱草蘆󰜋茹終乍𣋽𬁑𫗄𦝄沫𩈘𪉥荼齋𢚸𦊛皮八咯溟濛潮𤼸𣋚𣋽𩄲篭𠓀𡢐難𠸗拙瀝漏漏緣𠸗渚易別兜准尼餒娘灾難㐌𣹓餒払金重闭迡買傷自𣈗𬮙𨤵扶喪姅𢆥於坦遼陽吏茹倍𨖅園翠𠻀𪡔𥆾䀡風景𫢩它恪𠸗𣹓園𦹵木盧𠽔窻𩄲𡕷𡎝壁湄也移𠓀𡢐芇𧡊𩃳𠊛花桃𢆥外群唭𫗄東㕸𠱊燕翎梁空𦹵攔𩈘坦𦼔封𨁪𩌂𡳜墻荄𫈅木𣹓𠫾𧗱尼仍𡓃尼𢆥𠸗終𨒺𣼽汔如祠餒念心事悲𣇞𠳨埃𠌇盈固几𨖅𨔈鄰󰑼仕𠳨󰜋𠄩事情𠳨翁翁𢹇訟庭𠳨娘娘㐌半命救吒𠳨茹茹㐌移賒𠳨払王貝共󰑼翠雲調󰑼沙率庫巾𦁼𠾔曰𢩤劍咹吝回條兜𩄰打𦡟𡗶𡁾𦖑払𡁾用移挈包𠳨𠶀移住坭㝹劍塘払買尋𠓨羨坭茹箏壁坦左哉𦰤撩簾濕竹掑藩疎󰜋𡑝坦𦹵淫湄強嗷喭餒強魚謹󰟯打料𨖲㗂外墻払王𦖑㗂倍傍𧼋𫥨㩫𢬣倍逴𠓨茹𠃅𡢐員外翁󰜏𫥨𣦍哭嘆計歇念西払喂別餒渃尼朱猪翹兒分𤘁如祠󰜋𠳒㐌磊𩯀絲貝払﨤干家變𨓐󰟯半命伮沛尋塘救吒用浪欺𨀈蹎𫥨極𤾓𠦳餒吲𠀧𦊚吝啐𠳒𥘀貝郎君摱昆㛪伮翠雲𠳙𠳒噲󰑼者𡭧󰒂𠊛情尼弋弋閍𠁀渚𫺴刧尼緣㐌負緣夜臺群別𠱊𡊰來生󰋇𠳒記註丁寧𠳚𢚸底吏拮命𫥨𠫾分牢薄󰋇翹兒払金𧗱妬𡥵時𠫾兜翁󰜏強呐強𤴬払強𦖑呐強油如荼勿命浘𫗄𣻆湄淫𣾸湥玉矧蜍魂梅𤴬𠾕段𤴥𠾕催醒𫥨吏哭哭耒吏迷𧡊払𤴬餒別離忍󰋈翁買撫𧗱解𡅳碑𣇞板㐌埬船㐌忊分萡坤𡊰情鍾過傷𡭧󰒂㧅𢸚𠦳鐄身意易𠸣補牢𠴗𠯼𡅳解𤾓朝焒煩強拉強挑䋦煩誓初𢷣旦金環𧵑初吏𢷣旦彈貝香生強𬂙𧡊強傷肝強息最𦛌強㤕沙浪碎啐呂蹎𫥨底朱旦餒㵢花𣼸䕯共𠑬誓説㐌𡗉仍條鐄跢沛條呐空猪𧜖襘拱𡞕𫯳𢚸芇麻𡝖𠞹𢚸朱當包饒𧵑󰋇𣈗塘群碎碎󰜋﨤娘買催餒傷呐拯歇𠳒謝辞生買湥洡𨀈𫥨倍𧗱𢯢准園花逴𠶆員外翁󰜏共𨖅晨昏𢟙𡭧礼常養親𠊝𬌓𢚸娘𣈗初丁寧𥓄淚劄書割𠊛尋嘬迻祠𠴍㖇別包功𢩤𧵑𠾔臨清󰋇度𠫾𧗱𨤵𣾺𠊛󰜋坭𠳨󰜋坭溟濛芇別𣷭𡗶坭㝹生強慘切渴滈如燶肝鉄如鉋𢚸𣘈𦛌蚕𣈗󰜋痚𤈊雪霜𣈗󰜋耗󰍹命蟡矧䜹𣅶醒𣅶迷𧖱蹺渃眜魂離占包椿萱𢗼𢜝挈牢過𫥨欺旦世芇麻𫨩倍傍攕礼撰𣈗緣雲𣋽㐌車𦀊朱払𠊛窈窕客文章󰜩才𡛔色春當皮時雖浪𢝙𡨸于歸𢝙尼㐌挌愁箕特芇欺咹於𣅶𫥨𠓨強歐緣買強𤁓情𠸗餒娘𢖵旦包𣇞𣻆珠𠾕陣紆絲𤾓𨦩固欺永𨤔書房炪爐香𢷣泛桐𣈗𠸗𢯏𢴾𠱋𠯇㗂絲沉𢒎𤁕𤐡𫗄迻𢯦簾羕如边厔𠓀㙴㗂嬌同望𩃳袩𢠩忙𤳄𢚸鑿跢𥱬鐄想娘𢧚吏𧡊娘𧗱低仍󰑼煩悶𣎀𣈗春秋別㐌𢬭𠊝󰋇吝制科﨤會場文王金共占榜春󰜋𣈗󰘂𡗶𢌌𨷑塘𩄲花嘲𡉦杏香𢒎𨤵枌払王𢖵旦賒𧵆𨖅茹終老謝恩周全情𠸗恩者󰒂𡊰加親吏買結緣朱陳金自弭𨀈青雲餒娘強𢪀賒𧵆強傷意埃吲玉誓鐄悲𣇞金馬玉堂貝埃䓪䕯蹎㳥落類𢪀命榮顕傷𠊛流離𠳐𫥨外任臨淄𬮦山𠦳𨤵妻兒󰜋團琴堂𣈗𣎃青𫔮𣋽𣅘㗂鶴㗂弹逍遙𣎀春帳𢷀花桃娘雲𬛩俸占包𧡊娘醒𫥨買𭓇共払𦖑𠳒払拱𠄩塘信𪟽怒臨清貝臨淄恪𠑬󰜋𫳘或欺固啉𥪞機声氣相尋於低或固佳音庄󰑼升堂払買𠳨查户都固几吏𦓅𠽔𨖲事尼㐌外𨑮年碎它別𩈘別𠸜伶伶秀󰜏共馬監生固模𠊛於北京迻𧗱翠翹色巧埃皮㐌藝弹吏󰖌藝文疎堅貞拯沛肝皮料命世意沛𩢬世箕風塵𠹾㐌醯𠽮𦀊緣𡢐吏車𧗱束郎沛𢬣𡞕奇𢰺傍扒𧗱無錫算塘𢯏花堛命娘沛遁𫥨拯枚吏﨤󰜋茹萡箕脱奔𧗱脱半𠫾𩄲㵢䕯浽少咦󰑼坭俸兜吏﨤󰜋𠊛欣𠁀智勇迎𡗶威灵𥪞𢬣𨑮萬精兵捁𧗱埬秩󰜋城臨淄𩯀絲各跡每欺怨時者怨恩時者恩㐌𢧚固󰒂固仁𠓀𡢐論院賒𧵆議𠸦双群渚別户𠸜事尼𠳨束生員買詳𦖑𠳒都呐𤑟𤉜即時迻帖𠶆払束生餒娘𠳨歇分明𫯳𡥵兜佐姓名󰑼咦束浪﨤𣅶乱離𥪞軍碎𠳨少咦𩯀絲大王𠸜海户徐打悁𤾓陣飭餘𬮙𠊛﨤娘時於州台𨓐咦國色天才沛緣捤摓𥪞闭饒年爫𢧚動地驚天同同大屯軍埬𡎝東𧗱𡢐拯別雲夢爫牢𦖑詳梗𦰟消耗𢚸𥢅払𨻫勞刀矧蜍㤕台隻𦲿巴為刧風塵𢷀包𣇞朱双花蹺渃沚𣵶𣳔㤕身沉浽𤴬𢚸合散𠳒𠸗㐌磊𬮙萬𤗖𦎛群妬泛弹群低弹琴窖菫魚𦀊焒香別固刧尼女催萍蓬群几賒吹鼎鍾牢𡝖咹𡓮朱安㕸懞撩印辞官󰋇滝拱𣷮󰋇岸拱坡𤄱命𥪞盎干戈𠓨生𫥨死禍󰑼𧡊𠑬吏𠲖𡗶瀋域溇𩃳𪀄沁𩵜別兜麻𥆾仍󰑼拫那待信𣌝湄別㐌󰋇番𢬭移𠄼𩄲俸𧡊詔𡗶欽頒敕旨細坭伶伶金時改任南平王時拱改任城雎陽攕生車馭倍傍𠄩茹拱順󰜋塘赴官侈𦖑󰡫賊㐌散㳥淹福建焒殘淅江特信金買𡀿王便塘共吏尋娘𡢐𠸗杭州旦妬闭𣇞舌信𠳨特𩯀絲伶伶自𣈗𣋚怒交兵失機徐㐌收灵陣前娘翹功奇拯𡊰令軍吏扒押緣土酋娘它招玉沉珠滝前塘妬意墓紅顔傷喂空合麻散󰜋茹榮顕𥢅冤󰜋娘招魂設位礼常解冤立󰜋壇場边滝𦰟潮𡽫鉑重重撝𬂙群想𦑃鴻𣅶招情深𣷭慘𨓐條芇魂精𧗱別蹺准芇機緣兜俸𨓐牢𮗓緣兜俸尋𠓨細坭𬂙𨖲灵位𡨸牌失驚倍𠳨仍𠊛兜些貝娘親戚𧵆賒𠊛群牢俸爫魔哭𠊛𦖑信洳落用移森𨒺計𠲥𡀷𠳒𠳨查尼𫯳尼媄尼吒尼󰑼㛪𦛌尼󰑼㛪妯舌信𦖑㐌閉𥹰法師𠰺世事兜𨓐󰟯師浪因果貝娘臨淄𣇜𠓀錢塘𣇜𡢐欺娘招玉沉珠迍𠑬碎㐌﨤𠑬逴𧗱共𠑬𢭗󰘂菩提草庵妬拱𧵆掑拯賒𫢋前𣈗泊鄰󰑼㴷㴷娘拱𢖵茄坤𢚹𦖑信𦬑𩈘𨷑眉𢜠芇吏過𢜠尼女庄自番隻𦲿離棱𠶀尋𨻫仍料澄渃𩄲𤑟𤉜花用香𢒎刧𡢐和𧡊刧尼罕催冥陽堆我聀耒𡎝塵麻吏𧡊𠊛九原共𠑬拜謝𮗓緣步行󰜋𠎪蹺連󰜋欺𢯏𦰤拍𦹵尋𠫾情深𨻫唉狐疑姅份𨒺孤蹺𧞊江津塊棱𦰤㐌細𡑝𫢋堂𮗓緣𨖲㗂噲娘𢩣𥪞娘㐌倍傍𨀈𫥨𥆾䀡󰖌𩈘󰜋茄椿𦓅群跬萱𦓅群鮮𠄩㛪方長和𠄩怒払金妬󰑼𠊛𣈗𠸗想悲𣇞󰑼包𣇞𤑟𤉜𨷑𬑉群𪟽占包湥珠聖説𤷄袍𢜠𢜠𢣃𢣃挈牢󰑼情招命𤲂𨆝萱庭哭嘆計吏事命頭𡳪自𡥵流落圭𠊛䕯㵢㳥𢯞祝𨑮𠄻𢆥并浪滝渃洁淋刧尼埃吏群扲﨤低翁󰜏𬂙𩈘扲𢬣容光庄恪之𣈗𨀈𫥨閉迡𤋵月油花𨑮份春固𤷍𠀧𦊚份餒𢜠別𥙩之斤𠳒散合傳賒𧵆少兜𠄩㛪𠳨𠓀𠻃𡢐𥪸𬂙払拱阻愁爫鮮𢮿𠑬𥛉𠓀𫢋臺再生陳謝𢚸𠏥慈悲轎花𠽖啫即時王翁𠰺逴共𧗱󰜋坭娘浪𡭧分花淶姅𠁀唸𣦰每味䔲𠹽并浪𩈘㳥蹎𩄲𢚸芇群想固𣈙女空特𣈙再世相逢渴滈㐌妥𬌓𢚸𥹰𫢩㐌󰝂命補庵𩄲歲尼𠳚貝𦹵𣘃拱皮味婵㐌𤊰𪉥荼牟婵咹𧞾㐌於𣘽𣙩事𠁀㐌熄焒𢚸群𦍫𠓨准𡏧紅爫之󰇾揚芇固𫨩咦㐌脩脩啐戈時時催重生恩𥘀𣷭𡗶𢚸芇𡝖悉󰒂𠊛𫥨𠫾翁浪彼此一時修行時拱沛欺從權沛條求𫢋求仙情箕孝怒埃𡊰朱低度生𢘾德高𠫅立庵耒仕逴柴於終𦖑𠳒娘沛朝𢚸啫師啫景調共𨀈𫥨󰜋團𧗱旦公衙團圓倍𨷑席花𢝙圍藏藏󱋓菊󰇾醝𥪸𨖲雲買𤋵排󰜋𠄩浪𥪞作合機𡗶堆边﨤𫽻󰜋𠳒結交﨤干平地波濤沛󰝂緣姉𥾾𠓨朱㛪拱󰑼分𦰦緣金拱󰑼𧖱沚𦛌𣟮𠤆牢仍󰑼𣈙約𣈕呦𨑮𠄻𢆥意別包饒情悲𣇞𦎛𥒮吏𫅜囷𤍌𩢬𤀓㐌伶固坭群緣枚吏群𠊛群暈𦝄𡳵群𠳒願𠸗果梅𠀧𬙞當皮桃𡽫𣋽料車絲及時𢴑𠳒娘倍拔𠫾事𤾓𢆥𡳵計之悲𣇞󰜋𠳒雖固約𠸗𪹾命𤋵𫗄油湄㐌𡗉呐強虎𢢆𤾓朝他朱𦰟渃水潮沚𣵶払浪呐窖𨓐𠁀酉𢚸箕丕群𠳒意牢󰜋𠳒㐌啐深交𤲂𠫅固坦𨕭高固𡗶酉浪物𢬭𬁖移死生沛與𥙩𠳒死生緣箕固負之命麻算𢫟挭鍾情爫𠄩娘浪家室緣諧𡭧𢚸恩愛埃埃拱𢚸𢪀浪𥪞道𡞕𫯳花𦹳封蕊𦝄𨦩𡃋𦎛𡨸貞當價𠦳鐄𤒘花拯𢢆貝払𣈕𠸗妾自遇變旦𣇞螉戈𧊉吏㐌乘醜車闭迡𫗄匝湄沙󰋇𦝄拱鈌󰋇花拱殘群咦󰑼丐紅顔㐌双身世群算餒芇𢪀命拯虎命牢監󰝂塵垢預𠓨布荆㐌𫨩払𥘀為情𬂙花畑拯𢢆命𡗋油自𣈙怯󰘂𢩣秋拯脩時拱如修買󰑼払油𢪀旦𧵆賒󰝂情琴瑟𢬭𫥨琴棋呐之結𩯀車絲払油𢪀旦𧵆賒払浪窖呐𢧚𠳒麻𥪞𨤰沛固𠊛固些𠸗𫢩𥪞道弹󰜏𡨸貞箕拱固𠀧𬙞󰟯固欺變固欺常固權芇沛󰜋塘執經如娘𥙩孝爫貞𡏧芇朱濁特命意為𡗶群底固𣋚𫢩散霜頭𡉦援𩄲𡧲𡗶花殘麻吏添鮮𦝄殘麻吏欣𨑮𠄻𠸗固條之女麻𪟽客戈塘底𠾿哬払蕭𦖑払呐㐌歇條𠄩親時拱決蹺󰜋排歇𠳒坤𨤰𢴑𠳒𩠴頭娘仍𥐆𨱽咀嘆團圓席𨷑茹蘭花𤐝𦰟𤒘紅𢬥幅羅共𠑬交拜󰜋茹礼它󰖌礼堆它称堆洞房迢迭󱋓瑁冰傾緣買吟𠿯情𠸗仍自𨕭𦰟桃絲𨑮𠄻𢆥買悲𣇞󰑼低情緣意合散尼悲歡󰋇餒𣎀迡𦝄高更𣅘幅錦𢷀縚𤲂畑𤍊樣𦟐桃添春情人吏﨤情人花𠸗𧊉𡳵𨑮分鍾情娘浪分妾㐌忊固爫之女丐命補𠫾𢪀払義𡳵情𥱬朝𢚸噲𡭧唱隨𡮔枚𥢅𢚸㐌𢢆𡗋台共它𩈘惮眉𠫅庫𥋳仍如歐厭鑅外群算𨷑𩈘貝𠊛朱戈吏如仍𩘬𠊛些𢪏香𤲂坦𢯏花𡳜務窖󰑼𢷣𢟹排𠻀群情兜女󰑼讎帝催𠊛夭些醜貝𠊛夭𠑬時吏朋𨑮負𠑬󰘂茹油并𧗱𡢐時群㛪妬路求姉低𡨸貞群󰜋𡭧尼拯扲朱凭𡝖𨃐朱散群𡗉恩愛滇滇𫨩咦喡丐花殘麻𨔈払浪哏咘󰜋𠳒俸空𩵜渃𪀄𡗶呂𠑬㤕𠊛流落闭𥹰想誓説𥘀𢧚𤴬疸𡗉共𠑬生死㐌料﨤𠑬群少閉饒󰑼情澄春絲柳群撑𢪀浪渚脱塊鑅愛恩𦎛𤄯拯𡭧𡏧塵󰜋𠳒決罕𬮙份敬添悲𥹰底𣷭𤂨金󰑼𡗉鐄跢沛尋𦝄花埃𪟽吏合󰜋茹路󰑼𧜖襘買𫥨瑟琴𦖑𠳒𢯢襖掑簪叩頭𥛉謝高深𠦳重身殘𢭬濁𣾺𤄯󰑼𢘾君子恪𢚸𠊛些󰋇𠳒心腑𦛌𦓅相知󰟯意買󰑼相知𩅻𩂏𦅰纀少之𤾓𢆥名節拱為𣎀𫢩脱催𢬣吏扲𢬣強夭為󰞺強醝為情添𤓢架綏香瓶共𠑬吏祝𡃹瓊交歡情𠸗淶𣼽坤寒從容吏𠳨󰣴弹𣈗𠸗娘浪為󰋇塘絲惏𠊛朱旦悲𣇞買催咹𢟒時事㐌耒𢘝𢚸𠊛𡳵𠳐𠳒󰜋番泛弹迢迭𢬣仙𤌋沉高濕㗂絃𧵆賒𦖑𠳒𢯢襖掑簪叩頭𥛉謝高深𠦳重身殘𢭬濁𣾺𤄯󰑼𢘾君子恪𢚸𠊛些󰋇𠳒心腑𦛌𦓅相知󰟯意買󰑼相知𩅻𩂏𦅰纀少之𤾓𢆥名節拱為𣎀𫢩脱催𢬣吏扲𢬣強夭為󰞺強醝為情添𤓢架綏香瓶共𠑬吏祝𡃹瓊交歡情𠸗淶𣼽坤寒從容吏𠳨󰣴弹𣈗𠸗娘浪為󰋇塘絲惏𠊛朱旦悲𣇞買催咹𢟒時事㐌耒𢘝𢚸𠊛𡳵𠳐𠳒󰜋番泛弹迢迭𢬣仙𤌋沉高濕㗂絃𧵆賒曲兜潭廕陽和意󰑼蝴蝶𫨩󰑼莊生曲兜淹愛春情意魂蜀帝𫨩命杜鵑𤄯牢珠㳶溋娟蔭牢曷玉藍田買冬律𦖻𦖑捽𠄼宮㗂芇󰑼拯惱燶𠮿嗃払浪譜意𢬣芇𠸗牢愁慘𫢩牢𢝙圍傷𢝙𤳄在𢚸尼𫨩󰑼苦盡旦𣈗甘來娘浪為𡭧藝𨔈断腸㗂意害𠊛闭𥹰󰜋番知己𢜠𠑬綣𦀊自妬𧗱𡢐拱除傳𠻀渚𣴓𩯀絲𬷤皮嘅創𡗶皮𤎔東情𥢆払吏呐𠼾󰜋茹埃拱𨓐𣼰𠸦嘮朱𫨩淑女志高沛𠊛𣋽槾最桃如埃𠄩情院𤳰和𠄩拯𥪞𧜖襘拱外琴詩欺󱋓𨢇欺局棋欺䀡花𦬑欺除𦝄𨖲𠀧生㐌匪𨑮願緣堆侶拱󰑼緣伴𠍣𢖵𠳒立󰜋庵𩄲差𠊛親信逴柴𮗓緣旦坭㨂󰘂掑杄𦼔𠆳技額𦹵𨖲𠃅茹師它󰇼茦方賒𩄲𢒎鶴另別󰑼尋兜𥘀為𡭧義闭𥹰𨕭庵據𡨹香油𣋚𣈕󰜋茄福祿𠁟𠄩𠦳𢆥弋弋官階吝吝承家拯歇娘雲󰜋𣘃樛木󰜋𡑝桂槐風流富貴埃皮圍春󰜋󰘂底碑𬮙𠁀𡄎台閍事𤳄𡗶𡗶箕㐌扒爫𠊛固身扒風塵沛風塵朱清高買特份清高固兜偏為𠊛芇𫳘才𫳘命𣼭𤁓奇𠄩固才麻𢚁之才𫳘才連貝𫳘灾󰜋韻㐌𫼳𥙩業𠓨身拱𣫲責吝𡗶𧵆𡗶賒善根於在𢚸些𫳘心箕買朋𠀧𫳘才𠳒圭执抇容𨱽模𢝙拱特󰜋𠄽𪔠更,Nom
5_chinh-phu-ngam-khuc_no.txt,𨤧𡗶坦常欺𫗄𡏧客𦟐紅𡗉餒迍邅撑箕𠽉瀋層𨕭爲埃𨢟孕朱𢧚餒尼𪔠長城龍𫼲𩃳月𤌋甘泉𥊚䁾式𩄲,Nom
5_chinh-phu-ngam-khuc_no.txt,𠃩吝鎌宝𢶢𢬣𨤧𡗶坦常欺𫗄𡏧姅𡖵傳檄定𣈗出征,Nom
5_chinh-phu-ngam-khuc_no.txt,渃清平𠀧𤾓𢆥𡳵襖戎𢭂官武自低,Nom
5_chinh-phu-ngam-khuc_no.txt,使𡗶𣌋𠽖塘𩄲法公󰑼重念西詫芇塘𨀐󰖁𨉞㧅弓箭𩃳旗㗂𪔠賖又愁𨖲𦰟隘怨𫥨󰠮房払歲𥘷本𣳔豪傑摄筆硯蹺𭛣刀弓,Nom
5_chinh-phu-ngam-khuc_no.txt,城連矇進陛𧏵𡱩鎌㐌决󰝸容賊𡗶志爫󰜩𨤵𠦳䏧馭招泰山平度鴻毛,Nom
5_chinh-phu-ngam-khuc_no.txt,𪢆茄㧅幅戦袍㗂榑橋渭遁𠓨𫗄秋外頭梂渃𤄯如𤀓塘边梂𦹵木群𡽫迻払𢚸弋又𢞂,Nom
5_chinh-phu-ngam-khuc_no.txt,步坤平馭水坤平船渃𤄯沚𢚸煩庒𤂩𦹵撑𦹳胣𢖵空𫡻啂耒𢬣吏𢭂連𨀈跢𠬠𨀈吏援襖払,Nom
5_chinh-phu-ngam-khuc_no.txt,𢚸妾似𩃳𦝄蹺唯胣払賖󰗾𡎝𠦳𡽫撻󱋓餞𢱖龍泉,Nom
6_cu-tran-lac-dao-phu_no.txt,第一會命憹城市涅用山林怺業朗安閑體性姅挧耒自在身心貪愛源停庄群汝珠腰玉貴是非曢朗特油牐燕說鶯吟制搩碧隱筃籑人間固饒勜得意別桃紅処柳綠天下能某主知音月白暈青芁每祖禪河淶焔柳綿花岹屹群生慧日森林慮換骨約飛升丹神買服咅長生衛上界徃兔群耽冊易娂制腰性瞆腰欣珠寶經閒讀酉重峼耒重女黃金第二會別丕免特峼耒庄群法恪廛性瞆性買侯安裵念妄念停庄錯悉除人我時歯相實金剛停歇貪嗔買老峼牟圓覺淨土羅峼瑇瀝渚群疑坙典西方彌陀羅性瞆芁罵沛辱寻衛極樂察身心煉性識呵浪蒙果報舖誇倿戒行敵無常儍固詫求名半角吿蔞吿迀業凩庄嫌所縙枾運紙運檑身根固礙之顛白若㐱戞皮道德姅間痆貴姅天宮油能勉所仁義巴片瓦腰欣樓閣第三會裊麻谷罪乙乑空法學吏通纏性瞆罵落邪道,Nom
6_cu-tran-lac-dao-phu_no.txt,所命學朱沛正宗㐱孛羅峼舍諳坙隊機馬祖忘財對色乙寻朱沛退龐公盎資財性瞆庄貪呵為於歳鷂安子譤貪色念停庄轉路之憹庵棧筃東塵俗麻年福意強腰歇則山林庄谷禍箕實垰徒功願蒙親近明師果菩提蔑店麻佂,Nom
6_cu-tran-lac-dao-phu_no.txt,福及情期知識花優曇亖劫耽厠第四會信娂免谷蔑峼時耒每惑轉三毒買證三身断六根年除六賊寻唐換骨㐱舍能服藥煉丹坙法真空分之另櫀聲執色別真如信般若渚群寻佛祖西東證實相年無為儍辱坙經禪南北娂三藏教乙學隊禪苑清規嘥五分香庄損典栴檀詹蔔積仁義修道德埃処尼庄釋迦倿戒行断慳貪㐱實意羅弥勒第五會丕買処孛於宮茹庄沛寻賒因虧本年些寻孛,Nom
6_cu-tran-lac-dao-phu_no.txt,典谷処㐱孛羅些禪午朩句聮釀工圭何有經娂巴遍憹宜買國新羅瑇道義曠機關它突吝場經翓祖另是非稽声色櫀制排淡柳塘花德孛慈悲蒙饒劫願朱親近,Nom
6_cu-tran-lac-dao-phu_no.txt,恩堯曠垰律全身逋沒乑赦襖免绖潭蔭過務或針或雉琟共粥肁奴隊耉油白油叉垠八識裵八風強提強倍唩三玄箼三要蔑拮沒磨琴本少絃舍彈酉控無生曲笛庄固魯共泛制唱太平歌钖檜寻梗群可惜俱胝長老虧頭執俸乙堪宼演若達多律圈金剛呵炦侯通年艶訥蓬栗棘儍検沛綽像庒第六會實世唉舍無心自然合道停三業買瞆身心達蔑峼時通祖教認文解落來年禪客巴為証理知機勁葛沛訥僧坤窖嘆有漏嘆無漏保朱処硦律杓菱坙大乘坙小乘撪倘悉斅錢絲欕認別漏漏峼本庄櫀皮時節因緣搥朱域域性爯儍固染根塵喧鬧釺渚歇霚舍須佂番篤佂番煉祿庄群貪免特蔑時齋蔑時粥瀝戒峼搥戒相內外年菩薩莊嚴桰蜍主討蜍吒岃杜買丈夫忠孝參禪見伴涅身命買可回恩學道蜍柴扟昌沃渚通晫報第七會丕買処法孛重世煉買谷処無明歇菩提添瞆煩惱耒道德強蔢,Nom
6_cu-tran-lac-dao-phu_no.txt,娂倣峼經塁孛說易朱体酉學隊機祖詫禪空坤卒別尼穷根本瀉塵緣罵底某毫氂當炦我勝幢圓知見渚朱群禍宁工検厠帞覺悟嘥壞忛棱邪時訳倿劍知慧撅朱空性識課尼埄恩聖律憽吒蜍柴學道勉德瞿經裴兀倿戒吿齋感德慈悲底饒劫願朱親近隊恩救渡涅怺身時召縙荄義矣汝道庄涓香花供娂群年討凩浪信峼吏磊釺玉蜍共渚歇桰第八會徵意㐱舍須煉渚年絕學來意識渚執澄澄裵念妄罵群觸觸功名忙(-)意全羅仍打疑(-)福慧兼奴㐱買可年勜實谷鄧橋渡搥廛塔外莊嚴事相矣修刪喜捨軟慈悲內自在經峼恒讀煉峼乄孛㐱舍修蔑飭搥埋待葛見釺群吏沛饒番瀘淥娂經讀錄乄朱朋所体所処重孛修身用罵磊蔑絲蔑泘,Nom
6_cu-tran-lac-dao-phu_no.txt,穷尼言句㐱庄兮蔑丿櫀盧栗所機關罵群底爑唏突祿第九會丕朱処機關祖教雖恪饒塘庄隔某剛,Nom
6_cu-tran-lac-dao-phu_no.txt,㐱舍吶自罒馬祖乙乑涓課訳蕭皇功德全無性執癡強添磊廓然不識碒愚渕乙群肹生天竺折少林畕肁真筃熊耳身菩提峼明鏡牌剶炦壁行廊王老斬貓辣忛峼馭首坐柴胡摳匵擼娂智珥昆床悪盧陵欕末過於庄朱麻垰所石頭廏瀾歇則坤典撪當破灶拮棋踏笹酉煶神庙俱胝移阮用隊躡躡翁盎攨劍臨济鑲秘魔訳衲僧奴油自在獅子翁端橮柴佑譤檀越歛舍迎昂媫扇子拮竹篦驗几學機關珥(-)芻丸毬倿木杓伴禪和所木誇光船子耶掉匇籑渚朱羨洗道吾扄笏乾魔羕体怪光纅偃老訥乾坤些娂㐱戾氜蓊存昂世界勜体乙揚夛柏羅峼托歯訳沛方太白丙丁屬火吏呂罒磊向天罡茶趙老餅韶陽排禪子矣群肁渴鋫曹溪園少室眾衲僧仍底留荒,Nom
6_cu-tran-lac-dao-phu_no.txt,招勑檜乃厠嘫因芒買涅祿桃花宜曢竹默峃高禥第十會,Nom
6_cu-tran-lac-dao-phu_no.txt,象眾意谷蔑真空用隊根器固峼些旺執坤通呵機祖哰群所秘眾小乘谷処渚典垠寶所化城等上士證寶麻年埃技固山林城市倂荒棱瓊意羅尼逸士逍遙廛永庵清㐱實境道人逾戏馭高傘垰閻王儍計打迎昂閣玉樓釺獄卒少之勜腰貴,Nom
6_cu-tran-lac-dao-phu_no.txt,拯功名籠人我實意凡愚蔢道德移身心定年聖智眉昂每獨相雖羅娂乙凭饒,Nom
6_cu-tran-lac-dao-phu_no.txt,炦聖峼凡實隔忍萬萬千里偈云居塵樂道且隨緣饑則飧兮困則眠家中有宝休寻覓对鏡無心莫問禪,Nom
7_corpus-documents-chunomOrg_no.txt,埃喂傷𥙩饒穷台篤志𠬠𢚸徐埃𨕭頭畧㩫簮掑𥪝𠀧𨑮𦒹傳英攝固𨱽𫨩空台𦖑傳李公欺𢧚𡗶拱朝𢚸奇𠄩台𦖑傳秀才題𠸜𡭉鵲縁𡗶𦓡𢧚台𦖑傳秀淵𠫾𨔈麻吏﨤仙結願台𦖑傳張員𥙩𡥵丞相縁庄宋珍麻𥙩菊花沛𨖅使事交和𨑮冬台𦖑傳劉洪𥙩陳廣珥𫷜空庄台𦖑傳點知於渃齊於渃梁主韜不義堆塘扒𡥵補朱停買𠳒教訓丁丁傳尼女則家庭恨灰傳尼貞鼠摄制桃蘭挂蕙堆庄台𦖑傳度梅几忠𠊚佞固𡗶於𥪝傳翹計㐌属𢚸𢧚庄辰拱在𢚸媄吒台𦖑傳𧊉花𠬠花𠬠𧊉乙堆阮生傳意䀡制𠫾𫥨習學縁𡗶吹𢧚西楊傳意此䀡珠竜餒伴朱𢧚𠊛買台𡽫渃車𣾺中軍傳意仍𠳒𢖵箋花傳意𨔍𨓡局棋堆妸𦟐紅打制皇儲傳意天才詐形爫𡛔此𠳒端荘征婦傳意朱詳旗毛𨕭塘沚觀音傳意欺𫢩氏牟抌覩冤尼庒他潘陳傳意䀡戈几簮𠊚𦑗乙堆翁寧傳意此𥋳揲安𦊚𡎝麻𡗶𡊰功秦宮傳𦟐紅愊命㦖踏房麻𫥨九夫傳意䀡戈别包𣉹特室家如𠊚蓬萊傳意䀡制准仙𢝙趣結縁買命台𦖑傳花情𤊰縁秦晋矯命約𬇚玉𫅜群待價高女芇咹槾者桃𠇍埃有薊傳拱才謀謨麻𥙩特𠊚𡥵官春情傳𧘇論盘𣎀𦣰思想事娘𠬠𠄩芙蓉傳意𦘧撝沛𡥚阿秀𠊚不仁俸几晋𠊚秦芳花傳𧘇珠陳義初黄秀傳𧘇縁於﨤娘美女𡗶車𠬠茹勸孝傳𧘇䀡戈二十四孝英陀拱通四灵傳𧘇摄穷每𠊚每我相逢交歡𠸦朱堆我北南人縁定吏車爫𠬠边𠀧生朱院𨑮願﨤娘買吘根原事情𥪝𠀧𨑮𦒹傳仃仃﨤娘買吘事情𡢐監客於𨑗𠁀監𡅳客於𨕭𠁀咹制朱沛别𠳒𫏾𡢐停輕𧁷渚𢚁𢀭古初𠳒𠸠𧗱𡢐猪猪埃𢀭𠄩𣱆包空埃𧁷典𠀧𠁀𦓡𢗼箕如丐菓埃扜梗花埃曰别朱世芇𡶀箕埃撘𦓡高滝箕𣷭意埃陶𦓡溇渃潮埃埃洃干𨖲辰世干耒如空𥪝棱𣘃意埃槞𩈘𡗶埃𥙩爫篭金烏𡄎䀡造化机圖情算拱丕敖𨒣妥𠁀拯戈事在𡗶大生埃拱刼𠊛𦓡催吏漢傳䀡制㗂𠸦項羽英宜埃當力能舉鼎拔山身長八尺漢皇㐌吏䀡西代東征百戰百勝㐌𠃩𡗶埃咍垓下变移漢王一勝𨖲治位從容固進𠬠欺計制各麻推事𡗶於𠁀𠇍几𢚁裁爭坤爭窖埃埋特𡗉𠇍𠊚咹於别調塊渡輕㳥吶料滇滇窖台公人間呐𠬠外盘𦋦𠀧催催内𠃣拱皮太看㗂𦝄花麻悲𣉹計𧊉花埃䀡典傳計𦋦買詳特排事𧊉𤑟𤉜形時㗂𢀨埃𡗶泣各梗花𧊉帝聘排𩛂堆庒𠲖閣鳯臺𧡊花時典埃辰垠𧊉浪𢆥𠇍𣎃春咹制朱妥塵買吏低𠳨客𦟐桃群空咍㐌尼芇称斤他鄕﨤客故人𢚸支𪨀𢪀眞世芇閉𫢩永仍渴嗃悲𣉹情咳爫牢咳情計之𨖲托𬺗𡹞低别冲撑𤂬芇花浪計𥙩清台𢝙平會蓬萊㗂吨一冲渃上源𤂬群固㗂𥒥強之之𠹚唐边坡桃群待柳包𣉹朱冲拯𠽔𦋦𥒥𨔍𨓡𦋦芇别浪𢚸固𦖑於低仍𡶀穷溪眞䏾𥒥㗂蟡哙愁𠊚如閣鳯重少之卿相空侯每尼𠊚如𩄲𡧲𡗶碎如𤌋监制度芇𧊉浪唉客𦟐桃尼底搭𠓨朱埃天𡗶地坦雲𩄲雨𩄎風𩙋日𣈜夜𣎀巾衣襖裳袩刀刀斧鎌鎌堆一𠬠二𠄩八𠔭九𠃩十𨑮萬𨷈滑裴甘𤮾𤯆酸䣷苦辛𨐮心𢚸面𫖀手𢬣髮𩯀眉足蹎量量尺𡱩衡斤篙樔杖梞竿竿標標鷄𪃿鵝牛𤛠犬㹥貓猫羊羝木𣘃草𦹵𥯌梁麥𥟼𣘛池井汫橋橋榔橰煙茦芙灰洃催推低㐌别耒包𣉹少几𨕭𠁀才花埃喂買油𦓡強攄𡗋強𫅷失緣𨕭𡽫徐式修仙玄光修𫢋於边厨中間群景眞蹺𠾕女𡗋工夫埃他乎志立辰𢧚修縁秦晋安草花花浪呐𠶤崇拱曾㐌别𧵆賖每塘𠬠縁𤊰焒香朱停買几雪霜别共仍恩怨𢞂埃别朱𢚸尼諸魂梅迷水失催信螉𧊉吏書晋秦強𠹚強𠬠吝𨑮分牢拯𠬠分扒朱呐𦋦𤏣吏𢢆殊淹𦋦辰𢜝咮𢗼㗂沁拯傷兑仍絲𠃩曲如紆𧊉浪沛呐𡮈固如𣷭麻𨃝濃溇襖𥹰拯默拱艚花箕買特牟縁庒㐌迻緣細閣藤𪀄群想𩙌𥉫𦝄矧徐當干渃㯲樔待别包𣉹朱冲悴情㤕仍𪨅中牢娘於准林穷閉吟𢝙制𡶀花林客塵𠇍几别尼開塘翁窖訴詳麻些典貝娘結縁花浪别准林泉清台趣味塵緣恪𡗶撑𣱾𣱾𦝄冲俸干𩙌同同細尼幅幀埃窖撝㗂𦝄花窖𫃚𠊚如空摱芒丐㗂𦟐紅𢚁才𢚁色英雄約𬇚𡨸情想𢖵别包爫沖少惱渴滈𢚸塵𢖵埃群固欺寅𢖵情别𠇍分果𢣧紅買曾妬埃愁尼朱𦋦固𣎀𡎢䏾𦝄斜𣋀枚侯木㗂𪃿噲𤇊𤇊清吏添猿边𪟂吒丐女傾城仍㗂默名𨕭𠁀責縁𡲤吏恨𠁀㗂埃窖達仍𠳒𧊉螉滝渃沚堆𣳔别麻𨃝特𢚸朱當𧊉浪𧡊呐添強想𨉓麻吏𢖵傷旦𠊚紅顔易𠇍𨕭𡗶花𦹳曾課𠊚𨔈固辰仍調𦝄𩙌計之賖𥸷乙拱固欺吏𧵆玉珠𠸗結鄧春紅娘吀焒吝麻𢧚尾之堆𡦂情縁𢱖功香焒添煩𢚸𢪀牢朱院朱𧷺矯麻𢢆買渃𡽫牢停困𫢩㐌願貝情芇埃負義三生油麻,Nom
7_corpus-documents-chunomOrg_no.txt,決𢚸細景探花庒修固典廛𫅷爫之外秦晋狹之芇𢚸廣大慈悲芇船漁細准洞桃補功哏咘約閉花浪𩙌動霜𠖤,Nom
7_corpus-documents-chunomOrg_no.txt,几搭𧜖几冷㳥占吒丐刧𥙩𫯳終𠄼澄𨑮祸𫨩庒渚𣎃堆吝固拱空故𢶸咹𥸷𥸷吏孔扲朋爫漫漫空功㐌𠇮典准尼朱安俸埃窖吹𢧚餒尼𠸠别羕尼𠰚信螉使蝶吏添絆𢚸群打買拯冲辰𠓀傕停於丕衝寔𢝙固打特庄咳煩𧊉浪咳客婵娟㐌冲如這染之麻𨀈𠓨𥪝准園花庒𦹳拱𢲨梗制䀡浪默客𨕭𠁀底停芒㗂𦋦𠊚冬迻決如妸𢬣𫅷採𣋀轉特呐麻潘花浪䏾月漏漏俸埃律愁如空埃监吘事𢚸雪霜停冷𣼰𣎀冬尾之幅謹封𠸠初庒可朱衝默𠊚庒𦖑𦋦拱呢𠳒𡦂縁𢧚妬㗂唭在埃𧊉浪催渚甚𠳒人生𢼂於𨕭𠁀終詩云𠳨制群大𨔍𨓡𠬠低𠬠帝恪𢚸之庒才情特𠇍妸姮女芇底客𦝄待徐賊殷𨑮萬没𣘃棍𠰚情𢧚沛尽辞𠀧𢆫𠦳𠸗没聖𡥵秦低晋帝包𣉹朱𢧚悲𣉹滝浪渃安巢箕㐌𨔾朱船𨖅渚功業標蓮頭馭戾欺声氣弭恒孝忠𤋵𤏣𬌓𢚸𣜱𦝄箕缺怒埃扛朱𦋦𫥨𢬣解救朱𥠭腰𣘃𢧚沛花底㗂𥹰𨱽貝渃𡽫固固空空芇赦𠸥為情𢧚沛𠓨𦋦買情𠊚𠸗群買渃𡽫群𠸗𫢩仍𠎬奇人功名事業𨑮分恪𠊚立碑立𣄒𠁀潮𨖲㳥渃竜冷英雄𨢟𢸞𢧚时世咍花𦹳嗷𠯪𦲿撑夷夷渃些固傳奇台𠦳𢆥碑𥒥鑿𥱬奇人奇事低包𠁀仍𠳒𦝄𩙌折之燕𠳒誓群妬停停油埃单泊虎𨕭堆花浪催吏𤑟𤉜㗂窖訴𨕭梗固花㐌修固𢪀之賖牢麻㗂𦝄花此情永𦖑边梗𥉫𫥨柳㐌萌拂坡坤儀貞静柔媚道弹婆於皮順𠳐分明四德𠰺浪買三從意𠸗曾撩𦎛涅停燶艿倍傍㐌和平吏妙揚買咍𧡊調沛意爫𬆄别勾磊𤵺之低𢬭連靜時噒嚕勤拳動時𢖮沛𡨺禮儀眜箕𬆄𥊢𪿄𠫾䏾尼淹朗𢪀之調𠳹呐停嗹㖫寛台𠳒意沛庒勾尼調𠊛空沛黙尸調𨉟空沛𠹾𣦍𠫾𦓡𫳵𢧚𩢬𠲝𠊛些𫳵𢧚謟佞讒坡傳𠁀𤵺𠊛𩂏𩂠每坤𨉟𢭳停𤇨𫥨外從之唭𠹳容𨱽𡗉𠳒𡗋傳羅𠊛空咍催停𡀍𠯽埃低催停㴜呐𠾦𦓡乾停曠闕舒閒㐌爫朱吏朱精荼漿坤窖唁𫅜具纖𨉟監差學藝𦄅習藝𦁼欺邱襖𣅶𫢼𢬭裙女工𣌋專勤准閨門𢖮固分榮綘停𣜱粉點粧形神質樸容光完全𬙾咦丐紅顔爫朱𡥵眜世間痗𡗉容儀嚴𤾓朝焒香窖𨤧情期䀡厨清永空師修行於低岌𡹞客情固𬺗船情尼空咍群想𢖵𡽫蓬樁嘹竹化紅清台咍㐌願固尼船只待徐𠊚情鍾花浪芇固𨔍𨓡𢪀浪𢚸㐌别𢚸辰催埃𪫢吏庒信𠳒塵𠇍几别𠊚知音固縁如果味空縁如𦑃花涞𡧲塘意浪埃拱㗂鍾渚誇才色捤摓爫之𧊉浪惵意順情唒肝鉄𥒥拱停朱衝𢧚空決罕停空事𠇮麻吏柁𢚸𠳨埃花浪坦𢌌𡗶高風情固少之尼風情㐌浪牢固修行牢麻𠹾庫芒經旦厨悴情仍丐蜉𠄼更刻快𣎀秋吏𠫅𧊉浪呐吏朱悲𣉹𢚸㐌别𢚸固如𣅶𨔍𢚸渚悁吝戈䏾桂㙴𢪀𠇮想客鍾𠊛知音惜台花沛葛淋𥋸𦎛司馬麻𠰃埃喂愁辰埃强爫塘咹黙𠤆𡮍奢華𢚸尼空想怒箕时停木漠圭世麻矯欺月𠸍花唭拯咍花浪悁㗂渃尼事情𠬠帝𠬠低之𥉫𠊛𥪝揊樸女才價意當辰成包債𠊚宮禁楼高祸𤊰待㤕芇女催於𢖮沛蹺吒居光㐌𠇍𨑗𠁀唒花𥉫𧡊拱派牟紅群庒客於𡽫𤂧典欺嫁半時些蹺𫯳顔色形容澄𠸠朋縁分龍冬鳳凰牢塊細𣘃𥟊垌𧊉浪𨖲𠳨宮𦝄固欺拱摱赤绳車緣蹺𡥵朱凭𬌓𢚸坚貞𠳒凣𠳨寔客仙奉蜍𠄩布媄𨉟圭𠸜根原世芇欺𣋚欺𣌋𠰘𫅜𠰘唁𣘃徐㭲渃徐源㤙餒義𠰺𫢩群𢖵空㐌朝𠰘吏朝𢚸𢝙咍𩈘意和窮㗂箕𤯩時腰敬每皮𣩂時傷㤕𠤆兮悁恩奉蜍媄𤴪周諄當干平地波濤拱𥋳如𠎬慈親生𨉟𠫾麻吏尋𠓨旦低催停想𩙌𥉫𩄲姉㛪𡨸情順和𨤰沛争伶咍兜絲秦𥿗晋產低朱耒花浪呐拯料𠳒縁𠊚吏固縁𡗶㵋𢧚仕𪨀初𣅶𧴤𠸜准空辰准願庒衝𣅶於默䋥𪀄鴻埃咍必宰别𥪝机𡗶𦎛塵𥙩帝麻𥋸料牢朱沛𨑗𠁀買饒𧊉浪𦋦之𥹰催停迡𫏾邀𡢐女情節皮蓮𦬶桃絲𩙌春海香迻𠃣𡗉題詩吏𢪀𤾓朝𧡊𡗶坦吏勉腰每塘𠊛䑓閣几衡𠊛精武略几詳文韜𠊛耕牧几漁樵𠊛醝道几腰才情如富濁与貧清庒戈造物磋情性朱唭台事柴修𪩪經最偈爫愚䐘𠁀厨初𦖑固尼庒松林拱窒潙清光𨕭上殿𠁑行廊各座𦬑觥墻花浰椿嘹竹化隊尼𫔳慈易遣胣𠊛絲紅女牢塊㗂決𢚸𣘈鉄底名𥪝𠁀香皮外𥋷𥉫㐌𧡊𠊛情鍾月花堆𡨸憹庒符𧆄㐌迷𢚸杏春花浪𣷭愛源恩計牢朱掣餒塘𨤮賖庒生拱㗂𬁖沙庒𦹳拱世花㭌艚㐌算用斫𪽋侯双離菓𣷭溇坤𨃝固埃别餒尼朱𠬠𨉓強𢪀強𢗼添強責埃牢拯料塘𬁖才低曲江狹回芇𣷭𢌌滝𨱽少之竜鳳約願隻船杜𣷷容营徐朱特客鍾情𨀈𫥨𧊉浪此𡑰花戈𨔈風景䀡𫥨世芇吨低固客媽桃朱𢧚𠇍沛尋𠓨典低悲𣉹鵉鳳逞排桃東㦖𠳨柳西𠳒𢪀牢唉客章臺些𫢩仍几𠊚才名爫𢧚功業齊𡗶史撑群劄𠰘𠁀群碑𣇫𠸗固没聖兒𠸜𪜀𣱆𪜀空女才聘𠇍朱生如𩙌如𢪀牢朱院𤾓塘拯涅𥒥派鐄麻催𢪀浪𢝙丕麻𨔈㐌𨔈固少之尼有情埃喂渚倍誇𠇮春群𡗋几才名𨔍𠁀英㛪義𨱽空調執責固勾和諧呐爫𢗖磊𢫝𨱽𢚸𥪝𢧚忍𩈘外媄吒腰恄空斤停誇𢚁𠤆分皮麻擬𥪝𧖱𧗅𦛌𫅷丕䀡錢𧵑𪽣如空勤時𫽄旦餒窮𢧚𤯺能世停𢫝制儉時𫽄旦餒𬥣英㛪喂英㛪喂𢧚秦便世停消荒咦搓運局世景厨殿怒停𠫾𢬱機𡗶童骨意停迷麻𣈙𤇮停底㴜空咍𢪀朱歇粓淶𥺊擺抇𣦍倍傍坤買咹𠊛㳥𧡟爭来𣼽環球𠊚闷怒𡛔𤳇𡎥𠤆鐘床迻咦抵帝𫽄常𢭂𢬣𨉟麻拱讓𠊛敬皮歲作腰類疎癡塘交涉𫼳𨕭大陸㗂湖仍渃群潙花蓮㐌沛葛淋槾桃妬沛渃妬群𢧚價買𤾓澄花𦖑咳𡂱如愁𥢆吏底朝𦝄𥙩𢚸催催𢪀吏朱穷景情兑典𪀄篭買之𦑃花桃㗂𧵆賖𧘇覩𠓨朱埃否戈催𨅸吏𡎢汫台於𫏾前堂脉𣻆琥珀渃羕水晶𢪀𣳮瀝塵情𨆝凡牢俸趂觥景纒花唭月哏亇沉㕍沙𨕭明蕩外軒占包魂梅𥊚𥇀朝清新那𧊉浪倍鐄催停𥙩每塘庒𢧚𢖵之欣女𢖵縁𪩪供果𤼸花隊𣈗𠦳鐄渚易覩𡊰𢚸固香䏾𦝄𧷺師占俸鄭念西滝銀渚北衝梂意醝味道机禅𦛌蟳𠃩曲𤋵油如汙強𦖑猿唿強愁魂枚魄桂矧疎聀鐄𧊉㕸挨𨕭摱𠳨𦝄𫅷縁初固世尼箕朱蒂陳低仍𠊛為埃禁𩙌垠滝爫朱牛女𡗶蒙𨖅求欺彈六句傳初味蘭桂称渚朱𥙩𨑮情𦋦𥆾冰傾𫢩待枚尋計功别𠇍𠦳功責埃拯院𡨸從筭𦖑英燕負𢚸故人為堆𡨸朱陳當干滝渃沙朱𢧚晋埕秦𣼽𢶢樔吏妬庒戈為情厨芇𫢋拯䧏生花𦹳埃拯梗麻𨔈呐𦋦芒㗂𡗋𠳒淹𦋦辰𢚸𠊚世𫢩咹槾者桃於𠁀忠厚買咍斗摸斤半堆𢬣公平𠓀牢𡨺𢚸誠勾謹𢯢𨉟那停𧵆仍几佞些停信𠳒呐讒坡麻𪬃貪之丐利𡮈尼求之丐㗂𠸦咍買𠁀恨𢜠仕謹吣唏恄腰停固如偏𢚸㤕傷屡蜆弹虫𢜝𡗶𫳵𪾋負穷𫗃湄停用絏𡨸仍詞箕𠸜䝨聖包𣇞监輕蜍先祖沛精誠待𠊛侯下固情寛容𠫾𣎀𥙩𤒘麻𢫝𧵑时黙𧵑𨉟空料𨉟𢚸淹朗氣和平恕𠊛麻拱責𨉟買衝𣃣𣈜佻𧺀皮外媒縁𥪝品平家風沛認朱伶吏䀡性與𫅜爫𫳵媄吒順奇𤾓朝信𠫾信吏别包工呈丕唉客春撑我沛呐底情尼咍爫之杏麻㳥花枚牟芇滝𦒹頭責埃牢庒𤏣𢚸筭此英䧺特庒撑牢拱𧗱棱妬埃禁𩙌停容𣘃底些覩愁朱衝箕群别𩄲唒牢瑟拱攄琴花浪咳客知音固者情深買閉𫢩信𢭮書迻爫之朱雁别𢚸彈箕𣅶𦝄沖吟詩白雪打宮春情圣他圣如生爫之煩底情矧詩當干𢭸幅萌疎花𦹳嗷𠯪𩙌迻冷𨓡船埃箕待边滝固𢚸渚客咍空咳船𧊉箕𨔍渚悁𢚸群㦖𠳨根原𠇍𠳒船渚客賖𨔈空仍船固棟尼𣷷尼花箕群别𤊰𣘃嬋娟牢塊細𢬣英豪箕染渃扶桃㐌磋𢧚𡶀别包𣉹𡦂情吏平𡽫春群情群𢝙台趣味清閒人生典世欣戾之𠦳春義瀋情𥱬沛如咹於時咳埃花浪催拱别𠊚爫之女世唭𠊚吱雪霜𢢆几𠫾𧗱箕滝怒𡶀𠳒誓渚悁𧊉浪碑鑿群𠸜埃麻負泊付𨕭紅悲𣉹𢚸㐌别弄工𡗶拱𡊰功𠊚呐臭呐虎賖吹䀡𥪝賦意覩𠳒冬迻𡄎徐課怒典𣉹𠇍𠳒句𠸠拯差朱𢧚固達𠇍𠳒唒𠸦拱默唒唭庒牢𠊚芇種性𠊚芇意埃意𧘇攄牢朱皮句𠰘𩵜坤皮達麻𠳒沛𢜝埃吱唭傳尼劄事𠁀典欺從且䀡制之𥠭𢺹色鐄工役𨇜藝學藝𦓿藝藝𠏲蜜𠃣𧋆𡗉𢪀𠊚些堂𦋦飭𢵋爭橘爫柑𠹾在几化悲𣉹必左琴𢝙調瑟迢逸𦀊鸞鐘鳳乍刼尼縁𠄩𡢻㐌排刼𠸗𦝄𫅷結𥿗車𢇁監昂𠑕𩈘麻疎切𢚸𣌋蜍布媄𫯳念朝尚䀡穷家親拱停債命夫君払如𨅸大賓買羅姉㛪妯處朱和罕灰買住漫麻穷姑娘侯尼沛傷朱𡥵𫯳箕𠤆𠫅紆恄悭払麻虚𤵺恍忏几闷箕空埃𥠭𬂙妬拱别𠊚𠀧𠎬𧵑𠀧𩔗坤拱𡗉𤵺拱𡗋色𤽸色𧹦色𡥵𤤰𤤰唒𡥵主主腰埃拱𥢆䏾𢪀𧵑英英𫼳𧵑娘娘捇𡎢空𧯶𠹾底𢬣乖窖坦補荒𧵑産𫼳𤼸𣘃𧹦群算陶歇㭲埋台𡗶𨇒干迷秩醒𨢇唁尼㐌戈味𤯩𣩂疾吀𭈷曾𣅶𠹚勸仍吝払麻敗理傷輪𨉟居處𨑮分順和美苗停頷𨉟些傷腰停𢚁買𫥨𠊛特𢀭𢀨𠤆輕𠁀固才𫳵監𢚁才世油払病患仍傷払𬥣𩛜沛於朱論𠁀払麻𢤞恨𬨨𠳒催停辯餒沛庒𡬶勾𠹚𠳿料排呐能催停𠸥𠲥㖫𠀧𨑮萝𣋚𠄻𠯻𠯻𫗃抱喑喑𩆐仍𣎀𣋚意鐘床㐌欺咇湥渃桃群𭞾諍塊災殃特䏾𢪀役爫買𢩮精神仃盧如翁祠𠓨朝焒情拉吏𠤆朝世之群月怒花箕𢜝塘生𦬑固欺𧁷𢚸咹常停𬨨𩛂𢚸默常停底𫗃東律𠓨𢬣箕停固𢱎高蹎箕停固𧼋料𨀈𣭻䏾停息恨兜兜𠰘停呐傳𠰁饒輕𠊛㗂滛停底𠓨𦖻色奸邪停𢙇眜𥉫𫼳胎麻𫽄乾𢫝生𡥵𠓇率𢖮空愚𪬡花箕𧵆𦬑畑收𣦍𢩣𥪰怯連𠶛欺冽𡨺欺燶㐌𩂏欺𩙌吏防欺霜𫳵𢧚恨𢤡每塘𠶖常𠶛𠶖咹常𠶛咹欺𫏾恪悲𣉹吏恪𢬭咹默仃之𨇒腐如禮生𠅎𥄭部𢞂唭庒柴牢𠋥爫𢧚箕高等箕階事學行䏾噒牢朱創固錢摸仙拱特芇中州芇邊省半奔𤾓塘渚𪿒賖吹𠏲𦁼咹緆𠏲𤳰咹糊𬁖朋𠊚䏾信𣦍利欣𧵑抇瀋之圖攝𠫾覺懺瓢𠫾句懺櫓况之學芸制圖爫沛𨇜𢬣空渚𢩽𤍊𨑮𨑮呐傳生涯爫𨕭沛𫯳咹炙咹腩几罪之空費破䀡𥪝團体𣇜買骨沛朱終䏾翁呐𪃿呐𪆧之辰沛抵来涯固坤辰朱饒渚𢪀浪些呐𠲝𦓡逴魔𡳵魔買沛朱論仃制仍几虚荒𦓡𤞼𫅜化𤞼卒咹菓𢖵几𥠭𣘃𠇍𠦳𢆥德舜恩忙𥘀𨕭𦠘報答牢朱𥾽特願固勃買糊𠀧萬卷棱歐𣷭愛印溇𥪝文明耒買𦋦才道知交骨沛𠊛𧵆墨辰𧵆畑辰創塘居處牢朱别𡓃於瓢辰𧷺於甕辰𨱽𡛔固𫯳如𧏵固圍𤾓𢆥院道唱隨案玉昂沛常埃庒𢘝𡥵固吒如茹抓楃墨針塘孝養𨤔班觥𨃴𢚸𨕭𥉫拱添𢝙渚𧡊㳥𦓡我𢬣𢴿𪾋𡅳埃别𢪀别𢥈𨅸吏凭蹎辰罕特當𠫾光𨀈𫏈塘葚箕仍几𤳰坤𤳰窖爫𢙲𨀈𢜝空耒𩛜朱𮖤朱𦹳𧯶如埃渃濁脿𪂮庒𢪀𡥵丐𨉓𥘀𢬣鉊鈽𡃊台汫𤇮固神咹固啀如固𢪀群𥪝𠤆𧵆堆生𡥵𫥨悶𢧚𠊛㐌功餒𩟻吏𠳒勸𡂰停刼襖𠤆𠫅𧜖渚算事𡗶扒鴶扱欺辰運勢𨖲𩈘巾停朱𠮾意穷咹𦟐尼𡮈疎徐𣇫𢧚𠄩𠸒朱信寔矯差性常𨀈功名𢝙𡗋拱𢗼𡗉𠰺𡥵禮義讓道爫𠊛意𤍊詳講明𤳇时芸業習情𡛔时針𥙩𨉟朱衝𥪝𨉞聀㐌欣埃眈𦰟椥餒𡥵麻抵制空仃窖洫之藝劍𩵜𫽄外茶𨢇时𥪝棋排塘名利荣箕𦓡辱妬筓冠𣃣旦歲尼㐌欺挸壻吏𣈜掄妯固辰恾𥙩㗂𢱖𢬣𥪝被停迷𧵑𠤆尚𢀭窖迷瞞之事咹𥸷停貪准貴𠤆求𢀨惨典埃拍𦲿尋溇持𢚸坦𠅎𢚸𢪀牢朱沛𫨩之事諌𥑥𦋦𦟐𫃚古猫撩古㹥典勢辰催撑𣠶𢚸庒𢪀之袄主粓𤤰於厨炪厨計理之徒節春夜天清雲静准旅庭聀醒更𣌉𦖻𦖑咏𦊛皮𦎛娥𤊨𤋵掑桂蘭𧡊𦝄脱動𢚸鐄吟句問月度昂𠇍𠳒𠳨姨月𠇍𡢐縁故𪱊𦓡特清台月浪物𢬭𣋀移𦎛尼𡗶底朱𠊚終爫朱痗𤻻英𠦳秋霜雪𢚸清光𠳨姨月固塘𨕭細准宮别𠇍𨑮賖月浪些吏𠇍些固𣘃丹桂𧘇𪜀姉㛪英𨀈細度䀡箕𦎛玉兔怒簾水晶𠳨姨月固情庒些渚年花倣㐌羕包月浪要柳疎桃強𨖲強𤏣強高強𧷺𬌓𦎛𤊨拯𤷱包饒星斗𡥵丐茹𠳨姨月姮娥𠇍𢆫拠𣈜𠄻𦤾最辰𫥨月些吏别些冥冥長夜埃吏别埃丕𢧚𩈘擂𠁀别尼岩險别𠊛邪奸𧡊月呐𢚸強𢞅月婿时掄几賢良妯时𡬶几端𣐱蒓道齊家於正身𧵑朱𡥵沛均分買和爫身𡥵𡛔弹婆𡨺調貞節𢖮榮肝如鉄胣如鐄𢚸常如柏𦛌常如樁欺𡢐欺𢚸欺常欺變拱空恪壽耆福祿顯荣尼尼𡗶坦傷腰别𢚸些固月咍庒𨀈𨕭朱𦤾宮𦝄結縁朱特娥姮買他𦝄𠇍吏些别饒只固更𠀧點從月拱㦖嚈𢚸吏𠳨𡓃塵間𡓃爫局𠁀䀡似占包公侯卿相噋哰𥪝𨦩挣𠑬為𡭲唏銅𫽅𠑬為𠰘鼎鍾𧵑𡗶月吏𠳨𦤾𠊚君子𣇜雲雷堆𡨸經綸些𠺘㐌固聖神𫥨𢬣撥乱𢧚身致平群坊逐利貪名拯戈如傳螟蛉虶𤑟𤉜𢬣𢯏桂長安些𩵜渃𪀄岸𠁀芇拯鳳凰鯨鯢些𠳨月𢠐𢠐月𠳨些疎矧矧疎䒹花𩙌拂披休休𩙌𠺙香迻嗷更強演月強高月些些月别包饒情𠇍句吟准旅庭固埃别月别𨉓咍庒月吏𠳨棱儒𠇍仉鬼神扶䕶别包調𫅜𠊛貞順名𠁀本𠊚𣄒北寧𫢩廊扶董縣僊遊媄吒固㗂茄𢀭富堪敵國𥚯歐𠇍𠊚只嫌没餒咴𧵆𠄼𨑮𣠖𠊚承家求低拜妬𧵆賖爫緣爫福𠸥陀包尼𢆧𫳵𡗶拯負𠊚𣄒𫅜吏享福𡗶空差没𣋚𩅹𩆐㘇𡗶𡑰固𨃴蹎𠊚窒𡚢老婆此𥙩蹎搊𢜠脱報𣘃枯木懷胎欣没𢆥𡗶𪀄𬊽羕㕸𦤾回𦬑𫥨富翁没聀南柯𥊚𥇀𠫾細没座天宮楼抬𠄼式𩄲封𧏵朝陛玉香籠座蓮百官朝服𠄩边没𠊚占占𨕭凱鐄𠳨𫥨買玉皇𫆍𦖻𦖑特𤑟𤉜的,Nom
7_corpus-documents-chunomOrg_no.txt,玉皇召没將𨖲𨉓高𠀧丈𩈘黰𢬣𨱽𢖵𠸗双鳳奇縁跡𠁀漢代留傳呐𥹰原𠊚圭於越州結堆陶氏晋秦縁空𤳇𮈟後承前𡗶朱生特𠬠䝨美娘㛼𫯳𢜠𫺙妖傷噠𠸜皓月王祥昭君歲皮𠄩糁青春䀡𫥨鴈落沈埃當女工竒𤾓唐聪明性質諳祥書詩媄吒貴化妖為玉𫅜徐聘期丈夫𦝄﨤𣅶务秋𢝙𨔈賞月跡留明皇昭君膝下承歓告辞娘皮算阻鞋瞇𣊍職桂魂梅夢中丿𧡊聘𬛕漢皇占包當𣅶更残龍顔空易麻假真定心夢源干推𠫾𢪀吏舌欣論盤𢝙𢚸𠰘𠳨圭貫紅顔𤍊排双親群𠅎呐𣦍㐌尼結𩯀𫨩𠫅房空娘浪監禀主公桃疎柳要待𥉫英䧺越州父母於拱王祥号妾昭君𠸜尼漢皇𦖑奏𢜠台西宮聀意封𣦍朱娘昭君夜欣歓叩頭百拜圣皇吀𫺓朱會合朝中越州連召𧗱窮配縁𡽫滝匪𠳒願漢王㐌省别恬占包𢯢𨖅衣臨朝喭台麻唒台形容範破真𢬣似浪稽糝𦧘碎音我𦋦拁𢬣𢫕連𢭮憲官浪渚諠傳悲唉𪹷抵些仕用箕𪀄怒蒲𪇌𤞨昆固課𨔈拱𤞻星固番拱𢢂固𠳒拱傷乙拱固意情庒空埃敢𢫣停謨制惜台𠊚吏𢵋𠊛,Nom
7_corpus-documents-chunomOrg_no.txt,𥒥尼計𥒥非常眜𥒥肝佞臣欺𧘇滇仍英𡨺役共專候仍都饒促使曽平几浪𦋦扒几浪𫙂制𦠆埃庄固圭吒坦祖拮固始終几罕灰姉𠯅嚛知呼㐌精吏諳憲官浪渚喑唉朱㛪妸仕𥈶性情油沛眾奸油沛眾奸体些動樣乙情眼如女欺粓迻牢群於帝闭徐庒𦋦計朱实几肝𧘇君子拱丈夫咍使淑𫔮𨒣别清貴謨仙吏媒𤇮急𥙩添粓女吏牢楼扽粓買啂昆侯迻添昆侯㖫𠻴𢫕𨖲𠇮猉肝𧑂典㙴停真玉清𠰷淚分㖫仍胣怒秦箕翁阮瓊於廊安域縂慈光欺𨖲𦉱𨖲𠔭𢆫𥙩𦲿桎爫旗𦲿蓮爫㳥麻吏固性輕𠊛𠬠𣋚𫡉最中秋穷𡥵制𦝄翁意保𠎪爫轎逴辰些迻眾悲𠫾䀡𠊛頭𡚢朋丐蒲𠎪𦖑𠳒調痗𤻻奇翁瓊保眾悲強𢪀𠬠祝耒騷迻𠫾䀡耒迻𠎪𠓨丐茹最保奇低仍侈𡭬𬨨空𪾋䀡只侈𢀲於吏𦓡僱箕眾悲𥊛𠓨壁𦓡䀡翁𡚢頭㐌𫥨帝𠎪如洛𥊛只𧡊俸瓊於壁頭𡚢如丐蒲寔𠎪别翁意𩢬生𡎢𢫔拱稽肝時貞時猪粓耒從且闭徐𡥵侯别意𧗱踈每𠳒踈浪𨔍𠁀盆情喭呐仍𠊚凌仍假噲油扲朋抯朱散丐䋲界山𧵑窖揚粓碎𢫕𫴋産床連唻憲官浪拱唭𨖲些𠳨𠳒麻𥋳昆侯𠳐𠰺罕咴侯差蚤𫴋麻隊𤽗𨖲𠳐㖡𢧚娘皮𧿨𨃴払連蹺真払自蹺妸𦋦𡑝襖裙𡲫蘇𫽄𠲖厲𫽄𢢆𭉝𨆝頭爫礼肝𠇮阻𫥨扒琼爫逴者辰翁意嗃𠽍𨖲翁布想𠎪打扲檑𠓨𠎪𧼌吏𠬠𣋚茹固魯爫𬚸𤞼𠶆客冬𡗋憲官袩体生𫽄吱悲拱𫽄𢫞易之姅信姅吏胡信𧗱士幸𧗱焒油𫽄瀝𫽄𦹳乙㗂於行粓㐌温買傳仍几下门𦋦外朱静矯屯𠰺庒隊生生𨀈𨖲𧵆𨍦憲買噲𧵆朱𫨩浪𤽗𠳒寔沛排因牢麻敢典低之払生𢬣歛𨆝跪𩈘時𬂙𠰘時𢭮戈莅仁平陸圭阮達碎阮生㛪志立功名尋柴北道移𠇮方南𢧚身𣌋𢼂朱甘活䝉刻庒貪𠦳鐄榾爫庒𢧚棱沛饒朱𢧚卒𦳦咹果芇樔果意𠄩升拱𠓨斗係别併𢜝之干縱咹𩛷𣋚𩛷枚𨇒用才㐌𠬕歇虚箕仍英𫨩詩𫨩賦𫨩經義𫨩策文𡳪塘進化尋𦋦寔効箕仍几芇𢃱芇芇巴芇烏𠇍卒梄覩拱在𨉟群責之埃托𤯩醝𦎛俗箕陀招押𫖀椥𫅷𣒣木吝欣𠓀群懞於吏𢣇尋方學窖鐘自由㐌打𦖻𢪀朱賖事拱𢞂唭固恪之虶餒𡥵蝒𨅸渚任飭𨉓群沛渚倍浪特𧎝𥒥翁㺔飭意䀡𫥨仃固強包𣉹亙𫨩猫𡮈扒𤝞𡥵𠇍几𠮾唁渚凭錢寔𧵑假事箕𪹾技麻差𢀭爫狹爫单機羕芇料怛𢵋几沛日𩂏湄疎𩂏風陳會意𦋦𢬣搓當爫渚如埃𧯶𠰘徐呼固摡固𥉫固槞固咹𦋦飭𢲲𪤍興旺庫之磋凭𡒯推買别𢬣𫨩𧆄学咹学呐学学蹎𣭻𨀈𣷭沉淪牢拱沕戈潙𧡊埃𦓡𣦍寔買𢧚𠫾𫥨𠳨𫅷𧗱茹𠳨𪨅𢪀𨉓固幽迷之庒别𠰘唁𢖵𥹰条𤴬𢖵𠁀回天𧯶祝衝𣦍䏾𢪀朱溇仃老如𥺊買粓𢜝欺涅八𢚸埃國唒𤾓𢆥𥱬妬𢬣扲朱凭冷爭如荇空㙁渚咹埃吀仃楊眜𥉫𩜙𡗋空埃㨂厨風會意渃𡽫尼埃拱算朱歇飭催仃𫅷𠵘呐𨑮㺔空特鉢渃套志氣工朱質振特如唎局炎邦雖𣷭𡗋番東固𩄲西固扶持﨤𣅶𦋦拱鴻洛拱英㛪𠬠户戈低袩体軒堂英㛪仍約𢀭𢀨如侯姑碎制於園𨍦𠸍𠀧㗂切𤴬𤾓皮𤯩於廊𨖅於渃𠇍句哏咘埃從且𢪀𦓡𥋳真𨅸吏碎𠵌姑浪未神群賖量困碎𢪀庒𦋦衝先决噲查牟姑碎𦝄𣷭強溇𫽄浪㗂㐌輸𠀧𣈜埃𧡊瓊𠊛悟拱固𢚸腰𦓡撟𫏾𨍦𠳒实𤋵排他朱時塊扒𣈙沛𠳐憲官别䝨人𦋦踈朗月拠韻浪𠰺𠊛研筆𥙩朱生𡎢怯料𠰷𠇮吏隊噲玉清𦋦体格袩情沛庒玉清諫踈浪律㐌罪平吐山憲官皮噲皮㐌欺咶喯吏干杜停百官品腹條朝𤤰判拱官夢欣輸𠳒浪泣具𡗶生𨍦庒恪事情庒差别𫨩浪几英才啂生吏踈排袩朱踈浪灰忽皮欺𤇮爐𬂙𦋦落体月陀𤏣准宮𩄲𫄑准𤇦𤎜域隊泣袩耒料𠰷憲官浪特𡗶朱壻䝨天縁窖定姻縁油庒權暫權㐌餘講朱生别尽辝乙木推如神位催推庒爫之係君子詫之小人些袩𥪝會竜雲乙𤽗拱固分門绵𢜝之𠳒世吱𢜝之𠳒世吱於低些仕料鍊習朱生浪資質𢧚𢌌𠰷𣷭愛德𠰷𡽫鐄固𠬠翁秀𠸜吉𧼋旦豹𦖻瓊𦓡保浪騷𫥨朱𠬠勾対𢓽対特辰騷他句対浪𤞼艮咹粓巽瓊対𣦍浪㹥坤𠤆哏乾翁秀吏𫥨勾女浪𡗶生翁秀吉瓊吏対應口浪坦丐蜅凶翁𤏧灯衝保浪縣弘化省清化杜人𧗱𠁀景興茹後黎制㐌固氣象几奇底蚤𠫾針焒𤐝朱䀡翁𡚢頭翁秀沛丐𡀀截秩旦𡢐官司天䀡天文𧡊𧗱地分省清固𠬠𡾵𬁖𠓇聀浪省意固𠊛才仍空别於𧗱廊芇𠓨奏𤤰𤤰交廷臣𪹾固𠬠員奏浪吀交朱省臣清化飭朱𤁘轄每廊沛進𠬠昆羝特𦍺限𠬠𣎃空特辰治罪丸飭𧗱各廊計辝包𧘇女算准𠲝時𢧚几爫高𠵌時𠰘卋噋嗃坤寒𠳐𠳒𨍦仕𡬶郎悲𣉹嗔強𨖲塘深裊麻於丕爫清𢀭𢀨渚体𢫞㐌例憲官浪渚世時仃𠰷生唉劄𥱬𠇍𠳒底義沛扒𠊛吟珪皮意昔為迻信𠵌𠳒生筆研幅雲箋𠳚𧗱小童𠳐𠰺𦋦𠫾各耆𢜝𦓡翁親生𫥨瓊吏強𢜝欣𠇮兄次𥪝廊求塊富溪典場文𨔍𨓡群秦麻𬂙必沛干咎𧗱茹盘𮥷吧怨恨茹𤤰𠾕仍事苦巾瓊𧡊布劍𦳦買𠳨𣋚𫢩柴固役之𦓡𢗼煩翁布當愊𠇮𠻵浪役廊役渃𪨅𡥵别𦓡𠳨瓊𧡊布空呐一定𠳨朱𫥨翁布沛計寔朱𦖑瓊理喽浪想役之渚役意干之布沛茹𤤰扒納𠬠𡥵渚扒納𨑮𡥵拱固敢客於𨕭𠁀咹制朱沛别𠳒𠓀𡢐停庫渚𢚁𢀭古初𠳒𠸠𧗱初埃𢀭𠄩户包徐空埃庫典𠀧𠁀麻箕如丐埃扜梗埃别朱世𡶀箕埃㙮麻高滝箕𣷭意埃陶麻溇渃朝埃薩埃洃干𨖲辰世干耒如空𥪝棱核意埃槞𩈘𡗶埃𥙩爫金烏𡄎䀡造化机圖算拱丕敖𨒣妥𠁀戈亊在𡗶人生埃拱刼𠊛麻催吏䀡傳䀡制㗂項羽英才埃當力能鼎拔山身長八尺皇㐌驚䀡西代東征百戰百勝㐌𩑭𫡦𡗶埃台垓不变移王一勝𨖲治位従容固逹欺計制各𨁯麻推亊𡗶於𠁀几𠁀争坤争窖埃埋特𡗉𠊛咹於别調塊㳥吶料滇滇窖台逹垥人間傳𥪝呐𠬠外盘𦋦𠀧催催内𠃣拱吱𠸦塊㗂𦝄麻悲徐計跡𧊉埃䀡旦傳計𦋦買詳逹排亊𧊉𤉜形殊時间㗂𢀨埃𡗶泣各式核童達童朋埃𣦍实麻𢚸許香𨍦𬂙体𩈘払𦋦朝恪𧘇如羕𢜝些踈浪沛達時𦋦信𢜠尼固阮生倍傍達買接迎噲童朱别意情爫牢小童計歇湿高𠄼丐𠄼吝𠄼𤾓𠄼𨑮𠄼𢆥𠄼𡥵隻𠄼𣈜咍𠄼𠄼𣈗𠄼𠊛𠄼𠊚數𠄼数𠄼𢼂𠄼𢆥外𢆥𫢩𢆥𠉞𠇍𢆥𢆥耒𢆥𡢐𢆥𡢐𢆥𠓀𢆥𫏾𠀧丐𠀧吝𠀧𢆥次𠀧𠀧𡥵爸呐爸吶爸媽爸𧵑𧵑爸爸奴爸𠋥爸碎爸𠋺朱買吏迻𢭂詞達卜袩礼詞𦋦袩体詩詞𦊚句固詩浪𠳒自謝𠳚呈英过𢚷朱𢧚几情油忍酌朱嗔免責矯吱浪保浪𢫞達連袩体詩生扲蓮達爫清唭吱亟别𠳒渃𤄯創𤄯於𥪝於𥪞於中𣎃𠄼𪱚𠄼𣈜𣎃𢆥𣈜𪱚𢆥𣈜𪱚𢆥𣈗𪱚𢆥𣎃𠄼𢆥𫢩𣎃𠄼𢆥外𢆥耒次𠄼𠄼𨑮𠄼同吱浪生拱𠊛𢜗筭油沛准机䦕别塘兵法𫽄塘包容時仃群於工𠇮渚别女𢚸爫牢𧗱浪群𡮇志高侯羕𧘇敢𠓨𠳒些吏𠳚𧗱浪科試拱㐌掑𨍦𨉞辞童吏移真丿戈縣勇㐌𧵆营𨀈𠓨𨍦𫏾踈生𠳒達恨群停渚涓払生自𧘇𠵌信時停心事強專學行𣌋於帝𢭗𠇮國忠陳氏阮氏阮誠陳誠黎誠笵誠黃黃潘武武吀柴拠𫥨保廊重朱𤾓貫底𡥵𠫾摸𠮩空特辰𠇮𡥵𠺥罪朱奇廊翁布𧡊昆呐𦓡活𡗋𢪀䏾浪些此𦖑𪨅𡥵䀡牢買打料𫥨認䀡廊爫詞甘結𨑻𧗱保𡥵𠫾瓊認保布枚𫥨京都𣌋底𣌋𣈕巾𢶒粓捻𠄩布𡥵搏𫥨河內𢱖羝旦尼瓊呐買布𠫾𢵋羅𠳨䀡𣋚芾𤤰御制鋪𠳨特耒旦𣋚𤤰御瓊𠖰寔𣌋吝𡎴東𦣰直待旦午𦖑㗂呼喝車馭官軍𠫾赤𨕭𡎴瓊連哭呱𨖲𣃣𣅶車驾𤤰𠫾旦𦖑㗂𪨅哭𦓡空𧡊𠊛差𪜯尋辰扒瓊於𡎴𨖲𤤰𠳨爫牢眉𡎴瓊假格空别𤤰呐浪疎翁碎𧡊冬車馭𢜝𣩂撤朱𢧚碎𨁎𡎴𤤰𠳨爫牢眉哭疎翁媄碎𣩂㐌𠀧𢆥𫢩牢買空𧡊布碎𤯰底𥙩㛪揞𢧚碎哭𤤰保𡭬尼弹翁芇吏𤯰瓊呐疎翁買耒碎𧡊𤤰飭𥙩羝特𦍺碎想羝特𦍺辰布碎拱𤯰特𤤰吧各官弼唭别𣦍浪侈𡥵𪨅尼必𠊛才應𠓨𡾵𬁖意連賞朱吧判浪赦朱民廊空沛納羝女綡特享空𤾓貫麻浽㗂狀自芇𣅶翁瓊学路茹𧹅沛旦殿崇吀𦓿𢩵瓊懇吧吀阴阳䀡主順𥙩㭲咍𥙩䓂吝頭主順𥙩䓂辰種仍𧃷矩旦𣅶特咹瓊𥙩㭲群䓂吧𦀊納主吝次𠄩吏吀阴阳主順𥙩㭲底䓂朱瓊辰瓊穭旦割花𧊉帝聘排奴堆庒𠲖阁鳯楼𦥄体花時旦埃才禁垠𧊉浪𢆥𣎃春咹制朱妥買㝹吏低𠳨客桃群空台㐌尼芇称斤他鄕及客故人暫𢚸𪨀𢪀眞世芇闭𫢩永仍渴嗃悲徐情𢪀爫牢咳情計之𨖲托𫴋京産低深别冲𣛟芇花浪計准清台𢝙平会蓬萊㗂一冲渃上源群固㗂𥒥強之之𠲢𠹚唐笘边坡桃群待柳包徐朱衝疎𦋦𠀲𨔍𨓡疎𦋦芇别浪𢚸固𦖑於低仍𡶀拱溪眞参䏾𥒥㗂蟡哙愁𠊚如阁鳯竜楼少之卿相公侯每尼𠊚如𩄲𡧲𡗶碎如𤌋敢制度芇𧊉浪唉客𦟐桃尼弄底搭𠓨朱埃催推低㐌别耒包徐少仉𨕭𠁀才花埃喂買油麻強攄𡗋強𫅷失緣𨕭𡽫徐式修仙玄光修𫢋於边厨中間群景眞蹺隊女𡗋工夫埃𡊰平志立辰𢧚修縁秦晋安草花花浪𣈙呐戈拱曾㐌别𧵆賖每塘𠬠縁𤊰焒香朱停買几雪霜别共仍恩怨庒衝妥𢞂埃别朱𢚸尼諸魂梅迷水失催信螉𧊉吏書晋秦強𠹚強𠬠吝巾𨑮分牢𠬠分扒朱呐𦋦𤏣吏𢢆殊淹𦋦辰𢜝咮𢗼㗂沁拯傷兑仍絲𠃩曲如紆𧊉浪沛呐𡮈固如𣷭麻𨃝濃溇襖𥹰拯默拱艚花箕買特牟縁庒㐌迻緣細閣藤𪀄群想𩙌𥉫𦝄矧徐當干渃㯲樔待别包𣉹朱冲悴情㤕仍𪨅中牢娘於准林穷閉吟𢝙制𡶀花林客塵𠇍几别尼開塘翁窖訴詳麻些典貝娘結縁花浪别准林泉清台趣味塵緣恪𡗶撑𣱾𣱾𦝄冲俸干𩙌同同細尼幅幀埃窖撝㗂𦝄花窖𫃚𠊚如空摱芒丐㗂𦟐紅𢚁才𢚁色英雄約𬇚𡨸情想𢖵别包爫沖少惱渴滈𢚸塵𢖵埃群固欺寅𢖵情别𠇍分果𢣧紅買曾妬埃愁尼朱𦋦固𣎀𡎢䏾𦝄斜𣋀枚侯木㗂𪃿噲𤇊𤇊清吏添猿边𪟂吒丐女傾城仍㗂默名𨕭𠁀責縁𡲤吏恨𠁀㗂埃窖達仍𠳒𧊉螉滝渃沚堆𣳔别麻𨃝特𢚸朱當𧊉浪𧡊呐添強想𨉓麻吏𢖵傷旦𠊚紅顔易𠇍𨕭𡗶花𦹳曾課𠊚𨔈固辰仍調𦝄𩙌計之賖𥸷乙拱固欺吏𧵆玉珠𠸗結鄧春紅娘吀焒吝麻𢧚尾之堆𡦂情縁𢱖功香焒添煩𢚸𢪀牢朱院朱𧷺矯麻𢢆買渃𡽫牢停困𫢩㐌願貝情芇埃負義三生油麻決𢚸細景探花庒修固典廛𫅷爫之外秦晋狹之芇𢚸廣大慈悲芇船漁細准洞桃補功哏咘約閉花浪𩙌動霜𠖤㐌𠇮典准尼朱安俸埃窖吹𢧚信螉使蝶吏添絆𢚸群打買拯冲寔𢝙固打特庄咳煩𧊉浪咳客婵娟㐌冲如這染之麻𨀈𠓨𥪝准園花庒𦹳拱𢲨梗制䀡浪默客𨕭𠁀底停芒㗂𦋦𠊚冬迻決如妸𢬣𫅷採𣋀轉特呐麻潘花浪䏾月漏漏俸埃律愁如空埃监吘事𢚸雪霜停冷𣼰𣎀冬,Nom
7_corpus-documents-chunomOrg_no.txt,尾之幅謹封𠸠初庒可朱衝默𠊚庒𦖑𦋦拱呢𠳒𡦂縁𢧚妬㗂唭在埃𧊉浪催渚甚𠳒人生𢼂於𨕭𠁀終𠳨制群大𨔍𨓡𠬠低𠬠帝恪𢚸之庒才情特𠇍妸姮女芇底客𦝄待徐𠰚情𢧚沛尽辞秦低晋帝包𣉹朱𢧚悲𣉹滝浪渃安巢箕㐌𨔾朱船𨖅渚戾欺声氣弭恒𦝄箕缺怒埃扛朱𦋦腰𣘃𢧚沛花為情𢧚沛𠓨𦋦買情潮𨖲㳥渃竜冷花𦹳嗷𠯪𦲿撑夷夷𠦳𢆥碑𥒥鑿𥱬仍𠳒𦝄𩙌折之燕𠳒誓群妬停停油埃单泊虎𨕭堆花浪催吏𤑟𤉜㗂窖訴𨕭梗固花㐌修固𢪀之賖牢麻㗂𦝄花此情永𦖑边梗𥉫𫥨柳㐌萌拂坡焒香窖𨤧情期䀡厨清永空師修行於低岌𡹞客情固𬺗船情尼空咍群想𢖵𡽫蓬樁嘹竹化紅清台咍㐌願固尼船只待徐𠊚情鍾花浪芇固𨔍𨓡𢪀浪𢚸㐌别𢚸辰催埃𪫢吏庒信𠳒塵𠇍几别𠊚知音固縁如果味空縁如𦑃花涞𡧲塘意浪埃拱㗂鍾渚誇才色捤摓爫之𧊉浪惵意順情唒肝鉄𥒥拱停朱衝𢧚空決罕停空事𠇮麻吏柁𢚸𠳨埃花浪坦𢌌𡗶高風情固少之尼風情㐌浪牢固修行牢麻𠹾庫芒經旦厨悴情仍丐蜉𠄼更刻快𣎀秋吏𠫅𧊉浪呐吏朱鳳凰牢塊細𣘃𥟊垌悲𣉹𢚸㐌别𢚸固如𣅶𨔍𢚸渚悁吝戈䏾桂㙴𢪀𠇮想客鍾𠊛知音惜台花沛葛淋𥋸𦎛司馬麻𠰃埃喂愁辰埃强爫矯欺月𠸍花唭拯咍花浪悁㗂渃尼事情𠬠帝𠬠低之𥉫𠊛𥪝揊樸女才價意當辰成包債𠊚宮禁楼高祸𤊰待㤕芇女催居光㐌𠇍𨑗𠁀唒花𥉫𧡊拱派牟紅群庒客於𡽫𤂧顔色形容澄𧊉浪𨖲𠳨宮𦝄固欺拱摱赤绳車緣𠳒凣𠳨寔客仙圭𠸜根原世芇當干平地波濤𠫾麻吏尋𠓨旦低催停想𩙌𥉫𩄲絲秦𥿗晋產低朱耒花浪呐拯料𠳒縁𠊚吏固縁𡗶㵋𢧚仕𪨀初𣅶𧴤𠸜准空辰准願庒衝𣅶於默䋥𪀄鴻埃咍必宰别𥪝机𡗶𦎛塵𥙩帝麻𥋸料牢朱沛𨑗𠁀買饒𧊉浪𦋦之𥹰催停迡𫏾邀𡢐女情女牢塊㗂決𢚸𣘈鉄底名𥪝𠁀香皮外𥋷𥉫㐌𧡊𠊛情鍾月花堆𡨸憹庒符𧆄㐌迷𢚸杏春花浪𣷭愛源恩計牢朱掣餒塘𨤮賖庒生拱㗂𬁖沙庒𦹳拱世花㭌艚㐌算用斫𪽋侯双離菓𣷭溇坤𨃝固埃别餒尼朱𠬠𨉓強𢪀強𢗼添強責埃牢拯料塘𬁖才低曲江狹回芇𣷭𢌌滝𨱽少之竜鳳約願隻船杜𣷷容营徐朱特客鍾情𨀈𫥨𧊉浪此𡑰花戈𨔈風景䀡𫥨世芇吨低固客媽桃朱𢧚𠇍沛尋𠓨典低悲𣉹鵉鳳逞排桃東㦖𠳨柳西𠳒𢪀牢唉客章臺些𫢩仍几𠊚才名女才聘𠇍朱生如𩙌如𢪀牢朱院𤾓塘拯涅𥒥派鐄麻催𢪀浪𢝙丕麻𨔈㐌𨔈固少之尼有情埃喂渚倍誇𠇮春群𡗋几才名𨔍𠁀㗂湖仍渃群潙花蓮㐌沛葛淋槾桃妬沛渃妬群𢧚價買𤾓澄花𦖑咳𡂱如愁𥢆吏底朝𦝄𥙩𢚸催催𢪀吏朱穷景情兑典𪀄篭買之𦑃花桃㗂𧵆賖𧘇覩𠓨朱埃否戈催𨅸吏𡎢占包魂梅𥊚𥇀𧊉浪倍鐄催停𥙩每塘庒𢧚𢖵之欣女𢖵縁𠦳鐄渚易覩𡊰𢚸固香䏾𦝄𧷺強𦖑猿唿強愁滝銀渚北衝梂𦛌蟳𠃩曲𤋵油如汙魂枚魄桂矧疎聀鐄𧊉㕸挨𨕭摱𠳨𦝄𫅷朱𥙩𨑮縁初固世尼箕朱蒂陳低仍𠊛為埃禁𩙌垠滝爫朱牛女𡗶蒙𨖅求欺彈六句傳初味蘭桂称渚情𦋦𥆾冰傾𫢩待枚尋計功别𠇍𠦳功責埃拯院𡨸同筭𦖑英燕負𢚸故人為之堆𡨸朱陳朱𢧚𫢩晋埕秦干滝渃𣳮㩒樔吏妬庒戈為情厨芇𫢋拯䧏生花𦹳埃拯損梗麻𨔈呐𦋦芒㗂𡗋𠳒唵𦋦辰𢘝𢚸𠊛世芇闭𫢩咹槾者桃信𠫾信吏别包工呈𢧚丕唉客春𣛟我迎沛呐底情尼咍爫之吝𢠩恾麻𩈘㳥花枚淡牟芇滝油𦒹頭底些覩貝愁朱衝責埃牢庒訴𢚸筭肝此英碓特庒撑牢拱𧗱棱妬埃禁𩙌停容𣘃箕群别𩄲唒牢瑟拱攄琴花浪咳客知音固者情深買閉𫢩信𢭮書迻爫之朱雁别𢚸彈箕𣅶𦝄沖吟詩白雪打宮春情圣他圣如生爫之煩底情矧詩當干𢭸幅萌疎花𦹳嗷𠯪𩙌迻冷𨓡船埃箕待边滝固𢚸渚客咍空咳船𧊉箕𨔍渚悁𢚸群㦖𠳨根原𠇍𠳒船渚客賖𨔈空仍船固棟尼𣷷尼花箕群别𤊰𣘃嬋娟牢塊細𢬣英豪箕染渃扶桃㐌磋𢧚𡶀别包𣉹𡦂情吏平𡽫春群情群𢝙台趣味清閒人生典世欣戾之𠦳春義瀋情𥱬沛如咹於時咳埃花浪催拱别𠊚爫之女世唭𠊚吱雪霜𢢆几𠫾𧗱箕滝怒𡶀𠳒誓渚悁𧊉浪碑鑿群𠸜埃麻負泊付𨕭紅悲𣉹𢚸㐌别弄工𡗶拱𡊰功𠊚呐臭呐虎賖吹䀡𥪝賦意覩𠳒冬迻𡄎徐課怒典𣉹𠇍𠳒句𠸠拯差朱𢧚固達𠇍𠳒唒𠸦拱默唒唭庒牢𠊚芇種性𠊚芇意埃意𧘇攄牢朱皮句𠰘𩵜坤皮達麻𠳒沛𢜝埃吱唭傳尼劄事𠁀典欺從且䀡制之𠰘渚㗂冷吨賖鄕場皮課典科會功名𧘇埃劒埃達自𠵌体边𦖻可浪埃亟别芸咹制𡬶柴嗔𨄹塘枚𦋦𧗱揞自𢄂爫闺乾坤梗𨕭𦠘别埃師弟别埃小童𣈜真𨄹塘樁台丿㐌塊滝求𠳨深典楼𠵌信生買長兄共饒計歇事情𭮫耒生買𦋦呈憲官浪碎𥪝几士寒𠵌𫥨秩解長安陣尼𠳚戈官奇特台𠰺浪些錦文章三魁不及四場有餘𠰺朱𥺊蒌荼小侯𠄩矴迻𠄩払闭除師買煩𠓨誦念奏𨕭𫢋䑓南無𫢋教如來渃楊急洒胣𠊛撕迷枚𢝙買竹鳯掑買鵉南無芇客紅顔𧵆尼便特咀嘆事𢚸南無色空庵𩄲念𫢋𡽫蓬想仙沛移矯㐌拮𡬶科鄉㛪𥛉𫏾軒堂𥚆袩𣈙㐌恪常𠊛些𢨵𣦍深瀋細茹翁汫卒清台汫𨔍𨓡梂抛抛堆版夾渃𤄯𣱾𣱾𣳔通𥛉蹆𠄩𡥚拱𦋦𢚸春歆𠼯𣷮羊習玉清𨿽庒𢚸腰𠇍生袩共𦋦朝堇𢠐䝉㐌𠲖昆買吏绳甘訴𦋦世拱袩岩謹时𬛈埃爫朱生信麻吘事情命丿耒納𠇮吏𠵌油生杜翁宜乙些拱預時榮𠄩払自課𦋦𠫾山南秩解𦊚期首科㗂屯代泣𧵆賖㛪買𧿨吏本鄉𫏾吏萱堂𨍦𢜠㛪𡛔𠄩娘産疎媄昆路傳𨍦初台麻結㐌除𡾵𨖅線精每添強皮戈辛卯吏𨖅壬辰會春計外𠀧𠦳皇埃拱𡬶𨖲𡗶𠀧𤾓奇策都才芸庭撟榜群𠄩𫽄包𧵆賖埃歌謠固𠄩户阮𠸜榜𣘈𠄩𠊛盎雲門𡾵同進士名屯𢄂圭買𠄩𡥚隨兒郎𠳚憲𧗱呈師𡨸浪天道無私爫𢧚𦊚德恩如道𠀧些浪玉静昆些嫁朱阮達交和人縁玉清自課信傳明勹庒安於耒明浪払㐌𢧚名明浪払㐌𢧚名𡲤酌些拱盃𥪝每皮𢪀浪𡨸貴易交新城乙𫽄劒之紅顔哸生耒吏嫁娘朱生払生恩憲官於冷埋吏﨤冷𪽝先積買生𡥵䝨鑿碑𧘇底世喃哪集笔研剳爫補才盘妬𡦂𠫾傕仍英䧺𭂑女祖秃𥒦怍耒改良𫢩吏𢵋𢝙𠃣痴𫢩當𣇊争詩鍾鼎埃伶𢬣窖性辰𢧚埃麻𠫾踸𥄭悁乙𠊚捧𢬣𨕭庄群庄責仉粉𣘈愚𢘽只責𠊚襖解鬚眉拱𠊚格物致知大才拱𠊚博書詩牢女怍局𠁀倍𨷑𫼳補奇庄𥆾坤之𠎪𡊨㛪女招梗咍䝨别之才𨇜争詩坤窖化朱𢧚老道𠬠命塘𨱽𨤮功程強𠫾強庄体英蹺𭈥英伴𫥨𣌋最𥉫𡊨𡥵礼拜蜍咍英群𠭤性算𣗓及𢧚陀吏傕油英傕拱辰沛𢪀𠎪㛪愚庫体盛強朱𠊚只𡑩拸塘其村商賣怒廊百公辰㛪拱𢝙𢚸痗襘判𥪞𠇍𢆥𡗶感㤙英指𫮇買𢧚文郎固賊掛尼边陲埃英補偈㛪𫢩些朱將軍𠫾𢧚虛咍𧿨庄儋呐之各英據醝離棋泊只𢴑排鉢桄𫷜才盘輸計行𤾓𫴋扶董𣄒没期𠀧秋𠃣痴輸計旦𠄼𫤯𠦳耒𫥨𠫾揲賊𠢞衝渃𧘇𧗱朝些低將箕領命𠫾𬆄富翁拱𣅶𥊚尼醒𫥨輸泰𬨨吹𢧚𡗋幣𣃣咍報𥪝茄宮𦝄桂㐌艿𫥨没梗香迻𠶗㘃門庭𥋳𠊚異𠍵𤑟形𣅶迷翁婆𢜠懙𤾓皮鐄招玉𣋽𣌉拯㐱𠲖神梦𠇍𠳒𡥵𨖲𠀧𣦮𧗱𡗶空𥹰翁撑假之饒固𦓡固𠱋空餒𥢆𢚸仍𢠣𢚸𥪞謹拯吘穷埃咍兜特𠇍𣎃迟富翁㐌𧗱𬆄𤂬鐄老婆隻𩄴𢩣霜姅𠲖𡥵𪨅姅傷𨉟𫅷法律箕庄計固押仉顛頭空療領𩢬𠑬𥙩銭𦹵𪃿論噴蹽𨒺𠵽亇𩷉離西澮𡧲𣳔瓊割䓂群包㭲夜抌納主主沛𠄩吝𪐝仍㐌卒順耒空爫芇特吏旦吝次𠀧瓊旦吀辰主𥙩奇㭲吝䓂群曲朱瓊瓊假格嗃姉𥙩辰㛪群特之女懇𠫾懇吏主一定空𦖑瓊𧗱㮔全穭吳旦期特𢯏包辰𥙩群䓂吧㭲抌納主主默謀𠀧吝𠾕吏𪽞空朱𦓿女仍𦓡𥪝𠀧務意瓊㐌劒特丐本𡚢耒𠬠吝翁琼𠓨謁殿𧡊主固銭鉑定撝𦓡懇浪擬𠇮分𦟐桃𣘈粉罕縁扵分荫欣𠊛𫨩𡥵造撩𤾰無縁抪纀𥙩𠊛紅顔𠸦朱妬奇肝月老打𨢇㖇車人縁故如妾婵娟空辰𠤌羣慳恄夷察𠇮体西施怒𩈘傾城今古無双曲琴𠫾𨁥𠄼宮㗂絲㗂銅台詩怒别篇𨱽勾汫意清新埃别書生嗔且哪𬗝𬗝㛪度尼縱竭𬨨𦓡姉固銭底空吀姉朱㛪撝底劍利餒𡥙呐耒阴阳𠮩𢺹𦊛姉朱撝𠬠分辰吀𢺹𠀧姉朱㛪撝𠬠分辰吀𫤋𠮩姉朱撝𠬠𤖩辰吀一阴一阳𫥨分芇琼拱𢬇奇主㐌别性瓊咍馿空空𫤋空朱一阴一阳爫𠄩同拠𢮿節𠫾瓊𧡊撫𢬣謡𨖲浪銭𢱖主𢜠姉平𢚸朱㛪撝奇呐衝抌𧗱茹寔主英如拱默謀瓊𣅶於外如仙𫅠𣅶𡎢如体魔特辰𢝙𨤔唭𨥁搈蹎唿如䏾翁仉輸泰中𢚸即恨犯顔𫺓哏裙𠑬𢞅𡥵𢚸吏淡陀羕如𢪲𠨡花𣎀𣈜𢪲拯𫵀淶𢬣懞𣎀别呐懞𣈜别𠫾𠀧𢆥飭持𦓡𡥵摘摘知知𨔍讓𨔍㳥𣷭𠰘廊仍𠳒制每塘箕不仁𢀭𧘇寶𡗶朱貴子𣃣𣃣唫婆𦖑𧡊仍𤴬𢚸𥢆𨉓只𤋵良心𠇍𡗶𣘃𦖻古捛頭中𫩖𡄁稟喽庫𦖑買𡎢哬𠯋親切據呐能乱射庄京𣅶輸𡢐教折尽情不期仉重𠊚吒𡥵伴友拱𠱷吝𠑬庒法則頭之奇軍排曲𦛌連動期蕞期特𬆄𡥵中𢲬𢬣打計偨伵外𥄫𥇚𢺺排他浪春日都𢝙欺爫拱固欺𨔈計夷仍棋泊卒辰𠄼𣎃欺於欺伴𡀍𠫾吏添秃𥒦𠃣痴𡀍𠑬𠫾棧𨔈辰旦冬排歌𫯳㐌呐謨麻䀡𠀍態人情吏群固成𫅜官麻扒特囚刑惨台吏群仉𢘽𫢩𬨨呆銭朱客咹空一仍伴𦟐紅𫺈𠸜妬𡦂𢚸𣈜拱𡎢盘詩嗃同人耒散省詩於功補皮福宗必得耒輸歇銭固花曷連萬宝一輸咹𥹙拱停辰生腿外情𫅷辰生腿性桄処床吹公𢖵仉南𠊚北歇娘吏𠅎𫔳爫朱醜伴𡊨𫯳𡥵𠅎𢚁媄吒𠅎𢘾仍客桃疎柳要沛都坤争窖𠁀𫢩斈行奔半𢬣爫牢熷拱𣈙渃𡽫抵吒媄𫯳𡥵特𢚁局荣花羶𠊚𠁀𫔳盛添𢝙𠳨包饒𣦮咳姑𨉓姉拱生𦓡㛪拱生堆侶如印詞絏𤽸𠦳𢆥群買丐春撐標梅之監情𦝄𩙌蒲柳催停分萌群趣𢝙箕𫳵𫽄𤳰責𠊚𠏲𤳰窖無情武吏能騎𡭉𪀄𠖤棋高帝釋昂𢬣𦘧能如意群𫢩徒𡗋𠊚𡗉𧵑𤎔𠁀㗂𤳇司馬相如𠁀𠓀唒固羣劍虐尋吹𠦳鐄𣠖𥚯𠬠唭玉抌𠬠𨶜羣𡎢𢗼縐𥆾渃𣷭㳥秋強潤屡英雄𬑉䀼醝迷醝迷𢲩襖麻𧗱𠳨𠽄𣷭苦滝迷塘芇默車馬噋嗃埃意准圭門杄庒移吏添𫼳㗂醜沙牢朱平𣈜𡗶從且,Nom
7_corpus-documents-chunomOrg_no.txt,枉功𣘈粉花𠬠𠁀飭𫯳都𢀭𨖅枚𫥨功盛強羶𬛕富貴𫼳毎芸𠊚中渃拱辰㤙隊爫𢧚歷坦迎𡗶埃空觧才埃庄𠊚固功唒𡛔𤳇拱中𡗶坦沛爫朱恪裙𨥁欣𨤰迷銭棋泊空特咹麻𠅎𧵑畧𠇮荣顕𫔳𡢐朱奇伴𡊨𦹳淶𠇍秋𫢩沕群故𫳵欺缺吏欺𧷺𠳨𡥵白兔陀包𣦮𠳨姉姮娥㐌𠇍𡥵𣎀最故𫳵𥋸閣紫𣈜撑群𢢆𠇍彚𣘈𠄼更泸𣼽除埃帝𫨩固情𥢅貝渃𡽫翁瓊生拱辰買氏點𠬠𤳇𠬠𡛔咍一𠁀官榜生點𠰺学路冬𡗋瓊𣈗假格旦䀡評文底𥄫𥊘氏點佛說大聖末刼真經演音從容因𣅶清閑𠳒經𠽃𠇍行吟哦演排𠬠本喃哪底朱𡥵𪨅弹婆拱䀡買𫨩𪱨𧡊眼前埃麻忍特買𢧚身𠊛事尼原於渃𠊛光緒𪜀𠁀茹清陀山南海京洛陽𪜀縣西平府分王家𪜀社於𧵆城隍廟意固分英灵生末刼真經𢣂𠇮色花鮮𪀄英𥄭𦥃𠰘唭供醝氷雪敢𫼲節玉𠬠茄鐄待𤒘天然主春窖倒顛邀花麻吏底煩朱花𥪝宮禁𪀄車少仉外𤾓官卿宰别包𠃩吝庒赴𢭂禾番底𠬠𦟐桃舌𥢆醝終鼎悁沔道奇𬆄供𤤰舌朶夭桃想浪權奇嵬高仍供預𠓨皇妃假女渃詫之𠇮玉咳姉姮娥媷廣寒𦊚务𦝄𩙌買江山襖仙雖潤味王母香俗群燶焒后郎𬑉鳳𢖵醝味玉素宫倪𫳵𢢆曲琴鸞𡀮空縁𡢻共𠊚世嗔𠤆𨉟渃合歡𤾓𢆥𠀧萬𦒹𠦳𣈜𥪝𡶀𠦳𢆥𣘃沕固唒固𠦳鐄𧁹𢷮台塵𤾓𣦮𥚯空埃擬塘名利𢚸添𧡊几奸頑䏾吏苔噔㤕𡃊台味俗累愊𨉟蹺細宫𩄲分桞金屋枚香𡗶敖鄂唏𠖤雪霜丿俸耗𤷍𠇮蟡𥉫𡽫渃𦊚皮語兑人縁𨔾𡗉調固𢝙麻庒固夭責蛮王底𡛔堯過辰恄忠直醝迷讒嚀𥙩鮍奇梗如饒擬𢱖玉扵藍品金㐌𤑟價珠罕祥㗂𬷤永永嘅𨕭怨恨𥊛𫥨泣𫇳楳惨空摳𦓡拱谷鐘愁𫽄打據𫳵喑𠓀𦖑仍㗂添油𪢈𢚷為縁底才子文人埃妬佐身尼𥚯𠺥𫅷𨑮𬙞𫨩𨑮𫤯低朱些腰唒𫽄移拪𠫅澄意呈𠀧𧣳𠦳𠸗名節𪽋芳𦎛撩𠄩𡦂綱常扵箕伴友怒𫯳皮拱扵𥪝𨦩人倫䀡𫥨買别𡗶𧵆爫𠊛𢖵𪧚𥙩分善端𢌌狹銀㩒強𤎐包饒辰彊𠖾腰𣎀庒吏腰𣈜紅紅𦟐粉縁爲梞主唒𤤰腰𠬠丐尼書𥦗因清闲𧡊𥪝小節新刊停𢖵初楊礼刘平詩書宝渃簪𨁪茄𡑝程孔鄰羅拱饒交吏𠬠茄芝蘭情䴡凙他山撻床徐子𢭾幔董公𨑮𢆥𥪝准文房𣈜𬓲堆册𣈘終𠬠畑務夏海海𩙌南東仙女𦣰𨔈𬨨𥅞燶畧竹攊掑𨕭𠃅𩯀裺桃𫴋娘竜堆塸蓬島霜群唅瀝桃源𤂬𣜾通君子𨀍𠫾庒𢴑𠫾辰拱懙於𫳵雙荣永𦖻𦖑㗂哭夷傷𫯳𢧚餒哭比絲𠮾嗷妾𢖵味甘草𤍇𥸷經聖傳䝨餘𭓇泣精專𨇜阑𫨩吏𤊪盎𤊪㗂如僂蛮夷蛮夷𥙩色爫奇𦘧杯麻吏享跪邉察如枉才淑女惜藝㐻学與才名嘆喂國色傾城㛪姨灰星𩔗𧯄造化外𨷑𨢟䔲払喂味桂枝石乳陳皮𫳵底吏歸身連肉𢖵𠫾交梂妾别埃特生寄払喂死則歸都饒捽玉燶鐄欺招韻賦欺盘藝文都饒草聖詩神几賖㗂𠊛𧵆别名别包畑焒功程求䝨𧡊詔朝廷科文人士子𧵆賖摺招桂月𢯏花都才奇𢘝朱𢧚餒懙揚事固透咳庒払縁天𣜾𧡊頭育分了𫳵陀乃昂丐罪𤾓𢆥払𠹾奇片情𠬠塊妾嗔恾包𠰘世𠳒征歷空固仍𦓡買頑功名埃几讓埃払楊脱㐌三魁榜鐄𢂎𩂏馭𮪍迎昂𪔠𢫝旗𨕭塘荣𡚖𧏵𩄲𩵜渃及辰桑蓬妥志男買熷𤇊𢝙席花本𠊛歴涉吏茄風光𤗽魄空弹軒玩月𣠰賞花局盘茶堂拜祖茄接賓箕朋友怒鄉粦払徐𨀈塘𩄲𢜠酬酢主賓𢝙闈宦階吝堛𣈜𣈜𨖲髙隊㤙𡗶坦别包福茄禄渃洡𤁓奇𠄩念忠孝堛英才𤎜𪤍祖廕浽𠁀科名𡄎身荣𩔰㐌仃想𠊛故友晚成麻傷払刘自𣇫鏖場𧡊𠓀題扵榜鐄仍埃𨀈嘆𥐆咀𨱽想文章𫽄劔埃麻𭓇才試分生𠬠地理𠄩紫微傕辰𣌋闷麻之如梅早杏遲管史經温吏朱漏南無香火院全𡦂情哏咘𡦂緣洡漅南無東柳西桃欺𦋦欺𠓨湘南無⿱莊𡽫巫彷彿臺𦎛𢠩恾南無𦲿𧺀𥿗紅排情風月妥𢚸雨雲南無𣷭愛源㤙晉𥘿沛侶朱陳當堆粉堙芝𨤔怒羣濃絲縁𣠖㧅蓬𨀋蹎辰㐌𫅩紅𠖤高𩵜默䋥别搓𠓨棱語塘𫥨庒沛吳𦓡庒沛些頭辰濁禿襖空邪𥺹𤼸𠓀𩈘𠄼𠀧品娓納𪢈𨉞𦒹𬙞婆欺鐛欺𨦡喠喠客喠希阿修固𨤰蓮師具𡴯嶌銼蓮怒妬𦓡塘功名待科𡢐拱傷台仍堛才花朱𡥵造撩它多端𠊛風雅𨀈𮥷基圖䝉正江山買臣塵間窒堛清貧浪冲畑册專勤𥙩之𢖵𠊛伴友故知徐𣈗中荣𡚖旦𣈙𠸦台𡥵造窖坤凢妬揚𫥨别𠇍𫩓𦠳𥒥𦹵繚𪮈椹𣠥攊溪沚𢱖藍岩師頭濁𡓮摳楳𠄩小𨉞𧷺與庵旦買别浪𧯄聖化蹲蹎痗𨆝唉群𢣇香鵉擬𢢆俸俄鼎終𢝙𨤔之麻鼎終𥪝永如宮武謝𨅸𬦪𥊛𫥨景𡴯囂塘𠫾偏召舘𦼔標𢯧技橋椥拙肯跳𠀧濯𣘃撑形捥𢰳𣳔渃碧𦹵潦漂趣𢝙悁奇念𡳵笠𠃅𦹵𦱊疎壳箕丐鹞埃𩙌論繚𦖑浪荣𩔰𡗋台歐些此𨖅𫢩世㐌勾貧賎之交吏情筆硯𫒂涓油寅夜脱㐌細茄楊公𧵆賖擬歇𨃴頭坡配𨤮𭩪塘所𨖅吏襊吏瓢吏粦羅㕸𨀈𠓨冲𡗶坦生𫥨𥒥𫇳昂魯𦼔諸宣完𩙌樁嘹撫𠯰湥渃有情涞𪷃渀𡥵塘無岸最音音𠸦埃搗𥒥才穿窖𠼯𧯄𫥨𡗋几𥉰突夷払吏䝉徐𨔍之冲公侯馭車戈吏網𢂎𠓨官客軍加寔富貴荣培分㐌𫨩浪伴故人想勾隔官民麻煩傕悲徐𣅶屯邅执經徔權别牢𥙩調情𫇰交排撻爲埃寔窖𫩓昂魯函𠊚悁景佛𨆁蹎𠽖几𨔍瓢仙痗眜𥈺湥渃有情涞聖説𧯄無岸𩠴藍堪打料払買𨀈𠓨𠳨𠶀𠸜房𥊛𧡊𠻵林泉眷奇繁吏𤑟窖𡗶𦓅旦懙岧岧吏岧𠸦埃窖撻景招蹽𣘈𧺃𡬶音莯丸𥒥撑夷論噴𦼔栗了梗樁干𩙌蔟潭池蘿柳湥霜招䝨人君子埃𫽄痗𨆝𨀛蹎沕𫺓岧窖窖排路造化工翁𫯳㐌丕吏𫯳𦰟畑𨖲𧡊𤽸抛𠓀箕丕侵役夷払𦖑𠱊買𠱋夷監疎買随𠳒尼原浪官𢀲𠊛低刘平碎别仍𣈗𡥵寔冲伴同門𠊛它𩔰宦碎群寒儒源干包管𢢆殊𠬠𠳒𢚁稟朱和𧡊𠳒呐拱㤕車𥊛𠊛𡥵拱𡥵詩書房𦖑心事闭徐𨀈𠓨私室陳辞分明稟翁浪固𠬠英𠊛𫽄别称名刘平呐浪拱伴書生埃麻𪧚特顕荣夀長共官𢀲沕㤙情芝𬞕拯﨤𣅶貧寒朱𢧚𠊛沛𡬶𨖅底𢘾楊公者格爫盧𠵩浪䋲窖𡬶噅稟𠳹眉它别𤏣世庒伴仍几凌仍意麻傕辰㐌典低些𠶆茄客料麻沛庒朱眉駭保浪翁當伴故人冲茄𠳐𠳒房買𨀈𢫕𦝄粓怒辱牙𨇜塘𧡊英𠰚麻傷𡗶當唵𠵇𦊚方然浽㗂𩆐同同埃埃𦖑拱咳雄外噋嗃体助秦王𢗽𢝙供丐事常𠸦埃窖𦘧堆塘格𩜙别𠓀過橋會辰供仃𫮇䑓楊底之螉𧊉長䀡花𣠖𤑟㐌芒㗂𠁀𥆾蓮菊想味茶味詩弹吟擬𡽫滝𡽫滝賖格重江南想望忉𢚸𢘾傷埃𫨩英拱坊斉人朱寔拱𢧚身准官司監吝巾呐乾空推冲准芝𬞕伴𤿤買仍坊鮑魚翁碎涓别包徐世麻英監托辞涓為英碎沛勤拳碎渚稟歇翁連𠵩仍麻英拱枚麻𣈘職桂𥇀景𣈗𩲉梅塢愈𨉓尼𢞂𥉫𨖲色𩄲𡶀姮𡽫泰𤌋𠖤𢠩翁當伴席待同傕低碎㐌固𢚸𠶆英𠶆暫朱衝耒麻払𦖑房奴辱牙擬麻𣹓𫆧路𫗒油調拯打麻𤴬紆𮈔𠃩曲涞珠堆行𨑮𫷜冲芝𬞕故知負几他郷朱仃𭌝朱丐𫗂人情𤾓朝反覆如形波瀾世常𢀭合庫㪚平原易𠳚肝腸特牢固勾浪貴易交伴尼埃吏𠶆𠓨沛庒擬𠫾擬吏用孕払楊強擬𧵆賖強油功謨𫺶𠊛仍𠓨𢚸浪冲運固窮通𦑃鴻拱﨤順風固𣈗傕計礼之𣈙者㤙𠳚房𫢩呈𠊛謝辞渚﨤𢴑𠳒拔湥玉培移𨃴花𠫆䝉者㤙溇隊夫人貝娘侯咀嘆浪冲奇造端𢖵𦑗濃強𠸗挹冷𠎬樁萱孟羕芇𢖵勾生我劬勞察勾拾女朱𠓨曰無儗𢢆仉揞墓拖𩆐買拱𠊛疎矧哭𣒣責𤤰閍朶和光公明女底堆塘格賖㤙義意海河記怨恨尼揞底边𢞂𥉫風景渃番𦹵花欲𢚸煩𢖵埃𢘾娘主饋𨖅㐌停仍些買博刘平本𠊛知己麻情同心别包書𪽗棋琴筆硯畑册𨑮𢆥𡗶𧷺払刘徐𨀈蹎𢖵埃掑簮准繞抇脢金姊㛪疎矧𠓀軒梗壁採花蓮唭𥪝襖紫𣹓潙湥外花𦹳仍㐌残草芇欺𠓀出䦕昭君江下杏元河𠄩娘意𦹳秋閍寔羕些它荣𩔰𠊛群寒微擬傷𠊛𣇜危塘文章别𥙩之專勤闷朱伴友成身丕𢧚𢚁旦夫人𠬠𠳒交朱𨑮鐄𨑮𠫾爫本麻餒伴賢曾𨕭雪㸃坡𩭶泊𣐆霜坡淡𦟐紅肝義𤋵𫥨共姉月塊情固買𠇍𡽫滝𥒥箕群别滝𫅷胤𫽄責從些𣅶中名㗂強𤊪撩𦎛𠊛𭓇習朱專包徐𠊛占魁元仕𧗱𠓀𡢐朱院𠬠皮辰功德意渚奚涓夫人𦖑訴情頭𠽔浪翁𠰺𡗋勾𠽋唭傳固傳𨔍𠁀𥋳辰𡂂眜𦖑辰債𦖻古今拱渚𧡊埃悲徐買𧡊翁差恪皮空䀡冲趣茄圭袞昂功役皮耒仍拱𪽝堆塘𠬠𬆄為主𠄩傷為𫯰羣些低絲紅𣠖定仍泣䝉謹城高𫨩拱伴𦟐桃仉辰麝蔭𠊛香承察分𡛔湄啻体役枚付底𡗶停據之梅雪買清𦟐紅奇遇𡗶撑用移著庒沛𨁥味買歷𠄩𫅜芸七夕買豊如埃𩈘令古弓咹勾卒𢼂𢧚𫯰𡗋夭閙固沛𡗶朝國色𦓿𪽞𪧚𡥵𬌥𢵼䕯餒𤞼𢲨臻蟳務絆遁奇𫷜役税拯歇群針役夷翁牢呐拯𫨩推浪信𠇖固欺秩𤙭碎低局劇俸吀翁役意譲朱姨楊公堇𠬠𣇞𠸗𫢩沕别娘珠竜耒𡥵𠊛孝罕灰本𣳔阃範麻𠊛端莊辰固𪀄默䋥紅底嗃拙𨕭空遣𠊛𨅸舘秋風𢤜愁傷台𫯰牛待節歇𠬠𢆥買叶𠬠吝羣之月女麻春空制𫼳㗂女難别包當𪱆𭚯湄𤁓吏晴卽台𡗶𠹳景調囂𠊛𠁀𧯶沛榾梂麻𡗶吏鈽鉊㧍桃花𧯶沛䑓霜麻𠊛𢩧𠬃边塘𨀈過𢢇縁傷分悴賖責𠊛扵萡責些磊辰啻别𠓀花掑洞渃𣳔塵沚𥊢爫之他浪拻𠄀顛𥙩英勾螠脾𡃹𣋽勾螠最𦹵落襖𥯒名姅撘姅𦣰欺𢝙傳辰𢚸葵篤道向陽𢬣寛台吏别塘斉家𨇜冲𭲖𦊚徔𠀧差𠫾役意𢖮成功𢚸𬓲𬓲𠉝皮衝買傳妸珠竜侯事情𤏣𤋵𡢐疎浪㤕分婵悁吸凝買𨀈疎𨕭娘𦖑湥玉𣻆𤁓夫人保姨侯并牢布孤媄娣𠲖𪡷供双唒甘𢚸𢼂分𡦂自由决罕欣𠊛加夷焠腩鮮縵鵉襘鳯請台床𤘋宮永乙庒魔芇悶𫥨𠓨沛𠳨宦官或欺承叶竜顔小星𢜠㐌𬙾縁衾裯仉朝𠊛直𢝙強虎台况𠇮分䕯𩄲㵢𣼸边幔帳闭吏強𢞂台職南柯南柯𠬠職熾斜拱枚𢘾特𣘃樛包容𠸗𫢩分𡛔𡦂徔払差妾監管功特𠦳鐄嗼𠽖𥚯麻特悴台浽公勞自意㤕身柳要疎桃直房鵉庒𧡊𩈘竜園渚易禁𧊉螉𤒘花懝𢢆𩃳紅粦羅貝伴文房焒𧵆拱礙銀𡗋台遇欺月醒醝聀浪㨂𩙌掑𩄲凭麻湥洡𢢇分孤房淒涼梗春底客𢯏䄆𦾉𠰘仍㖔𢜝𢚸君子智高𫆧溇如𣷭𢲛牢朱穷别浪𢚸固傷空焒易并朱衝特麻翠羽唏霜冷乙𧜖胡羶犀羕氷房空揞幅篆残𦖱𦖑徃夕邊𧜞蟡嗃蟡嗃哭房往𨤔𦹵花𦹳空仉永𪮨強愁強擬強責翁絲窖制堪𦟐紅他如体翁官侍據咹𭉏𥄭技𣎃𣈗默𠊛𫯰㵋𩄲焒縁庒悴枚塵添吏特朝𧵆𠃩陛庒如埃紛花葨𧯄特𩃳𩈘𡗶䟻朱照𦥃霜䑓㐌冬察𢼂分想空𢧚俸埃爫如仉未亡固𫯰麻供如空花鮮麻供如也移𢝙之女麻𡎢終𣇓𫨩之麻掛梗江山𢝙之麻笛麻彈麻吟風月麻𢺤𢬢情催些唉暫仃隻𩃳䀡姊姮㨂𦥃仁𢞂咀勾𡦂縁此𥋴𧗱𪢈芇終払浪吀渚賖固𡗶固坦固些固𠇮為埃娘沛身征𫒂負涓情朱當愈𢚸妾拯𥒥鐄典條如几容𨱽責些群固責埃𠦳鐄𪾋𢬭𠬠𠳒呐牢傷娘㤕分夭桃為情刀等管包待油傕辰功意𡊰𡢐順𠳒娘據𠫾原恩𣷭爱群倍夷買沛道唱随拱饒娘𦖑根紊頭情𬓲娘計𠇍勾盘桓想欺誓海盟山外𡑝䏾月冲幔聀共饒森合𠬠茄縁香焒陳珠𨀈𠬠𨀈𠬠油𠬠𣈗滕蕩秋恪歇𠳒𫰅𡮈湿高順𠳒娘買𨀈边冲,Nom
7_corpus-documents-chunomOrg_no.txt,𨖅収攝皮衝谢辞娘買𨀐𨖲塘𨀈寅旦舘迎香𧡊払刘駭群當𡎢麻谷城南𦫼蔑閒奴渃㕵少𩚵咹昆隊遁楊埃眷馭𤷍少几𧜖𪽝狹囘坤且𩵜茹涓趣礙挼𤝋朝官拯沛隐庒沛㭲城南𦫼蔑閒𡥵𪂲拉買𪮊𣎀輸𠄩蹎蹅𫴋能能𢭪老少諸𢧚節丈夫免羅倣樣道先儒昂刺刺毛茶梅店月曵𫀅俸片𣈜春𡎢勾𢌌狹𡮈𣃤韻奇𬑵𨱽囷苦沕如饒姑㦖卒吟朱技𠁑功名刀苦辱除旦𠀧秋唉𤋵牟𥪝曳悅固風流𠇍𠊚𣈜怒詩杜𦲿梧桐末秋𦊚埃窖窖槞𠊚辰𨖲打几辰𥉫𨒣鶴寛寛𦛋𡛔腕𨉞螉𫤋𫤋𢚸𦊚𤗖裙紅𠖤法派𠄩行蹎玉𨀤双双制春㐌别春庒佐梮擼𠫾耒魯補空几撘𧜖几冷㳥㓠吒丐刼𥙩𫯳終𠄼時𨑮祸𫨩庒𣎃堆吝固拱空故咹𥸷𥸷拱吼扲平爫摱摱空功身别𠰚他𫏾催停於丕衝𤾓𢆥翁府永祥喂丐𡢻𠀧生㐌者耒墫秩文章𠀧𡱩坦𢬣辰扲𦰟茟花㝍情払買題𢽼𦊚勾娘竜䀡意㐌𨀈買𠳨𡢐事情浪牢唉客書生題詩意不平役之碎𫢩𡲤分女𧡊𠊛𡦂碎辰傷台因牢払買細低𪾋吀君子𤋵排妾𦖑払浪擬拱𨔍𥡳女人麻拱别藝文章𥊛𠊛拱風光𠳒咹呐拱妙揚寛台佳人渚易特𠄩畧㩫簮掑丙包拯𫨩情意𨔍𨓡麻吏𨀈爫身𠳨𠻃思懃浽念払買歴陳分明浪些𪾋唒之𠇮責英楊禮薄情𡗋傕交逰别𠇍𫷜𡗶𠳒鉄䂖𠳒漆膠闭梁月漂髙擬情麻𠳨𠶀宗希弧矢𦊚方𡗶曷霜橰眉哭湥𧖱𨕭𢬣𠲶𠰘唭𠄼𬙞𣎃𡗶𠇍祝𤾓𠄼翁府永祥喂隻柏𢞂𧗱分浽𬈿𡧲𣳔𢭂札渃泠汀𨉞桄情義涞𣼽姅漫風波𨻫潗泙扲梩黙埃啉杜𣷷𣳔繚屍几㕸𣵶𡹡意埃𠽄板甘𢚸丕喭餒揞弹仍咂𭈻管包塘舍賖侵旦𧡊伴知音麻油吏添特𠬠䋲侫臣窖𭓇仍勾𠊛擬麻喭朱𠁀沙機𧏵﨤𩵽唭沛油舍盘之𥒥愚夫仍𩔖𫚳别志鴻源干責几同𥦗𢚸麻女負𢚸故人丕𢧚詠𠬠𢽼韻姅分責伴姅分𫺶身才沛𣅶風塵油浪否極固分泰来功名塘駭群𨱽丈夫埃劍之埃麻𪡇娘麻沛呐拯𫨩娘𠳨之些悲除𦖑𠳒娘買随机𠲶唭者格朗𪪏計盘浪㛪㤕分紅顔㤙吒𢘾媄拱𫔮丐身想朝窕清新約𬇚特几文人買双堂几㕸名皮才色押情分𣘈商周伴𪧘各諸堆舍另身閒課役耒檜俗茶常坡渃雪尋清中曰羡茶梅𪀄叫花𦬑𣈜春净香論碁殘席客催盃固蔑念庒女豸道濫昆免道濫碎𩄲㪚𩅹𬰆柳撑𪳀戈𠃅禪䦕𥊘眜外揩𢬣𠄩注脿𥪝間啘喓英征荣案偈鐘鐄紫涞𣼽超香𫢋𧺃細景𥙩之𦓡景跪𠄩𨆝𫴋𩠓森森潘佩珠小史翁圭於廊丹染縣南𣐙省乂安生𢆥𠬠𠦳𫤯𨑮𢆥𫢩𠄼𨑮𢆫玉底𪵰淎𡎛迻信螉𧊉朱𢞂𢚸堛𠇮沛𨀈蹎尋称當底麻𢚁𭿍邂逅相逢婵娟固𠻷英雄𫨩牢罕𦀊月老車朱𢧚妾拯管包𢀭危沛縁沛刼辰蹺他鄉﨤渃瓢拱𢧚皮丐茟丐硯巾𢯢襊妾吀拖払𦖑擬𬢱秦銀因縁埃窖磋運吏朱擬𠇮當𣅶寒儒别埃麻㐌𠻷㗅買埃拯戈作合在𡗶吹𠊛青眼﨤𠊛紅顔情期𢧚伴鳳鵉路詩于祐路弹相如好逑詠曲拱情𠊛闺阁客文詞庵竹軒梅𣈜𣎃戈是非芇典𡎝煙霞𩛷咹油固𦼞㙁襖默奈之錦羅渃養朱清池賞月坦𦓿牛隘𪽏秧花工欺興動店雪吟特勾神𠱆𠱆歌𢷀包蓓淋𪮏襖旦䕺林棱核葉花迡動塘𠃣𠊚𠫾𦹵急侵疎帶俗嫌勾帶俗主無心客無心竹樁軒永工欺意能某山僧𬈋伴吟娘浪香火生沛𠊛𩙌𦲿𫚳梗如埃為縁𢧚沛勿奈吀払固𢙇情人𠄩边路傳懃闭除払買蹺蹎払𧗱戈𨤮長堤脱㐌𧡊𧵆期故𥋷𥊛風景闭除𨀈娘拱堇魚如払園春景色強𣘃斜坦松昂𦝄𡗶書𥦗墻壁雷傕詩辰𤁕墨𪽗辰派𣘈𨔍之景遇干𢞂仍䀡骨格沕群風光共払娘買𢯢𨖅房文垠吏𠬠間𭓇行親父具潘文浦更荣永𪔠更吨渚丐紅顔買渃𡽫香迻醝吏醒彚𦝄𩄴尺缺𣜾𧷺扦昂坦𦼔曾盎續蹎𩄲𥒥𠇍𫇳喭餒春𠫾春吏吏𤗖情𣘈子𡥵𡥵親母具潘氏春杜首科場乂𢆥更子払經史朱明払畑册習情朱專娘辰𬓲𠬠軒𣒵耕勤敏𢝙沔女工𣈘𣈗𢚸仍啂𢚸雖外唭𠹳仍冲𪧚朱𫨩𡬷腋貞坚𥒥鐄㗂㐌凭𥾽情春身㛪辰分㛪𧷺𬙞浽𠀧沉𠇍渃𡽫𧋻湼黙油𢬣几攤仍㛪刎𡨸𬌓𢚸𣘈払徐欺﨤佳人𧡊春𨻫仍秦銀𢚸𣌋終乍𠬠茄欺𫗒欺於欺欺朝歴事清騷強𥆾眉柳桃強腰海堂皮聀春霄巫払拱算條𩄲𩅹拮𠳒娘㐌呈疎浪牢君子擬渚盡詳本𠊛文脉書香𢚸月涓塘史之仍役春情𦀊紅㐌𥾾𣈗𩇢群𨱽文𦊚期穷期第一曰兼治士夫調服𠊛咍𡦂㐌𢧚堛𡥵爫朱𤏣英才㐌払亘飭三餘𡗶空負几讀書麻科名浽業茄榜鐄耒仕𤒘𭉩夷包除欺旦荣𡚖闭除妾𪾋惜之買払払𦖑觧每唐搊固𡃍之娘呂荣強𢜠几𠽃鷄鳴𦖑強沛用情朱坚𣌋針道聖䝨恪如体𡥵船渃沙㐌勾如切如磋吏勾如𤥨如磨技強堛它巨文章加功𭓇習吏強才志啉漢榜宋科翁自欺𡮈固志改革𢆥辛丑翁招集伴同志謀圖局反対政治爫卷琉球血淚書𢭮朱各朝臣穷各名士底鼓動𢚸愛國𧵑人民𡢐𫥨北圻交𨒣𠇍各名人外北如：具督定宅翁秀昌耒𨖲𠇍提探仍不得志如抇改如認徐修道闭東度染牟秋霜仍䝉旦隊鏖場梗花上苑之讓朱埃娘徐欺𨀈外𡬷𬓲仍𢖵𠊛情鍾欺店冲准房空𪾋挹粉空𪾋𢬗𢆥成泰次𨑮𧗱中圻穷𠇍各伴：南盛山斗秀定鄧採蘋鄧子曾拔虎蔭涵云云穷𠇍翁具道組織党革𠇮𣎃𠬠𢆥甲辰𠫾外國滥𠊚拯固德共才𠫾儗調𪰛劔歇𠄩險旭權庄突吝清閑案矣刁帶易咍𦛌𣷭溇𣴓坤别𢚸𠊚𬑵𨱽事世𭁈冷埃𠳨旦保浪翁㐌的𠄩𦖻欺𣈗外准𫔮階畧辰丙𦎛辰丙𤐝𫷜𧷺審脱迻梭夏戈秋細冬耒吏春隊畨𢖵朱陳䋦情娘買賖𧵆咀嘆隊畨𢖵景鄉𢖵茄娘拱盘桓念西圭𠊛吝呂闭𫢩併祝㐌侯𣹓冬𪧚雪價冲賖吹别固信𢚸朱庒情𬓲拯𪾋呐䏻𣎃𣈗𨻫仍𥊛澄槐求䝨㐌𧡊詔几𧵆納卷几賖𨕭唐文人闹𠽋𦊚方娘卞㪽朱払試蹺真𠄩𥒥随旦払買認圍場𠰘吟𢬣討卷鐄几輸茟𠊛譲喠文場屋𠀧秋枉某名拯才称聀先生勤約操園諸子船𫵈坤都𣷭六經案核畑𠄩伴𪧘梅軒竹蔑𢚸清吏𢜠元氣皮盛群忌爲咍蔑𡨸丁㐌𠇍秋尼底例茹縁芇刁等庫庒赦蔑身吝橘塘科目𠄩𡨸麻役國家才劣辣饒𢧚劔伴𠊚𤷱痗歇福群些君親渚報𢚸更情負粓𡗶襖吒襊踈䕯𨢇情控挂用歆𠇍琰塘臺子陵高秋沫𤿤張騫珥客𢀨蟳六辱船頭罢蠔質摳離㯲檜廊吟索尚䊷工課意㗂朝𠰺泣滄浪𢀨共庫𪽝蒸𡗶吝木爫之朱辱唏瀉𢚸清味耨渃𡍋坦隘𪽏夢葸勤節奇恒捻忠孝念初馬女移昆𡥙渚嫌双曰兀詩書實意寶𠦳𠁀噴珠𠰹玉𠸌旬科扲弄𨑮分固俸𧡊㗂𬬻傳刘平㐌題𨕭榜鐄席捽㤙頒𦹵撑𬮌養底𢚸仁竹立軒梅抉俗塵業𪧘詩疎恒蔑職縁初香火象𠀧身顔淵渃貯瓢群月杜甫詩𢧚筆固神女君親渚報特鞋花群𥾽琰青雲𠯪嗷香桂湯𩄲會𬙽亇渃森圍補功畑册闭𫢩文房娘𦖑信拱𢜠𢚸妥情餒伴𫯳闭想𠳒𡽫審渃溇仍𢖵対愁𢚸圭情𬓲ㇴ皮皮倍𢜠娘吏𧗱圭鄉𧡊信楊禮倍鐄差𠊛迍逴娘冲情初𧡊𢝙𢚸𨖅潮卅廣東於𠇍刘永福喻𠊛越南於边艚爫𠬠党特𠃣吏𨖅日本結交𠇍梁啟超（号飲水）穷各𠊛艚𠊛日𢆥𠬠𠦳𤾓零阻𧗱艚迍翁強邸𨖅日立㑹維新鼔動捐銭南𦓡勸喻伴少年𠫾𨒣学𢆥𠬠𠦳𤾓被𠊛日驅逐沛𧗱艚穷𠊛艚組𦃎㑹越南光復𢆥𠬠𠦳𤾓𨑮𠬠𨖅暹羅耒吏𨖅德𨖅俄𢆥𠬠𠦳𤾓𨑮為固仍𠊛暴動称朱被座案𫽅罪処死永𣎃𬙞𢆥𠬠𠦳𤾓𠄩𠄻被扒於艚𣈗𠄩𨑮𣎃𠬠西会同提刑結案苦差終身𣈗𠄩𨑮𦊚𣎃腊西特官全權𫥨令㤙赦欺於外國固曰报吧爫册仍册固卷餘九年所持之主𡅳同胞補罕𡓃武力蹺𦎛亞拉伯吧非律津故飭学行底𨖲塘文明辰𠊛法仕朱自治卷創造少年南越之方法固呐仍調進歩𦓡政府法㐌𨢟朱渃南吏固曰卷法越提𢹂政見書記獨醒子𦓡册恪女𡢐欺㑹同提刑処罰翁苦差終身國民故飭運動朱翁特他𣈗𠄩𨑮𣎃𠬠西翁会長会中圻相済固𢭮朱官全權𠬠幅電信吀𧍋下顧𦤾翁潘𠊛中圻當沛𮥷𦤾𣈗𨑮𣎃𠬠西㑹㜥接特電信官全權者𠳒如𡢐尼官全權東法答吏翁黃進講会長会中圻相済本聀通报朱𠄩状師辨𫉚𧗱役潘佩珠别浪意本聀定欺𫥨河内仕扒頭察吏糊初私𢬣准樓紅寒暄娘浪㐌𠳒願𪾋醝情伴麻悁払秋𧜖𫋻他鄉𠄼更妾仍𢠩忙奇𠄼北南堆我賖侵愁𬓲似𣷭𢢇管包派粉𤁕𣘈𢬇朱特𣃱𧷺爱㤙矇朱旦㑹竜雲朱𠊛占榜春麻𧗱悲除㐌院每皮払群𢖵交誓𫨩空𫷜㤕㧅蓬綱常𠄩𡦂妾空𪾋移払油拯固信𠳒𪾋吀固𩃳𡗶証明払浪胣仍丁寧㤙葛為情芝𬞕闭𢖵客紅顔别包𥐆咀𨱽嘆亊𢚸身閑油細油𨙝輸特朋棊埃几堆伴𪧘少畑免性涓庄劒竹共梅𦓿𢶢雪吟隊景掬制春泣每頽昆𡥙馬嫌双曰賤𠦳頭柑橘意羅碎斜陽俸我課紅樓世界冬𢧚玉蔑瓢雪朔撩核點粉晷東豸月印鈎𤌋沉水國涓滂鴈篆虛空偷船𫵈群掉拯肯杜𡗶班最約𧗱朱𡬷胣始终肝鐄𥒥𥾽𢚸鉄𣘈章䑓隔阻渃𡽫埃𫨩𣘃栁駭群梗春㤙𢚸别之吀強夭為強親為情払強醝𬌓𢚸貞縁初香焒生強燶店春𤏣篭局𢝙吏捽同交歡娘徐𧗱准房鵉集本聀拱矇浪役𡢐欺察吏仕爫朱本聀固体𥙩丐制度寛洪𦓡答吏𢚸信𢚁𧵑民眾越南対𠇍本聀皮𦒹餘糁𫡦秋𦝄䏧相,Nom
7_corpus-documents-chunomOrg_no.txt,"林泉清永伴巢許礼楽閑制道孔周鉢粓叉如恩社稷間𦫼𦹵隊唐虞絲豪庄固填恩主𠰺廊溋𠇍士儒自欺本聀𪦲𦤾処𣋚夢𠄼𣎃腊西官全權細河内欺𦤾頭庯嘉隆辰固𠬠伴生員各場高冬𦤾𦊚𨑮𠊛同声祝𢜠官全權吧㨢高𠬠幅𦃿曰寔蘇仍𡦂尼翁噅𠊛党社長壽吀救怒朱翁潘佩珠補丐政策属地抑制𠫾曰朋𡦂西仍低譯𫥨囯語如𡢐尼𠫾𠬠觥女𦤾頭庯場銭吏固𠬠伴生員𦤾欣𨑮𠊛拱嵩𨖲𠬠幅𦃿曰仍𠳒祝頌官全權吧吀𧍋審吏丐案翁潘𦓡朱翁特案群如女調生員場高𢺹𫥨底請求𠇍調的當妬官全權𠫾戈仍生員𦖑㗂嵩呼辰𧍋調拮𢃱嘲吧拁𢬣仕捤如意保𧍋㐌曉透朱耒欺各員学生祝頌𢝙辰翁主报鳴固蛰特𠇍丐影翁吏𦤾扒𢬣𠇍翁学生𦓡𤍊𠳒𠸦𬢱功役𧵑各翁爫耒拱固成效欺車官全權𦤾頭庯𪦲吏固伴澄𤾓跪於𫡉塘底𫠿𠬠幅書吀他罪朱翁潘頭固𠬠具㐌𬙞𨑮𢆫頭𩯀白菲幅書𧵑各𫠿𨖲官全權𠳒𨤰窒感動在河内𣋚女学生場高等師範𨖲謁見全權固吀㤙赦朱翁潘在京都化場女学同各姑教穷女生同𢚸𢭮電信𫥨府全權吀㤙赦朱翁潘聖説𩅹春㙮𠃅𫗂東噲客𢖵𠊚賖𣷭潺淶𣼽潮𨖲𬺗催對畑𣅙吏𥋴花𥋴朶花春共嘺𠊛𠊚愁沕没牟鮮花鮮如樣花唭客唭客𫳵𦓡春庒𢝙客保朱花特别詳丈夫坤𨤰𥠭𠊚常共饒㐌𥘀𠳒𡽫著賖伴同心丕沛傷㦖細共埃𤋵𬌓𢚸愁𥢆㐌𫽻𫽻朱衝春𠫾春吏無穷盡固𨤰些兜𢹇買𨦩扒䂨埃些祝𠇍𠳒祝朱泣奇𥪝𠁀𤤰官士庶𠊚渃𫳵特朱𫥨丐𥠭𠊚扒䂨埃些祝𠇍𠳒祝朱𩔖産於𥪝𠁀𤤰官士庶𠊚泣渃据㩀𫳵𫥨丐𥠭𠊚春𨖅耒帝姉㛪喂㩥𢯢制春嘺女壞𠃩逐韶光固𠇍箕𥉫𡥵燕奴迻梭𦰟畑𣛟冊𫯳唭春花𧺀𠬠𠄽挈包意味包情思吟讀輸𣎀𩃳红𠊚賞春些固𨤰空園春些𢲨𠄽抌𧗱書院边𫯳冊漢𠼯唭春買化工𣌋冲悵外幔徔容欺𫗃沫欺𦝄冲欺牟雪欺花鐄欺欺官弹欺勾詩聖欺盘棋仙東桃西桞鮮研春𬞕秋菊團圓𠬠唱随𢧚道室家陳朱意買陳朱娘辰院𡦂徔夫浽払刘易别麻盘徐𣈗占特榜鐄荣𡚖𧗱拯别娘𠫾払強想𢖵強愁払強擬旦頭強傷𢖵𣈗舘迎香詩題皮断﨤娘占詩𠬠𠄩拫抪𩯀絲呐䏻思朗盧風情埃𫨩𡬷胣坚貞秋𢖵𢚁功程别包仍所電报𪧚吏空𢭮𠫾𡢐官𠳨䀡埃提唱𫥨役辰只除督𫥨群自姑敎𦤾学路調認奇𦤾仍姑𪦲𨑮𢆫拱拁𢬣認固預役囯民対𠇍翁潘辰如𦓡吏固仍仉忍心爫調低賎如𠬠排𧵑翁断腸登报鳴譯如𡢐𣈗係埃反𤤰即辰沛誅夷三族双𢘾自𣈗官西𨖅保𫉚𦤾𣉹辰朱亊爫絶嗣𠊛些如𬨨吧不仁低空補丐𦓡俗即債𠇍調約讀者群𢖵𠳒官沙露吧𠬠排官全權呐保公眾浪：＂茹渃保𫉚勤一空犯𦤾風俗例律𧵑民本処帝＂各茹該治拠世𦓡承行令𨕭𫢩碎吀計底讀者别丐政策保存㐌窖施行𫥨扒翁潘佩珠特𨑮𣈗辰員知縣南𣐙縣所在翁潘欽稔𦤾奏官使浪：𫢩老潘佩珠㐌被扒吀官𢀲朱扒奇𠇍𠊛𡥵𧵑漢𠫾埃拱别官使𠊛公明知𧥾𧍋𫽄䁛𠳒呐無理𧵑仉碎伵𧍋双買𡢐員知縣聀浪𠇮仕固功蘇𧡊官两慮辰頭腮呢嫩女浪：＂𥛉翁𢀲空朱扒眾奴辰眾𡥵𠲖𡢐翁𢀲𢪀吏辰㐌𬨨耒吒眾奴當黙䋥𡗶＂庵高庵𥰊達隊層泣輕𠀧阻吏平抉竹𨀈戈𢚸𤂬賞梅𧗱踏俸𦝄枌榆了鳥傷圭𪧘松菊逋持汝役恒蔑丿清閑工課意千金約対特咍庄＂别𡢐尼眾奴炙迍𫥨外囯縱橫𦓡継業吒𤾓𠦳𥛉官𢀲吀𧍋𪽋心＂貪閑另典江山𣈜永袩制蔑庵葉𪀄呌花侈動窻香羡𤌋初殘湄秋𠀧塘菊春迻蔑𪽏蘭隐奇路之城市女芇羅拯坦茹官寔固利害朱茹渃大法𡗋禀翁𢀲边法拱如边安南眾𡥵固勾浪：＂蒌蝼吒𡥵＂吀翁𢀲畑𡗶炤依𠳒眾𡥵及悲𣉹𦓡除截偻逆𠫾呐買官使沛轉𢚸讀者察䀡𡥵𠊛𧡊呐了㐌固効果辰花𢬣𦬑𪖫𦓡唭嗆𠳗𠰘𠽌𦤾芒腮滄浪𠇍坎蔑船鈎景邏店清興𪽝月木頭𡽫鯨唯㗂𤌋散𩈘渃空樓扛山淡特圖𠄩幅世界冬𢧚玉蔑䕯些乙𢚸明文正女盃初庄管刁歐聀浪節西𦤾低𠃣𫥨拱特刀𥘀北斗佩星立即固札𧗱廊飭正縂里長耆𦤾扒𠄩舅𡥵翁潘𨖲縣裊固咹𪰛固慮庄朋掑哎孚ㇴ𣈜閑𩦓卷䀡周易店永尋梅伴老逋㐌别權饒險旭朱咍塘利拯觥觚從尼谷特皮欣舌渚易平埃旦買都𫽄呐𫽄查拠送𪾋𠇍𩛷耒解省𡢐𧡊各舅䝨伶别身分空㖡之吏因省少仉侯下辰員縂督吀用舅英撅茹傷群舅㛪辰扒𠫾附載車烏蘇耒悲𣉹辰扒爫柴伵朱𠇍注陪行粓西民安南𧡊事残忍如埃空𤴬𢚸𢴑𦛌眾碎保𤑟朱公眾别吧試𠳨𡥵丐翁潘佩珠固罪情夷𦓡沛𫼳苦辱如丕辰空沛翁潘欺出外㐌𡞕辞𡥵耒啊抑刼堆永吒𦓡無罪如寔𠍦𬨨寔低末𬨨茹渃群𢜝之𠎪𣌋㐌離吒於茹𠇍媄闭𫢩辰群漸染牢及丐主𧵑吒𦓡别塘革𠇮役員知縣唿扒𠄩𡥵翁潘如𠊛越南埃固心罕沛朱員空沛𠊛越南女民眾碎𬇚約浪排仕透𦤾官全權𧍋𫥨㤙救𢵼朱𠄩𡥵翁潘脱𫒥奴隸敬呈官全權透朱爫𢧚價重名髙荣銀笏緑袍𪽝埃𠫾麻拯𤏣排亊情尼别𠳨埃朱詳縁窖𫒂𢬥𨔍如董永﨤娘仙姬𣋚𣈕𨻫仍堇魚䋦相思别包除衝餒𬓲競ㇴ边𢚸吏群責浽同𥦗薄情𫢩𢜠珥𨀈𩄲𩇢吏𨖅制底䀡情𡢐買傳懺軍侯習耀網架𨇒毛𨕭唐伵柴皮細外墻楊公𥋷𧡊倍鐄𨀈𢬣連逴茹𪾋吀𠶆博新科連𡎢辰倘典吏衙𣅶𠓨謁礼𣅶𦋦開詞浪碎执政典除包饒功料𣈘𣈗没𢚸公正討𬆄麻埃誣呌役尼朱碎髙明吀𤍊畑𡗶查𠊛誣告𠳨𠊛冤愆府官𦖑呐倒顛𠵩浪法扲權刼民牢空𢜝固鬼神麻眉呐仍分欺誣傳計礼雷傕𧛇刘㐌排𠳒呐浪冲情堆些情伐木断金初𫢩冲曲弹琴高山流水知音𠊛仍𢖵渴𠳒戈低因便制𠳨𡗶𣋚唐吏群賖奚插底些𨕭唐浪㤙博固𢚸傷駭徔且㐌倍鐄之英㛪冲故知賖𥸷胡易欺旦茄徐𣈗𦖑㗂吨賖𧡊信博杜寔𢜠台矇朱简役茄尼功碎拱定𣈗𨖅制情冲𨑮𢆥𡗶𣈗包饒吏𢖵𠊛闭饒𠠩補𭣣𡢐庒𢜝法𤤰咹乾单原開㐌𤍊詳麻眉吏仍塘虐吹仍想𠃣𥊛𬲢梗春渭北𩄲朝江東旦𣋚𫢩買重逢𢜠𢝙㐌妥𬌓𢚸渴滈法公據炤律𡗶駭朱各聀許囬生民府官判保殷勤即辰𨆢𨀈𠓨𡑝後堂𫺶台朱侅總鐄浽民誣告浽官吏乾闭除息𫺶衮昂招兵買馬𨷑塘威風房眉𫽄趂保姨侯沛嘲博𠹲房𠳐傳保闭𣇞𨀈奴據呈疎如𠳒𦖑信娘拱𠽋唭整粧娘買尼公堂払刘𥆾𤏣床娘嘲渚𢴑意払㐌𫨩即辰呈排浪㤙官博别𣈗涓𠽃朱功業院全無情怒意𪾋吀恕情𢘾㤙英姉功程𡦂㤙強𡦂情強針寔重情深𢆥刻骨盟心群𨱽闘㝵𠫾羅𥒥𤷱唐花咏勿竹論𨴦牕豸侵唏𪹷㗂猿呌隔𡽫核葉傘𩂏庵沫清月現俸𡃋𧒌𦣰鶴吝𢧚排伴类邑共些𬈋丐昆席耒辞謝𠬠𠄩徔容𤏣𡑩唐梅吏𧗱払自鴈㙮荣𡚖欺𢧚𡗶𢩾毎皮毎𢧚功名㐌珥𨃴仙室家吏﨤良縁晋秦泰来𢜠㐌旦旬门庭𣈗吏添春𠬠𣈗𠬠茄桃李森圍𠬠𡑝槐桂聘排卒鮮𠸦朱當飭英䧺兵𠦳将同ㇴ方𥪝𠇮固玉金剛姅𢆥江浘方隘秦威鋒凛冽方民庄咍立立㐌𦊚𣈜𣎃平梭蔑丿唭世事𠊚奴㛱節𬙞人情埃塢菊夢船棹店月滝碧核旦𣈜春蘿鮮富貴庒貪清似渃𢚸芇尾某唏府官𦖑㗂𨑮方驚惶𭣼斉兵馬倍傍夾功决罕唐交兵𠄩边當𣅶𢧐爭几𫨩武芸𠊛刀弓𢘾禄渃隊㤙𡗶𠦳𫷜富貴𠁀𩔰荣本𠊛文𭓇科名風流搊𠇍才情劍欺詩阁𣅶楼招韻李白瓢刘伶欺棋舘𣅶琴𠅘棋昂帝释弹檠把牙𠇮強富貴荣花𢚸強擬旦𧵆賖頭㤙𠫆闭鐄易者朱孚㤙𠊛情計别𠇍𨑮始終𪾋負𠳒始終交遊意㐌衝女流如妸珠竜吏強侅鐄𫥨飭英雄府兵欺㐌調穹雷軍兵㨂方𡗶𠊛德行氷霜劄國色天香ㇴ寔𠊛烈女不更𡦂貞天古𭄁名群𨱽朱𫨩𡗶拯𬓲埃𡦂心拱貴𡦂才拱傷固忠孝固綱常固𪝉節固唐始終役夷辰拱𢧚功役夷辰拱調穷安𢝙房文因𣅶𡎢耒傳初麻𥋳朱詳天子萬萬年刘平新傳吟畢学路别意𠓨疎官榜𧍋差扒𠓨𠳨瓊踈浪碎𪜀学路𧡊場官𢀲評文碎旦𦖑滥官榜呐些别英停假名学路𦓡扒酌従𪀄𤝞固沛𪜀学路些𫥨朱𠬠勾対空対特辰打杶空他瓊𠳐官榜𣦍𠬠勾䋲鬼揞丐斗𣁽元瓊対應口浪𡥵木𢭸荄旁茹榜眼官榜𧡊瓊出口成章固意愛才餒朱咹学瓊学進細𡗋期文芇拱評自𣈜場学官榜固瓊𠓨各学路名士劔名價𠫾官榜𧡊瓊学力大才固意闷嫁氏點朱𦓡氏點𦖑拱順瓊别浪點𠓨𢬣𠇮妥特約願双性固羝只𬅳𬆄仍亊箕怒𫥨抃𠓨𠹳府官輸𧼋𠓨尼城池𢧐爭陣兵威特輸買度溋吝府官度撫民差軍飛报詞申朝堂氏點𠊛端正空𢛨𠻀𠹳麻瓊吏強皆𠬠貝最氏點𢷀幔觧詔只群涂蹎耒𠓨𥆐瓊連𠓨𦣰張榾㠶𨖲氏點𠓨幔𨀈蹎𨖲床沛秩𠇮語𧋻𪢈别瓊讀𬆄𠬠勾対底抒𢢆台朱侅總鐄闭除决罕没塘進兵兵威蹅覩𠀧城官軍闭度㪚情𦧘昌仍算爭伯图王信疑群刎𠄩塘𢧚庒卞隊𠀧妸小妃𢧚庒可呐皮些𦖑進破城池𠄩歸順辰皮欣𠀧㛪可呐𤍊詳底朱英特塊塘狐疑娘奇疎呐即辰妾吀呈呐払辰沛𦖑帳内無風㠶自立瓊対連𬆄浪胸中不雨水長流氏點吏讀勾女𣘃昌𧏵𧏵坦𧋻竜刎还竜瓊吏対𬆄菓荼𤝞𤝞𣦎𡬼鼠制辰鼠爫朱馭藏少之聀重少之官𢀨庒貪錦𫃚泊鐄干夷麻沛爫塘逆凶𣎏𣄒爫𠊛節烈孝忠𠃣𡗶庒負𢚸埃𠦳𢆥底㗂𧗱𡢐黃巢王莽𠸦悲除𥪝䏾妾疎𪾋吀决断𢌌払𦖑娘呐𠳒払𦖑娘呐𠳒唭浪：""㐌丕群辰娘𠄩分明的確𠳒底些推吏䀡排欣""娘浪：""隊㤙𨕭𢌌朱妾特疎連没𠳒道梏罷𢚸誠信合𢚸埌香𤌋接傳𦋦味香盧玉𠖤賖敬誠求愿仙爺證𢚸吀神聖𨘗搈騎鶴𨑜凡塵踣挌車仙𣈜𠉞弟子恳愿𠃩層𡗶𡐙通傳證知𢚸所望拫記禱吿𢘾恩𨕭補報福𫅞慈悲駕御𤎜門禅弟子𢜏𠉞有惠緣𠄼色花𩹯吀敬禮𣍋矇上帝洒恩天天恩惠照降禅明誠敬長春酌酒瓊樂興叩躬皆勉禮脱災百性仰恩生梅春月菊味茶香敬禮誠心獻寶漿仰望慈悲加濟福開明大道護清平南無一愿大道弘開二愿普度衆生三愿舍罪弟子四愿天下太平五愿聖室安寧𥪝天下包𣉹朱𣍊𡜤𡗶生𫥨本底麻制朱𡋿坦竜歐㵋適𡜤包子芸制强歷他胡朱曲𡁸姉㛪唭𠊛𠀧𧵑𠀧類嗷喭𨤰如埃辰𡜤沐固殘固傘固香案固盘讀意㵋别浪𡜤固宗江胡拯空泣南北東西㘃㗂𡜤𨑮方𡜤朱𨇜𢒂群𠬠方底𫯳劍吒丐𢼂𣑯紅",Nom
9_mong-lien-dinh-thi-thao_no.txt,𡥵𠲖悶𢧚身𠊛𤳇時讀册吟踈銇𥓄經史㡳徐開科,Nom
9_mong-lien-dinh-thi-thao_no.txt,女枚綏特業茄拯𠮾拱体柑𥑥𢒂𣘃㦖朱固帝固低山林渚易沒𣘃𢧚棱惜台核桂𡨌棱,Nom
9_mong-lien-dinh-thi-thao_no.txt,㡳朱䋲𫣢䋲儂奴繚𡛔時𦂾錦絩花列鐄𠬃𧜢金絨别浪君子固用些庄払𠲖負妾爫為妾如𩚵𪸟拖欺𩛜𢚸𠬃低𥙩妬𫳵停,Nom
9_mong-lien-dinh-thi-thao_no.txt,㛪吱柑𥑥𥙩沛槁󰓤槁󰓤半𠬠銅𨑮柑󰑯銅𠬠槁𡎢猪猪湄徐𥪝𡶀湄𫥨湄边天下湄戈厨柴堆些㐌﨤饒低,Nom
9_mong-lien-dinh-thi-thao_no.txt,如𡥵𤙭瘦﨤𪤄𦹵𧀒吉󰘰󰊊吏𫥨鐄𫺓咹粓𤽸渃冲㛪󰓁庯吉大同共英固埃󰓁庯大同,Nom
9_mong-lien-dinh-thi-thao_no.txt,𠳨𠶀姑秀固𫯰𫨩猪固𫯳𫷜外𫷜𠸗,Nom
9_mong-lien-dinh-thi-thao_no.txt,𫷜𫢩𫯳𠬃如猪固𫯳次一辰瓢支稜次𠄩𣘃契同登駈驢同登固𢇴駈驢固娘蘇氏固㕑三清㛪󰓁處諒窮英,Nom
9_mong-lien-dinh-thi-thao_no.txt,𢬣扲瓢𨢇捻腩挭鐄𠫾覩滝吳𣈘𣈘思想𠫾𢺀滝滄𡄩共𡗶侼𦊚方厨尼碎𠫾𡬶伴𦤾低,Nom
DVSKTT,大越史記外紀全書卷之一.朝列大夫國子監司業兼史官修撰臣吳士連編.按黄帝時建萬國以交趾界於西南遠在百粤之表.堯命𦏁氏宅南交定南方交趾之地.禹别九州百粤爲楊州域交趾属焉.成周時始稱越裳氏越之名肇於此云.鴻龐氏紀.涇陽王.,Chinese
DVSKTT,諱祿續神農氏之後也.壬戌元年.初炎帝神農氏三世孫帝明生帝宜既而南廵至五嶺接得鶩僊女生王.王聖智聰明帝明奇之欲使嗣位.王固讓其兄不敢奉命.帝明於是立帝宜爲嗣治北方封王爲涇陽王治南方號赤鬼國.王娶洞庭君女曰神龍生貉龍君按唐紀涇陽時有牧羊父自謂洞庭君少女嫁涇川次子被黜寄書與柳毅奏洞庭君則涇川洞庭世爲婚姻有自.來矣.貉龍君.諱崇䌫涇陽王之子也.君娶帝來女曰嫗姬生百男俗傳生百卵是爲百粤之祖.一日謂姬曰我是龍種爾是僊種水火相尅合併實難.乃與之相别分五十子從母歸山五十子從父居南居南作歸南海封其長爲䧺王嗣君位.史臣吴士連曰天地開肈之時有以氣化者盤古氏是也.有氣化然後有形化莫非陰陽二氣也.易曰天地絪緼萬物化醇男女媾精萬物化生.,Chinese
DVSKTT,故有夫婦然後有父子有父子然後有君臣.然而聖賢之生必異乎常乃天所命.吞玄鳥卵而生商履巨人跡而興周皆紀其實然也.神農氏之後帝明得鶩僊女而生涇陽王是爲百粤始祖.王娶神龍女生貉龍君君娶帝來女而生育有百男之祥.此其所以能肇我越之基也歟考之通鑑外紀帝來帝宜之子㨿此所載涇陽王帝宜之弟乃相爲婚姻蓋世尙鴻荒禮樂未著而然者歟䧺王.貉龍君之子也缺諱都峯州今白鶴縣是也.雄王之立也建國號文郎國其國東夾南海西抵巴蜀北至洞庭湖南接胡孫國即占城國今廣南是也分國爲十五部曰交趾曰朱鳶曰武寧曰福祿曰越裳曰寧海曰陽泉曰陸海曰武定曰懷驩曰九真曰平文曰新興曰九德以臣属焉其曰文郎王所都也.置相曰貉候將曰貉將貉將後訛爲雄將王子曰官郎王女曰媚娘.有司曰蒲政世世以父傳子曰父道.世主皆號雄王.時山麓之民見江河濮水皆聚魚鰕率相魚食爲蛟蛇所傷.白於王.王曰山蠻之種與水族實殊彼好同惡異故有此病.乃命人以墨跡畵水恠於身.自是蛟龍見之無咬傷之害.,Chinese
DVSKTT,百粤文身之俗盖始此.雄王六世武寧部扶董鄕有富家翁生一南三歲餘飲食肥大不能言笑.適國内有警王命人求能却敵者.其日小兒忽能言告其母邀天使來曰願得一劍一馬君無憂也.王賜之劍馬小兒即躍馬揮劍而前官軍從後破賊于武寧山.脚賊自倒戈相攻死者甚󰕛餘黨羅拜呼天將即皆來降.小而躍馬.騰空而去.,Chinese
DVSKTT,王命開所居園宅立廟時祀焉.後李太祖封爲冲天神王其神祠在扶董鄕建初寺測.周成王時我越始聘于周未詳第幾世稱越裳氏献白雉.周公曰政令不施君子不臣其人命作指南車送還本國.時屬季世王有女曰媚娘美而艷.蜀王聞之誥王求爲婚.王欲從之雄侯止之曰彼欲圖我以婚姻爲由耳.蜀王以是㗸怨.,Chinese
DVSKTT,王欲求可配者謂群臣曰此女是僊種才德兼備者方可爲姻.時見二姻自外來拜見庭下求爲婚姻.王異而問之對曰一爲.山精一爲水精皆在境内聞明王有聖女敢來請命.王曰我有一女𡸈得两賢乎.乃納來日能具聘禮先來即與.兩賢應諾拜謝而歸.明日山精將珍寶金銀山禽野獸等物來献.,Chinese
DVSKTT,王如約嫁之.山精迎回傘圓高峯居之.水精亦將聘財後至恨悔不及遂興雲作雨激水漲溢率水族追之.王與山精張鐵鋼横截慈廉上流以扞之.水精從别江自莅仁入廣威山脚緣岸上喝江口出大江入陀江擊傘圓處處𮢶爲淵爲潭積水圖襲之.山精神化呼得.蠻人編竹爲籬禦水以弩射之鱗介諸種中箭避走.終莫能犯也俗傳山精水精是後世讐每年大水常相攻云.傘圓乃我越巔山其靈應㝡爲顯驗.媚娘既嫁山精蜀王憤怒嘱其子孫必滅文郎而併其國.至孫蜀泮有勇畧乃攻取之.史臣吳士連曰雄王之世建侯立屏分國爲十五部.,Chinese
DVSKTT,十五部之外各有長佐.而庶子以其次分治焉.其五十子從母歸山安知不如是耶蓋母爲君長諸子各主一方也.以今蠻酋有男父道.,Chinese
Hong_nghia_giac_tu_y_thu.txt,洪義覺斯醫書卷下十三方加減杏檀因課回春笔花藁本賴論良醫邦󱊻德聖伏𦏁傷蒸夭札不時堪愚仍㝵鄙婦鄙夫𫃚帶藍圖惑世𪝪民求賒𨻫仍底𧵆芾咍心主一身箕羅㝵生於世間些埃埃庄召氣和陰揚罷蒸居處不常朱𢧚外感內傷妄求字浪血氣周流百斜不幣意調正言㐱𫢩榜櫟才閑草萊賤士敢番稻禾𧡊𥪝先覺醫家國音藤草邁𠀧方尼仍唎叔厶㐌咍中間課怒𡗊柴違抄失粘枘鑿混淆渚埃正確方芾粹精丕卞查吏真經參詳鋟梓劄名曾牌底濫後學世階敢勸下智袩制默𢚸雖浪淡淡庄濃雙𠻗意共通通經權醫師芾沛才閑回生起死買𢧚柴𠊚貫通血脈每尼出經入史固才真儒五行子細沉浮陰陽標本實虛急遲補攻表裏甚微望聞問切世時合圓用藥如用兵焉救病救火買𢧚助代埋初雖固於𡗶𨍦𢧚共固姅𠊚姅些陰陽燮理調和醫民醫國停囉拯林次一牌不換金咍助男女陽陰拯調𠇮𤴬頭𤴵熱朝干𤈠干冽歆鬧嗎痰或𠊚染氣山嵐拯消邏渃症蓝庄通或羅嗎沚𣳔𣳔赤白下痢𠫾同淋漓袩朱別症麻推窖爫料律用時𢧚功扒加暸特𥪝𢚸停歆埃遣底防設施藿香甘草陳皮𠀧銅蔑味𤀞兮劍欣蒼朮時浸米泔半夏厚樸時湯渃薑厚樸斤覩銅蒼朮庄可料空麻林斤函𫩉吏麻斤𠀧銅朱𥗾庄堪𠃝𬲢半夏共𥙩閉饒割爫蔑料紙𤽸連封杜蔑鉢渃哿滝生薑片貝共行鮮𠄩矩全體朱𨱽用哿𣠲蘿渚𢙇補之菓棗卜補紇多𥙩𦧘菓共時割囉混𠓨盞束調和邁分𥙩𬙞𣴓朱𠀧分煎退温服頻頻邁分怒拮𠄼分吏濫或怒口燥心煩料加乾葛麥門前柴𥗾頭𥗾𩈘拯移川穹白芷尋隊菊花細辛藁本薄荷濇𠓨調和連跬庄差或群𤴵𫘴𤴵𦖻石膏燶焒散𠄩銅前飾精朱𡮈士算調束和服吏安即時腹膨腸滿饒皮𠀧糝枳錯𥙩皮去仁半夏姜製平分縮砂去𤿭𥙩仁𠀧銅㕵𠓨消食寬胸心腹脹滿開通閉除𤴬昌𤴬𦧘勿爲羌活赤芍桂之麻黃𦊚銅蔑味朱詳𤴬䏾官桂乾薑吏用𠄩庶蔑味𠀧銅調𠓨溫服𢧚功庄遲冷瀉症意危𣈙訶子荳蔻連𢬣加𠓨訶子果渚饒去仁𥙩𦧘割𠓨朱安荳蔻果共𢧚下痢濃血症爫喓𠻗庄通𠡧欲噫噫後門𤴬𨤼𧁹𠫾外塘歸芍枳悫檳榔黃蓮白芍大黃木香行氣養血潤腸煎𠄩吝㕵疾𦍛散空各味蔑味𠀧銅溫溫而服中𢚸現台体群症㾯𠻗絏蔑𣈜𠄩𣈜吏𤼵蔑干姅𣈜衛劍分陽常山草菓檳榔共齊𠀧銅蔑味朱苔發過姅𣈜属𧗱分隂爫朱沛法渚林用𥙩白芍柴芩芎歸烏枚半夏青皮𠀧銅蔑味渚兮劔欣尋朱覩束麻爫濇退㕵頼𨎟干蔑除奴麻喘急氣呼𠄩銅桑白紫蘇𠀧銅麻黃去節庄用吏𥙩𠀧銅合共桑蘇煎湯朱㕵欺奴待安症喘嘺户嘺奈㖹㘃連𬙞連咍邁𦖻紅𫉅貝𦵚丁服𠓨連蔭胃經㐌症㖹㘃吏伶仍仍或怒真𪮏發𫇁木瓜樸腹合共五加腹中氣塊庄和蓬莪枳壳共羅茴香吏添香附檳榔塊消進食腰當耒尼油麻鐄固𪚚𪮏時些庄对方尼朱埃從容吏論次𠄩朱別蒸牌各二陳湯功咍助每症痰朱詳標本仕袩麻用㝵芾痰積娘竜𦍛如固默於𥪝咽喉𤈠冽𥗾古𥗾頭欺𥗾欺珥欺𤴬欺盆𥪝𢚸兆皂辱煩𠽆痰庄𡬈咯痰庄囉固欺𫏾𣑩袩過乖頭運勿空花排行固欺亞仍渃黃聀午署舌魔恾占包固欺咹冷庄消𨀈囉沛𫗄囂囂𤴵頭固欺烘𠖾除𥹰𩈘𪖫油油袩体庄鮮庄𬐩𠰳呐𠰳唭渤𭉷吏固腥灰丸痰固㝵病後虚寒脾虚濕化痰涎坤馭仍㝵茹庫氣虚共㝵𢀭固咹𩛂𠮾裴𡛔𤳆𦓅𥘷埃埃邁㝵坦糝𠃩㝵痰門平㝵𤷍𤶹痗𤶐火陽鬱熱隔痰上焦係羅症邏包饒意痰變病共招二陳半夏𥙩𠄩銅斤切羅薑製調勻煬黃陳皮去白庄恾披枯兩斤咸煬過茯苓去歇皮膜切羅仕料斤奴𠄼銅去皮甘草庄用倣料𠀧銅𠄼斤生薑蔑鉢渃哿煎湯用文武火常常和匀邁分仿𣵲𠀧分去滓湿服隊旬合朱庄耐欺𩟡欺𩛂𣈜𠄩伴㕵矯𠰷症之或羅㝵𤽸肉肥密炙黃芪朱𠀧銅𥙩人參𢫣𠄼分𠀧銅白朮四君添𠓨㝵𤷍𠃝血氣饒火痰𤶐痗𬏩癆呼𠻃痰燥發熱固干班朝産沃然然吏盆若平干㾯冽撴意症勞咳火痰血虚熟地白芍柴胡芎歸地骨𨢇炒枯芩濇𣴓底朱歆歆𦝄盞竹瀝𠄩分渃薑撰尚無病竜男𦝄盞小便合算渚饒潤𠓨共服和調補陰降火痰消庄遲京味𨢇𦧘朱世倣㕵蔑𣈜𠀧伴拮空𤴬頭白芷川芎心煩竹瀝合共棗仁石膏竹茹平分係羅蔑味時斤𠀧銅或羅加麥門冬去心仕𥙩𠀧銅料斤或羅脾胃庄純體𩚵徒噁𩛷咹𠃝饒啞洙𠰘䔲庄消陳皮白朮時炒朱黃砂仁白荳丁香𠀧銅每味沛方時枵群干來往熱潮柴胡𡛤兩渚饒庄堪𨢇炒𦊚銅枯芩前胡𠀧𦊚銅斤熟𢚸朋虚痞滿心胸䏾胣水瀉工𢚸渴咍赤笭白朮桂𠫅豬苓澤瀉紇核馬蹄紇意卜𤿭煬𠫾赤苓共桂去皮朱衝各味蔑味𠀧銅健脾吐瀉𢧚功庄遲或咹𧵑冷肔苔𥪝𢚸擁脛店𣈜淫夷枳壳厚朴青皮枳實蒼朮些時料加山查神麯麥牙各味蔑味斤朱𠀧銅㕵𠓨連別𠲝𢚸進食消導固功異常或羅飲食內傷脾虚肺弱肔常辱耗意陽陷伏下焦參芪歸朮尼料補中陳皮去白買用各味蔑味𠀧銅朱奴吏用升麻柴胡𥙩藍佐使執扶事功升柴蔑味𠀧銅導引元氣𧗱共肺經自然元氣流行氣血隨運連清症痰推量朱別仕藍油及經權些仕扒加牌尼劄於次𠀧固方達號名羅參蘇咍助瘴瘧務然然𤈠冽皮膚傷寒𤴵頭歹𪖫呼痰啞苔𠄩𠰘症藍嗎看往來寒熱固干俸時吏嗎渃黄隊欺㝵𦓅男女小兒体埃症意料時論朱赤苓半夏前胡人參乾葛紫蘇共齊𬙞銅蔑味朱苔精研𤀒用羅𪮏仕藍木香桔梗陳甘𠀧銅蔑味渚爫欣之枳實共平桔皮薑用𠄼斤渃時蔑鐘矩行菓棗吏用煎湯温服痰通呼停戊灰淫濕囉𦝄油包饒症凌凌又伶或羅鼻血渚清煬𤈜紇𦱊蔑銅𠄼分烏梅天門茅根蔑味𠀧銅煎服吏安脾瀉𠀧銅轄蓮扁荳澤瀉吏添𠀧同唉群嘔吐渚衝藿香𠄼銅𡛤兩砂仁体群干𤈠頻頻加添柴芩和去木香束藍須據本方加減朱詳袩別病機論朱別症實虛痰火氣血精麄買牟參蘇𨎟𥙩藍頭或穿或合囉兜仕尋恩柴規料㐌𢧚吏咍停底唯傳代𨍦次司四物強牟爫主分血於頭𤾓方彈婆産後胎前血虚發熱勞煩罷兜泖冘庄正月候𣎃𡗉躺𠃝𨎟𨍦庄和頭𪭮眩彙眼花赤白帶下閼囉洟洟小便赤澁淋灕𤴬𦝄痗膾腹臍共𤴬𠄩昆𬑉𣠶𤙮𤙮真𪮏痗𥘀多兜辱煩彈翁燶𤈠𤷍𤷱稟氣薄弱蒸煎常例渚群習俗𠳒閨噲浪男女病時中風意𪜀泖𠃝氣衝四物調用渚硙爫之係羅男子女兒血虛持補渚尼埃埃當歸時補頭堆浸𨢇割耒斤糝銅斤白芍浸酒和匀煬過倣料吏斤蔑銅川芎平芍默𢚸熟地蔑銅渃𨢇煬過蔑缽渃哿煎和仿邁分濇𣴓𠀧𦊚分或班𥟏嘅精晨或班朝𥊴囉旬血通𣈜𠄩吝㕵𢚸空氣行血運連通每皮㕵饒強孟惜之𣎃冬加桂去皮朱奴料螽時氣𦊚務平及𣎃夏柴芩共𢧚務秋加天麥門去心渚用加補固功川芎麻黃防風春郎及節須用𥙩朱群干𤈠冽渴枯合小柴胡清血絡宮或羅經閉庄通紅花蘇木合共桃仁頭疼眩彙艱屯菊花羌活細辛須培煩渴渃庄欺宜麥門乾葛烏梅吏用赤白帶下𣳔𠖿藁本牡礪合共牡丹加川續斷共𢧚唉袩𨍦𨎟泖穴爫例奴麻秩吏先期泖鮮洞濁係𠫾時饒意症火鬱三焦血海絡胞熱氣烝淫倍加生地條芩牡丹地骨沙參連翹倍用柴胡朱饒紅花少許清調子宮或奴𤴬䏾𤴬𦝄後其体𠃝工𢚸出叉𧹼顛參探色花体時𤴬沕泖囉絏丸意𥪝血海縮寒滯氣凝血朱𢧚磊期因蒸泖𪧘渚𪠞泖買緩遲渚及新生乳香艾葉慘伶尋玄胡索五灵脂用散篩調束和用少許便童和共𨢇唁調和盞束服温氣通血暢滯散𤴬停庄群𤴬䏾𤴬𦝄泖𪧘散耒泖買連囉月經渚利渚和牛悉蘭葉料麻添朱或羅奴固㗂呼杏仁桑白葉蘇麻黄体麻群症渴煩北森竹茹散丸石高,Nom
Hong_nghia_giac_tu_y_thu.txt,𦣰麻庄扖盆牢人參淡竹石高渚移血崩𢲣仍泖鮮燒灰蘭子共灰蓮房肺虚陷下血通茯苓甘草合用害之升麻柴胡黄芪白朮加補泖𠫾連停體群恍惚麻忙棗仁遠志伏神硃砂𢚸群煩𤈠悶迷柴芩百合骨皮吏加或固氣塊徵河三棱芃朮蓬莪吏用𤴬丸苔息娘竜枳實厚樸合共齊饒青皮半夏強牟吏添甘草平饒渚𡗉㕵𠓨𤴬㐌疾消咹言氣血吏調如初䏧黄𩈘𤷰盧蜍茵陳白朮陳皮乾薑山梔卜紇麻煬𠄩銅蔑味量料麻推体麻𤴬𤴵四肢乾薑胡索桂皮共𢧚血燥庄利大便桃仁澤瀉大黄牡丹奴固血痢風腸枳壳介蕙合共黄蓮木香栢葉共𢧚後門𤴬曩檳榔仕用阿膠庄可爫空堝𤬸燒烘炒過成硃蔑味𠀧銅朱奴㕵連止痢泖收肝藏或羅胎動庄安條芩白朮渚爫芩枯砂仁香附紫蘇艾葉枳壳啥卢料量𠄩銅蔑味仕藍㕵𠓨胎婦特安特全或群苔息渚安𣠲荄濇𨢇朱咹買伶蔞萱常𥙩𤋷羮四物常服時伶母兒宁牌四物麻推袩蒸加減謹隨丁寧次𠄼吏論五苓軫實方伶助課夏天症藍燶𤈠渴煩㕵渃連連庄別浪奴水瀉歆翕皮膚表裏庄除渚解渚衝𤴵頭痗古𤴬𦝄腹脹瀉泄庄停渴滈脾虚霍亂𤴬绞渃𠫾小便𧺃𣑯平邦𫏾時些據本方加減朱詳料律朱精赤苓白朮豬苓澤瀉蔑味𬙞銅朱奴桂肉些去皮麄切囉仕𥙩斤朱𠄼銅濇退連𣴓朱滝徐欺蠻沫空𢚸仕筭陽毒熱毒發瘢心經火動泖連推囉法加白芍升磨尋𥙩桂肉去囉朱耒狂言亂語隊退喎邪口眼埃埃󱨷羕硃砂散蔑銅錢調湯和㕵㐌𢧚方神体群黄疸𢬣真時些加蕙茵陳木通或群煩燥心胸柴胡桔梗合共棗仁奴麻霍亂轉筋藿香姅兩吏𠄼分茴木瓜去𦛌朱耒吏用薺茴庄可爫欣身体拘急拘挛𠄼銅麻黄去節強咍𥪝𢚸氣塊胣苔棱莪加補塊㖠散𠫾痰加半夏陳皮陳時去白夏時制薑頭東眩暈芎羌鼻血煬黄紇𦱊渚差𥙩𦧘去核烏梅加減味桃固主固碎小腸痛氣加茴渃群悶㕵尋隊葛根呼加五味杏仁喘用桑白橷玲法藍大便秘澁大黄朴硝散𠃝煎湯調𠓨庄安心氣虚耗人參竹茹石膏默𢚸竹葉共麥門冬服𠓨安𢚸沫美矯慮往來寒熱渴枯用小柴胡合共本方骨氣戰慄庄安茱臾枳壳調湯吏伶方尼特號五苓功止渴瀉吏清小便道尼埃學埃專油及經權些仕囉𪮏吏袩圖次計排次𦒹方尼羅玄武湯務冬節冷嚴霜固功扶氣衛陽特全係沛中風傷寒真𪮏調冷然然𤴵頭胣時苔息勁𤴬雖燶𠇮頭離燥戊灰脈時欺𬑵欺𨱽欺哿欺閉參差庄調㐌呼時吏熱潮𣈜𣈜冷瀉囉饒症坤束尼泡製法群,Nom
Hong_nghia_giac_tu_y_thu.txt,坦壁蔑丸尋買東方𥹰𣈜澮氣陰陽坦散白朮煬黄朱戎白朮斤𥙩𠀧銅共蒸各味合用朱奴茯苓時去皮膜割耒倣料斤朱𬙞銅白芍朗酒墨弄斤𥙩𬙞銅吏齊朮苓甘草去皮買令附子白朮底停爫湯缽渃𠄼斤生姜火用文武濇煎調和邁分時倣𣴓𠀧服退袩此減加味之身体疼痛隊欺尋加羌活桂皮防風𤴵頭白芷川芎薄荷藁本合共細辛呼痰五味杏仁枳壳桔梗平分㐌停葉蘇半夏南星陳皮去白懺生和用星夏時煬渃薑蔑味𠀧銅據法庄差皮膚庄固戊灰麻皇蒼朮尋隊桂枝隨機應變麻推白朮時去拮𪠞朱耒瀉沚庄咍皮退倍加白朮尋隊藿香柯子荳蔻𠓨共口渴澤瀉桔根料爫認袩閍類各方熱用寒法寒用温牢𢧚湯玄武固方冬蔑缽渃切𠀧剎薑煎湯温服𢚸空吏袩隊症料用扒添疹痘渚木渚涓時加乾葛共𢧚麻黃升麻吏𥙩爫湯赤白下痢𠫾唐相連芎歸白芍木香黃芩葛梗黃蓮分平料爫蔑味𠀧銅扒去甘草渚用爫之群干潮熱庄移柴芩倍用𡨸𠅜強咍娘竜息最胣苔厚樸朱苔去皮制薑半夏煬薑朱黃蒼朮時浸米泔固𢚸枳壳陳久仕用蔑味倣𥙩𠄩銅𠄼分加調煎服早晨消脹寬膨咹㕵如初群干痛勝㗂呼葛梗五味共徒杏仁体𩚵徒噁𤲼咹丁香白朮砂仁加𠓨藿香半夏共調咍銅蔑味渚饒倍分木邪春尅土神𦝩虛水瀉些論藿香白朮荳蔻煎湯車前去壳煬黃士加柴胡蒼朮去邪木平土貫胃和瀉安体群瘧疾發揚常山草菓檳榔清皮烏梅厚樸𡨹𠅜料爫蔑味倣推𠀧銅除陰白芍歸芎熟干四物渚用常山升麻柴胡共藍烏梅去白買𢧚加𠓨平奴水瀉症危木香訶子用饒共朱腹中絞痛庄卢茴香烏藥玄胡靈脂白芍白朮補脾軍薑官桂陳皮合饒𠸠用脚氣㐌𥹰木瓜牛悉吏求檳榔須用添固獨羌束用隨症隨方隨牌𣛠𬊽改特於㝵自然天𠇮蹺隊執朱次糝論小柴胡助症瘟𤶣𦊚務共通往來寒熱可用氣病𤴬息娘竜勁苔𤴵頭嘔吐店𣈜𤲼咹𠰘䔲脈𪮏浮弦舌乾口燥盆門聀𦣰庄午辱煩傾傾大便秘澁庄通小便時𧺃空𥪝每皮往來自瘧恒例𤈠饒洌𠃝動時狂言姅邪於表侯傳姅斜於裏庄群狐疑固㝵熱鬱膚皮火痰𤷍𤶹泖衰唏饒固㝵汗後熱潮小兒疳熱上焦壅痰彈婆庄正泖冘肝庄收臟心劍主張朱𢧚熱鬱少陽婦人眩暈頭旋眼花或羅男女𥘷𦓅体埃症意時些仕爫人參庄可用南北參倣藍朱𦊚銅斤𦒹銅柴北倍分𠄼銅枯芩去𦛌朽枯𠄼銅半夏斤奴制薑煬妓仕朱默𢚸甘草去皮𠀧銅蔑缽渃哿朱𥪝和共爫耒盞束朱衝切𠄼剎姜𠀧果棗枯或鮮時𥙩朱奴𥙩𦧘補紇渚朱濇𠓨煎退欺渚干潮強㕵頓𫏾朱消熱邪㕵耒吏論扒家袩詳𥪝症仕加味芾奴群洌𠃝𤈠饒干時㕵渃渴滈濃難檳榔草菓常山烏梅白茯麥門青皮烏梅時去核𪠞草菓去皮青皮去心各味蔑味𠀧銅常山製𨢇仕用買𢧚冽饒𤈠𠃝辱煩𩚵咹了島庄言庄調渃時庄渴包饒雙𠻗虚損症嶤恒生法用爫草菓仁陳皮留白倍分參芪又用白朮補脾黃芪蜜炙朮時煬過共𢧚加固升麻歸身肉桂默些料用意牌温胃和中補虚徹瘧酌用完園平奴庄慰囉干𥪝𢚸煩𤈠盆門透𣈜認袩別脉堆𪮏𦒹部浮殺朱咍表邪時加乾葛升麻麥門地骨調和煎湯泖𤈠加生地黃喘急知母束強効世瘧莉潮熱隊𣈜黃蓮白芍共𠉞骨皮𤈠烈似瘧計之烏梅青皮蘇葉效牢𤴵頭細辛石膏呼痰五味合𠓨杏仁桔梗貝母平分蔑味時倣料巾𠀧銅鼻𣌴泖杜𣳔𣳔骨皮生地茅根蒲煌小便𣠶𤈠小腸澤寫肉桂人參車前木通蒼朮豬苓煎耒朱㕵連清小便心腹痞滿苔𨕭大便不利大黃朴硝枳殼厚朴沛料潤腸降火𪠞饒連通産後𢴎血虚心驚狂乱血魄神庄清神砂遠志棗仁熟地白芍吏論歸芎熟芍𠄩味須用割囉炮製合共𨢇煬小柴合四物湯血虚發𤈠固方㐌論鎮驚補血安神産婦驚熱十分安伶固㝵産婦買生泖燥臟腑絡經空唐蔑渴庄特𢭸娘引囉燶𤈠熱前皮膚𤈠饒冽𠃝吏𠫾馬浪症㾯爫之盤难渚泥白芍酸寒産後禁藥庄筭時林本方𨢇製枯芩熟地白芍𨢇淫煬枯四物合小柴胡外解表熱𥪝收血𧗱産婦干𤈠渚𠫾用牌四物芎歸地黃熟干白芍𨢇煬𦊚味朱詳些爫平分蔑味羅𦊚銅斤乾薑炒黑和斤𠄼銅煎退𠦻盞便童調𧆄和服散空熱邪選世小道醫家謀謨芾恪酌茹用兵埃曾四物性平乾薑性熱資雄倍加法曾去歇熱邪庄遺𢮬毒吏和泖有可𠸦仉𫏾羅才茲人習俗學隊蒸低茲人庄可庄咍乾薑性𤈠味咳殺邪味咳本属金家煬顛蔭胃脾和固功合湯四物共用咍引血藥𧗱通氣分固才向道冘軍外威打勝𥪝仁守成撫安氣血和平四体沫怜把𩛷𩚵言袩性小柴胡湯涼氣通血消痰解温合共四物乾薑産後發熱仙方易齊庶𫡦吏接計排鬥屢牌尼靈驗対金𧆄温性庄浮沉益陽去濕補陰健脾助㝵咍於船𤿤通唐奔半涓𠫾山場功除瘴瘧山嵐寬腸固㝵歆許事公邊陲虧𣌋服防共𢧚固㝵邦令日傳邊方鎮任太原賒唐險高怪異𨔍羕山嵐鬱野毒狼毒蛇准饒鬼魅淫邪瘴霧煙霞外感内傷精晨每旦服常邁𢆥𡎝意於方共伶東南水脹地平准饒溪冷坦生溝渠虐吹𠦳琰江溪𫴋𨕭吝論𤓢𩅹囉𠓨𠁑時渃漫波濤𨕭時渃𠮾進交混同滝𣳢屈曲𤾓𣳔混蒸穢雜渃同腥洳𠄼𢆥係典𣎃夏方民咹沛㾯𤷴劣劳吏固𤈠冽干潮動時㕵渃渴滈庄停構𢧚瘴瘧𥪝𢚸仉平𠨡哿仉平小瓜民涓噲丐螃羅痰共脹水混和構𢧚方尼恒服連連燥濕除瘴痰連下消固㝵瘧後氣劳胃虚咹㕵庄調𩛷𩚵因蒸脾土濕寒胣苔稱𥗾毎存真𪮏䏾𤣄要𤻫唻移𠄼𣈜邁𣈜吏冽蔑干或羅爫散爫圓服𥹰性氣堅強倍加固㝵元於𡎝車𧗱咹渃茹嘬胣庄消䏾苔痞塞三焦七傷共治五劳共藍𦧘䏧外感風寒咹𧵑𤯩冷𥪝傷胃脾傷寒瘟𤶣四時𦝄𤴬真𥘀𠴠𪠞賒唐方尼重女𠦳鐄渚方袩易尋常藍之蒼朮燥火健脾寬中發汗殺魑除邪陳皮補胃中和理氣行滯飭囉消痰底𥹰陳久仕藍渚用紅橘辱煩心胸撰厚朴北麻用性温味䔲固功邏常性温益壯元陽除濕散結吏常和中味䔲下氣快通消痞利腸開胸寬腸甘草味𠮾性良底𤯩時冷炙煬温和,Nom
Hong_nghia_giac_tu_y_thu.txt,固才衞正攻邪用𠓨咍𡨸拮囉咍爫名稱國老㐌甘𣦍平顔杲䝨番子房藥兵寓補寓攻斯人斯𠇮窖用時咍蒼朮𠔭兩斤苔米泔麻浸蔑之仕用厚朴去皮製薑斤𥙩𠔭兩齊蒼朱詳陳皮時浸米湯留白麻爫糝兩斤朱甘草𠀧兩斤奴去朱瀝歇皮麄仕用割耒𤊫燥謹封散篩每服𠀧銅温湯或藍束濇共𢧚割𤊫枯燥分濇邁𠄻蔑盞羅𠄩刹姜𣈜𠄩伴㕵空弄服㫻歇時吏割吏藍強㕵強益舌欣筭之袩蒸加減據𠅜或埃瘟𤶣四時共通傷寒壯熱傷風𥗾頭𢶢𩈘𤈠升呼痰𤴵頭歹𪖫千班固干喘急固干劳煩本方散㕵恒連人參敗毒加專牌尼邁味些割共齊前柴羌獨據低軫怜枳殼葛梗茯苓川芎甘草人參朱詳冬沒缽渃藍湯割𥙩𠀧刹生羌煎和或加邁蘿薄荷熱毒熱盛些加蓮芩氣熱荊芥防風意方荊防敗毒劄編酒毒乾葛黃蓮平固瘡毒參連去囉連翹共金銀花隨機應变默些料用或𪠞山西廣東廣南順化大同藩夷宣光興化諸司理脾却瘴默油先楊陳皮去白炒黃枯芩枝子共煬朱存半夏薑製法群茯苓去木皮般仕用山查去核默𢚸𬙞意蔑味蔑銅共𢧚蒼朮時浸米泔塩水少許卢煬仕藍糝分蒼朮料筭神麯煬黃共𥙩糝分黃連薑汁和均煬過吏𥙩𬙞分渚饒前胡共𥙩閉饒甘草去皮割𠓨𠄼分水薑煎服早晨每𣈜蔑吝瘴瘧庄生引支藥性内經蒼朮除濕保平土元清熱解毒芩漣陳皮半夏消痰散移山查神麯健脾咹㕵京提𤾓病庄生雄黃羅太陽精斂𠄼𠀧兩防𠇮歆埋撰丸󱙼𧺃卒鮮埋繓麻𬪐渚移某欺𡽫撑𠦳琰油𠫾虎狼蛇蠍調時㤥驚淫邪妖恠庄怜哎唏固太陽精𤏦㖫梏核蓓葚𢪀𦝄或埃被沛蜈蚣毒蛇𨢇言蔑盞磨𠚢㕵耒痛處共查雄黃務夏火旺方南熱盛來往時筭小柴瀉泄熱渴庄移時些吏合共牌五苓務東冷了庄伶不換五積十神默推袩𥪝機病症之倣料症意合依方芾據牌加減藍牢𤴵頭白芷合料川芎稱𪮏稱𩈘稱真五加桑白青皮木香木瓜牛膝檳榔瘧渴草菓常山芩柴青皮白茯烏梅塊三棱吏尋隊蓬莪寒瘧白朮參芪常山草菓桂皮乾薑油和截補𥡳方干㾯渚𢴑奴常發𬨺論朱𤍊白麻藍渃黃氣血貝痰交爭𦊚意積於络経除陰陽動底停藍干方尼𨢇製常山𠀧銅斤函草菓平分草菓去皮𥙩仁檳榔倣料吏斤波同青皮去穰仕用陳皮留白合共齊饒𠀧銅蔑味強牟,Nom
Hong_nghia_giac_tu_y_thu.txt,甘草皮割𨍦咍銅厚朴去皮制薑吏加咍銅庄可藍欣吏加𦊚銅大黃𥙩藍佐使𩦓塘隘關藍耒盞束朱安蔑缽渃哿麻煎渚遲酒言盞𡮈朱𧀟調束麻濇蔑之班朝能袩朱矯𣴓饒迈分群𬙞倣料拮囉店長露氣霜沙󱙼𣈜除㾯奴陀盈干𣴓𥪝隔火温温仿朱㕵頓𫏾干蔑除油或吐瀉庄卢氣積逐下爫朱瀝痰或羅症拮㐌干𩛷咹渚悶𩚵言𠃝饒經驗帶金蔑料或煎或散或調連安症群傳變多端𥪝外加減時袩各牌十神湯於次邁助症瘟𤶣令𡗶災殃四時混雜隂陽務春和氣固羕寒風務夏羅節𤈠燶意牢吏固伏隂邏羕秋天𠖾渼𬰅陽或氣庄常沐雨浸淫務冬這冷水沉愆陽体氣歆歆磊期民愚坤別和提老少感時病共蔑班𥘀頭𤈠冽藍干𤴵昌𤴵𦧘盆門庄停𤴬頭𤴬古𤴬𦝄䏧𦧘燶燶噙燥戊灰襖𧜖㙮庄欺移渃㕵恒隊侯蔑渴滈𥪝外𠄩感庄調陰陽渚訴症芾渚分時些共論十神麻黃去節倣斤𠀧銅香附炒󱨌仕用蘇葉白芷川芎陳皮乾葛赤芍升麻各味蔑味切朱𠀧銅去皮甘草買用割倣𠀧銅庄路羅斤薑葱棗合和均蔑缽渃濇𠀧分𣴓𥪝庄泥奴𠲝空𢚸㕵群隂蔭氣通囉外搭襖朱囉戊灰,Nom
Hong_nghia_giac_tu_y_thu.txt,邪氣蹺隊發汗連清言𩚵爽氣沫𠇮調養朱伶庄可劳篭扒加袩察朱通潮熱加麥門冬黃芩𤴵頭石羔川芎細辛藁本調共割囉呼痰五味吏加去蘆桔梗時些加𠓨吐逆痰氣庄消丁香肉菓加𠓨吏安𩛷咹𩚵渚体言砂仁白朮法群可𢧚娘竜苔息辱煩枳壳半夏㕵連寬消泖𪖫囉𧺃平桃烏梅去核倣招𠀧銅茅根𣳮瀝仕用吏𥙩𠀧銅朱齊烏梅胣苔𤴬最隊退軍薑白朮尋隊朱奴冷𤴬㵢胣㗀㗀白朮延胡合共軍薑胣苔痞燥庄安大便閉澀大黃朴硝赤白帶夏症饒當歸枳殼合調黃連瀉泄荳蔻藿香冷氣虚痰官桂人參共𢧚加白茯苓據牌加減朱明仕藍𨷈恩道聖塊凡用心立志麻爫朱𢧚烏藥順氣群傳於次邁蔑劄編訴詳性咍順氣消痰疎風散鬱𩦓唐絡經左右敗𬏩𪮏真濕陰齊𥗾冷沉𤴬㘓𦧘䏧遭揚結丸胣𢚸苔息胸煩腹冥彈婆泖庄調經血氣停滯庄清安和或羅男女𥘷𦓅風共氣滯時些用論烏藥用𠄩銅斤陳皮倣吏𠄩銅共𢧚麻黃去節朱安枳壳桔梗共連川芎白芷去歇途虫蔑味蔑銅料爫渚欣炒黃𠄼分薑蚕乾薑炮製共藍𠄼分炙黃甘草𠀧分吏調薑棗水匀煎和隨方些料扒加自汗盜汗時加黃芪麻黃時去節𠫾或固朝熱火遺大腸察尋吏去乾姜身体疼痛庄常𣌋𣅙乳香桔梗身歸血虚發熱𤴬𧗱般店料加虎骨木香虎骨酥濕燶煬麻研每服朱𠄩銅錢忉𦝄杜仲茴香合共𤴵頭荊芥川芎𥗾真犀要毒康加皮或羅奴冽庄𪠞羌防俗斷合時共朱彈婆風氣庄慮防風荊芥吏朱薄荷狗脊石斛木瓜𣺯氣蒼朮調和檳榔四肢浮腫𡵆長牛膝羌獨共堂五加真𪮏𠇮美共犀大附炮𫡦去𦜢去䏧川芎官桂合加左癱右瘓天麻法常益母麻黃渃湯疾藜浸𨢇炒黃共歸性藥性病詳推料量加減丕時翹卢雖浪𠇮哿天機經權共固於些於𫶸方尼劄次邁𠄩生料五積尼牌辛温積寒積濕積痰積氣積血調爫哿𠄼症寒身体冷沉咹𧵑𤯩冷𤴬隂工𢚸症濕𪮏真𥗾称罷𦣰坦葛吝衝江湖固㝵爲渃爲𢃊琰𠦳趾𫕲浸湄賒𧵆凡爲妻子雙親農桑𦓿𦔙慇懃歆埋朱𢧚濕氣𥪝外變生痰症坤奈別咍䏧称𦧘𥗾胣苔痰呼身體真𪮏𥗾泥或㝵坐臥久睡朱𢧚滯氣緩遲𠓨𥪝婦人經月庄通男女寒濕黯共絡經共用五積方伶人參白朮茯苓朱詳枳殼赤芍麻黃乾薑桔梗獨姜陳皮白芷蒼朮樸歸半夏桂皮甘草平分渃𥪝用𥙩蔑鍾割𠄼切藍蔑盞𨢇言吏加葱白煎温去滓而服矯群戾之或奴浮腫四肢濫五加皮合其獨羗防風防己共爫𤴬𦝄𤴬古麝香共茴小腸疝氣隊退木香共茴合吳茱萸真𪮏囉疾攣拘木瓜牛膝加皮檳榔呼痰五味白桑杏仁貝母共濫兜鈴𤴬命泣哿遍身乳香木藥細辛桂皮老人𤴬𤴵四肢烏藥順氣合時本方四肢風濕滯常烏藥順氣合專方尼邁𠀧吏劄計排用四君子湯尼淡甘助㝵老少女男咍調外感咍爫内傷氣虛於𫏾𤾓方脾胃虛弱庄常𩛷言撑牢要対𤷍𤷱肺虛滈渴𣌋歆咀𨱽皮膚朝熱往來榮衛枯澀庄鮮和命去皮蔑兩茯苓白朮蔑兩人參𠀧銅去皮甘草和用吏倣𠀧銅甘草煎湯濇退去滓服温𣈜𠀧吝㕵庄群固盧或㝵肥白氣虚常常痛勝㗂呼固痰二陳合貝和爫陳皮去白夏尋薑炒嘔吐咹庄固調藿香香附加料砂仁心煩遠志棗仁硃砂蓮肉茯神共招麥門竹茹煎調小兒痰症奴嶤爫牢油羅驚癎共消全蝎白附合𠓨細辛口渴瓜婁葛根烏梅用𦧘補仁渚爫脾虚咹㕵庄言麥芽神麯共爫砂仁短氣倍加人參黃芪蜜炙歸身柴胡陳皮共固合朱升麻少許嘺卢辱因往來寒熱隊吝柴胡半夏黃芩吏加平㝵血氣俱虚合共四物號羅八珍冷瀉腹痛艱屯柯子荳蔻吏論乾薑陳皮留白木香瘧加草菓常山陳皮厚朴檳榔青皮常山酒製即時買𢧚或固氣塊庄安三棱蓬朮舍筭調和貫通槃病扒家虚寒肉桂共羅乾薑牌尼論𠃝渚詳加減規料各方麻用袩朱別意補攻邁𠀧方意奴𥪝覩外病固標本末荄治固𨍦𫏾袩㝵立方𢀭𢀨色慾膏梁外感時𠃝内傷時饒係㝵貧賤包饒油霜待𬋟煩勞肉皮胣𢚸積仍藿黎内傷時𠃝𡗉皮外傷僧尼男女寡房忍𢚸隱志隂陽幽囚老人血盛氣虚小兒隂少氣浮盛陽朱咍𩦓䋥尋䋼虚補實瀉症爫須分吏詳弱人壯人弱時補本壯論攻標各方或用牌芾味𠃝味其㐌固差分未𡗉主病爫君未𠃝爫臣𠃝女使通固牌渚呐兩銅典欺料律變通在㝵默埃潛玩袩制意共助代庄溺扶顛士𫢩攄櫟才閑述𥪝上古前賢劄制敢勸醫學後來濟生積善福𫶸厚些傷寒格法治例目錄上古老禪弘敞無擇慧靜撰集秘用三十七方就註三十七槌法升麻發表湯疏邪實表湯羗活沖和湯六神通解湯柴葛解肌湯柴胡雙解湯桂枝大黄湯加味理中湯茵蔯將軍湯導赤湯六弌順氣湯如神白虎湯三黄石膏湯三黄巨勝湯沖和靈寶湯桃人承氣飲消斑青黛飲生地芩連湯加味犀角地黄湯回陽急救楊回陽反本湯柴胡百合湯如聖飲温經益元散消遙湯升麻散火湯再酒飲黄龍湯調中養衛湯導赤各半湯益元湯桂苓飲當歸活血湯加味導痰湯加味調中飲加減續命湯黃蓮解毒飲次一湯升麻發表主傷寒法保浪悲𠀧冬冷了冽世衝霜突這當𪮏役萬店𣈜庫辱敢𠹚飾坤召特風寒所傷沛連𤴬旦稽𦍛𤴵頭如補𤴬𦝄如孤典欺干冽𦣰孤戊灰拯固燥枯如濫體脈浮緊來參疏邪發表可濫開通桂枝麻黃防風羗活白芷川芎等分升麻甘草杏仁𨎠𬧻𫡦味共分朱齊冬𠄩鉢渃皮苔姜三棗二課尼色戈槌法膠飴吏加温温服㐌丕和連安本經病體喘連麻黃去禮葛根加包別脈別證𫏾𬧻用𬀰乙效實牢仍羅次𠄩湯疏邪實表宁傷風法保浪悲𫶸冬這冽有䨪澮湄沚𫗄當𪮏濫用店𣈜庫辱突衝飭坤召特感風傷寒沛連𤴬旦千般燶命𤈠冽拯安宫弄𤴵頭曵𫗄産𢘭𤴬𦝄隴仍𣳔𣳔戊灰體脈浮緩常來的傷風證拯差兜羅合用實表疏邪自然表解裏和年功桂枝芍藥川芎甘草姜活防風用齊冬𠄩戦渃朱苔姜三棗二課尼色戈槌法葱白吏加再煎三沸温和服之汗不止加黃芪體固喘證些時馬盧加添杏仁柴胡胸中飽悶𦍛奴息盆枳壳桔梗添𣻆黃芪蜜炙加迍可年油和體病渚安柴胡湯劑吏筭即時加白芍藥桂肢服退實表皮欺疏邪次𠀧湯沖和羗活宁春夏秋節沛𤴬𠀧冬衝突閉婁氣饒飭孟拯歐役萬𢀨春發病拯安罷初冒課冬天風寒𠯅頭冽極千般戊灰拯固合筭麻用甘草羗活防風細辛白芷川芎黃芩傷朮生地可濫葱一水二姜三和共槌法入豉朱通固文武火合用同煎温服取汗有神被厚覆首潭身体效病諸拯可服饒反加別病固調保囉春温夏熱秋和調共可治實羅效世胸中飽悶息苔合加桔梗去𫢩地黃夏月用本固方石膏知母些常可朱不汗用蘿紫蘇燶命曵冽嗚嗚仍痰去地黃加杏仁汗後不解固分艱難病群𦍛𡳵渚安合朱再服實年束冷油悶汗下兼行加大黃末窮明釜𬀰温温服特當𪮏抽薪法保渚世千萬油体非時傷寒脈浮自汗急筭用料去禮蒼朮渚腰對𥙩白朮加𠓨可年虚汗不止強煩黃芪蜜炙可年加𠓨燶命𤈠冽添𤴬蒼朮芍藥合求朱安丕連去禮杏仁身急面赤倍分艱難罷徵拯利小便升麻葱白杏仁去除柴胡芍藥吏加漉退服㐌平初極效感寒堅重坤牢服湯不汗斫芾可卢再三劑吏服朱由不作汗坤卢症堯量隊曩珥𠃝饒依方加減体効戈於次四湯六神通解主往發節沛𣎃𠀧𤴵頭𤈠冽帝羅脈來紅藪沖和服初渚𤷖通解吏加芩芪甘草共羅川芎石膏活石吏用姜活蒼朮免共細辛姜水色典半分槌法通豉倍分効世熱服手汗當𪮏中病即止効世𤳧常次𠄼湯解肌柴葛足陽明胃熱傳經弄頭昆𬑉𤴵觥燥每拯午饒行盆雙油体脈來微洪隊務加減合用可朱葛根甘草柴胡姜活白芷用奴典料黃芩桔梗共燒𨎠𬧻𬙞味𠃝饒平饒棗姜水煎熬熬槌法加軟石膏蔑銅本經沛課務冬戊灰拯固冽𢘭坤當去黃芩加麻黃春温台共少少加之夏秋並去不宜些吏共時加蘿細蘇戊灰渴渃拯卢如神白虎默油可台次𦒹柴胡雙解飲足少陽傳爽膽經初連𤈠冽燶命息樑𠻀噁泠泠榮腮𥚇枯𠰘䔲苔咍半表半裏脈來數弦汗下吐拯可年合用和解病連皆甦人參甘草柴胡黃芩半夏合朱陳皮芍藥等分共時姜三棗一水二色戈搥法艾汁扒囉色群沒戦温和服退小便拯体利隊白茯苓末急倍吏加油体𠻀噁嗎囉姜汁竹茹共和可安痰加杏仁共年瓜蔞貝母病痊即時脇痛合加青皮似瘧添固桂枝加𠓨齒痛吏固石膏渴加知母瓜蔞根𣈙喘加五味子𫢩固金沸草種櫅菊花心下飽悶未除㐱實表邪群於娘龍渚年傳症結胸些舍暫用小柴胡湯吏加枳實𥼲𭶙渚効平羕對小陷胸吏加桔梗合用類傷寒症宫弄煩虚竹葉糯米可除体本經病合和陽明葛根芍藥強令平慄紇𦀻仃伶拯訛熱入血室彈婆加當歸尾紅花可用熱入血室彈翁生地黃末加共可年油体虚弱老人傷寒無表倍分𤈠世急加大黃渚遲或羅拯㐌添𣈙芒硝体瘴壞病傷牢尋隊鱉甲加皮可年次𬙞湯大黃官桂足太隂傳至脾家罢裊陽經熱邪隂經傳至實羅沛世腹中痛滿恒苔口乾而渴真𪮏温和脉沉有力強囉即下胃腑熱邪利多柴胡芍藥桂枝甘草枳殼加之大黃水煎大棗生姜搥法磨水梹榔𠀧匙喘滿不惡寒時加大腹皮甘草揭囉次糝加味理中飲足少陰腎敢斜來自利不利坤奈不渴無渴脉來虚沉臟寒泄利難任乾姜白朮人森陳皮甘草茯苓桂枝姜棗清水匙匙色戈炒陳壁土少和以助胃氣實羅効世温經中濡滿恒苔須減甘草別咍禮用油𧡊嘔吐拯舂半夏姜汁調共可朱或羅拳臥𦣰孤利重不止歐盧饒皮熟附子少加之利後身體恆𪰬仍𤴬急温附子少𫐂自利腹痛濫㝹拯仃木香埋貝渃羗温温服㐌法浪和中厥隂協虚拯舂和添氣逆上衝隊吝對時𩚵拯悶咹咹𠓨𤴬旦固分吐蛔大便吝似紇榑大黄少蜜加隊渚𪬳次𫡦方茵蔯湯飲手太隂肺感邪傷腹滯身目發黃小便不利大腸實堅頭汗到頸而還脉來沉重渴煩隊欺茵蔯連固山梔大黃枳實共時可通黃芩甘草合用生薑清水合共色戈槌法䔲芯吏加,Nom
Hong_nghia_giac_tu_y_thu.txt,小便清利實羅束腰油体大便自調大黃厚朴共調去𪠞吏加𥙩大腹皮束冷服特當欺体効小便油体渚饒其黃百退束腰邏常次邁芳名浪導赤主熱邪傳裡初分積下消小便拯体利饒皮庫皮𠃝渴犒強煩法用爲利為先服得𧆄意時連利囉油体陽明汗多以利為界實羅可噒合用山之子人赤服澤瀉共分菹苓桂枝白朮強冷活石甘草㐌仃束腰䔲心姜水奴料入焰二自可調㕵𨆢中濕命末傍梅家人陳吏㕵推可用固水氣吏結凶䔲心添固木通加皮小便拯体利饒戊灰囉仍𨕭頭可咍意症陽𢴎實咍起事默病買𣈜麻疎拯群𤈠燶兜羅𠼽巖盆逼命和拯安体㝵𩈘拯悶𥆾閉饒症意調年應用次𨒒蔑六一順氣主熱邪傳裡初分卸𧜖補襖𦣰陳盆門弼把𪮏真強煩結實口燥咽乾怕熱讝語妄言亂狂陽厥潮熱斑黄自汗腹腸𰧄強𤴬依吏添痞痛遶臍宁閉饒證當欺險堯芍藥枳實𥼲炒柴胡甘草芒硝大黄黄芩候朴相當製退去㐌斤枰買年渃𥪝𠄩戰初煎料皮𠀧祝㵢蓮朱調𬧻糝味仕查𠓨色典呦呦𣴓群糝分臨服槌法如神入鉄綉水約年𠀧匙燥實讝語饒皮正陽胃腑實時沛双渴痢囉仍渃𥪞少隂心下硬疼症尼燥𠰘枯喠盆世大便堅硬吝𫢩依依讝語發渴恒例結實遶臍硬痛強𤴬實倦囊縮坤牢厥隂證意束芾朱稱熱臨目不了明神亡水竭饒分傷世調用急下方尼更依利㐌仃𣈙服𬧻結胸心下𰧄𤴬燥渴讝語吏求本方去汜范草拯芒甘遂桔梗合當加𣈙傷寒過經婁𣈜群固表症坤世痊除或羅氣血養虛老人産婦閉除坤世調共可用方尼芒硝去歇當𪮏馬泥學朱別禮實虛虛實可補實時買當𨒒𠄩湯如神白虎渴燶命吏堵戊灰体脈浮洪常來汗多不解𤈠世強盆石膏知母麥門甘草計群固山梔仁五味人參等分水姜棗竹共煎渚遲色退熱服當𪮏大黄竹茹加𫢩一團渴世背有惡寒加天花連去梔子仁油拯固渴某分渚服方意可噒蔑𦍛𨒒𠀧湯三黃方解主陽毒症沛󰌝世黃命黃𪥘真𪮏外䏧斂點袩齊盃崙𠄩昆𬑉堵昏昏燥渴欲死軫坤濫用六脈調体大洪呌嘹曵𢘽豸容坤寒齒黃面赤鼻乾過經壞證侯年病堯表裡結熱盆牢侯蒙發汗病芾侯雷吏蒙束下朱耒大便頻數日催困難小便不利艱難乙固錯治變年症尼或羅𬙞糝𫡦𣈜已經汗下拯咍皮停脈群洪數增增𤈠洌孤急命恒曩世侯蒙内治證尼由表未解坤咍濫用吏蒙濫束外攻裡症又急拯春蔑皮查𪮏拯敢律夷殆𣩂靣已蒸欺困堯拯咍病於三焦閉塞經貉束料坤双津液榮衛拯通馸年症意官弄別咍吏浪汗下婁迡三焦生熱脈𫢩數洪仍忙𫫗嗿呐容晝夜喘急比𣳔泖囉黄恰頭𩈘命䏧狂呌欲走實羅艱危方尼調可治之用朱特實丕時效牢黄連黄芩石膏麻黄香豉吏求山梔姜三棗一水二細茶一最用槌法𠉞煎之温服戦尼内和外解效世倍分陽毒熱病除根束聖方神效驗坤當𨒒𦊚湯二黄巨勝主陽毒各症保咍𤼵斑狂亂𤈠世妄言目赤店𣈜呌嘹脈洪六至恒毛大便結實理芾坤通上氣喘息拯春𢘽卷囊縮宁從朱世用權立蔑方尼𫦵閉饒症效世邏𦍛吏用濫石膏湯去汜磨豉加黄忙𫢩姜一棗二實世冬𠄩戦渃朱苔煎之槌法入清漿泥促𥙩𠄩匙調服效功𨒒𠄻冲和靈寶飲主傷寒兩感坤雙初病起自頭疼惡寒𤼵熱宫弄拯安退連口燥舌乾陽先受病丕連探之沛方連㐌即時別咍表裡合推麻用石膏姜活防風細辛白芷川芎柴胡乾姜甘草合朱黄芩生地全奴用齊冬𠄩鉢渃朱苔煨姜二片棗𣈙二枚查𠓨共色朱㵢槌法家隊黑豆焰𪮏温温服特蔑之体固微汗效𣈙坤當表多甚惡傷寒用𥙩麻黄乾葛解肌或羅体裡症多調胃承氣時些可行或羅自中陰經發熱自利泠泠沚宜渃拯渴命𤴬世沉細無力脈尼坤雙昏沉倦臥眉夢急初救裡可用回陽朱咍權變道常救表救裏𠄩𦍛可分𨒒𦒹湯桃仁承氣主熱邪傳裡所傷罢因熱結膀胱遣㝵𢘽堯平𦍛醒𫑹小便自利囉𣈙大便黑糞硌𫢩年丸小腹苔息盆門身黄讝語妄言渴煩脈洪有力可年下盡黑物丕連特安油体未服之先而血自下拯年服𣈙疾堯侈㐌連𪮏固𨒒味束效世邏𦍛桃仁桔梗大黄柴胡芍藥硝芒青皮甘草枳壳當歸姜棗清水匙匙色退別煎蘇木蔑尼用濫槌法服隊吏安𨒒𬙞湯消斑青黛主熱邪内實外虛罢因血熱不除朱年乘熱邪於八皮木囉命突隊欺閉如疹𤴶重時錦紋盆門語擬十分極世𣳮涅饒分脄腥或羅保屬陽經誤投熱藥遂成艱危或當下不下之下後不解共時變囉調拯可汗之羅大便堅實合加大黄去汜人參拯忙表虛裡實的方秘傳石膏甘草黄連柴胡知母共玄參𫢩固賴停𡶀𧤁西人參生地顛世渤莐棗姜渃色煎湯槌法苦酒用濫可年𨒒糝湯芩連生地主諸血衄鼻成流熱毒侵入可謳急用方意束効可安柴胡甘草黄連桔梗芍藥川芎地黄𨕭𡶀𥙩賴停黄黄芩去腐末𧤁獴西色退漉㐌當𪮏扒茅根汁埋𣈙墨吳無茅耦亦可朱服退血止病甦如神泖饒束𠃝坤垠閉目讝語失神撮空㝵些嘆誨拯通吏濫方意隊用可當𨒒𫡦湯角黄加味主燥煩嗽水不安上焦瘀血艱難渃水不下後年丕羅當匆芍藥紅花生地犀角共羅牡丹甘草桔梗可年陳皮去白丕連𭶙戈色皮群𠤩𣴓𠀧槌法耦節吏加𠀧匙調和温暖服之用濫沛法實時婹世𠄩邁湯回陽急救治寒邪直入陰經年真寒症㐌仃麻初拯固燶命󰌝兜仍仍拯固𤴵頭真𪮏敦汜胣𤴬徘徊拯渴嗎𠺆隊退引衣自蓋𦣰𡎦急孤夢𪮏枚嗫青模痰涎渤汜墨油奴囉脈沉無力帝羅或至無脈證它㐱坤合用補劑急温乾姜柎子渚群狐疑白朮甘草桂枝茯苓五味陳皮人參半夏姜製用濫姜三棗二淋淋煎之槌法入麝三厘中病則止体欺温和渚群服女之羅盧欺過戦吏加病𣈙或𬧻可用方尼理中加減別咍理用嘔涎腹痛難堪吳茱萸吏炒塩仕用無脈豬膽合共瀉泄吏用黃芪升麻嘔吐姜汁吏加用濫𦍛意實羅可稱𠄩邁蔑回陽反本主阦盛虛損隔阦阳極發燥坤當面赤微渴平𦍛󰌝世或悶𡎢怔渃苔或悶𦣰𢝘鄰𫢩仍𡎛脈來無力盆門或全無脈㐱坤世羅仁齋初㐌吶囉渴不欲飲時些可用乾姜熟附合共人參甘草門東同時臘茶五味陳皮冬𠄩戦渃匙匙共煎頓冷消服可年温温取汗丕連効世面色戴陽課尼下虛證意實世伶伶吏加葱白七莖黃連少許束冷泥漿𠄩邁𠄩柴胡百合主槎後蹅雜沉昏失神讝語盆門百合勞復𥙧坤用濫柴胡知母黄芩甘草百合共人參𣈙生地陳皮當𪮏𠄩戦渃苔姜棗共煎醋炙鱉甲朱安用濫槌法丕卞服催渴天花粉加隊胸熱急培加山梔仁微汗頭痛坤垠川芎姜活等分吏加或固𠻀呱嗎囉姜炒半夏丕麻添煎油体胸中虛煩竹葉竹茹可年加𠓨𤴬退買㐌衛𬧻失神讝語羕侯噁刊仍常唌𡀀拯安吏加犀角黄連等分咳嗽時加杏仁体症百合加分麻黄心中驚惕邏羕榮虛血少加當歸𣈙茯苓遠志共齊,Nom
Hong_nghia_giac_tu_y_thu.txt,油体虛汗加𫢩黄芪脾倦白朮加之腹雷嗚氣加煨生姜勞復時熱坤當葶藶姜汁共𦍛烏枚𠄩邁𠀧用湯如聖主剛柔痓病強坤勒頭吟𠰘盆門真𪮏孤急汜敦除爲貟為同郘張囉堵𩈘亘古實羅坤雙法濫與契瘲同學實用實矯弄疑盧防風姜活柴胡黃芩白芷肉烏枚共當為芍藥川芎姜製半夏合用等分姜水色群𠤩分康汁竹瀝隊吝漉囉𥙩濫槌法吏加温温服㐌實羅効世体固戊灰囉𫢩意症柔痓別咍馬疑桂枝白朮吏加服㐌方意平初安和油拯体戊灰囉意證剛痓實㐌坤雙養正麻黄合共剛柔𠄩理坤通蔑唐油体吟𠰘倩𦝄大便結實大黄添遜𠄩邁𦊚温經益散主治因後汗大虛規頭衆𩈘巴踈仍悶木坦𡎢和振振或羅買𬚸動筋或因汗後倍分過多衛虛亡陽拯和戊灰恒固体囉拯仃血榮氣衛來常罢因汗後命強𤴬依初用人參黄芪茯苓白朮當刄地黄熟附肉桂相當芍藥甘草共𭶙陳皮姜三棗一木二糯米一撮用槌法𫢩油体飽悶息宮用炒枳壳去𫢩地黄㝵𤷍毒𫃚寧羹妻汜芍藥𠅜浪朱咍体固煩熱𤈠世士𠬖附子用𣈙拯年体固下利坤垠升麻白朮共陳土𫢩當歸吏去渚迡油固嘔血症尼坤牢姜製半夏加𠓨扒生姜汁束効𨑮分油体渴渃坤垠加天花粉倍分可於汗後因属表虛然然産洌命陀固稽合加薄桂膠飴生地熟附去𠫾拯忙𠄩邁𬂽消遙湯服人罢惏婬慾麻年爲初感冒風寒傷動氣血丕卞沛𤴬買它渚特包婁咹唁𦣰午拯歐事之雖浪歆劍𪠞衛雙尼神舍奴時渚安蔑干𫗄茉𠺙瀾動尼焒慾𤈜𨕭𠽍𠽍染年疾與拯恒急如風火高平𡶀𡽫意羅勞復病人尼陰陽易吏論朱咍𫯳𤴬𡞕沛召台名羅陽易症尼可盧𡞕𤴬𫯳沛召朱名羅陰易默油對台丈夫謹帝朱世意劍紅粉奴󰰐折吟𦛌陀麻蔑曳惏倍尋丹藥千金家傳逍遙湯意束僊參知甘韭柴連犀黄姜三棗二煎湯漉退燒入裩襠和調体固微汗囉燒囊縮陰腫雖堯吏安嚍㝵年少紅顔另尼房室馬亂沛傷𠄩󰁰𦒹升陽散火主患人叉手冒胸𠄩𪮏執於娘龍模棖尋襖眉夢拯咍𠼽𡆑呐怪醒醝㝵些嘆誨拯咍事之戾世沛等庸醫沃羅風證即時宁風惏㝵罢擬拯通埃咍症意撮空兜羅罢因元氣久虛丕年汗熱來乘肺金氣虛坤斫宁扲抱堯柴𧆄共惏拯咍小便固利冷世用特束尼福㝵命些人參白朮切囉茯苓甘草共羅當歸柴胡黄芩陳皮麥門芍藥共時儕饒姜棗水煎色熬入金首飾買侯服迻或羅体固痰囉姜汁半夏炒戈仕用便實發渴𠼽容加大黄末連通即時油体瀉泄能𪠞加炒白木共時升麻𠄩󰁰𬙞名浪再酒不作汗症保無陽初病𤴵頭𤴬𦝄燶命󰌝洌拯曾戊灰似太陽症閉喂,Nom
Hong_nghia_giac_tu_y_thu.txt,柴凡拯別汜倍坤分束用重藥隊吝火刼取汗倍分可傷芾咍羅本無陽證惏束𢙲饒𦍛拯通孰附羌活防風人參甘草川穹黄芪煨生姜辣桂枝棗姜清水共時色戈槌法芍藥炒加再煎𠀧沸温和服之或羅及節倘夏黃芩共時加軟石膏倘冬拯路加𠓨別咍時令束求可當𠄩邁糝黃龍湯藥治結利仍渃𥪞硌𤴬煩渴官𢚸㕵𠓨時吏𣳔𣳔沚羅柴凡坤別帝羅語浪帝束和扲垠轡平救火放薪苫宁茹𤈜倍分可傷惏㝵錯擬坤量芾咍羅症内傷熱邪胃中燥實拯訛名結熱利症羅沛世拯沛内寒利𣈙麻用束𤈠垠𫢩朱停罢因熱渴渚稱自遂自飲水湯年丕固𤈠可用方尼無熱六乙症咍撰用因通吏用可通大黄枳實免共忙硝人參甘草奴料厚朴桔梗免調當歸姜棗清水煎之服退利㐌蒸欺体効氣血虛歲㐌斑饒時些舍去芒罵用𠄩邁𫡦調中養衛主勞力寒氣感傷𤴵頭𤈠洌坤當渴渃仍常汗出濈然和命煩𦟼𤴬連脈虛無力現𨕭空浮柴凡拯別症朱体固𤈠洌便呼傷寒脈症拯別坤筭火發大汗證年不詳芾咍血氣内傷風寒外感理常坤分罢因勞力病人澮湄沚𩙌辱忍侈年束用宜少辛温温能除熱宁群𥪞經体固下症㐌仃大柴胡藥正名可用細辛羗活防風人參白朮川穹陳皮生地甘草當歸吏添蜜炙黄耆等分姜棗水煎濫垠槌法後入葱根二莖元氣不足拯冷升麻少許㐌仃吏加喘咳杏仁升麻口渴知母天花粉尼戊灰拯停沚宜加白芍藥去𣈙細辛娘龍盆幅十分合加竹茹梔仁連停嗎𠸦𠻀噁岌𭗰吏加半夏渃姜𭶙戈胸中飽悶𡶀叉桔梗枳殼吏加用濫扒𠃝地朮耆甘体固饒痰吏去細辛加貝母瓜蔞仁腹中刺痛隊吝𤴬依初去白朮黄芪吏加芍藥共時乾姜罢因鬱血内傷大便黑糞𤴬常固尼紅花桃仁加隊細辛芍藥急倍去𪠞羗活白朮黄芪油体極女些時渚妨吏加錦紋大黄下盡瘀血蔑𦍛安仍蒸𫐂吏凜本方每服平常大黄去囉症坤束冉世羅學實用實丕和可當𠀧邁湯導赤各半主越經心亂神昏柴咍宁特症坤午通感受根原推求傷寒買沛徵𫐂心腹拯硌拯𤴬拯苔拯固𤈠冽兜𫢩大小便𣈙平常㝵些侈年變證帝羅神昏不語理陀坤雙午𦣰仍呐眉夢蔑𠄩𠅜説拯舂別調或羅眼赤唇焦舌乾不飲症堯坤世朱時咹㕵蔑之拯朱時渚芾咍盧尋平㝵醝午閻閻柴凡拯別𨻫添錯𢵳熱邪傳裡少隂心火炎上肺金受邪名越經實拯訛𨎠吘病證𫐂些仕用山梔共麥門冬活石甘草免共黄連人參知母茯神固犀角屑等分用濫水二棗一姜三槌法一撮䔲芯入共煎皮群典蔑鍾去滓温服効雙邏羕𠀧邁蔑益元湯使主元氣虛火上升症年面赤戴陽柴圭拯別理常坤雙學朱別𥛭遍通全無身熱頭疼心煩燥枯盆幅拯安飲水不得害因羕尼柴凡拯別坤咍沃羅熱症用𣈙寒涼惏㝵冤錯可傷芾咍羅症戴阦虛煩人參甘草黄連麥門知母葱根合𣈙孰附󰌝乾姜咳五味艾葉共儕平饒水煎姜棗查𠓨槌法吏求童便可當𠀧邁𠄩桂苓湯説主如狂熱結膀胱精采不與相當燥渴無熱𤼵狂不安凡師拯別亂丹連朱束下後年惏㝵滲熱自小便來桂枝澤瀉尋隊豬苓白朮甘草束冷蘿紫蘇紇賴停全奴,Nom
Hong_nghia_giac_tu_y_thu.txt,知母黄栢合朱𨎠𫐂味計奴共儕姜棗𠄩戦渃苔色群蔑盞連𪮏入槌加治石未二匙再煎三沸即時服温𠀧邁𠀧當歸活血治如崇坤別坤通拯固惡寒頭疼体仍身熱宮弄渴犒小便利㐌泑泑大便黑糞顛牢匙匙𠰘呐拯汝𠅜之噲浪熱症庸醫用淋𥙩仍涼藥麻濫證惏束𪡉拯甘所弄挾血症意坤通邪傳心胃宮弄昏迷生地共桃仁泥桂心芍藥當歸柴胡人參紅花全奴乾姜枳殼麩炒可濫槌法水二薑三切退色㐌服堪𠀧匙色蓮𠀧貼服之桃仁姜桂去𠫾朱耒茯苓白朮加隊利便燥濕及倍朱能𠀧邁𦊚導痰加味主挾痰如崇㐱坤頭疼沉重迷昏上氣喘急盆門饒𦍛增寒壯熱坤當𠰘饒渤汜仍常吐囉柴凡坤別帝羅浪傷寒症束麻治之拯咍心動神疲七情六慾奴時怪些神不住舍塊茹痰迷心竅崇邪現年意症痰類傷寒導痰加味二陳達名陳皮甘草茯苓枳實半夏南星黄芩瓜蔞桔梗人參黃連白朮用濫朱年冬𠄩戦渃苔籣姜三棗一共煎匙匙色旦𡛤分濫期姜汁竹瀝入槌服退飭群報跬欣㝵𨎠舍吐㐌𫐂退仕用𠀧邁𬂽調中加減主食積類感寒傷𤴵頭𤈠洌饒𦍛氣口緊盛脈強可推命拯固𤴬旦之意症傷積保時朱咍𥪝經固𠅜浪悲飲食自倍傷尼胃脾閑閑用消化之重女吐下即時吏安蒼朮白朮黄連神麯甘草共乾姜𣈙山查草果𦹳荄厚樸枳實腰世陳皮生姜清水煎之磨木香汁入槌法𫢩腹中痛滿𤴬世桃仁拯女𤴬世大黄去汜查麯草姜中心兀兀平羕拯安乾霍亂仍嗎刊滾湯㐱實束僊年用耨退蔑鉢渃𥪞𥙩㙁和共皂末五分服退吐㐌平神束効拯惜𠦳斤泊鐄𠀧邁𦒹加減續命主脚氣邪盛疼痠𠅜浪類症傷寒燶命𤈠冽仍員𤴵頭和命肢節疸𤴬屈弱轉動孤𠓨拯咍便秘嘔逆傷世脚膝𤴬𤴵症尼恪饒禁歇補劑拯求或惏或𪡉畧婁馬用初尋羗活防風蒼朮白朮川穹麻黄桂枝附子相當芍藥甘草免防己𫢩󰁰蔑味切共儕棗姜共鉢渃苔可年䔲芯二十莖煎槌入姜汁丕卞服退油体脈數常來傷暑中熱實世馬疑丕連去附桂麻尋柴芩栢吏加帝𣈙脈遲寒中冷卋吏加附子朱儕分初中濕脈弱而虛吏加牛𧀬木瓜閉除中風油体脈浮吏加羗活咍驅風邪油体元氣久虛人參少許吏加𥙩𠓨大便秘澀盆牢加大黄末蔑料連通𠀧邁𬙞黄連消毒主陰陽愆伏往來天時行病為灾頭頸腫痛𦣰𫮋強𤴬燶命󰌝洌𤴵頭脈來洪數油油󰌝世舍分𨎠𬬌朱咍沖和羗活暫𣈙服初渚稱消毒吏加羗活甘草共羅防風連翹白芷川穹枳殼桔梗免共射干柴胡黄芩黄連添荊芥穗朱年覩用姜三清水二鍾色群蔑戦加共鼠黏㵢蓮蔑祝仕袩姜汁竹歷吏添蔑槌先加大黄利之一二三次通𪠞朱耒依本方服蓮退油悶調理尋隊參歸敬勸上等各醫宁症天時𤐝帝濫𦎛𨎠𬧻𠀧邁𬙞方症沛束意學詳劄囉𥙩󱫵別半世羅悶朱昆𥘷彈婆共咍隊用体効當𪮏的當年朵助渃助民牟世束聖方臣和拯別帝固分虎𢚸宁㝵㕸意呐容典欺宁疑濫用坤咍律夷拯敢查𪮏隴浪福哿𢚁𫢩孛喬等年柴束宁㝵醫之司命丕皚舍量袩𠀧教共蔑𦍛仁義時詳道德時充錢財意𧵑流通油些固福𧵑衛共些𣇙尼世拯實時貪嗔癡暴凶邪奸頑典欺固病艱難閉除暴扑奸頑斫芾倍傍𧿆㙮𧿆高懇𡗶懇坦禮芾坤咍損錢濫𥡱濫齋拯平贖束𧵆𣈙時欣欺意鐄泊拯筭㐌油蔑戦𤾓貫共料買咍羅束時腰𠀧邁𬙞條丕卞劄囉娘經搥法拯訛老梅𪮏拮筆花劄濫症治方法至善堂𣈜常袩冊老梅庵决瀝焚香禮蜍諸佛󰁰方祝君師父歲長門秋討宜蔑職區區𠰘常念𫳘南無彌陀賢伶信敬實時𪡉命𬧻買𪡉茹可宜爲醫者人之司命裊神農㐌定方書弄仁曠𩦓乘廬遣𬨺𡎝壽氣和仍春相鍳窮達雖分調羅助渃助民助代兼奴全德利㝵福特於󱞿三代有興袩提綱仍方牟冉蘇東坡墨驗求醫拙工別課平時盡告所患矯欺托林証娘隊脈推尋脈娘隊証淺深馬疑𬚊通寒熱實虛温涼補瀉丕和特安拯固積拯年下痢𠅜毋概初㐌劄編或赤或白鱉𥆾赤白相雜混氈路途或羅氣侶渤蛌肚熱纏痛𤴬衢隊退悶𠫾拯立急倍秩達侖外積連寸囉盤桓逼迫奔波衛渚典茹時吏悶𠫾世傳浪意𤴬移陳㐌依依𣈜忍𤾓番𦣰𡎥𠫾杜拯安邁柴贖束悶嗔銀仃忙尋白朮乾姜訶子嬰足木香車前阿膠荳寇黄連山藥鳳尾茅根荔房補瘈補𦼛補充補翁瓢秘插螉𠨡猗陳米共錦𠠴羅咹𩚵𭶙㕵渃蒢服催苫助茹𤈜傷喂大腸閉澀陳耒侖囉𫳭真曩𩈘𦝄䏧灰𩚵辣𠰘氣陀每明等凡庄谷錯命吏浪墳墓妖精外邪立壇驅㘼朱囉添固祠婆水族水官阮顒黄艮范顔綽工蜍骨芾筭惜之強助強逼饒皮𧵑時㐌損疾時渚稱拯体𠅜要訣浪痢出積滯事庄群疑積羅物積悶囉遶臍裡急𠫾陀毛真滯羅氣滯扲垠窘迫後重饒分艱屯意羅下痢病人別咍敢受根原馬疑色油赤白雜侞脈油哿悶七疎拯泥一皆通利行之積消氣順即時連通𡨸浪喜補惡攻芾咍羅事攻中補存通因通用矯盆下焦閉密芾群積兜意羅助痢法牟秘方化滯於頭效世固積通利連𪮏裊𠫾歇積疾𪰬連安体群心熱渴煩合天水散益元蔑料渃𥪝觸𥙩和調痢家聖藥法腰傳弄固㝵血痢𣳔𣳔𠡧囉仍泖魂用拯當五零門冬煎湯調和巴豆大黄𠄼囷油群𤴬旦渚安穹歸大補心肝連仃方經驗吏傳浪川穹鯉尾大黄錦紋𨢇淫色典𬙞分弄空裊課初寅服催行心逐血朱耒𧆄冷疾㐌明盃和家意下痢呢羅瀉泄呈各柴共別共咍痢時固積饒世泄拯固積沚宜𣳔𣳔泄本屬濕濫雙脾腎受病堆共剋饒脾虛胃弱沛𤴬肢體重著占憂饒𦍛吏添中脘有妨杜熱面色虛黄可傷些用豆寇乾姜蒼白厚樸木香和共上咳腰膂酸疼𦜞腹人痛免共面黧些用𥙩補骨脂安腎共時合震靈丹仍方靈驗家傳提綱證治𪮏卞劄囉意瀉泄尼羅胎熱課炎天時節𤈠世胎侯𬙞糝倘苔因徵熱冷淚世牢煩動胎逼迫磊𬨺朱年窒礙於𨕭咽喉心腹腸滿恆𤴬似𦍛下痢濫𣈰徘徊北𬨺茹廁連𫮋陳戾𫡦蔑㘨炊婁遲侈連氣下瞀之通特蔑祝𣳮𪮏呂衛典茹時吏悶𠫾渚曾體疾艱危羕尼提綱證治劄排胎熱侶痢別世理用法濫解利朱通擾乎可擾合用渚慮些濫方小柴胡膠連炒淨合朱蔑分大黄枳壳𡛤分服退調道胎娠連安意方經驗家傳𣈜用體效劄編訴詳意胎熱似𦍛下痢尼轉胞𠫾帶拯通胞羅俸俸實雙腎為表裡合共因緣膀胱拯固𨷶𬨺固蔑𨷶𠁑小便恆囉證尼𥠻固彈婆因欺胎熱氣它每迷悶咹𤐛𤓢美味𫑹奴退吏固皮淫風𡨸浪醉飽勞房火起於腎馬籠馬亂或羅忍縮小便仍忍𠫾帶朱年証尼轉羅翻轉運磋𪡉嵬俸俸帶𬀰拯通些濫葵子蔑封服退𪮏印娘龍麻提𬋰宜典忍下𨦙𪡉吹俸俸即時連囉𧆄僊法騇埃戈助兜㐌帝㝵些調用合朱通胎前産后世俗浪𤴬泖固方生退歇𫴯𢚸明媄昆它矯所徵慮盆,Nom
Hong_nghia_giac_tu_y_thu.txt,埃疑固症𤴬彬吏浪𤴬攺爲因據芾急倍把焒繪𢭂拯能法意濫牢世用婦人方劄𣳔𣳔浪兒枕痛㝵共別咍仁齋固𠅜浪悲血塊築痛劄排提綱別症些買尋方拯對𠦳黄用不換金依方加味渚林川穹白芷桂心查包乾姜莪朮共燒切濫大劑合料同煎熱入法醋朱安分濫堆戦丕連服催散風行濕朱耒敗瘀調體囉尼小便㐌年經騐家傳用濫𦍛意實年𧆄效塊㐌消尼羅崩漏𣈜𣈜恒體泖仍囉摆飲血氣拯和陰虛陽搏噲羅血崩𡨸浪氣寒血凝氣温血滑實拯固疑四勿時補陰虛生料枳壳丕和抑陽調和𥙩二陳湯豁痰順氣血常歸經𡨸浪血隨氣行氣引導血㐌仃𢭸饒下元虛憊㐌婁衝任不固體歐盧煩𨴦拯群固鎖杄沛防虧𣌋卢筭𡨸床合用𥙩膠艾湯當歸連固木香奴全合成正藥朱安煎退吞震靈丹極牟關元駢秩拯歐蒸欺𩦓篋默油𢚸些意崩漏尼羅土血推順逆買別根原摆蒸氣逆上奔血燒隊氣朱年吐𬀰㝵共所體所咍上焦有熱證尼濫牢柴芩連歇蒲茅忙卢止血體効拙兜些濫抑氣合饒青烏枳梗用料朱年生姜七片同煎通利園子丕卞服催寬中開鬱朱耒大便調導氣吹血仃油和體疾它稱些濫調理𣈜恒服之茯苓半夏陳皮人參甘草芎歸蔑料舍袩虛實𦍛芾默隊体證加𠓨連安吐固法大便固法濫通利渚押渚偏或𥙩大黄湯煎或𥙩巴荳子園和用調時拯體特通隂陽關隔𥪞𢚸𤴬緊水火上下乖睽心腹痛滿饒皮艱難有熱𥙩薄荷煎三黄來服呐連利𠫾無熱用湯橘皮養正神保服時吏通別尼標本麻用買侯年等上工𪮏柴大便計蔑𣈜蔑發朋小便筭歇固巴意羅氣血調和飲食有節㝵些安冷油體水道不行其本在腎昔寧推求舍用澤瀉牽牛其末在肺通饒𠫾衛合用亭歷桑皮歉特𠄩意即時年功佐共滑石木通自然透達於𥪞溺胞大小脈絡通燒大油動𨎠乙𬧻小行合用神保北葶大瀉數行小便順流意為牢噲羅淋閉因小便澀滯拯通淋羅淋靂腸中閉羅閉澀於𥪞溺胞雖固氣血䐧勞石淋蔑症坤消世羅油𬅳朱囉用枳壳散丕和初煎空心吞來復丹用石塊罷裊小便麻囉,Nom
Khuyen_nam_doc_thu.no.txt,朱子家訓解釋南音嘉定嘉樂氏訂明敬闌氏註義廣盛南𤼵售內附訓女文教男文粤東佛鎮天寶楼板俱南音徐𣈙柴買吲𢲛係𡥵斈徒朱別禮儀,Nom
Khuyen_nam_doc_thu.no.txt,𠎩喂制惡之闷朱咍字斈時沛棱儒𣷷聖坤𢲛𡭬麻坤斈𡘯𢺀𣇟𦋦𫢩𢘾𩚵媄袄吒,Nom
Khuyen_nam_doc_thu.no.txt,至功𠫾斈買它塊荒闷朱斈世间,Nom
Khuyen_nam_doc_thu.no.txt,時沛𠹾苦槖󰔘󰏐柴隊㤙鞠育高𠫆斈惵𩈘𦬑眉媄吒斈邒如錦𣸸花固文固質買𦋦𡥵𠊚沛别虎传斈𣇟塊𠸂塊唭買𢧚坤時咹𡎥󰓱𢘽時𦋦边榎𠅘𠊚坤斈𥙩㑏𨉟,Nom
Khuyen_nam_doc_thu.no.txt,𠁂𢚕䏾𤿰如形㑲𥸁朝廷權賞爵頒,Nom
Khuyen_nam_doc_thu.no.txt,供𢘾字義泊鐄苦謨仍𠊚𢩾渃扶𤤰拱𢘾文藝争都貴󰎣麻别字固欣𢀭麻别字山崙帖鐄𡭬書押斈𢂾𡘯󰓁𦋦廊𦮷熣𡄎道聖叱牟,Nom
Khuyen_nam_doc_thu.no.txt,斈字士如珠如鐄扵朱情性荘𥘷遵重廊夭傷,Nom
Khuyen_nam_doc_thu.no.txt,福油𥜌錦回鄉𠓇名吒媄如𦎛𠁀㐌咍成敗在𡗶皇天忍負𠊚讀書斈𡛔卒待除哏通󰍾史如少之它覺理是非盡情勸𠰺斈時身,Nom
Khuyen_nam_doc_thu.no.txt,斈義仁别忠别孝鬼神重驚柴󰠳敢𡖼高明役苓𠰺𥘷編底𠁀󱙹𡢐𠶌几每𢈱吏𠳨民𡗶固沛共𣈙禾榖豐登喜題数句愿增太平,Nom
ManhTu,第十一章告子上告子曰：性猶杞柳也；義猶桮棬也以人性為仁義，猶以杞柳為桮棬孟子曰：子能順杞柳之性而以為桮棬乎？將戕賊杞柳而後以為桮棬也？如將戕賊杞柳而以為桮棬，則亦將戕賊人以為仁義與？率天下之人而禍仁義者，必子之言夫！告子曰：性猶湍水也，決諸東方則東流，決諸西方則西流人性之無分於善不善也，猶水之無分於東西也孟子曰：水信無分於東西，無分於上下乎？人性之善也，猶水之就下也人無有不善，水無有不下今夫水搏而躍之，可使過顙，激而行之，可使在山，是豈水之性哉？其勢則然也人之可使為不善，其性亦猶是也告子曰：生之謂性孟子曰：生之謂性也，猶白之謂白與？曰然白羽之白也，猶白雪之白，白雪之白，猶白玉之白歟？曰然然則犬之性猶牛之性，牛之性猶人之性歟？告子曰：食色，性也仁內也，非外也義外也，非內也孟子曰：何以謂仁內義外也？曰彼長而我長之，非有長於我也猶彼白而我白之，從其白於外也，故謂之外也曰異於白馬之白也，無以異於白人之白也！不識長馬之長也，無以異於長人之長與？且謂長者義乎？長之者義乎？曰吾弟則愛之，秦人之弟則不愛也，是以我為悅者也，故謂之內長楚人之長，亦長吾之長，是以長為悅者也，故謂之外也曰嗜秦人之炙，無以異於嗜吾炙夫物則亦有然者也然則嗜炙亦有外與？孟季子問公都子曰：何以謂義內也？曰行吾敬，故謂之內也鄉人長於伯兄一歲，則誰敬？曰敬兄酌則誰先？曰先酌鄉人所敬在此，所長在彼，果在外，非由內也公都子不能答，以告孟子孟子曰：敬叔父乎？敬弟乎？彼將曰：敬叔父曰弟為尸，則誰敬？彼將曰：敬弟子曰：惡在其敬叔父也？彼將曰：在位故也子亦曰：在位故也庸敬在兄，斯須之敬在鄉人季子聞之曰：敬叔父則敬，敬弟則敬，果在外，非由內也公都子曰：冬日則飲湯，夏日則飲水，,Chinese
ManhTu,然則飲食亦在外也公都子曰：告子曰：性無善無不善也或曰：性可以為善，可以為不善，是故文武興則民好善，幽厲興則民好暴或曰：有性善，有性不善，是故以堯為君而有象，以瞽瞍為父而有舜，以紂為兄之子且以為君，而有微子啟，王子比干今曰性善，然則彼皆非與？孟子曰：乃若其情則可以為善矣，乃所謂善也若夫為不善，非才之罪也惻隱之心，人皆有之；羞惡之心，人皆有之；恭敬之心，人皆有之；是非之心，人皆有之惻隱之心，仁也；羞惡之心，義也；恭敬之心，禮也；是非之心，智也仁義禮智，非由外鑠我也，我固有之也，弗思耳矣故曰：求則得之，舍則失之或相倍蓰而無算者，不能盡其才者也詩曰：天生蒸民，有物有則民之秉彝，好是懿德孔子曰：為此詩者，其知道乎！故有物必有則，民之秉彝也，故好是懿德孟子曰：富歲，子弟多賴；兇歲，子弟多暴非天之降才爾殊也，其所以陷溺其心者然也今夫麰麥，播種而耘之，其地同，樹之時又同，浡然而生，至於日至之時，皆熟矣雖有不同，則地有肥磽，雨露之養，人事之不齊也故凡同類者，舉相似也，何獨至於人而疑之？聖人與我同類者故龍子曰：不知足而為屨，我知其不為蕢也屨之相似，天下之足同也口之於味，有同嗜也，易牙先得我口之所嗜者也如使口之於味也，其性與人殊，若犬馬之與我不同類也則天下何嗜皆從易牙之於味也？至於味，天下期於易牙，是天下之口相似也惟耳亦然，至於聲，天下期於師曠，是天下之耳相似也惟目亦然，至於子都，天下莫不知其姣也；不知子都之姣者，無目者也故曰：口之於味也，有同嗜焉；耳之於聲也，有同聽焉；目之於色也，有同美焉至於心，獨無所同然乎？心之所同然者，何也？謂理也，義也聖人先得我心之所同然耳故理義之悅我心，猶芻豢之悅我口孟子曰：牛山之木嘗美矣以其郊於大國也，斧斤伐之，可以為美乎？是其日夜之所息，雨露之所潤，非無萌蘗之生焉，牛羊又從而牧之，,Chinese
ManhTu,是以若彼濯濯也人見其濯濯也，以為未嘗有材焉，此豈山之性也哉？雖存乎人者，豈無仁義之心哉？其所以放其良心者，亦猶斧斤之於木也旦旦而伐之，可以為美乎？其日夜之所息，平旦之氣，其好惡與人相近也者幾希，則其旦晝之所為，有梏亡之矣梏之反覆，則其夜氣不足以存夜氣不足以存，則其違禽獸不遠矣人見其禽獸也，而以為未嘗有才焉者，是豈人之情也哉？故茍得其養，無物不長；茍失其養，無物不消孔子曰：操則存，舍則亡出入無時，莫知其鄉惟心之謂與！孟子曰：無或乎王之不智也雖有天下易生之物也，一日暴之，十日寒之，未有能生者也吾見亦罕矣，吾退而寒之者至矣，吾如有萌焉何哉！今夫弈之為數，小數也；不專心致志，則不得也弈秋，通國之善弈者也使弈秋誨二人弈：其一人專心致志，惟弈秋之為聽；一人雖聽之，一心以為有鴻鵠將至，思援弓繳而射之雖與之俱學，弗若之矣為是其智弗若與？曰非然也孟子曰：魚我所欲也；熊掌亦我所欲也二者不可得兼，舍魚而取熊掌者也生亦我所欲也；義亦我所欲也二者不可得兼，舍生而取義者也生亦我所欲，所欲有甚於生者，故不為茍得也死亦我所惡，所惡有甚於死者，故患有所不辟也如使人之所欲莫甚於生，則凡可以得生者，何不用也？使人之所惡莫甚於死者，則凡可以辟患者，何不為也？由是則生而有不用也，由是則可以辟患而有不為也是故所欲有甚於生者，所惡有甚於死者，非獨賢者有是心也，人皆有之，賢者能勿喪耳一簞食，一豆羹，得之則生，弗得則死嘑爾而與之，行道之人弗受；蹴爾而與之，乞人不屑也萬鍾則不辨禮義而受之萬鍾於我何加焉？為宮室之美，妻妾之奉，所識窮乏者得我與？鄉為身死而不受，今為宮室之美為之；鄉為身死而不受，今為妻妾之奉為之；鄉為身死而不受，今為所識窮乏者得我而為之？是亦不可以已乎？此之謂失其本心孟子曰：仁，人心也義，人路也舍其路而弗由，放其心而不知求，哀哉！人有雞犬放，則知求之，有放心，而不知求學問之道無他，求其放心而已矣孟子曰：今有無名之指，屈而不信，非疾痛害事也如有能伸之者，則不遠秦楚之路，為指之不若人也指不若人，則知惡之；心不若人，則不知惡此之謂不知類也孟子曰：拱把之桐梓，人茍欲生之，皆知所以養之者至於身，而不知所以養之者，豈愛身不若桐，梓哉？弗思甚也孟子曰：人之於身也，兼所愛；兼所愛則兼所養也無尺寸之膚不愛焉，則無尺寸之膚不養也所以考其善不善者，豈有他哉？於己取之而已矣體有貴賤，有小大無以小害大，無以賤害貴養其小者為小人養其大者為大人今有場師，舍其梧槚，養其樲棘，則為賤場師焉養其一指，而失其肩背，而不知也，則為狼疾人也飲食之人，則人賤之矣，為其養小以失大也飲食之人，無有失也，則口腹豈適為尺寸之膚哉？公都子問曰：鈞是人也，或為大人，,Chinese
ManhTu,或為小人，何也？孟子曰：從其大體為大人，從其小體為小人曰鈞是人也，或從其大體，或從其小體，何也？曰耳目之官不思，而蔽於物物交物，則引之而已矣心之官則思；思則得之，不思則不得也此天之所與我者，先立乎其大者，則其小者不能奪也此為大人而已矣孟子曰：有天爵者，有人爵者仁義忠信，樂善不倦，此天爵也公卿大夫，此人爵也古之人，修其天爵而人爵從之今之人，修其天爵以要人爵既得人爵而棄其天爵，則惑之甚者也，終亦必亡而已矣孟子曰：欲貴者，人之同心也人人有貴於己者，弗思耳矣人之所貴者，非良貴也趙孟之所貴，趙孟能賤之詩云：既醉以酒，既飽以德言飽乎仁義也，所以不愿人之膏粱之味也令聞廣譽施於身，所以不愿人之文繡也孟子曰：仁之勝不仁也，猶水之勝火今之為仁者，猶以一杯水救一車薪之火也不熄，則謂之水不勝火此又與於不仁之甚者也，亦終必亡而已矣孟子曰：五穀者，種之美者也茍為不熟，不如荑稗夫仁亦在乎熟之而已矣孟子曰：羿之教人射，必志於彀；學者亦必志於彀大匠誨人，必以規矩；學者亦必以規矩第十二章告子下任人有問屋廬子曰：禮與食孰重？曰禮重色與禮孰重？曰禮重曰以禮食則饑而死，不以禮食則得食，必以禮乎？親迎則不得妻，不親迎則得妻，必親迎乎？屋廬子不能對明日之鄒以告孟子孟子曰：於答是也何有？不揣其本，而齊其末，方寸之木可使高於岑樓金重於羽者，豈謂一鉤金與一輿羽之謂哉？取食之重者與禮之輕者而比之奚翅食重？取色之重者與禮之輕者而比之奚翅色重？:往應之曰紾兄之臂而奪之食，則得食，不紾則不得食，踰東家牆而摟其處子，則得妻，不摟則不得妻，則將摟之乎？曹交問曰：人皆可以為堯舜，有諸？孟子曰：然交聞文王十尺，湯九尺；今交九尺四寸以長食粟而已，如何則可？,Chinese
ManhTu,曰奚有於是？亦為之而已矣有人於此，力不能勝一匹雛，則為無力人矣今曰舉百鈞，則為有力人矣然則舉烏獲之任，是亦為烏獲而已矣夫人豈以不勝為患哉？弗為耳徐行後長者，謂之弟；疾行先長者，謂之不弟夫徐行者，豈人所不能哉？所不為也堯舜之道，孝弟而已矣子服堯之服，誦堯之言，行堯之行，是堯而已矣子服桀之服，誦桀之言，行桀之行，是桀而已矣曰交得見於鄒君，可以假館，愿留而受業於門曰夫道若大路然，豈難知哉？人病不求耳子歸而求之，有餘師公孫丑問曰：高子曰：小弁，小人之詩也孟子曰：何以言之？曰怨曰固哉，高叟之為詩也！有人於此，越人關弓而射之，則己談笑而道之；無他疏之也其兄關弓而射之，則己垂涕泣而道之，無他戚之也小弁之怨，親親也親親仁也固矣夫，高叟之為詩也！曰凱風何以不怨？曰凱風，親之過小者也；小弁，親之過大者也親之過大而不怨，是愈疏也親之過小而怨，是不可磯也愈疏，不孝也；不可磯，亦不孝也孔子曰：舜其至孝矣，五十而慕宋牼將之楚，孟子遇於石丘，曰先生將何之？曰吾聞秦楚構兵，我將見楚王，說而罷之；楚王不悅，我將見秦王，說而罷之二王我將有所遇焉曰軻也請無問其詳，愿聞其指說之將何如？曰我將言其不利也曰先生之志則大矣，先生之號則不可先生以利說秦楚之王，秦楚之王悅於利，以罷三軍之師；是三軍之士樂罷而悅於利也為人臣者，懷利以事其君，為人子者，懷利以事其父，為人弟者，懷利以事其兄，是君臣，父子，兄弟終去仁義，懷利以相接；然而不亡者，未之有也先生以仁義說秦楚之王，秦楚之王悅於仁義，以罷三軍之師；是三軍之士樂罷而悅於仁義也為人臣者，懷仁義以事其君，為人子者，懷仁義以事其父，為人弟者，懷仁義以事其兄，是君臣，父子，兄弟去利，懷仁義以相接也；然而不王者，未之有也何必曰利？孟子居鄒，季任為任處守，以幣交，受之而不報,Chinese
ManhTu,處於平陸，儲子為相，以幣交，受之而不報他日由鄒之任，見季子，由平陸之齊，不見儲子屋廬子喜曰：連得間矣問曰：夫子之任見季子，之齊不見儲子，為其為相與？曰非也書曰：享多儀，儀不及物，曰不享惟不役志于享為其不成享也屋廬子悅或問之，屋廬子曰：季子不得之鄒，儲子得之平陸淳于髡曰：先名實者，為人也；後名實者，自為也夫子在三卿之中，名實未加於上下而去之，仁者固如此乎？孟子曰：居下位，不以賢事不肖者，伯夷也五就湯，五就桀者，伊尹也不惡污君，不辭小官者，柳下惠也三子者不同道，其趨一也一者何也？曰仁也君子亦仁而已矣，何必同？曰魯繆公之時，公儀子為政，子柳，子思為臣，魯之削也滋甚若是乎賢者之無益於國也曰虞不用百里奚而亡，秦繆公用之而霸不用賢則亡，削何可得與？,Chinese
ManhTu,曰昔者，王豹處於淇，而河西善謳綿駒處於高唐，而齊右善歌華周，杞梁之妻，善哭其夫，而變國俗有諸內，必形諸外為其事而無其功者，髡未嘗睹之也是故無賢者也；有則髡必識之曰孔子為魯司寇，不用，從而祭，燔肉不至，不稅冕而行不知者以為為肉也；其知者以為為無禮也乃孔子則欲以微罪行，不欲為茍去君子之所為，眾人固不識也孟子曰：五霸者，三王之罪人也今之諸侯，五霸之罪人也今之大夫，今之諸侯之罪人也天子適諸侯曰巡狩；諸侯朝於天子曰述職春省耕而補不足，秋省斂而助不給入其疆，土地辟，田野治，養老，尊賢，俊傑在位，則有慶，慶以地入其疆，土地荒蕪，遺老，失賢，掊克在位，則有讓一不朝，則貶其爵；再不朝，則削其地；三不朝，則六師移之是故天子討而不伐，諸侯伐而不討五霸者，摟諸侯以伐諸侯者也，故曰五霸者，三王之罪人也五霸，桓公為盛葵丘之會諸侯，束牲載書而不歃血初命曰：誅不孝，無易樹子，無以妾為妻再命曰：尊賢，育才，以彰有德三命曰：敬老，慈幼，無忘賓旅四命曰：士無世官，官事無攝，取士必得，五命曰：無曲防，無遏糴，無有封而不告曰凡我同盟之人，既盟之後，言歸于好今之諸侯，皆犯此五禁故曰今之諸侯，五霸之罪人也長君之惡，其罪小；逢君之惡，其罪大今之大夫皆逢君之惡，故曰今之大夫，今之諸侯之罪人也魯欲使慎子為將軍孟子曰：不教民而用之，謂之殃民，殃民者，不容於堯舜之世一戰勝齊，遂有南陽，然且不可慎子勃然不悅，曰此則滑厘所不識也曰吾明告子，天子之地方千里；不千里，不足以待諸侯諸侯之地方百里；不百里，不足以守宗廟之典籍周公之封於魯，為方百里也；地非不足，而儉於百里太公之封於齊也，亦為方百里也；地非不足也，而儉於百里今魯方百里者五，子以為有王者作，則魯在所損乎？在所益乎？徒取諸彼以與此，然且仁者不為，況於殺人以求之乎？君子之事君也，務引其君以當道，志於仁而已孟子曰：今之事君者，皆曰：我能為君辟土地，充府庫今之所謂良臣，古之所謂民賊也君不鄉道，不志於仁，而求富之，是富桀也我能為君約與國，戰必克今之所謂良臣，古之所謂民賊也君不鄉道，不志於仁，而求為之強戰，是輔桀也由今之道，無變今之俗，雖與之天下，不能一朝居也白圭曰：吾欲二十而取一，何如？孟子曰：子之道，貉道也萬室之國，一人陶，則可乎？曰不可，器不足用也曰夫貉，五穀不生，惟黍生之，無城郭，宮室，宗廟，祭祀之禮，無諸侯幣帛饔飧，無百官有司，故二十取一而足也今居中國，去人倫，無君子，如之何其可也？陶以寡，且不可以為國，況無君子乎？欲輕之於堯舜之道者，大貉，小貉也；欲重之於堯舜之道者，大桀，小桀也白圭曰：,Chinese
ManhTu,丹之治水也愈於禹孟子曰：子過矣禹之治水，水之道也是故禹以四海為壑今吾子以鄰國為壑水逆行，謂之洚水；洚水者，洪水也，仁人之所惡也吾子過矣孟子曰：君子不亮，惡乎執？魯欲使樂正子為政孟子曰：吾聞之，喜而不寐公孫丑曰：樂正子強乎？曰否有知慮乎？曰否多聞識乎？曰否然則奚為喜而不寐曰其為人也好善好善足乎？曰好善優於天下，而況魯國乎？夫茍好善，則四海之內，皆將輕千里而來告之以善夫茍不好善，則人將曰：訑訑，予既已知之矣訑訑之聲音顏色，距人於千里之外士止於千里之外，則讒諂面諛之人至矣與讒諂面諛之人居，國欲治，可得乎？陳子曰：古之君子，何如則仕？孟子曰：所就三，所去三迎之致敬以有禮，言將行其言也，則就之；禮貌未衰，言弗行也，則去之其次，雖未行其言也，迎之致敬以有禮，則就之；禮貌衰，則去之其下，朝不食，夕不食，饑餓不能出門戶；君聞之，曰吾大者不能行其道，又不能從其言也，使饑餓於我土地，吾恥之周之，亦可受也，免死而已矣孟子曰：舜發於畎畝之中，傅說舉於版筑之間，膠鬲舉於魚鹽之中，管夷吾舉於士，孫叔敖舉於海，百里奚舉於市故天將降大任於是人也，必先苦其心志，勞其筋骨，餓其體膚，空乏其身，行拂亂其所為；所以動心忍性，曾益其所不能人恒過，然後能改困於心，衡於慮，而後作徵於色，發於聲，而後喻入則無法家拂士，出則無敵國外患者，國恒亡然後知生於憂患，而死於安樂也孟子曰：教亦多術矣予不屑之教誨也者，是亦教誨之而已矣,Chinese
Truong-Ngao.no.txt,張堯廣盛南佛鎮廣東中國戊寅𡊰南潤禮樂坦漢擼文章課太平國泰民康代盛治民風物受課眉撑層召印𧍰頭泊掑駕鶴想排𧵑拱它留冽嫌爲昆叱対實崔娄油𠖈凖輪囘它空几㑏纏奉祠悶卭善緣𠄩字沛卢作福𠦳㝵錢泊笘添本道謨銅𨯹佛中尊悲除些固㗂屯㝵娄拱邛洳卒福媒它呐畧老沛蹺娄逴才工須可慇懃𨒒本道吘朱歡喜妾柳氏沃号𠀧彭役胡混过𤠶星芸堆覓称欣朔𦲿窖别腩鮉才咍半步半船想扲机待幅翁儀𡂳泊分動𠰃注堯役時𠮩咾性於吏吃𠽐𠫾時𣻆培坡𡎥吏呐穷呐召責閉󰎰絲凌𣱾嫌台妑月問王陣時沛呐朱㐌陣𠨪沛卢買拖干𠨪𠫾𦬑底感撩麻補㺧𠴍対𨑗戶存訴浽事机爲姅逐𧗱些本不農不仕又不工昻昻邑里自称雄銅金作燥争王啓自臘代薪比石崇圭寓坦凱豐某𦒹存富户役奔半於尼根數芸咹拱固𢀭𠨪碎拱撝𠀧貫錢碎󰀴及㺧碎撝胣穭拱本固芸逹𨢇餒㺧悲除買高茹吝擃昆媄它𠀧𨑮𠁂昆,Nom
Truong-Ngao.no.txt,碎買呐𠶜奴奴吏莾碎裙頭拄袄擃腀,Nom
Truong-Ngao.no.txt,昆𡛔歷事体碎拱悶㝵清幍及某沛嘲哺󰏕焠蒌𢭂栗達茶勸𨢇進貧居閙市無人問富在山林有遠親給米苔㐌泣鄕村朱錢𣎃苔冲邑里細茹固𡀯之𠶆姉𡎥妬郎单𠓨赭󰑺納訴𢚸崙踈舊碎併役𠫾奔嗔舅𠆳丐本碎撝冲𠀧𣎃舊𦔳𥙩𠄼貫於别敬别論之𤾓之逐無呌倘畜朱奴𥙩錢𠄼貫庒論詞編細𠀧躺時完本利尼花院移真准錦堂雷𨃴錢曳突突堯体叱明明油𢚸󰀴袄󰀴裙𩈘飭咹翰咹餅役咹㕵吶時請猛傳半奔朱别曵坤呵挭錢𠖈凖市中謨翰勿𧗱邑里𩈘油生意渚可歡唐洳先師𢈱卭爲貫𨑗舊戶為添爲逐於眉保𠄼貫錢𠖈𢄂秀江之如蚤体𩻐㙁時󰀴𩻐㙁及茶顔時卓茶顔丕時眉𩲡𥙩茹肛𦝄拮挭𨑗唐北𩈘仕翰𨑜𢄂󰀴只󰀴金謨責𡋿仕肖仕芸仕茶顔圭寓𢄂秀江妾表稱倚朗汜蒼仍韓色苔茹原鉢錦𣙺崙𢚸恒悶仁胣咭𠊚侫些𠵌天下屯浪𩛷畧厨萬灵𨯹中尊悲除些𨑗厨些别供種之低淫途塊累海河卭郎,Nom
Truong-Ngao.no.txt,娄油𨑗凖天堂時𢚸作福求緣嗎奈㐌浪念㑏歆枚卒緣時拱固超升𨑗灵寺𨯹刑意年伴供𧵑尼呌浪供本廾𢈱俗娄恪朱爲碎固謨𧗱半朱半行廾𢈱孔固包麻除𨉟荒𠫾油𡢼羅時些庒咋𡢼纙別了家中到萬灵那自遠路步輕輕作成玉象座中庙鑄得金身殿里形老無完愿各署急𤍇銅物𨳒𤼸𨕭卭超升仙景冲時𥛉誦經外吏𨯹歆朱爲𠄼錢㐌𠹾𧵑某朱别使恩尼暫用禮物本道完功庒别奴𤵺馬朱年奴𠅍𤽶𠅍魂固細𣈜它塊嘹塊雷油固呂姅𢈱本渚輕某浪顚夲倘尼空𤵺冲世朱𠊚些爲拱可妬妻裙庒苓群悶求緣袄時𧙼歆皮作福情月花庒体𠼦噥緣渃拱它𠮩咾送盃送去霜散𡎝俗牢唉群畏阿茹時笠瓦袄吏濕鐄英寔𠇖座看庒沛𠊚根叩故漓易埃朱殄耒麻油空固𠫾女時英共呂丐利半丐鈽故丐彭麻呂朱碎番尼共歇為英碎决𠓨𢫃袄包鳥跡胡宗𡎟仙㐌𣦆神吏戈才奔半年坤𥙩牢過𤵺畧釼𢈱此夜单㳙娄隊𦬑厭弄美女如𨒻奴𠫾拱當㡳奴於吏添煩供空苔伵他𠬠坤群欣門𤵺,Nom
Truong-Ngao.no.txt,倍𧗱畧踈戈帳下戈戈娄浽𨃴家中媄𠀧彭買細渚群倘堯𠫾𨉟想初娄庒𦬑朱隊𠳨奴它窮𠰉朱年碎卢空卭啫踈舊悲除碎𠹾苦奴㐌𠫾賖沛釼尼攺分𢭂緣來碎仕倂𢈱併本悲除嬸倂𥙩卢錢呂吏朱碎釼尼朱閏對尼拱固䑓境易自粉落𡆫園春禁花殘量竒𠊚佗梗博弄󰇖碎敢单差幸洳𣷷渃辻𠄩埋卭陽春來寒谷低㐌固弄愛屋妬朱别字齊眉江𢬣阻吏防𡆫合𩈘𠓨尼静舍𩚵拖胣奴弄𠀧𠲶袄𩂏身群固萌碎庒陣昆彭拱在尼英衝霜包身尼例易自飭堯𣷮彈𠶡花抷牟茹埃麻倍倍妬𠵌眞𠄩親㐌𧗱滝渭𨉟群攺分檜松撩根盃趣從容索𠀧糁呂緣碎拱空奉󰓟之意𠅇凌麻泊分𣳔緣㧞信𦲿赭,Nom
Truong-Ngao.no.txt,園桃永撑𩛜弄共悶咹翰極浽󰇕空錢白注固𨑗西境時碎仍𢈱暫用𠀧𠲶蒌𦹳𩈘適󰒒將𤯩咟注堯𠫾𠓨麻咹󰂕艱難爲罷銅錢免朱呂邛易奈唐賖固臧形𧗱准天台蹺𨕭月殿佛庒及奴卭錢脱刧塵緣世爲知黄金殿上玉竜朝花開般若禪心凈竹引如來眼界髙体戸張症顛狂本茹妸固弄誠敬從出雲車降下解他張氏得成身緣登覺路慈雲覆刑埃𡎥数数預边𥒥振鐄些急仕吏𧵆𩲡朱罕意沛呂𢈱本空時世袄世巾英加害碎之朱年碎奴打奴𠯽碎𠫾它賖姅昆𦝄買及𠊚主𦬑本低空為助麻併本併𢈱錢碎空詞空契年悶筭呐虐茹尋釼泣尼年些𠖈訴分冲濁𧵑茹時姅逐些呂吏銅英佛尼英呐虐年月雖多息不過本𠊚達筅碎廾許眞心娄吏𤯭貝娘何如意群如碎唹茹時牢别了領山望開州屈曲那自好滕𨒣欺𠫾時瀋瀋阻吏叱毛毛皮甲𠲶蒌它細尼館了除𧗱低供悶呐𠲖称咋娘吏打䏾時当𩛜体𠳨吏添𩛂碎㐌呐貝來嗔朱化去𧗱低麻埃𠲧埃羅麻沛𧼋妾渚通事妬嗔訴浽役低如英空呂朱碎碎吏固𦖑朱仃呌蹺世俗號㗂國音逹筅碎逹筅碎㐌安然氣力吏定静心神底朱些󰖂役齊家耒某仕併皮宜室折𩔗奸卭使役道茹除𠁂𣍁輕法渃㐌遣吱梗梅竹佛吏吹些合瑟琴,Nom
Truong-Ngao.no.txt,妬𦬑惡德咍凌𩲡𣈜苓𣎃卒𢄂𡘯𠅍裙袄買坤圖群碎歆中奴打排裙袄歇莊碎收泊茹襘辰唹魯渚杜朱埃打泊時𡢼打牌㧾楣辰蚤破火及捹楣麻妬𠴍添体牌鳳辰低買空打係眉打時蚤拱打群埃呐牢箕渚蚤决吏泊哉泊哉群𦓅𠲶𦓅𠲶𢧚虚他沒專底補拱沒吝奔舅廾麻𠨪辰些併変縱辰沛用權悲除悶固錢沛󰝡饒𠫾貝天網難逃疏而不漏埋及卭中蘇群之麻𠯅鬂,Nom
Truong-Ngao.no.txt,之收謀孫濱實欣客常君,Nom
Truong-Ngao.no.txt,𠵌戈渚唯𢪀吏空咍咹吸乙涓𢬣𥄭㳙昆俸嗎奈萬海千山渚雪霜霂雨𦹳冲補濁在𨉟𦲿莱茹𠀧座苔汜錢周廩辻丐渚苔穭漢必泊仍半館瘖奴補課機寒合堆油﨤鳳交鵉時沛𤼸花𢱖博渃麻阿𣳮事情釼智惠弋耒業彰篤塔𡋂仁仗啉槞核德𠦳重福𧈧渚𤯭及石崇錢拱齊莊王鎧錯𩈘情娘料用油𩈘倍畧𢌬妾求縁娄姅碎呂禮𡛔𨒒𠄼事俸色叱吹胱固舊戶󰈏添姑彭𢱖博罢世縱買身失泊臨役收買蹺笘俸払急圖𢶢𢶢調𨌀𨃴毛毛畧𨑗制朱别飭𢀭娄細妬卭朱别注咍辰賞泊乙固杶仃輕於𨑗役朱𡀯俸𠵌戈㗂呐買别使刑果張氏萡情眞吾夫配愿低頭甘𠹾仰面慚𦍟萬事總皆休壹朝該受死釼天包𦬑折𧋆彈寶易𢙇𢏑仕朱咍業報荣昌誠能感或𠦳課太平天下敬歲主下囘分解,Nom
ba-huyen-thanh-quan.no.txt,𠊛些時庄特兜唹時翁貢󰥎𬌥時󰥎付朱昆妸氏桃,Nom
ba-huyen-thanh-quan.no.txt,泠丁湎渃㯲待埃𡦂浪春不再來朱衛劎𡮇矯埋女𫅷,Nom
ba-huyen-thanh-quan.no.txt,造化磋之局𢧐場𠰃𫢩㐌𣦆氽星霜𡓃𠸗車馬魂秋草𡋂𡳵楼䑓䏾夕陽,Nom
ba-huyen-thanh-quan.no.txt,𥒥沕𥾽肝拱歲月渃群󰑝𩈘氽桑滄名𦎛㡳𤐝今古景帝𠊛低𨻫断膓,Nom
ba-huyen-thanh-quan.no.txt,升竜𢙇古胡春香高𡴯層𩄲没榾旗,Nom
ba-huyen-thanh-quan.no.txt,京城𣈗畧省悲除像銅鎮武香群碑𥒥花文𡦂渚𤎎宝㙮盧疎𥬧𦹵𡤔,Nom
ba-huyen-thanh-quan.no.txt,溋蘇淶𣼽䏾𦝄初﨤埃故老󰔏低𠳨准𫇰繁花㐌沛渚,Nom
ca-tru-the-cach-AB-431-manual.no.txt,歌籌體格𥪝𦊚𣷭兜羅空知識義相逢相得化相親啐腰饒賒拱𢧚𧵆買沛𠎬文人才子千里遭逢萍水義,Nom
ca-tru-the-cach-AB-431-manual.no.txt,一朝眷恋漆膠情𠊛風流﨤客市城包掣計心情朱𣍊𠄼𠀧𡃹茶蓮送別沒𠄩鍾𨢇菊解煩買能聲氣自然,Nom
ca-tru-the-cach-AB-431-manual.no.txt,其伏也英雄無盡𩈘公侯群吝䏾塵埃有生一世之才有了人間之事箕牧也朱旗大舉固沛浪翁呂能空男兒𦤾贳買英雄干得雨蛟龍羅匪志埃別几𡓮勾滝渭水拱固𣈜𦓡魚水龍雲英雄致主澤民人生天地間,Nom
ca-tru-the-cach-AB-431-manual.no.txt,忽如旅行客固包饒𠀧萬𦒹𠦳𣈜𡢻風塵啐㐌咹撝沛者𤽸買羅𢬣志氣,Nom
ca-tru-the-cach-AB-431-manual.no.txt,㐌啐㕵醝味世味沛尋方醒𧆄繁花劫浮生瀋脫俸𢧚𫅷辰雪月風花朱匪志𠳨仍客桑蓬壺矢准林泉城市買知音𤾓𢆥𨻫仍唭忱將相本無系南兒當自彊爫𤳇埃空志𦊚方經一難又增一智貧者樂之機剝者復之始固冬寒耒罕固春風𦖻群能𦖑眜群能𥉫蹎群能𨂼飭群能𫼳塘劍弓𪬡雖𪽝分仍𦓡空𠹾罕盎功名啐陀印𩈘𤽸眉撑會功名﨤罕固番係𦓡固志辰𢧚秋水共長天一色𨤔秋天窒墨風光𦝄𦝄泊𩙌𩙌鐄𠽖𢚸客他郷欺遣興𡃹𨢇黃花干執爌勾詩白雪𣅶吟哦伴穷𠊚雪月風花𥙩詩酒琴棋爫適志固流落買𣦆味世味准繁花強𡗋仉春情醒𦋦耒買秩𨉓日長似歲閒方試事大如天醉亦休𡎝塵間窒墨風流趣𢝙趣從心所欲欺彈七弦欺歌四曲欺茶金菊欺𨢇白蓮局榮枯前定自天准塵俗芾埃仙格塘士宦拱羅𥪝清白拯戈羅絏攊𪧚例𩙌外默㗂𠸦吱車馬喧朝無隱几圖書樂夜有含杯准琴堂𣈜𣎃清台摱詩酒捤摓朱風月客氽𠎬文人豪傑趣𢝙穷雪月風花𡢻風塵併算俸𢧚𫅷恩雨露仍懞𢘾彈𪨅,Nom
ca-tru-the-cach-AB-431-manual.no.txt,幾秋恩愛君臣義十載書燈父子情榜鐄標𠄩𡦂中貞釰正氣㦖烹繩佞舌板蕩誠臣𠉞買別𤯩包饒𦓡名節朱當埃喂𢶢凭綱常紅日三竿眠未起算來名利不如閒𡎝𤾓𢆥𡴯仰塵間人生拯之欣適志𡃹𨢇黃花勾詩杜李𪮀彈流水渃碁仙遊風流前定自然油𠰘世吱𠸦之妬拱天生我才必有用千金散盡還復來准南窓干醒聀黄梅𠦳鐄𢬭陳唭之可𢪀箕仍仉緘名鎖利,Nom
ca-tru-the-cach-AB-431-manual.no.txt,窖功兜聀吏事𠁀之𡦂浪安分知机琴一張碁一局詩一曲酒一壺閒觀三島五湖干得喪荣枯還自爾君不見黃河之水奔流到海不復回人生行樂幾時何事抱幽怀耿耿須信穷通原自命此哲人一咱諸天仙乎樂我所然趙子龍一身都是膽陳當陽身被七重圍且行且戰馬如飛抱阿斗手持三尺劍四面曹兵誰為漢陳前何處是吾君𠓀夏侯惇𡢐夏侯恩沒𨉓衝𥏋突砲別包吝𦉱𨑮𠀧陳英雄拯𥿁曹唒孟𠄼𨑮𦊛將龍令𧗱沒𪖫青虹旗常山題趙子龍一人敵萬軍中將才才𤳇㐌當𢧚𤳇一點客星臨帝座嚴光光武之故人武𨖲𡾵光買隱身沔齊澤𤗖羊裘吼𩙌車三返仍志想慕吏強𫼳利祿𢀭𢀨准釣臺百尺絲竿恨㳥泊且不勤名教喂仍几匡扶再造𥚯氽埃扶植綱常山蒼蒼兮水泱泱先生之風山高水長釣臺萬古留芳人生天地一逆旅催功兜𦓡逴事塵間如占包如𩙌𠺙如𩄲散唒得喪悲歡停固妬𠀧鍾風月瓢今古氽曲山河繓𩙌𦝄局𢟓𢝙𢝙𢟓扲朋埃𡎝世側浪空買固箕王愷石崇𣇫怒唒旦𠉞則𥚇拱羅虛爫之𪧚買虛虛,Nom
ca-tru-the-cach-AB-431-manual.no.txt,自古奇人多奇遇得風流無處不風流𣅶逍遙肥馬氽經裘干遣興陽春穷白雪,Nom
ca-tru-the-cach-AB-431-manual.no.txt,江湖𣦆氽秋𥊚䁾㐌曾味𠶁氽味能欺𢧚耒造化𦋦𢬣𨃴名利徐𠉞空𨻫縱天地生吾終有用局桑蓬算𤽸𡢻男兒催辰今是昨非册固𡦂一辰彼此𡢻人世撝撝者者特包饒名利𨕭𠁀𤾓𢆥埃拱如埃江山不少才花客每沒𠊚沒格風花𨢇劉伶詩李白棊帝釋彈伯牙𨇜四趣氽羅𠊚才子𨔈辰𨔈拯𨔈辰𠤆㐌𨔈朱壢坦迎𡗶㗂是非擱底外腮𨕭𡎝世氽𠊚羅知己辰人不解青天意空使身心半夜煩客才情﨤𣅶青年味世味特包饒羅利帝第一風流羅世丕唉埃喂𨔈𥙩矯怀𡨸浪春不再來江山不少才花客天地多情福厚人為狀元為宰將為孝子為中臣意乙罕爫𦎛千萬古箕馬周三十逢塘帝呂太公八十遇文王繓畧韜挭𡨸綱常恩辰者𢗼之塘早晚塘群𢌌青青坦坦攝筆硯𦓡𢭸案氽𠀧生欺𠓨幔欺𦋦帳欺𡬈馭欺𨖲城三百年海宴河清𢜠﨤會太平天下意氽寔黃天無負我㐌英雄用舍固𢗼之𡨸浪早晚一辰風花雪月千金子水竹雲山萬戶侯墨英豪窒品風流吟今古埃朋翁卲子𥪝斗室磋運天地𨢇渚春𣋽墨嗘哬外月軒唭𠹳烟霞𥙩𩙌柳𦝄梧爫伴侶長生洞達乾坤子安樂窩中富貴人清台收𣍊没瓢春𨕭𡎝世風塵調拯累搊塵世㐌氽𠊚特世𦉱𨑮秋𥪝局庖羲王尊何在范蠡何為,Nom
ca-tru-the-cach-AB-431-manual.no.txt,塘荣顕辰𡗶㐌定𨀈湯𩄲几𠓀𠊚𡢐局功名埃拯㦖朱𣭻䀡花𦹵買別勾早晚春日梅花先占榜冬寒松柏後舖青於辰尼悶拱停欺大用氽縱橫穷放縱𩵜禹門徐番越𣷭﨤欺𩅹買化𦋦𧏵男兒到此是雄自古佳人難再得丿𢆧台边色边才𡨸同心埃𠤆悁埃緣金改𤊰味金改玉群𡨺價朱𠊚待𦝄㦖爫高底客𥉫義𤾓𢆥鑿沒帶同𠳒鐄𥒥沛𥱬𢚸鐄𥒥客房鵉氽𠊚金馬義關怀之可喠賒吹催催停㗂𥐆𨱽𥪝歌管風情埃妬佐𠳨浪情埃𨯹捽朱𢧚絆為情能絆為緣情緣𪽝為埃攔𢬢天理生人情便了情長情蕩又情鍾䋦絲情問𥿀別包衝底朱客多情添式𢹇筆花草情書一幅𤗖𦎛情底客𥋸終𡢻情別者包衝世有玉璽書案地天無水旱聖人田沛𦋦𢬣亙飾𢴿船會魚水良緣羅分事狀元不是人間子宰將原非天上兒𠸦𦓡之吱女𦓡之怒包管世間知與不尼榜鐄題名甲乙朱塵埃埃別庒埃買能否極泰来高山一片月㐌𨔈𦝄𢧚沛別情𦝄山之高對月之恆山固月強生景色月掛寒山詩半幅詩題明月酒千樽𦝄空𫅷𡶀沕群𡽫𡶀拯鈌沕𧷺氽𡶀𨢇沒瓢詩吟沒襊𢷀𩙌𦝄𦝄𩙌𦓡𨔈𡶀箕底鑿閍𠁀人生𥪸於𥪝𡗶坦埃羅空志奇𦊚方𠎬爫𤳇挭𡨸綱常𨤔眉目𦎛恾𨕭𡎝世利名自笑身為累事業由來各分殊志英雄之底丐身污𥪝宇宙丈夫羅世𧘇身雖丕分𪱊停丕涅風流否泰拱風流心中何怨何尤,Nom
ca-tru-the-cach-AB-431-manual.no.txt,才子佳人希際遇吟奇逢千古氽欺䋦絲情月老窖羅𡃊緣仍約沒𠄩車𥿗𧺀欺准嶙庒欺尼紫禁欺詩𦑗約欺𦲿仙題喂𡗶生資色爫之花𦹳𧊉拱沒𠄩㧅𢫊𡅳埃氽焒香停固倍沒𠄩𢆥如𢫊丐春𠫾遭逢芾固氽欺要為天下奇男子須歷人間萬里程啐多恾堆𡨸才情催辰拱昂𨉓朱放縱天生我才必有用千金散盡還復來志英雄之詫𢪀塵埃催停𢪀沒𠄩𢆥𠓀𢘾𡗶坦番尼罕特𨀈功名几𠓀𠊚𡢐青雲埃劍埃兜紅紅雪雪買𣈜芾𣜾別丐之之𨑮𠄻𢆥瀋脫固𥹰之𥋓𩈘吏細期絲柳昔我同遊君尚少今君已嫁我成翁𠽋唭台堆𡨸相逢𦓡𨔍𨔍悁悁𢚸愛𪿒𡗶坦刊𠫾𦓡𢩿吏緣相逢群買買𧗱𡢐𤽸𪘵旦𣇫泊頭悴䏾𠰚蛟龍干未雨沒𠄩算散步制排噤𡢻难放度氽𨑮,Nom
ca-tru-the-cach-AB-431-manual.no.txt,𧁷默𧁷併耒拱瀝𡗶群撑𡶀群碧𣷭群𢌌滝群𨱽運英雄群會泰来群荣顕氽江山群買買㐌𢸞吏乾坤𠓨沒繓丿𫼳書劍𡎝𤾓𢆥沛𠃣𡗊沒𡮍㗂沁底宇宙合共人世嗟乎丈夫當如是係爫𤳇固志辰𢧚尼尼人定勝天沒𤗖才情撩萬古𦎛愛恩路路𥋸終解同心蹺𡨸相逢𨑻才色撻𠓨𥪝䋦𥿗君是文章科榜士妾為閨閣藻蘋人緣仍𢆧𥿗晋絲秦筆花草題詩怨恨曲司馬鳳求叶韻摱埃𧗱𠴍啂伴知音㐌願堆𡨸同心,Nom
ca-tru-the-cach-AB-456-manual.no.txt,歌籌體格世事升沉君莫問煙波深處有魚舟𢪱𢬣𦣰𢪀事兜兜󰝂夢事對𠇍真身辰拱𤻻惟江上之清風與山間之明月庫𡗶終𦓡無盡𧵑𨉓𥢆局𣃲𧷺産固囷𤍌埃城市𦓡埃林藪𢫈𥙩擛讀勾進酒君不見黄河之水天上來爫之朱𤻻沒𠁀佳人難再得,Nom
ca-tru-the-cach-AB-456-manual.no.txt,啐醝花𢧚間𢬢買情𠃅西軒𤗖月征征,Nom
ca-tru-the-cach-AB-456-manual.no.txt,油汜𡗋春𧗱鶯𢖵風流公子多春思腸斷蕭娘一紙書渃滝湘沒𢃄農涂朱几帝𠊚低懞痗叭𠯪𨤻𤾓塘𠦳餒𡦂鍾情別吘穷埃約之哏抪沒𠄩自古紅顔多命薄𢞂朱埃𦓡吏惜朱埃緣終征月𠸍花唭過喭𠰚桃僊淶𡎝俗㐌擱𦎛鸞撩價玉女懷朱𪀄鴝杜梗梅春群𨱽緣咳群𨱽此𠼶那䀡机前定𠴍月老凭扲𦀊赤客佳人車𠇍客文人榮花補𣅶風塵啐㐌生𥪝𨦩宇宙決咹𨔈朱妥𨕭𠁀事泰來否極𤳷𡗶滝固曲𠊚些固𣅶天生人何人無祿地生草何草無根埃群𦝄𩙌𩙌𦝄停𢗼𢠯𡦂青春難再得𠊚𦖻眜𥪸中𡗶坦別浪埃㐌聀欣埃𣈜堯𣎃舜群𨱽潯陽江頭夜送客䏾𦝄秋濕󱷶邊城彈琵琶埃窖𢭮朱𢧚吹𢚸客天崖𨻫仍哀怨𨤻𦊚𦀊󰠓永干不平如泣如慕如怨如嘆𠽋唭台丐分紅顔󰅹仍客五陵兜永佐烟水茫茫天五夜琵琶曲曲月三更𣷷潯陽景𧘇別包情隻船𨻫𠫾𧗱𥪝䏾月𠊚遠客別庄拯別曲彈尼別吘穷埃江頭幸有客來搊才情翠翹第一節清明掃墓黃泉𣇜斜陽咏𡏢淡仙𢫝𨀒驥﨤払金重𠄼更想聀槐神夢𢼂姑群𡗋𣅶風花𠶗醒迷𢪀𬢱𧵆賒𠄼更仍塢𠲖朝柳要斷腸夢裡根緣了薄命琴終怨恨長朵春花𣃣﨤局桑滄㧅𦟐粉底𢧚𨉓流洛緣𢼂𧘇𨑮𠄻𠄼隻莫分紅顔𡗋𣅶艱屯錢塘埃窖造因魚水龍雲千載會江胡風月一船清趣田園搊𠇍盎功名欺𨆢細𥙩𡦂情爫重盤石絲竿周呂望東籬徑菊晉陶潛𦎛古人𥋸𠓀𩈘群印分穷達𧯶浪埃吹遣𣅶未遇別𥙩之爫貴賤挭爵𡗶鍾鼎漢家中興收攝干戈,Nom
ca-tru-the-cach-AB-456-manual.no.txt,𥪝歌管人情埃妬佐𠳨浪情埃𨯹捽朱𢧚𥗾爲情𫨩絆爲緣情緣𧘇𪽝爲兜𢵧𢬢天既生人情便了情長情短有誰憐𦁀絲情󱫀繘閉饒𫷜坤女底客才情添忒𢹇摱𥙩筆𡳒幀情沒幅𤗖𦎛情停閍刼𥋸終𡢻情決者朱衝中秋雲靜出滄海半夜露寒當碧天𨤔清𥋸別𠇍𨤮𠦳兜󰑼拯䀡暈𢭗𩃳今夜月明人盡望不知秋思在誰家産江山故國默鄰羅吀𠤆底𦝄清唭客俗酒一壼琴一張歌一曲興南樓󰅹埃𧯶輸埃別𦝄仕𠳨𦝄𨔈梧桐一葉落天下共知秋十分明鏡滿江樓鴈聲斷衡陽之浦飛鶴滿江橫白露牧牛一笠舞秋風姑蘇城外寒鐘半天落江楓漁火客遊赤壁之下一蘭帆泛泛江干少焉月出東山朝廷有道青春好興清閒好會𠄼𠀧好詩好酒好琴歌聲色意想姻緣更好𠊚淑女㐌𢧚窈窕曲關雌君子好求几文房﨤客紅樓緣好合北梂烏鵲好借良媒締夙約好將心事更相知恰逢好節佳期天之下莫非王土土之津莫非王臣𡦂功名󰑼價縉紳塘遊宦賒𧵆羅客奇私情公義歸詩𪽗故國他鄕對酒棋唒東西南北𦓡之𥪝宇宙本男兒分事責人世𧯶空區處𥙩𡦂閒𡅧𠰚買塵心欺彈五玄琴欺歌四時曲欺茶金菊欺𨢇白蓮閣風流󰑼趣自然准客地沕悁𡋂𬗂意啐㐌𡢻風流富貴辰桑蓬朱匪志𠇍甘一途可北可南一片才情相遇處百般情在一言中閉𥹰𫢩間𢬢𡦂情鍾𫳵拯決買情朱論院情緒悠悠愁遂斷情長縷縷刻如年妬埃攑特䋦情緣情不盡底緣添不悉𠶗𢖵𡨸心情提密沛󰇮情𣘈鉄者饒𠫾閍𢆥義鑿情𥱬不悉𨤻英雄欺未遇𨀈塵埃蹥𨇒擬𦓡傷,Nom
ca-tru-the-cach-AB-456-manual.no.txt,𥗾堆𦠘沒挭綱常𠄩𡦂經權隨所遇君子欺穷㧅𡦂故丈夫群𡗋𣅶𧗱𡢐默𢚸埃浪馭浪𬌥干𩙌培𠺙𠳒非㗂是拯染朱深味世味爫𫳵朱𤽸𡢻桑蓬再眜撑爲𡃹𨢇濃幔錦紫拱終𠊛富貴固知己買𫨩知己寔英雄買別英雄,Nom
ca-tru-the-cach-AB-456-manual.no.txt,𡦂浪所見畧同人生當世隻梭迻𠀧萬𦒹𠦳𣈜𡢻風流几者𠊚撝塘𠦳𨤮𧡊花𦹳埃拱抇擬世事𡗉調添不悉𢵧𢬢𠓨姿色爫之刼紅顔𡊰過姅辰𦓡造化恄慳之買買讀𦤾𡨸青春不再㦖北湯𨖲𠳨𠃩吝𩄲浪緣浪𡢻之低𡢻渚者緣箕𫳵㐌纀番尼決誓𡽫買渃此䀡𡥵造撻𨉓兜󰅹𠊚君子好求自古奇人多奇遇𠊚風流𦓡﨤趣風流𣅶逍遥肥馬買輕裘干得意陽春穷白雪江湖𣦆𠇍秋𥊚𤻻㐌咹佳味擬買味䏾𢘾造化𫥨𢬣𨃴名利徐低空𨻫縱天地於吾終有意局桑蓬裝樣𡢻男兒催辰催今昨是非册固𡦂一辰彼此𡢻人世撝撝者者特包饒羅蠡於𨕭𠁀𤾓𢆥埃拱如埃文章為世貴𠎬爫𤳇決志𫥨修院𨑮𢆥畑册功夫𠰘科目襖袩朱産妬狀元本是人間子宰相寧非天上兒塘青雲坦坦吏夷夷爫朱𤍊耳目鬚眉穷𠊚世功名意弭讓徐帝𠰚𪤍鼎鍾𤎔𨤔帶巾黃天不負讀書人忽憶六七年前事𡢻風流㐌󰇾𦎛願旦悲𣉹吏﨤𠊚悁餒流落事恄慳󰑼󰡫󰡫妾自輕身郎未棄臣雖重罪帝猶憐干之𦓡𢢇分𢤞緣𣘈粉默彈㛪曲󱛬眼中自可情相白催筆硯笙拍拱調差,Nom
ca-tru-the-cach-AB-456-manual.no.txt,𥉫饒呐呐唭唭花晨月夕人生之樂樂何如欺風月𣅶琴書󰝂耳目貝人情世故一生還盡人間趣萬古渾然肺腑春蹥𠓀𥪝天地風塵唒費𠦳鐄之女計㗂是非默𠊚人世心肝尼易量特油桑蓬󰑼志丈夫嗷喭𨤻几𧗱𠊚於𠊚𧗱几於准賒𣾺祝𡃹琼欺醝醒𣹓潙湥淚玉徘徊八𠯪󰅹仍𣅶㗂彈擅㗂喝󰅹仍欺󰇽拍吝擛笙閉饒𣈜間𢬢掣包情𦓡𡥵造栗𢗼之𡗋佐𩙌𡁱海滝秋船沒蘿買𣈜󰅹𠃅𩯀譖昂𦠘𧵑𠁀𠊚惜庄埃人生天地一逆旅固包饒𠀧萬𦒹𠦳𣈜如梭迻如䏾𨴦如𡬼𢬣𠶗𢖵𡨸古人秉燭高山流誰施千軸明月清風酒一船𠊚才子客神仙𡃹𨢇聖勾詩神適志𦖻𬑉意𥆾風景意兜庄󰑼雪月風花𦊚務春吏秋戈,Nom
ca-tru-the-cach-AB-456-manual.no.txt,佳人絶世而獨立價㐌𢧚一笑傾城傷爲色𦓡重爲才群𨆁祝買𠁀油買佐我是自人還是我人非自我笑非人塘是非啐㐌過蹎催買別傳𠁀󰑼世世梭瀋卒䏾𦝄㐌熾買𣈜󰅹𠃅𩯀譖觥𣘾𧵑𠁀埃惜庄埃妾心君不識君心妾不知𪿒顒台沒𡦂相知𠊚堆我底𦎛終沒䏾一番對月一翻夢幾度臨風幾度魂昔黄昏今又黄昏心事意𤋵排𦝄𠇍𩙌相思最是相思苦𤗖情尼別𤍊穷埃﨤饒吀吘沒𠳒人生貴適志拯之欣錢朱𡗉𫱀朱𫅠彈朱𠮾喝朱𫨩拯風流朱世俗別𢬣庫無尽消耒吏固席上李桃如有主百班花草更伊誰欺㕵𨢇欺讀賦欺吟詩收攝奇繁花𠓨沒局風景意拯𨔈拱俗強𨔈朱渃漢𨖅胡渃秦𨖅楚渃吳𨖅牢風流埃劒埃󰅹風清月白蘇東坡赤壁之遊昔逢秋今又逢秋千古豪情人未老梧桐月向懷中照楊柳風來面上吹興南樓今夜何期望望指天邊之雁玉笛一聲寒燈一盞懷佳人兮不能忘,Nom
ca-tru-the-cach-AB-456-manual.no.txt,秋風蘭秀菊芳帆蘭弭弭沒𡥵船董鼎𨄹湖西㳥汲澗色渃吝朝𩄲八𠯪底𢹣𠊚𨒣覽烟水自生無限感寒籠垂御不知深𨢇凌瓢懞買伴知音春永𨤔別𥙩埃吟和𩙌𫨩海󱋨味香麝𥋷𥉫𨖲詩㐌堆排詩埃吀對沒𠳒𠀧萬𦒹𠦳𣈜羅𠇍景蜉蝣𬂙𧡊拱󱋨唭窖功兜間𢬢事𠁀消遣摱沒𠄽鍾𠮩咾斷送一生惟有酒沉思百計不如閒𠁑窻枚濕𣎃䏾南山𥋓𩈘吏九寰𥋳拱𡮈𣦆𡗶坦古今今古捻形骸空固固空路󰑼千駟萬鍾固流落買𣦆味人世群塵埃坤𤍊𩈘公侯莒台𡥵造窖机求㦖大受咳撩朱𨻫縱身係邦家原有用天於豪傑不虚生㐌啐生𠓨𨴦簪纓吀朱院𠳒𡅪書劍人有謀兮天不厭,Nom
ca-tru-the-cach-AB-456-manual.no.txt,𨤔巾帶粧點沒𨉓埃榮花朱院沒𠁀忽狂今夕會還有故人同眷𦝄渚𠇍𡃹𨢇濃春沒刻𠦳鐄坤祢詩歌不盡樽前興更欲凌霄上廣寒𦗏𦖻𦖑㗂喝宮彈倣度𦤾霓裳牢帝𠳨月殿仍埃𨕭意客宮娥𬁷𩈘少年𠳨朱夾𩈘姉姮𣦆𡽫渃賒𥉫班夕照幅風雲埃窖𤳰撝𠁑今烏𡥵白鶴䏾雷催𣳔碧浪㗂漁歌𠱆𡂳投林鳥趂斜陽外乘夕漁歌古渡頭𩙌𦝄清正壮𨢇凌瓢𡽫渃碧𢯏𢴾琴𠇍曲閒董鼎生扛梞竹𠽖繩童捇襊乾坤𢝙台𥪝𡎝人寰鳥亦是羽虫中之一傷丐𪂲灡哭邊滝㗂𠰚𡽫挭𥺊迻𫯳塘閍𨤮沒𡗶沒渃𥊢𦑃鴈氷傾曾𨀈𦖑㗂鵑刻快𠄼更分𧌃𩵽𫳵女𢴑情恩水土𡊰功朱論院払篤志吀停想望妾阻𧗱餒丐穷𡥵高平隔阻渃𡽫,Nom
chinh-phu-ngam-plus.no.txt,指昂𦰟槊𠓨岸𧯄豹𤢈楼蘭浪蹺介子細蠻溪盤事伏波襖払𧺃似𩄐坡馭払色𤽸如󰑼雪印㗂樂馭吝擅㗂𪔠夾𩈘耒丿俸󰤱𢬣河梁󰤱𢬦塘尼边塘𬂙𩃳旗𠖤𢢯又軍𫏾㐌細外营柳馭𨍦群於裊長楊軍迻払󰖁𨖲塘柳楊別妾断腸尼庒㗂笛󰖁賖澄凌扐行旗𠖤𩃳乞𥊚又𢴑𢬣蹺笠𩄲迻妾𥆾𫭧𡶀󰯷󰡣餒茄払時󰳅𡎝賖𩄎𫗄妾時𧗱房𡳵照𧜖兑𬂙蹺㐌隔垠仍牟𩄲碧共痕𡶀撑准咸京払群𥋓吏𡔖洋湘妾駭𬂙𨖅𤐡洋湘隔󰦭陽𣘃󰦭陽䣓洋湘󰋇重共𬂙吏麻共󰝸𧡊𧡊撑又仍󰋇岸橷岸橷撑屹𠬠牟𢚸払意妾埃愁欣埃払自󰳅𠓨尼𫗄培𡖵𦝄尼󱅷𠖾方兜初𫢩戦地󰟯包㘨空𰿘𨤵掣牢𤋵油唏𫗄冷𠊛愁𩈘惮𣳔渃溇馭𢠣蹎𨁼揞鞍𢶒𬂙㐌𤶐𦣰漨𡋥󰺔𥄭𡑱𫮹撑𫢩漢𫴋白城㨂吏𣈕胡𠓨青海𥈺戈形溪󰡫𡶀𧵆賖𦄵傕吏𫃸𥰊駝吏髙霜頭𡶀𣇜朝如澮渃𢚸溪裊𫏌群溇恼𠊛𬡢甲閉𥹰𢚸圭戈妬𩈘油󰝸𢣧𨕭帳錦透𫨩庒𨤧樣征夫埃𦘧朱𢧚想払𨀐󰖁󰋇年󰝸尼瀚海時沔關山㐌測阻隊岸蛇虎吏冷󰳇仍𡓇霜風𨖲髙𬂙式𩄲篭𢚸芇󰑼󰝸動𢚸悲傷自󰳅𨖅東南𡴯𡑩別浪払進討尼󰠲仍𠊛征戦閉𥹰弭䀡性命如牟𦹵𣘃󱋨唏猛恩𠫅自𫏾󰠵准𠨪歳特包饒𡽫祈墓只𦝄撩𣷷淝𫗄𠺙調囂󰋇塸𩲉死士𫗄㗀又𠺙𩈘征夫𦝄唯又𤐝征夫死士󰋇𠊛芇埃莫𩈘芇埃噲𩲉唒兵焒渃𡽫如𡳵几行人過妬鄭傷分󰛐𫅷𫮇戦塲払超𠃅𩯀點霜買𧗱,Nom
chinh-phu-ngam-plus.no.txt,想払󰠵仍皮𬋟弩𠀧𡱩鎌𠬠部戎鞍衝坡𫗄𡓁𦝄岸鎇撩頭馭槊󰇶𩈘城盎功名𤾓塘遯也仍辱𠡛芇㐌󰳈󰳉餒𢚸別吘共埃妾𥪝𦑃󰠮払外蹎𩄲𥪝󰠮尼㐌停分妾外𩄲箕𧯶劫払󰠲仍矇󰠩渃共饒芇𪟽𩄲渃俸󰠲隔潙妾󰝸想𫥨𠊛征婦払𧯶曾𭓇𠎪王孫據牢隔阻渃𡽫遣𠊛傕󰉲時𣋚𤋵油樸風流當澄年少聘饒共攔𢬢𡦂縁女芇堆侶少年䦕山底隔寒諠包停課臨行莺㨋𥾽柳𠳨𣈗𧗱約裊鵑𰙔𫢩鵑㐌𠽖鶯𫅷鷾鴯吏嘅𫏾茄𠶓𠽓課登途梅𣗓僤𫗄𠳨𣈗𧗱只度𣑯󱖮𫢩𣑯㐌眷𫗄東雪梅󰺔𪤄芙蓉𧺃坡恨共些𨻫西岑意捽𣈗𬂙芇𧡊唏沁岌󰁇𦲿用梗簪𨅸𬂙𦖑𠰺㗂禽牢敲限尼芇漢陽橋怒𡖵吏尋芇固消耗岌󰁇𫗄𠺙襖袍,Nom
chinh-phu-ngam-plus.no.txt,𪤄𣋚𣻆汜渃潮溟濛信𠳚𠫾𠊛空𧡊吏花楊殘㐌󰠵𦼔𣛟𦼔𣛟󰋇笠終扃𨄹𡑝𠬠𨀈𤾓情艮魚書常典𠊛空𧡊典幅簾疎吝轉𩃳陽𩃳陽󰋇𣇜穿昂𠳒牢𨑮限𠃩常单差此併吏演𣾺𣈗意钱蓮尼㐌扔󰑼𠀧㤕𠊛吝呂隘賖㤕𠊛𢭗准皇花𨤮𨱽情家室芇埃󰝸固箕老親閨婦𢖵傷索𫅷披拂𠃅箱𡥵疎𣒣𣷱𡲤當扶持𢚸老親𢞂欺𢭸󰠮𠰘孩兒徐𩛷𠰏𩚵𤮿裴妾拖孝男鍊𡥵畑册妾爫父親尼𠬠身餒𫅷𠰺𥘷餒關𢙇𫼳󰳊別包𢖵払󰠵󰋇霜𣒲春層𢬭貝冬芇群賖計𢆥㐌𠀧𦊛隔演䋦𢚸添𠦳萬滚昂约之𧵆襘𡬷𡱸󰇾念𨐮䔲底払𤍊𫨩釵宫漢𧵑𣈗出嫁𦎛楼秦𨁪㐌𤐝鍾𢚁埃麻𠳚細共吀払透𣍊𬌓𢚸相思𨧟㧅𢬣每欺𥋴𥋟玉掑頭課𡮤𢝙制𢭄埃麻𠳚典尼,Nom
chinh-phu-ngam-plus.no.txt,底払珍重𨁪𠊛相親󰠵󰋇春信𠫾信吏典春尼信咳永空𧡊鴈𨻫想書封𦖑唏霜攕襖󱖮産床𫗄西浽空塘鴻便㤕𡎝外雪眷𩅹沙幔𩅹帳雪衝坡𢪀添冷𠖭几𫥨𡎝外題𡦂錦封傕吏𨷑招掛钱信與群𪟽𡗶𣋚𢭸󰠮艮魚𦝄󰞴娘襘𠀧蜍𫗄枚𧯶如埃𩲉醝𩃳吝俸蜍扵吝矧虛空簪掑襜㩫𢢆𢝣󰠵澜𩯀󰑚挵𥿺𦝄腰𨄹軒永󰝂招曾𨀈外簾疎𢷀擱隊畨外簾鵲󰝸𫫗信𥪝簾󰟯㐌固畑別庒畑固別󰟯平󰝸別𢚸妾𥢆悲切麻傕𢞂悶呐󰝸𢧚𠳒花畑箕貝𩃳𠊛𧯶傷𬷤嘵喔嘅霜𠄼𪔠槐拂披𢷀𩃳𦊚边刻𣇞蕩又如年䋦愁弋又平沔󰝈賖香強焠𢚸陀迷󰷭𦎛強𤐝淚吏𥢳滇,Nom
chinh-phu-ngam-plus.no.txt,瑟琹強𢭮𪮀弹𦀊鴛驚縆𣓦鵉𪿒重𢚸尼𠳚𫗄東固便𠦳鐄嗔𠳚典𡽫燕𡽫燕油󰝸典沔𢖵払瀋又塘𨖲平𡗶𡗶瀋又賖潙坤透餒𢖵払󰳋又芇衝景𢝙𠊛切他𢚸形𣘃霜湥㗂蛩𩄎噴霜如鈽補󰍹㭲柳𩄎󰟯鋸又𤉗梗梧杶雪抚𡏧𪀄𠵎蝼墻呌永鍾厨㗂𣾺𢽼㗂啼月𢯦𫏾屋𠬠行蕉𫗄秃外軒幔𥪝闌𢼂𫗄穿𦝄淶花𩃳𤐝𨕭𫏾簾花𤋵月月印𠬠𬌓月篭花花𧺀曾󱖮月花花月重又𫏾花󰡎月𥪝𢚸掣󰠲󰠲掣計𬮙愁𠦳腦自女工婦巧調𢢯怲扲針怲迻梭鶯堆𢢆𦄅𧊉堆𪿒𬗰𩈘怲蘇𠰘強怲呐󰉲吏朝唯又𢭗窻𢭗窻𨻫艮魚𢚸永払點粉粧紅買埃怲粧點𢚸𠊛煩脑㤕餒払外𡎝江氷恪之妸織姉姮𣷷銀洡湥宫𦝄祝󰧵愁揞󰠱埃重爫襘悶𤀞𣹓埃𠺙爫粓摱花摱𨢇解𢞂愁爫𨢇溂悶拵花喂𢫈笙玉𠇍回空㗂揞弹箏󰋇柉浰𢬣㤕𠊛行役閉𫢩𨤮賖矇痗𣍊𣹓吏潙𰙔鵑嘺爫淶渃𬑉𪔠樵枯如窒󰟀旰㽳鐄𢬭恪容顔睽離買別辛酸󰟯尼唸咮𨢟𬌓𢚸貝𤍊味𨢟尼呵固爲埃爲払淚妾㳶堆爲払身妾𥛭𩁦𠬠皮身妾󰝸𧵆掑󰡎帳淚妾芇𡮇𥿁边巾𢝙群𩲉󰧵特𧵆𡖵又常典江津尋𠊛尋払坭陽薹𫮇𡳶趿払尼湘浦𣷷初森圍󰋇𣅶情期󰝸戈𨕭襘𠬠𣇞夢春恨妾身吏空平夢時𧵆払𣷷𨻫城關欺𢠩仍惜欺殘情𥪝聀夢𰿘萬共空𢝙固𠬠𬌓𢚸󰝸𢴑本蹺払𣇞刻芇𢢯𢚸蹺仍渚𧡊𠊛𨖲髙󰋇𣅶𬂙爲𨋣車𬂙𣷷南𪤄𢺺𩈘渃𦹵碧岑橷烈牟𣛟店廊𧵆姅零征,Nom
chinh-phu-ngam-plus.no.txt,𪀄群𪤄𡋥仍情朝𣋚𬂙塘北曾笘舘客𩄲碧𣘃𡶀𡴯𡗶撑姅禾桼姅荒城𩄎噴𩈘渃笛扃屋楼𡽫東𧡊𦲿侯㩫凍雉習仕梅共𢯏󰤳𤐡𩂟宜𩂁岸𣾺𡥵𪀄拨𫗄落𩔗呌傷,Nom
chinh-phu-ngam-plus.no.txt,𨻫西𧡊渃󰟯婉曲鴈𦑃空㳥唷船鈎岸樁𢷆祝𦹵𦰤隔船芇𧡊𠊛󰠲𠫾𧗱𬂙𦊛皮蹎𡗶𩈘坦𨖲𫴋楼審卒隊畨笠𩄲技眜𪿒𥆾󰠲𡎝征戦󰠲沔玉關𢭄𪮊坦易坤𭓇斫巾招梂芇特𧡊仙𢚸尼化𥒥共𢧚𠲖空淚玉麻𨖲𬂙楼𣅶𥋓吏𥋴牟揚柳時勸払停𠹾爵封󰝸𫨩𰿘𨤮󰖁𨀐𢚸払固共如𢚸妾󰝸𢚸払󰂇共平如󰡫𢚸妾󰠲敢𢪀𧵆賖向陽𢚸妾󰟯花𢚸払吝矧𠲖斜𩃳陽𩃳陽底花鐄󰝸兑花底鐄拱在𩃳陽花鐄花用扃墻󰠵䀡花用𡖵霜󰋇吝,Nom
chinh-phu-ngam-plus.no.txt,䒹蘭𦬑𫏾𡑝㐌𢲨𦰟𬞟箕边𪤄迻香𢯢襜𨄹𨀈前堂𠑕𬂙䀡𨤔天章矧蜍𩃳銀漢欺𥊚欺𤍊度奎廛𣇜固𣇜空式𩄲隊𣅶辣濃𬂙𬁖北斗傕東吏兑𩈘𦝄𤍊常𤐝边襘𪰓𬑉𬂙霜澮梗梧冷󰪋台󰋇朝秋𫗄󰑑囂乞𨕭頭墙𪿙𠬠𢆥𠬠𤁕味𣘈粉丈夫群吝矧沔𣾺初牢形影󰝸淶,Nom
chinh-phu-ngam-plus.no.txt,悲除女底隔潙参商払󰖁馭𨤵長𩄲撫妾𨄹鞋𫮇𡳶簝印𫗄春𣈗𠬠永信可傷吝𣍊󰋇畨良時𢜝𢖵欺梗桃朶槾𫏾𫗄春鐄紫聘饒怒時妸織払牛典𦝄秋吏𢫣梂戈滝切𠬠身房空𨻫𪧚時節𫅜𢗖𢖵隊㝹梭迻𣈗𣎃󰖁𣭻𠊛𠁀審率戈牟春𣛟春𣛟底恨扃於胣合離停𢞂過欺𢝙怨愁𡗉䋦𥯒排柳蒲侯易押奈朝春箕文君媚苗課𫏾𠲖典欺頭萡麻傷𩈘花怒妸潘郎𢜝欺𠃅𩯀坡霜共󰡤𢪀顔色當澄花𦬑惜光陰吝呂招戈𢪀命萡惜年花𡛔絲󰋇祝麻𫥨娜𣳔閣香怒𢠩懞𨤔𩈘楼花箕彷彿唏香責𡗶牢底汝讓妾油妾吏油払󰝸𫡻払󰝸𧡊𪀄𪂦於内共習迢󰝸倍分張吏󰝸𧡊𪀄燕𨕭󰟌萡頭空女堆塘𨔾饒箕𩔗蝼堆頭共聘怒類𪀄執𦑃共𠖤柳蓮󰑼式𦹵𣘃堆花共聘堆𣘃共連意類物情緣群󰡫牢刼𠊛女底帝低妾嗔𰿘刼縁尼如𪀄連𦑃如𣘃連梗停𰿘刼𡦂情㐌丕蹺刼尼欣𧡊刼𨍦妾嗔払󱉟萡頭妾時𪧚買𥙩牟𥘷中嗔󰥎𩃳蹺共払丕払𠫾󰠲拱𧡊妾边払𢭗暈日妾願每皮忠孝妾嗔院𧷺𢚸許國𧺀𣘈𡴯又飭庇民鏢鉄知又𧖱單于頭月氏意時𣇜㕵意時𣇜咹鋂銅𦠰隊吝歆許拖𢚸𡗶纏𪧚𠊛忠護払𤾓陣𢧚功󱖮𥏌隘北撩弓𡽫兑𩃳旗幟㨋外關隘㗂凱𰙔踷吏神京嵿𡽫刻𥒥底名朝天𠓨𫏾宫莚𤼸功渃溋漢𢧚銅𣳮瀝曲樂詞𠰉𡂒㗂𠸦才搊秦霍院全𠸜𥱬閣鳯像傳󰉟轔𡑴勳將帶巾撝𦘧𡦂同休碑󰐆𠦳冬恩𨕭子䕃妻封顕荣妾共淡鐘香𡗶妾󰝸𤵺如𠊛蘇婦払罕空如𠎪洛陽欺𧗱㧅顆印鐄𨕭宮𦀻敢𠖰扛爫髙嗔爲払扱袍𢶒甲嗔爲払𢷀笠風霜,Nom
chinh-phu-ngam-plus.no.txt,爲払𢬣祝󱋓鐄爲払點粉㧅香󰞽濃󰇾巾淚払𥉫曾𬌓讀詩愁払審曾拘拘𢝙𢬭貝拘愁𨢇呵共計𫏾𨍦每𠳒仕𢫫潙吝吝隊󱋓仕𰙔寅諫諫隊聯聯吟対飲曾畨共払吏結䋦縁典𫅷朱捕𣅶愁賖隔𢖵𪧚纏饒𢝙𡦂清寧吟哦矇𠳚𡦂情󰟯尼歐罕才𫅜丈夫,Nom
chu-kinh-dien-am-manual.no.txt,諸經演音輪迴憶劫徐初悲除買趿特機緣尼玉鐄如𡶀𡗉台空朋𢜠特經尼群惞佛降生於渃天竺𥙩𡨸梵爫𡨸經經旦渃芾沛譯𦋦㗂𡨸渃意經旦茹漢譯𦋦𡨸儒𡨸儒𪜀𡨸边槽些麻學沛學義𦋦㗂渃些時買別學固𤑟時買別塘修學𤎎𤎎時空別夷𤳄世買沛譯𦋦㗂渃些𪜀𡨸喃時𠊛𫅷𥘷埃埃拱易別𠊛些悲除𠤆𠶜浪𡨸喃麻沛罪𢀲於𥪞佛法况如𠊛些學㐌易別麻修吏特外護𥪞佛法爫柴拱𢧚亘功麻𠰺朱𠊛別時買沛罗柴吏𪜀護𥪞特道法經國音尼𠔭卷𪜀𡗉義經因果別浪仍𠁀𠠩爫善時𠁀尼𠺥福𠠩爫惡𠁀尼𠺥苦底麻推因經布施底麻別𢀨𠍦𢀭𧹅經目連底麻別𠀧塘與苦經彌陀底麻別充暢𥹰𨱽塊沛𠳙身𢬭壳經五王底麻別於𠁀苦对如占包經出家底別浪修𠬠𣈜麻功德拱𢌌𢀲經十六觀底麻易修如禪定智慧大乘強庫𡗋群淨圡𪜀塘修悉𤾓𠦳𠊛拱庒卒埃吏固排不淨觀底麻別法修禪定吏偈無相真空底生智慧𥊣旦無上菩提𠔭卷尼𨇜奇法修吏特易學易爫易別固學經誦經時買別浪𪜀𠊛麻𪜀特神聖𡗶菩薩佛能𪜀空修麻𡢐沛爫畜生鬼𩛜地獄無窮苦惱如𠊛世間只別咹默錢𧵑權势色慾制排𠠩眜麻堆群𨱽𥹰𧗱𡢐時空誼旦𤳄世買沛貴經典麻學佛保浪折𦉱𠁀吒媄罪𥘀空朋𠊛麻庒敬經典共買毀壞經典𠊛芾領經麻空學女時迻朱𠊛恪停固毀壞麻𠺥罪𥹰𨱽錢𧵑時特𠬛𠁀經策𪜀特利閍劫𠊛些𢧚誼溇濃𪜀𠊛麻空學經𪜀𠊛𤍶寔𪜀可傷大彌陀經正文持念摘要演音南無佛大彌陀經浪渃佛帝𪜀西方坦牢𧹼猥全鐄𦊚皮平滂如瀾盘𢬣𠬛䕯景氣熙熙空燶空洌𣎃𣈗調春圖𣒾𥿥式甘珍想夷特意默咹產床珊瑚瑪瑙玉鐄鉢芾意悶常常現𣦍𤾓味唁卒董菭味夷𪉽𤁕䣷荄如𢚸推𦋦閍物默用物芾𪜀庒如𢚸適𢝙吏如城阙殿䑓層𨕭羅網吝外檜核琉璃琥珀𩟵磋鉑鐄珠寶達排虛空𤾓𠦳㗂樂蛰重空侞𢬣𢯞自容曲和渃泑七寶沚𦋦𣳔芾𣳔拱調𪜀法音往生埃特𦖑䀡自然了悟証爫品高種𪀄雜色拱𡗉𪀄䲲𪀄鶴𦑃𦙤卒𦎡唱和鸚鵡百声𪀄𠄩頭木鍾𨉓𠬠身𪩪𣅘𦋦㗂和韻𠔭分聖道𦉱分菩提𥪞泑蓮木卒稽花𡚡如体𩛄車𤑟𤉜色𣛟色𧹼色鐄色芾樣意毫光𤏬𤍶𦹳萩瀝𢫟異奇渃沖𠖭𠖭恪夷水晶埃欺沁𣳮身形菭潙陰沫隨𨉓適𢛨沁耒神体寬舒包饒情慮滅除瀝空花蓮𡎢占𡧲𢚸𫗃迻唏弭樂𢫝曲和𢝙共菩薩每座共声聞眾挹𦋦佛前法𠳐𦖑記受傳証成佛果𢝙沔窒𢝙𥪞經佛吏固𠳒埃𤯺念佛𡢐耒往生𨕭泑七宝坦𫅜𥪞花蓮自化生𢧚𠊛自然奇𢀲𢌌𨱽空𢘾啂𠰏飭𠊛麻𢧚咹時圖式自然形容𫅠卒神仙𠸠芾清虛身稟窒高𢆫𪜀𢆫佛𤯩𥹰無期𤏬𤍌通𤏣每皮埃唏呐𢪀𨉓時別𣦍佛𠸗𠳒㐌𤑟排往生渃佛堛尼固𠀧上𪜀苦行出家持經守戒弥陀念𤯺欺𡢐佛買聖䝨迻𧗱自𦵚花蓮艿𡎢𡾵𪜀菩薩空𨙝宮殿七宝於潙虛空在家堛意𪜀中𢚸菩提怒役功德尼𦖑經持戒咹齋炪畑撩幡施財齋僧𣎀𣈗念佛𤯺能冘𢚸回向懞澄往生命終佛旦逴𨉓蓮花拱特化生𤑟𤉜下𪜀堛𠁑𠊛常𣈗𨑮句念願塘往生𡢐耒佛拱接迎花蓮托化坦𫅜合𢝙宮樓連坦濕潙𪜀為德慧劍𠊛堛中𠳒經佛庒呐空𡎝𠊛窒苦𪜀𨦩塵間𠊛麻貴顯𢀭𢀨𠬠句得失堆塘𢗼算𠊛麻𠍦下飢寒𣈗常少寸樊難胣𫁅惡捐名利咣吀惡時惡报應連空𥹰運終欺旦世芾𠀧塘惡道墮𠓨𥋳稽𠬠𪜀地獄陰司𠄩𪜀餓鬼𠀧時畜生塘箕劫怒𨦩觥𣦰𠦳閍劫買生劫尼身𠊛仍咳愚癡空修牢特𡢐尼𨤔榮法修法拱易揚𣈗𣈗欺𣋽顙桑𧻭𡎢执𢬣西向𥛉耒阿弥陀佛𠬠𠳒念連吝觴念𠬠𠄧𠦳,Nom
chu-kinh-dien-am-manual.no.txt,𠀧句菩薩念連𠀧唏𠬠文發願白耒往生咒吏誦𠳒𠄧𤾓誦耒𨅸𧻭占占三皈三叩和南謝𨙝論𣈗欺𨅸欺𡎢𠬠句念佛𢖵𠳒𠤆涓𣇜𣋚吏念𠄧𠦳𠬠𢚸信向佛連証朱𥘷𫅷埃拱𢧚修塘名裊利逋逋𦋦夷埃𠱋功役𡖱皮𣃣爫𣃣念𡘮夷役些𣈗𨑮句念拱𪜀𡗉時朋𣇜㕵茶麻催據夷𦋦𧵑費財信心念佛汆𠳒𪜀修據夷𠫾會旦廚於茹念佛𪜀修妬耒箕埃錢𧵑都𢝙𢚸空信念𧵑催𦋦夷箕埃𡕵會𠽋𠫾𧗱耒𢗃𢠯𠫾時𨻫功牢朋惏念信𢚸施財𤯺𥛉強功果𡗉爫𠊛𢧚𣋽𢪀溇身尼㐌丕身𡢐世芾𢀭𢀨𠬠聀占包𣩂耒芒特𪨀芾冘𠫾修時𣋽料修𠫾空修欺𡬈陰司惱條𠁀𠊛善惡𤾓朝𪜀身口意業調固𠀧身𪜀𨉓自爫𦋦口𪜀𠰘呐意𪜀𢚸懞善時生准天宮惡時地獄𠄩𣳔恪饒業𠀧麻善𠬠條時尼罪獄絆兜特𨉓意身酉惡伶伶𠰘𪜀念佛時𫅜固欺𠰘陀念佛云為吏心想佛意之拱𫅜吝長㐌正身𨉓埃浪身業庒𫅜女𠱋𠀧調㐌院塘修蓮花上品𠦳秋𤑟𤉜𠊛𫅷修拱料塘𢆫强𣈜積罪强𡶀髙平生湓𪵰𣌝梟𪜀為𡥵沛冘昭墮菭下塲結旦𣈕𣈜𡥵芾拖罪扜𢰥𡎝陰牢朋現𣅶當今𠬠𣈜𤯩於修心𠬠𣈜㧅恾𢘾佛加𢬣𢭸娘固准身尼特安修行搊買少年役𠱋固𡛤功連給𠄩茄𠊛生特𡥵𤳆𢆫欺𢧚𦉱𦋦外學文悶朱別𡨸成身𢚸𠊛吒媄𧯶浪𠬠埃別兜窒庫𪜀𠊛𥘷𡮲兜㐌汆𨑮𠺵麻或𪜀撗死冤家或𪜀宿業耒麻破荒𡅳埃𡥵芾𪧚床𡥵欺別呐𠰺塘南無大慈偈拱𠸕𠻀往生咒拱保朱属漏𣈜𣈜𤾓或𠦳勾𨇜𠀧𨑮萬度侯𠄧𢆥𢆫𢧚𦉱𢆫開心閉除朱學𤯺𢤝拱𣃣伮空冤惡之麻㐌修念𠠩乙𪜀福添𠸠麻伮固冤嫌伮陀持念拱淹𢗼夷吏𠊛婦女𡗉欺產生母子或時病亡𪜀𨉓買𠀲兒童冤家𠁀𠠩𠓨𢚸報冤往生咒㐌計詳埃持咒意佛常現𨖲冤芾群敢報冤奇𠁀安稳𡢐連往生𠄩𨑮萬遍㐌佲核菩提㐌艿生𦋦𣑳𠀧𨑮萬遍𨇜耒金身色相現𡎢空賒𡅳𠊛𡛔咳於茄瀝𨉓無事媄吒觥𧵆𦊚勾聖號念吝念耒吏讀偈文大慈往生咒拱属涂𣈗𠄼𤾓或𠦳餘朱𡗉𠀧𨑮萬遍庒包𠄽𢆥滿足時消災𨉓𣈕𣈜欺固胎生產箕病怒𥑥撑瀝除容𡥵空𠰺𣈕初旦欺冤債閉除咹𡅧𡛔𠱋空固惡因𧵆边吒媄㐌潤咒言善根𢀲意㐌𡍋善緣𡢐乙𪜀群添能𠳒經義册𤑟排埃埃修𥙩福𣈜𣈜添𨉓修吏𠰺彈㛪𧵆賒𡅳𠴗共爫共𢝙共𨖲𡎝佛清台座蓮泑宝共𡎢暢𡃊鉑錢𠦳萬施𠫾空朋𨉓篤念持𡀍饒念𪜀度𥙩身饒身𨉓庒度埃侯度朱𥪞經佛㐌𠸕𠻀念佛持咒底麻結因𣈕𡢐果𤒙時咹寔𪜀𨉓𪧚特因菩提边西七宝蓮池𠊛些念佛泑時木蓮𠊛芾雉乃庒專時花𡮈𡭬𦋦沔劍鮮,Nom
chu-kinh-dien-am-manual.no.txt,𠊛芾占念𣋚𣈕時花鮮卒聖台紅毫𧗱𡢐𤾓𢆫托𠓨成金色相恪芾佛王𢀨𠍦𫅷𥘷𪧚常拱𢧚念佛願塘往生十種勝利演音呢功念佛固𨑮伶伶佛呐保𠊛些能𠬠𪜀神相𣈘𣈜諸天力士調𠉞護持𠄩𪜀觀音慈悲共諸菩薩常欺救𨉓𠀧𪜀諸佛証明阿弥陀佛現形放光𦊚𪜀魔鬼庒當惡蛇毒藥吻常另賒𠄼𪜀水火干戈,Nom
chu-kinh-dien-am-manual.no.txt,弓𠸜冤賊吻𪜀庒之𦒹𪜀宿業前為冤愆執對空夷旦些𦉱𪜀夢𧡊弥陀紫金色相佛𪜀真身𠔭𪜀顏色光潤𢚸常歡喜倍分吉祥𠃩𪜀𠊛世要當恭敬如佛吶常信𦖑𨑮𪜀臨命空迷阿弥陀佛引𧗱西方念持據𪧚賣常𠄼𠀧𤾓㗂𤑟𤉜皈依世間功德空皮耒𧗱渃佛福時𨱽𥹰臨終正念演音埃求佛㦖往生防欺𤻻痗旦𨉓停𢗼買停渃眜㳶𡚢貨財停𢪀底朱𡥵芾庫𢀭𤎒眜占包伮仃福伮計牢朱穷𤾓𢆥耒拱𪜀空𠸗𠉞吻世埃共恪埃閉除想念清台座蓮泑宝𪜀尼特𧗱耒𦋦証果菩提於边渃佛𪜀圭閍𠁀噲𠊛𤿤伴旦尼保浪念佛𠢞碎低共𦖑𠊛護念從容買𨉓共念胣空迷夷边西佛𧡊念持金䑓音樂幡旗來迎𡅳𠊛底胣分明信𠳒佛吶𥪞經𤑟𤉜身𠊛苦惱𡗉塘冤愆逼迫常常困台悲除𢘾佛𧗱西如𠳙襖𧙼特𣦍黃袍𤯩𠦳閍劫掣包成金剛体逍遙娑婆臨終念佛十聲亦得往生演音𠊛芾渚念𠸗𠉞旦欺吸晦念𣦍𨑮𠳒閉除佛拱旦尼銀䑓迍逴𨖲潙花蓮殺牛業善和𠸜臨終𨑮念佛連來迎鍾馗𪃴業殺生臨終𨑮念𧡊𨉓𦹳萩靜文妻病過𢗼夫𡅳浪念佛朱信成念成𧡊佛旦迎花蓮𤊧焒樂笙𨉞𡗶汆𠊛急旦信𠳒臨終𨑮念念耒往生據𠳒金口𥪞經埃埃修𥙩時𨉓𨱽𥹰印送功德演音經尼功果高超,Nom
chu-kinh-dien-am-manual.no.txt,㐌欣三界吏消輪迴易修易証罕恢俗僧吏奇𡛔𤳆𥘷𫅷係埃功𧵑施𦋦供印𡗉𠃣寔𪜀福𡚢𠃣時果証蓮花𡗉時菩薩𨖲麻空𨙝能𪜀求嗣禳災役夷印送稱怀停疑因果諸經摘要演音佛傳因果諸經揄𦋦要語分明𥱬𠳒𠊛芾智慧院𨑮閍調𫅜奇意時佛身若朋菩薩降神慈悲廣大智仁寬和𠊛芾𣦍𣦎寔他咹齋戒殺耒陀生天𠊛芾修造廚廛特重楼閣於沔清高𠊛芾爫舘𢯢橋馭車柴伵熠耀𠓨𦋦畑𡗉供佛𤏧𦋦特生星宿於座天宮幢幡供佛殿中耒特殘傘楼宮簾𦚐朱𡥵修於廛伽耒吒媄特𨖲座天宮念佛想佛爫𢚸耒𧗱渃佛塊𥿺塵緣受持五戒生天能𪜀回向𧗱沔西方受三皈塊沛𥿁地獄餓鬼共塘畜生修𨑮調善於𨉓𨖲天兜率恣情逍遙臨終摱伴善𠓨念佛朱共超高天堂在家菩薩𪧚常特証佛果𨖲塘湯𩄲受八関齋𠬠𣈜𡢐耒成佛計𡂲買催𪽞娘𧵑𦀻仍𠊛𨑻𨖲廚供耒時結因𢀨𢀭柴伵𤯺勤菩提結果成因固𣈜油香花果𢚸能供佛供塔旦𣈜臨終白雲化馭𨕭空蓮花座宝天龍逴𨉓朋𠊛𧵑𠃣𢚸誠人間富貴福𨉓𨱽𥹰𧡊𠊛𩛜渴於兜悲除施𠬠耒侯特𤾓修行因結緣深施𠬠特萬福忱埃能據𠄻梦𠬠咹齋特𠄼𤾓劫調𠉞𢀨𢀭吏如惡報𧗱𡢐固廚固像空侯畑香鬼磨吝橘擾攘災箕禍怒時常冲破𠓨廚放穢吐𦋦耒爫餓鬼仍𪜀咹悇𠓨廚𢀲㗂輕師𢭮陳𪮍喝買如打𠊛調𠓨地獄𥹰𨱽閍𠁀愁苦庒懷人身𠊛芾𨢇𦧘咹𧵆於廚淫慾或分𦝄花托𠓨地獄灰河罪耒吏沛𦋦𪜀畜生𠊛芾庒學文經庒敬善友吏情讒吱地獄黑暗沛𧗱生𦋦𠍦下吏皮青萌𠊛芾𣈜𣎃殺生陰官扒𥙩心𨉓𨕭陽𤺵𤴬失少每塘托𠓨地獄𤯩常𣩂𡽫𠊛芾庒敬沙門輕憪吒媄𠰺群吝巾調𠓨地獄陷身𣥱𠦳閍劫空份特他奸淫妻女𠊛些𠠩𠓨地獄𡢐𪜀畜生咹奸吶嚉連𨉓渃銅淬𠰘苦形強加耒爫鴝𤞺女麻𠊛些𠯽嚕埃𪜀几𢛨𠊛芾咹𥂉淥驢𠠩㐌爫畜𡢐皮填閍𨢇醝計磊吏惞三十六報耒群愚癡𠠩𨉓爫福𧵑𠫾悲除𢀭固𧵑時滇滇𠊛芾聀爵官𢀨𤳄初礼拜敬讓佛僧𠊛芾壽考才能𤳄初戒行𢚸恆𪧚專𠊛芾𫅠悌如仙𤳄初忍辱討䝨𢝘那𠊛芾恭敬𠊛些悲除分事特𪜀彈英𠊛芾𠍦下醜名𤳄初忑默能輕易𠁀𠊛芾愚訥每𠳒𤳄初庒𠹾𠰺𠊛礼儀𠊛芾醜厠顛茬𤳄初恨𢤡賣時庒催𠊛芾喑哄𠳒𤳄初誹謗仍𠊛芾庒𠊛芾𠍦下於咹𤳄初庒者女难𠊛些𠊛芾𤹙𡋿𨉓𦋦,Nom
chu-kinh-dien-am-manual.no.txt,𤳄初能打冤和眾生固咹惜𪧚𠬠𨉓耒爫餓鬼身形𣵲悇𦖑經整莽爫驢𦖑經吶傳吏皮爫𪀄咹空个𦧘庒安𥘀緣爫虎弭緣爫猫多淫時沛爫㹯惡毒爫𧋻𡗋調爫𪀄占侵𥙩𧵑廚廛墮苔地獄罪填群𥹰𦖑鐘𦖑磬打兜𦣰空𧿨越沛投𧋻𧐖穢污踘踘𠓨廛馬蹄渃意𪜀沔菭身菓諸献佛𠠩咹畜生地獄𠹾份罪愆誣污淫穢僧禪耒𡢐𠹾苦墮沔畜生𠊛芾𤞓𡭉恣情𡢐耒沛𠹾動驚喪魂𠊛芾焠棱焠𡽫𡢐耒沛𠹾迷漫曵𤸭𡞕夫庒敬庒和耒爫鳩鴿結𪜀冤愆咹咹㕵㕵連連身𥹰𠲝渴𡗉沔病因𧡊𠊛䝨善庒𧵆輪迴惡道庒份芾𦋦毀謗三寶女麻𥊖眓𡅢𦖡𥹰陀苦身𧵑廚費用過分輪迴億劫獄因𥹰𨱽逆吒債媄心怀𡢐耒𩆐𩂶天災𪲽𨉓𧡊𠊛爫惡隨情𡢐耒苦惱𡗉澄𢗼歐斗𡚢斗𡮈能兜𡬷𨱽𡬷𥐇強𥹰輪迴𠄩𥚇添達朱𠊛𡢐耒空𥚇劍類人倫齋壇薦拔先人供𪉽𠫾𠠩添份罪愆能圖𣠖供佛先承朱𥘷𠠩亡添罪𡗉至誠齋供爫標𦉱𠁀吒媄𠄼條宗親共生天上登雲解脫苦難獄因三途能𪜀𣅶𤯩𨖲廚𤏧畑撩幡求𧗱西方能𪜀戒殺𪧚常放生布施每塘善緣忍辱𣦍寔𪧚𥾽學經學教朱專𢚸𫅜世時福慧心生庒群𥿁𫃚罪情連綿據經因果爫信埃麻認𥙩福緣於𨉓佛初智慧聰明䀡𨑮方界如形盤𢬣,Nom
chu-kinh-dien-am-manual.no.txt,䀡𠦳閍劫初𠉞拱如䀡寶達排𥪝車𤑟𤉜善惡每皮因芾果意庒兮差兜固𠊛福享𨱽𥹰𤾓𠦳劫女群侯𣠖催固𠊛奸惡排排世麻𢀭固𠁀𠁀風光意𪜀果𠠩群𢀨惡尼𣠖旦罪塘𣠖𦋦固𠊛䝨孝寔他世麻困頓共𪜀龍冬意𪜀罪𠠩𣠖衝果𫅜𣠖𤒙底用𧗱𡢐種豆特豆徐初,Nom
chu-kinh-dien-am-manual.no.txt,𣠖埃種豆特𤫿包除種穭隔𢆥隔務朋如種福沛朱隔𠁀隔𠁀𨙛㐌如制馭戈𨴦𢼂旦尼氽除吀𠊛𢪀吏𩯀絲身箕㐌𡘮包除特身𠀧塘惡道時𧵆天堂人世固份群賒悲除些𪧚身些回心想佛弥陀念𠡏心些𪜀坦種蓮𠰘些𪜀渃濟連卒撑𣌋𣌉𠄩𣇜精誠如揞債𡶀如更棟鐄吏添𡅳保戶行念持印送時強福添耒𦋦特𧡊聖䝨共𨑮方佛於沔西方三途八難庒王吏特證果佛堂𢭂𥱬埃麻印送迻𠫾經尼𠬠卷朋時𠦳𤾓佛浪施法空澄閍𠦳珠寶空朋𠳒經扒咹扒默於𨉓底麻𥙩福顯荣𥹰𨱽襖粓固限麻催耒𦋦𧵑𠁀者歇𧗱空牢朋積福𥙩功因緣脫塊丐𨦩死生修時閍劫特荣呵如陽福終𨉓麻催,Nom
chu-kinh-dien-am-manual.no.txt,箕如舍蠻𡎝外經鐄𠳒玉旦𦖻包除輪迴憶劫徐初悲除買趿特機緣尼玉鐄如𡶀𡗉台空朋𢜠特經尼群惞經尼𦖻㐌𦖑𣹗福緣佛果乙群乃因戒殺解音𠊛些牢庒𢗼量殺生害命胣常爫捐𨉓𠊛𨉓畜𠄩𠸜𦧘䏧魂魄共沔恪之共𥪞𡗶坦共時女芾𠝺𦛌枚脾庒傷𢪀浪塊𠰘𪜀常埃疑結旦冤長𧗱𡢐核鉸棟焒鑊油罪箕冤怒歐愁別包經浪𠀧罪難逃地獄餓鬼𡢐𠓨畜生𪲽包填閉買清爫𠊛𡽫夭仍驚共惶悲除戒殺𪧚麻發心菩薩胣常救生吏添念佛𦖑經時𥪝九品固𨉓逍遙加功𡅳𠰺𠊛芾共念共𪧚強高品𨉓戒貪吝解音𠊛𠁀𣦍寔𪜀坤奸貪惜吝咳群𪜀癡謀溇斫𥘀潴菭茄調咹奇罪𠉞𠬠𨉓𠊛爫𠬠役庒明時𡗶拱報空情𫁅埃強奸強狡心怀吏强困頓𡗉灾𢗼愁分𨉓𢀭固旦兜拱如渃冲過侯瀾𠫾自低懺悔修持加功念佛願𧗱西方𢘾佛脫塊罪愆吏𡅳𫅷𥘷共𢧚修持懇浪吀証菩提九玄七祖共𧗱西方勸恩愛解音大慈菩薩偈浪𠊛些恩愛固澄麻催耒𦋦六道輪迴固兜賣賣於𠁀團員𠊛善時特生天𠊛惡地獄𠊛䝨人間,Nom
chu-kinh-dien-am-manual.no.txt,能咹餓鬼𪜀干能懶爫𤞼能憪爫魚涅芾塘意差殊搊𠻗兜固賣如悲除𡅳𠊛𢪀吏𩯀絲奇茄念佛待除花蓮𠠩𡢐𫅷𥘷共𨖲英㛪𡥵𡥙共沔室家𤯩𥹰閍劫庒𫅷粓咹襖默隨些如𢚸𠊛𠁀𠉞固𣈕空𤾓𢆥𩅀眜䀡共曷霜悲除些沛𣈜常亙功念佛料塘𡅳埃𠊛些吏𡅳𠊛外愛恩森合清台如𨉓共𪜀說法度生時些上品分明庒疑戒不知保身解音傳𠁀計自𨴦茄物財田產共和利名唒圖𡮈日經营蓋金𥿥䊼時𨉓𢗼歐群如姓命𧗱𡢐𠬃捐𢣧𨅉𡘮兜拱停或𠓨地獄畜生或𪜀餓鬼料𨉓拱催歎喂坤寔𪜀𠊛丐身庒𪧚𪧚外丐身意𪜀䝨聖㐌分箕如桀紂不仁捐𨉓固𠊛特𩛄忘情𢶿茄捐𡞕人生恪之類𪜀貪欲愛癡心君庒認別夷𪧚身悲除些沛恩勤專心念佛𪧚身買𪜀心中𪜀坦種花念純心想弥陀𦹰生寔𪜀守住性靈蓮花上品固𨉓於𥪝三惡道解音𥪞經地藏吶詳固獄無間外墻鉄𡆫終觥糁萬𨤮𠫅城全仍鉄高𠉞閍重𠁑𨕭焒質同同㹥銅𧋻鉄觥𨦩吏戈𠰘噴唏焒𤈜𦋦仍𠊛沛罪魂陀失驚眜𨉓𥊛𧡊身𨉓𦣰𨕭床鉄身形𤺭𤴬最顛𣈜𣎃𠬠牟,Nom
chu-kinh-dien-am-manual.no.txt,𠬠𣈜騰鄧𨱽侯閍𢆥群𡗉獄𡮈最沁每𠊛𠬠罪陰沉別包夜叉惡鬼𦋦𠓨眜芾如𤎒𪘵芾如鎌𤔾𢬣如果𤫿長枚脾𠝺𦛌每塘𥋳稽固鬼扲鈢𨅸倛或中口鼻或脐腹中縱𨕭捻𡬈同同或底床鉄或縱火城𪀄鷹𧋻鉄𨦩觥𦄄古𪟅眜捽𨉓茁昌鉄牛雷𦧜每塘銅𤉚淬𠰘鉄常𦄄身𠬠𣈜𤯩𣩂閍吝𣥱𠦳閍劫空份特他獄尼𧵆歇女麻迻廊獄恪吏𪜀苦添據夷𫅷𥘷廊𠍦或龍神鬼罪愆調𪜀群獄阿鼻女麻飛刀火箭鉄車鉄床𤛠鉄𠦳𦧜𤑟𤉜襖鉄馭鉄吏強𢜝稽鋸牙火象剝皮火狼燒脚共時鑊湯吏如胸背吹撞糞尿地獄閍塘掣之鉄銅焒𥒥仍時為𠊛罪𥘀須弥𣷭𨱽吏添𩂏拉聖台𨉓爫𨉓𠹾芾埃害𨉓𢪀浪罪𡮈爫清𩯀絲質渚拱成罪蘇吒𡥵耒拱恪途𠸠如固趿易朱𠳙穷後周柴帝世宗毀鍾毀像𥙩銅𦋦消耒𡢐地獄火燒劄策神應罪調群𥱬秦莊主買張儀白起王剪婁時群监劄𥪝統紀底爫朱𠊛後世指南䀡穷獄道𠠩計㐌衝群塘餓鬼略𥪝𠄧𠳒貪咹惜吝私財耒爫餓鬼身𠁀𣵲悇𣈜𨱽深沈𤎎𤎎人間𠦳歲鬼如𠬠𣈜𤯩𠄼𤾓歲朋𠉞𠰘燶如焒𣈜𣈜渴滈喉如金胣如刀唒咹唒㕵時芾特奴鬼時𨉓𡮈䏾蘇呌歌苦惱埃朱咹共鬼時𩯀𦆹如蓬𠰘時瀂𣹘𦖻膿𠺙𦋦鬼時呌哭奔波𣰴勁如鉄𠊛些庒𧵆鬼時𡋿𤷯胱𨉓𣰴加唏𠺙如份棟爐𪽝爫善惡庒搊咹乾於𠒦旦朱苦𨱽群如畜生每類𤛠𤙭雞𤞼𠊛𠁀眜𥊛褒君𡢐沛爫竜書生爫𧋻黃公爫蝇杜宇令下𣈜初爫啼鵑意悲除群𥱬彭生爫𤞼計𠫾劉姪爫犬艾時爫𤛠英雄權勢塊兜芾𠊛固𢪀身𡢐世芾佛共三界逍遙傷為𢴑苦𪜀遭輪迴𠊛芾恭敬信𠳒皈依三寶塊尼三途唒天神鬼王都皈依拱塊况如身𠊛三皈惡道塊耒吏添念佛𢖵𠳒𣌋𣌉𡄩浪吀証菩提灾消罪歇耒𧗱西方自然惡道𠀧塘化成蓮木𤑟𤉜庒疑𦖑𠳒地獄云為𢜠𢚸信𢬭𥿁夷旦些恄𦖑地獄女麻時尼地獄耒𦋦沛𠓨𧆄𧃵疾㐌世芾拱如密𤮾𣩂包饒𧋆利名𪜀把𨕭𠁀係埃溂𤃤意𠊛𨱽身鉸色𠤌朱稚𧵆若朋𠊛𢀲𠃝份群能念佛想佛𣈜𣈜寔𪜀啂㘋身尼𢀲𦋦於𠁀修省買𪜀庒修如丐浡戈𫗄𠯻貴高埃拱約泑𠨪𠍦愁苦𠊛芾固懞傳修整莽𥪝𢚸吶利時𨙛如𨦩絲乖災戕水火每𣈜責𡗶芾固埃能在𨉓據麻𢪀議世情唒撝𦊚𣷭𠓨𨉓𣠖催𡅳埃安分𦖑𠳒種因𥙩果於𠁀𪜀惞朋埃空信法言據𥊛𠠩眜几尊𠊛𠍦𩛜渴𪜀餓鬼緣蹶眓𡅢𦖡𪜀沔獄因愚𤵶𪜀畜生份歡喜閒雅𪜀身天堂每道𨇜於世常𦖑𠳒法語每塘每能,Nom
du-tu-phuong-can-vuong-doi-tay-son-hich.no.txt,我冲人若曰頭三綱󰑼𨅸君臣技高𥰊拱感弹螉見蹎天下意𩔗夷狄倒𠁑𨕭之容態獴羝𢚸恆油産󱖕𡗶,Nom
du-tu-phuong-can-vuong-doi-tay-son-hich.no.txt,義奇沛󱳮詧渃茹渃些藍山曳跡皇祖𦋦威󰠵吳平鄧業伯王𡗄𨒒󰬾道𨷑茫𦊚𣷭擛安坤量德,Nom
du-tu-phuong-can-vuong-doi-tay-son-hich.no.txt,自滅莫扔權帥府󰭺堆𤾓𫷜𢷀扱閍方拯怨意󰑼恩𠁑𡗶兜拱宗周外𡎝故之猾夏,Nom
du-tu-phuong-can-vuong-doi-tay-son-hich.no.txt,盎鋒鏑𪖫㐫昴湿鎌曹蔑䙊渃空㵢准金湯𤌋𠖯碧𣻆焒項𠃩層𩄲拱慘,Nom
du-tu-phuong-can-vuong-doi-tay-son-hich.no.txt,在棘𡥵駝蔓莫,Nom
du-tu-phuong-can-vuong-doi-tay-son-hich.no.txt,巢林丐燕塢依丕許婚仃先志悶之㐱戾殘民𢧚割愛麻通使呵藐躬渚特拱筭安渃沛連和倒顛奈態意本常濁亂計番尼󰑼𠇍,Nom
du-tu-phuong-can-vuong-doi-tay-son-hich.no.txt,吝𨷯空宮淹銙假尊扶朱怛䂨整居隻車遠塞驅尋詐迎立抵𢱖𢚸始祔塘故道鴻毛𧺃勒沔神京鱗介腥音安攘油拯夷吾礼樂衣冠移態𡳵掃滅󰂇空驃騎山河城郭恪𪤍初胡雛覆晋可爫𦎛戎羯亂唐群底𨁪,Nom
du-tu-phuong-can-vuong-doi-tay-son-hich.no.txt,󰬷驩愛傕粮吏另○㐌殘󰮂意𠄩州平京都变夏爫夷害乙及外尼各鎮𨀈渃征荣󰡫意𢚸𠊛󱳮料爫牢,Nom
du-tu-phuong-can-vuong-doi-tay-son-hich.no.txt,穉踈𢧚餒阻訌羕𪽝一人有罪散作及干紛亂可傷萬姓何辜離城避敵拱󰑼權合渃復詧陀産󰟨外藩閫檄𣯡𢭂𩧍𥙩朔方爫准收兵𠁑行营旗義𫗄𩙻𢯦擼珥水訂𣈗返旆祖德宗功仃令妬中臣義士落𩔗兜,Nom
du-tu-phuong-can-vuong-doi-tay-son-hich.no.txt,几鼎鍾曾𥘀君恩水雷意經綸大會,Nom
du-tu-phuong-can-vuong-doi-tay-son-hich.no.txt,沔田井拱洳帝力芹懪󰑼施报恆情󰂇咍共濟艰难体乙与同休庆,Nom
duong-thi-quoc-am-co-ban.no.txt,𧀒西濕倘焒皮儒懓𢖱𢚸埃别󰋇𢵋𠳐𠇮慇懃自𨷶鳳𨖲鞍𨀐𨇒旦城胡霜印𤐡󰺔𡳪旗𡮈𩙋論𣘃𣛟㗂𪔠𡚢扲槊他爫𤾓几畧群欣模𠲵𠬠英徒,Nom
duong-thi-quoc-am-co-ban.no.txt,槯𣋀北斗擱邊城濕倘南山吝畧萌雪燥𨷯鐄篭𨤔𧺀𣘃高㙴玉弄牟撑𨉞澄派派唏陽湥𡨺盎𡶁𡶁𤐜碧觥朝直聖皇𫠿𡃹壽史撑劄底𣅶昇平拱固𨢇瓢卒,Nom
duong-thi-quoc-am-co-ban.no.txt,吏尋𨷶峝𨔈𦀊蹽塘𥒥垃𦲿浽𩈘湖鮮,Nom
duong-thi-quoc-am-co-ban.no.txt,𩅹澾朝𡗶𤎔,Nom
duong-thi-quoc-am-co-ban.no.txt,𩄲迻㗂𬰓淶洛陽回𪔠𣌋車馭拉群𡎢𦝄𤏬𨤔秋𬈴箕埃吝矧𥊛𣃣如弓捥曲丿㐌𦑗𧷺𥿺率𤏬霜𤄯淡輸𣈘𫕰𤽸空,Nom
duong-thi-quoc-am-co-ban.no.txt,抌𤐝吝襖䙦遣胣別包窮馭車󱋨㗂𧵆花𦹵沫牟春,Nom
duong-thi-quoc-am-co-ban.no.txt,漾𤽸𨕭坡𣷭桃絲𢷀𣷷銀𫚳𡥵㵎檜柳𬋟𤏬論蒌蘋,Nom
duong-thi-quoc-am-co-ban.no.txt,和韻𢚸如𠽖湥愁𣜾渗巾移吏包饒准𠶀尋只𠬠𤽗醒醝菭𣎃-𢀭固盎𩄲𥯒霜𤁕𣖖鲸揕囂迻湥漏潙,Nom
duong-thi-quoc-am-co-ban.no.txt,唒𠫾𣜾𣍊思彷彿𢪀群𡎢坦尼啫燕丹,Nom
duong-thi-quoc-am-co-ban.no.txt,𩯀𥩯𠊛息孟𠊚󱙹条㐌戈渃滝󰅒群冷㗂蟡塘𡀷𫕰秋戈𢪀餒南宫拱切他顚𩯀𣜾𢧚𤐝𩄴樣泊頭曽𣅶𢖵吟哦唒󱗠霜󰠱芾𫨩𦥃,Nom
duong-thi-quoc-am-co-ban.no.txt,悶呐𩙋𡗉𥚯透賒埃别丐蟡咹於瀝麻󰇮貞白𤋵𢚸些,Nom
duong-thi-quoc-am-co-ban.no.txt,香浽邊坡曲,Nom
duong-thi-quoc-am-co-ban.no.txt,䏾𧷺𩂏渃冲𩙋秋常𢜝𣌋󰘰用别𫨩空𠦳𨤵𠬠𨉓𨔈𦣰高𡶀凌𡗶𦝄秋𧵆󱙹𨷶滝漢吝邊潙,Nom
duong-thi-quoc-am-co-ban.no.txt,春𣋚菉平碧更𣌉㗂蟈淶城褒𪃿嘅創,Nom
duong-thi-quoc-am-co-ban.no.txt,𢚸客呐窮埃,Nom
gia-pha-cao-tran.no.txt,高族世次譜籙序天錫姓以立宗本系所自出而起家稱鼻祖繼緒當思不忘我高族發迹自陳家肇基禋于衙渚前作後述肯溝肯堂仰深啟佑之人更切作求之念爰是集為譜籙永示宗祧庶乎祀事孔明而世次可紀者也,Nom
gia-pha-cao-tran.no.txt,陳貴公字無心陳一郎字福善陳二郎字福信陳三郎字真空陳桂花娘以上諸真靈墳墓原在舊貫無意公遷于茲地輯編家譜將陳姓裔號書于世譜之上使子孫知世系之所自出也,Nom
gia-pha-cao-tran.no.txt,第一代世系創業開基太祖考高貴公字無意正月十八日忌墓在垌徵二度次二,Nom
gia-pha-cao-tran.no.txt,公諱罗翁芃原前在清化省雷陽縣盛美社俗號罗渡𣖙,Nom
gia-pha-cao-tran.no.txt,始遷于茲改姓爲高蓋字公始也太祖妣黃氏一娘號慈信九月二十九日忌墓在舊貫妣生得三男長高一郎字真性集爵平論公早沒無後墓在舊貫八月十九日忌次曰公弼三曰季郎字孝良早沒無後墓在舊貫八月二十三日忌四女高一娘號慈清俗罗婆度七月初三日忌二娘號慈在九月十五日忌三娘號慈明俗罗婆壽八月二十四日忌四高貴娘仙花娘俗罗婆朝友二月初四日忌,Nom
gia-pha-cao-tran.no.txt,第二代世系,Nom
gia-pha-cao-tran.no.txt,甲派祖考高貴公字功弼謚曰福厚十月初四日忌墓在𫇰上處一度次五公乃無意公之次子也諱根後改功弼集爵預義公娶三房於黎朝裕宗永盛九年癸巳皈正村佛后,Nom
gia-pha-cao-tran.no.txt,至永盛十四年戊戌皈本村后佛,Nom
gia-pha-cao-tran.no.txt,按吾族自無意公將公于玆新邑一父一子此時人丁尚存稀少至于公三房廣嗣疌有瓜瓞綿生之兆莧此則公誠起家之祖也妣尹三娘號慈忍墓在土宅六度次七十一月初六日忌妣生二男長曰翁耀字忠直未有妻子早沒七月初五日忌次諱罗翁森後改名功盖一女高氏行一號慈幸俗罗婆生六月十六日忌,Nom
gia-pha-cao-tran.no.txt,次妣阮氏行號慈緣七月十五日忌墓塟未詳,Nom
gia-pha-cao-tran.no.txt,妣生二男長諱祿後改名選二諱利後改功吏俗號罗翁輸一女高氏榴號慈嚴俗罗婆簿僚四月十一日忌三妣阮氏行號慈賢八月二十三日忌墓未詳妣生二男一諱儞後改名遂一女高氏號妙姿俗號罗婆往正月十五日忌,Nom
hich-danh-trinh.no.txt,生民沛餒民乄苉丕皇天劺坦君師厳亂乭篭亂買衝意王者固番兵革會順應世停特渚役征誅峼呵悶凨些低稟氣俼南本匇戶阮唕祿搩沛剗役搩璳番張子者恩韓吿恱噖戼仌義噖之底曹昿噽鑊漢恨國傅歯峼背上戼西山唱義勤王苉卥垠焈廏堚匇矯党逆撻謀岌紤,Nom
hich-danh-trinh.no.txt,畱卥扅湄霪欺旱矯窮人沙準淋炭叿峼俼群咜頉富春亁玌辸吏基圖華夏儍別辻俼固斎賊戶張櫲遍氾厰份俸吹侙搩爭倈碎茹夏沛收回侼搩侙蚌鷸當群對炦,Nom
hich-danh-trinh.no.txt,軐鯨狼澃窖緫碒外瀓坘救援乄名民驚亂舉兵弔罰瑇亖岲承危底腋準承平戼餒流離宮笌城郭破凌凌銃蓊船廵收汰汰怽扱曲拯傷匇外族乑窮塘訸獸時崔玌騎纅群仌淁先君吏劂讁彅焵澃堖棊岲暴帞蘍儖項椖峼圤搩沚衛劉眾窮塘旗義剾衛投戼軍數每挧沒盛民飢饉感峼仁顒股遣兵威強瀋強添廣南它撅瀝樚塵,Nom
hich-danh-trinh.no.txt,順化吏剾衛坡憥南沒綨沁鯨滂焔機太平蹱待乑媑,Nom
hich-danh-trinh.no.txt,北亖城信雁荗安僟救援憹鐭澃便,Nom
hich-danh-trinh.no.txt,感功德噖黎敢負弄權行戶鄭讱牐辻皇帝撻空甧搩隰牢絤獕鄧罪黃巢拯固峼貞挑緈侟屏乨端王強煏腋無君,Nom
hich-danh-trinh.no.txt,謀篡奪戼峼背父長宮本汖哰卥嫡權吒槒背泊澃乭,Nom
hich-danh-trinh.no.txt,殿都雖珷岺仍英命吒僲爭欺澃沛碒拯兌彣坘顧命炦儍鐭侟準梓宮遣沒彈岞娋彈堏剾岲孝堖招笹坦底仍丗碎桰圤様曢嘺冤乑動彣俼志尊扶叿拯謀珄時敕令銀錢儍待佊,Nom
hich-danh-trinh.no.txt,詟虐杆群剾笹撨義理儍俼坦群容歄侊欮軍訸特官意事意汖哰共邏為廢立悶珄朱益底傾危乄搩沛剗円閉哰臣佞主惛鎼平治峼俼罕悶吏厳會兵驕民怨嵦欦欮才奇沛歯斫万全乑鑿廏衡山兵即刻張帆北海戈槣孟拂旗周武歯壦處正篭斜侟坦關凒馭漢皇志決娎仁啚暴插嵦本原峼寔啔腬沛俌坘桰,Nom
hich-danh-trinh.no.txt,岲向明沛瀓埃推傷士女玄黃卥世簕助順罕蜫丗別女些埃別推理沛決沒峼夏眾兮蘇些拯負民肑亁侼岲秋毫無犯軐背反籒慣如苉刼太平群底浌憻搩潮東啻拯順匇吏拒強僲篍壦振帞奵廏塩和峢玉凨賢愚坤扨歄俼恩買威俌告坘恒順呍逆默峼埃決,Nom
hoanh-phi-cau-doi-page-3-29-manual.no.txt,教養人才𡽫滝𨷈祿節占𢗼民計坦渃萬𦭒春㳥禮幅貞春坦渃𨷈紅千紫熷𤇊穹景節𡽫滝𤾓色萬牟𨒺𠄼占𢗼産出經盈窖了儉勤𨒺𠄼節𦊚務磊搷餒𣑺𢫖生能周到𦊚務春學丐買𢖵條初共爰𬧐文明現代除奸貪摳敝難決待𨀤落後𧹅難𡶀𢌌滝𨱽准准𦹵花𠓨會𡤓民𢀭渃孟𣈜𣈜通牒報信春吨𣳮春𧗱坦渃迍嘲時𢷮𡤓𢜠𢝙節𦥃𡽫滝歡喜𣇜庚新𫼳義𡚚於𠁀局戰斗空𨀤沒𨀈𥙩至高𠓨陣𨀈長征庄管堆蹎重德貴才坦渃𢜠𢝙𠓨會𡤓惵文孟武𡽫滝鮮創𤎜𠦳初勝跡名藍𥋴景強𬁷坦渃奇山秀水啂𢚸決與𡽫滝忠貝渃𧶄獨立自由㐌捨身爲渃孝買民底廕𩛂幸福強篤力爲民迍節盡用時机准備行妝進𨀈𢜠春𣾼過試嘁産床氣勢𠫾𨖲浦𠓨景節熷𤇊𡳩從古潭沱情坦渃廊𨷑會春閏喋曲民歌𤁠搣義圭鄕𠦳𠄼記𢖵功恩黨𨷈課芇悁德博胡功德𠦳𠄼記碑𥒥傳統𨷈𠁀怍心肝幸福自由留𨷈課共和社會凭𠦳𠄼民族𠫾𨖲哿渃熷𤇊會𡤔賢才發展𨷈茹歡喜迍春𤯨固道固情春𨷈課順情廊義渃𢝙爲仁爲義節𥾽𥹰和意黨𢚸民祖國𠇍岸春史潭印𤊢勢渃江山𨷈萬節花𦹳𪹟咯恩𠊛文化高學術化高亙力𢪲高民智世紀買千年紀買喝𢚸𢷮買思惟干部與𫳘正廉奮斗犧生民幸福乙𥾽㭲𦮲人民𢖵勾勤儉悁命勞動渃繁榮󰑼自𦰟源𡥵𡥙草賢𤎜德前人𣳔孝義翁婆卯墨創𢚸後世攝人慈坦渃𠃅茹終坦越撑𦞁核獨立人民𡋂朦凭𡗶南燦爛𤒘文明坦𢝙𢌌塘春𦓅劸稚頑𡏦幸福,Nom
hoanh-phi-cau-doi-page-3-29-manual.no.txt,圭鄕𢜠𠁀𡤔佳才𡛔担𢫡將來迍春𨖅抉滌奸貪與凭紀綱除國難𢜠節𦥃𡏦𥾽人義尊高道理重家風𠲟濁啟沖泣裊圭鄕撑滌𫅠嘟才斗力每纏坦渃孟朝𢝙局𤯨𣈜每高𨀈𫥨塘𥋴裙襖牟𫅠如貞節民生𠄼每可𠫾泣裊𥆾時妝𢚸𢝙似花春萬琰浮沙培歷使𢜠春坦渃㐌𨖅張與傳統文明怍胣終情忠貝渃𡏦家風清歷記𢚸終義孝貝民,Nom
hoanh-phi-cau-doi-page-3-29-manual.no.txt,𢆫高志強高常穿体育養生唯世局論人情𢝘廉正勸呡後世𠊛擬心庄擬占注修身積德滅內侵除國難𫳘孝忠學習前人運渃當𨖲多方化多樣化邦交𡗶自主揚高旗獨立力民㐌劸發展高發揮高內力坦人和造凭勢繁榮初軒昂蹎𨫊𦢳銅戰功綏接戰功𥙩泖赭絩𡋂獨立𫢩凭豸肝鐄腋玉潛力增強潛力󰝂𢚸崙𦂾景圭鄕油風波勿𢷮𣋀移輪崙瑟沒𢚸忠貝黨油㳥逾𡽫𤷱𣷷𣴓抆𥒥鐄終腋孝貝民吔辭世紀𠄩𨑮勝敵禍天災坦渃凭傍過試適嘲迍千年紀𡤔矇天時地利全民奮振造時机英俺和順𡥵𡥙同心相愛相親𡏦家庭𡋂攝𨕭𠁑結團君民一致全心全意𢫡社會紀綱場高𢌌站康妝知識𨷑芒力劸增強村𥯎𦊚務𢝙如節電創𤇊塘𨷑𢌊文明和入留通發展𤲌洞𨒺𠄼𫅠似春𣘃仁義𢱔扯調朱𠄼𣎃梗𦞁蘿碧園情傷𡏦搭𡨧底率𠁀果𤮾花𦹳󰇾𢷹𢝘𫅠𣈜初𥙩仁爫㭲𢭂𢬗役𡨧𠁀𫢩重道󰑼𡋂終力穉𦓅𡏦𥾽凭繁榮坦渃順𢚸𫯳𡞕與𫅠鮮傳統家庭積智積仁柴𠰺𡦂𠰺𠊛空管辱因沒𢚸爲𡥵稚㷙德㷙才徒學文學禮庄泥艱苦決志芮業初𪀄固組𠊛固宗𠁀發展空涓𡋂民族渃固源𣘃固檜𤯨文明強𢖵㭲種内咦孟平人民𦀪𡗶拉𣷷決誓共滝𡶀女渃讎茹家庭𠄼𡨧婦女𠀧擔當決沒腋𡛔佳𦓅稚政府𦊚點解放𠄼條件伶仍𠳒鋼𨨧瑟崙忠貝黨孝貝民任務芇共完成苦巾芇共越戈几讎芇共打得勝𠓀𨷑塘婁接北佳英雄㘇熱血𡛔忠厚輪膽當逞𠄼州纏與和平奇渃𢜠春城市農村紅色𣌝全民𢝙節𡶀棱垌𣷷𧺀牟花㨢高程度𡋂功德𨷑𢌊機開役奉蜍坦𤤰雄重義威風𰨂忠勇凍爰𨉟劸𡗶渃越親情創啐𡮵德才𧍰𠰺飭春坦渃𠓨春𢌊𨷯乾坤歐亞東西迍伴投資春坦渃圭鄉𢷮𡤔通源造化電塘場站終𢬣𡏦𢫡𡤔圭鄉道義𤑭𦎛沖固祖固先念珍重𥆾𧗱過去文明𤐝𤒘𤏬為𡥵為𡥙𨀈憑平向細將來欣𠤩𨔿春過固黨引唐民族越仰頭拱𦊚𣷷外𠄼𠄻秋意伯胡指𨇒渃𡽫雄𤎔𩈘貝𠄼州𢲫擧世界同情𢵰技藝底洡󰠢公益𢷮𡤔全民終飭拱施嘟𢧚艿𦬑人才𡽫滝統一坦渃和平𢀭仁義惵文明𦎛卯𠳐蹺𠳒伯祖國光榮家庭幸福𤎜良心𡃋道德孝忠㑏援情民初襖𡲫旗𣑯滅強暴𢫡𡽫滝事業豪雄民偉大尼蹎銅𦠘𨫊勝侵陵𡏦獨立功勞偉大黨前鋒紀元春每精花調發露𢵰份建設圭鄉大會𠃩𠊛才德得進身終飭振興坦渃祖國熷𤇊會𡤔渃𨀈唐𠫾𦠘逞閍方佳調𥘷𡶀滝𥾽憑𡋂𠸗崇文尚武堞拱萬課曲歌春𠀧𨑮𢆥安聀葩亭𬃻𦙦𡘯包觥𦊚𣷷𬙞𠃩𢆫𨤼𪫵祖國𦰟𤒘紅𤊧𤏬𠄼州頓春坦渃𦬑花𨷑𨷯清平摳毒害爲孟𢀭爰細𢜠渃圭鄉𢷮𡤔啟源勤儉滅奸貪扠𠨪𩟡進𨖲盃節青平願篤飭𡏦圭鄕𢀭惵𢀭春鮮𧺀𠡚點蘇朱𡽫渃錦花𢵯󱰎㘇垌𢝙節𥯎廊温革命電𤐝創𨳱頓春𦓅𥘷𢖵伯胡坦矮𤽸垌𢲫𪽏徐砭昆渃𤽸核嫩碧祿怯𣑳待乳細𣙺青𡲈幅帳春𤞼脿𪃿𢀱應意𡞕題句對節芌𡗂穭卒惵情𫯳,Nom
hoanh-phi-cau-doi-page-3-29-manual.no.txt,穭𣦆牟𩇢垌𤲌每沔當𢷮買花󰎓色𧺀圭鄕𨷈裊頓𢜠春爭獨立自由沒繲𡽫滝盃統一𨖲主義社會𠄩沔坦渃𫅠將來民族英雄合飭勝連𠄩帝國𡽫滝錦𫃚終𢬣𡏦𢫡沒基圖長山𡶀高長沙島𡮈自低𬧐帝坦墆些𨷈課援全茄牟𪤄𢌊諒山棱𪠗外北𥪝南𡽫渃𦼨𠦳𠁀統一世界尚和平𦰟𤒘𠄼州燶熱迍家庭𢝙幸福花春𨷈朵𠯪嗷𦹳幸福家庭𡥵草𡞕賢孝敬順和𡋂攝正榮光社會民信黨𢚁儉勤廉正𬌓𦎛沖英𢜠春𩵜渃𪀄𡗶㳥𣷷動牌歌海島㛪頓節祿𣘃花𡶀蘿棱飛㗂咭邊疆節𦤾影買嘲咍𢱖咭熷𤇊茄文化春𨖅行𢝙景惵旗𨀰𤊧焒㯲通信頓節篭靈電創唐通夏倘舖坊立吏紀綱𢜠春𤊧𢙲花鮮𨳱瀝茄盃廊𥯎𧺀情團結核德園人准准捹𣑺𩇢萬節昆賢𡥙草茄茄垓𢫡福𨷈𢆥𢜠春掋孟深耕能率爰𨖲欣計劃盃節曾強管理精神捉細𣾼指標盃節決空底𥡗𦓅摡踸𢜠春󱙍爫朱穭卒䕯𡗉𤲌券産穭𩇢姊農民施𢵋𢜠𣦮黨廠𠀧歌𢵯𧼋英工人産出惵𢚸民噉𢪀噉爫𢶢跮𤷱品質自批自𢯢𢜠𢷮買思惟民󰑼㭲㭲固卒蘿梗買卒渃固源源𦓡沖滝瀝拱沖盃節獨立自由𨷈課𢖵恩𠊛指𨇒𢜠春和平統一沒念信想黨迻唐坦渃𢜠春春𥘷買家庭頓福福𨱽婁柴𠰺磊徒學𢤝盃節爫蹺𠳒伯𠰺學㐌咍行吏卒𢜠春𢖵𠓹役場交傳見識引文章向業造才能爲利益𤾓𢆥𠳐𠳒伯練語言温道理改革煉意志𡦂尊師𨷈課𢖵功柴𠛌𠇍僶奸𣰏筆拯𢯏弓捥𣍅䢐包饒道昆船輪憑梩兢帆𥀌𡲫踏迎𠀧帝國梞囪𢶢憑沒基圖坦越𤊢志英雄祖國記功如𣷷奇滝蒲󱙼名烈士人民怍腋似𡽫高恩渃𠫾𨖲革命𡏦𢧚𡋂自主福茄厚待和平立吏𨷯榮光𦊚𠦳𢆥渃𡳵當局𢷮𠳙旗寔業𤿰新民𢆧鬢𫳵沒挭江山蝎固𡗉蹎𢜠拱㐌𦒹𨑮𢆫身𦓅包番險阻志愚公魂精衛𤴬疸𨤻姅𣈘𩄎𩙋蠶雖捽𦛌吻群𥿁,Nom
hoanh-phi-cau-doi-page-3-29-manual.no.txt,𩆐𩄰窖無情𡗶兜女𤄌些庄𠇍𨑮𢆥魂渃吏魂茄鐘𢶢𤿰搈仍約自由󰑼幸福𡽫滝終亙𥘀埃乃拱如翁奇外𨑮𨤮㗂歌連㗂哭𩄎和𩙋順群懞不死意精神喭餒𡗶坦庄傷𠊛志仕𣍊𢚸兵域權民朱𡽫渃𨷑𫼳眉𩈘嘆喂江山群少𩈘英雄𥙩埃𢗼算役渃底彈昆隴仍𤴬𢚸𣊍𥇀聀夢𢢇𡽫滝姊㛪碎㐌別之兜芇主芇民芇權渃芇權𠊛𢘾固先生才操略陳濁𬌓身爲社會神聖𠓀枚𡢐群𢖵固坦固𡗶固魂吒固魂媄𥘀𢺹恨死胣冰傾聖神搖動𣦆𠦳秋買固𣊾𣉹銀𢠐𩙋匝湄沙怯幅先知𡗶𡝖󰡫國家興運唒沒𠊛共空掙塊嗷喭渃愁吉培𤴬𢚸後輩𣷷群猪𨑮𠄻𢆥𠓀𧡊具於低劍野蠻𠀧𡱩稽頭慷慨𠇍𠳒𡗶坦証明𢚸鐵石𠇍兆同胞𥉫具𧗱渃臺文化姅澄搓處𩙋湄沒陣渃𡽫滇渚湥桑滄𠇍𨑮𢆥𧣳𣷭邊𡗶彙𤊨𬌓孤忠𨕭爲渃𠁑爲民精神沕浪𢗼滝𡶀越㐌𡗉課摳鐘搈𤿰滀催魂故國𠓀合𢚸𡢐合飭事業停付托𡥙𡥵鴻精神𣩂鄧𫨩空躺𢆥乙丑𫳵疑吏𣎃𠄩丙寅喭台滝陀群㳥𡶀陀群𩄲翁𡝖𠫾兜恩渃沕群𢚸鐵石心血𤯨埃拱󰡫𠊛准南圻聀𢪀吏𠊛京城化終奇𡗶越󰑼吒坦越󰑼媄魂皮𧗱妒傷昆坤𨤮湥山河,Nom
hoanh-phi-cau-doi-page-3-29-manual.no.txt,𠄩𠄶兆同胞𠊛𦓅𠊛稚𠊛蹎踸眜𤍶𫼳𧆄𠫾兜𠽔具具徹忉𦛌𡗋𦊚𠦳𢆥祖國尼𡶀尼滝尼錢棱鉑𣷭句魂𧗱𣜾𠳨𡗶𡗶固景頭庄功恩黨𠦳秋吻𢖵德博胡𨷈課空𫡾渃獨立民自由幸福𠦳𢆥坦越景𠀧圻𡋂統一和平𨷈課𡗶春武略煉雄兵綠水𠦳秋𥱬史越文才謀上將白藤沒陣勝軍元陵寢自𢆥芇𡶀傘滝沱𡽫渃抆乖𧗱坦祖文明當𣇜買𡥵鴻𡥙貉種㐻群別𢖵墓翁𨑮𠇍科群咦󱟐𡗶固福固份𢆥𨑮𢆫成才𢜠翁強眇強夷穭糝𥝎𤇪𣎃四㘨四摸𠄼貫𦒹最𠀧𨑮怯𦑃乾坤𠺁秩吏矯魔王迻鬼𬧐󱽇曚沒挵杄造化𨷑循𫥨朱少女迍春𧗱𨕭官𠁑民𫳵朱𨕭順𠁑和夦几𬁷欣𡗉𠊛恄外廊𥪝𣱆貴乎外淹𥪝廕沒勾忍󰑼𠃩勾忴坦庄沛𫯳󰝂改𦧘𩩫𫳵鄧𡗶麻𣩂𡞕試䀡肝𦛌摱𪘵𠓀共想秦晉沒茄丕份薄沛洳坦客芇固別北南堆我󰝂挭鐄𠫾賭滝吳𢀭固少之錢󰝂沒𠄩貫空沛義𨖅空辰共薄劍𠄼𠀧𡦂噲羅情𨷯齋禪娘似渚包𥹰𣋑𢬥師𠰺經偈師㷙香𤏧畑挑𭝫願仍懞師孟跬塘淨渡車摡𢧚丿祝鐘𤿰尾拞廚廛尾抉花󰎓果供𣌋𢇡女底尾諸𬋱𨕭𣘃固花𠁑𣘃固花翁榮花碎探花書曰重華此之謂也外𡑝固杜𥪝茄固杜𤾰悶杜些朱杜詩曰悌杜不其然乎㐌卒㳚𢬣醜調欣𡨧𥐧貴乎順眜𧺀夦吏派𡗉姑盧姑祿渥趾𨖲趾𠁑蜂半行𢢅客客𢖵茄行茄行空𢖵客會𢄂𥙩𠊛𠊛爫𢧚𧵑𧵑庄爫𢧚𠊛妾爲𢚸𤽸空台腋客悶𠶣崙沛摱牟江山縿吏堆𡑝叩文武󰝂𫥨沒曲琴𨷑𢯖乾坤固𫥨𢬣買別𫥨𠓨相將試𥆁眜麻𥋳𩙋𢭸墻昂𨉞𩙋坂𦝄𥇷𨷯數眜𦝄𩖫坦𪫳𣷷𣴓蒲添渃𡶀𢜝𡗶迎拖𥙩𩄲沒𠄧旬𥗜𤽸𥙩爫𢝙課𠓀固蜍之聖𨢇𠀧𨑮𦒹傘鐄辰共盃𧗱𡢐空禮降神粓翁老庄別之文打虐册䀡𣵶𢀭糝萬固固空空𠱋仉𢫣湯空綏𨃴將士𥋳共卒車咹連砲䟢挬騎𦊚象昂昂育育妒𠊛騎馬噉𫥨𢬣,Nom
hoanh-phi-cau-doi-page-3-29-manual.no.txt,渃𤄯𤃜𣱾𩵜㗳𩵜𡗶𣌝𤑈𤑈𠊛𦀑𠊛讀𠀧𤾓𦒹𨑮卷經庄神聖佛仙仍恪俗能糝萬𠦳司墨偈空君臣父子的𫥨𠊛𩙋眷𦰟𣘃𣘃眷𩙋𦝄弄𡌠渃渃弄𦝄拁𢬣貝試𡗶高𥰊蜀𨀿𡳤䀡坦𥐇𨱽扱古鏡𫥨尋𥙩𣈖插殘衣吏底𠴔唏狀元糝𢆫𦹳𡗶越使事𨑮𢆥𤋸坦吳得辰撝輸辰𧼋恄瘴英雄苫咹𥙩課於𥙩辰𥋳𠊛些如落沒隻柑𣜰蹎固帝𠀧𤥑欽𨫊𨀈辰王𠶐古𪂮𥉫榜空𠸜𡗶坦咳文章𠁑𣷷𨇒頭𫛐𧗱茄噲𡞕媄𡞖𠲖錢𥺊𨖲𡗶印如草木𡗶南來󰝂奇山河坦北𨖅𫥨𢬣扲杆炊𥪝渃吟𤐡噴𩄲瀝𡏧塵攝蔞悁𩘩鯨核𡥵𡥙娘󱟐爲𡓅役渃𫥨拪轉缽北南兜底來行固疾秩命救病如救火𠛣𢬣咍茦爫福如爫𢀭丐𪂮𠓬洡坡滝喻𠯇餒𡥵𦓡化寔襘鳳噤嵬𠁑𤂬冰傾緣姊吏徐底繓蹎騏驥查𠓨㮲律𦛌桑蓬呂女𩚵姊㛪㗒𠀧𨑮𦒹𢆫耒泣東西南北𦊚方𡗶兜共凌名公子壳𡗶坦𠰚亙沒番尼女插弓劍琴書𠓨沒挭爫朱浽㗂丈夫鯨𡦂義𠻦寅𡥵稚喝𩭶𩮭鈂買丐𦓅𫥨坦民廚廊風景佛,Nom
hoanh-phi-cau-doi-page-3-29-manual.no.txt,𠊛𠁀𧵑世渃𡽫仙花果𢚸誠󰎓供佛畑香恭奉敬家先空󰎓春𦥃之茄伵固𥛭𡗶芇㨂𨷯埃劍沒核𫈜疎貝具吀堆句對底蜍翁四時八節庚終始岸柳堆蒲欲點妝敬誠𠄩𡦂禮忠孝沒弄蜍品菓供羕迎佛祖香花誠敬獻天仙𦓅稚𧵆賒娘䏾佛旬𦝃花菓度生靈志切修道𨷈𠁀福誠心念佛萬年康𨷯𢌊青湯𠊛戈徠塘𠫾𣦎集客𫥨𠓨坦渃廚廊風景佛𧵑𠁀𠊛世渃𡽫仙塘覺悟提攜進化𨷯慈悲接引隨緣強憑強商強歷事拯𢫝庄轉庄桑滄生時仰慕慈悲沒𢚸蜍供佛謝世西天念德感淪道化神陵墓巍峨映玉朝𠸗創買廟𡑴𤊧焒焚香𨁪𦼨𥾽𥹰位正𨑮方常變現嵬高萬丈抆威儀𩙋法𩄎慈潤泣奇人間𠀧𡎝瓢𡗶景佛𢝙終窮世界𠄼州𨷯佛𨷑𫼳碑𥒥𥱬𠸜廚廊社𡑝𡗶沫渼鐘鐄𠽋㗂景圭些夢沒節夢𠄩節夢𠀧節唹節𣌋㐌醝𣌂吏醝最拱醝朱醝固󰑼包𠀧萬𦒹𠦳𣈜得𤾓丐節約咦洏沒𢆥𨑮𠄩躺奇𦊚務春𢧚佛𢧚神坦𦼨細𫢩𥱬𨁪印尼陵尼廟焒香群買貝𡽫撑,Nom
hoanh-phi-cau-doi-page-3-29-manual.no.txt,固祖固先固吒固媄恩德劬勞𥘀洏羅𡥙羅𡥵羅𣳔羅種義情報答𣋀低𣌋󰎓花念佛彌陀最供菓誦經懺悔坦渃平安𢜠德聖圭鄕盛旺迍功神𦖑㗂鐘鐄固沛𣱆行埃帝洏𥉫𨖲閣紫想如𡗶佛於兜低著碧沒牟印景佛𣘃撑𦊚𩈘𫅠𡽫先佛固應靈由誠心信仰修𡃋菓福𤳸憑至煉㷙𣷭苦𣷷迷船濟渡花靈𤒘慧𨷯慈悲𨷯佛慈悲爫福得福機𡗶報應於𬙽及𬙽𣎃堆吝爫禮念經得𨒺年盛旺𢆥𦊚季𨖲廚禮佛求八節平安𣷭苦𣷷迷船濟渡,Nom
hoanh-phi-cau-doi-page-3-29-manual.no.txt,花靈𤒘慧𨷯慈悲回鐘感動𠃩𨑮方南無佛潙成愁潙𣷭苦念偈傳通𠀧𬙞𡎝轉機𡗶扶國泰護民安鐘霜嘺噲魂今古樓𩙋𠫾𧗱䏾色空劇陳緣沒職鐄界定慧𣌋修身成佛爭世事𤾓𢆥鉑貪瞋癡𡢐芒業𠓨身𨷯空𤾓映經𤾓蘿茹淨𩙋𦹳香𦊚務本𣳔詩禮堆糝春秋﨤客書生時𧡊𢚸欲易弟此庄周𨑮𢆥孔孟𧡊娘顔色某沛𠽔呈翠翹𠫾戈梂䀩𧡊払金𢚸㐌重仲水𥇷𠓨渃曠𥆾娘媚眜來珠𧸝蔞𧸝𨢇空𧸝渃𧶭𤾓𧶭𨔿庄𧶭貫𥒥撑𡏦貢𡉕𠁑擃𡉕𨕭𤮞赤立𠑢笠𡢐提笠𠓀𡥵𡘮吒如𪀄離祖𣘃㦖朗𫳵𩙋拯停德媄高𠼪審切疎癡𠃩𡦂𢚸𡥵報答唅𠿯𡬷𦹵𠀧春翁𠫾兜𠫾兜𩛄唁菓𤮾頒𢫟𥙩埃𢝙𢽙女吒哭鄰哭淥頭喪𩯀𦇒徘徊𧡊景唅𠿯台婆𢝙𨖲𡎝佛𡎝仙姑貝𡥙𢖵傷坤掣計茹㗂󰡫空𢀭空固媄共英𢗼料仍爫𫳵𢜠𠽄注共如吒每役娘𢘾群掣計𠵚餒注𧗱景佛㤕情傷𢖵別包饒老𣜾𦓅兜迎語爲埃𢧚𩯀鉑春𫳵稚買𢮿運𦥃󰡫抆桃嫩創𫥨𡶀創𧡊花鐄𢖵具黃花柴𦥃廚柴𥆾磬𥒥想𢚸石磬縣三陽固𠀧昆𫅕𥪸𡶀𥒥𥉫𧗱立石廊白穀行𤾓次禿蹺邊滝𣵶𦥃緣河𤳆廊𥫭𦠘挭杶䓡𠫾過堪竹咀𫥨戲哈官府鑊頭白如𪂮扲筆𣯡𪃿曰伶如鴶埃公侯埃卿相𥪝塵埃埃𣉷別埃󰡫戰國󰡫春秋﨤時󰡫󰡫時沛󰡫𣦆𠦳𢆥文獻坦昇龍曾歸聚人才接傳統豪花𠊛河內輪𢲫𫼳智慧貴廉正重才能社會公平𨒺𢆥節除官僚排貪冗全民團結𦊚務春𧹥桃日新𧹥㳥滝紅春𢢲世涅春河內𩇢渃湖西𩇢核還劍節𢝙咍𡲈𫅠昇龍節𢖵媄𦓅頭㐌白春傷昆𥘷𩯀群𩇢𠺅渡湄𣑎廊路雨伊𩆢𩆐動坦風雷賣𨔈怲學悁𠳒佈施杜爫官𠽋㗂柴杜外朗招兜調逗菓豆安排𣑺買抆擼花含㺏𥙩兜搗𫥨𡗉𦧘𪀄鶴𠃝𦟻仍窒𠡧𩩫,Nom
https://chunom.org/shelf/corpus/10/,𢖵𠸗双鳳奇縁跡𠁀漢代留傳呐𥹰原𠊚圭於越州空𤳇𮈟後承前𡗶朱生特𠬠䝨美娘,Nom
https://chunom.org/shelf/corpus/10/,㛼𫯳𢜠𫺙妖傷噠𠸜皓月王祥昭君歲皮𠄩糁青春,Nom
https://chunom.org/shelf/corpus/10/,聪明性質諳祥書詩媄吒貴化妖為𢝙𨔈賞月跡留明皇昭君膝下承歓,Nom
https://chunom.org/shelf/corpus/10/,瞇𣊍職桂魂梅夢中丿𧡊聘𬛕漢皇占包當𣅶更残推𠫾𢪀吏舌欣論盤,Nom
https://chunom.org/shelf/corpus/10/,双親群𠅎呐𣦍㐌尼結𩯀𫨩𠫅房空,Nom
https://chunom.org/shelf/corpus/10/,娘浪監禀主公桃疎柳要待𥉫英䧺越州父母於拱王祥号妾昭君𠸜尼漢皇𦖑奏𢜠台,Nom
https://chunom.org/shelf/corpus/10/,西宮聀意封𣦍朱娘𫺓朱會合朝中越州連召𧗱窮配縁漢王㐌省别恬占包判拱官夢欣輸,Nom
https://chunom.org/shelf/corpus/100/,斜陽俸我課紅樓,Nom
https://chunom.org/shelf/corpus/100/,世界冬𢧚玉蔑瓢,Nom
https://chunom.org/shelf/corpus/100/,雪朔撩核點粉,Nom
https://chunom.org/shelf/corpus/100/,晷東豸月印鈎,Nom
https://chunom.org/shelf/corpus/100/,𤌋沉水國涓滂,Nom
https://chunom.org/shelf/corpus/100/,船𫵈群掉拯肯杜,Nom
https://chunom.org/shelf/corpus/101/,𨑮𦊚𣎃腊西,Nom
https://chunom.org/shelf/corpus/101/,特官全權𫥨令㤙赦蹺𦎛亞拉伯吧非律津故飭学行底𨖲塘文明辰𠊛法仕朱自治,Nom
https://chunom.org/shelf/corpus/101/,卷創造少年南越之方法固呐仍調進歩𦓡政府法㐌𨢟朱渃南吏固曰卷法越提𢹂政見書,Nom
https://chunom.org/shelf/corpus/101/,𡢐欺㑹同提刑処罰翁苦差終身國民故飭運動朱翁特他,Nom
https://chunom.org/shelf/corpus/101/,翁会長会中圻相済固𢭮朱官全權𠬠幅電信㑹㜥接特電信官全權者𠳒如𡢐尼,Nom
https://chunom.org/shelf/corpus/101/,官全權東法答吏翁黃進講会長会中圻相済,Nom
https://chunom.org/shelf/corpus/102/,集,Nom
https://chunom.org/shelf/corpus/102/,𣋚夢𠄼𣎃腊西,Nom
https://chunom.org/shelf/corpus/102/,官全權細河内,Nom
https://chunom.org/shelf/corpus/102/,曰朋𡦂西、仍低譯𫥨囯語如𡢐尼,Nom
https://chunom.org/shelf/corpus/102/,拱嵩𨖲𠬠幅𦃿曰仍𠳒祝頌官全權,Nom
https://chunom.org/shelf/corpus/103/,翁吏𦤾扒𢬣𠇍翁学生𦓡𤍊𠳒𠸦𬢱,Nom
https://chunom.org/shelf/corpus/103/,功役𧵑各翁爫耒拱固成效,Nom
https://chunom.org/shelf/corpus/103/,欺車官全權𦤾頭庯𪦲、,Nom
https://chunom.org/shelf/corpus/103/,各姑教穷女生同𢚸𢭮電信𫥨府全權吀㤙赦朱翁潘,Nom
https://chunom.org/shelf/corpus/103/,仍所電报𪧚吏空𢭮𠫾,Nom
https://chunom.org/shelf/corpus/103/,𣈗,Nom
https://chunom.org/shelf/corpus/106/,客保朱花特别詳,Nom
https://chunom.org/shelf/corpus/106/,丈夫坤𨤰𥠭𠊚常,Nom
https://chunom.org/shelf/corpus/106/,共饒㐌𥘀𠳒𡽫著,Nom
https://chunom.org/shelf/corpus/106/,賖伴同心丕沛傷,Nom
https://chunom.org/shelf/corpus/107/,㦖細共埃𤋵𬌓𢚸,Nom
https://chunom.org/shelf/corpus/107/,愁𥢆㐌𫽻𫽻朱衝,Nom
https://chunom.org/shelf/corpus/107/,春𠫾春吏無穷盡,Nom
https://chunom.org/shelf/corpus/107/,固𨤰些兜𢹇買𨦩,Nom
https://chunom.org/shelf/corpus/114/,庵高庵𥰊達隊層,Nom
https://chunom.org/shelf/corpus/114/,抉竹𨀈戈𢚸𤂬,Nom
https://chunom.org/shelf/corpus/114/,賞梅𧗱踏俸𦝄,Nom
https://chunom.org/shelf/corpus/114/,枌榆了鳥傷圭𪧘,Nom
https://chunom.org/shelf/corpus/114/,松菊逋持汝役恒,Nom
https://chunom.org/shelf/corpus/114/,蔑丿清閑工課意,Nom
https://chunom.org/shelf/corpus/114/,千金約対特咍庄,Nom
https://chunom.org/shelf/corpus/115/,禀翁𢀲、边法拱如边安南眾𡥵固勾浪：,Nom
https://chunom.org/shelf/corpus/115/,吀翁𢀲畑𡗶炤依𠳒眾𡥵、及悲𣉹𦓡除截偻逆𠫾,Nom
https://chunom.org/shelf/corpus/115/,呐買官使沛轉𢚸,Nom
https://chunom.org/shelf/corpus/115/,聀浪節西𦤾、低𠃣𫥨拱特刀𥘀北斗佩星,Nom
https://chunom.org/shelf/corpus/115/,𫽄呐𫽄查拠送𪾋𠇍𩛷耒解省,Nom
https://chunom.org/shelf/corpus/115/,耒悲𣉹辰扒爫柴伵朱𠇍注陪行粓西,Nom
https://chunom.org/shelf/corpus/115/,吧試𠳨𡥵丐,Nom
https://chunom.org/shelf/corpus/117/,滄浪𠇍坎蔑船鈎,Nom
https://chunom.org/shelf/corpus/117/,月木頭𡽫鯨唯㗂,Nom
https://chunom.org/shelf/corpus/117/,𤌋散𩈘渃〓空樓,Nom
https://chunom.org/shelf/corpus/117/,扛山淡特圖𠄩幅,Nom
https://chunom.org/shelf/corpus/117/,世界冬𢧚玉蔑䕯,Nom
https://chunom.org/shelf/corpus/117/,些乙𢚸明文正女,Nom
https://chunom.org/shelf/corpus/117/,盃初庄管刁歐,Nom
https://chunom.org/shelf/corpus/118/,裊固咹𪰛固慮,Nom
https://chunom.org/shelf/corpus/118/,𣈜閑𩦓卷䀡周易,Nom
https://chunom.org/shelf/corpus/118/,店永尋梅伴老逋,Nom
https://chunom.org/shelf/corpus/118/,朱咍塘利拯觥觚,Nom
https://chunom.org/shelf/corpus/118/,從尼谷特皮欣舌,Nom
https://chunom.org/shelf/corpus/118/,渚易平埃旦買都,Nom
https://chunom.org/shelf/corpus/120/,𣅶𠓨謁礼𣅶𦋦開詞,Nom
https://chunom.org/shelf/corpus/120/,浪碎执政典除,Nom
https://chunom.org/shelf/corpus/120/,没𢚸公正討𬆄,Nom
https://chunom.org/shelf/corpus/120/,麻埃誣呌役尼朱碎,Nom
https://chunom.org/shelf/corpus/120/,髙明吀𤍊畑𡗶,Nom
https://chunom.org/shelf/corpus/120/,查𠊛誣告𠳨𠊛冤愆,Nom
https://chunom.org/shelf/corpus/120/,府官𦖑呐倒顛,Nom
https://chunom.org/shelf/corpus/120/,牢空𢜝固鬼神,Nom
https://chunom.org/shelf/corpus/120/,单原開㐌𤍊詳,Nom
https://chunom.org/shelf/corpus/121/,法公據炤律𡗶,Nom
https://chunom.org/shelf/corpus/121/,駭朱各聀許囬生民府官判保殷勤,Nom
https://chunom.org/shelf/corpus/121/,即辰𨆢𨀈𠓨𡑝後堂𫺶台朱侅總鐄,Nom
https://chunom.org/shelf/corpus/121/,浽民誣告浽官吏乾闭除息𫺶衮昂,Nom
https://chunom.org/shelf/corpus/121/,招兵買馬𨷑塘威風𠸦朱當飭英䧺,Nom
https://chunom.org/shelf/corpus/121/,𥪝𠇮固玉金剛威鋒凛冽方民,Nom
https://chunom.org/shelf/corpus/121/,府官𦖑㗂𨑮方驚惶𭣼斉兵馬倍傍,Nom
https://chunom.org/shelf/corpus/122/,闘㝵𠫾羅〓𥒥𤷱,Nom
https://chunom.org/shelf/corpus/122/,唐花咏勿竹論,Nom
https://chunom.org/shelf/corpus/122/,𨴦牕豸侵唏𪹷,Nom
https://chunom.org/shelf/corpus/122/,核葉傘𩂏庵沫,Nom
https://chunom.org/shelf/corpus/122/,𧒌𦣰鶴吝𢧚排伴,Nom
https://chunom.org/shelf/corpus/122/,类邑共些𬈋丐昆,Nom
https://chunom.org/shelf/corpus/123/,𣈜𣎃平梭蔑丿唭,Nom
https://chunom.org/shelf/corpus/123/,世事𠊚奴㛱節𬙞,Nom
https://chunom.org/shelf/corpus/123/,船棹店月滝碧,Nom
https://chunom.org/shelf/corpus/123/,核旦𣈜春蘿鮮,Nom
https://chunom.org/shelf/corpus/123/,富貴庒貪清似渃,Nom
https://chunom.org/shelf/corpus/123/,𢚸芇尾某唏ㇶ,Nom
https://chunom.org/shelf/corpus/124/,𠄩边當𣅶𢧐爭侅鐄𫥨飭英雄,Nom
https://chunom.org/shelf/corpus/124/,軍兵㨂〓方𡗶,Nom
https://chunom.org/shelf/corpus/124/,府官輸𧼋𠓨尼城池差軍飛报詞申朝堂,Nom
https://chunom.org/shelf/corpus/124/,闭除决罕没塘進兵,Nom
https://chunom.org/shelf/corpus/124/,兵威蹅覩𠀧城官軍闭度㪚情𦧘昌,Nom
https://chunom.org/shelf/corpus/124/,仍算爭伯图王信疑群刎𠄩塘𢧚庒,Nom
https://chunom.org/shelf/corpus/129/,道梏罷𢚸誠信合,Nom
https://chunom.org/shelf/corpus/129/,𢚸埌香𤌋接傳𦋦味香盧玉𠖤賖,Nom
https://chunom.org/shelf/corpus/129/,敬誠求愿仙爺證𢚸,Nom
https://chunom.org/shelf/corpus/129/,吀神聖𨘗搈騎鶴𨑜凡塵踣挌車仙,Nom
https://chunom.org/shelf/corpus/129/,𣈜𠉞弟子恳愿,Nom
https://chunom.org/shelf/corpus/129/,𠃩層𡗶𡐙通傳證知,Nom
https://chunom.org/shelf/corpus/129/,𢚸所望拫記禱吿,Nom
https://chunom.org/shelf/corpus/129/,𢘾恩𨕭補報福𫅞,Nom
https://chunom.org/shelf/corpus/13/,翁阮瓊於廊安域縂慈光縣弘化省清化欺𨖲𦉱𨖲𠔭𢆫𥙩𦲿桎爫旗𦲿蓮爫㳥麻吏固性輕𠊛𠬠𣋚𫡉最中秋辰些迻眾悲𠫾䀡𠊛頭𡚢朋丐蒲翁瓊保眾悲強𢪀𠬠祝耒騷迻𠫾䀡底蚤𠫾針焒𤐝朱䀡翁𡚢頭只侈𢀲於吏𦓡僱,Nom
https://chunom.org/shelf/corpus/13/,箕眾悲𥊛𠓨壁𦓡䀡翁𡚢頭㐌𫥨帝只𧡊俸瓊於壁頭𡚢如丐蒲寔辰翁意嗃𠽍𨖲吏𠬠𣋚茹固魯爫𬚸𤞼𠶆客冬𡗋拱固𢚸腰𦓡〓撟𧼋旦豹𦖻瓊𦓡保浪騷𫥨朱𠬠勾対𢓽対特辰騷他句対浪𤞼艮咹粓巽瓊対𣦍浪㹥坤𠤆哏乾翁秀吏𫥨勾女浪,Nom
https://chunom.org/shelf/corpus/13/,𡗶生翁秀吉瓊吏対應口浪翁秀沛丐𡀀截秩旦𡢐官司天䀡天文,Nom
https://chunom.org/shelf/corpus/13/,𧡊𧗱地分省清固𠬠𡾵𬁖𠓇聀浪省意固𠊛才仍空别於𧗱廊芇𠓨奏𤤰𤤰交廷臣𪹾固𠬠員奏浪吀交朱省臣清化飭朱𤁘轄每廊沛進𠬠昆羝特𦍺限𠬠𣎃空特辰治罪丸飭𧗱各廊𦓡翁親生𫥨瓊吏強𢜝欣,Nom
https://chunom.org/shelf/corpus/13/,𧗱茹盘𮥷吧怨恨茹𤤰𠾕仍事苦巾瓊𧡊布劍𦳦買𠳨𣋚𫢩柴固役之𦓡𢗼煩翁布當愊𠇮𠻵浪役廊役渃瓊𧡊布空呐一定𠳨朱𫥨翁布沛計寔朱𦖑茹𤤰扒納𠬠𡥵渚扒納𨑮𡥵拱固底𡥵𠫾摸𠮩空特辰𠇮𡥵𠺥罪朱奇廊𢪀䏾浪些此𦖑𪨅𡥵䀡牢爫詞甘結𢱖羝旦尼瓊呐買布𠫾𢵋羅𠳨䀡𣋚芾𤤰御制鋪,Nom
https://chunom.org/shelf/corpus/13/,𠳨特耒旦𣋚𤤰御,Nom
https://chunom.org/shelf/corpus/13/,瓊𠖰寔𣌋車馭官軍𠫾赤ヌ𨕭𡎴瓊連哭呱𨖲𣃣𣅶車驾𤤰𠫾旦𦖑㗂𪨅哭𦓡空𧡊𠊛呐浪疎翁碎𧡊冬車馭𢜝𣩂撤朱𢧚碎𨁎〓𡎴𤤰𠳨爫牢眉哭疎翁媄碎𣩂㐌𠀧𢆥𫢩牢買空𧡊布碎𤯰底𥙩㛪揞𢧚碎哭弹翁芇吏𤯰瓊呐疎翁買耒碎𧡊𤤰飭𥙩羝特𦍺,Nom
https://chunom.org/shelf/corpus/13/,碎想羝特𦍺辰布碎拱𤯰特𤤰吧各官弼唭赦朱民廊空沛納羝女麻浽㗂狀自芇,Nom
https://chunom.org/shelf/corpus/132/,慈悲駕御𤎜門禅,Nom
https://chunom.org/shelf/corpus/132/,弟子𢜏𠉞有惠緣,Nom
https://chunom.org/shelf/corpus/132/,𠄼色花𩹯吀敬禮,Nom
https://chunom.org/shelf/corpus/132/,𣍋矇上帝洒恩天,Nom
https://chunom.org/shelf/corpus/133/,天恩惠照降禅明,Nom
https://chunom.org/shelf/corpus/133/,誠敬長春酌酒瓊,Nom
https://chunom.org/shelf/corpus/133/,樂興叩躬皆勉禮,Nom
https://chunom.org/shelf/corpus/133/,脱災百性仰恩生,Nom
https://chunom.org/shelf/corpus/134/,梅春月菊味茶香,Nom
https://chunom.org/shelf/corpus/134/,敬禮誠心獻寶漿,Nom
https://chunom.org/shelf/corpus/134/,仰望慈悲加濟福,Nom
https://chunom.org/shelf/corpus/134/,開明大道護清平,Nom
https://chunom.org/shelf/corpus/135/,南無一愿大道弘開,Nom
https://chunom.org/shelf/corpus/135/,二愿普度衆生,Nom
https://chunom.org/shelf/corpus/135/,三愿舍罪弟子,Nom
https://chunom.org/shelf/corpus/135/,四愿天下太平,Nom
https://chunom.org/shelf/corpus/135/,五愿聖室安寧,Nom
https://chunom.org/shelf/corpus/136/,𥪝天下包𣉹朱𣍊𡜤,Nom
https://chunom.org/shelf/corpus/136/,𡗶生𫥨本底麻制,Nom
https://chunom.org/shelf/corpus/136/,𡜤包子芸制强歷,Nom
https://chunom.org/shelf/corpus/136/,他胡朱曲𡁸姉㛪唭,Nom
https://chunom.org/shelf/corpus/136/,嗷喭𨤰如埃辰𡜤沐,Nom
https://chunom.org/shelf/corpus/136/,固殘固傘固香案固盘讀,Nom
https://chunom.org/shelf/corpus/136/,意㵋别浪𡜤固宗,Nom
https://chunom.org/shelf/corpus/136/,𡜤𨑮方𡜤朱𨇜𢒂,Nom
https://chunom.org/shelf/corpus/136/,劍吒丐𢼂𣑯紅,Nom
https://chunom.org/shelf/corpus/15/,𠄼丐𠄼吝𠄼𤾓𠄼𨑮𠄼𢆥,Nom
https://chunom.org/shelf/corpus/15/,𠄼𡥵〓隻𠄼𣈜咍𠄼𠄼𣈗,Nom
https://chunom.org/shelf/corpus/15/,𠄼𠊛𠄼𠊚數𠄼数𠄼𢼂𠄼,Nom
https://chunom.org/shelf/corpus/15/,𢆥外𢆥𫢩𢆥𠉞𠇍𢆥𢆥耒,Nom
https://chunom.org/shelf/corpus/15/,𢆥𡢐、𢆥𡢐、𢆥𠓀、𢆥𫏾,Nom
https://chunom.org/shelf/corpus/15/,𣎃𠄼、𪱚𠄼、𣈜𣎃𢆥、𣈜𪱚𢆥、𣈜𪱚𢆥、𣈗𪱚𢆥、𣎃𠄼𢆥𫢩、𣎃𠄼𢆥外、𢆥耒,Nom
https://chunom.org/shelf/corpus/15/,次𠄼、𠄼𨑮、𠄼同,Nom
https://chunom.org/shelf/corpus/16/,𣅶翁瓊学路茹𧹅沛旦殿崇吀𦓿𢩵瓊懇吧吀阴阳䀡主順𥙩㭲咍𥙩䓂,Nom
https://chunom.org/shelf/corpus/16/,吝頭主順𥙩䓂,Nom
https://chunom.org/shelf/corpus/16/,辰種仍𧃷矩吝次𠄩吏吀阴阳主順𥙩㭲底䓂朱瓊瓊割䓂,Nom
https://chunom.org/shelf/corpus/16/,主沛𠄩吝𪐝䧟,Nom
https://chunom.org/shelf/corpus/16/,仍㐌卒順耒吏旦吝次𠀧,Nom
https://chunom.org/shelf/corpus/16/,瓊旦吀辰主𥙩奇㭲吝䓂女,Nom
https://chunom.org/shelf/corpus/16/,懇𠫾懇吏主一定空𦖑瓊𧗱㮔全穭吳,Nom
https://chunom.org/shelf/corpus/16/,旦期特𢯏,Nom
https://chunom.org/shelf/corpus/16/,群䓂吧㭲抌納主主默謀𠀧吝𠾕吏𪽞空朱𦓿女仍𦓡𥪝𠀧務意,Nom
https://chunom.org/shelf/corpus/16/,瓊㐌劒特丐本𡚢耒,Nom
https://chunom.org/shelf/corpus/17/,𠬠吝翁琼𠓨謁殿定撝𦓡懇浪,Nom
https://chunom.org/shelf/corpus/17/,㛪度尼縱竭𬨨𦓡姉固銭底空吀姉朱㛪撝,Nom
https://chunom.org/shelf/corpus/17/,底劍利餒𡥙,Nom
https://chunom.org/shelf/corpus/17/,呐耒〓〓阴阳𠮩𢺹𦊛姉朱撝𠬠分𢺹𠀧姉朱㛪撝𠬠分,Nom
https://chunom.org/shelf/corpus/17/,𠮩姉朱撝𠬠𤖩辰吀一阴一阳,Nom
https://chunom.org/shelf/corpus/17/,主㐌别性瓊咍馿空朱一阴一阳,Nom
https://chunom.org/shelf/corpus/17/,銭𢱖主𢜠,Nom
https://chunom.org/shelf/corpus/17/,呐衝抌〓𧗱茹,Nom
https://chunom.org/shelf/corpus/18/,翁瓊生拱辰買氏點𠬠𤳇𠬠𡛔咍一𠁀𠰺学路冬𡗋瓊𣈗ヌ假格旦䀡評文底𥄫𥊘氏點学路别意,Nom
https://chunom.org/shelf/corpus/18/,𠓨疎官榜瓊踈浪碎𪜀学路𧡊場官𢀲評文碎旦𦖑滥官榜呐些别,Nom
https://chunom.org/shelf/corpus/18/,英停假名学路𦓡扒酌従𪀄𤝞固沛𪜀学路些𫥨朱𠬠勾対空対特辰打杶空他,Nom
https://chunom.org/shelf/corpus/18/,瓊𠳐瓊対應口浪官榜𧡊瓊出口成章固意愛才餒朱咹学,Nom
https://chunom.org/shelf/corpus/18/,瓊学進細𡗋期文芇拱〓評自𣈜場学官榜固瓊𠓨,Nom
https://chunom.org/shelf/corpus/18/,各学路名士劔名價𠫾官榜𧡊瓊学力大才𦓡氏點𦖑拱順,Nom
https://chunom.org/shelf/corpus/18/,空𢛨𠻀𠹳𠬠貝最氏點𢷀幔觧詔只群涂蹎耒𠓨𥆐𦣰張榾㠶𨖲氏點𠓨幔𨀈蹎𨖲床𢲐沛讀𬆄𠬠勾対底抒𢢆帳内無風㠶自立,Nom
https://chunom.org/shelf/corpus/18/,瓊対連𬆄浪胸中不雨水長流氏點吏讀勾女𣘃昌𧏵𧏵坦𧋻竜刎还竜瓊吏対𬆄菓荼𤝞𤝞𣦎𡬼鼠制辰鼠,Nom
https://chunom.org/shelf/corpus/19/,咹制朱沛别𠳒𠓀𡢐埃𢀭𠄩户包徐𡶀箕埃㙮麻高滝箕𣷭意埃陶麻溇渃朝埃薩埃洃干𨖲辰世干耒如空𥪝棱核意埃槞𡄎䀡造化机圖人生埃拱刼𠊛麻催〓䀡西代東征百戰百勝㐌𩑭𫡦𡗶埃台垓不变移計制各𨁯麻推亊𡗶争坤争窖埃埋特𡗉窖台逹垥人間傳𥪝呐𠬠外盘𦋦𠀧埃䀡旦傳計𦋦買詳,Nom
https://chunom.org/shelf/corpus/19/,庒𠲖阁鳯楼𦥄体花時旦埃才禁垠群空台㐌尼芇称斤他鄕及客故人闭𫢩永仍渴嗃悲徐情𢪀爫牢咳情計之𨖲托𫴋京花浪計准清台𠲢𠹚唐笘边坡桃群待柳包徐朱衝疎𦋦芇别浪𢚸固𦖑於低仍𡶀拱溪眞参䏾𥒥㗂蟡哙愁𠊚如阁鳯竜楼少之卿相公侯每尼碎如𤌋〓敢制度芇𧊉浪唉客𦟐桃〓尼弄底搭𠓨朱埃催推低㐌别耒包徐少仉𨕭𠁀才花埃喂〓買油麻強攄〓𡗋強𫅷失緣𨕭𡽫徐式修仙中間群景眞〓蹺隊女𡗋工夫埃𡊰修縁秦晋安〓草花花浪𣈙呐〓戈拱曾㐌别𧵆賖每塘𠬠〓縁𤊰焒香朱停買几雪霜别共妥𢞂埃别朱𢚸尼諸魂梅迷水失〓催信螉𧊉吏書晋秦強𠹚強𠬠吝巾呐𦋦𤏣吏𢢆殊淹𦋦辰𢜝咮𢗼㗂沁拯傷兑〓仍〓襖𥹰拯默拱艚花箕〓買特牟縁庒㐌迻緣細閣藤𪀄群想𩙌𥉫𦝄矧徐當干渃〓〓〓㯲樔待别包𣉹朱冲悴情㤕仍𪨅中牢娘於准林穷閉吟𢝙制〓𡶀花林客塵𠇍几别尼開塘〓翁〓窖訴詳花浪别准林泉,Nom
https://chunom.org/shelf/corpus/19/,清台趣味塵緣恪〓𡗶撑𣱾𣱾𦝄冲幅幀埃窖〓撝㗂𦝄花窖𫃚𠊚如空摱芒丐㗂𦟐紅𢚁才𢚁色英雄約𬇚𡨸情想𢖵别包爫沖少惱渴滈𢚸塵𢖵埃群固欺寅𢖵情别𠇍〓分果𢣧〓紅〓買曾〓固𣎀𡎢䏾𦝄斜𪟂吒丐女傾城責縁𡲤吏恨𠁀㗂埃窖達仍𠳒𧊉螉𧊉浪𧡊呐添強想𨉓麻吏𢖵傷旦𠊚紅顔易𠇍𨕭𡗶花𦹳曾課𠊚𨔈固辰仍調𦝄𩙌計之賖𥸷乙拱固欺吏𧵆玉珠𠸗結鄧春尾之堆𡦂情縁𢪀牢朱院朱𧷺矯麻𢢆買渃𡽫牢停困𫢩㐌願貝情芇埃負義三生油麻決𢚸細景探花庒修固典廛𫅷爫之船漁細准洞桃花浪𩙌動霜𠖤信螉使蝶吏添絆𢚸〓群打買拯冲寔𢝙固打特庄咳煩𧊉浪咳客婵娟𨀈𠓨𥪝准園花䀡浪默客𨕭𠁀底停芒㗂𦋦𠊚冬迻決如妸〓𢬣𫅷花浪䏾月漏漏雪霜停〓冷𣼰𣎀冬𠸠初庒可朱衝默𠊚庒𦖑𦋦拱呢𠳒𡦂縁𢧚妬㗂唭在埃𧊉浪催渚甚𠳒,Nom
https://chunom.org/shelf/corpus/19/,𠳨制群大𨔍𨓡𠬠低𠬠帝恪𢚸之庒才情特𠇍妸姮𠰚情𢧚沛尽辞秦低晋帝包𣉹朱𢧚,Nom
https://chunom.org/shelf/corpus/19/,悲𣉹滝浪渃安巢箕㐌𨔾朱船𨖅渚戾欺声氣弭恒𦝄箕缺怒埃扛朱𦋦腰𣘃𢧚沛〓花為情𢧚沛𠓨𦋦買情潮𨖲㳥渃竜冷花𦹳嗷𠯪𦲿撑夷夷𠦳𢆥碑𥒥鑿𥱬𠳒誓群妬停停花浪催吏𤑟𤉜㐌修固𢪀之賖焒香窖𨤧情期䀡厨清永空師修行於低〓〓岌𡹞客情固𬺗船情尼空咍群想𢖵𡽫蓬樁嘹竹化〓紅清台船〓只待徐𠊚情鍾花浪芇固𨔍𨓡𢪀浪𢚸㐌别𢚸辰催埃𪫢吏庒信𠳒固縁如果〓味空縁如𦑃花涞𡧲塘意浪埃拱㗂鍾渚誇才色捤摓爫之𧊉浪惵意順情唒肝鉄𥒥拱停朱衝𢧚空決罕停空事𠇮麻吏柁𢚸𠳨埃花浪坦𢌌𡗶高風情固少之尼風情㐌浪牢固修行牢麻𠹾庫芒經旦厨,Nom
https://chunom.org/shelf/corpus/19/,𠄼更刻快𣎀秋吏𠫅𧊉浪呐吏朱〓鳳凰牢塊細𣘃𥟊垌悲𣉹𢚸㐌别𢚸吝戈䏾桂𭤲㙴𢪀𠇮想客鍾𠊛知音惜台花沛葛淋𥋸𦎛司馬麻𠰃埃喂矯欺月𠸍花唭拯咍花浪悁㗂渃尼事情𠬠帝𠬠低〓之𥉫𠊛𥪝揊樸〓女才價意當辰成包,Nom
https://chunom.org/shelf/corpus/19/,債𠊚宮禁楼高居光㐌𠇍𨑗𠁀唒花𥉫𧡊拱派牟紅群庒客於𡽫𤂧𧊉浪𨖲𠳨宮𦝄固欺拱摱赤绳車緣𠳒凣𠳨寔客仙當干平地波濤催停想𩙌𥉫𩄲絲秦𥿗晋產低朱耒花浪呐拯料𠳒縁𠊚吏固縁𡗶㵋𢧚仕𪨀初𣅶𧴤𠸜准空辰〓准願庒衝𣅶於默䋥𪀄鴻埃咍必宰别𥪝机𡗶𦎛塵𥙩帝麻𥋸料牢朱沛𨑗𠁀買饒催停迡𫏾邀𡢐女情決𢚸𣘈鉄底名𥪝𠁀庒符𧆄㐌迷𢚸杏春花浪𣷭愛源恩計牢朱掣餒塘𨤮賖庒生拱㗂𬁖沙㐌算用斫𪽋侯固埃别餒尼朱𠬠𨉓強𢪀強𢗼添強責埃牢拯料塘少之竜鳳約願泠夷隻船杜𣷷容营徐朱特客鍾情𨀈𫥨𧊉浪此咭𡑰花戈𨔈風景䀡𫥨世芇吨低固客媽桃朱𢧚𠇍沛尋𠓨典低悲𣉹鵉鳳逞排𢪀牢唉客章臺,Nom
https://chunom.org/shelf/corpus/19/,女才聘𠇍朱生𢪀牢朱院𤾓塘𢪀浪𢝙丕麻𨔈㐌𨔈固少之尼有情埃喂渚倍誇𠇮春群𡗋几才名𨔍𠁀㗂湖仍渃群潙槾桃妬沛渃〓花𦖑咳𡂱如〓愁𥢆吏底朝𦝄𥙩𢚸催催𢪀吏朱穷㗂𧵆賖𧘇覩𠓨朱埃否戈催𨅸吏𡎢占包青情魂梅𥊚𥇀𢖵之欣女𢖵縁固香〓䏾𦝄𧷺強𦖑猿唿〓〓強愁滝銀渚北衝梂𦛌蟳𠃩曲𤋵油如汙魂枚魄桂矧疎聀鐄𧊉㕸〓〓〓〓挨𨕭摱𠳨𦝄𫅷〓〓朱〓𥙩〓𨑮〓〓箕朱蒂陳低仍𠊛為埃禁𩙌垠滝爫朱牛、女𡗶蒙𨖅求欺彈〓六〓〓〓東句傳〓〓〓初味蘭〓桂称渚〓〓〓〓情〓𦋦𥆾冰傾𫢩待枚尋責埃拯院𡨸同筭𦖑英燕負𢚸故人為之堆𡨸朱陳㩒樔吏妬庒戈為情厨芇𫢋拯䧏生花𦹳埃拯損梗麻𨔈呐𦋦芒㗂𡗋𠳒唵𦋦辰𢘝𢚸𠊛世芇闭𫢩咹槾者桃信𠫾信吏别包工呈𢧚丕唉客春𣛟我迎沛呐底情尼咍爫之吝〓𢠩恾,Nom
https://chunom.org/shelf/corpus/19/,責埃牢庒訴𢚸妬埃禁𩙌ヌ停容𣘃唒牢瑟拱攄〓〓琴花浪咳客知音〓〓固者情深買出閉𫢩信𢭮書迻爫之朱雁蓮魚别𢚸彈箕〓𣅶𦝄沖吟詩白雪打宮春情圣他圣〓如生當干𢭸幅萌疎花𦹳嗷𠯪𩙌迻冷𨓡船埃箕待边滝固𢚸渚客咍空咳船𧊉箕𨔍渚〓悁𢚸群㦖𠳨根原𠇍𠳒空仍船固棟尼𣷷尼花箕群别𤊰𣘃嬋娟牢塊細𢬣英豪〓箕染渃扶桃春群〓〓情群〓〓𢝙台趣味清閒𠦳春義瀋情𥱬花浪催拱别𠊚〓爫之女世唭𠊚吱雪霜𢢆几𠫾𧗱箕滝怒𡶀𠳒誓渚悁𧊉浪碑鑿群𠸜悲𣉹𢚸㐌别弄呐臭呐虎賖吹䀡𥪝賦意覩𠳒冬迻𡄎徐課怒典𣉹𠇍𠳒句𠸠〓ヌ拯差朱𢧚固達𠇍𠳒唒𠸦拱默唒唭庒牢𠊚芇種性𠊚芇意埃意𧘇攄牢朱皮〓句𠰘𩵜坤皮達麻𠳒沛𢜝埃吱唭傳尼〓劄事𠁀典欺從且䀡制〓之,Nom
https://chunom.org/shelf/corpus/24/,𢨵𣦍深瀋細茹翁,Nom
https://chunom.org/shelf/corpus/24/,汫卒清台汫𨔍𨓡,Nom
https://chunom.org/shelf/corpus/24/,𦹵𪃿論噴蹽𨒺𠵽,Nom
https://chunom.org/shelf/corpus/24/,亇𩷉離西澮𡧲𣳔,Nom
https://chunom.org/shelf/corpus/24/,書生嗔且哪𬗝𬗝,Nom
https://chunom.org/shelf/corpus/25/,補才盘妬𡦂𠫾傕改良𫢩吏𢵋𢝙𠃣痴𫢩當𣇊争詩鍾鼎埃伶𢬣窖性辰𢧚埃麻𠫾踸𥄭悁庄責仉粉𣘈愚𢘽,Nom
https://chunom.org/shelf/corpus/25/,只責𠊚襖解鬚眉拱𠊚格物致知大才化朱𢧚老道𠬠命性算𣗓及𢧚陀吏傕油英傕拱辰沛𢪀𠎪㛪愚庫体盛強,Nom
https://chunom.org/shelf/corpus/25/,朱𠊚只𡑩拸塘其村商賣怒廊百公辰㛪拱𢝙𢚸痗襘感㤙英指𫮇買𢧚𢧚虛咍𧿨庄儋呐之各英據醝離棋泊才盘輸計行𤾓,Nom
https://chunom.org/shelf/corpus/25/,𠃣痴輸計旦𠄼𫤯𠦳輸泰𬨨吹𢧚𡗋幣特辰𢝙𨤔唭𨥁,Nom
https://chunom.org/shelf/corpus/25/,仉輸泰中𢚸即恨𣅶輸𡢐教折尽情吒𡥵伴友拱𠱷吝𠑬據呐能乱射庄京偨伵外𥄫𥇚𢺺排他浪春日都𢝙,Nom
https://chunom.org/shelf/corpus/25/,欺爫拱固欺𨔈計夷仍棋泊卒辰𠄼𣎃吏添秃𥒦𠃣痴𡀍𠑬𠫾棧𨔈辰旦冬謨麻䀡𠀍態人情官麻扒特囚刑惨台吏群仉𢘽𫢩𬨨呆嗃同人耒散省詩,Nom
https://chunom.org/shelf/corpus/25/,福宗必得耒輸歇銭𫅷辰生腿性桄処床,Nom
https://chunom.org/shelf/corpus/25/,吹公𢖵仉南𠊚北𫯳𡥵𠅎𢚁媄吒𠅎𢘾,Nom
https://chunom.org/shelf/corpus/25/,沛都坤争窖𠁀𫢩抵吒媄𫯳𡥵特𢚁吏添𫼳㗂醜沙牢朱平𣈜𡗶從且𠊚中渃拱辰㤙隊爫𢧚歷坦迎𡗶唒𡛔𤳇拱中𡗶坦,Nom
https://chunom.org/shelf/corpus/26/,𠳨包饒𣦮咳姑𨉓,Nom
https://chunom.org/shelf/corpus/26/,姉拱生𦓡㛪拱生,Nom
https://chunom.org/shelf/corpus/26/,堆侶如印詞絏𤽸,Nom
https://chunom.org/shelf/corpus/26/,𠦳𢆥群買丐春撐,Nom
https://chunom.org/shelf/corpus/26/,標梅之監情𦝄𩙌,Nom
https://chunom.org/shelf/corpus/26/,群趣𢝙箕𫳵𫽄𤳰,Nom
https://chunom.org/shelf/corpus/26/,責𠊚𠏲𤳰窖無情,Nom
https://chunom.org/shelf/corpus/28/,擬𠇮分𦟐桃𣘈粉,Nom
https://chunom.org/shelf/corpus/28/,罕縁扵分荫欣𠊛,Nom
https://chunom.org/shelf/corpus/28/,無縁抪纀𥙩𠊛紅顔,Nom
https://chunom.org/shelf/corpus/28/,𠸦朱妬奇肝月老,Nom
https://chunom.org/shelf/corpus/28/,𩈘傾城今古無双,Nom
https://chunom.org/shelf/corpus/28/,曲琴𠫾𨁥𠄼宮,Nom
https://chunom.org/shelf/corpus/28/,武吏能騎𡭉𪀄𠖤,Nom
https://chunom.org/shelf/corpus/28/,棋高帝釋昂𢬣,Nom
https://chunom.org/shelf/corpus/29/,𤳇司馬相如𠁀𠓀唒固羣劍虐尋吹𠦳鐄𣠖𥚯𠬠唭,Nom
https://chunom.org/shelf/corpus/29/,玉抌𠬠𨶜羣𡎢𢗼縐𥆾渃𣷭㳥秋強潤屡英雄𬑉䀼醝迷,Nom
https://chunom.org/shelf/corpus/29/,醝迷𢲩襖麻𧗱𠳨𠽄𣷭苦滝迷塘芇默車馬噋嗃埃意,Nom
https://chunom.org/shelf/corpus/29/,𪀄英𥄭𦥃𠰘唭供醝𠬠茄鐄待𤒘天然邀花麻吏底煩朱花,Nom
https://chunom.org/shelf/corpus/29/,𥪝宮禁𪀄車少仉外𤾓官卿宰别包禾番底𠬠𦟐桃舌𥢆,Nom
https://chunom.org/shelf/corpus/29/,醝終鼎悁沔道奇,Nom
https://chunom.org/shelf/corpus/29/,𬆄供𤤰舌朶夭桃想浪權奇嵬高假女渃詫之𠇮玉香𡗶敖鄂唏𠖤,Nom
https://chunom.org/shelf/corpus/29/,雪霜丿俸耗𤷍𠇮蟡固𢝙麻庒固夭責蛮王底𡛔堯過辰,Nom
https://chunom.org/shelf/corpus/30/,恄忠直醝迷讒嚀,Nom
https://chunom.org/shelf/corpus/30/,品金㐌𤑟價珠罕祥蛮夷𥙩色爫奇,Nom
https://chunom.org/shelf/corpus/30/,惜藝㐻学與才名嘆喂國色傾城𧯄造化〓外〓𨷑,Nom
https://chunom.org/shelf/corpus/30/,粉堙芝𨤔怒羣濃𨀋蹎辰㐌𫅩紅𠖤高,Nom
https://chunom.org/shelf/corpus/30/,〓𠓨棱〓語塘𫥨香鵉擬𢢆俸俄,Nom
https://chunom.org/shelf/corpus/30/,鼎終𢝙𨤔之麻鼎終,Nom
https://chunom.org/shelf/corpus/30/,外噋嗃体助秦王𢗽𢝙供丐事常,Nom
https://chunom.org/shelf/corpus/30/,𠸦埃窖𦘧堆塘格𩜙䀡花𣠖𤑟㐌芒㗂𠁀,Nom
https://chunom.org/shelf/corpus/30/,𥆾蓮菊想味茶味江南想望忉𢚸𢘾傷,Nom
https://chunom.org/shelf/corpus/31/,𣈗𩲉梅塢愈𨉓尼𡶀姮𡽫泰𤌋𠖤〓𢠩𢖵𦑗濃強𠸗挹冷,Nom
https://chunom.org/shelf/corpus/31/,𢖵勾生我劬勞察勾拾女朱𠓨曰無儗𢢆仉揞墓拖𩆐買拱𠊛疎矧哭𣒣,Nom
https://chunom.org/shelf/corpus/31/,責𤤰閍朶和光公明女底堆塘格賖㤙義意海河記〓,Nom
https://chunom.org/shelf/corpus/31/,怨恨尼揞〓底边𢞂𥉫風景渃番𬈋𢖵埃〓掑簮〓姊㛪疎矧𠓀軒,Nom
https://chunom.org/shelf/corpus/31/,〓梗壁採花蓮〓唭,Nom
https://chunom.org/shelf/corpus/31/,外花𦹳仍〓㐌残草芇欺𠓀出䦕,Nom
https://chunom.org/shelf/corpus/31/,𠄩娘意𦹳秋閍〓名㗂強〓𤊪撩𦎛𠬠𬆄為主𠄩傷為𫯰羣些低絲紅𣠖定,Nom
https://chunom.org/shelf/corpus/32/,據之梅雪買清𦟐紅奇遇𡗶撑用移著庒沛𨁥味買歷𠄩𫅜芸七夕買豊,Nom
https://chunom.org/shelf/corpus/32/,如埃𩈘令古弓咹勾卒𢼂𢧚𫯰𡗋夭,Nom
https://chunom.org/shelf/corpus/32/,閙固沛𡗶朝國色遣𠊛𨅸舘秋風𢤜愁歇𠬠𢆥買叶𠬠吝羣之月女麻春,Nom
https://chunom.org/shelf/corpus/32/,空制𫼳㗂女難别包,Nom
https://chunom.org/shelf/corpus/32/,當𪱆𭚯湄𤁓吏晴卽台𡗶𠹳景調囂𠊛𠁀𧯶沛榾梂桃花𧯶沛䑓霜,Nom
https://chunom.org/shelf/corpus/32/,麻𠊛𢩧𠬃边塘𨀈過𢢇縁傷分悴賖,Nom
https://chunom.org/shelf/corpus/32/,責𠊛扵萡責些磊辰渃𣳔塵沚𥊢爫之,Nom
https://chunom.org/shelf/corpus/32/,他浪拻𠄀顛𬏝𥙩英勾螠脾ㇴ𡃹𦝚襖𥯒名姅撘姅𦣰,Nom
https://chunom.org/shelf/corpus/32/,布孤媄娣𠲖𪡷供双,Nom
https://chunom.org/shelf/corpus/34/,俸埃爫如仉未亡,Nom
https://chunom.org/shelf/corpus/34/,固𫯰麻供如空,Nom
https://chunom.org/shelf/corpus/34/,𢝙之女麻𡎢終𣇓,Nom
https://chunom.org/shelf/corpus/34/,𫨩之麻掛梗江山,Nom
https://chunom.org/shelf/corpus/34/,𢝙之麻笛麻彈,Nom
https://chunom.org/shelf/corpus/34/,麻吟風月麻𢺤𢬢情,Nom
https://chunom.org/shelf/corpus/34/,催些唉暫仃隻𩃳,Nom
https://chunom.org/shelf/corpus/34/,終,Nom
https://chunom.org/shelf/corpus/35/,故𫳵欺缺吏欺𧷺,Nom
https://chunom.org/shelf/corpus/35/,𠳨𡥵白兔陀包𣦮,Nom
https://chunom.org/shelf/corpus/35/,𠳨姉姮娥㐌𠇍𡥵,Nom
https://chunom.org/shelf/corpus/35/,𣎀最故𫳵𥋸閣紫,Nom
https://chunom.org/shelf/corpus/35/,𣈜撑群𢢆𠇍彚𣘈,Nom
https://chunom.org/shelf/corpus/35/,𠄼更泸𣼽除埃帝,Nom
https://chunom.org/shelf/corpus/35/,𫨩固情𥢅貝渃𡽫,Nom
https://chunom.org/shelf/corpus/36/,咳姉姮娥媷廣寒,Nom
https://chunom.org/shelf/corpus/36/,𦊚务𦝄𩙌買江山,Nom
https://chunom.org/shelf/corpus/36/,襖仙雖潤味王母,Nom
https://chunom.org/shelf/corpus/36/,香俗群燶焒后郎,Nom
https://chunom.org/shelf/corpus/36/,𬑉鳳𢖵醝味玉素,Nom
https://chunom.org/shelf/corpus/36/,宫倪𫳵𢢆曲琴鸞,Nom
https://chunom.org/shelf/corpus/36/,𡀮空縁𡢻共𠊚世,Nom
https://chunom.org/shelf/corpus/37/,𤾓𢆥𠀧萬𦒹𠦳𣈜,Nom
https://chunom.org/shelf/corpus/37/,唒固𠦳鐄𧁹𢷮台,Nom
https://chunom.org/shelf/corpus/37/,𥪝𡶀𠦳𢆥𣘃沕固,Nom
https://chunom.org/shelf/corpus/37/,𧡊几奸頑䏾吏苔,Nom
https://chunom.org/shelf/corpus/37/,噔㤕𡃊台味俗累,Nom
https://chunom.org/shelf/corpus/4/,占吒丐刧𥙩𫯳終,Nom
https://chunom.org/shelf/corpus/4/,𠄼澄𨑮祸𫨩庒渚,Nom
https://chunom.org/shelf/corpus/4/,故𢶸咹𥸷𥸷吏孔,Nom
https://chunom.org/shelf/corpus/4/,扲朋爫漫漫空功,Nom
https://chunom.org/shelf/corpus/4/,餒尼𠸠别羕尼𠰚,Nom
https://chunom.org/shelf/corpus/4/,辰𠓀傕停於丕衝,Nom
https://chunom.org/shelf/corpus/40/,朱些腰唒𫽄移拪,Nom
https://chunom.org/shelf/corpus/40/,強𤎐包饒辰彊𠖾,Nom
https://chunom.org/shelf/corpus/40/,紅紅𦟐粉縁爲梞,Nom
https://chunom.org/shelf/corpus/40/,主唒𤤰腰𠬠丐尼,Nom
https://chunom.org/shelf/corpus/44/,𠦳𠸗名節𪽋芳,Nom
https://chunom.org/shelf/corpus/44/,䀡𫥨買别𡗶𧵆,Nom
https://chunom.org/shelf/corpus/44/,爫𠊛𢖵𪧚𥙩分善端,Nom
https://chunom.org/shelf/corpus/44/,𧡊𥪝小節新刊停ヌ,Nom
https://chunom.org/shelf/corpus/44/,𢖵初楊礼刘平拱饒交吏𠬠茄芝蘭,Nom
https://chunom.org/shelf/corpus/44/,撻床徐子𢭾幔董公𨑮𢆥𥪝准文房,Nom
https://chunom.org/shelf/corpus/44/,𣈜𬓲堆册𣈘終𠬠畑,Nom
https://chunom.org/shelf/corpus/44/,𤍇𥸷經聖傳䝨,Nom
https://chunom.org/shelf/corpus/44/,都饒捽玉燶鐄欺招韻賦欺盘藝文,Nom
https://chunom.org/shelf/corpus/45/,務夏海海𩙌南東,Nom
https://chunom.org/shelf/corpus/45/,仙女𦣰𨔈𬨨𥅞燶,Nom
https://chunom.org/shelf/corpus/45/,畧竹攊掑𨕭𠃅𩯀,Nom
https://chunom.org/shelf/corpus/45/,堆塸蓬島霜群唅,Nom
https://chunom.org/shelf/corpus/45/,𠫾辰拱懙於𫳵雙,Nom
https://chunom.org/shelf/corpus/46/,都饒草聖詩神别包畑焒功程,Nom
https://chunom.org/shelf/corpus/46/,文人士子𧵆賖摺招桂月𢯏花都才,Nom
https://chunom.org/shelf/corpus/46/,功名埃几讓埃払楊脱㐌三魁榜鐄𢂎𩂏馭𮪍迎昂,Nom
https://chunom.org/shelf/corpus/46/,𧏵𩄲𩵜渃及辰本𠊛歴涉吏茄風光箕朋友怒鄉粦,Nom
https://chunom.org/shelf/corpus/46/,宦階吝堛𣈜𣈜𨖲髙隊㤙𡗶坦别包福茄禄渃洡𤁓奇𠄩念忠孝堛英才,Nom
https://chunom.org/shelf/corpus/46/,𤎜𪤍祖廕浽𠁀科名𡄎身荣𩔰㐌仃,Nom
https://chunom.org/shelf/corpus/46/,想𠊛故友晚成麻傷,Nom
https://chunom.org/shelf/corpus/46/,払刘自𣇫鏖場𧡊𠓀題扵榜鐄仍埃,Nom
https://chunom.org/shelf/corpus/46/,傕辰𣌋闷麻之史經温吏朱漏傷台仍堛才花,Nom
https://chunom.org/shelf/corpus/47/,荣永𦖻𦖑㗂哭夷,Nom
https://chunom.org/shelf/corpus/47/,傷𫯳𢧚餒哭比絲,Nom
https://chunom.org/shelf/corpus/47/,𠮾嗷妾𢖵味甘草,Nom
https://chunom.org/shelf/corpus/47/,𨢟䔲払喂味桂枝,Nom
https://chunom.org/shelf/corpus/47/,石乳陳皮𫳵底吏,Nom
https://chunom.org/shelf/corpus/47/,交梂妾别埃特,Nom
https://chunom.org/shelf/corpus/47/,生寄払喂死則歸,Nom
https://chunom.org/shelf/corpus/48/,奇𢘝朱𢧚餒懙揚,Nom
https://chunom.org/shelf/corpus/48/,縁天𣜾𧡊〓頭育,Nom
https://chunom.org/shelf/corpus/48/,丐罪𤾓𢆥払𠹾奇,Nom
https://chunom.org/shelf/corpus/48/,片情𠬠塊妾嗔恾,Nom
https://chunom.org/shelf/corpus/49/,庒沛吳𦓡庒沛些,Nom
https://chunom.org/shelf/corpus/49/,頭辰濁禿襖空邪,Nom
https://chunom.org/shelf/corpus/49/,𥺹𤼸𠓀𩈘𠄼𠀧品,Nom
https://chunom.org/shelf/corpus/49/,娓納𪢈𨉞𦒹𬙞婆,Nom
https://chunom.org/shelf/corpus/49/,𡴯嶌銼蓮怒妬𦓡,Nom
https://chunom.org/shelf/corpus/5/,詩云賊殷𨑮萬没𣘃棍𠀧𢆫𠦳𠸗没聖𡥵功業標蓮頭馭〓孝忠𤋵𤏣𬌓𢚸𣜱𫥨𢬣解救朱〓𥠭底㗂𥹰𨱽貝渃𡽫固固空空芇赦𠸥,Nom
https://chunom.org/shelf/corpus/5/,𠊚𠸗群買渃𡽫群𠸗𫢩仍𠎬奇人功名事業𨑮分恪𠊚立碑立〓𣄒𠁀英雄𨢟𢸞𢧚时世咍渃些固傳奇台奇人奇事〓低包𠁀爫𢧚功業齊𡗶史撑群劄𠰘𠁀群碑𣇫𠸗固没聖兒𠸜𪜀〓𣱆𪜀〓空〓本𠊚𣄒北寧𫢩廊〓扶董縣〓僊遊媄吒固㗂茄𢀭富堪敵國𥚯歐𠇍𠊚,Nom
https://chunom.org/shelf/corpus/5/,只嫌没餒〓咴𧵆𠄼𨑮〓𣠖𠊚承家求低拜妬𧵆賖爫緣爫福𠸥陀包尼𢆧𫳵𡗶拯負𠊚𣄒𫅜吏享福𡗶空差没𣋚𩅹𩆐㘇𡗶〓𡑰固𨃴蹎𠊚窒𡚢老婆此𥙩蹎搊〓𢜠脱報𣘃枯木〓懷胎欣没𢆥𡗶𪀄𬊽羕㕸𦤾回𦬑𫥨富翁没聀南柯𥊚𥇀𠫾細没座天宮楼抬𠄼式𩄲封,Nom
https://chunom.org/shelf/corpus/5/,𧏵朝陛玉香籠座蓮百官朝服𠄩边没𠊚占占〓𨕭凱鐄𠳨𫥨買〓玉皇𫆍𦖻𦖑特𤑟𤉜的〓玉皇召没將𨖲,Nom
https://chunom.org/shelf/corpus/5/,𨉓高𠀧丈𩈘黰𢬣𨱽判〓𥪞𠇍𢆥𡗶文郎固賊掛尼边陲,Nom
https://chunom.org/shelf/corpus/5/,𫢩些朱將軍𠫾𫴋扶董𣄒没期𠀧秋耒𫥨𠫾揲賊〓𠢞衝渃𧘇𧗱朝些低將箕領命𠫾𬆄富翁拱𣅶𥊚尼醒𫥨,Nom
https://chunom.org/shelf/corpus/5/,𣃣咍〓報𥪝茄宮𦝄桂㐌艿𫥨没梗香迻𠶗㘃門庭𥋳𠊚異𠍵𤑟形𣅶迷翁婆𢜠懙𤾓皮鐄招玉〓𣋽𣌉拯〓㐱𠲖神梦𠇍𠳒𡥵𨖲𠀧𣦮𧗱𡗶空𥹰翁撑〓假之饒固𦓡固〓〓𠱋〓空餒𥢆𢚸仍𢠣𢚸𥪞〓謹拯吘穷埃咍〓兜特𠇍𣎃迟富翁〓㐌𧗱𬆄𤂬鐄老婆隻𩄴𢩣霜,Nom
https://chunom.org/shelf/corpus/5/,姅𠲖𡥵𪨅姅傷𨉟𫅷𢞅𡥵𢚸吏淡陀羕如𢪲𠨡〓花𣎀𣈜𢪲〓拯𫵀淶𢬣懞𣎀别呐懞𣈜别𠫾𠀧𢆥〓飭〓持𦓡𡥵摘摘知知𨔍讓𨔍〓㳥𣷭𠰘廊仍𠳒制〓每塘〓箕不仁𢀭𧘇寶〓𡗶朱貴子𣃣〓𣃣唫婆𦖑𧡊仍𤴬𢚸𥢆𨉓只𤋵良心𠇍𡗶,Nom
https://chunom.org/shelf/corpus/50/,𠸦台𡥵造窖坤凢,Nom
https://chunom.org/shelf/corpus/50/,𦠳𥒥𦹵繚𪮈椹𣠥,Nom
https://chunom.org/shelf/corpus/50/,攊溪沚𢱖藍岩,Nom
https://chunom.org/shelf/corpus/50/,旦買别浪𧯄聖化,Nom
https://chunom.org/shelf/corpus/50/,蹲蹎痗𨆝唉群𢣇,Nom
https://chunom.org/shelf/corpus/52/,基圖䝉正江山買臣塵間窒堛清貧,Nom
https://chunom.org/shelf/corpus/52/,浪冲畑册專勤𥙩之𢖵𠊛伴友故知𦖑浪荣𩔰𡗋台,Nom
https://chunom.org/shelf/corpus/52/,㐌勾貧賎之交𧵆賖擬歇𨃴頭寅夜脱㐌細茄楊公粦羅㕸𨀈𠓨冲,Nom
https://chunom.org/shelf/corpus/52/,㐌𫨩浪伴故人傕悲徐𣅶屯邅执經徔權别牢打料払買𨀈𠓨𠳨𠶀,Nom
https://chunom.org/shelf/corpus/52/,払𦖑𠱊買𠱋夷原浪官𢀲𠊛低刘平碎别仍𣈗𡥵ヌ,Nom
https://chunom.org/shelf/corpus/52/,𠊛它𩔰宦碎群寒儒源干包管𢢆殊𧡊𠳒呐拱㤕車,Nom
https://chunom.org/shelf/corpus/52/,房𦖑心事闭徐𨀈𠓨私室陳辞分明,Nom
https://chunom.org/shelf/corpus/54/,𨅸𬦪𥊛𫥨景𡴯囂,Nom
https://chunom.org/shelf/corpus/54/,塘𠫾偏召舘𦼔標,Nom
https://chunom.org/shelf/corpus/54/,𢯧技橋椥拙肯跳,Nom
https://chunom.org/shelf/corpus/54/,𠀧濯𣘃撑形捥𢰳,Nom
https://chunom.org/shelf/corpus/54/,箕丐鹞埃𩙌論繚,Nom
https://chunom.org/shelf/corpus/55/,排撻爲埃寔窖𫩓,Nom
https://chunom.org/shelf/corpus/55/,𠊚悁景佛𨆁蹎𠽖,Nom
https://chunom.org/shelf/corpus/55/,几𨔍瓢仙痗眜𥈺,Nom
https://chunom.org/shelf/corpus/55/,湥渃有情涞聖説,Nom
https://chunom.org/shelf/corpus/56/,𠸦埃窖撻景招蹽,Nom
https://chunom.org/shelf/corpus/56/,丸𥒥撑夷論噴𦼔,Nom
https://chunom.org/shelf/corpus/56/,栗了梗樁干𩙌蔟,Nom
https://chunom.org/shelf/corpus/56/,潭池蘿柳湥霜招,Nom
https://chunom.org/shelf/corpus/56/,痗𨆝𨀛蹎沕𫺓岧,Nom
https://chunom.org/shelf/corpus/58/,稟翁浪固𠬠英呐浪拱伴書生共官𢀲沕㤙情芝𬞕朱𢧚𠊛沛𡬶𨖅底𢘾,Nom
https://chunom.org/shelf/corpus/58/,楊公者格爫盧𠵩浪䋲窖𡬶噅稟𠳹眉它别𤏣世庒,Nom
https://chunom.org/shelf/corpus/58/,傕辰㐌典低些𢫕𦝄粓怒辱牙𨇜塘,Nom
https://chunom.org/shelf/corpus/58/,准官司監吝巾呐乾空推冲准芝𬞕,Nom
https://chunom.org/shelf/corpus/58/,翁碎涓别包徐為英碎沛勤拳仍麻英拱枚麻,Nom
https://chunom.org/shelf/corpus/58/,傕低碎㐌固𢚸𠶆英𠶆暫朱衝耒麻払𦖑房奴辱牙紆𮈔𠃩曲涞珠堆行,Nom
https://chunom.org/shelf/corpus/58/,故知負几他郷朱仃𭌝朱丐𫗂人情𤾓朝反覆如形波瀾,Nom
https://chunom.org/shelf/corpus/58/,世常𢀭合庫㪚平原易𠳚肝腸特牢,Nom
https://chunom.org/shelf/corpus/60/,役税拯歇群針役夷翁牢呐拯𫨩推𠸗𫢩沕别娘珠竜耒,Nom
https://chunom.org/shelf/corpus/60/,本𣳔阃範麻𠊛端莊,Nom
https://chunom.org/shelf/corpus/60/,𢚸葵篤道向陽𢬣寛台吏别塘斉家𨇜冲𭲖𦊚徔𠀧,Nom
https://chunom.org/shelf/corpus/60/,𢚸𬓲𬓲𠉝皮衝,Nom
https://chunom.org/shelf/corpus/60/,娘𦖑湥玉𣻆𤁓,Nom
https://chunom.org/shelf/corpus/60/,疎浪㤕分婵悁小星𢜠㐌𬙾縁衾裯,Nom
https://chunom.org/shelf/corpus/60/,拱枚𢘾特𣘃樛包容𠸗𫢩分𡛔𡦂徔㤕身柳要疎桃,Nom
https://chunom.org/shelf/corpus/60/,粦羅貝伴文房,Nom
https://chunom.org/shelf/corpus/60/,聀浪㨂𩙌掑𩄲凭麻,Nom
https://chunom.org/shelf/corpus/60/,𢜝𢚸君子智高𫆧溇如𣷭𢲛牢朱穷别浪𢚸固傷空,Nom
https://chunom.org/shelf/corpus/62/,固𡗶固坦固些固𠇮為埃娘沛身征,Nom
https://chunom.org/shelf/corpus/62/,愈𢚸妾拯𥒥鐄責些群固責埃𠦳鐄𪾋𢬭𠬠𠳒呐牢傷娘㤕分夭桃,Nom
https://chunom.org/shelf/corpus/62/,為情刀等管包待油傕辰功意𡊰𡢐情𬓲娘計𠇍勾盘桓想欺誓海盟山,Nom
https://chunom.org/shelf/corpus/62/,共饒森合𠬠茄歇𠳒𫰅𡮈湿高𨀈寅旦舘迎香𧡊払刘駭群當𡎢麻,Nom
https://chunom.org/shelf/corpus/62/,𢬣辰扲𦰟茟花㝍情払買題𢽼𦊚勾,Nom
https://chunom.org/shelf/corpus/62/,浪牢唉客書生因牢払買細低,Nom
https://chunom.org/shelf/corpus/62/,𪾋吀君子𤋵排妾𦖑払浪擬拱𨔍𥡳女人麻拱别藝文章,Nom
https://chunom.org/shelf/corpus/63/,𠳒咹呐拱妙揚寛台佳人渚易特𠄩,Nom
https://chunom.org/shelf/corpus/63/,浽念払買歴陳分明浪些𪾋唒之𠇮,Nom
https://chunom.org/shelf/corpus/63/,責英楊禮薄情𡗋傕交逰别𠇍𫷜𡗶管包塘舍賖侵,Nom
https://chunom.org/shelf/corpus/63/,沙機𧏵﨤𩵽唭沛油舍盘之𥒥愚夫源干責几同𥦗,Nom
https://chunom.org/shelf/corpus/63/,丕𢧚詠𠬠𢽼韻姅分責伴姅分𫺶身油浪否極固分泰来,Nom
https://chunom.org/shelf/corpus/63/,功名塘駭群𨱽拯𫨩娘𠳨之些悲除𦖑𠳒娘買随机,Nom
https://chunom.org/shelf/corpus/63/,𠲶唭者格朗𪪏計盘浪㛪㤕分紅顔㤙吒𢘾媄拱𫔮丐身,Nom
https://chunom.org/shelf/corpus/64/,婵娟固𠻷英雄𫨩牢朱𢧚妾拯管包𢀭危沛縁沛刼辰蹺払𦖑擬𬢱秦銀,Nom
https://chunom.org/shelf/corpus/64/,因縁埃窖磋運吏朱擬𠇮當𣅶寒儒别埃麻㐌𠻷㗅買埃,Nom
https://chunom.org/shelf/corpus/64/,拯戈作合在𡗶吹𠊛青眼﨤𠊛紅顔,Nom
https://chunom.org/shelf/corpus/64/,情期𢧚伴鳳鵉路詩于祐路弹相如𠊛闺阁客文詞,Nom
https://chunom.org/shelf/corpus/64/,沛𠊛𩙌𦲿𫚳梗如埃為縁𢧚沛勿奈闭除払買蹺蹎払𧗱𥋷𥊛風景闭除,Nom
https://chunom.org/shelf/corpus/64/,書𥦗墻壁雷傕詩辰𤁕墨𪽗辰派𣘈,Nom
https://chunom.org/shelf/corpus/64/,𨔍之景遇干𢞂仍䀡骨格沕群風光共払娘買𢯢𨖅房文垠吏𠬠間𭓇行,Nom
https://chunom.org/shelf/corpus/65/,𠊚辰𨖲打几辰𥉫,Nom
https://chunom.org/shelf/corpus/65/,𡛔腕𨉞螉𫤋𫤋𢚸,Nom
https://chunom.org/shelf/corpus/65/,𦊚𤗖裙紅𠖤法派,Nom
https://chunom.org/shelf/corpus/65/,𠄩行蹎玉𨀤双双,Nom
https://chunom.org/shelf/corpus/65/,制春㐌别春庒佐,Nom
https://chunom.org/shelf/corpus/65/,梮擼𠫾耒魯補空,Nom
https://chunom.org/shelf/corpus/67/,𤾓𢆥翁府永祥喂,Nom
https://chunom.org/shelf/corpus/67/,丐𡢻𠀧生㐌者耒,Nom
https://chunom.org/shelf/corpus/67/,墫秩文章𠀧𡱩坦,Nom
https://chunom.org/shelf/corpus/67/,宗希弧矢𦊚方𡗶,Nom
https://chunom.org/shelf/corpus/67/,湥𧖱𨕭𢬣𠲶𠰘唭,Nom
https://chunom.org/shelf/corpus/67/,𤾓𠄼翁府永祥喂,Nom
https://chunom.org/shelf/corpus/7/,節皮蓮𦬶桃絲𩙌春海々〓香迻𠃣𡗉題詩吏𢪀𤾓朝𧡊𡗶坦吏勉腰每塘𠊛䑓閣几衡〓,Nom
https://chunom.org/shelf/corpus/7/,𠊛精武略几詳文韜𠊛耕牧几漁樵如富濁与貧清庒戈造物磋情性朱𪩪經最偈爫愚䐘𠁀庒松林拱窒潙清光𨕭上殿𠁑行廊,Nom
https://chunom.org/shelf/corpus/7/,椿嘹竹化隊尼𫔳慈易遣胣𠊛絲紅汫台於𫏾前堂脉𣻆琥珀渃羕水晶𨆝凡牢俸趂觥景纒花唭月哏亇沉㕍沙師占俸鄭念西,Nom
https://chunom.org/shelf/corpus/7/,意醝味道柴*〓𫼲*〓机禅南無𫢋教如來,Nom
https://chunom.org/shelf/corpus/7/,渃楊急洒胣𠊛撕迷枚𢝙買竹鳯掑買鵉南無芇客紅顔𧵆尼便特咀嘆事𢚸南無色々〓空々〓,Nom
https://chunom.org/shelf/corpus/7/,庵𩄲念𫢋𡽫蓬想仙南無香火院全𡦂情哏咘𡦂緣洡漅南無東柳西桃,Nom
https://chunom.org/shelf/corpus/7/,𡽫巫彷彿臺𦎛𢠩恾南無𦲿𧺀𥿗紅排情風月妥𢚸雨雲南無𣷭愛源㤙,Nom
https://chunom.org/shelf/corpus/7/,晉𥘿沛侶朱陳當堆,Nom
https://chunom.org/shelf/corpus/70/,谷城南𦫼蔑閒,Nom
https://chunom.org/shelf/corpus/70/,奴渃㕵少𩚵咹,Nom
https://chunom.org/shelf/corpus/70/,昆隊遁楊埃眷,Nom
https://chunom.org/shelf/corpus/70/,朝官拯沛隐庒沛,Nom
https://chunom.org/shelf/corpus/70/,㭲城南𦫼蔑閒,Nom
https://chunom.org/shelf/corpus/71/,老少諸𢧚節丈夫,Nom
https://chunom.org/shelf/corpus/71/,免羅倣樣道先儒,Nom
https://chunom.org/shelf/corpus/71/,茶梅店月曵𫀅俸,Nom
https://chunom.org/shelf/corpus/71/,𠁑功名刀苦辱,Nom
https://chunom.org/shelf/corpus/71/,𥪝曳悅固風流,Nom
https://chunom.org/shelf/corpus/71/,𠇍𠊚𣈜怒詩杜,Nom
https://chunom.org/shelf/corpus/71/,𦲿梧桐末秋,Nom
https://chunom.org/shelf/corpus/76/,娘𦖑信拱𢜠𢚸,Nom
https://chunom.org/shelf/corpus/76/,想𠳒𡽫審渃溇𧡊信楊禮倍鐄,Nom
https://chunom.org/shelf/corpus/76/,𠄼更妾仍𢠩忙奇𠄼北南堆我賖侵,Nom
https://chunom.org/shelf/corpus/76/,管包派粉𤁕𣘈矇朱旦㑹竜雲悲除㐌院每皮,Nom
https://chunom.org/shelf/corpus/76/,綱常𠄩𡦂妾空𪾋移払油拯固信𠳒払浪胣仍丁寧,Nom
https://chunom.org/shelf/corpus/76/,别包𥐆咀𨱽嘆亊𢚸章䑓隔阻渃𡽫,Nom
https://chunom.org/shelf/corpus/76/,埃𫨩𣘃栁駭群梗春払強醝𬌓𢚸貞,Nom
https://chunom.org/shelf/corpus/78/,初𫢩冲曲弹琴𡗶𣋚唐吏群賖,Nom
https://chunom.org/shelf/corpus/78/,浪㤙博固𢚸傷徐𣈗𦖑㗂吨賖,Nom
https://chunom.org/shelf/corpus/78/,矇朱简役茄尼,Nom
https://chunom.org/shelf/corpus/78/,〓功碎拱定𣈗𨖅制,Nom
https://chunom.org/shelf/corpus/78/,𣈗包饒吏𢖵𠊛闭饒,Nom
https://chunom.org/shelf/corpus/78/,梗春渭北𩄲朝江東旦𣋚𫢩買重逢,Nom
https://chunom.org/shelf/corpus/78/,𢜠𢝙㐌妥𬌓𢚸渴滈,Nom
https://chunom.org/shelf/corpus/78/,房𠳐傳保闭𣇞,Nom
https://chunom.org/shelf/corpus/78/,𦖑信娘拱𠽋唭,Nom
https://chunom.org/shelf/corpus/78/,娘嘲渚𢴑意払㐌𫨩,Nom
https://chunom.org/shelf/corpus/78/,𠽃朱功業院全無情怒意𪾋吀恕情𢘾㤙英姉功程,Nom
https://chunom.org/shelf/corpus/79/,席耒辞謝𠬠𠄩徔容𤏣𡑩唐梅吏𧗱払自鴈㙮荣𡚖,Nom
https://chunom.org/shelf/corpus/79/,欺𢧚𡗶𢩾毎皮毎𢧚,Nom
https://chunom.org/shelf/corpus/79/,功名㐌珥𨃴仙,Nom
https://chunom.org/shelf/corpus/79/,室家吏﨤良縁晋秦泰来𢜠㐌旦旬,Nom
https://chunom.org/shelf/corpus/79/,门庭𣈗吏添春𠬠𣈗𠬠茄桃李森圍𠬠𡑝槐桂聘排卒鮮𢘾禄渃隊㤙𡗶,Nom
https://chunom.org/shelf/corpus/79/,本𠊛文𭓇科名欺棋舘𣅶琴𠅘棋昂帝释弹檠把牙𠇮強富貴荣花,Nom
https://chunom.org/shelf/corpus/79/,女流如妸珠竜吏強,Nom
https://chunom.org/shelf/corpus/79/,寔𠊛烈女不更𡦂貞天古𭄁名群𨱽朱𫨩𡗶拯𬓲埃,Nom
https://chunom.org/shelf/corpus/79/,𡦂心拱貴𡦂才拱傷,Nom
https://chunom.org/shelf/corpus/79/,固忠孝固綱常役夷辰拱𢧚功,Nom
https://chunom.org/shelf/corpus/79/,役夷辰拱調穷安𢝙,Nom
https://chunom.org/shelf/corpus/79/,房文因𣅶𡎢耒天子萬萬年刘平新傳吟畢,Nom
https://chunom.org/shelf/corpus/8/,英㛪喂英㛪喂搓運局世坤買咹𠊛坤拱𡗉、𤵺拱𡗋𬂙妬拱别、𠊚𠀧𠎬𧵑𠀧𩔗𡥵𤤰𤤰唒、𡥵主主腰𧵑英英𫼳、𧵑娘娘捇𡎢空𧯶𠹾底𢬣乖,Nom
https://chunom.org/shelf/corpus/8/,蜜𠃣𧋆𡗉、𢪀𠊚些堂𦋦飭𢵋爭𣘃𧹦群算陶歇㭲𨢇唁尼㐌〓戈味䏾𢪀〓役爫買〓欺𫏾恪悲𣉹吏恪、〓〓如禮生𠅎〓𥄭部𢞂唭,Nom
https://chunom.org/shelf/corpus/8/,庒柴牢𠋥爫𢧚、箕高等、箕階固錢摸仙拱特、,Nom
https://chunom.org/shelf/corpus/8/,芇中州、芇邊省、𠏲𦁼咹緆、𠏲𤳰咹糊、𬁖朋𠊚〓䏾信𣦍、𠫾覺懺瓢、𠫾句懺櫓、圖爫沛𨇜、𢬣空渚𢩽𤍊𨑮𨑮䀡𥪝團体、𣇜買骨、渚𢪀浪些呐𠲝、仃制仍几虚荒、咹菓𢖵几𥠭𣘃、報答牢朱𥾽特願,Nom
https://chunom.org/shelf/corpus/8/,𠀧萬卷棱歐𣷭愛、塘居處牢朱别𡓃、於瓢辰𧷺、於甕辰𨱽𡛔固𫯳如𧏵固圍、𡥵固吒如茹抓楃、渚𧡊㳥𦓡我𢬣𢴿、𪾋𡅳埃别𢪀别𢥈、𨅸吏凭蹎辰罕特當𠫾光𨀈𫏈塘葚、箕仍几𤳰坤𤳰窖、𩛜朱〓、𮖤朱𦹳、𧯶如埃、渃濁脿𪂮、庒𢪀𡥵丐𨉓、𥘀𢬣鉊鈽咹固啀、如固𢪀、,Nom
https://chunom.org/shelf/corpus/8/,渚算事〓𡗶扒鴶、𨀈功名𢝙𡗋拱𢗼𡗉、仃窖洫之藝劍𩵜塘名利荣箕𦓡辱妬、窖迷瞞之事咹𥸷惨典埃拍𦲿尋溇、𫨩之事諌𥑥𦋦𦟐、𫃚古猫撩古㹥、典勢辰催咹果芇樔果意箕仍英𫨩詩、𫨩賦、箕仍几芇𢃱、芇〓、芇巴〓、芇烏𠇍、卒〓〓〓群責之埃、托〓𤯩醝、𦎛〓俗箕陀招押𫖀,Nom
https://chunom.org/shelf/corpus/8/,椥𫅷𣒣木、吝欣𠓀群懞於吏、𨅸渚任、飭𨉓群沛〓、渚倍浪特、〓𧎝𥒥翁㺔,Nom
https://chunom.org/shelf/corpus/8/,飭意䀡𫥨仃固強𠇍几𠮾唁渚凭、錢寔〓𧵑假、日𩂏湄、疎𩂏〓、風陳會意、渚如埃𧯶𠰘徐呼、固摡固𥉫、固槞固咹、𦋦飭〓𢲲、𪤍興旺庫之磋凭𡒯推買别〓𢬣𫨩𧆄𠫾𫥨𠳨𫅷、𧗱茹𠳨𪨅𢪀𨉓固幽迷之庒别、𠰘唁𢖵𥹰、条𤴬𢖵𠁀,Nom
https://chunom.org/shelf/corpus/8/,𢚸埃國唒𤾓𢆥𥱬妬、𢬣扲朱凭、吀仃楊眜𥉫𩜙、催仃𫅷𠵘呐〓、局炎邦雖〓𣷭𡗋番、﨤𣅶〓〓𦋦拱〓𤯩於廊、𨖅於渃、𠇍句哏咘、,Nom
https://chunom.org/shelf/corpus/87/,商周伴𪧘各諸堆,Nom
https://chunom.org/shelf/corpus/87/,舍另身閒課役耒,Nom
https://chunom.org/shelf/corpus/87/,檜俗茶常坡渃雪,Nom
https://chunom.org/shelf/corpus/87/,尋清中曰羡茶梅,Nom
https://chunom.org/shelf/corpus/87/,𪀄叫花𦬑𣈜春净,Nom
https://chunom.org/shelf/corpus/87/,香論碁殘席客催,Nom
https://chunom.org/shelf/corpus/87/,盃固蔑念庒女豸,Nom
https://chunom.org/shelf/corpus/87/,道濫昆免道濫碎,Nom
https://chunom.org/shelf/corpus/88/,潘佩珠小史,Nom
https://chunom.org/shelf/corpus/88/,翁圭於廊丹染縣南𣐙省乂安,Nom
https://chunom.org/shelf/corpus/88/,杜首科場乂𢆥更子,Nom
https://chunom.org/shelf/corpus/88/,期第一曰兼治,Nom
https://chunom.org/shelf/corpus/88/,翁自欺𡮈固志改革,Nom
https://chunom.org/shelf/corpus/88/,𢆥辛丑翁招集伴同志謀圖局反対政治,Nom
https://chunom.org/shelf/corpus/88/,爫卷琉球血淚書𢭮朱各朝臣穷各名士底鼓動𢚸愛,Nom
https://chunom.org/shelf/corpus/89/,國𧵑人民,Nom
https://chunom.org/shelf/corpus/89/,𡢐𫥨北圻交𨒣𠇍各名人外北如：,Nom
https://chunom.org/shelf/corpus/89/,具督定宅、翁秀昌、耒𨖲𠇍提探、仍不得志穷𠇍翁具道組織党革𠇮,Nom
https://chunom.org/shelf/corpus/89/,𣎃𠬠𢆥甲辰𠫾外國,Nom
https://chunom.org/shelf/corpus/89/,𨖅潮卅廣東於𠇍刘永福喻𠊛越南於边艚爫𠬠党,Nom
https://chunom.org/shelf/corpus/89/,穷𠊛艚組𦃎㑹越南光復耒吏𨖅德、𨖅俄,Nom
https://chunom.org/shelf/corpus/89/,会同提刑結案苦差終身,Nom
https://chunom.org/shelf/corpus/89/,𣈗𠄩,Nom
https://chunom.org/shelf/corpus/9/,節春夜天清雲静,Nom
https://chunom.org/shelf/corpus/9/,准旅庭聀醒更𣌉𦖻𦖑〓咏𦊛皮𦎛娥〓𤊨𤋵掑桂蘭𧡊𦝄脱動𢚸鐄,Nom
https://chunom.org/shelf/corpus/9/,吟句問月度昂𠇍𠳒𠳨姨月𠇍𡢐〓縁故𪱊𦓡特清台月浪物𢬭𣋀移𦎛尼𡗶底朱𠊚〓終爫朱痗𤻻英〓𠳨姨月固塘𨕭細月浪些吏𠇍些,Nom
https://chunom.org/shelf/corpus/9/,固𣘃丹桂𧘇𪜀姉㛪英〓𨀈細度䀡箕𦎛玉兔、怒簾水晶𠳨姨月固情庒些,Nom
https://chunom.org/shelf/corpus/9/,渚年花倣㐌羕包月浪要柳疎桃,Nom
https://chunom.org/shelf/corpus/9/,強𨖲強𤏣、強高強𧷺𬌓𦎛〓𤊨拯𤷱𠳨姨月姮娥𠇍𢆫拠𣈜𠄻𦤾最辰𫥨,Nom
https://chunom.org/shelf/corpus/9/,冥冥長夜埃吏别埃别尼岩險、别𠊛邪奸𧡊月呐𢚸強𢞅月,Nom
https://chunom.org/shelf/corpus/9/,别𢚸些固月咍庒,Nom
https://chunom.org/shelf/corpus/9/,𨀈𨕭朱𦤾宮𦝄,Nom
https://chunom.org/shelf/corpus/9/,結縁朱特娥-姮買他别饒只固更𠀧點從月拱㦖嚈𢚸吏𠳨局𠁀䀡似占包公侯卿相噋哰𥪝𨦩挣𠑬為𡭲唏銅𫽅𠑬為𠰘鼎鍾𧵑𡗶,Nom
https://chunom.org/shelf/corpus/9/,月吏𠳨𦤾𠊚君子𣇜雲雷堆𡨸經綸些𠺘㐌固聖、神,Nom
https://chunom.org/shelf/corpus/9/,𫥨𢬣撥乱𢧚身致平群坊逐利貪名月吏𠳨棱儒𠇍仉𤑟𤉜𢬣𢯏桂長-安月𠳨些疎矧矧疎更強演月強高月些些月别包饒情𠇍句吟准旅庭固埃别月别𨉓咍庒,Nom
https://chunom.org/shelf/corpus/91/,〓𪮏襖旦䕺林,Nom
https://chunom.org/shelf/corpus/91/,塘𠃣𠊚𠫾𦹵急侵,Nom
https://chunom.org/shelf/corpus/91/,疎帶俗嫌勾帶俗,Nom
https://chunom.org/shelf/corpus/91/,主無心〓客無心,Nom
https://chunom.org/shelf/corpus/91/,竹樁軒永工欺意,Nom
https://chunom.org/shelf/corpus/91/,能某山僧𬈋伴吟,Nom
https://chunom.org/shelf/corpus/92/,滥𠊚拯固德共才,Nom
https://chunom.org/shelf/corpus/92/,𠫾儗調𪰛劔歇𠄩,Nom
https://chunom.org/shelf/corpus/92/,易咍𦛌𣷭溇𣴓,Nom
https://chunom.org/shelf/corpus/92/,坤别𢚸𠊚𬑵𨱽,Nom
https://chunom.org/shelf/corpus/92/,事世𭁈冷埃𠳨旦,Nom
https://chunom.org/shelf/corpus/92/,保浪翁㐌的𠄩𦖻,Nom
https://chunom.org/shelf/corpus/93/,場屋𠀧秋枉某名,Nom
https://chunom.org/shelf/corpus/93/,〓勤約操園諸子,Nom
https://chunom.org/shelf/corpus/93/,船𫵈坤都𣷭六經,Nom
https://chunom.org/shelf/corpus/93/,〓梅軒竹蔑𢚸清,Nom
https://chunom.org/shelf/corpus/93/,吏𢜠元氣皮盛,Nom
https://chunom.org/shelf/corpus/93/,群忌爲咍蔑𡨸丁,Nom
https://chunom.org/shelf/corpus/94/,㐌𠇍秋尼底例茹,Nom
https://chunom.org/shelf/corpus/94/,縁芇刁等庫庒赦,Nom
https://chunom.org/shelf/corpus/94/,蔑身吝橘塘科目,Nom
https://chunom.org/shelf/corpus/94/,𠄩𡨸麻〓役國家,Nom
https://chunom.org/shelf/corpus/94/,才劣辣饒𢧚劔伴,Nom
https://chunom.org/shelf/corpus/94/,𠊚𤷱痗歇福群些,Nom
https://chunom.org/shelf/corpus/94/,君親渚報𢚸更ヌ,Nom
https://chunom.org/shelf/corpus/94/,情負粓𡗶襖吒,Nom
https://chunom.org/shelf/corpus/95/,襊踈䕯𨢇〓情控,Nom
https://chunom.org/shelf/corpus/95/,挂用〓歆𠇍琰塘,Nom
https://chunom.org/shelf/corpus/95/,臺子陵高秋沫,Nom
https://chunom.org/shelf/corpus/95/,𤿤張騫珥客𢀨,Nom
https://chunom.org/shelf/corpus/95/,蟳〓六辱船頭罢,Nom
https://chunom.org/shelf/corpus/95/,蠔質摳離㯲檜廊,Nom
https://chunom.org/shelf/corpus/95/,吟索尚䊷工課意,Nom
https://chunom.org/shelf/corpus/95/,㗂朝𠰺泣滄浪,Nom
https://chunom.org/shelf/corpus/96/,𢀨共庫𪽝蒸𡗶,Nom
https://chunom.org/shelf/corpus/96/,吝木爫之朱辱唏,Nom
https://chunom.org/shelf/corpus/96/,瀉𢚸清味耨渃,Nom
https://chunom.org/shelf/corpus/96/,𡍋坦隘𪽏夢葸,Nom
https://chunom.org/shelf/corpus/96/,〓勤節奇〓恒捻,Nom
https://chunom.org/shelf/corpus/96/,忠孝念初馬女移,Nom
https://chunom.org/shelf/corpus/96/,昆𡥙渚嫌双曰兀,Nom
https://chunom.org/shelf/corpus/96/,詩書實意寶𠦳𠁀,Nom
https://chunom.org/shelf/corpus/97/,𦝄〓䏧〓相〓〓,Nom
https://chunom.org/shelf/corpus/97/,林泉清永伴巢許,Nom
https://chunom.org/shelf/corpus/97/,礼楽閑制道孔周,Nom
https://chunom.org/shelf/corpus/97/,鉢粓叉如恩社稷,Nom
https://chunom.org/shelf/corpus/97/,間𦫼𦹵隊〓唐虞,Nom
https://chunom.org/shelf/corpus/97/,絲豪庄固填恩主,Nom
https://chunom.org/shelf/corpus/97/,𠰺廊溋𠇍士儒,Nom
https://chunom.org/shelf/corpus/99/,身閑油細油𨙝,Nom
https://chunom.org/shelf/corpus/99/,輸特朋棊埃几堆,Nom
https://chunom.org/shelf/corpus/99/,性涓庄劒竹共梅,Nom
https://chunom.org/shelf/corpus/99/,𦓿𢶢雪吟隊景,Nom
https://chunom.org/shelf/corpus/99/,掬制春泣每頽,Nom
https://chunom.org/shelf/corpus/99/,昆𡥙馬嫌双曰賤,Nom
https://chunom.org/shelf/corpus/99/,𠦳頭柑橘意羅碎,Nom
https://www.thivien.net/%C4%90%E1%BA%B7ng-Minh-Khi%C3%AAm/An-D%C6%B0%C6%A1ng-V%C6%B0%C6%A1ng/poem-1XxPaeXoCn8wYLccScnqfQ,安陽王勞築思龍百稚城,Chinese
https://www.thivien.net/%C4%90%E1%BA%B7ng-Minh-Khi%C3%AAm/An-D%C6%B0%C6%A1ng-V%C6%B0%C6%A1ng/poem-1XxPaeXoCn8wYLccScnqfQ,謾誇神弩屈人兵,Chinese
https://www.thivien.net/%C4%90%E1%BA%B7ng-Minh-Khi%C3%AAm/An-D%C6%B0%C6%A1ng-V%C6%B0%C6%A1ng/poem-1XxPaeXoCn8wYLccScnqfQ,君王自眛苞桑戒,Chinese
https://www.thivien.net/%C4%90%E1%BA%B7ng-Minh-Khi%C3%AAm/An-D%C6%B0%C6%A1ng-V%C6%B0%C6%A1ng/poem-1XxPaeXoCn8wYLccScnqfQ,女子何關國重輕,Chinese
https://www.thivien.net/%C4%90o%C3%A0n-Huy%C3%AAn/%E1%BA%A4t-H%E1%BB%A3i-th%C3%AD-b%C3%BAt/poem-NER2LUlV4g_MJ3zWUUVSdg,乙亥試筆冷官三考幾風塵,Chinese
https://www.thivien.net/%C4%90o%C3%A0n-Huy%C3%AAn/%E1%BA%A4t-H%E1%BB%A3i-th%C3%AD-b%C3%BAt/poem-NER2LUlV4g_MJ3zWUUVSdg,班鬢霜髯欲七旬,Chinese
https://www.thivien.net/%C4%90o%C3%A0n-Huy%C3%AAn/%E1%BA%A4t-H%E1%BB%A3i-th%C3%AD-b%C3%BAt/poem-NER2LUlV4g_MJ3zWUUVSdg,松菊偶然參舊徑,Chinese
https://www.thivien.net/%C4%90o%C3%A0n-Huy%C3%AAn/%E1%BA%A4t-H%E1%BB%A3i-th%C3%AD-b%C3%BAt/poem-NER2LUlV4g_MJ3zWUUVSdg,鶯花恰好對新春,Chinese
https://www.thivien.net/%C4%90o%C3%A0n-Huy%C3%AAn/%E1%BA%A4t-H%E1%BB%A3i-th%C3%AD-b%C3%BAt/poem-NER2LUlV4g_MJ3zWUUVSdg,孫曾繞膝歡吾幼,Chinese
https://www.thivien.net/%C4%90o%C3%A0n-Huy%C3%AAn/%E1%BA%A4t-H%E1%BB%A3i-th%C3%AD-b%C3%BAt/poem-NER2LUlV4g_MJ3zWUUVSdg,鄰里談心敘故人,Chinese
https://www.thivien.net/%C4%90o%C3%A0n-Huy%C3%AAn/%E1%BA%A4t-H%E1%BB%A3i-th%C3%AD-b%C3%BAt/poem-NER2LUlV4g_MJ3zWUUVSdg,獨是京華游宦子,Chinese
https://www.thivien.net/%C4%90o%C3%A0n-Huy%C3%AAn/%E1%BA%A4t-H%E1%BB%A3i-th%C3%AD-b%C3%BAt/poem-NER2LUlV4g_MJ3zWUUVSdg,適逢佳節正思親,Chinese
https://www.thivien.net/Cao-B%C3%A1-Qu%C3%A1t/%E1%BA%A8m-t%E1%BB%ADu-%C4%91%E1%BA%AFc-ch%C6%B0-h%E1%BB%AFu-giai-t%C3%A1c-t%E1%BB%A9c-ph%E1%BB%A5c-t%E1%BA%A9u-b%C3%BAt-th%C6%B0-th%E1%BB%8B/poem-_tE-xp0feLTIu7WTW5TmEA,飲酒得諸友佳作即復走筆書示故鄉顏色尚依然,Chinese
https://www.thivien.net/Cao-B%C3%A1-Qu%C3%A1t/%E1%BA%A8m-t%E1%BB%ADu-%C4%91%E1%BA%AFc-ch%C6%B0-h%E1%BB%AFu-giai-t%C3%A1c-t%E1%BB%A9c-ph%E1%BB%A5c-t%E1%BA%A9u-b%C3%BAt-th%C6%B0-th%E1%BB%8B/poem-_tE-xp0feLTIu7WTW5TmEA,人世升沉五六年,Chinese
https://www.thivien.net/Cao-B%C3%A1-Qu%C3%A1t/%E1%BA%A8m-t%E1%BB%ADu-%C4%91%E1%BA%AFc-ch%C6%B0-h%E1%BB%AFu-giai-t%C3%A1c-t%E1%BB%A9c-ph%E1%BB%A5c-t%E1%BA%A9u-b%C3%BAt-th%C6%B0-th%E1%BB%8B/poem-_tE-xp0feLTIu7WTW5TmEA,樽酒眼中同過客,Chinese
https://www.thivien.net/Cao-B%C3%A1-Qu%C3%A1t/%E1%BA%A8m-t%E1%BB%ADu-%C4%91%E1%BA%AFc-ch%C6%B0-h%E1%BB%AFu-giai-t%C3%A1c-t%E1%BB%A9c-ph%E1%BB%A5c-t%E1%BA%A9u-b%C3%BAt-th%C6%B0-th%E1%BB%8B/poem-_tE-xp0feLTIu7WTW5TmEA,孤帆天分即浮煙,Chinese
https://www.thivien.net/Cao-B%C3%A1-Qu%C3%A1t/%E1%BA%A8m-t%E1%BB%ADu-%C4%91%E1%BA%AFc-ch%C6%B0-h%E1%BB%AFu-giai-t%C3%A1c-t%E1%BB%A9c-ph%E1%BB%A5c-t%E1%BA%A9u-b%C3%BAt-th%C6%B0-th%E1%BB%8B/poem-_tE-xp0feLTIu7WTW5TmEA,亭亭缺月如曾約,Chinese
https://www.thivien.net/Cao-B%C3%A1-Qu%C3%A1t/%E1%BA%A8m-t%E1%BB%ADu-%C4%91%E1%BA%AFc-ch%C6%B0-h%E1%BB%AFu-giai-t%C3%A1c-t%E1%BB%A9c-ph%E1%BB%A5c-t%E1%BA%A9u-b%C3%BAt-th%C6%B0-th%E1%BB%8B/poem-_tE-xp0feLTIu7WTW5TmEA,片片危峰只在前,Chinese
https://www.thivien.net/Cao-B%C3%A1-Qu%C3%A1t/%E1%BA%A8m-t%E1%BB%ADu-%C4%91%E1%BA%AFc-ch%C6%B0-h%E1%BB%AFu-giai-t%C3%A1c-t%E1%BB%A9c-ph%E1%BB%A5c-t%E1%BA%A9u-b%C3%BAt-th%C6%B0-th%E1%BB%8B/poem-_tE-xp0feLTIu7WTW5TmEA,號笑老顚裂風景,Chinese
https://www.thivien.net/Cao-B%C3%A1-Qu%C3%A1t/%E1%BA%A8m-t%E1%BB%ADu-%C4%91%E1%BA%AFc-ch%C6%B0-h%E1%BB%AFu-giai-t%C3%A1c-t%E1%BB%A9c-ph%E1%BB%A5c-t%E1%BA%A9u-b%C3%BAt-th%C6%B0-th%E1%BB%8B/poem-_tE-xp0feLTIu7WTW5TmEA,猶來聱叟是頑仙,Chinese
https://www.thivien.net/Cao-B%C3%A1-Qu%C3%A1t/An-Qu%C3%A1n-t%E1%BA%A3o-xu%C3%A2n-k%E1%BB%B3-1/poem-37brwuhEgf5NtqgSoVqIkA,安館早春其一三更鐘斷雞咿喔,Chinese
https://www.thivien.net/Cao-B%C3%A1-Qu%C3%A1t/An-Qu%C3%A1n-t%E1%BA%A3o-xu%C3%A2n-k%E1%BB%B3-1/poem-37brwuhEgf5NtqgSoVqIkA,落落數家聞爆竹,Chinese
https://www.thivien.net/Cao-B%C3%A1-Qu%C3%A1t/An-Qu%C3%A1n-t%E1%BA%A3o-xu%C3%A2n-k%E1%BB%B3-1/poem-37brwuhEgf5NtqgSoVqIkA,出門倦倚立門看,Chinese
https://www.thivien.net/Cao-B%C3%A1-Qu%C3%A1t/An-Qu%C3%A1n-t%E1%BA%A3o-xu%C3%A2n-k%E1%BB%B3-1/poem-37brwuhEgf5NtqgSoVqIkA,路少燈行室稀燭,Chinese
https://www.thivien.net/Cao-B%C3%A1-Qu%C3%A1t/An-Qu%C3%A1n-t%E1%BA%A3o-xu%C3%A2n-k%E1%BB%B3-2/poem-9SeNtDy05JMZOSLWCMtmxA,安館早春其二客話當初蕃盛時,Chinese
https://www.thivien.net/Cao-B%C3%A1-Qu%C3%A1t/An-Qu%C3%A1n-t%E1%BA%A3o-xu%C3%A2n-k%E1%BB%B3-2/poem-9SeNtDy05JMZOSLWCMtmxA,粉墻朱戶照江湄,Chinese
https://www.thivien.net/Cao-B%C3%A1-Qu%C3%A1t/An-Qu%C3%A1n-t%E1%BA%A3o-xu%C3%A2n-k%E1%BB%B3-2/poem-9SeNtDy05JMZOSLWCMtmxA,即今春早銜泥燕,Chinese
https://www.thivien.net/Cao-B%C3%A1-Qu%C3%A1t/An-Qu%C3%A1n-t%E1%BA%A3o-xu%C3%A2n-k%E1%BB%B3-2/poem-9SeNtDy05JMZOSLWCMtmxA,猶倚胡家門裡飛,Chinese
https://www.thivien.net/Chu-V%C4%83n-Th%C6%B0%E1%BB%9Dng/An-Ho%E1%BA%A1ch-s%C6%A1n-B%C3%A1o-%C3%82n-t%E1%BB%B1-bi-k%C3%BD/poem-VMsZJa3_qA9RQB4PwzHmIQ,安獲山報恩寺碑記昭昭乎妙理湛寂照物物而物不相侵蕩蕩乎迥彼真空納塵塵而塵莫混跡是亦不謂幽深宏遠哉佛之有金色人之有佛性而不能自覺自悟也人之欲證者必資善以證焉所可參者莫大於像法像法之所崇莫崇於凈剎故仿優闐阿育之芳蹤挈摩騰法蘭之遺跡今有太尉李公佐皇越第四帝授推誠協謀保節守正佐理翊戴功臣守尚書令開府欽同三司入內內侍省都都知撿校太尉兼御史大夫遙授諸鎮節度使,Chinese
https://www.thivien.net/Chu-V%C4%83n-Th%C6%B0%E1%BB%9Dng/An-Ho%E1%BA%A1ch-s%C6%A1n-B%C3%A1o-%C3%82n-t%E1%BB%B1-bi-k%C3%BD/poem-VMsZJa3_qA9RQB4PwzHmIQ,同中書門下平章事上柱國天子義弟開國上將軍越國公食邑一萬戶食實封四千戶圖臨大節言授綴旒信乎六尺之孤可托百里之命可寄厥後乃誓于師北征鄰國西討不庭善七縱七擒之勝敵非漢有韓彭之功豈齊有管晏之烈惟公輔君國家殷富多歷年所可垂臣道千古之熙績也至壬戌之歲皇帝特加清化一軍賜公封邑群牧嚮風萬民慕德正縣西南有山高而且大名安獲所產美石其石公家之貴物瑩瑩色如藍玉青青質擬生煙然後鑿而為器其器也,Chinese
https://www.thivien.net/Chu-V%C4%83n-Th%C6%B0%E1%BB%9Dng/An-Ho%E1%BA%A1ch-s%C6%A1n-B%C3%A1o-%C3%82n-t%E1%BB%B1-bi-k%C3%BD/poem-VMsZJa3_qA9RQB4PwzHmIQ,鑿為嚮磬扣處而萬里流音；用作銘碑遺文而千齡蓋固是則太尉李公祇差侍者甲首武承叨一名,Chinese
https://www.thivien.net/Chu-V%C4%83n-Th%C6%B0%E1%BB%9Dng/An-Ho%E1%BA%A1ch-s%C6%A1n-B%C3%A1o-%C3%82n-t%E1%BB%B1-bi-k%C3%BD/poem-VMsZJa3_qA9RQB4PwzHmIQ,領九真鄉人也搜其山採其石十有九年實踐節操民就焉戰戰而若履輕冰恪勤特盈,Chinese
https://www.thivien.net/Chu-V%C4%83n-Th%C6%B0%E1%BB%9Dng/An-Ho%E1%BA%A1ch-s%C6%A1n-B%C3%A1o-%C3%82n-t%E1%BB%B1-bi-k%C3%BD/poem-VMsZJa3_qA9RQB4PwzHmIQ,己清焉兢兢而類乘朽索自省曰：量器微而裁重本智小而謀大積塵纖而豈拂五嶽漸成；注滴水而無休四溟轉溢況蒙究錫之踰涯以何能之報效賢愚列次貧富有宜所見於斯處者芟夷翠野草建仁祠號為報恩之寺也端偉能仁之相次列菩薩之容顏麗雙南體完繪事經營於己卯炎天慶成於庚辰燠景其屋乃一旦借丹青點綴百年延氣象芬芳,Chinese
https://www.thivien.net/Chu-V%C4%83n-Th%C6%B0%E1%BB%9Dng/An-Ho%E1%BA%A1ch-s%C6%A1n-B%C3%A1o-%C3%82n-t%E1%BB%B1-bi-k%C3%BD/poem-VMsZJa3_qA9RQB4PwzHmIQ,前依赤帝之方境列古戰之縣井分攸耿緣茂如雲後聯翔鳳之嵎旁聳白龍之岫橫注清流勢成一帶左達隅夷之表之鬲分為之間遙拂扶桑敬賓出日右通昧谷之都逼鎮堯嶽之巍,Chinese
https://www.thivien.net/Chu-V%C4%83n-Th%C6%B0%E1%BB%9Dng/An-Ho%E1%BA%A1ch-s%C6%A1n-B%C3%A1o-%C3%82n-t%E1%BB%B1-bi-k%C3%BD/poem-VMsZJa3_qA9RQB4PwzHmIQ,夤餞斜暉隙臨疏牖門間石甃雙影特涌尖丘；橋外花香十里若飄濃麝但愚乃學文昧淺勝事何窮濫矢蕪詞以貽銘曰：空門虛寂俗累罕纓極微而顯至小何輕吉凶由己禍福易迎塵途則背善里歸情纖塵豈讓山嶽漸成滴水不棄河海相盈若能機要名器何虧賢愚列次貧富所宜明恩罔極何以報之強芟翠野草建仁祠前分井畝後白龍嵋右通堯岫左達嵎夷,Chinese
https://www.thivien.net/Chu-V%C4%83n-Th%C6%B0%E1%BB%9Dng/An-Ho%E1%BA%A1ch-s%C6%A1n-B%C3%A1o-%C3%82n-t%E1%BB%B1-bi-k%C3%BD/poem-VMsZJa3_qA9RQB4PwzHmIQ,雙丘甃石四照芳花次列菩薩中座釋迦體完神繪凜烈不磨四回勝事一境繁華募修象法永保邦家名流今古功著邇遐【...】節彼山兮碧龍巔彼美石兮尤至堅瑩瑩滑兮稟自然青青質兮擬生煙【...】蒙皇錫兮十九年講法場兮仿優闐所庶幾兮聖日遷山比壽兮永何騫沐慈恩兮福果圓【...】至仁道兮比堯天紀于銘兮百代傳從脞言兮愧後賢,Chinese
https://www.thivien.net/Ho%C3%A0ng-%C4%90%E1%BB%A9c-L%C6%B0%C6%A1ng/An-Kh%C3%A1nh-hi%E1%BB%83u-h%C3%A0n/poem-_1C8EFyl5OTOiGV4xOAWjA,安慶曉寒擁被睨船窗,Chinese
https://www.thivien.net/Ho%C3%A0ng-%C4%90%E1%BB%A9c-L%C6%B0%C6%A1ng/An-Kh%C3%A1nh-hi%E1%BB%83u-h%C3%A0n/poem-_1C8EFyl5OTOiGV4xOAWjA,行客重曉發,Chinese
https://www.thivien.net/Ho%C3%A0ng-%C4%90%E1%BB%A9c-L%C6%B0%C6%A1ng/An-Kh%C3%A1nh-hi%E1%BB%83u-h%C3%A0n/poem-_1C8EFyl5OTOiGV4xOAWjA,江邊酒店翁,Chinese
https://www.thivien.net/Ho%C3%A0ng-%C4%90%E1%BB%A9c-L%C6%B0%C6%A1ng/An-Kh%C3%A1nh-hi%E1%BB%83u-h%C3%A0n/poem-_1C8EFyl5OTOiGV4xOAWjA,寒掃門前雪,Chinese
https://www.thivien.net/Khuy%E1%BA%BFt-danh-Vi%E1%BB%87t-Nam/An-Nam-s%E1%BB%A9-bi%E1%BB%87t-b%E1%BA%A1n-T%E1%BB%91ng-Quan-thi/poem-KXCu_bnJT9BTczwMbn5NNA,安南使別伴送官詩欲別情懷意黯然,Chinese
https://www.thivien.net/Khuy%E1%BA%BFt-danh-Vi%E1%BB%87t-Nam/An-Nam-s%E1%BB%A9-bi%E1%BB%87t-b%E1%BA%A1n-T%E1%BB%91ng-Quan-thi/poem-KXCu_bnJT9BTczwMbn5NNA,暮雲春樹兩堪憐,Chinese
https://www.thivien.net/Khuy%E1%BA%BFt-danh-Vi%E1%BB%87t-Nam/An-Nam-s%E1%BB%A9-bi%E1%BB%87t-b%E1%BA%A1n-T%E1%BB%91ng-Quan-thi/poem-KXCu_bnJT9BTczwMbn5NNA,昔非命使原逢面,Chinese
https://www.thivien.net/Khuy%E1%BA%BFt-danh-Vi%E1%BB%87t-Nam/An-Nam-s%E1%BB%A9-bi%E1%BB%87t-b%E1%BA%A1n-T%E1%BB%91ng-Quan-thi/poem-KXCu_bnJT9BTczwMbn5NNA,今識荊州亦是天,Chinese
https://www.thivien.net/Khuy%E1%BA%BFt-danh-Vi%E1%BB%87t-Nam/An-Nam-s%E1%BB%A9-bi%E1%BB%87t-b%E1%BA%A1n-T%E1%BB%91ng-Quan-thi/poem-KXCu_bnJT9BTczwMbn5NNA,對酒豈同徐孺榻,Chinese
https://www.thivien.net/Khuy%E1%BA%BFt-danh-Vi%E1%BB%87t-Nam/An-Nam-s%E1%BB%A9-bi%E1%BB%87t-b%E1%BA%A1n-T%E1%BB%91ng-Quan-thi/poem-KXCu_bnJT9BTczwMbn5NNA,論文共載李膺船,Chinese
https://www.thivien.net/Khuy%E1%BA%BFt-danh-Vi%E1%BB%87t-Nam/An-Nam-s%E1%BB%A9-bi%E1%BB%87t-b%E1%BA%A1n-T%E1%BB%91ng-Quan-thi/poem-KXCu_bnJT9BTczwMbn5NNA,要知別後相思近,Chinese
https://www.thivien.net/Khuy%E1%BA%BFt-danh-Vi%E1%BB%87t-Nam/An-Nam-s%E1%BB%A9-bi%E1%BB%87t-b%E1%BA%A1n-T%E1%BB%91ng-Quan-thi/poem-KXCu_bnJT9BTczwMbn5NNA,長在光風霽月前,Chinese
https://www.thivien.net/Khuy%E1%BA%BFt-danh-Vi%E1%BB%87t-Nam/An-Nam-s%E1%BB%A9-nh%C3%A2n-%E1%BB%A9ng-H%E1%BB%93-Qu%E1%BA%A3ng-t%E1%BB%89nh-m%E1%BB%87nh-ph%C3%BA-thi/poem-7fcU6uiKU1QasOx89c2XHg,安南使人應湖廣省命賦詩獵獵風吹拂面沙,Chinese
https://www.thivien.net/Khuy%E1%BA%BFt-danh-Vi%E1%BB%87t-Nam/An-Nam-s%E1%BB%A9-nh%C3%A2n-%E1%BB%A9ng-H%E1%BB%93-Qu%E1%BA%A3ng-t%E1%BB%89nh-m%E1%BB%87nh-ph%C3%BA-thi/poem-7fcU6uiKU1QasOx89c2XHg,潭潭官府建高衙,Chinese
https://www.thivien.net/Khuy%E1%BA%BFt-danh-Vi%E1%BB%87t-Nam/An-Nam-s%E1%BB%A9-nh%C3%A2n-%E1%BB%A9ng-H%E1%BB%93-Qu%E1%BA%A3ng-t%E1%BB%89nh-m%E1%BB%87nh-ph%C3%BA-thi/poem-7fcU6uiKU1QasOx89c2XHg,貪看百二關河闊,Chinese
https://www.thivien.net/Khuy%E1%BA%BFt-danh-Vi%E1%BB%87t-Nam/An-Nam-s%E1%BB%A9-nh%C3%A2n-%E1%BB%A9ng-H%E1%BB%93-Qu%E1%BA%A3ng-t%E1%BB%89nh-m%E1%BB%87nh-ph%C3%BA-thi/poem-7fcU6uiKU1QasOx89c2XHg,不顧八千路途賒,Chinese
https://www.thivien.net/Khuy%E1%BA%BFt-danh-Vi%E1%BB%87t-Nam/An-Nam-s%E1%BB%A9-nh%C3%A2n-%E1%BB%A9ng-H%E1%BB%93-Qu%E1%BA%A3ng-t%E1%BB%89nh-m%E1%BB%87nh-ph%C3%BA-thi/poem-7fcU6uiKU1QasOx89c2XHg,樽盒桂盤開蓋請,Chinese
https://www.thivien.net/Khuy%E1%BA%BFt-danh-Vi%E1%BB%87t-Nam/An-Nam-s%E1%BB%A9-nh%C3%A2n-%E1%BB%A9ng-H%E1%BB%93-Qu%E1%BA%A3ng-t%E1%BB%89nh-m%E1%BB%87nh-ph%C3%BA-thi/poem-7fcU6uiKU1QasOx89c2XHg,衣冠禮樂愧皇華,Chinese
https://www.thivien.net/Khuy%E1%BA%BFt-danh-Vi%E1%BB%87t-Nam/An-Nam-s%E1%BB%A9-nh%C3%A2n-%E1%BB%A9ng-H%E1%BB%93-Qu%E1%BA%A3ng-t%E1%BB%89nh-m%E1%BB%87nh-ph%C3%BA-thi/poem-7fcU6uiKU1QasOx89c2XHg,人生聚散如南北,Chinese
https://www.thivien.net/Khuy%E1%BA%BFt-danh-Vi%E1%BB%87t-Nam/An-Nam-s%E1%BB%A9-nh%C3%A2n-%E1%BB%A9ng-H%E1%BB%93-Qu%E1%BA%A3ng-t%E1%BB%89nh-m%E1%BB%87nh-ph%C3%BA-thi/poem-7fcU6uiKU1QasOx89c2XHg,同樂清朝厚德嘉,Chinese
https://www.thivien.net/L%C3%AA-Qu%E1%BA%A3-D%E1%BB%A5c/%E1%BA%A4t-D%E1%BA%ADu-ni%C3%AAn-v%C3%A3ng-H%C3%A0-N%E1%BB%99i-c%E1%BA%A3m-t%C3%A1c/poem-L52iAU_MJm94cJVyCoabYQ,乙酉年往河内感作廾五年來此一臨,Chinese
https://www.thivien.net/L%C3%AA-Qu%E1%BA%A3-D%E1%BB%A5c/%E1%BA%A4t-D%E1%BA%ADu-ni%C3%AAn-v%C3%A3ng-H%C3%A0-N%E1%BB%99i-c%E1%BA%A3m-t%C3%A1c/poem-L52iAU_MJm94cJVyCoabYQ,舊遊無處復相尋,Chinese
https://www.thivien.net/L%C3%AA-Qu%E1%BA%A3-D%E1%BB%A5c/%E1%BA%A4t-D%E1%BA%ADu-ni%C3%AAn-v%C3%A3ng-H%C3%A0-N%E1%BB%99i-c%E1%BA%A3m-t%C3%A1c/poem-L52iAU_MJm94cJVyCoabYQ,車塵馬跡喧天地,Chinese
https://www.thivien.net/L%C3%AA-Qu%E1%BA%A3-D%E1%BB%A5c/%E1%BA%A4t-D%E1%BA%ADu-ni%C3%AAn-v%C3%A3ng-H%C3%A0-N%E1%BB%99i-c%E1%BA%A3m-t%C3%A1c/poem-L52iAU_MJm94cJVyCoabYQ,湖色山光變古今,Chinese
https://www.thivien.net/L%C3%AA-Qu%E1%BA%A3-D%E1%BB%A5c/%E1%BA%A4t-D%E1%BA%ADu-ni%C3%AAn-v%C3%A3ng-H%C3%A0-N%E1%BB%99i-c%E1%BA%A3m-t%C3%A1c/poem-L52iAU_MJm94cJVyCoabYQ,拭目新亭潛墜淚,Chinese
https://www.thivien.net/L%C3%AA-Qu%E1%BA%A3-D%E1%BB%A5c/%E1%BA%A4t-D%E1%BA%ADu-ni%C3%AAn-v%C3%A3ng-H%C3%A0-N%E1%BB%99i-c%E1%BA%A3m-t%C3%A1c/poem-L52iAU_MJm94cJVyCoabYQ,回頭故國暗傷心,Chinese
https://www.thivien.net/L%C3%AA-Qu%E1%BA%A3-D%E1%BB%A5c/%E1%BA%A4t-D%E1%BA%ADu-ni%C3%AAn-v%C3%A3ng-H%C3%A0-N%E1%BB%99i-c%E1%BA%A3m-t%C3%A1c/poem-L52iAU_MJm94cJVyCoabYQ,斜陽旅館閒沽酒,Chinese
https://www.thivien.net/L%C3%AA-Qu%E1%BA%A3-D%E1%BB%A5c/%E1%BA%A4t-D%E1%BA%ADu-ni%C3%AAn-v%C3%A3ng-H%C3%A0-N%E1%BB%99i-c%E1%BA%A3m-t%C3%A1c/poem-L52iAU_MJm94cJVyCoabYQ,嘈雜人中獨自斟,Chinese
https://www.thivien.net/L%C3%AA-Th%C3%A1nh-T%C3%B4ng/An-Bang-phong-th%E1%BB%95/poem-skLCzowXvmPUjrShb1J6sg,安邦灃土海上萬峰宭玉立,Chinese
https://www.thivien.net/L%C3%AA-Th%C3%A1nh-T%C3%B4ng/An-Bang-phong-th%E1%BB%95/poem-skLCzowXvmPUjrShb1J6sg,星羅奇布翠崢嶸,Chinese
https://www.thivien.net/L%C3%AA-Th%C3%A1nh-T%C3%B4ng/An-Bang-phong-th%E1%BB%95/poem-skLCzowXvmPUjrShb1J6sg,魚鹽如土民趍便,Chinese
https://www.thivien.net/L%C3%AA-Th%C3%A1nh-T%C3%B4ng/An-Bang-phong-th%E1%BB%95/poem-skLCzowXvmPUjrShb1J6sg,鏵稻無田賦薄征,Chinese
https://www.thivien.net/L%C3%AA-Th%C3%A1nh-T%C3%B4ng/An-Bang-phong-th%E1%BB%95/poem-skLCzowXvmPUjrShb1J6sg,波向山坪低處踊,Chinese
https://www.thivien.net/L%C3%AA-Th%C3%A1nh-T%C3%B4ng/An-Bang-phong-th%E1%BB%95/poem-skLCzowXvmPUjrShb1J6sg,舟穿石壁隙中行,Chinese
https://www.thivien.net/L%C3%AA-Th%C3%A1nh-T%C3%B4ng/An-Bang-phong-th%E1%BB%95/poem-skLCzowXvmPUjrShb1J6sg,邊氓久樂承平化,Chinese
https://www.thivien.net/L%C3%AA-Th%C3%A1nh-T%C3%B4ng/An-Bang-phong-th%E1%BB%95/poem-skLCzowXvmPUjrShb1J6sg,四十余年不識兵,Chinese
https://www.thivien.net/Ng%C3%B4-Th%C3%AC-Nh%E1%BA%ADm/%C3%82n-th%C3%A1i-s%C6%B0-T%E1%BB%89-Can-chi-m%E1%BB%99/poem-OJuiNLHNgk7TfY5K2zo0xA,殷太師比干之墓不堪顛倒視衰商,Chinese
https://www.thivien.net/Ng%C3%B4-Th%C3%AC-Nh%E1%BA%ADm/%C3%82n-th%C3%A1i-s%C6%B0-T%E1%BB%89-Can-chi-m%E1%BB%99/poem-OJuiNLHNgk7TfY5K2zo0xA,忠節昭回日月光,Chinese
https://www.thivien.net/Ng%C3%B4-Th%C3%AC-Nh%E1%BA%ADm/%C3%82n-th%C3%A1i-s%C6%B0-T%E1%BB%89-Can-chi-m%E1%BB%99/poem-OJuiNLHNgk7TfY5K2zo0xA,狂遁更誰憂故國,Chinese
https://www.thivien.net/Ng%C3%B4-Th%C3%AC-Nh%E1%BA%ADm/%C3%82n-th%C3%A1i-s%C6%B0-T%E1%BB%89-Can-chi-m%E1%BB%99/poem-OJuiNLHNgk7TfY5K2zo0xA,規箴何敢負時王,Chinese
https://www.thivien.net/Ng%C3%B4-Th%C3%AC-Nh%E1%BA%ADm/%C3%82n-th%C3%A1i-s%C6%B0-T%E1%BB%89-Can-chi-m%E1%BB%99/poem-OJuiNLHNgk7TfY5K2zo0xA,人仁心竅非戕虐,Chinese
https://www.thivien.net/Ng%C3%B4-Th%C3%AC-Nh%E1%BA%ADm/%C3%82n-th%C3%A1i-s%C6%B0-T%E1%BB%89-Can-chi-m%E1%BB%99/poem-OJuiNLHNgk7TfY5K2zo0xA,方霸衣戎且晦藏,Chinese
https://www.thivien.net/Ng%C3%B4-Th%C3%AC-Nh%E1%BA%ADm/%C3%82n-th%C3%A1i-s%C6%B0-T%E1%BB%89-Can-chi-m%E1%BB%99/poem-OJuiNLHNgk7TfY5K2zo0xA,六七聖賢遺跡渺,Chinese
https://www.thivien.net/Ng%C3%B4-Th%C3%AC-Nh%E1%BA%ADm/%C3%82n-th%C3%A1i-s%C6%B0-T%E1%BB%89-Can-chi-m%E1%BB%99/poem-OJuiNLHNgk7TfY5K2zo0xA,壟頭孤塢小碑香,Chinese
https://www.thivien.net/Nguy%E1%BB%85n-Du/%C3%81-Ph%E1%BB%A5-m%E1%BB%99/poem-pGoWciwj6vCHv38Zl6AP6w,亞父墓眼看霸上五雲浮,Chinese
https://www.thivien.net/Nguy%E1%BB%85n-Du/%C3%81-Ph%E1%BB%A5-m%E1%BB%99/poem-pGoWciwj6vCHv38Zl6AP6w,汲汲方圖一擊謀,Chinese
https://www.thivien.net/Nguy%E1%BB%85n-Du/%C3%81-Ph%E1%BB%A5-m%E1%BB%99/poem-pGoWciwj6vCHv38Zl6AP6w,但得此心無負楚,Chinese
https://www.thivien.net/Nguy%E1%BB%85n-Du/%C3%81-Ph%E1%BB%A5-m%E1%BB%99/poem-pGoWciwj6vCHv38Zl6AP6w,不知天命已歸劉,Chinese
https://www.thivien.net/Nguy%E1%BB%85n-Du/%C3%81-Ph%E1%BB%A5-m%E1%BB%99/poem-pGoWciwj6vCHv38Zl6AP6w,伯圖泯滅千年後,Chinese
https://www.thivien.net/Nguy%E1%BB%85n-Du/%C3%81-Ph%E1%BB%A5-m%E1%BB%99/poem-pGoWciwj6vCHv38Zl6AP6w,古墓荒涼三尺秋,Chinese
https://www.thivien.net/Nguy%E1%BB%85n-Du/%C3%81-Ph%E1%BB%A5-m%E1%BB%99/poem-pGoWciwj6vCHv38Zl6AP6w,多少一心忠所事,Chinese
https://www.thivien.net/Nguy%E1%BB%85n-Du/%C3%81-Ph%E1%BB%A5-m%E1%BB%99/poem-pGoWciwj6vCHv38Zl6AP6w,每為天下笑其愚,Chinese
https://www.thivien.net/Nguy%E1%BB%85n-Du/An-Huy-%C4%91%E1%BA%A1o-trung/poem-7tAKVuFsG4MhHuNYXqn0_A,安徽道中啼鴉啞啞亂凌晨,Chinese
https://www.thivien.net/Nguy%E1%BB%85n-Du/An-Huy-%C4%91%E1%BA%A1o-trung/poem-7tAKVuFsG4MhHuNYXqn0_A,徐北徐南曉色分,Chinese
https://www.thivien.net/Nguy%E1%BB%85n-Du/An-Huy-%C4%91%E1%BA%A1o-trung/poem-7tAKVuFsG4MhHuNYXqn0_A,一帶雪田青者麥,Chinese
https://www.thivien.net/Nguy%E1%BB%85n-Du/An-Huy-%C4%91%E1%BA%A1o-trung/poem-7tAKVuFsG4MhHuNYXqn0_A,四山松樹白為雲,Chinese
https://www.thivien.net/Nguy%E1%BB%85n-Du/An-Huy-%C4%91%E1%BA%A1o-trung/poem-7tAKVuFsG4MhHuNYXqn0_A,悠悠鄉國八千里,Chinese
https://www.thivien.net/Nguy%E1%BB%85n-Du/An-Huy-%C4%91%E1%BA%A1o-trung/poem-7tAKVuFsG4MhHuNYXqn0_A,碌碌功名一片塵,Chinese
https://www.thivien.net/Nguy%E1%BB%85n-Du/An-Huy-%C4%91%E1%BA%A1o-trung/poem-7tAKVuFsG4MhHuNYXqn0_A,共指梅花報消息,Chinese
https://www.thivien.net/Nguy%E1%BB%85n-Du/An-Huy-%C4%91%E1%BA%A1o-trung/poem-7tAKVuFsG4MhHuNYXqn0_A,春何曾到異鄉人,Chinese
https://www.thivien.net/Nguy%E1%BB%85n-Hi%E1%BB%83n-T%C3%B4ng/%E1%BA%A2i-L%C4%A9nh-xu%C3%A2n-v%C3%A2n/poem-BpTT9wDsi_9UiVTwxDs7ww,隘嶺春雲越南衝要此山巔,Chinese
https://www.thivien.net/Nguy%E1%BB%85n-Hi%E1%BB%83n-T%C3%B4ng/%E1%BA%A2i-L%C4%A9nh-xu%C3%A2n-v%C3%A2n/poem-BpTT9wDsi_9UiVTwxDs7ww,絕嶺还如蜀道偏,Chinese
https://www.thivien.net/Nguy%E1%BB%85n-Hi%E1%BB%83n-T%C3%B4ng/%E1%BA%A2i-L%C4%A9nh-xu%C3%A2n-v%C3%A2n/poem-BpTT9wDsi_9UiVTwxDs7ww,但見雲橫三峻嶺,Chinese
https://www.thivien.net/Nguy%E1%BB%85n-Hi%E1%BB%83n-T%C3%B4ng/%E1%BA%A2i-L%C4%A9nh-xu%C3%A2n-v%C3%A2n/poem-BpTT9wDsi_9UiVTwxDs7ww,不知人在幾重天,Chinese
https://www.thivien.net/Nguy%E1%BB%85n-Hi%E1%BB%83n-T%C3%B4ng/%E1%BA%A2i-L%C4%A9nh-xu%C3%A2n-v%C3%A2n/poem-BpTT9wDsi_9UiVTwxDs7ww,冷沾鬚髮非同雪,Chinese
https://www.thivien.net/Nguy%E1%BB%85n-Hi%E1%BB%83n-T%C3%B4ng/%E1%BA%A2i-L%C4%A9nh-xu%C3%A2n-v%C3%A2n/poem-BpTT9wDsi_9UiVTwxDs7ww,濕濺衣裳豈是泉,Chinese
https://www.thivien.net/Nguy%E1%BB%85n-Hi%E1%BB%83n-T%C3%B4ng/%E1%BA%A2i-L%C4%A9nh-xu%C3%A2n-v%C3%A2n/poem-BpTT9wDsi_9UiVTwxDs7ww,惟願海風吹作雨,Chinese
https://www.thivien.net/Nguy%E1%BB%85n-Hi%E1%BB%83n-T%C3%B4ng/%E1%BA%A2i-L%C4%A9nh-xu%C3%A2n-v%C3%A2n/poem-BpTT9wDsi_9UiVTwxDs7ww,正宜千里潤桑田,Chinese
https://www.thivien.net/Nguy%E1%BB%85n-Phong/%C3%81i-s%C6%A1n/poem-A8RS53C3_adJtXCvkXOc3g,愛山吾何愛,Chinese
https://www.thivien.net/Nguy%E1%BB%85n-Phong/%C3%81i-s%C6%A1n/poem-A8RS53C3_adJtXCvkXOc3g,愛惟山,Chinese
https://www.thivien.net/Nguy%E1%BB%85n-Phong/%C3%81i-s%C6%A1n/poem-A8RS53C3_adJtXCvkXOc3g,不遠煙霞遠世間,Chinese
https://www.thivien.net/Nguy%E1%BB%85n-Phong/%C3%81i-s%C6%A1n/poem-A8RS53C3_adJtXCvkXOc3g,舉目有天雲色五,Chinese
https://www.thivien.net/Nguy%E1%BB%85n-Phong/%C3%81i-s%C6%A1n/poem-A8RS53C3_adJtXCvkXOc3g,擡頭滿地草花閒,Chinese
https://www.thivien.net/Nguy%E1%BB%85n-Phong/%C3%81i-s%C6%A1n/poem-A8RS53C3_adJtXCvkXOc3g,梅嘲曉日知春暖百立東風茂歲寒,Chinese
https://www.thivien.net/Nguy%E1%BB%85n-Phong/%C3%81i-s%C6%A1n/poem-A8RS53C3_adJtXCvkXOc3g,雷雨不迷填海志,Chinese
https://www.thivien.net/Nguy%E1%BB%85n-Phong/%C3%81i-s%C6%A1n/poem-A8RS53C3_adJtXCvkXOc3g,葉舟寧待泛長瀾,Chinese
https://www.thivien.net/Nguy%E1%BB%85n-V%C4%83n-Si%C3%AAu/%C3%81i-mai-tr%C3%BAc-di-Ng%C3%B4-D%C6%B0%C6%A1ng-%C4%90%C3%ACnh/poem--T2Ii5pJodtKyQNaq1Yq1Q,愛梅竹遺吳陽亭我愛一樹梅獨負空山操,Chinese
https://www.thivien.net/Nguy%E1%BB%85n-V%C4%83n-Si%C3%AAu/%C3%81i-mai-tr%C3%BAc-di-Ng%C3%B4-D%C6%B0%C6%A1ng-%C4%90%C3%ACnh/poem--T2Ii5pJodtKyQNaq1Yq1Q,矧此冰玉姿,Chinese
https://www.thivien.net/Nguy%E1%BB%85n-V%C4%83n-Si%C3%AAu/%C3%81i-mai-tr%C3%BAc-di-Ng%C3%B4-D%C6%B0%C6%A1ng-%C4%90%C3%ACnh/poem--T2Ii5pJodtKyQNaq1Yq1Q,肯向雪霜老,Chinese
https://www.thivien.net/Nguy%E1%BB%85n-V%C4%83n-Si%C3%AAu/%C3%81i-mai-tr%C3%BAc-di-Ng%C3%B4-D%C6%B0%C6%A1ng-%C4%90%C3%ACnh/poem--T2Ii5pJodtKyQNaq1Yq1Q,何樹不生花到頭清淡好,Chinese
https://www.thivien.net/Nguy%E1%BB%85n-V%C4%83n-Si%C3%AAu/%C3%81i-mai-tr%C3%BAc-di-Ng%C3%B4-D%C6%B0%C6%A1ng-%C4%90%C3%ACnh/poem--T2Ii5pJodtKyQNaq1Yq1Q,但願得栽培寧知春信早,Chinese
https://www.thivien.net/Nguy%E1%BB%85n-V%C4%83n-Si%C3%AAu/%C3%81i-mai-tr%C3%BAc-di-Ng%C3%B4-D%C6%B0%C6%A1ng-%C4%90%C3%ACnh/poem--T2Ii5pJodtKyQNaq1Yq1Q,可愛還似予生來無奇巧,Chinese
https://www.thivien.net/Nguy%E1%BB%85n-V%C4%83n-Si%C3%AAu/%C3%81i-mai-tr%C3%BAc-di-Ng%C3%B4-D%C6%B0%C6%A1ng-%C4%90%C3%ACnh/poem--T2Ii5pJodtKyQNaq1Yq1Q,且去話同心踟躕南嶺道,Chinese
https://www.thivien.net/Nguy%E1%BB%85n-V%C4%83n-Si%C3%AAu/%E1%BA%A4t-D%E1%BA%ADu-ni%C3%AAn-tam-nguy%E1%BB%87t-th%E1%BA%ADp-c%E1%BB%ADu-nh%E1%BA%ADt-h%E1%BB%AFu-c%E1%BA%A3m/poem-YL1TToxoBFx2BbJw9u5pmQ,乙酉年三月十九日有感人心有邪正,Chinese
https://www.thivien.net/Nguy%E1%BB%85n-V%C4%83n-Si%C3%AAu/%E1%BA%A4t-D%E1%BA%ADu-ni%C3%AAn-tam-nguy%E1%BB%87t-th%E1%BA%ADp-c%E1%BB%ADu-nh%E1%BA%ADt-h%E1%BB%AFu-c%E1%BA%A3m/poem-YL1TToxoBFx2BbJw9u5pmQ,學術有是非,Chinese
https://www.thivien.net/Nguy%E1%BB%85n-V%C4%83n-Si%C3%AAu/%E1%BA%A4t-D%E1%BA%ADu-ni%C3%AAn-tam-nguy%E1%BB%87t-th%E1%BA%ADp-c%E1%BB%ADu-nh%E1%BA%ADt-h%E1%BB%AFu-c%E1%BA%A3m/poem-YL1TToxoBFx2BbJw9u5pmQ,異端矧不息,Chinese
https://www.thivien.net/Nguy%E1%BB%85n-V%C4%83n-Si%C3%AAu/%E1%BA%A4t-D%E1%BA%ADu-ni%C3%AAn-tam-nguy%E1%BB%87t-th%E1%BA%ADp-c%E1%BB%ADu-nh%E1%BA%ADt-h%E1%BB%AFu-c%E1%BA%A3m/poem-YL1TToxoBFx2BbJw9u5pmQ,義理又至微,Chinese
https://www.thivien.net/Nguy%E1%BB%85n-V%C4%83n-Si%C3%AAu/%E1%BA%A4t-D%E1%BA%ADu-ni%C3%AAn-tam-nguy%E1%BB%87t-th%E1%BA%ADp-c%E1%BB%ADu-nh%E1%BA%ADt-h%E1%BB%AFu-c%E1%BA%A3m/poem-YL1TToxoBFx2BbJw9u5pmQ,誰自一身處,Chinese
https://www.thivien.net/Nguy%E1%BB%85n-V%C4%83n-Si%C3%AAu/%E1%BA%A4t-D%E1%BA%ADu-ni%C3%AAn-tam-nguy%E1%BB%87t-th%E1%BA%ADp-c%E1%BB%ADu-nh%E1%BA%ADt-h%E1%BB%AFu-c%E1%BA%A3m/poem-YL1TToxoBFx2BbJw9u5pmQ,堪為學者依,Chinese
https://www.thivien.net/Nguy%E1%BB%85n-V%C4%83n-Si%C3%AAu/%E1%BA%A4t-D%E1%BA%ADu-ni%C3%AAn-tam-nguy%E1%BB%87t-th%E1%BA%ADp-c%E1%BB%ADu-nh%E1%BA%ADt-h%E1%BB%AFu-c%E1%BA%A3m/poem-YL1TToxoBFx2BbJw9u5pmQ,吾今失所準,Chinese
https://www.thivien.net/Nguy%E1%BB%85n-V%C4%83n-Si%C3%AAu/%E1%BA%A4t-D%E1%BA%ADu-ni%C3%AAn-tam-nguy%E1%BB%87t-th%E1%BA%ADp-c%E1%BB%ADu-nh%E1%BA%ADt-h%E1%BB%AFu-c%E1%BA%A3m/poem-YL1TToxoBFx2BbJw9u5pmQ,斯道將安歸,Chinese
https://www.thivien.net/Nguy%E1%BB%85n-V%C4%83n-Si%C3%AAu/An-S%C6%A1n-Ph%E1%BA%ADt-T%C3%ADch-s%C6%A1n-ho%C3%A0i-c%E1%BB%95/poem-aAZuq3IV51EkAdKsyrm0WQ,安山佛跡山懷古崚嶒山勢傲倉蒼,Chinese
https://www.thivien.net/Nguy%E1%BB%85n-V%C4%83n-Si%C3%AAu/An-S%C6%A1n-Ph%E1%BA%ADt-T%C3%ADch-s%C6%A1n-ho%C3%A0i-c%E1%BB%95/poem-aAZuq3IV51EkAdKsyrm0WQ,花草長留峒口香,Chinese
https://www.thivien.net/Nguy%E1%BB%85n-V%C4%83n-Si%C3%AAu/An-S%C6%A1n-Ph%E1%BA%ADt-T%C3%ADch-s%C6%A1n-ho%C3%A0i-c%E1%BB%95/poem-aAZuq3IV51EkAdKsyrm0WQ,生化相傳徐子事,Chinese
https://www.thivien.net/Nguy%E1%BB%85n-V%C4%83n-Si%C3%AAu/An-S%C6%A1n-Ph%E1%BA%ADt-T%C3%ADch-s%C6%A1n-ho%C3%A0i-c%E1%BB%95/poem-aAZuq3IV51EkAdKsyrm0WQ,有無誰辨李朝王,Chinese
https://www.thivien.net/Nguy%E1%BB%85n-V%C4%83n-Si%C3%AAu/An-S%C6%A1n-Ph%E1%BA%ADt-T%C3%ADch-s%C6%A1n-ho%C3%A0i-c%E1%BB%95/poem-aAZuq3IV51EkAdKsyrm0WQ,欲頹孤塔爭風雨,Chinese
https://www.thivien.net/Nguy%E1%BB%85n-V%C4%83n-Si%C3%AAu/An-S%C6%A1n-Ph%E1%BA%ADt-T%C3%ADch-s%C6%A1n-ho%C3%A0i-c%E1%BB%95/poem-aAZuq3IV51EkAdKsyrm0WQ,半踣殘碑證海桑,Chinese
https://www.thivien.net/Nguy%E1%BB%85n-V%C4%83n-Si%C3%AAu/An-S%C6%A1n-Ph%E1%BA%ADt-T%C3%ADch-s%C6%A1n-ho%C3%A0i-c%E1%BB%95/poem-aAZuq3IV51EkAdKsyrm0WQ,難與俗僧談往事,Chinese
https://www.thivien.net/Nguy%E1%BB%85n-V%C4%83n-Si%C3%AAu/An-S%C6%A1n-Ph%E1%BA%ADt-T%C3%ADch-s%C6%A1n-ho%C3%A0i-c%E1%BB%95/poem-aAZuq3IV51EkAdKsyrm0WQ,劫灰空稔舊池溏,Chinese
https://www.thivien.net/Nguy%E1%BB%85n-V%C4%83n-Si%C3%AAu/An-S%C6%A1n-huy%E1%BB%87n/poem-YokAO2ehgOhegxQIcfMh9g,安山縣斜日倚林轉,Chinese
https://www.thivien.net/Nguy%E1%BB%85n-V%C4%83n-Si%C3%AAu/An-S%C6%A1n-huy%E1%BB%87n/poem-YokAO2ehgOhegxQIcfMh9g,遊雲共鳥還,Chinese
https://www.thivien.net/Nguy%E1%BB%85n-V%C4%83n-Si%C3%AAu/An-S%C6%A1n-huy%E1%BB%87n/poem-YokAO2ehgOhegxQIcfMh9g,東風吹太急,Chinese
https://www.thivien.net/Nguy%E1%BB%85n-V%C4%83n-Si%C3%AAu/An-S%C6%A1n-huy%E1%BB%87n/poem-YokAO2ehgOhegxQIcfMh9g,雷雨不離山,Chinese
https://www.thivien.net/Ph%E1%BA%A1m-S%C6%B0-M%E1%BA%A1nh/%C3%81n-Thao-Giang-l%E1%BB%99/poem-kATsqBllq2Vg0XFMeBlstA,按洮江路關河萬里一征衫,Chinese
https://www.thivien.net/Ph%E1%BA%A1m-S%C6%B0-M%E1%BA%A1nh/%C3%81n-Thao-Giang-l%E1%BB%99/poem-kATsqBllq2Vg0XFMeBlstA,雨伯風師闢瘴嵐,Chinese
https://www.thivien.net/Ph%E1%BA%A1m-S%C6%B0-M%E1%BA%A1nh/%C3%81n-Thao-Giang-l%E1%BB%99/poem-kATsqBllq2Vg0XFMeBlstA,俗雜冉龐兼𤏡北,Chinese
https://www.thivien.net/Ph%E1%BA%A1m-S%C6%B0-M%E1%BA%A1nh/%C3%81n-Thao-Giang-l%E1%BB%99/poem-kATsqBllq2Vg0XFMeBlstA,地連鄯善與雲南,Chinese
https://www.thivien.net/Ph%E1%BA%A1m-S%C6%B0-M%E1%BA%A1nh/%C3%81n-Thao-Giang-l%E1%BB%99/poem-kATsqBllq2Vg0XFMeBlstA,丹心白髮天門九,Chinese
https://www.thivien.net/Ph%E1%BA%A1m-S%C6%B0-M%E1%BA%A1nh/%C3%81n-Thao-Giang-l%E1%BB%99/poem-kATsqBllq2Vg0XFMeBlstA,碧水青山邊郡三,Chinese
https://www.thivien.net/Ph%E1%BA%A1m-S%C6%B0-M%E1%BA%A1nh/%C3%81n-Thao-Giang-l%E1%BB%99/poem-kATsqBllq2Vg0XFMeBlstA,我為朝庭訪民瘼,Chinese
https://www.thivien.net/Ph%E1%BA%A1m-S%C6%B0-M%E1%BA%A1nh/%C3%81n-Thao-Giang-l%E1%BB%99/poem-kATsqBllq2Vg0XFMeBlstA,剗除蠹弊革奸貪,Chinese
https://www.thivien.net/Ph%E1%BA%A1m-V%C4%83n-Ngh%E1%BB%8B-I/An-D%C6%B0%C6%A1ng-V%C6%B0%C6%A1ng-mi%E1%BA%BFu/poem-nmj1JpADw6UepPPLUfUUtg,安陽王廟螺城已矣江山古,Chinese
https://www.thivien.net/Ph%E1%BA%A1m-V%C4%83n-Ngh%E1%BB%8B-I/An-D%C6%B0%C6%A1ng-V%C6%B0%C6%A1ng-mi%E1%BA%BFu/poem-nmj1JpADw6UepPPLUfUUtg,夜嶺依然廟宇新,Chinese
https://www.thivien.net/Ph%E1%BA%A1m-V%C4%83n-Ngh%E1%BB%8B-I/An-D%C6%B0%C6%A1ng-V%C6%B0%C6%A1ng-mi%E1%BA%BFu/poem-nmj1JpADw6UepPPLUfUUtg,靈雀至今猶顯異,Chinese
https://www.thivien.net/Ph%E1%BA%A1m-V%C4%83n-Ngh%E1%BB%8B-I/An-D%C6%B0%C6%A1ng-V%C6%B0%C6%A1ng-mi%E1%BA%BFu/poem-nmj1JpADw6UepPPLUfUUtg,當初龜爪屬何人,Chinese
https://www.thivien.net/Phan-Huy-%C3%8Dch/%E1%BA%A4t-M%C3%A3o-xu%C3%A2n-%C4%91%C3%A1n-s%C6%A1n-gia-k%E1%BB%B7-h%E1%BB%A9ng/poem-BeEoiLfjuVUO0O1mgEWGlA,乙卯春旦山家紀興萬彙韶芳報歲華,Chinese
https://www.thivien.net/Phan-Huy-%C3%8Dch/%E1%BA%A4t-M%C3%A3o-xu%C3%A2n-%C4%91%C3%A1n-s%C6%A1n-gia-k%E1%BB%B7-h%E1%BB%A9ng/poem-BeEoiLfjuVUO0O1mgEWGlA,行旌遙指故山家,Chinese
https://www.thivien.net/Phan-Huy-%C3%8Dch/%E1%BA%A4t-M%C3%A3o-xu%C3%A2n-%C4%91%C3%A1n-s%C6%A1n-gia-k%E1%BB%B7-h%E1%BB%A9ng/poem-BeEoiLfjuVUO0O1mgEWGlA,肅瞻廟祀陳春酒,Chinese
https://www.thivien.net/Phan-Huy-%C3%8Dch/%E1%BA%A4t-M%C3%A3o-xu%C3%A2n-%C4%91%C3%A1n-s%C6%A1n-gia-k%E1%BB%B7-h%E1%BB%A9ng/poem-BeEoiLfjuVUO0O1mgEWGlA,遍訪鄉亭向佛伽,Chinese
https://www.thivien.net/Phan-Huy-%C3%8Dch/%E1%BA%A4t-M%C3%A3o-xu%C3%A2n-%C4%91%C3%A1n-s%C6%A1n-gia-k%E1%BB%B7-h%E1%BB%A9ng/poem-BeEoiLfjuVUO0O1mgEWGlA,老少歡愉同侑席,Chinese
https://www.thivien.net/Phan-Huy-%C3%8Dch/%E1%BA%A4t-M%C3%A3o-xu%C3%A2n-%C4%91%C3%A1n-s%C6%A1n-gia-k%E1%BB%B7-h%E1%BB%A9ng/poem-BeEoiLfjuVUO0O1mgEWGlA,兒童嘻笑邇隨車,Chinese
https://www.thivien.net/Phan-Huy-%C3%8Dch/%E1%BA%A4t-M%C3%A3o-xu%C3%A2n-%C4%91%C3%A1n-s%C6%A1n-gia-k%E1%BB%B7-h%E1%BB%A9ng/poem-BeEoiLfjuVUO0O1mgEWGlA,偷閒最愛千金刻,Chinese
https://www.thivien.net/Phan-Huy-%C3%8Dch/%E1%BA%A4t-M%C3%A3o-xu%C3%A2n-%C4%91%C3%A1n-s%C6%A1n-gia-k%E1%BB%B7-h%E1%BB%A9ng/poem-BeEoiLfjuVUO0O1mgEWGlA,燦爛巖扃曉暮霞,Chinese
https://www.thivien.net/Phan-Huy-%C3%8Dch/%E1%BA%A4t-M%C3%B9i-xu%C3%A2n-v%C4%83n-v%C6%B0%C6%A1ng-s%C6%B0-ti%E1%BA%BFn-kh%E1%BA%AFc-Ph%C3%BA-Xu%C3%A2n-th%C3%A0nh-ng%E1%BA%ABu-ph%C3%BA/poem-gpq_AzU2zRcJ40DTgZ43iQ,乙未春,Chinese
https://www.thivien.net/Phan-Huy-%C3%8Dch/%E1%BA%A4t-M%C3%B9i-xu%C3%A2n-v%C4%83n-v%C6%B0%C6%A1ng-s%C6%B0-ti%E1%BA%BFn-kh%E1%BA%AFc-Ph%C3%BA-Xu%C3%A2n-th%C3%A0nh-ng%E1%BA%ABu-ph%C3%BA/poem-gpq_AzU2zRcJ40DTgZ43iQ,聞王師進克富春城偶賦枕嶺襟江擁巨州,Chinese
https://www.thivien.net/Phan-Huy-%C3%8Dch/%E1%BA%A4t-M%C3%B9i-xu%C3%A2n-v%C4%83n-v%C6%B0%C6%A1ng-s%C6%B0-ti%E1%BA%BFn-kh%E1%BA%AFc-Ph%C3%BA-Xu%C3%A2n-th%C3%A0nh-ng%E1%BA%ABu-ph%C3%BA/poem-gpq_AzU2zRcJ40DTgZ43iQ,哩烏形勢此兼收,Chinese
https://www.thivien.net/Phan-Huy-%C3%8Dch/%E1%BA%A4t-M%C3%B9i-xu%C3%A2n-v%C4%83n-v%C6%B0%C6%A1ng-s%C6%B0-ti%E1%BA%BFn-kh%E1%BA%AFc-Ph%C3%BA-Xu%C3%A2n-th%C3%A0nh-ng%E1%BA%ABu-ph%C3%BA/poem-gpq_AzU2zRcJ40DTgZ43iQ,英雄啟宇偷天末,Chinese
https://www.thivien.net/Phan-Huy-%C3%8Dch/%E1%BA%A4t-M%C3%B9i-xu%C3%A2n-v%C4%83n-v%C6%B0%C6%A1ng-s%C6%B0-ti%E1%BA%BFn-kh%E1%BA%AFc-Ph%C3%BA-Xu%C3%A2n-th%C3%A0nh-ng%E1%BA%ABu-ph%C3%BA/poem-gpq_AzU2zRcJ40DTgZ43iQ,戅駭承家棄地頭,Chinese
https://www.thivien.net/Phan-Huy-%C3%8Dch/%E1%BA%A4t-M%C3%B9i-xu%C3%A2n-v%C4%83n-v%C6%B0%C6%A1ng-s%C6%B0-ti%E1%BA%BFn-kh%E1%BA%AFc-Ph%C3%BA-Xu%C3%A2n-th%C3%A0nh-ng%E1%BA%ABu-ph%C3%BA/poem-gpq_AzU2zRcJ40DTgZ43iQ,海國輿圖旋混合,Chinese
https://www.thivien.net/Phan-Huy-%C3%8Dch/%E1%BA%A4t-M%C3%B9i-xu%C3%A2n-v%C4%83n-v%C6%B0%C6%A1ng-s%C6%B0-ti%E1%BA%BFn-kh%E1%BA%AFc-Ph%C3%BA-Xu%C3%A2n-th%C3%A0nh-ng%E1%BA%ABu-ph%C3%BA/poem-gpq_AzU2zRcJ40DTgZ43iQ,王朝聲教正周流,Chinese
https://www.thivien.net/Phan-Huy-%C3%8Dch/%E1%BA%A4t-M%C3%B9i-xu%C3%A2n-v%C4%83n-v%C6%B0%C6%A1ng-s%C6%B0-ti%E1%BA%BFn-kh%E1%BA%AFc-Ph%C3%BA-Xu%C3%A2n-th%C3%A0nh-ng%E1%BA%ABu-ph%C3%BA/poem-gpq_AzU2zRcJ40DTgZ43iQ,隘雲南入皆遺壤,Chinese
https://www.thivien.net/Phan-Huy-%C3%8Dch/%E1%BA%A4t-M%C3%B9i-xu%C3%A2n-v%C4%83n-v%C6%B0%C6%A1ng-s%C6%B0-ti%E1%BA%BFn-kh%E1%BA%AFc-Ph%C3%BA-Xu%C3%A2n-th%C3%A0nh-ng%E1%BA%ABu-ph%C3%BA/poem-gpq_AzU2zRcJ40DTgZ43iQ,會睹戎旙指顧秋,Chinese
https://www.thivien.net/Phan-Huy-Th%E1%BB%B1c/%C3%82n-th%C3%A1i-s%C6%B0-T%E1%BB%89-Can-mi%E1%BA%BFu-m%E1%BB%99/poem-XdKxdkkR-GV4YjCfahEeXw,殷太師比干廟墓眼前商果十分黃,Chinese
https://www.thivien.net/Phan-Huy-Th%E1%BB%B1c/%C3%82n-th%C3%A1i-s%C6%B0-T%E1%BB%89-Can-mi%E1%BA%BFu-m%E1%BB%99/poem-XdKxdkkR-GV4YjCfahEeXw,次第仁人且遯狂,Chinese
https://www.thivien.net/Phan-Huy-Th%E1%BB%B1c/%C3%82n-th%C3%A1i-s%C6%B0-T%E1%BB%89-Can-mi%E1%BA%BFu-m%E1%BB%99/poem-XdKxdkkR-GV4YjCfahEeXw,故國有懷愚可諫,Chinese
https://www.thivien.net/Phan-Huy-Th%E1%BB%B1c/%C3%82n-th%C3%A1i-s%C6%B0-T%E1%BB%89-Can-mi%E1%BA%BFu-m%E1%BB%99/poem-XdKxdkkR-GV4YjCfahEeXw,此心無愧剖何妨,Chinese
https://www.thivien.net/Phan-Huy-Th%E1%BB%B1c/%C3%82n-th%C3%A1i-s%C6%B0-T%E1%BB%89-Can-mi%E1%BA%BFu-m%E1%BB%99/poem-XdKxdkkR-GV4YjCfahEeXw,孟津省識崇朝會,Chinese
https://www.thivien.net/Phan-Huy-Th%E1%BB%B1c/%C3%82n-th%C3%A1i-s%C6%B0-T%E1%BB%89-Can-mi%E1%BA%BFu-m%E1%BB%99/poem-XdKxdkkR-GV4YjCfahEeXw,殷土甘從七作王,Chinese
https://www.thivien.net/Phan-Huy-Th%E1%BB%B1c/%C3%82n-th%C3%A1i-s%C6%B0-T%E1%BB%89-Can-mi%E1%BA%BFu-m%E1%BB%99/poem-XdKxdkkR-GV4YjCfahEeXw,臣節昭昭爭烈日,Chinese
https://www.thivien.net/Phan-Huy-Th%E1%BB%B1c/%C3%82n-th%C3%A1i-s%C6%B0-T%E1%BB%89-Can-mi%E1%BA%BFu-m%E1%BB%99/poem-XdKxdkkR-GV4YjCfahEeXw,阿誠鹵莽別忠良,Chinese
https://www.thivien.net/Phan-Huy-Th%E1%BB%B1c/%C3%82n-tri%E1%BB%81u-l%E1%BB%A5c-th%E1%BA%A5t-th%C3%A1nh-hi%E1%BB%81n-qu%C3%A2n-c%E1%BB%91-%C4%91%C3%B4/poem-KDxOgKAXpzTyzpi3yLLitw,殷朝六七聖賢君故都殷朝碑碣倚城頭,Chinese
https://www.thivien.net/Phan-Huy-Th%E1%BB%B1c/%C3%82n-tri%E1%BB%81u-l%E1%BB%A5c-th%E1%BA%A5t-th%C3%A1nh-hi%E1%BB%81n-qu%C3%A2n-c%E1%BB%91-%C4%91%C3%B4/poem-KDxOgKAXpzTyzpi3yLLitw,賢聖遺蹤萬古留,Chinese
https://www.thivien.net/Phan-Huy-Th%E1%BB%B1c/%C3%82n-tri%E1%BB%81u-l%E1%BB%A5c-th%E1%BA%A5t-th%C3%A1nh-hi%E1%BB%81n-qu%C3%A2n-c%E1%BB%91-%C4%91%C3%B4/poem-KDxOgKAXpzTyzpi3yLLitw,表表哲王昭配澤,Chinese
https://www.thivien.net/Phan-Huy-Th%E1%BB%B1c/%C3%82n-tri%E1%BB%81u-l%E1%BB%A5c-th%E1%BA%A5t-th%C3%A1nh-hi%E1%BB%81n-qu%C3%A2n-c%E1%BB%91-%C4%91%C3%B4/poem-KDxOgKAXpzTyzpi3yLLitw,依依來史播徽猷,Chinese
https://www.thivien.net/Phan-Huy-Th%E1%BB%B1c/%C3%82n-tri%E1%BB%81u-l%E1%BB%A5c-th%E1%BA%A5t-th%C3%A1nh-hi%E1%BB%81n-qu%C3%A2n-c%E1%BB%91-%C4%91%C3%B4/poem-KDxOgKAXpzTyzpi3yLLitw,暴殘經過獨夫受,Chinese
https://www.thivien.net/Phan-Huy-Th%E1%BB%B1c/%C3%82n-tri%E1%BB%81u-l%E1%BB%A5c-th%E1%BA%A5t-th%C3%A1nh-hi%E1%BB%81n-qu%C3%A2n-c%E1%BB%91-%C4%91%C3%B4/poem-KDxOgKAXpzTyzpi3yLLitw,思慕猶勞三紀周,Chinese
https://www.thivien.net/Phan-Huy-Th%E1%BB%B1c/%C3%82n-tri%E1%BB%81u-l%E1%BB%A5c-th%E1%BA%A5t-th%C3%A1nh-hi%E1%BB%81n-qu%C3%A2n-c%E1%BB%91-%C4%91%C3%B4/poem-KDxOgKAXpzTyzpi3yLLitw,更有仁人祠屋在,Chinese
https://www.thivien.net/Phan-Huy-Th%E1%BB%B1c/%C3%82n-tri%E1%BB%81u-l%E1%BB%A5c-th%E1%BA%A5t-th%C3%A1nh-hi%E1%BB%81n-qu%C3%A2n-c%E1%BB%91-%C4%91%C3%B4/poem-KDxOgKAXpzTyzpi3yLLitw,流風餘韻悵悠悠,Chinese
https://www.thivien.net/Phan-V%C4%83n-%C3%81i/Tang-th%C6%B0%C6%A1ng-ng%E1%BA%ABu-l%E1%BB%A5c-%C4%91%E1%BB%81-h%E1%BA%ADu/poem-cq8euUvmyOK2GUVj1f-stg,桑滄偶錄題後坐策興亡一愴然,Chinese
https://www.thivien.net/Phan-V%C4%83n-%C3%81i/Tang-th%C6%B0%C6%A1ng-ng%E1%BA%ABu-l%E1%BB%A5c-%C4%91%E1%BB%81-h%E1%BA%ADu/poem-cq8euUvmyOK2GUVj1f-stg,無窮人世奈何天,Chinese
https://www.thivien.net/Phan-V%C4%83n-%C3%81i/Tang-th%C6%B0%C6%A1ng-ng%E1%BA%ABu-l%E1%BB%A5c-%C4%91%E1%BB%81-h%E1%BA%ADu/poem-cq8euUvmyOK2GUVj1f-stg,鄭黎自作離膏蟹,Chinese
https://www.thivien.net/Phan-V%C4%83n-%C3%81i/Tang-th%C6%B0%C6%A1ng-ng%E1%BA%ABu-l%E1%BB%A5c-%C4%91%E1%BB%81-h%E1%BA%ADu/poem-cq8euUvmyOK2GUVj1f-stg,岳惠爭誇得腐鳶,Chinese
https://www.thivien.net/Phan-V%C4%83n-%C3%81i/Tang-th%C6%B0%C6%A1ng-ng%E1%BA%ABu-l%E1%BB%A5c-%C4%91%E1%BB%81-h%E1%BA%ADu/poem-cq8euUvmyOK2GUVj1f-stg,切齒烏南鵬郡劍,Chinese
https://www.thivien.net/Phan-V%C4%83n-%C3%81i/Tang-th%C6%B0%C6%A1ng-ng%E1%BA%ABu-l%E1%BB%A5c-%C4%91%E1%BB%81-h%E1%BA%ADu/poem-cq8euUvmyOK2GUVj1f-stg,傷心燕北馬僮甎,Chinese
https://www.thivien.net/Phan-V%C4%83n-%C3%81i/Tang-th%C6%B0%C6%A1ng-ng%E1%BA%ABu-l%E1%BB%A5c-%C4%91%E1%BB%81-h%E1%BA%ADu/poem-cq8euUvmyOK2GUVj1f-stg,那堪讀竟桑滄傳,Chinese
https://www.thivien.net/Phan-V%C4%83n-%C3%81i/Tang-th%C6%B0%C6%A1ng-ng%E1%BA%ABu-l%E1%BB%A5c-%C4%91%E1%BB%81-h%E1%BA%ADu/poem-cq8euUvmyOK2GUVj1f-stg,此日還今又百年,Chinese
https://www.thivien.net/Th%C3%A1i-Thu%E1%BA%ADn/%E1%BA%A8n-gi%E1%BA%A3/poem-Z1S9KucXHucaFAlcHHXMcw,隱者往來蹤跡倦紅塵,Chinese
https://www.thivien.net/Th%C3%A1i-Thu%E1%BA%ADn/%E1%BA%A8n-gi%E1%BA%A3/poem-Z1S9KucXHucaFAlcHHXMcw,占斷林泉作十人,Chinese
https://www.thivien.net/Th%C3%A1i-Thu%E1%BA%ADn/%E1%BA%A8n-gi%E1%BA%A3/poem-Z1S9KucXHucaFAlcHHXMcw,景有山川花是客,Chinese
https://www.thivien.net/Th%C3%A1i-Thu%E1%BA%ADn/%E1%BA%A8n-gi%E1%BA%A3/poem-Z1S9KucXHucaFAlcHHXMcw,門無車馬草常春,Chinese
https://www.thivien.net/Th%C3%A1i-Thu%E1%BA%ADn/%E1%BA%A8n-gi%E1%BA%A3/poem-Z1S9KucXHucaFAlcHHXMcw,桐江釣月忘歸漢,Chinese
https://www.thivien.net/Th%C3%A1i-Thu%E1%BA%ADn/%E1%BA%A8n-gi%E1%BA%A3/poem-Z1S9KucXHucaFAlcHHXMcw,芝嶺耕雲樂去秦,Chinese
https://www.thivien.net/Th%C3%A1i-Thu%E1%BA%ADn/%E1%BA%A8n-gi%E1%BA%A3/poem-Z1S9KucXHucaFAlcHHXMcw,卻羨陶朱興越日,Chinese
https://www.thivien.net/Th%C3%A1i-Thu%E1%BA%ADn/%E1%BA%A8n-gi%E1%BA%A3/poem-Z1S9KucXHucaFAlcHHXMcw,五湖煙水一閒身,Chinese
https://www.thivien.net/Tr%E1%BA%A7n-B%C3%ADch-San/An-D%C6%B0%C6%A1ng-V%C6%B0%C6%A1ng/poem-Z4iIZJ1qb42Hg4O9DYeVvg,安陽王甌貉基圖屬趙王,Chinese
https://www.thivien.net/Tr%E1%BA%A7n-B%C3%ADch-San/An-D%C6%B0%C6%A1ng-V%C6%B0%C6%A1ng/poem-Z4iIZJ1qb42Hg4O9DYeVvg,可憐枉殺媚珠娘,Chinese
https://www.thivien.net/Tr%E1%BA%A7n-B%C3%ADch-San/An-D%C6%B0%C6%A1ng-V%C6%B0%C6%A1ng/poem-Z4iIZJ1qb42Hg4O9DYeVvg,靈光何日機先去,Chinese
https://www.thivien.net/Tr%E1%BA%A7n-B%C3%ADch-San/An-D%C6%B0%C6%A1ng-V%C6%B0%C6%A1ng/poem-Z4iIZJ1qb42Hg4O9DYeVvg,王子當年局未殘,Chinese
https://www.thivien.net/Tr%E1%BB%8Bnh-Ho%C3%A0i-%C4%90%E1%BB%A9c/Anh-V%C5%A9-ch%C3%A2u/poem-a9Y2hmEsd1lJvx2YoypyyQ,鸚鵡洲黃鶴樓南鸚鵡洲,Chinese
https://www.thivien.net/Tr%E1%BB%8Bnh-Ho%C3%A0i-%C4%90%E1%BB%A9c/Anh-V%C5%A9-ch%C3%A2u/poem-a9Y2hmEsd1lJvx2YoypyyQ,蕭森煙景入清流,Chinese
https://www.thivien.net/Tr%E1%BB%8Bnh-Ho%C3%A0i-%C4%90%E1%BB%A9c/Anh-V%C5%A9-ch%C3%A2u/poem-a9Y2hmEsd1lJvx2YoypyyQ,綠蘋燠帶春眠塢,Chinese
https://www.thivien.net/Tr%E1%BB%8Bnh-Ho%C3%A0i-%C4%90%E1%BB%A9c/Anh-V%C5%A9-ch%C3%A2u/poem-a9Y2hmEsd1lJvx2YoypyyQ,紅豆香餘晚啄秋,Chinese
https://www.thivien.net/Tr%E1%BB%8Bnh-Ho%C3%A0i-%C4%90%E1%BB%A9c/Anh-V%C5%A9-ch%C3%A2u/poem-a9Y2hmEsd1lJvx2YoypyyQ,魏武心勞身自辱,Chinese
https://www.thivien.net/Tr%E1%BB%8Bnh-Ho%C3%A0i-%C4%90%E1%BB%A9c/Anh-V%C5%A9-ch%C3%A2u/poem-a9Y2hmEsd1lJvx2YoypyyQ,正平才逸世難投,Chinese
https://www.thivien.net/Tr%E1%BB%8Bnh-Ho%C3%A0i-%C4%90%E1%BB%A9c/Anh-V%C5%A9-ch%C3%A2u/poem-a9Y2hmEsd1lJvx2YoypyyQ,停槎細與居人道,Chinese
https://www.thivien.net/Tr%E1%BB%8Bnh-Ho%C3%A0i-%C4%90%E1%BB%A9c/Anh-V%C5%A9-ch%C3%A2u/poem-a9Y2hmEsd1lJvx2YoypyyQ,莫鼓漁陽草木愁,Chinese
https://www.thivien.net/Tu%E1%BB%87-Trung-th%C6%B0%E1%BB%A3ng-s%C4%A9/An-%C4%91%E1%BB%8Bnh-th%E1%BB%9Di-ti%E1%BA%BFt/poem-OqiBOy3rerqe9jxmshpjUQ,安定時節生死由來罷問程,Chinese
https://www.thivien.net/Tu%E1%BB%87-Trung-th%C6%B0%E1%BB%A3ng-s%C4%A9/An-%C4%91%E1%BB%8Bnh-th%E1%BB%9Di-ti%E1%BA%BFt/poem-OqiBOy3rerqe9jxmshpjUQ,因緣時節自然成,Chinese
https://www.thivien.net/Tu%E1%BB%87-Trung-th%C6%B0%E1%BB%A3ng-s%C4%A9/An-%C4%91%E1%BB%8Bnh-th%E1%BB%9Di-ti%E1%BA%BFt/poem-OqiBOy3rerqe9jxmshpjUQ,山雲也有出山勢,Chinese
https://www.thivien.net/Tu%E1%BB%87-Trung-th%C6%B0%E1%BB%A3ng-s%C4%A9/An-%C4%91%E1%BB%8Bnh-th%E1%BB%9Di-ti%E1%BA%BFt/poem-OqiBOy3rerqe9jxmshpjUQ,澗水終無投澗聲,Chinese
https://www.thivien.net/Tu%E1%BB%87-Trung-th%C6%B0%E1%BB%A3ng-s%C4%A9/An-%C4%91%E1%BB%8Bnh-th%E1%BB%9Di-ti%E1%BA%BFt/poem-OqiBOy3rerqe9jxmshpjUQ,歲歲花隨三月笑,Chinese
https://www.thivien.net/Tu%E1%BB%87-Trung-th%C6%B0%E1%BB%A3ng-s%C4%A9/An-%C4%91%E1%BB%8Bnh-th%E1%BB%9Di-ti%E1%BA%BFt/poem-OqiBOy3rerqe9jxmshpjUQ,朝朝雞向五更鳴,Chinese
https://www.thivien.net/Tu%E1%BB%87-Trung-th%C6%B0%E1%BB%A3ng-s%C4%A9/An-%C4%91%E1%BB%8Bnh-th%E1%BB%9Di-ti%E1%BA%BFt/poem-OqiBOy3rerqe9jxmshpjUQ,阿誰會得娘生面,Chinese
https://www.thivien.net/Tu%E1%BB%87-Trung-th%C6%B0%E1%BB%A3ng-s%C4%A9/An-%C4%91%E1%BB%8Bnh-th%E1%BB%9Di-ti%E1%BA%BFt/poem-OqiBOy3rerqe9jxmshpjUQ,始信人天總假名,Chinese
https://www.thivien.net/V%C5%A9-Ph%E1%BA%A1m-Kh%E1%BA%A3i/%E1%BA%A8m-%C4%91%E1%BA%A1o/poem-erI2KrBBBujJa-e9YTSHQQ,飲醻橫秋雁帶片雲還,Chinese
https://www.thivien.net/V%C5%A9-Ph%E1%BA%A1m-Kh%E1%BA%A3i/%E1%BA%A8m-%C4%91%E1%BA%A1o/poem-erI2KrBBBujJa-e9YTSHQQ,京洛重逢鬢共班,Chinese
https://www.thivien.net/V%C5%A9-Ph%E1%BA%A1m-Kh%E1%BA%A3i/%E1%BA%A8m-%C4%91%E1%BA%A1o/poem-erI2KrBBBujJa-e9YTSHQQ,啣結同心應自信,Chinese
https://www.thivien.net/V%C5%A9-Ph%E1%BA%A1m-Kh%E1%BA%A3i/%E1%BA%A8m-%C4%91%E1%BA%A1o/poem-erI2KrBBBujJa-e9YTSHQQ,雌黄隨口更何關,Chinese
https://www.thivien.net/V%C5%A9-Ph%E1%BA%A1m-Kh%E1%BA%A3i/%E1%BA%A8m-%C4%91%E1%BA%A1o/poem-erI2KrBBBujJa-e9YTSHQQ,世多愛老還憎老,Chinese
https://www.thivien.net/V%C5%A9-Ph%E1%BA%A1m-Kh%E1%BA%A3i/%E1%BA%A8m-%C4%91%E1%BA%A1o/poem-erI2KrBBBujJa-e9YTSHQQ,人每偷閑却厭閑,Chinese
https://www.thivien.net/V%C5%A9-Ph%E1%BA%A1m-Kh%E1%BA%A3i/%E1%BA%A8m-%C4%91%E1%BA%A1o/poem-erI2KrBBBujJa-e9YTSHQQ,指日戎塵空北塞,Chinese
https://www.thivien.net/V%C5%A9-Ph%E1%BA%A1m-Kh%E1%BA%A3i/%E1%BA%A8m-%C4%91%E1%BA%A1o/poem-erI2KrBBBujJa-e9YTSHQQ,醉携彭澤上南山,Chinese
loi-nguyen-tam-quyet.no.txt,唎願心決,Nom
loi-nguyen-tam-quyet.no.txt,碎羅琵丘釋廣德住持廚觀世音富潤嘉定認𧡊佛教渃茹當𣅶迎𫤋,Nom
loi-nguyen-tam-quyet.no.txt,碎羅沒修仕命名羅長子𧵑如来空𥙪㨿𡓮恬然坐視底朱佛教消忘𢧚碎𢝙𨤔發願燒身假暫呢供養諸佛底回向功德保存佛教,Nom
loi-nguyen-tam-quyet.no.txt,蒙恩𨒒方諸佛諸大德僧尼證明朱碎達成志願如𡢐沒羅蒙恩佛𡗶加護朱總統吳庭燄𤎜焠執認𠄼願望最少𧵑佛教越南記𥪝版宣吿,Nom
loi-nguyen-tam-quyet.no.txt,𠄩羅𢘾恩佛慈悲加護朱佛教越南特長存不滅𠀧羅蒙𢘾洪恩德佛加護朱諸大德僧尼佛子越南諍塊災難恐佈扒咟緘𨆓𧵑仉姦惡,Nom
loi-nguyen-tam-quyet.no.txt,𦊚羅求願朱坦渃清平國民安樂,Nom
loi-nguyen-tam-quyet.no.txt,𠓀欺𥄮眜𧗱境佛碎珍重敬𢭮唎朱總統吳庭燄𢧚𥙩𢚸博愛慈悲對唄國民調施行政册平等宗教底渃茹稱宴𨷈𣇫碎窃他呌噲諸大德僧尼佛子𢧚團結一智犧牲底保存佛教,Nom
loi-nguyen-tam-quyet.no.txt,南無阿彌陀佛,Nom
loi-nguyen-tam-quyet.no.txt,爫在廚印光𣈜𦊚𣎃𦒹𢆥沒𠦳𠃩𤾓𦒹𨒒𠀧,Nom
loi-nguyen-tam-quyet.no.txt,琵丘釋廣德手記,Nom
luc-van-tien-full.no.txt,民浪小子󰑼昆咍󰑼𠬠屡山󰉟蹺些仙浪拠事爫牢吀柴𡮇㐌仕𢭂𠬠𢈱民𦖑㗂呐請台呌蹺𨅸吏𤑟𢈱分戈䜹浪固党娄󰑼𠸜󰑼杜預号󰑼風來𥱱饒扵准山󰉟𠊛調𢜝奴固才坤當悲徐都𠖈本鄕𧡊昆𡛔卒戈塘扒𠫾𥪝廊󰝸敢呐之感傷𠄩婍女兒縸𮥷昆埃䏧玉𠇮鐄𦟐桃眉󰳀容顔冷㳥𠲖欺及党行凶枉荘淑女生󰠃匹夫崔匕渚呵呐𥹰𧼋𠫾朱塊矯敺細󰳁雲仙浽陣雷霆哙探屡奴群仃尼芇碎吀𦋦飭英豪枚𠊛朱塊劳刀貝尼民浪屡奴群低戈䀡󰘚倍踈兮㐌仃𠲖欺𪽗虎不成欺空𠇮吏墫𠇮𠓨𡎟雲仙𨅸吏边塘𢯏核爫梞祍𠦳𧼋無呌浪唉党凶徒渚涓退与模糊害民風來󰘚䚂𤇊匕繩芇麻敢礼凌𠓨低畧掑𭛣与在眉傳軍𦊚費補𡆫䈟蓬云仙左突右衝恪芇趙子越󰑍当阳娄󰑼𦊚費𡲤散調挄劍敎𦋦塘𧼋𦖑風來庄及阻𢬣被仙梞𠖈払𣈙𠇮亡折耒屡蜆排螉哙埃嘆哭扵冲車尼䜹浪碎寔𠊛𬆄沙机𢧚買林𢬣凶徒冲車質合苦無敢䜹埃妬救姑碎󰠃云仙𦖑呐動𢚸𣈜󰅒些㐌除𣳔娄󰑼寬寬𡎢妬渚𦋦娘󰑼分𡛔些󰑼分𤳇小姐昆𡛔茄埃𠫾兜𢧚浽芒灾不期󰝸咍𠸜户󰑼之閨卿分妬役之細低畧𡢐渚旱肔尼𠄩娘埃伵埃柴呐𦋦䜹浪碎矯月娥尼昆婢膝𠸜󰑼金連圭茄扵郡西川吒爫知府𡎢沔河溪差軍󰝡幅书𧗱逴碎戈妬定皮宜家爫昆兜敢改吒󰂇油𠦳淡塘車拱仃󰝸咍󰑼事不平別𡆫催固上程爫之臨危󰝸及解危節𤾓𫷜拱補迻𠬠回畧車君子暫𡎢嗔朱賤妾𥛉耒仕分河溪戈妬拱𧵆嗔蹺拱妾𡊰恩朱払﨤低当𣅶𡨌塘𧵑錢󰝸固泊鐄拱空汝句報德酬功𥙩之朱匪󰌵𢚸󰠃𤽗云仙𦖑呐𠴡唭爫恩呵易徐𠊛者恩󰅒它𤑟鄧源干芇埃併寔推欣爫之汝句見󰒂不爲𠊛𠁀𦍛意是非𮎦雄妬它別𡦂始終呂󰑼些沛蹺󰠃爫之月娥別意󰝸𠫾哙戈𠸜户𠬠欺朱詳䜹浪便妾𠫾塘󰝸咍君子圭鄕尼芇𦖻𦖑㗂呐請台云仙包𦬑𢚸芇配波東城本寔圭茄户󰑼陸氏𠸜󰑼云仙月娥本𨅸嬋娟𦖻𦖑𢈱呐𢬣連𢭂簪䜹浪󰅒﨤知音嗔迻𠬠物底扲爫信云仙仰󰘚󰝸𥆾月娥𥆁𧡊𥆁辰󰞺那物之𠬠𡮇哙󰑼妾䜹渚一払它爫魚𧵑尼󰑼𧵑沕爲𢚸吱拱沛󰘚魚牢仃云仙苦浽爫清𡦂恩󰑼󰒂𡦂情󰑼𦀊嘆浪妬窖嘹低恩箕㐌買𧵑尼𢭂朗当欺﨤𡂂𡨌塘𠬠𢈱嗔汝𠦳鐄󰝸差汝勾重󰒂輕財芇埃𠹾𥙩𧵑埃爫之䜹浪碎分女兒本渚別氏固欺覔𢚸埃𪟽𨅸󰘚𮎦雄𧡊簪催吏𢢆󰠃丐簪嘆浪簪咳󰑼簪㐌無縁闭埃扲麻嘛迻簪払㐌爫魚妾嗔爫𠬠排书謝辞云仙𥄭吏𢚸唹爫詩朱急𠬠徐渚𥹰月娥應㗂吀侯𠖈𢬣卞曰糁句𠄼韻詩浪前恩思报念徘徊爱述一詩爲贈來字匕長情新笔寫言匕厚意錦雲𫔭金簮雖貴輕由葉大󰒂深𢙇重萬杯從此願君爭甲第妾看馬上錦衣囬詩耒尼妾吀𤼸仰𬂙量𢌌文人󰡫芇云仙䀡𧡊喭敖埃咍飭𡛔才髙幅尼㐌毛麻吏添咍󰝸畨宋玉拱󰟴西詩汝句愈出愈奇埃咍才𡛔劍夷才𤳆如𡆫埃易收埃云仙和吏𠬠排𢭂𦋦詩浪排徊相別執󰡞盃敢曰施恩望報哉重󰒂数言髙唱入叙情一幅和𰙔來币𫎇既𡴯隨享達日月長流用去囬軫重個中無別語天長地久永相𢙇䀡詩買別𧵆賖枚和韻𫠓匕和韻枚塘賖審匕興𢙇塘賖審匕淡𨱽潙匕埃匕拱扵𥪝𡗶﨤饒𢈱㐌𣴓𢈱辰傕云仙辞謝返囬月娥嘆哭情喂󰑼情𢪀𠇮麻喭朱𠇮浽恩渚呂浽情吏芒󰠱泥𠄩𡦂鴛鴦叛愁埃窖问王𠓨𢚸𠳿󰠃月老絲紅𤾓𠄼朱論𡦂從貝安有情之闭牛𬞕𬌓𢚸娥女爲払麻迎傕匕㛪唉金連𠖰車朱姉戈沔河溪󰠵戈𨁪𤟛塘羝𪀄呌猿唿𦊚皮渃𡽫拜𡗶吀鄧󱓨𧷺𤾓𠄼朱援𢚸崙󰠃払丿兜㐌細府堂矯公䀡𧡊𢚸強生𪟽哙浪芇𥘷过兒故牢𢧚浽昆𠫾𠬠𠇮月娥踈𭛣前程矯公𦖑呐事情庒盃月娥胣唉嵬匕𢪀隊杆吏𣳔涞隊杆劳刀淬分之遲𣈗芇香焒功恩朱払矯公𦖑呐徬徨𠰺浪昆唉暫安府鐄𣅶芇吒領役官曰書戈妬𨑮払鄧低畧𡢐󰡫拱庒迡吒願呂特󰒂尼辰傕後塘昆呵暫𨆢爫虧胣𥘷朱盃𢚸𫅷侈𦖑鼓點郎𠀧月娥汝細㤕𢚷分𠇮移吀𦋦准梨庭䀡𦝄耒吏想情故人嘆浪流水清山㝵芇𦖑鄧㗂弹知音𡦂情乾想乾深悶分苦辨悶淫苦沛潙匕坦𢌌天高芇埃女底朱埃𠹾煩阻𠓨卞𥙩笔硯達盘香案祝願神灵漏匕𠬠𬌓𢚸誠𦘧𦋦幅像𢧚形云仙嘆浪𠦳淡山川𡦂恩底胣𡦂縁冉牟𡀯娘𡢐唉群𥹰𡀯払吀呐自頭劄𦋦云仙自󰘌月娥𡧲塘吏﨤𠊛𦋦京畿賖䀡󰘚𪖫顛痴𠇮高路匕異奇叱凶汝句泙水相逢𮎦䧺吏﨤𮎦雄𠬠欺庒咍名姓󰑼之𠬠𠇮芒笈麻𠫾役之答浪些拱𠖈詩漢明姓字水支圭茄云仙別理正邪係󰑼異相乙󰑼才高𡦂浪朋友之交情箕㐌﨤理芇爫𢗃𨑗棱𧯶易𠬠核悶朱固妬固低森𡆫箕尼庙宇𧵆低𠄩些𠓨妬𢬥𢬣卞𡎢共饒排户𠸜耒謝辞庙宇卞𨆢𦋦塘漢明𠫾畧就塲云仙群唉囬鄕咏茄𢜠浪𫢩𧡊昆些吒𫅷仍想媄𫅷仍𬂙闭𥹰畑册固功昆它𢧚𡦂䘮蓬󰠃庒云仙逵󱖺䜹浪庒欣几古󰠃朋𠊛今敢吀父母安心鄧昆呂女袄𩚵朱耒双親𦖑呐𢚸盃吏卢𡽫渃賖吹𠦳重朱𠫾𠬠妸小童曰书𠬠幅吲󰠃云仙畧它定𡦂良縁昆官休致扵沔寒江昆𠊛󰑼武彩鵉歲𣃣𠄩𬙞容顔𠼦麻𡦂浪胡越一家昆𠫾細妬𢭂戈书尼昆油𨀈鄧湯𩄲󰡎嗔㐌産固𦀊絲紅双親吲保𣃣衝云仙󰠃妸小童移蹎𬂙澄買淡䦕山𩙌西𣈙㐌迻春創夏盆䀡淡柳塘槐信蜂魚菫㗂蟡󰠓𠼪盆䀡渃奴𡽫尼渃滈㳥演𡽫𡆫𥒥高𥒅戈買𩈘別芇𨑗梗𪀄呐𠖈𬇚󰠩唭󰠵戈堆森景𠊛景撑如𡳒𠊛鮮如𬁻寒江丿㐌細耒云仙暫住𠬠囬𢭂书武公䀡𧡊信书𢜠縁琴瑟䋦絲鄧連䀡戈相貌云仙呵𠸦户陸福䝨生昆眉蠶𬑉鳳𠶣崙𨑮分骨格𣃱𧷺𨑮分仍𠲖几晋𠊛秦芇咍𡦂壻鄧連𡦂佳𥄮它𢢲胣和𠄩尼妯南澗怒𤳆東麻公浪𫢩󰒂壻郎悶卢役渃沛筭役茄仙浪𢘾量岳爺大科嗔及小科卢夷公浪昆篤𠖈詩牢空結伴麻𠫾𠓨塲𧵆低固𠬠户王𠸜󰑼子直文章捽𠁀吒浪差几戈𨑮朱昆󰠃妸此制𠬠排湿高買別所才丕𡢐客竹伴枚買牟,Nom
luc-van-tien-full.no.txt,𠫾兜子直細侯武公産達𠬠瓢𨢇唁公浪󰖆𩈘𠄩昆詩咍爫𫴋𨢇唁賞連悶朱直𤯭󰠃仙𥙩句泙水有縁爲題双離堆妸交掑陸王𠄩户都芸𠬠欺朱咍奇吏﨤奇白函妬易劔夷朱生公浪丹桂𠄩梗榜鐄𥮋泊㐌仃𤎜𢭂如鍾庒打牢呌𦰟畑鄧𤏣畧挑罷𠇮尼莊樑棟㐌仃呵𠰙𠄩妸才苓奇𠄩直浪仙本高才固兠鴻鵠𤯭𦢳𠬠排情棋麻﨤饒低直浪嗔讓仙󰉨爫英𫢩它結󰒂弟兄嗔𧗱埋仕上程󰠃饒𠫾𦖑鼔㐌點頭云仙𠓨准書楼𢪀安武公阻吏後堂店𢇡代𡁹彩鵉每𢈱󰉹枚𣃣𤎜蹎𡗶彩鵉荘點𦋦尼梨庭哙󰑼𡮇󰒂送情防𡢐朱塊不平𢚸饒䏾𦝄𣃣格梗橷云仙𠓨謝午欧出行移蹎𣃣課平明彩鵉𨅸畧𡑝庭欽容踈浪君子赴京説身󰲍要𡦂情㝵𠸗𬌓𢚸惨切如湄塘賖𠦳淡嗔迻𠬠𢈱㝵𫢩圣主治𠁀願朱灵鳳及尼梧桐管包𡮇分𦟐紅𣎃迡坤掣㝵𬂙苦量払油﨤𣅶顯荣妾吀汝𡦂糟糠朱仃嗔仃貪妬補䔲制梨涓㩅制𦝄涓畑仙浪如焒買燃易冲𠬠𤇮麻𢷆𠄩󰌎埋縁𦇒女渚哺唉吀朱汝𡀯卢買神鵉浪史馬經𡑝固句正節固韻整躬𤾓𢆥𢚸庄差𢚸另盆荘子直房王󰁇彩鸾倍且𨆢蹎云仙拮梗𬂙澄長安賖匕𣃣𠬠淡塘﨤王子直崩𠦳調𠫾󰠵戈水秀山岐𡶀高󰠩䟢及其𪀄悲𠊛咍吏及景咍恪芇仙子﨤㝵蓬萊󰠃饒写𡮇情𢙇𠄼𠀧󱋓󰀃𠬠𢽼句詩直浪悶𡮇溇𨱽默油鐄𧺀默油制𩄲仙浪鴻鵠高𬲊𠲖欺麻瘼落排𧗱兜莽群盘泊共饒𬂙澄京地㐌候細尼征匕𣃣熾西𡗶𠄩𠊛尋舘󰀢𪟽待期丿󰠲﨤伴故知調排𠸜户𠬠欺買詳𠬠𠊛扵府潘章𠸜歆户郑尋常業文𠬠𠊛扵府楊春户裴𠸜儉索澄堆𨑮𠄩𠊛吏﨤𠄩𠊛調𠓨𠬠舘盃唭語迎儉浪𦖑㗂𮎦仙𫢩它﨤鄧匪願約𬇚歆浪渚別湿高爫书買𤑟幅芇才能卞呌翁舘𠰺浪呵筭讖所物咹朱皮舘浪𨢇𦧘𠲖兮姑鱗鯺鳯少夷物󰠲箕󰑼茦𦲿𨢇橷尼䃣白雪怒瓢菊椿防欺待客𮎦雄待荘䝨右𤯭󰠃的弓彼盘茶𨢇𣃣衝𦊚𠊛𡎢吏𠬠𣳔爫詩儉歆群𢪀菫𠽐丿󰦓仙直𠬠徐調衝儉歆䀡𧡊𨔍𨓡𢴾詳仙直曰從古詩󰝸咍翁舘唭之撫𢬣摺昭𠬠欺唭𨱽仙浪翁舘唭埃舘浪唭几不才𠁀𠸗唭󰎡孫殯空𩢬畧它𧡊買󰝸𪟽龎涓直浪𢈱呐有縁󰡫冲經史固全󰠃庒舘浪經史㐌曾䀡耒吏遣𢚸恒㤕車哙辰些沛呐𠚢爲蒸咍咭罷麻咍傷仙浪冲濁渚詳庒󰀉傷咭匕傷理芇舘浪咭𭛣尋抛咭荄咭𨐸咭𠓨細心咭𠁀傑紂多滛底民細浽沙𡌢𤇧𧯄咭𠁀󰁏厲多端遣民𨻫𠹾凛湯𬮙分咭𠁀五伯紛紜乱臣多僣爫民嗕咽咭𠁀叔季分崩󰉲頭最打凌絖󰑚民傷󰑼傷󱉎圣人欺𧗱渃魯傑陳道王傷柴顔子󰇾揚𠀧𨑮𠬠歳惜塘功名傷翁諸葛才苓﨤欺漢末㐌仃配波傷柴童子高賒志皮固志嵬皮空嵬傷𤽗元諒嵬匕㐌咍𢩾渃吏𨆢𧗱𦓿傷翁翰子庒埋󰉲𤼸𢈱表最苔𠫾賖傷柴廉洛㐌󰲺被𡗶欧𠲝𧗱茄𠰺民䀡戈册𡲈買𨁮姅分吏咭姅分吏傷直浪厨瀝佛鐄埃咍冲舘固藏經綸傷民牢庒立身当欺𣌝夏筭分爫湄舘浪堯舜課𠸗苦垠巢父坤魚許由夷齊庒併𢩾周𠬠𨉓𠬠𡶀埃候之埃翁伊翁傅揞才几𦓿𠊛󱃨兑𢙇之饒太公𠸗𠬠勤鈎󰉲埋𣳔渭墨油盃制嚴陵㐌買都排袄𥯒󰓳𬌓𩂏𡗶俸橷陳平㐌𠇍卢欧𫕲𦝄𠬠會公候占包𠊛𫢩固恪𠸗芇悶𠚢埃禁悶𠓨埃垠歆浪老舘呐咽油朱󰠵𭛣拱繩半𩚵󱖺󰻩蹺分󱖺󰻩固󰠲󰡎湿麻淡𨖲高舘浪𩅀𤎜湄滛螠𡎢𦨢汫𧡊包饒𡗶滝溇󰠩𣷮請台䀡𠄩昆𬑉㐌碍如珠拠嘹弹𢭮𦖻𬌥渃滈頭𪇴𢪀𥹰𠽋唭仙浪翁舘渚唭低它𤑟別仍𠊛竹林󰠃饒結伴同心欺棋欺𨢇欺琴欺詩功名富貴爫之庒朋從且點欺盃𢚸舘浪妬別𧘇低𢈱箕㐌罕𨢇尼賞朱郑歆󰑼𫯍󰪟都𧡊仙𦍛意侵卢冲𢚸科尼仙乙𢧚功歆油固杜拱空𢧚耒𠇮群𢪀𭛣細𨆢𠫾䀡榜𨴦󰠯傕𠓨塲几硯𠊛笈質塘潦滈屡罷𣳔𣳔屢𠀧云仙𣃣𨀈蹎𦋦丿󰦓𠫾﨤信茄󰝂书󰡠封䀡幅𬌓书𨉓沙𠖈坦𠬠徐𠻨𠽐伴皮埃乃巴潙哙𦋦買別母慈𧗱圭直浪󰞿渚𠶑𠲖嗔𠓨冲舘定皮󰆕家小童咀問嘆𨱽𡗶牢女負仍才𠊚𣦍,Nom
luc-van-tien-full.no.txt,直浪㐌細浽尼小童𤽗唉爫𢗃渚繁󰉺卢𡨹役茦湯除些𨅌𣇊𦋦塲𠱊咍闭徐急逴署埋懺龱成服内㝵朱衝𦀊篮帽󰺔袄縫拠蹺冲礼文公麻爫嘆浪媄北昆南渃󰝶瀋匕㐌甘𥐧󰀩冲𠇮空𦑃空𡆫𥙩之㳻淡𥙩夷奔䘮尋官麻吏﨤䘮𠻨𠽐𠊛扵呂廊𠊛𠫾𠬠𠇮𡗶坦禁之𬁖移物𠲝群夷麻蒙𠄩行渃𬑉𣳔匕想包饒吏𤴬𢚸闭饒競󱏹包󰓞𩙌漂𢪀浪渃沚𠃩朝𦛌𤴬傷台九字劬劳三年乳哺別包饒情舘浪𡗶坦清明𬰅湄󰦓丿核梗天香埃匕䀡𧡊庒傷呂皮報孝呂皮立身埃咍斫鬼謀神󰘩塵埃拱󰘩塵如埃喓離埃窖達排𡦂才扵貝𡦂災𠬠韻塘𠫾𠬠𣎃庒𧵆欺戈欺吏買路衝波𠫾󰦓伴作𣃣󰑾直󰠃歆儉合麻迻仙歆浪𮎦庒㧅煩科尼㐌呂些願科𡢐𧡊饒折苦貝饒𠬠彙巾泊油匕呵傷云仙拮挭𬨠塘郑歆卞𥄭𠄩行淚沙𠫾𣃣𠬠淡賖匕𠫾󰦓翁舘奔波蹺󰠃舘浪傷等𮎦䧺迻𠀧󰘩茦底防𫉚身庒埋麻﨤𣅶芇當欺过対咹𠓨拱𩛂仙浪𠹾𥙩恩朱𬌓𢚸𪿒匕唉卢賖𧵆舘浪些拱󰘊傾𧡊丕𢧚買避塵除低𡽫𣛟渃碧盃𡆫𠬠瓢枯酒𠬠潙金𬞕隐身蹺准安閒渚尼名利另塘是非呐耒乖果󰑾𠫾云仙䀡𧡊卞𪟽冲𢚸𬂙澄淡紫𣦎冬𢪀隊干吏𠼦麻隊干𢧚庒𡮇分之麻汝句養育卢恩生成芒句不孝㐌仃𢪀𠇮麻𢢆朱𠇮爫昆嵬匕𠬠𬌓𢚸崙仍啉呂浽渃𡽫朱耒芇咍渃沚花㵢芇咍分泊如𪿙󰡫尼𠬠𠇮魚菫塘𩄲恪芇𪀄鴈落排呌霜旦𫢩買別訴詳䝨之柴𠰺科塲群賖小童𧡊丕踈戈自低朱細圭茄群𥹰󰡫尼庒弋胣愁𠇮𠫾㐌痗𣳔珠添油𠲖欺芒病姅澄冲𡽫苦料𡨌棱苦筭仙浪枯㭳𦲿肝喂傕昆𬑉㐌芒愁愁𤻻瘼芇𧡊之󰦓蹎𠫾㐌痗𠇮𤴬如寅固身吏苦貝身身喂身別𠇍吝庒埋童浪𡗶坦固咍𦋦𠫾買邒𨑮㝵吏𤴬𠬠𠇮󰂌畧󰂌𡢐𣛟匕坡󰀒油匕枯核本空廊𥯎之低嗔吝細畧尋柴茦湯𣃣埋﨤客戈塘𠊚調指裊𠓨廊同文𢩮饒欺意哙𠽄﨤柴爫茦𠸜浪趙昂昂浪唉暫𢪀安𤎜㝵䀡脉投湯買仃﨤柴辰病乙苓泊鐄冲𫋻産爭包饒童浪钱泊庒饒嗔柴𢪀量邒條茦湯埋麻病𧘇邒安泊群𠄼𭃂𢭂郎朱柴昂浪柴扵準尼𠀧𠁀󰡸業爫柴奇𠀧𠰌之拱𬦼冲茄内經㐌産外科添牟畧䀡尋世爫頭𡢐䀡医斈次求東医𡄎冲銀漢精溦拱󰑼綱目收夷青東𡄎冲集𩡭良方拱󰑼御製𣥱塘回生味之産達君臣茦它炮製𨑮分𤑟𤉜脉辰讀賦矑山達𢬣𠓨病別塘死生六君四物湯名十全八味産仃内傷吏通八陣奇方内傷外感投湯五柴童浪柴寔固才嗔柴䀡脉朱排茦湯昂浪六部調散部𫔭边左脉昂浽紅拠冲册畧麻通𠇮門相火㐌衝𨕭頭三焦積热㐌𥹰悶朱降火沛投資隂黃連黃栢黃苓加𠓨朱倍热心買平外辰朱點萬灵冲辰朱㕵还情買衝呵𢭂𠄩月泊𣳔補添味茦低防投湯庒戈爫福朱払芇埃隊局隊𡊨之埃小童卞想固才倍鐄󰘉𫋻𥙩潙𭃂𢭂𨑮㝵庒叭𡮇芇添𤴬冲胣如炮如𢬗童浪𠓨妬柴𥋳病牢庒叭麻隊泊添昂浪𦣰𧡊欺店祖師覔保𠬠恬占包鬼神𠊚扵𨑗高𠲖欺塘詫理芇別󰦓小童𤽗呵戈求拱翁柴𧴤扵頭西𭍝小童𦖑呐𠫾連﨤翁柴𧴤達钱䀡𥋳𧴤浪渚邒牢灰㨿牢𢧚浽達𥋳󰡫尼些低庒沛各柴𧴤爲𧴤曰呐之庒𠰃温潤經易𠇍𢆥𦒹𨑮𦊚卦𠀧𤾓餘爻黃金野鶴册高六壬六甲𡊲芇庒咍干支調扵冲𢬣㐌通天地吏咍𭛣𠁀現钱貫𠬠𦊚𨑮𣛣蔞󱋓𨢇朱鮮𢚸誠達𨑗𠳿貝神灵感𠸜歳𧘇路程莫之哙󰑾𠸜戸󰑼之朱柴達卦𠬠欺買詳童浪𠊚扵東方󰑾𠫾奔拌𫡉塘庒安固茄戸陸󰑼払歲𣃣𠄩糁群塘踈𬏝扑浪丁卯𢆥𫢩䝨之甲子㝵𣈙庒安𠇮金吏扵宮乾歲尼󰑼歲油廊𨑗𠁀固󰦓奔半賖𧵆牢𤽗窖劎忍𢈱嘹些扲钱招𠖈䀡戈𠬠交𠄩册麻𠀧爻重荘成󰑾卦六衝𧡊爻父母克󰠃子孫化󰑾爫卦遊𩲉吏添世動克屯細官㨿冲卦意麻盘歲尼買𠹾母䘮扵𠇮吹𢧚芒病声灵爲烝麻鬼路程叱千悶朱病意邒安沛尋柴法渚專朱󰉨童浪法扵󰠲低扑浪拱扵准尼𨀈戈法咍㗂曳吨賖𠸜󰑼道士扵茶青村小童本庒別坤𠫾𦖑𢈱呐吏奔墫尋士浪𥙩扵󰦓尋咍󰑼㐌莫𥙩恬之低童浪𦖑呐吨柴除邪掩鬼符柴叱咍士浪印㐌高𢬣吏添符注𠸗𫢩埃皮戈滝󰥶𧡊摄𡆫𠓨棱𤜯𧡊調跪𥛉迻法咍爫𬰅爫湄差𪀄遣猿𠲝𩢬物𬌥法咍念咒𠬠句總收𰿘物𠓨瓢壼灵法咍洒豆成兵变形爫相破城阎王法咍𠫾道火場𡎢劎𠫾教󰘉塘天寬固𠀧月泊𢭂郎邒柴韯所立𡊨渚專童浪碎㐌󰟭欧空茄渚別𠓨󰠲悲除𫡉塘𠳝語逸徐泊仃𠄩月防除卢筭專渚病意邒安耒辰碎仕𢭂郎朱柴士浪𧗱𥙩泊低待朱筭料󰉺排𡊨󰑾童浪碎㐌卢賖卢爲𠊚病扵茄空安泊𫢩碎沛迻郎吀柴論法卢筭󰡫芇士浪固苦之牢𤽗𦣰些渚符𢭂𧗱耒童浪碎本䋲兮𤴬之細浽筭皮渚專士浪些沛用權病南渚北麻痊買才小童𦖑律𠓨𦖻𢚸𢜠倍𡲤𦣰𨱽吁專士浪谷匕呼連𨑮翁盘古坐前證明𨑮翁大圣󰟴天共妑武后調連細低𨑮翁元帥征西共妑漂母森𡆫𠬠欺𨑮翁佛祖它弥共妑故喜調𡆫𠄩房𨑮妑公主五竜平蛮五虎会同安营吏𨑮千將千兵𨑮位三府洞廷赤鱗𨒒它泣歇鬼神󰝡饒𪧍准下塵𠫾制朱𤽗𠀧道符𡗶㕵𠓨跬孟如𢈱庒差小童𨻫仍𧼋𢙇領符阻吏筭排茦湯𠓨茄疎貝趙昂法符㐌𨇜柴筭理芇昂浪冲𫋻群包𤽗𠓨󰘉𫋻麻𢭂朱柴童浪碎决𢈱尼病箕油呵𠇮尼半𠫾趙昂別庒群之劎𢈱到啅吹𠫾塊忘扵低廊渃苦𢚸𠲖欺湄𪱆埃紅拖𩂏童浪冲𫋻咏潙罷信𢧚莫罷𦖑𢧚啉買卢併歇𠬠𤾓𠇮蟡枯蝎𦛌蚕㭳敦傷台钱𠅍疾芒巴爲坦客鄕村󰡫尼傕匕直強塊低碎嗔勸教餒󰉨󰠃饒云仙之掣浽愁小童𢴿𢩮𫢩橋埋滝當欺湄𩙌竜冬𠊚盆吏﨤景盆添傷掣包咹雪𦣰霜幔𡗶詔坦塘長劳刀油朱才智叱高﨤干危𣷷別牢邒常嘵嗷𦍛客他鄕埃匕訴別空傷包徐仙浪𠫾㐌吃𠽐尋尼溪𣷮培坡𢪀蹎童浪𡮇汝塊棱尋尼舘舍仕仃𢪀蹎𡽫西𣃣格𩈘𡗶伵柴󰲲𢩮細尼大堤徒詩𠬠屡𦋦𧗱郑歆䀡𧡊吏掑哙深𮎦𧗱𫢩㐌𠄩𢆥故牢莫病群𦣰扵底仙浪碎㐌庒埋庒台眾伴科尼󰡫芇,Nom
luc-van-tien-full.no.txt,歆浪子直杜高碎󰠃裴儉調𠓨󰦄人𠬠碎𧗱畧省親直󰠃裴儉群吝𠫾𥹰当欺患难﨤饒𠊚苓𦬑補𠊚𤴬牢仃自低𧗱旦東城𠬠𠇮病重步行牢衝吝囬細准江中尋船些仕論盘󰠃饒仙浪情畧󰒂𡢐﨤饒𧯶易補饒畨尼歆浪𮎦暫𡎢底小童細畧尼󰠃貝些𠓨棱𥙩茦外科防欺滝𣷷風波不期小童倍𡲤𦋦𠫾悶朱𢧚役詫夷劳刀郑歆扵胣劎刀扒𤽗童子𫃚𠓨冲核畧朱𤜯𤞻咹眉害仙𡢐用謀尼買衝云仙󱳼仍待𬂙郑歆𧗱呐小童扱咹云仙嘆哭我凌固󰦓坦呂𡗶崩声灵閉𥹰坦客流令𠬠柴𠬠伵路程餒饒𫢩它𠄩我格饒群埃㨢畧拖𡢐朱𨉓歆浪𮎦渚𪿒情碎嗔迻細東城辰傕云仙之掣󰒜洡󱏹它蹺𩙌𧼋吹𠬠皮小童被𫃫坤𧗱哭󰑼仍𧡊𦊚皮棱荒分𠇮群𠅍庒嘆傷台户六𣷮鐄巴爲掣包仍浽逸除波滝芇別培坡芇咍云仙魂固灵𤍌󰝡碎蹺貝拖𢬣蹎󰠃嘵耒淚𡮈𣳔匕店𣅘𡎢預桧松𥄭涓山君踦吏𠬠边哏󰲳󰘉𫃫卞迻𦋦塘小童式曳𢠩芒䀡戈𧡊坦𠓑𤉜買咍姅𢜠姅吏𢜝台徒𦋦准𫇰尋柴云仙𩈘𡗶𣃣絡𣛠軒𠊚奔几半𢄂畨闰闲童浪妑舘𡧲塘󰉺戈固𧡊𠊚䘮庒󰑼舘浪傕㐌𠚢魔欺埋廊𡌽踣它墫𠫾童浪別注芇𦋦舘浪𠫾塊鄕村𧡊𠳒𢬣捞渃𬑉𬂙澄𠫾𦖑㗂呐頭棱劳嗃小童倍𡲤钱𠓨麻民調哙󰲴芇細低童浪碎細尋柴庒咍𠊚󰡎馬尼󰑼埃民浪𧡊几昆𤳆扵兠庒別洛淶細低𢬣蹎𩈘𪖫卒咍𤴬之𢧚浽渃尼呵傷小童庒及哙㗍𦣰陵边馬哭嘆徘徊眾民䀡𧡊傷喂呌饒博󱃨調𨆢𧗱茄小童䀡𧡊㤕車𩂏僚𡨺馬𢚸些論󰒂𠬠𠇮扵坦大提󰉹𠫾勸教最𧗱掛󰝂歇𢚸者𦬑襖𩚵𤯩卢报補托群𦹳名次尼細𠬠云仙𠄼更𡎢預幔船咀嘆巾𣓿汔淚渚滇𢪀傷分伵莫𮥷欺空冷丁船𡨌渡東感傷𠄩𡦂喿蓬菫𠽐店𣅘吝理如詞𨒖昂星木𤻻𢠩霜𬲊郑歆欺𧘇𠚢𢬣云仙被婍堆𬆄𠖈潙郑歆𠬠㗂呌𡗶朱𠊛式曳𥙩𢈱配波冲船埃乃調𦋦調傷户六㤕車冲𢚸云仙𠇮𠖈𡧲𣳔蛟神𢴿𠓨冲滝󰉨拖皮埋𡗶㐌𤎜㝵翁蕉䀡𧡊𢵼𬆄𨑗坡遣昆𡆫焒𠬠徐翁爐䏾胣妑𪹣𩈘眉云仙披𤋾蹎𢬣𠻨𠽐𩲉魄如醝買耒語󰑼𠇮沛渃㵢咍󰦓群唉邒𡎢陽間魚翁欺𧘇哙㗍云仙䜹訴每塘𧵆賖魚翁𤽗扵󰠃些󰉹㝵𤋾供𠬠茄朱盃仙浪翁𥙩之餒碎𫢩庒恪菓味𨑗核埋麻㵢浽細低𥙩之报答𠇮老猪匕魚浪𢚸老庒𢠩篤󰥎役沛芇除呂恩老洳浡渃拱欣仍句名利庒潺𢚸低𥮉𨱽卷興盃𡆫店箕興𩙌最尼制𦝄㝵匕通且爫咹欺辰紂䋥欺𢬥鈎淫僥嗷𫢩𣷷埋潭𠬠瓢𡗶坦盃󰠐埃咍經綸㐌産冲𢬣語迎冲渃盃醝冲𡗶船难𠬠隻扵𠁀沁湄沚𩙌𡨌󰁍寒江仙浪汝細寒江武公茄扵𧵆塘低庒魚浪户武扵𧵆塊𠀧曲咏辰吝細尼仙浪𠸗固呵前𡢽爺包𦬑対移庒傷𡟱𫯳󰑼󰒂糟糠之朋細妬尋方改𠇮林𢆥悶論恩情﨤欺患难牢仃補饒汝句救死恩溇吀迻細妬畧𡢐朱𧷺魚浪󰥎分壻昆恪芇𥿥𥿗麻𫐮𠓨針𠲖𢒎麻痗𦑃𪀄巴爲景𫇰坤尋核𠸗𠲖欺踸𨀈細猪渚信滝𫇰𣷷𠸗麻啉󰋇埃扵特好心𪱆亨𢩾笠湄淫𢩾𥯒󰋇埃咍𢪀役𠁀涓尼危苦𢖵尼郎𢀭老𧈧𣦆役奔鈎𡄎冲役渃恪󰦓役茄云仙畧㐌約麻魚翁𡢐沛㳻潙迻朗𢩮仙𠓨准前堂武公䀡𧡊𢚸強虎𤽗庒戈𢜝世间唭󰘉𢈱亘強嘲𠊚㝵𠸗鱼翁㐌固功迻𧗱𡢐些沛卢𩢬𡊰恩鱼浪碎庒𥉩恩朱𧷺仁󰒂辰欣泊鐄𢖵𠸗冲𡶀󰓗山固翁鱼父迻払五員旦𡢐亭長艤船迻翁項羽於沔烏江𠸗群󰋇几莫𮥷况𫢩包𦬑垃塘姻緣鱼浪辞謝𠖈船武公䀡𧡊𢚸煩悶台雲仙𤽗唉𡎢低朱些阻吏𡢐尼料󰝺公浪媒唉瓊荘共󰑼愛女彩鵉世芇默悲󰝺料󰥎牢本空押𡞕理芇押昆鵉浪𨃴䚂如𪳔𠸗𫢩埃𦬑󰝡墫󰡎𡎛埃朱蓮𣑁𠬠盆埃朱𣔥楔𤯭共榴梨他空律𠹾𠬠皮𧯶󰝡𨉓玉預㘛武夫荘浪官品名儒壻󰦓固壻𥊖瞙世尼𦖻𦖑𠊛呐会尼固王子直杜󰉨首科些油悶結𡢽爺户王户武𠬠茄買𠰮公浪悶論𭛣𨉓排󰝺𠬠斫弋情朱衝荘浪𦖑𡶀倉松固𡎟深匕莂蓬坤𦋦東城𠦳淡群賖󰝡払捕妬埃麻別󰦓䏾核𦝄㐌拮頭雲仙𡎢畧茄求咀嘆武公𦋦畧誘払𠖈船朱𥙩迻郎東城𦋦𠫾皮𣅶散更𢩮𠓨𧯄󰀎補仃雲仙補耒練匕𨀈連𠖈核𢴿桂措船㐌賖仙浪各注迻些功恩吀旦圭茄仕咍𢭄𢚸篤論討𣦍𠬠畨朱塊𠦳㝵庒涓咏𦖻㗂呐𠄩边冲𡎟沁最𥒥󰲵質重雲仙欺𧘇咳䧺𢪀𦋦買別武公害𨉓𠶗唭昆造詐貞𡦂緣到啅𡦂情対𢭂計𦋦灾𮥷掣包買𨕭塊𣷷吏𠓨冲𧯄𦀊愁埃窖同王另尼䋥兎﨤塘𣷭橷冲𧯄畧乙𡢐囂悶𦋦朱塊埃𢴿些𠫾寃家埃窖畧排喂傕身体群夷麻󰝺㐌停賖𡎝人間預𠇮𠓨准石盘𦣰孤店𣅘𦰟𩙌𠺙󰌎,Nom
luc-van-tien-full.no.txt,霜𢒎洛達𦣰孤冷𫥌五更𠹾𣳔匕匕如𠀧风茦拖𢚸歆枚𨒣神䀡𧡊傷𢙇察冲𠇮妸固排符天買咍事六雲仙共饒𢴿𢩮調連阻𦋦塊𧯄𠬠淡㐌賖細尼大鹿𡗶它𤑍東遊神阻吏山中雲仙群唉聀燶迷曼老樵粓𫋻産床󰉺枚捇鈽𠫾昂𠓨棱涓塘大麗󰑼澄𦋦𠫾皮𧡊𨁪蹎𨀈𠓨喂傕𤜯扒𠊛芇𠊛芇𤜯扒󰝡𠓨底低吁𩲉吁魄老尼迻猪𡮇姅扽核𧵆耒雲仙𠬠聀𣃣耒侈𦖑㗂呐亘𡎢𨱽呌老樵𦖑㗂埃呌真𨃝庒恪如𨅹𨖲核𣃣𨁏𣃣𨀺𣃣𪡔畨尼莫沛禍魔害𫅷仙浪碎本𠊚些爲蒸莫𮥷買𦋦世尼語𥉩量𢌌高苔救碎𠬠𣅶恩󰟴再生老樵欺意歇驚吏𧵆連哙事情買咍郑𢚸傷細𠊚𣦍尼又迻老𢩮𢬣𧗱茄仙浪𩛜㐌㤕車𫢩它𠯿𣇊庄和味之吏添𫫵列四支悶𠫾蹺妬麻𠫾坤移老樵底仰𥶄𥯒嗎𦋦粓𫋻𨑮勸雲仙冲𨉓咹㕵㐌安老𦋦飭孟󰲶仙𧗱茄塊棱𦋦細頭塘埋󰦓侈﨤𠬠払漢明老樵栗達奔呈漢明蹺哙事情𠬠欺雲仙𦖑㗂故知姅𢜠姅𢜝姅衣分𨉓明浪𫢩哙人兄㨿牢𢧚浽身形世尼仙浪庄掣呐之身尼芇固恪之𣘃㵢泠汀𫕲摺㳥洡󰉨滝枚𣷷󰋇囬󰠡𮥷明浪低苦哙㗍𠓨厨些仕論盘󰠃饒樵浪庄呵呐𥹰𠓨棱扽桧半󰉨𢄂番漢明蹺哙𥛉連恩翁救鄧雲仙姅𠸖尼𠄩月泊冲𨉓碎吀报答󰭊情朱翁樵浪些本庄用𠬠𨉓嗷喭𧀒松𣋚枚沁𢚸庄悶𧵑埃祿𣘃梗博𠄩󰒺󰠱泥伴𤿤󰠃貝鹿麋𣌋𠫾猿逴最𧗱兎迻默油𩛷𩛜𩛷𩛂埃垠隊𦬑埃𡐚扒搜冲𨉓領𭛣公侯𣋚枚𡽫嶺默油盃醝雲仙𦖑別𠊛𣦍𠳨𠽄𠸜户防𣈗𡊰恩老樵阻吏林山仙明𠄩𡥚調𧗱庵𩄲仙浪㐌﨤科尼故牢玉友於低󰥎夷明浪𠸗篤𠖈詩﨤饒庙宇調𠫾𠬠吝英時回貫省親㛪芒劄册畧吝𦋦京𠫾𣃣細郡鵉灵﨤昆知府鄧生󰑼払𢀭郎涓退荒堂﨤昆𡛔卒󰥎昂庄爲碎卞浽陣𠬠欺勿払𠖈妬𢯏𠫾𠬠𨃝𨉓󰥎𨉓底埃𢗼执𢬣𠹾𫃚納朱縣堂𣃣苔𦋦郡朔方碎卞破獄尋塘𧗱低𣃣埋吏﨤厨尼埋名隱跡闭迡𤍇𢭗雲仙𦖑呐郑傷調排各𭛣󰠡𮥷冲𨉓漢明𦖑呐動情𬑉沙紇淚如瓶渃迎仙浪𢖵桧松天索高歲𡘯𠹾煩劳刀𥉩昆如󰠩𥉩𬁖𨉓尼𧯶易方芇別󰦓𠬠彙巾󰺔𩂏頭𠀧𢆥渚論𠬠勾生誠顕荣渚𧡊顕荣小童畧㐌爲𨉓托寃想𦋦如割𦛌肝想包饒吏渚滇隊吝明浪𠊚於冲󰡰固欺富貴固吝󰠡𮥷𥰊高鐄別歲鐄﨤欺焒䚂牟強添稽悲除英渚倍𧗱於低𢭗𤍇󰝺皮茦湯包除歇𣅶灾𮥷󰝡饒些仕立塘功名甘來否𫽄吏亨𨅸頭士子共荣𠇍𠁀𢧚庄固坦固𡗶𦋦𢬣康濟役𠁀共衝雲仙欺意安𢚸於尼奄寺伴󰠃漢明武公𥙩𭛣詐貞𢩮情户六結情户王計自𡎟瀋害払彩鵉仃胣𢚸強添盃㝵匕荘点粉𥅦防欺﨤󰣞𨅸𡎢朱吹丿󰦓子直𣃣𧗱𠓨茄户武探皮雲仙公浪汝浽雲仙奴㐌臨病黄泉賖制傷払分泊於𠁀共爲月老車𦀊𥿗紅𦖑戈子直動𢚸𠄩行渃𬑉𣳔匕如湄嘆浪󰉨汝灵𠸗󰒂它結󰒂情渚訴情𡗶牢𦬑害𠊚苓榜鐄渚占眉𣛟㐌󰍹共㛪渚特󰉓𧷺𠊚苓辰𠅍些群爫之冲𠁀󰋇幅己知󰋇荘同道󰋇󰀩同心公浪些共𢢇󰠐𢢇緣昆𥘷瑟琴󰇾揚崔匕妬渚咀嘆低它併特𠬠塘叱咍細低辰於吏低󰠃𡥵𡛔老森𡆫室家,Nom
luc-van-tien-full.no.txt,防欺󰉺最𠓨𦋦𧡊王子直共󰑼雲仙直浪󰑼󰒂筆𡥵英㛪畧㐌結願󰠃饒𡞕仙󰑼直姉妯姉妯㛪伴固󰦓𥐧饒庒咍𠊚𭓇󰀋之呐𦋦仍傳異奇苦𦖑咍󰑼𭓇𠺙渃󰟴𡟱𤽗子紏迻𧗱桓公咍󰑼斈𠺙唐宮𡟱𤽗剿刺制共世民武公󰘚𪖫暢珍𠰘猪如𧍉咹啉沛𪿙彩鵉冲帳𦋦𡎢𠲶嘲柴󰁮新魁買𧗱妾㐌󰝸論𠳒誓呂皮拖笈呂皮能巾惜台𢚸𤟛康匕𦀼簾除待䏾𦝄闭迡庒應辰拱爫虧𦬑󰝡㗂呐爫𡆫庒堅直浪埃𨔍奉仙防筭󰝡𠺙彫船嘹𤽗𡏢𫯳𦰟𦹵群鮮𢚸芇𢚸𦬑󰝡𠳒月花𧘇䀡丕拱𠊚些推𩑛禽獸芇󰑼恪之雲仙英唉故知𣷮鐄固別役尼朱些𢬣捞渃𬑉阻𦋦𧗱茄懺所尋戈京城武公虎𢢆冲𨉓𠄼𣈜𦣰病失情托寃彩鵉共媒瓊荘媄昆凍󰘂底䘮冲茄次尼細次月娥河溪府意蹺吒斈行矯公𨖲聀太卿差𦋦𡎢郡東城治民𦋦詞隊泣𦊚方𠳨𠽄户六源干於𠁀𠰺軍󰝡幅书𠶆六公𠳐令細尼营前矯公哙傳雲仙六公𢖵細俸連哭嘆闭𥹰𦖑㗂吨󰠓昆碎染病𡧲塘補屍別信自意旦𫢩丿𦖑𠳒呐𣈗󰉨吏傷矯公冲胣惨傷阻𠓨呐傳󰠃娘月娥娥浪𢖵𣅶塘賖嗔𠸼户六󰝡𦋦役堂矯浪𠲖𢜝㗂娘六翁𠓨准役堂𡎢衝月娥𨅸預边房𢬣揞幅像哭𣳔如湄公浪幅像𠊚𠸗月娥昆呵󰝡迻𠊚𥆾矯公各役𢧚印六公欺𧘇買信事情公浪役𬞺宁宁𢖵涓𠄩𡦂恩情課𠸗泊鐄礼𨳒嗔迻𧵑尼爫󰒂𡊰𠸗恩払六浪恩𧘇語喭碎󰦓监𠹾泊鐄爫之𡂂󰑼昆𥘷𠅍𠫾咍󰦓𬋩格群𥱬像尼𫢩它𧡊特昆低𬌓𢚸傷𢖵拱虧特耒六翁辞謝𨆢蹎矯公差几迻回𧵑朱月娥染病𦣰孤冲𨉓𤾓䋦㐌卢吏愁碎㐌除待闭𥹰㐌空朱﨤𣇜頭辰傕別饒渚待󰋇囬几群𠊚𠅍𡗶喂唉𡗶課𠸗渚者󰋇𢈱呵𠸦君子別𠁀芇派傷爲𠊚等英才芸文業武芇埃𤯭󰠃傷爲畑󰀋固功𦊚方渚特桑蓬󰜋勾傷爲𠄩糝歳頭𠊚𠁀如俸蜉蝣呂廊傷爲渚特顕荣㵢㵢花󰲼󰉺残功名傷爲堆呂渚成㘧香鉢渃唉仃㝵𡢐𠄼更庒𠯪紇珠兑𥆾幅像𦛌𤴬如𬁻嘆浪渚特󰋇回㝵𡢐別固﨤堆庒󰑼矯公冲帳𨀈𦋦𦖑昆嘆咀㤕車𢚸鐄勸昆辰渚多芒錦皮群𠅍󰑼常𠸗𫢩恩情強想強苔庒戈𣛠造𨒻𡏦庄常娥浪空掣浽傷欺空𢭮挭𡧲塘芇咍𫢩㐌鵉鳳落排捻迎𫋻隻分尼㐌應別包饒浽風塵滝湘迻伴梂銀迻𠊚身昆群𨅸𡧲𡗶嗔蜍幅像論𠁀辰催矯公𢚸叱庒盃昆它守節群吹理芇固𠊚聀奇嵬高太師聀𠹾冲朝敕封𦖑吨昆𡛔矯公買𨑮𦊚歳𥿗紅渚筭太師用礼物𨖅𠼦𠋦容呐結塘通家矯公坤押月娥礼迻呂吏𧗱茄太師太師庒別𢌌推󰝡調怨恨吏𥱬𠓨𢚸丿󰦓潘國交鋒烏戈渃意兵戎曳乱打𠓨細隘同䦕楚王𢚸𢜝𠳨㗍群臣牢朱安渃安民朝中埃固法神奏戈太師因役於茄倍鐄跪󱖺奏戈每𠳒爲𠸗賊浽倍又共爲貪色於𠁀中華悶𫢩塊曳干戈迻昆𡛔卒交和辰衝月娥󰑼𡛔矯公買𨑮𦊚歳𦟐紅当𣛟娘添國色頃城吏添𠄩𡦂才苓叱頑冲朝固𠬠𨉓娘妸朱潘國乙安每塘楚王𦖑𢢲𢚸鐄硃批遣使󰝡郎東城敕差户矯太卿役冲茄渃㐌仃朱𤽗月娥娘𧘇𢧚𠊚選㝵𣎃𠃩𠄩𨑮貢胡矯公𠳐旨貢胡𢚸𦖑芇敢呐孤理芇月娥冲胣如炮更迡庒𥄭仍韜式𢙇失情情拱变拱預幔咀𬑰咀𨱽𡎢𢗼昭君𠸗拱貢胡𤳄𤽗延壽𪽗龱朱畨杏元𠸗拱貢胡𤳄𤽗盧起𫇰讎群𥱬𠄩娘畧㐌沛𠫾󰜋爲𣦍主𠄩爲討吒昭君𬦮𠖈江河傷𢚸渃漢沛𦋦料𨉓杏元𬦮𠖈池灵傷𠊚良玉論𨉓特他細𫢩泊分󰑼些願󰠃幅像㗂它終身情夫婦义君臣情麻庒論朱陳字𢧚𠄩边使奇𠄩边悶𬆄共主𦬑涓恩成沙机󰜋𡮇辰󰡶以𨉓𢩾主以𢚸蜍𤤰矯公𢭗󱖺当愁𦖑昆咀哭󰋇句添煩呌𠓨外預帳前𥙩𡗶𠰺訪朱全身名庒戈󰑼役朝廷芇吒固悶押情之昆娘浪昆詫之昆巴潙另分𠅍群𬋩包傷吒歲鶴㐌高𠲖欺䕃冷𣅶芇別󰦓芇冲辰運添愁󰉺啉最永埃侯共吒公浪庒𢪀役茄唉安胣𥘷麻戈渃𠊚最𫢩㐌細夢𨑮沛󰝺韯所𠄩𨒒出行娘浪役𧘇㐌仃群卢𠄩𡦂恩情渚衝昆嗔戈𥛉六翁爫斎𬙞𩛷論共雲仙嗔朱恩󰒂援全防欺𠖈准黄泉及饒矯公別𢪀畧𡢐頒朱钱泊給侯迻𠫾六翁𦋦逴𠬠欺月娥𠓨達礼󰀩産床㝵苓沁浍連𡊨咹𧗱󰳄坦朱払雲仙𬮎𦋦幅像撩𨖲冲茄朱細𡌽廊調傷月娥奔㗂哭払雲仙払於󰋞鐄固咍𬙞㝵耒𭛣爫齋吏󰝡钱泊討󰉨六公𬂙𫯳麻庒﨤𫯳㐌仃𠬠分侍紅無緣自󰉨令嫁𧗱潘决𢚸𠖈准黄泉﨤饒庒之拱哙㗂妯悶卢役渃沛欧役茄𠬠㝵𠬠󰘌𠬠車𧵑尼底吏朱吒养𫅷𥛉耒渃𬑉乳沙𠿯匕辞謝𨀈𦋦阻𧗱各官車駕𦊚皮𠄼𨑮侍女蹺掑蹎𢬣𠄩𨑮𫢩㐌旦𣈗各官調𫉚迻𣦍𠖈船月娥倍遣金蓮𨖲侍親父𠖈船疎戈公浪胣㐌㤕車昆仃嘆哭麻吒添愁娥浪𡽫渃高溇自𫢩隔别坤侯𧡊吒身昆𧗱渃烏戈㐌仃𠬠浽爫蹺坦𠊚𠄩边南北賖󰁍畧嗔𠳚吏𠬠𠳒爫鏡囂又𩙌𠺙𦰟𣘃𧘇󰑼𩲉𥘷𧗱𫢩探𫅷矯公紇淚乳沙各官埃乃𧡊麻調傷庒戈役於君王朱𢧚父子𠄩塘隔饒,Nom
luc-van-tien-full.no.txt,矯󱏹船㐌𦋦潙各官迻迍嵬又𨅸𬂙𨒒㝵𣃣細隘同冥又波𢌌洞又㳥滈𣋚𫢩庒別𣋚芇䏾𦝄沕又䏾𬁖麻又𨕭𡗶吝理如詞月娥𢖵浽𩄲絲庒𧷺嘆浪箕渃奴𡽫景𥆾如𫇰𠊚群𠫾󰦓軍侯調𥄭㐌𥹰陳𦋦󰇾筆𡎢欧𠬠𨉓咏𠊚固俸𦝄清𤾓𠄼嗔𠳚悴情吏低雲仙払唉固咍妾願𠬠𬌓𢚸𣦍買払嘆耒𥙩像󰒺𫼳𥄮𣳔渃沚倍鐄𬦮𣦍金連式曳買咍共軍侍女𠬠排調卢共饒調庒敢呼啿筭謀計庒朱露情役尼󰑼役朝廷督官咍特乙𨉓托冤悶朱謹慎𤾓塘金蓮󰡫𥙩爫娘月娥詐婚𧗱渃烏戈埃麻拍𦲿埃麻尋蝼併它衝社斫牟交朱步卒扶娘𧗱畨埃咍󰑼妸金連邒爫皇后渃畨於𠁀月娥𨉓𠖈𡧲潙㳥神𢴿拖𠓨𫢩𣺽尼俸𦝄𣃣細桧𣘃月娥𩲉唉制󰉨陰宮掣包霜雪𣈘冬𨉓𦣰𡧲𪤄冷㳥埃咍󰞹音傷几討𦖑󰝡屍娘吏情󰉨園花胤𩲉娘矯月娥尋尼𢭗𢭸朱戈𣎃㝵堆𠀧𠄼女𧵆低𡟱𫯳𡢐拱森𡆫𠬠尼月娥𦀊丿醒唏体𡎢曳𢪀󰋇𠳒占包𢧚虚渚別爫牢悲除別劍尼芇投𨉓𠬠𨉓𨻫仍氷傾丿󰦓𡗶㐌󰉺𤑍彙東埃探䀡幅像夫𣃣枚吏﨤裴公𨄹園公浪娘於何方𭛣之麻細𡧲園花些踈浪陣𩙌󰉺戈沉船𢧚浽𨉓𦋦󰡫尼最沁呂𨀈細低嗔𠊚𤐝𪹾情尼𣦍奸裴公𨅸𥄮相娘庒荘臺阁拱行簮纓頭𡳪娘呵訴情月娥𥙩寔傳𨉓疎戈裴公𢜠逴𠓨茄台裙𨒻袄餒麻爫昆些低拱固𠬠昆𠸜󰑼裴儉奴群於京冲茄空𡛔後生埋麻吏﨤蜞蛉𡧲𡗶月娥於㐌安尼店又𢪀量𠬠𠁀㤕車𠬠卢爲渃烏戈𠲖𤤰扒罪吒𫅷托冤𠄩卢爲𡛔紅顔𠲖𠊚保养防筭浽夷月娥𨻫仍胡𪟽丿󰦓裴儉𠬠欺𧗱茄㝵又䀡𧡊月娥情𥢆傕仍想它𢚸春𧡊娘蜍幅像人儉䀡氏思吝懇𠳨連像尼牢𠏳雲仙󰋇𥹰蜍固灵千調夷娘浪爫分女兒𠬠勾節行沛𥱬𠓨𢚸𤾓𫷜朱論𡦂從𤯩牢托丕𠬠𫯳麻傕儉浪娘呐差耒埃曾半得麻𡎢󰆀猪󰥎𠊚冲癸𩙌湄𦉱𨑮󰋇󰘚󰠵𠸗鄧芇主東𠸗於園桃蜂戈𧊉吏別包饒吝主東𦋦塊園春花残蘂𣳮󰑼棱補荒於𠁀埃𢚁𢀭𢀨花春麻歇𠦳鐄坤摸咍之仍娓於厨𠬠旬𫔤禁𦊚務冷星冷汀𠬠隻船情𨑮𠄩𣷷渃迻𨉓𠓨󰦓埃曾默袄空袍咹粓空𥮊咹蔞空槁娘牢庒𢪀畧𡢐底揞幅像闭𥹰舌𨉓娘浪𠸗斈史經爫身昆𡛔𡦂貞爫頭庒於𠺙渃郑󰦓現𠊚細󰘂󰝡妯私情儉浪㐌斈史經牢空𤐝察底𨉓𦣰空胡陽𠸗買化𫯳唉群顔色宋公󰑼𣃣夏姬結裕課𠸗󰉺迻尹父最𧗱徐君漢初呂后當春𤯭󰠃髙祖册群𥱬底唐𠸗武后寔之二夭吏𥙩三思緣𫅷拠冲册史呐𦋦𠬠𠁀盃暢拱戈𠬠𠁀正專󰝸敢対移淡仙課畧歇𠁀𦋦魔𠊚些󰝸悶𠊚些拠揞幅像𩈘花守鐄強𥆾強絆𢚸娘斈隊如世󰖽払文君月娥別𠁂小人爫声筭斫脱身塊妄裴翁唁𣲍濁冲悶浪朱鄧𤯭拱昆些娘仃𢪀𬢱𧵆賖良緣解逅意󰑼緣天細低緣㐌𤊰緣𦝄清𩙌沫㩒船待埃𢖵句春不再來𧡊󰅒花𦬑𠲖埋花残爫之舌分紅顔𠄼更𫋻鳳𧜖鵉冷㳥望夫𠸗仍蒙𫯳眉𣛟悶痗𦟐紅配波傕又娘渚咀𦋦𡆫共昆老𠬠茄朱盃月娥車𧺀𢜠盃踈浪𠊚㐌恩餒闭迡昆󰦓敢𠳚𠳒尼唉嗔踸又仕𡆫姻緣碎𠓨𥛉像雲仙斎𡊨𬙞𩛷朱全始終吒昆𦖑呐𢜠𢚸𢮪茄所駐動房朱吹詔花𫋻躡𦊚皮古圖八宝慢𧗱蒸𦋦侈𣃣典𣅶更𠀧月娥𥙩筆題󰑼排詩粘𨖲𨕭壁𠬠詞󰒺芒幅像𠬠除𦋦𠫾詩浪英雄𠬠丿﨤婵娟責󰋇化工窖倒顛鐄𥒥共払它懇咘柳蒲分妾𨻫流連𧊉蜂戈𨄹默埃佐船栢冷汀沕𢚸專指𡶀誓滝芇固透𠬠念鉄𥒥付皇天𠄩边坡𡏧𥯓𥯌𣈘𣅘咏𢽙𠰃欺𦝄𪾦𬂙澄塘詫󰜫爲固昆󰳃又𤍎徐𠫾蹺戈滝耒吏𨖲岧𧍝吟吲唯蟡呌荣同苔𥑥蹅𥗐𤈘衝𣃣枚𡗶㐌𤎜𤑍彙東月娥𠫾㐌旦耒﨤尼盤石暫𡎢𢪀蹎𠊚𣦍𡗶坦拱𠳐老妑𢶢梞冲棱𠫾𦋦𠳨浪娘沛月娥呵須亘強𧗱茄󰠃些欺𣈘𦣰𧡊佛󰜏𠊛它覔保𢧚𫅷典低月娥半信半𪟽打料𥄮𬑉蹺𠫾𧗱茄𨀈𠓨𧡊仍弹妑爫藝綆𦀻𫄄𬗢麻催月娥停胣於耒自低買歇細𨆢准芇𠳨𠽄𦋦𡶀烏巢同䦕󰋇淡𠫾𠓨細尼次尼細次𦋦𠁀云仙課畧於尼厨廛姅𣈘𦣰𧡊翁仙󰝡朱󱋓茦𬑉連𤎜𦋦計自染病塘賖典𫢩計吏啐它𦊚𠄼歳吒𫢩㐌𠄼𠄻郑𢚸𢖵旦潭又淚沙雲仙阻吏圭茄漢明迻塊𠄼𠀧淡塘仙浪些吏故鄕恩饒𡢐﨤科塲仕咍明浪𫢩本庒埋㝵𠸗莫沛案苔遁𠫾敢󰦓排𩈘𦋦詩㐌仃𠄩𡦂歸依厨尼仙浪志鄧傘𩄲㝵𡢐拱併森𡆫買饒,Nom
luc-van-tien-full.no.txt,𦊚𢆥噷唿醬蒌苦𪬡群𦬑𢀨𢀭𦬑𫡻𣅶虚拱固𣅶𢧚勸𤽗𪧚胣朱𥾽討𣦍漢明於吏奄𩄲雲仙𧗱𠬠𣎃迡細尼六翁渃𬑉𣻆淶埃咍昆𤯩𨕭𠁀共吒𥯎廊注博𧵆賖調𢜠𧼋細秩茄𠳨𠽄翁浪啐㐌𦊚𢆥昆芒疾病咹𦣰尼芇仙浪患𮥷掣包媄碎墳墓尼芇㐌安達𦋦礼物産床讀排文祭畧盘銘生𣷮鐄𩲉媄固灵証朱昆𥘷𢚸誠㝵𫢩想皮源渃桧核功高𠦳丈恩苔𠃩𦝄推𠊚𦣰這哭𣒣𠄩𨑮𦊚討庒朋𠁀𠸗雲仙渃𬑉如湄祭耒吏𠳨𭛣𠸗於茄翁浪固矯月娥泊鐄󰝡𢩾𫔳茄鄧吹洳娘𢧚買𦋦皮庒之苦𩛜於圭虚耒雲仙𦖑呐唉喂蠲情𢪀吏𠬠囬𦀊𥹰𠳨浪娘𧘇於󰦓朱碎細妬答句恩情六翁哙𭛣朝廷頭𡳪𡀯󰲽訴情󰠃仙矯公𣈙於西川拱爲縸佞刼權𧻐𦋦仙浪感󰒂月娥碎吀戈妬𠽄吒娘共西川買淡𣦎衝細尼𦋦𬑉矯公哭連娘群扵准渃畨別牢﨤特云仙𣇜尼矯公遣於吏低𣋚埋𧡊󰘚朱虧𬌓𢚸雲仙於𠬠𢆥𣳔温潤經史底防𫥨詩侈𦖑𣈙㐌典期雲仙𠓨𥛉嗔𠫾應場𧗱茄辝謝嚴堂京師𠦳淡𠬠塘𣦎𫥨雲仙中状元科𢪀𫥨𢆥子寔󰑼𢆥𫢩課𠸗柴呐叱咍北方﨤𤝞𫥨𣈙𢧚名雲仙𠓨謝朝廷令頒帶帽朱荣皈𣈙侈𦖑信賊畨西兵𡆫外隘㐌苔兎山楚王判畧凱鐄状元𫥨飭擛乱朱衝状元跪畧陛𧏵嗔朱𠬠將饒󰠃提兵固𠊚户漢𠸜明飭当項羽孟鯨張飛㝵𠸗縸案苔𠫾𫢩𧗱於𡶀翠微隐𠇮楚王判畧朝廷𠰺𦋦他罪漢明隊𧗱先鋒𠄩𡦂旗題漢明𣈙特預掑雲仙調󰝡兵馬𠫾連衝霜蹅雪細沔隘関边畨𠄩將堂又𠬠払火虎𠬠払水竜吏添骨突元戎𬑉韜𩅘𬦃相凶𨔍𨓡漢明𫥨飭先鋒打󰠃火虎水竜𠬠回漢明𢭄𠖈雷霆𠄩払調沛𠬠辰𠇮亡元戎骨突浽衝𠄩𤽗𫼬鈽打󰠃漢明漢𫥨飭孟敵鯨𧡊払化法秩𠇮𧼋𨆢雲仙頭隊金魁𢬣扲超泊𠇮𡎢馭烏𠬠𠇮𥄮陣衝無󰠃𤽗骨突打朱最㝵倍横𢮿馭朋𫢩傳軍以𧖱題𣦍𦰟旗𠀧軍劍敎調抒火魔䀡𧡊𠬠除調散法𫥨骨突驚惶𤇊又浮陣打󰠃雲仙雲仙𨀈細陣前共𤽗骨突打連最㝵沙机𠬠丿𧼋𣦍状元逐馭及𣈙𢬭蹺󰠵戈𣃣鄧𬙞岧感傷骨突運𠨪奈包状元鉆骨突耒頭撩古馭𪔠回收軍諸軍𦊚費調㖫𡗶它最󱔚別澄𧵆賖冲𨉓㐌𩛜㤕𢚷𠬠𨉓冲𡶀別𦋦𡉦芇𡏦𨒺冲𡶀烏巢姅店盘論塘𠓨𡉦𦋦次尼細次月娥於低併它欣𠀧𢆥耒𣈘𣈗炵𦰟畑𡎢庒咍冲胣徘徊𡀯之󰞹音𢈱畧群𥱬吹𢧚胣妾喓𠻗待𢙇㐌停𥒥󰞺鐄派㐌仃𠖈准泉󰉟﨤饒月娥渚掣浽愁侈𦖑岳馭於󰦓細茄呌浪埃於冲茄塘𧗱䦕隘指𦋦朱𨉓月娥𡎢𢜝爫清状元𠖈馭𢬣衝𢭹𠓨老妑曳𠳨𠊚芇店𣅘𨔍𩈘敢𠓨茄些浪碎國状楚家爲蹺擛賊烏戈落塘老妑𦖑呐驚惶尖蒌掘渃倍鐄𠳐𦋦状元𡎢𥄮月娥兑𥆾幅像𢚸它生𪟽𠳨浪像𧘇像之𠰙埃窖𡳒容󰀩󰲾𨉓頭𡳪渚訴事情老妑呵呐姓名朱詳老妑庒敢呐奸像尼本寔𫯳娘𡎢低状浪娘𨁯吏低呐冲𠸜户像尼些𦖑月娥胣唉胡𪟽𥆁𥆾從󰘚吏𠲖𨔍𠊚𡎢枝𢬣袄虎𤽗状元䀡𧡊𠲶唭𠬠欺爫牢娘庒呐𠫾買𢈱些𠳨󰣉夷庒𦋦月娥𧡊𠳨疎戈𠊚冲幅像𠸜󰑼雲仙払它𧗱准九泉妾爲傷𢖵另沔𩙌𦝄状元欺𧘇𠳨㕫𫯳󰑼𠸜𧘇𡞕󰑼𠸜之月娥訴事𠬠欺状元倍𡲤𠖈跪𥿺𢬣疎浪𫢩﨤娘低嗔迻𦊚𥛉仕排源干󰋇𠳒誓海盟山芒恩畧沛謝恩朱耒雲仙本寔𠸜碎﨤饒𫢩㐌匪囬約𬇚月娥榜浪巴󰁍姅𢜠姅𢜝姅疑浪畨疎浪払沛雲仙呐𦋦𣅶畧根源仍󰑼状元呐昔𠸗𦋦月娥欺意哭和如湄恩情強計強唹当群盘泊𡗶𣃣𤎜𦋦侈𦖑軍喝󰠓移𦊚皮坡𦹷調𡆫干戈状元連馭阻𦋦𦰟旗題𡦂𠸜󰑼漢明漢明欺𧘇仃兵英㛪𢜠𠴊訴情󰠃饒明浪良嫂於󰦓朱㛪𦋦𬑉姉妯󰡫芇状元󰝡漢明𠓨月娥𨅸曳𠰘嘲貴員明浪想姉於畨决󰝡兵馬細沔烏戈𫢩它森合𠬠茄擛它安賊欧𰙔囬朝状浪娘併爫牢娘浪英唉囬朝奏𨖲仰𬂙量𢌌皮𨕭嗔他罪畧買𢧚仍󰑼状元辝謝老妑吲𠻀𠳚吏月娥𣈜󰉨些辰𥙩幅像尼奏戈塊罪逴𣦍𧗱茄仙明𠄩馭阻𦋦󰝡兵阻吏朝𰙔𠬠皮楚王𦖑状元𧗱朱官𦋦逴𠓨掑边凱楚王𨀈𠖈金階𢬣𠳐󱋓𨢇賞才状元判浪朕𢜝渃畨固𤽗骨突法仙𨔍𨓡𫢩麻除骨突衝寔𡗶生状𢩾冲渃茄󰂇油畧固状𦋦爫之典浽月娥貢胡令傳待宴朝都咹𢜠󰉨㐌西烏擛耒状元跪奏𠬠囬月娥各傳頭𡳪𤑟𤉜楚王𦖑奏根原判浪朕想娘群於畨庒𪟽娘貝状元󰠃饒課畧泣縁𣅶頭太師畧陛連奏西畨曳賊閉𥹰拱爲詐婚怨𫇰群𥱬月娥娘意罪欺㐌仃太師温奏朝廷芇根原畧事情仍之状元𦋦畧陛跪𤼸𨖲幅像𠬠欺爫憑楚王䀡像判浪月娥貞節共朋𠊚𠸗於𠁀牢庒別馭少之昆𡛔麻迻細娘油朱日月𤑟𤉜坤𤐝𡊱挹拱芒㗂𠁀𠖈𡗶埃敢改𡗶𭛣尼爲朕𦖑𠳒太師状元奏事太師爫碎庒鄧吏私怨󰠐加添浽󰲿郑歆郑歆課畧謀󰠐害碎𫢩㐌𤑟󰘚佞耒仰𥉩量圣栽培󰡫芇楚王陳判冲朝太師悶併理芇㝵𡢐咍󰑼董卓謀溇餒𬂙吕布防欧漢權咍󰑼元載謀𥢆餒󰮇雀彦蒙專茄唐咍󰑼安石𠺙奸餒󰮇秦卞防筭宋朝𠁀𠸗碎佞別包太師㐱固恪芇曹喂筭專倚𡄎嵬𡗶𧡊𠊚忠正劍𢈱󰕔坡典𫢩買訴正邪拱爲課畧在些𨇒用傕匕些拱𢌌容太師拮聀𧗱共民間郑歆󰑼󰻛暴残交朱囯状默筭法刑月娥󰑼𡛔忠貞敕封郡主顕荣朱娘矯公復聀太卿吏封巡撫東城治民状元寔等良臣敕封相囯畧行公卿漢明封聀縂兵英㛪𢜠謝丹庭調𨆢户王户漢户裴共饒㕵𨢇調盃調唭状浪嗔𠳨𠬠𠳒郑歆罪畧各𠊚併牢左刀引郑歆𠓨󰘚𥆾𧡊伴𠲶嘲浪英明浪埃曼呌英畧它󰝡𠺙庒苓辰傕引𦋦鉆郭朱耒底之𣘃𬑉苦𡎢錦肝直浪英渚呐昂折𧋆埃用鎌鐄爫之𠸗𫢩󰋇𠁂󰟁󰀩油朱奴𤯩爫之成身歆浪洳量大人本碎買曳𠬠吝嗔容状浪些𨅸英雄芇埃固𣩁𠁂󰠃爫之傕又些拱𢌌推傳軍𬮎𨴦𨒻𠫾朱耒郑歆塊𣩂𢜠盃倍鐄跪𥛉嗔𨆢𦋦𧗱群𤽗裴儉𥁚羝虎𤽗告病嗔𧗱矯𥹰漢明子直𠓨奏嗔迻國状及朝荣歸𠬠𤽗裴儉庒𠫾冲𢚸它𢢆拱爲虎台状元車駕倍鐄差軍户𧗱逴娘月娥泊鐄󰝡謝老妑逴娘迻細𣦎戈東城網條梇𬦃𦆆𣛟状元子直漢明𨕭塘郑歆𧗱細寒江㳥神浽曳船払沉𦖑郑歆沛󰠩𠽆屍寔𡗶果报理尼叱㕰爫𠊚庒𢪀畧𡢐謀溇吏默祸溇庒迡小童畧𡨹墓尼㝵戈𣎃論㐌苔𠀧𢆥碎𠫾勸教買𢆥併󰝡骸骨𧗱𠽄主茄嫌爲庒固𠊚些唉群疎矧𠓨𦋦渚𧗱状元𣃣細大堤傳軍𩂏壙祭兮童𠸗想情師弟過唹拱爲户郑課𠸗謀󰠐讀文配動冲𢚸𠄩行渃𬑉𣳔又如湄侈󰦓𡗶坦窖迻小童𧼋細𨅸𣃣𠬠边𥄭𠓨牌位𧡊𠸜郑𢚸童買哭𨕭闭除状元𥄭吏承唹姅信浪伵姅𪟽浪麻𢬣捞渃𬑉𨀈𦋦小童𡥵於󰦓麻細低辰昆呵呐󰠃柴根由渚𤑟故尼爫牢小童達󱖺奏𠓨闭𥹰𨻫𠹾音耗汜油排𠳒叙事𡳪頭𠀧𢆥𨻫𠹾惨愁細𫢩悲除伵㐌﨤柴荣花𠬠課森干牟状元車駕𠖰連丿󰦓㐌細𧵆沔秦江武公自𠖈𣷮鐄彩鵉󰠃媒瓊荘𤴬愁媄昆仍莽卢欧𦖑雲仙𤯩﨤朝公名浪些初拱恩情沛𦋦迍逴払荣皈󰉨鵉浪𨉓於庒𫨩𠲖𠊚群𢖵仍㝵冲𡎟荘浪昆固紅顔朱払𧡊󰘚辰払乙唹󰂇油固𢖵跡𠸗媄昆些吏杜承武公󰠃饒盘論㐌衝𤐝𠻁打蠟𦟐紅逴縁𫢩㐌細𣅶状元寒江𧗱細侈連埬軍泊鐄珠玉襖裙状元󰝡細𡊰恩魚樵,Nom
luc-van-tien-full.no.txt,漁樵󰉨㐌名標恩𦋦𠬠貝𧵑𡗉𤾓車状元辝謝𦋦𧗱𧡊瓊荘細𡎢掑捉軍彩鵉畧駕欽傳媄昆碎細𦋦侯状元父親㐌𠖈黄泉嗔傷𥙩妾婵娟分尼状浪挷鉢渃苔覩𣦍𠖈坦㧾󰉨朱衝寃家女畧呂衝少之𢧚浽麻蒙細隊漢明子直調𥋳𠽋唭花窖爫𠿃嘹蜂𠳐朱𢚸庒𢢆𢚸群芒󰘚細㧼蓬爫之明浪牢庒於𠫾𧗱朱嫂嫂拖欺捇𨃐媄昆𨅸時春台調卞辝謝疎󰉨𨀈𦋦阻𧗱渚及細茄𧡊𠄩翁𤜯𧼋𦋦迍塘汰調扒媄昆娘󰝡𧗱吏補冲𡎟蒼松𦊚皮𥒥泣莂蓬媄昆嘆哭坤𬂙𨅸𡎢𠁀𠸗呂女󰋇回惜台𪳔粉點味闭𥹰唉𠊚爫𡢼𠊚𡢐﨤欺患𮥷󰠃饒󱓨𧷺仃群抔斫媄昆托它𠅍刧㗂群碑名状元𧗱細東成六公𫢩㐌𡏦营於廊排𦋦六礼産床各官𠫾户𡠣娘月娥𡢽爺㐌称𡢽爺󰉨𢜠𠄩户𠬠茄成身𤾓𢆥誰𤎜精神生昆特󰡸𨃴璘𠁀匕嫌爲格阻堆尼𢧚之沛寫𢁍𠳒吟哦底麻除待儒家沛修節行買𦋦歷𠊚仃群悲𢪀事𠁀根由自意𠳨𡗶麻傕,Nom
quoc-am-thi-tap-nf.no.txt,谷城南𦫼蔑閒昆隊遁樣埃眷󰜏馭𤷍少几𧜖𬇚𪽝狹囘坤且𩵜茹涓趣󰱃礙挼𤝋朝官拯沛隱庒沛谷城南𦫼蔑閒商周件𪧘各諸堆舍另身閒課役耒檜俗茶常坡渃雪尋清中日羡茶梅𪀄呌花𦬑𣈜春凈香論碁殘席客催盃固蔑念庒女豸道濫昆免道濫碎老少諸𢧚節丈夫免羅倣樣道先儒片冊𣈜春𡎢枕勾󰡎功名刁苦辱𥪝曵悅固風流蘿梧桐課末秋是非󰅹典𡎝煙霞𩛷咹油固𦼞㙁渃養朱清池賞月坦𦓿午隘𪽏秧花工欺興動皮店雪𢷀包饒蓓匕淋󰞳𪮏襖旦叢林棱饒核葉花迡動塘𠃣𠊚𠫾𦹵急侵踈帶俗嫌勾帶俗主無心倚客無心竹椿軒永工欺意能某山僧𬈋伴吟𬈋𠊚拯固德共才𠫾擬調𪰛劔歇𠄩險旭󰘂權庒突吝清閑案冊矣刁帶坤別𢚸𠊚𬑵𨱽拯才兠称聀先生󱃨勤約操園諸子案冊核畑𠄩伴𪧘窻梅軒竹蔑𢚸清群忌為咍蔑𡨸丁緣󰅹刁等庫庒赦𠄩𡨸麻恾役國家才劣辣饒𢧚劔伴君親渚報𢚸更更情負𩚵𡗶襖吒襊踈䕯𨢇𬋩情控挂用覃歆𠇍琰塘蟳庵六辱船頭𣺽蠔質樞離㯲檜廊吟索尚䊷工課意㗂嘲𠰺泣滄浪吝木𬈋之朱辱唏瀉𢚸清味耨渃𡍋坦隘𪽏夢葸廉勤節竒須恒捻詩書實意寶𠦳𠁀景似厨纏𢚸似柴固身渚沛利名圍店清吸月迎󱋓𣈜永𫀅花把核核𦽔𣑳梗𪀄結祖𬇚光戊幼𩵜𢧚排𠃣饒瀟洒𢚸外世能蔑翁尼枼趣尼𦹵撑𨴦養底𢚸仁業𪧘詩書恒蔑職緣初香火象𠀧身顏淵渃貯瓢群月鞋花群𥾽琰青雲身閑油細油𨙝伴𪧘少庵畑免冊性涓庒劎竹共梅斜陽俸我課江樓晷東豸月印鈎𤌋沉水國涓滂鴈篆虛空󰊄偷船𫵈群棹庒肯杜𡗶班最約𧗱兠皮󰮏󰁰餘糁𫡦秋𦝄𦓿䏧耻相󰔄句,Nom
quoc-am-thi-tap-nf.no.txt,礼樂閑制道孔周鉢鉗义如恩社稷閒𦫼𦹵隊󰆙唐虞𮈔毫庒固填恩主𠰺廊溋𠇍士儒泣輕𠀧󱞉阻吏平枌榆了鳥傷圭𪧘蔑丿清閑工課意千金約対特咍庄𣈜永𫀅制冊蔑案窻隂香羡𤌋初殘湄秋灑𠀧塘菊󰊄春迻蔑𪽏蘭隱奇路之城市女󰅹兠羅拯坦茹官突衝丙細盎干戈迪𦫼些養性些双曰恒例片冊𪧘歆遙𨇜𩛷鉢鉗义店清月現外軒竹𣈜永𪀄呌檜㯲花君子矣林卞志𪧘庒謳兀庒謳𫅷滄浪𠇍坎蔑船勾景邏店清興𪽝兠月木頭𡽫鯨唯㗂𤌋散𩈘渃蜃空樓江山淡特圖𠄩幅些乙𢚸朋文正女盃初庒𬋩刁歐庒朋掑󰘂哎孚匕𣈜閑󱰙卷䀡周易㐌別󰘂權饒險旭朱咍塘利極觥觚從尼谷特皮欣舌渚易平埃旦買都鬪㝵𠫾羅𥒥𤷱唐花咏勿竹論𬮌牕豸侵唏𪹷㗂猿呌󰠓隔𡽫湖清月現俸𡃋󰁏邑共些𬈋丐昆庒咍立立㐌𦊚󰁰人情埃塢菊夢󰁰𢚸󰅹尾某唏唏𣈜𣎃󰏲芌仍產恒墙桃午槾碍㫪升道些忌𪽝眞𡽫跬𢚸世信之𩈘渃平池𦹵特勾吟󰠶軒梅扲󱋓𠳨𦝄誓共猿鶴工𠄩意𧡊固埃嘆渚代𬟙吟𠮾山林免市朝󰅹兠羅庒坦唐堯𠊚貪富貴𠊚恒重些特清閒些舍腰奴僕乙群𠄩󰜙橘室家庒𬋩蔑昆𦫼勉羅瀟洒戈𣈜𣎃祿特包饒咹閉饒固夢自然吏固核事爫詠勿乙群迡始終某物調如主動靜󰅹埃庒𪽝柴喜怒剛柔雖㐌固義仁礼智馬朱亐咍文咍武𪰛用旦拯㐌坤𦖑窖苔董頂朝歆𢴑𪮏𬖉世界丿𪀄󱢐𡽫高𡽫𥰊𩄲熟核勁核󱟇󰊄咍渃𠇍𤾓秋群丕月包饒刼忍尼外蒸每准調通歇盃蔑𢚸𠊚極險台山水閑制分庫巾𬮌權險旭碍村真醝明月茶𠀧󱋓迪清風𦫼蔑閒午𬮌儒徐客典槞核德底昆咹特輸富貴油天命𢷆木𬈋之朱辱因唐椿課𢶢蔑𦓿事世包饒榅㐌亐杷丐竹烘分𤂬抉昆庵底貯𩄲池貪月現庒󱖮𩵜棱惜𪀄𧗱礙𤼵核油孛油仙埃几𠳨翁尼㐌固趣翁尼於渚泥咍𭓇古人另命朱塊盎風塵𪀄呌𩵜沫安隊分鈎夐𦓿閒養某身茹兀𬞚空錢母子疾饒𫊚別味君臣意群朗蕩𬈋之女舍惜命制盎水雲眞庒律旦󰘂王侯意歲󰅹世㐌泊頭料𬮌茹𫀅平館客󰝡功名対𥙩芹鈎身它歇累身𢧚珥孛意羅𢚸孛呵求𢝙蔑君親恩極󰪀𮈔毫渚報矣群歐庵夐燒香讀五經灵臺瀝蔑羕清茹群詩礼歐之兀𠁀乏文章枉某名頭焟隊𤷱巾杜甫𪮏群路𦷫菊淵明之羅𧵑消𣈜𣎃踈蔑𠄩篇𨢇蔑瓶想身虛幻浽平苞志𪧘功名愠𣳮膠院固花殘庒括坦渃群月現舍摧棹𢚸𠊚似𩈘埃匕恪事世平碁北匕嶤空歇計之𪮏智術抵隊欺我失欺腰耨𧗱圭𪧘閉饒春朗賞渚離䋥塵於世仍嫌戈某世固身𪰛舍谷蒸身園群椿竹當𠄼畝鈎約功名対蔑芹襪把鞋荄巾谷清腔𬈋某打村人塲文𦣰我𠇍秋餘枉損功閑辨魯魚群𠰘似瓶它㐱𡨺固𢚸平竹某𢧚虛燕自裊落茹王謝橛㐌侯収𢚸婕妤㐱舍雷麻守分吏脩身恪默詩書圭𪧘茹些少𧵑󰅹蒌工内𩵜工𬇚隔牕梅醒魂姑射掑渃琴迻㗂九臯客旦園群花落踈𢧚󰘂𧡊月𠓨景清羕意庒𧗱擬吝矧𬈋之盎槾桃案雪󰁰秋枉讀書矯群律律𡦂相如渃𡽫計泣圭何有事業閑誇賦子虛昆𬑉和撑頭易泊𦝄坤𭓩祿𢧚辝埃埃調㐌朋鈎歇渃庒群固史魚自𣈜趿會風雲補報渚兮鄧某分梗坤當權相府𬧾午特坦儒臣約皮把恩明主歇跬扶道聖人國富兵強庒固䂨朋碎󰅹所益蒸民黄泊茹庒固某分冷世𩚵𥼲特奴咹論課冬恒如𤇮律務夏矯答𧜖鵶兔似梭𫀅吝木󱃨𦓿羅趣仍村真忌𡗶群固悲饒女之歲庒嫌几庫巾笣𬈋棹竹𬈋茹特趣盃𣈜𣎃戈𩚵几不仁咹倚渚襖𠊚無義默庒𪰛塊朝官買咍恩主生特昆𪰛感德吒明課太平腰歇則奴𢚸自在𬋩之羅弄弄𡗶私㤕兠󰅹埃庒隊於𨕭頭双𬮌玉雲煙隔待𢚸丹日月偷𪀄典核高𪀄擬杜橛咍秋冷橛初收外𠄼󰁰歲外徵世乙㐌𡃋平渃於瓢昆棋快𨢇苔瓢隊渃𡽫制𬋩油踏盎𩄲掩布檜𡎢邊𤂬閣芹鈎江山𩈘𧡊𢧚涓熟名利𢚸󰅹約卓求王質情期些厭𠳨嫽配配𧡊仙兠棹蘭閑扒課斜陽蔑𤼵戈𠫾蔑邏樣岸怒󰖚沔釆石廊箕󱫤景瀟湘行𪀄俉欺船杜暈月󰁯課渃強模特趣牟工課意世間咍蔑客文章󱋓庒路祝󱶊羅浮客典吟制免固句𢚸蔑𡬷丹群汝主𩯀𠄩分泊𪽝傷秋庫卞買沛𠊚君子命亘𪰛𢧚几丈夫𦓿𬏑󱃨園油歇跬碎唐虞於坦唐虞渚忌𢀨麻押泥󱊻庒沛愠坤𦖑抅䂓世閉𦛌沃曲考𬈋之𢁑槐𠄩𡦂功名庒感谷蔑場恩𭜨仍歆希𬈋𠊚馬忌欺權󰟨固課盤碁卒𧻐車𬙞糁󰁰平蔑扒𪮏𠊚生於世某閑台蘭亭席合𩄲幻金谷園荒󱸿𦓿日月𤐝隊准現冬夏󰠵㐌初咍些群朗蕩𬈋之女象固𡗶排達為竹梅伴𪧘合饒涓𨴦槾墻桃眞礙旃制渃制𡽫刁癖𪧘戈𣈜戈𣎃養身閑𪰛嶤事变饒平𬨻茹兀官清冷女畑味世䔲荄共曼札乙饒它尾没𠄩畨固身𪰛谷可𬈋牢朗凭功虛歲索󰅹𠊚幻化誇身幻化課占包說事占包棱禅乙𧡊年覃䕃唐世󰅹尼庒𥰊高埃浪梅花清歇則吏庒特劄曲離騷蔑𦓿蔑󱃨趣茹圭盎菊蘭杄捤豆󰏲客典𪀄明花侈𬈭茶煎渃謹月刁𧗱伯夷㝵浪清羅趣顏子些𫀅兀意例係㗂𭁈冷𦖻𬋩㙮求埃𠸦免戾埃吱文尼吟体某村員滄海咍犒鉄石𤷱志𪧘些料饒事旭𠊚初史劄体埃群月穿呵易偷𢚸竹渃沚謳坤掣俸𡽫双曰吏算󰅹𧵑積泊梅黄菊底朱昆旦場桃槾萼庒通圭𪧘於𬈋主菊椿愁󰪀少陵邊㐌泊興饒北海󱋓諸空梅庒𢯏傷梗玉竹日𡍋惜沼𧍰盃蔑𡬷𢚸憂愛𪧘店𣈜滾滾渃朝東景𪧘𡽫圭日祝夢占包𪟽㐌旦𥪝茶煎渃謹瓢印月梅𬈭花刁俸隔牕󰊄日迻戈竹塢𩄲𣻆󱸶葉書房式𦣰擬艾群恾象𦲿諸埃括𬮌椿昆𦫼𫵈𫵈葉牢󰡰世庒朱𣷷某毫客邏典㟁花渚𬈭勾牟吟胣月強高仍恾吝橘園蘭菊乙𪿒令挣盎槾桃馭馭車車羅綺𡨧熠燿羅意占包係几𬈋官㐌固緣細雷默分自然身初香火庒群約志𪧘功名㐌丕願𥘷和廊意福𫅷特𫤍羅仙朱𧗱朱於調恩主路沛村真旦𬮌權檜核羅𥒥𥙩𬈋茹隣閣埃侯模旦些𡽫邏渃清濫鬪坦凡𡎝俗隔賒天台𦷫束緣及渭水招鈎歲𫅷骨冷魂清庒肯化謳群女主共吒金谷風流女底荒歆埋枉𠺥辱筭當𢀭󰋇刼貪婪閉𫪹包󱸻到底恾羅綺熠燿行𢄂合𬮌茹𥾽練祖螉藏篇踈案冊戈𣈜𣎃蔑刻扲𢧚󰋇两黄𬏑堆巴坎坦昆螉苔四唭𦓿矯慢夢事固求𠊚年礼𩈘分雖浪庫免安𢚸秋庵𬮌竹𩄲撫春凈唐花錦封埃固𧵑通防󱋉客蔑𬇚侫侫買茼茼茹兀平些埃几為庫巾沛累旦妻兒得𪰛親戚旃眞旦失所廊盈迎𩈘𠫾𦫼賤顏淵尋細杜唐穷阮籍哭𬈋之書牕永尾閑無事𦖻拯群𦖑㗂是非𢩣文㙮𬮌論𣈜秋畑󰀋閑𬈋双曰儒收特算之機漢楚𢧚庄仃礼件商周醝味道茶巴󱋓瀉𢚸煩踈𦊚勾庫免盃庒所責為蒸𠁀固主唐虞庵圭𧗱於養閑制安分安𢚸矯㗂唏些𬋩逍遙戈某世埃曾富貴󰋇𤾓𠁀身閑典准油自在春悶󰅹花拯𬈭浰忍𧡊愚公須舍𠳨𡽫自尼馬損功移𪿒於人間䋥塵𪰛𦣰村野免安身竹梅庒負𢚸君子猿鶴它涓伴逸民𦷫菊秧蘭香𣷷襖,Nom
quoc-am-thi-tap-nf.no.txt,尋梅踏月雪侵巾弹琴𤂬工腮准群蔑𡽫撑羅故人𫅷制酉固𧵑奴用󱋓𨢇勾踈意興濃𪟳丁馨𦣰𬮌竹醝了少頂唐椿𬈋官他曵才庒𨇜𧗱於清閑限㐌烘浪又㝵浪鐘意石棟𪰛拱固㗂工又身閑道恰西東唐細󰁰秋塊倍紅󱔔縣花群眷客𣈙邊雪㐌𢧚翁停咍滄海隊𪰛变它別人間每事空拯乏江湖尼永尾景清路約景𡽫蓬富貴包饒𠊚世間麻匕朋課職槐安名𦹳蔑盎𩄲浽伴𪧘巴秋蘿殘𢚸賤𬧾油日月誓初虎固江山意群忌局𬈋之女裊骨渚濃󰥺渚筭站自然蔑草庵油𢚸𪠞北免𧗱南棖禪定𤞻𦣰直𣡚𪰛𭤕猿辱󰝡𡶀廊盈𪀄部伴𩄲客次月󰞿三漕溪𣳮𠦳尋𤂬瀝庒群蔑㤕凡𡽫富春高渃渭清𩄲涓月客無情坦天子養碎天子代太平𰙔曲太平𩚵襖坤田堯舜治𩯀𮈔渚報媄吒生𣈙明天下𠄩𧵑宰相䝨才主聖明庫巾𪰛默固忙包強庫包饒志買豪大地苔南岳跬九霄永北辰高󰟵欺覃䕃坡欺冷渚課枯槁固課𩆍箕裊蘇秦𣈜𨎠渚刁相印固埃嘲站自然蔑糁𦫼戈𣈜𣎃󰟵兠饒𫗄羡簾台箒括𪩮掑󰘂矯畑拞𩚵咹拯𬋩𦼞莓襖默奈之錦絩揨檜核𡎢烘沫𦫼囂些矣蔑𦫼囂平生染特疾踈狂昆𫲤饒𣈜𠺥庫楊羅綺𥙩兜庄䋥洒熊魚坤劎沛𩝎慵𬇚官且改𠄩𤿤𡗐坦孛秧如蔑𪽏𬟃群固蔑𢚸謳役渃店店式忍裊初鐘功名㐌特合𧗱閑冷𭁈謳之世議𠸦𬇚𣴓越䕯𦔙夢池清𤼵𦹯秧蓮庫收風月苔戈耨船阻煙霞󰠱尾杄盃固𠬠𢚸忠免孝𥕄庄鈌染庄顛另塵耨趣山林蘿椿弹㗂竹琴冊𪧘𣈜尋𠊚有道池清店眷月無心醝歇𡬷𢚸鴻鵠𠳨𬈋之事古今世事油埃咍纀𥾽蓮󰅹固变工淋強蔑𣈜強兀旦昌乙為數命乙文章𠊚嫌浪菊戈重九几矣朋葵向太陽茶課煎𪰛命謹渃琴欺弹遣妾燒香𡽫圭𣈜怒占包𧡊猿鶴庒恨吏仍傷𡽫荒幀尾蟄𠄩岸渃󰋇𣳔清玉󰋇寒念𪧘生靈刁乙󰠱詰徵湖海達諸安仍為聖主謳𠁀治可計身閑惜歲殘承旨埃浪𪰛庫兀襊踈貯歇每江山羊腸塘險曲孤規圭𢄂包饒客底車富貴󱏪霜𦰟𦹵功名改蜆梗槐風流𤷱痗𠀧唐菊𣈜𣎃消磨蔑鉢茶眞𧼋𦑃󱗟埃某分天工󰅹固所私𩂏𡽫渃共些㐌固緣特閑舍養性自然長庚𠳨月𪮏停󱋓坡老制秋客浽船𢚸庒默貪羅𧵑寶𠊚麻歇累意身仙𢃊堯舜民堯舜羕意些它丕所願少年場屋㗂虛𫹊沛累為名㐌虎台盎菊椿涓圍部伴𬮌權貴𪿒歛眞𪮏戈隊景劄勾隊景閑蔑𣈜𢧚卷蔑𣈜歲㐌𠄼󰁰頭㐌泊意群瓢練𥙩之為於世常嫌恪俗𤽗典低浪歇㗂吱唭計𣈜昆渃算潮落𠰌󰕛尚䊷斫𩵜鮮酒對扲󰝡踈蔑首些共俸免月𠀧𠊚𦖻常倣樣勾埃讀室人生𬙞糁󰁰𢀭庒及庫群平名利𢚸它乙仍仍徒竹衝戈𡔔𤂬尋梅燒踏俸𪩮江山八歹箕圭𪧘松菊扶持意𧵑恒蔑丿清閒工課意𠦳黄約対特咍庄瀟灑自然珥歇命奈包嵬奇盎功名無心池固𪩮泊得趣庫苔󰊄清𥘷油制昆造化𫅷路服束長生養閑免特戈𣈜𣎃𡽫渃群󰏲准有情𪹷爌踈匕俸竹𩂏核庵書室浪朋絁訴詳片冊昆周易盤泊𢚸閑丐橘茶隊課庫巾庒綴隘体尼抄確㐌眉泥𣈜閑󰊄寬寬旦撻撻掑牕職槐𮈔𩯀諸兮報所生𫅷和屡碎饒行蔠荄你唐名利蔓辣奴味世情冊蔑𠄩片𬈋部伴󱶊𠄼𠀧󱋓対功名外蒸分意求兠女求蔑𫮋瑰代太平昆𦫼𫵈𫵈隔紅塵詠勿𦊛務仍伴親竹蔣詡𢧚添節勁梅林逋抌特勾神丈夫𡽫永羅知己仙客源庵意故人𠇍𧵑腰當它占特吏蒙占哿歇和春路之仙孛辱尋芳特趣安閑𣈜𣎃長牕固花梅池固月案群片冊篆群香碎𤽗蔑節卞朋𥒥邊𩯀󰁰分𠺥仍霜𡨸斈𣈜初涓歇樣拯涓固蔑𡨸綱常富貴𢚸欣富貴名身和自在趣和清錢蓮積底包饒𥴗鐄菊󰝡朱別𠇍瓶外󰘂槾桃羅客杜工茹柑橘意碎命埃咍埃拯咍𪰛渚盃蔑些𠸦些有情𦼔閑無事意樓臺𦣰於拯曾屈擾埃雪淡茶梅勾易動池印俸月興添曵卷詩書仍忙涓𩈘㗂是非庒凍旦腮拯𧡊繁花工課怒𠃣饒改蜆梗槐𢚸𠊚蛮觸辱都唏拯谷人生改制梭日月迻戈某丿盎繁花合󰋇𤾓𠁀花強誇𡨧𡨧𪰛呂渃渚朱苔苔乙為買別盈虛它固數埃曾改特𢚸𡗶斫算渚枼裊平生旦課𫅷吏責命苦竹拯於𢚸客薄老梅舍𭓇湼𠊚清功名呂唐無事𡽫渃󰏲准有情󰅹𧵑檜盆工課意固踈苔𬞚𨢇苔瓶吟咍味道極烝唁𠦳刼𠱋咹揾矣群日月易戈邊󰺛綱常坤变𡬷𪿽埕鐄拯惜名𪰛惜羅𥒥咍𤷱義拯𤷱宁康康埃女負扶持罵可底村員鄰羅免景山溪事世𢧚忘歇每皮𣳢課潮強除月木核欺鵶吝綽𪀄𧗱𢀭默分𢢯𢚸約室安貧意古例乙悶典制城市女謳羅𡽫渃奴弹吱才雖庒午智庒高權旦工𪮏志買豪𠰘遣酒兵破壘麴命爫詩將頂𡊨騷琹樞歇馬碁樞象𪀄扒工棱亇扒𬇚群固英䧺包拿女隊𪰛丕易欣󰅹世仍唭些浪打踈曵和俸湼𪪏居驢尋岸𬡹如梅保船浽𣳔秋固月迻外𬮌明𠊚油丐󱮒𥪝茹設客默昆棊襖仃蔑糁𩚵𠄩𩛷分意蒸些㐌固乘𬈋𠊚咍蔑和咍𠄩馬忌廊馬忌才節直朱朋𥒥𨫊唐𠫾舍另蔠荄𠰘𠊚似𡧸味戈兀道聖朋𮈔䋦矣𨱽午沃讓謙羅美德堆姑埃易劍之埃當機埃几肯讓埃輸特情期固蔑埋甓曠󰅹排貝玉𧤁恒仍木戈腮爫冷買忌渚爫𭁈固德𪰛欣女固才𠇍几斯文生坦越道尼鋖䋻底朱曵裊初尼拱蔑塘低觸觸裊三綱道尼底工𡗶坦義意卞蒸𥒥鐄󰊄急咍羅𦹵勁濁饒易別唐光碎𤽗𪰛蔑𢚸忠孝馬底𠦳𠁀㗂虎馨𫮋瑰𣎃𠓹免𣈜戈𨻫負朝庭𨻫負茹頭髻陵矜仍虎身閑六局某𫅷江山隔唐𠦳埮事業盆店𫪹𠀧女𪧘䂨󰅹報補恩柴恩主免恩吒嗔𬈋某部𬋩江山固別兠羅事世閒檜𦷫𬨿油竹布琴迻󰊄默椿弹𣈜𫀅花𬈭拯掑𬮌𣋁綽𪀄𧗱馬落岸,Nom
quoc-am-thi-tap-nf.no.txt,𠳚恠漁樵𠄩𠀲吝𧵑埃𡽫渃遣些盤𠅜賦性揾𢧚形乙㐌澄澄裊課生呵拯变移共世態仍謳私最固神明鳩𢚸孺子爫踈曵𰙔曲滄浪別濁清察事㐌戈台事典包饒尼辱𤳷尼荣燒香讀冊抉昆庵拯孛拯仙乙拯凣暎𬮌𦝄梅㙮匕掑窓󰊄竹南南頭𡽫少室顛朋墨𣳔渃濂溪綠女󰯡瀟洒󰋇𢚸它模特保庒肯模蔑𢚸𦹳𡽫西俸鵶㐌恾曾認嵿松楸往澄書雁落來欺󰊄㗂鵑嘓󰬚課𦝄家山𪧘群恾象身事𫅷丙呐能庫兀戈𣈜嗔𤯨嗔爫𠁀治某太平福咍生及課昇平赦那戈𣈜特養命工𪾺仍明恩部伴𨕭頭𨻫隊德朝庭歲高𩯀泊丐鬚泊茹兀畑撑昆𬑉撑於世等󰅹羅𧵑重𬐩拯㐌道𬈋冷運治共乱軫默𪰛朋些生枉固𬈋之恩𤤰𨻫饒分隊役渃󰅹益某皮立細㐌庒咍准細侯𠫾吏渚別塘𪠞碎𤽗歇𡬷𢚸忠孝埃呵料尼盛衰渃吹渃䖈挼隊朝船客制秋各例掉𫂚托𪩮楊󰟨興㠶因󰊄默欺漂萉萉頭泊翁鈎泊了了溋撑昆𬑉猫鷗鷺共些羕固意典兠𪰛体奴𠫾燒𥿕自然𦫼蔑閒𢷀空汰汰糁紅塵𠦳行柑橘昆隊𪧘󰋇打漁樵部伴親体月𫭕𪰛計𣎃認花𦬑買咍春𦓿咹淘㕵安隊分事世拯咍㐌漢秦几𪰛𢧚孛几𢧚仙象𧡊𠀧身㐌固緣彭特殤輸昆造化鷂󱗟𩵜𧿆道自然固身罵戾乏朋友讀冊𪰛𫀅体聖賢些裊於兠𬐩趣蒂㝵初隐奇路林泉自然㙮対道𡗶消長盈虛蔑丿移莓免𦼞油𨇜𩛷絩共錦默蒸代功名𥾽練𫅷屡造化冬𪪏𥙩制事世㐌咍𪰛丕固埃谷特某𫫀匕娘耨戈𣈜拯路饒眞棱𥿕蔑閒𦫼𬮌嫌客俗󰅹朱典牕永𪀄凡渚細呌󰭾花殘𫀅玉用𤐝月醜矯畑拞𢀭仍𧵑自然意恐輕油𢚸於坦堯枉固身閑極所挼󰏲唐曵悅某𢧚吹󰅹埃易固𢚸真實於世信之𠰘待盃啌𫫤几唭共几說庫巾𠊚易免𠊚唯人間每事調嵬歇蔑事君親拯肯嵬裊自渃固刀兵赧那庵圭景極清亭潄玉煎𭶙雪乳牕梅花點卷羲經限尼女負巴唐菊惜意為咍蔑𡨸丁每事㐌庒群約女願嗔蔑体課昇平繁華蔑段醒眉󱫣鐘殘景󰦕踈𪀄固𠰘呌謳吏吟𤞺勸𢚸於馬群𪟽拯掑󰘂惜𡽫𩂏屈舍底船朱月阻如些乙悶閑官悶冷卢台為累沛蜍於𥙩兠出處論𠄩皮特趣爫官秩趣圭𣳢𣴓約於爫哏哏𬮌權丙默襖妻妻明共猿鶴涓𢚸審㐌矯蓴鱸保限𧗱從且油些外世界羅𠦳𡽫渃蔑尚奚午𪰛𦣰対吏咹役萬埃𠳨襖逋勤幀張壁奈之幅亭賞蓮能固閒園瓊油𪀄呌唿𡎝󰡰固竹亭垠𫅷愠𥙩𨢇扶跬和吏涓𢚸庫巾渚群拯拯渚拳拳𢚸矣朱卞道孔門積德朱昆欣積𧵑都冷共世馬都坤蔑念忠孝爫䮽竒𠄩卷詩書意寶墫於世爫之拘束女兒孫㐌固福兒孫世間唐險呵庒咍強群𠫾意托為渃蜆風光侯󰋇刼棱儒赧那免戈𣈜𩯀𢧚泊𪽝𢚸憂愛疾特消如𬟥䔲荄騏驥駑駘㐌固帝几認朱別吏坤咍性乙陳陳裊生礙隊𪰛󰟨变饒行歲殘景㐌𧗱班悶𩯀泊边坤斫吏撑於世𪰛朱些仍舌誇命可𠺥𠰘浪冷謙讓意買󱢌君子埃𧡊夷齊固所爭愠生吝矧某𫅷每事調𢧚舜若多󰜏馭油冷󰅹伯樂丐鎌忍固少張華唁味道片黃卷瀉𢚸愁󱋓紫霞風月油些埃几断特吟哦乙舍吟哦庫巾羅𧵑世間厭況某𫅷曵悅添菊待旦秋香㐱悶梅生沛雪冷庒嫌家山唐隔𨷈琰憂愛𢚸煩姅店𣷭險人間埃几別󰏲台󰟨渃為戈𣼺欣舌停分事渚料特閑些乙舍逍遙玉冷󰅹固𮈔援黄實謳之焒燒綺里呵求官爵漢許由𬋩於渃𡽫堯繁󰡛拯敢兀安分工世英䧺意買鏕蘭群𠃩曲菊𠀧唐圭𪧘拯𧗱女底荒傷忍卞和外邑玉篤𢧚顏子惜之鐄官清朋渃茹朋磬景於似廛𢚸似淙羕意古奴朱匐女歆遙到底固功恾𬟥仙常服紫霞車蓬島坤尋𣈜𣎃戈性乙染共排木石𢚸群鄭固趣煙霞篭𪀄泑𩵜自爫客𣳢月岸梅負例茹𬮌洞拯咍離裊意碧桃㐌𠇍𤼵󰝡花𠇍秋襖客染唏淫变沛東花倍倍侵𫫵猿鶴嗔方解俗眷竹梅結伴知音牙籤㗂動案周易,Nom
quoc-am-thi-tap-nf.no.txt,石鼎香殘𤌋水沉𦫼賤戈𣈜安所分臺高拯路㙮黃金於世饒畨𧡊哭唭𢆥尼歲㐌外𦊛󰁰𢚸𠊚蔑事厭蒸蔑畑客󰁰秋冷歇󰁰鳳仍惜高鷂矣翎花𪰛咍孝𦹵常鮮埃埃調固𠄩昆𬑉撑泊油蒸𩈘󰕛𤽗名庒卓祿庒求特𠃣拯朋秩拯謳固渃遶牕𡽫遶𬮌群踈苔𬞚𨢇苔瓢𠊚知音𠃣琴𢧚浪𢚸好生𡗉𩵜𪿒鈎𠇍几功名閑浪蕩墓荒𦹵綠体埃兠患𮥷饒秋損氣豪林泉渚肯𢴑占包渃強𣻆旦𣷭強哿坦蔑重添𡶀蔑高事世蒸些油淡泊軒梅刁月𬋩消耗禹傳天下顏淵兀対坦双𪰛固恪󰅹鄭煙霞債蔑閒亭括坦燒香講五經𪀄杜祖認群別𩈘花年棱体和咍名帶麟符虎𢚸庒約𣷷竹塘椿景極清固課江樓𣈜㐌𣋁船和群唯㗂丁丁𥙩󱢌富貴対󱢌閑固几𪰛吱固几𠸦准於債閒𦫼蘿務戈沉幅襖蓮花群底洞󰯡坦𬮌蔑羕掑𪩤杄埃𧡊浪唭羅世態󰏲世变泊𬈋顛書齋永尾景𣈜長蔑卷羲經蔑篆香了眞𦣰園獨樂𥱱𦫼於坦南陽花庒用台排脂粉椿舍逋持夢橛樑馬責世間𢚸淡泊世間淡泊帝𢚸常𬕩踈踈𠄩㯲竹床㙮㙮蔑㘨香猿𪀄結伴渃𡽫夐琴冊共饒𣈜𣎃長鞋𦹵𤗽眞𠫾董頂襖逋涓𦛋運聲腔𦊚民業固高共㙮調歇爫碎聖上皇爫𠊚𪰛渚道中庸恳恳𡂰𠴗所𢚸歇敬歇辰皮進退馬貪馬曵湼英䧺𤞻威獴孟群𦣰櫃𫛕唿𪀄坤沛於篭󰠱𥙩凶興皮血氣灾𮥷拯沛吏從容道德䝨冷特每方自然奇悶󰕛推讓利貪歇𥙩饒𪰛竸義沛󰝡朱乙拯妨事世舍防欺特秩𢚸𠊚須断課明傷拯閑初劄𠅜傳保遣渚朱戈蔑道常駢道中庸拯課藏忙之富貴辱誇光冬𧗱節悶梅饒泊秋裊信傳菊固黄結伴罵涓𠊚固𫇰安茹女負𡞕糟糠渃淘汫𩚵𦓿𪽞汰汰羕朋月九江固𧵑恒朱吏固通積饒𡥵𡥙怒󱪬業劉季盛兠傳寶碑魏徵高呵挼宗嫌几醝蒸皮酒色和𠊚辰特腿吒翁群饒舍合算咹㕵糁𠃩󰁰𪰛萬事空仁義忠勤渚昔寧,Nom
quoc-am-thi-tap-nf.no.txt,庫𪰛󱝠矯困咍亨代商聖別求伊尹茹漢埃疑特子卿欺雹買咍羅𦹵勁課𠨪𪰛別固碎冷箕埃核哿閑𫮋揨裊固功饒路沛爭福𧵑終𪰛禍𧵑終稔𪰛禍塊福𧗱共文章劄𥙩隊勾聖事業須辰沛道中除毒除貪除暴虐固仁固智固英䧺廛朱別尼羕意拯㙮𪰛高乙特用𥙩欺富貴荅飢寒運轉拯停事世閒裊塊小人君子辱油庒君子小人乱𧵑饒山野󰝡饒典庫於京城少几嘆恒𥙩道中爫義奇戈𣈜戈𣎃特安閑扱納爫之唉世間固𪰛咹默渚󱳮算冬嫌這冷沉綿甲夏戾戊灰結襖單𦣰固詔𧜖朱䕃押咹𪰛羹𩵜渚枯刊福油咍典𤾓歲命錯𪰛𢧚每𧵑散荣華饒体客󰝡招貧賤埃羅几重腰𧵑典渃賒𢧚貴價𠊚離圭𪧘𥙩爫漂挼昆買別𢚸吒媄𧡊乱𪰛咍𠁀舜堯福及垠󰅹意命爫之都辱損功饒陳陳罵忌仍些冷福禍情期侈渚停𠰘世悅欣蔠鏌悅𢚸𠊚觥女渃𡽫觥,Nom
quoc-am-thi-tap-nf.no.txt,拯馭𡮈謳𢧚󰞯裊固蝼𪰛補羹於世閑咹庄固事𠦳𨷈遜讓渚都爭悶咹󰞯養𢧚核埃斈𪰛咍馬戾迡𬘂怛坤扲󰜏馭𭁈官高󰅹典羕𠊚𬏝治民初立𢚸朱正固渃常印月可籂固拯固才用拯典馬浪聖德固尼𧇊鳩蔑𢚸𣦍恪󰕛𤽗於蒸塵世𠇍畨唭福饒初𪽝尼些積春典自然每物鮮固𧵑逋逋恒直𧵑𭜨𠊚納納仍謳𠊚爫之砲覆𢚸饒閉󰭾人生𬙞糁󰁰𢀭𠊚合庫𠊚散𠄩意恒例事世閒仍几殷勤欺富貴和埃暴匐課艱難𦫼空昆丐恒情負𤇮冷󰞿三丙𠳨嘆𢚸世泊顛油奴变些辰仁義渚乱单富貴𪰛饒几典旃𭓩隊世態性渚涓𩚵咹免固油义泊襖默謳之𬋩𪧘顛庫兀矣駢𢚸庫兀吱𠸦馬𪿒㗂吱𠸦𪽞饒圭祖𠄼𠀧所鑿井耕田自在閑才論功名合每皮曵𣦍𢧚少几㗂吱客賢󰅹𬋩涓共邏𩚵対奈之錦免溪安分𪧘庄朋分恪奇𢚸𠫾默乳𢚸𧗱𠊚唭曵庫些甘𠹾㐌矯淋𤴽免末例同胞骨肉󰒂強駢梗北梗南蔑檜𢧚田地渚貪欣補隘人倫馬𥙩󰡎爫𨕭󰖄𪮏油怛皮坤挼𧚢襖拯群謨易嗔於世忍饒𰿘事枼剛柔共別歇𠄩邊𪽝𢚸拯於𬮌權呵浪君臣拯沛緣双曰固饒民固庫𬮌茹強曠世強煩󰝡命𡽫渃閑戈歲結伴椿梅午丕願祝聖朱斉堯舜女特𧗱於趣田園咹祿茹官𠺥役官渚貪小利沛󰠡𮥷求䝨志𪧘蒙朱特不義𢚸󰅹馬女筭渚課風流坡課庫𥙩欺富貴㙮欺寒朱咍否泰買例𪧘裊固嶤𪰛固安固宗固族罵踈台萬葉千枝𪽝蔑核腰重𠊚仍羅𧵑改傷為親戚󰒂眞𪮏官高認󱸺門徒怒患𮥷扶持兄弟悲漂泊共饒群特𢭄罵𦖑󰕔佞固𢚸私生等中它福德台拯高拯㙮免戈𣈜於安𪰛汝𢚸衝突咹祿調恩几𦔙𦓿饒𧵑意庄戈𡦂義養𠊚朱矯辱眞𪮏𡗶㐌固庫無盡停底兒孫塊備為冷𠊚典𭁈𠊚揚腰麝為因味固香於兀𪰛欣饒几重戈珠連擁固埃忙𢚸𬈋冷対𢚸𬈋𭁈性於柔欣性於剛吟急審𪰛派吏急腰饒拯㐌道常常於瓢𪰛羕乙𢧚𧷺丒卒調𪰛立囷鄰近茹𢀭奴𩛷𥼲伴𤿤几𬈋沛𤴬𤵊制共𠀲曵𢧚排曵結貝㝵坤斈湼坤於等㙮𪰛𢧚等㙮顛𧵆墨堵𧵆𣗾𧵑󱋉𠊚羅𧵑群庫巾沛道𥹙強唁𧡊咹𧼌典𪰛奴胣助打兵饒乙沛𤵊渚𥙩害𠊚𬈋益己矣能積德底朱昆𪮏埃𪰛吏𬈋挼𠰘𬈋丙𫮋咹𣳮𡶀𡽫棱儒曠赧岸阴紇改情期特每金𣷭斈場文恒日摆唐名𤂬利險坤尋主欗裊塊散昆𤚇丸坦侯林末丐𪀄坎𬏑咹𣈜𣎃堵伴共片冊㗂弹琴埃責嫌核吏責命本初蔑檜托共梗梗枯急閉尼𢧚檜紇㐱披諸立底瓶炭焒𢙇蒸傷物𤒛◻燒㗂哭感神靈世間埃固𪰛谷罵女朱亏義弟兄干據愿朱別事由𫀅麻决断𥙩剛柔特輸據法爫䋲󰍕高㙮奈饒似旦都磊托舍筭尼委曲和休𪰛遣怒羞繆罪埃朱乃甘名分渚固親踈買丈夫𥪞造化固機牟咍杜咍停買矯謳渃碧𡽫撑船檜𣺽店清月泊客𨕭樓󱋓斟酒瀆𣈜𣈜𣴓碎抉疎閑准匕收堪下嚴光辝拯典桐江特赧蔑臺鈎蔑園花竹𦊚皮收另身閑特趣牟󰡎鑿𢧚𬇚𠃩曲𥪞餒特𩵜𠦳頭局吝棊㙮散𣈜演𤇮勝茶麄檜課謳𦊚𣷭忍群蒙𤒘炪油𧗱油於默些油𠦳琰𫀅𩄲汝圭拯除檜印強嗔𧗱蔑瓢風月閑自在𠄩字功名丙󰬷為引𤂬渃苔丐竹抉𦝄𬞚󰠱尚奚㐌外蒸世油欣舌拯𬋩埃𠸦拯𬋩吱渚㝵濁匕渚些清𥙩沛𪰛中道於經耒役買咍囷特趣塊權㐌矯累蒸名蔑瓢和別𢚸顏子糁陣坤台斫孔明双曰況群𡽫渃𪧘默油輸特固埃爭拯坤拯曵𨻫央央拯曵𠊚和吏拯傷𣷷柳買移船䢐月閣芸群渚筆刁香索吟泊汜梅工雪対㕵黄苔菊課霜聞達拯求安某分𠀧閒𦫼𦹵坦南陽眞𣼺𪿒𨀈琰𩄲撑閨𪧘尋𧗱景𪧘清香隔閣芸秋冷冷船掑𣺽雪月征征恩私羅意腰楊主磊錯為尼累摆名盃固蔑念忠孝𪧘拯𦣰式曵裊𠀧更每役停欣歇每謳田園另默些油索吟牕古梅𬏓點移午簾篭月蔑鈎󰡎功名饒錯奇𥪝隱逸固機牟道君親忍油埃磊虎撑撑於祿頭弄開𪿒越𣷭朝官雷細隊𪰛免分安𭔃𬮌店除香桂律括軒𣈜戾俸花散代用𠊚固才伊傅茹兀些卞道孔顏堪下賢初筭吝特吟勾名利不如閑腰辱饒畨愠㐌曾𢚸𠊚事世体凌凌重𪰛𢧚午閑𪰛曵秩拯兮謳特拯明安樂蔑𦫼油迪太平󰁰䂨𪿒𤼸奴󰅹別特𢚸知己詠𡽫西月蔑彙世情窖𭓩愠朋鈎隊分麻安呵所求𣋑群蹺仙閣鳯𣈙㐌結伴沙鷗特𪰛𫀅盎功名易典理咍機造化牟堪下張良拯肯於尋仙底納印封侯路之城市路林泉特趣𪰛欣免分安俸不才𢧚劔伴𫅷無事意羅仙圖書𦊚壁茹爫𧵑風月𠄼湖客浽船窮達󱩿咍尼固命隊機造化默自然蔑案蔑冊蔑昆𦫼双曰包饒默閉饒𬕩菊秋黄乃落𡑝梅雪泊支調固昆買別恩吒󰠱停祿𪰛咍義主饒𡀀工閑󰅹所特苔牕花𦬑㗂𪀄呌𠇍畨吝𨀈琰青雲刁利𬈋之𨻫辱身汝主𢚸群丹蔑𡬷謳𪰛𩯀㐌泊󰁰分池清𩵜沫印彙月核凈𪀄𧗱葉俸春油沛油庄默世㙮腮丙󰪾事云云挼業先人讀蔑經拯疑𨀈細盎功名感恩女負𨷈代主沛累為因蔑𫳘丁武子𨎿雖召曵伯夷另某𢧚清初群劄勾經底安分𪰛庄辱典命,Nom
quoc-am-thi-tap-nf.no.txt,𬈋𠊚別楣坤牢磊托埃為某㤕󰅹蔑𤼵客迡群体𠳨𠄩畨吝典乙庄嘲𬮌柴這然然冷𢚸伴𦝄域域高蘭蕙拯𦹳𪰛渚女之吏沛准醒蚤對吝㐌𠇍盎繁花油兀些盃道些󱪌𫀅梅咍雪典𫑹賞月戾秋戈巴身香火茹恩主蔑𬮌詩書唯業茹体𣷭朝官它𪿒越𥪝𣳔滂固風波仍仍事世丙堆爭油默吱𠸦默𭁈冷𧴤於吝尋𡽫謝傅嗔𧗱初檜印卢卿廊盈蔑盎𩄲泊客󰱃𠄩岸𡶀撑固課丙探伴𪧘𢚸踈𠦳琰月巴更耒烘沫課𣈜長槐綠屯屯伞葉張石榴軒群噴式堵紅蓮池㐌羡味香牢敲助亇廊漁父𠱆唯琴蟡樓夕陽礼固卢琴弹蔑㗂民𢀭堵泣隊方対庫𪰛爫役語𪮏渚爫事磊鬼神咍饒坤拯㐌皮坤實𤾓窖󰅹戈斫窖苔固𧵑朱𠊚𢧚曠𠰘拯貪於世矯珠眉不仁無𢼂茹豪富𧵑意󰅹埃曾特迡固麝自然味𠯪拜路羅等󰊄空𪮏餅冷𥪞蘿󰏲𠊚𧡊錢卒外邉和几咍墨托世間油固沛斤稱天下󰟵兠齊饒坤饒庫卢朱辱拯㐌坤𣦍窖苔几坤𪰛保几𬏝凡藝業扲𪮏於買甘𢧚署𢧚柴為固𭓇奴咹奴默摆咍爫蔑𩚵𠄩役饒𠊚悶𠄩庶𠀧𣳔和几貪体利𪰛爫朱沛󰒂馬私𩈘遣免𢚸󰝡雖浪𦊚𣷭共英三固几䝨冷固几凡饒說㐌停饒事磊𠃣咹𪰛吏𠃣𠊚爫奢華於曠𢧚庫爭𧡟爫恨摆貪箕倘奴唯󰅹固怛𠊚欣些舌買侯甘祿𡗶朱㐌固垠須咍所分渚群󱋔𢀭饒𧵑昆拯固𤯩欣𠊚命庫巾係几名𦹳咍特福𠇍𠊚𦟐覩沛饒吝𥐆𨱽特秩油天命豸恠爫之朱辱因役外鄉黨渚堆孤𧡊几英䧺矣忍朱𬘂怒固唯󰅹固怛核箕筭旦吏筭都渚都血氣𢧚恨爫秩𢚸𠊚仍󱳮係几爫坤𪰛沛庫拯朋無事哎孚孚田地茹些体苔造情仍約特娄𣈜春戈群保昆隊󱃨夏典它朱几恪𦓿谷吏所爫強損舌益之群悶辱眞𪮏𪽞娘羅主𠊚羅客道德冷意𧵑迡部伴共饒義渚忘𠊚箕富貴女涓𢚸󱢎黄庄渚句羲易輕薄忙吟踈谷風君子渃交謳仍辣䝨人𨢇󱋉路羅濃蔑畨伴典群覃審𠄩𩛷明饒蔑𩈘空劄歇包饒事世於埃埃它別特咍渚金銀意𧵑𠊚共悶酒色羅尼業呵除世事󰛐腰妾悶人情丐汝𫯳初拯醝庄󱸽羅君子𠊚險𢚸台矣舍𪟽拯虎身𫅷歲索虛,Nom
quoc-am-thi-tap-nf.no.txt,庫巾曵悅某𪪏居筭共𠊚貝𪰛拯堵處蔑些尼乙固餘伴索易唯它沛召󰞿㛪責祿倚坤辝朋𧍰奴埃畨及末󰟨朱𢧚𩈘曵𬏝特秩唯尼事惜明道些通別歇凌凌嫩高白石󰅹代轉渃竒黃河𧯶課仍天下唯傳綾固𫵟世間保浪秃筭升辱因埃渚群嘆咀咹固停𪰛役固停底傳𰧀𠰘刼󰅹𤷱高㙮共𫀅事秩群傷𩵜托為鈎󱹂󰟴吟𧋆󰅹折鉢戊丸𫅷默𢼂𡗶坦酉埃戈𡞕昆君子聖賢𢚸似渃強𫅷強吟𧵑裴唁智戈󰁰買可浪𢧚倚𥙩儒侯等賢刀筆沛用才㐌院旨書乃劄役強專𧗱南買買囉𪮏𡱩殿北它它安分先業蕭何爫可及初𫢩共蔑史撐傳才德𪰛朱吏固仁才𪰛劔德蔑𠄩分蜍吒𥙩討爫法立主恒𣦍免勤讀冊𪰛通隊義冊󰝡民罵女秩𢚸民𧵑拯沛道爫之女𨷈刼󰅹兮累典身尼󱊻忍保客傍覌坤沛卢量曵特安怒几爭䧺𢧚漢將箕埃辝爵隱商山𫅷碎𨨧朱𢧚󱫣把㘨香𪤄我盤勸几丈夫生於世係唐不義渚乱单𧵑饒生拯特昆賢𣈜𣎃功虛直魯錢須舍寬寬𢚸世𠃣渚忙忌忌遣𢚸煩家財意𫀅閑暇道德尼可正專醝𨢇奴𩚵共䕃襖𨕭𠁀㐱意客羅仙庫巾富貴𭓇蘇秦免德欣才特某分誇節漏漏尼𭓇道於朝恳恳𡨸忠勤𡎝凡俗塊𢚸凡俗𭓇聖人專態聖人忠孝綱常𢚸覩自然論業巴身忠勤呵女豸斤称饒聖賢初刼㐌曾爵賞強𣈜強唯召恩陞蔑𨀈蔑畨明於臺閣𡨸𢚸包拯任相卿辰態魏徵啌𠳚太平代盛治業開創似業中興重陽𠇍𤼵客天涯及畨尼特杜茹𫄆㐌空錢坤卓𨢇園雖固菊渚󰝡花風霜㐌变邉詩客桑梓群傷跡故家𣈜恪咍兠群役恪節冷馬女底朱戈色羅賊󰠐𬈋之課重群防固課衰紂秩國家為妲己吳离天下𪽝西施敗散家窒代曾体損害精神事益之夫婦道常拯特渚𫃸宗和沛蔑堆欺陣𬈋之損氣和󰅹曾有益辱命些裊都氣血涓仁義和失人心湼𬮌茹𠇍𤼵痷󰠐羕霹靂蔑干凌礼似風波旦欺夕買咹𡅧吏忍双𪰛萬事戈𠴍保鋪悲道丐昆𦖑歛𥙩路之𤵊奢華𪽮浪饒咍歇苛賤兠當𠃣矣群襖默免羅朱𦛋䕃𩚵咹拯路見味唁初㐌固勾傳保𬈋丙咍咹呂𡽫唐雪椿群這印㐌差燕玉吏朱認春迡柳体諸咍𩈘園謹花傳買律信梗固精神󱹀渚体性涓輕泊蝶拯辰洛陽客乙探󱚷辱舍罵朱埃𢮿旦边󰁰𠄩𣎃論󰁰𠄩歇則冬長朗埋黑帝玄冥㐌対印朔風白雪矣刁帶終畑直嵗荄昆𬑉炪竹驅儺䔲鲁𦖻拯体歷官須舍𠳨暗𫀅寅月小咍大筭自及節良晨少蔑𠄩麻奴𠃩旬刼少年𠫾傷旦歲沃陽和吏午停眞園花哭惜𬰢妃子池𦹵鮮仍𢚸小人扲𤒘制店尼客呐㗂鐘渚棟乙群春𬏓𣎃夏天俸󰪀曵秋冬冷了奇和𠄩東風自限信春旦覃䕃󰅹花拯卒鮮為埃朱丐杜鵑呌𪮏玉用孕紙丙絩吏固槐花羶俸綠式春蔑點惱𢚸饒冬它悶吏郎春春悶𪰛夏吏対吝筭計司務固月秋謳羅忍蔑𠄩分侯𢧚坤吏惜傾傾秋旦店戈感󰬷𢜠蔑㗂持兠󰝡檜月寬寬仍戾鵶散暈󱔔竹群誇節勁𣈙柳㐌𢷀𮈔𩞝樓紅固客扲春於琴玉𪮏埃𠱆唯添𠱆唯边𦖻㗂管弦𢚸春忍動乙坤辰春撑渚易𠄩畨吏𧡊景強添惜少年惜少年戈栗限冷花花月月𨻫無情边撑女負唭頭泊頭泊初尼固課撑矣几边撑渚負𠊚式春計特𠇍畨鮮為秋朱忍𢧚頭泊渚易埃它𠀧𬙞󰁰𠀧𬙞󰁰󰅹𨻫辱身特輸㐌別事云云渚唭䝨𫏾浪曵扲𤒘制店𪽝惜春惜春扲𤒘莾制店仍戾春戈歲索添極体外軒𮈔柳愈蔑畨柳愈蔑畨𩞝柳𩞝愈日迻香興卞樓踈客𪿒浪体景𢚸踈強問曰蔑畨惜景蔑畨傷傷景為因景有情況之𠊚邏景和清春𠀧𣎃𪰛秋𠀧𣎃花月敦用𠇍𤼵冷乱单暗𠳨客樓紅覃䕃𪰛傷几冷滝外意油群襖󰭺奇𢚸慢㙮𥙩唏共𠀧春𪰛特𠃩󰁰𣈜生物𢚸𡗶拯私𠯇保東風諧曷𠃣世情渚惜仍仍台樓撑自体客詩人為景𢚸𠊚惜景春買責青童信演旦罢徵係主東君兠兠共召令東君󰅹准󰅹庄󰊄春况吏園群花竹𪧘搥式卒邏󰁰分月工底渃月𨕭空𫀅乙𪩦蔑式共海若折𢧚梗桂子江妃占特職蟾宮秋高兔厭探𢚸𣷭域冷珠明脫𠰘𧍰悼怯天顏拯女羡𬧾船朗蕩於𨕭𣳔𡗶𪟽𩂁渃溟濛𠄩意共𫀅蔑式共香兔沉沁海若茹蛟豸俸蟾宮筆𤍌摩詰𪮏坤模勾窖玄暉意渚冬󱗟固𪀄𫹊共𩵜𧿆買咍箕渃怒虛空𡧲務冬磊式春南枝𦬑極清新𨕭核恪語魂姑射底渃𪟽羅𬰢太真強課𫅷強骨格蔑畨這蔑精神𠊚唭浪劔才梁棟所役調羹倍𠇍分花乃核𢧚課篤霜拯殘拯檜矣風光隔牕恪語魂姑射爌俸印𢧚𬰢壽陽店固𩄲󰅹眷月𣈜雖󰊄拯拜香洳恩雨露它奴歇冬対油冬矣蔑羕𠊚都顏色課春陽𢪀除秋拯邏羕花忍浪刁名隱逸式群通伴客文章性清󰅹哾皮螉𧊉節悶拯奈課雪霜油体春蘭共論特埃埃調固某味香晷東朱式麝朱香造化生成恪等常炪𢚸丹拯变俗駢節玉計之霜名𦹳上苑群畨及伴𪧘東籬乙可讓免特主仙腰重旦𣈜󰅹可意重陽秋旦𣘃󰅹拯邏𨓡蔑命辣課𠀧冬林泉埃浪𫅷爫客才棟樑高乙奇用棟樑才固𠇍朋眉茹奇隊畨𢶢跬台檜𣑶駢移拯動雪霜体㐌鄧饒𣈜雪霜体㐌鄧饒𣈜固𬟥長生強跬台琥珀茯苓認買別𪩧群底助民尼花柳朝春拱有情於眉為摆節眉清㐌曾固㗂工代女君子埃拯󰪾名名君子㗂饒𣈜保客知音買別咍况吏仍仍生变俗丈夫節勁恪𠊚台丈夫節勁恪𠊚台養愈𡗶固意為徐課化𧍰強邏女主春𡄎強初台春旦󰅹花拯卒鮮於眉為節瀝欣𠊚閣東乙㐌曾爫客呵仍逋仙結伴制仙逋結㐌閉秋迡吟𠮾羕朋覔重台吏固蔑梗外意𬯰俸踈󱽏渃動𠊚為俸踈󱽏渃動𠊚為󱽐迻香蔑月咍况吏榜春初占特𨎆三友拯朋眉蔑朶桃花窖卒鮮隔春𠽊𠽊体春唭東風乙固情咍女建羡味香易動𠊚動𠊚花窖𤇚精神𠃣摆為花𠃣摆春𠯇使𪀄撑停祝磊逋持㐌固氣洪鈞氣洪鈞矣舍才戈渚負春尼渚負花花固意𪰛春固意兠兠共蔑氣陽和氣陽和可固私埃能蔑花尼忍每類筭計㐱群𠀧𣎃女及春馬底𦟐桃派𦟐桃派歇摆春戈裊吏󰝡𪰛連𨻫花宴所瑤池它固限渚朱方朔旦鄰羅方朔鄰羅㐌許機𠀧畨𬈋特呵情期固埃厭𠳨仙王母信可信𪰛疑可疑蔑身和卒吏𢀨富貴謳拯劔海棠,Nom
quoc-am-thi-tap-nf.no.txt,來朗𢚸踈吟渚堵外娘璇玉篆群香坦餘養特㯲黃精構方冷底養命埃浪繂柴拯𨇜𬟥咍園㐌固味長生核綠院院俸綠印春饒歲㐌計餘𠦳㝵㝵㐌固仙爫伴迻束仙來拯沛嗔自变唏春卒吏添苔蓬邏牟偷店情書蔑幅封群謹󰊄尼兠強𩦓𫀅󱽏渃花印蔑朶紅援洳拯变孛羅𢚸朝埋𦬑朝歆𬈭,Nom
quoc-am-thi-tap-nf.no.txt,事邏朱咍絕色空院春覃䕃𪹷初唯襖細凶凶課默催咹渃箕埃特趣吝曾炪買咍味尋特林泉准養身蔑畨春細蔑畨春雖它渚固才梁棟俸奇如群葉旦民󰅹花拯变氣覃歆固𠇍保霜蘂買󰝡重九渚嫌秋㐌悶朱咍秋悶節強𦹳𡗶生物愠朋㝵裊特𦹳菟少卒鮮乙固咍隊所分拯腰𪰛渚女之唭枚𣗾变粉移移店月迻春蔑月咍󰋇几紅顏𪰛泊分紅顏箕渚忌命台淋洳拯变卒和清君子堪困特所名󰊄迻香店月凈貞爫𧵑固埃爭夢冷乃乃摆槐槞蔑𤼵春戈蔑𤼵𬖉固課𣈜夏張傘綠屯屯俸葉󰠮三公体俸甘棠汝召公坦餘移特伴共椿筆踈㐌劄香群变吟議󰅹埃拯動𢚸意拯西施𪰛太真𡗶朱卒邏󰁰分𣈜迡點㐌丰裙堵焒𦊛務蔑式春占特韶光𠃩󰁰移移花𦬑卒和鮮東風固意逋持女蔑𤼵春羅蔑動𠊚吟咍事世珥朋󱲧咹㕵拯奈俸𧗱公樓月㐌涓仙𠺙笛𡽫春曾伴客咹椿󰰍侵白雪󰁰分泊頂染丹砂𠃩轉紅𠦳埮𡗶油董頂堪唭󰢒鵡默蒸篭渃汜潮強檜摆苔𬈋竒正窖𢧚排弹沉䃅玉𤚧北拂唯旗𦰤󰊄西秋𤼵令嚴行杜急霜清榜日㗂呌迡◻◻◻◻◻◻◻紫塞唐嶤𢚸馬疑𬈋使𠫾探信息春嚟咍󰰍珥󰁰分内花𬱻𬱻圍隊𠳨󰓥柳寬寬呌呂吝蜀帝底城嘹𠺒蜂王㙮壘哭噒主春教習餘𠀧𣎃󰪾琴蟡買杜軍路蚊生罢買方西奉事如來𬈋法柴欣㹥特𫮋欺面𤇮惜𤞻拯保斫撩𣘃𪠞󰅹几禁𢩣絁謹咹待埃𬈋盤󱸾苔庫免𢀨庄女負因蒸恨𤝞沛挼眉𨱽含銳𪖫勁𬖅特養為蒸固所用磊和弹精北斗郎蔑點瑞遼東眞欺𩈘渃諸咍辣賤拯咍皮变化張𠄩昆𬑉吏𫀅𧍰傳信拯路辱青童檜𢚸春𬈋使通𠄼式批批𡓋鳳𨷑糁𢚸掩掩𡨸鴈封唯戈岸柳王𮈔泊拜羡𢚸花動䏾紅裊典信兠調歇固娘嵬埃女底𪮏空潭制𣷭學㐌饒春移旦𨕭案𦣰𢮿眞眉某歆遙𢚸墨客其埋𣈜𣎃𧵑詩人跬𦓿𪽞聖㐌饒坎特養高文無數分,Nom
thivien_Bùi-Bá-Kỳ_Thướng-Minh-đế-thi-kỳ-2_raw.html,陳事陵夷未可期,Chinese
thivien_Bùi-Bá-Kỳ_Thướng-Minh-đế-thi-kỳ-2_raw.html,含冤抱恨有天知,Chinese
thivien_Bùi-Bá-Kỳ_Thướng-Minh-đế-thi-kỳ-2_raw.html,南方臣子懷忠義,Chinese
thivien_Bùi-Bá-Kỳ_Thướng-Minh-đế-thi-kỳ-2_raw.html,誓國捐驅伐季犛,Chinese
thivien_Bùi-Thức_Dữ-hương-hữu-nhân-Trần-công-chí-ngoại-quán_raw.html,黃昏初至頹三廟,Chinese
thivien_Bùi-Thức_Dữ-hương-hữu-nhân-Trần-công-chí-ngoại-quán_raw.html,登岸來探問事由,Chinese
thivien_Bùi-Thức_Dữ-hương-hữu-nhân-Trần-công-chí-ngoại-quán_raw.html,五族充軍存往蹟,Chinese
thivien_Bùi-Thức_Dữ-hương-hữu-nhân-Trần-công-chí-ngoại-quán_raw.html,諸先為義啓宏模,Chinese
thivien_Bùi-Thức_Dữ-hương-hữu-nhân-Trần-công-chí-ngoại-quán_raw.html,竹林古帝停車處,Chinese
thivien_Bùi-Thức_Dữ-hương-hữu-nhân-Trần-công-chí-ngoại-quán_raw.html,江畔新船夜暫居,Chinese
thivien_Bùi-Thức_Dữ-hương-hữu-nhân-Trần-công-chí-ngoại-quán_raw.html,石井自前南北旅,Chinese
thivien_Bùi-Thức_Dữ-hương-hữu-nhân-Trần-công-chí-ngoại-quán_raw.html,市民群聚樂歡呼,Chinese
thivien_Cao-Bá-Quát_Khuê-oán-kỳ-4_raw.html,西園及春燠,Chinese
thivien_Cao-Bá-Quát_Khuê-oán-kỳ-4_raw.html,百鳥相和鳴,Chinese
thivien_Cao-Bá-Quát_Khuê-oán-kỳ-4_raw.html,空房寂不語,Chinese
thivien_Cao-Bá-Quát_Khuê-oán-kỳ-4_raw.html,感激此時情,Chinese
thivien_Cao-Bá-Quát_Khuê-oán-kỳ-4_raw.html,孤妾如自誤,Chinese
thivien_Cao-Bá-Quát_Khuê-oán-kỳ-4_raw.html,新愛顏如雪,Chinese
thivien_Cao-Bá-Quát_Khuê-oán-kỳ-4_raw.html,心曲君詎知,Chinese
thivien_Cao-Bá-Quát_Khuê-oán-kỳ-4_raw.html,遲遲未忍別,Chinese
thivien_Cao-Bá-Quát_Ngũ-nguyệt-thập-nhị-nhật-quan-huyện-thí_raw.html,會同祠外日西斜,Chinese
thivien_Cao-Bá-Quát_Ngũ-nguyệt-thập-nhị-nhật-quan-huyện-thí_raw.html,宿雨黄泥沒碧莎,Chinese
thivien_Cao-Bá-Quát_Ngũ-nguyệt-thập-nhị-nhật-quan-huyện-thí_raw.html,正是文章辛苦地,Chinese
thivien_Cao-Bá-Quát_Ngũ-nguyệt-thập-nhị-nhật-quan-huyện-thí_raw.html,美人堂上太驕訛,Chinese
thivien_Cao-Bá-Quát_Nhĩ-phố-tảo-hồng_raw.html,江湖萬里稻粱天,Chinese
thivien_Cao-Bá-Quát_Nhĩ-phố-tảo-hồng_raw.html,可復圖南欲寄箋,Chinese
thivien_Cao-Bá-Quát_Nhĩ-phố-tảo-hồng_raw.html,歲暮故鄉人未至,Chinese
thivien_Cao-Bá-Quát_Nhĩ-phố-tảo-hồng_raw.html,玉橋歸路衹風煙,Chinese
thivien_Cao-Bá-Quát_Sơn-Tây-thành-yết-Châu-Phong-công-thị-dạ-dữ-Minh-Trọng-túc_raw.html,三江總匯鶴江頭,Chinese
thivien_Cao-Bá-Quát_Sơn-Tây-thành-yết-Châu-Phong-công-thị-dạ-dữ-Minh-Trọng-túc_raw.html,千里名藩據上流,Chinese
thivien_Cao-Bá-Quát_Sơn-Tây-thành-yết-Châu-Phong-công-thị-dạ-dữ-Minh-Trọng-túc_raw.html,舊日魏公門下客,Chinese
thivien_Cao-Bá-Quát_Sơn-Tây-thành-yết-Châu-Phong-công-thị-dạ-dữ-Minh-Trọng-túc_raw.html,起知重接魏公遊,Chinese
thivien_Cao-Bá-Quát_Thanh-Trì-phiếm-chu-nam-hạ_raw.html,清潭催別袂,Chinese
thivien_Cao-Bá-Quát_Thanh-Trì-phiếm-chu-nam-hạ_raw.html,珥水濺行襟,Chinese
thivien_Cao-Bá-Quát_Thanh-Trì-phiếm-chu-nam-hạ_raw.html,沙闊黄雲暮,Chinese
thivien_Cao-Bá-Quát_Thanh-Trì-phiếm-chu-nam-hạ_raw.html,天低白日沈,Chinese
thivien_Cao-Bá-Quát_Thanh-Trì-phiếm-chu-nam-hạ_raw.html,客舟寒汎汎,Chinese
thivien_Cao-Bá-Quát_Thanh-Trì-phiếm-chu-nam-hạ_raw.html,江色晚陰陰,Chinese
thivien_Cao-Bá-Quát_Thanh-Trì-phiếm-chu-nam-hạ_raw.html,不見波濤壯,Chinese
thivien_Cao-Bá-Quát_Thanh-Trì-phiếm-chu-nam-hạ_raw.html,安知萬里心,Chinese
thivien_Cao-Bá-Quát_Thưởng-cúc-kỳ-01_raw.html,正白明黄滿院花,Chinese
thivien_Cao-Bá-Quát_Thưởng-cúc-kỳ-01_raw.html,清香來自故山家,Chinese
thivien_Cao-Bá-Quát_Thưởng-cúc-kỳ-01_raw.html,主人無限相思意,Chinese
thivien_Cao-Bá-Quát_Thưởng-cúc-kỳ-01_raw.html,對爾偏能逸興賒,Chinese
thivien_Cao-Bá-Quát_Viên-trung-hoàng-quỳ-tứ-tuyệt-kỳ-2_raw.html,病起花邊灌溉頻,Chinese
thivien_Cao-Bá-Quát_Viên-trung-hoàng-quỳ-tứ-tuyệt-kỳ-2_raw.html,若為拔去恐傷貧,Chinese
thivien_Cao-Bá-Quát_Viên-trung-hoàng-quỳ-tứ-tuyệt-kỳ-2_raw.html,官情也似香江水,Chinese
thivien_Cao-Bá-Quát_Viên-trung-hoàng-quỳ-tứ-tuyệt-kỳ-2_raw.html,莫把公儀誤世人,Chinese
thivien_Cao-Bá-Quát_Vọng-Hải-đài-đắc-đài-tự_raw.html,萬八年前此重回,Chinese
thivien_Cao-Bá-Quát_Vọng-Hải-đài-đắc-đài-tự_raw.html,臥同弱水涉蓬萊,Chinese
thivien_Cao-Bá-Quát_Vọng-Hải-đài-đắc-đài-tự_raw.html,豈知又到藏真洞,Chinese
thivien_Cao-Bá-Quát_Vọng-Hải-đài-đắc-đài-tự_raw.html,不惜頻登望海臺,Chinese
thivien_Chu-Mạnh-Trinh_Đề-Dương-quý-phi-từ_raw.html,故國山河渺夕煙,Chinese
thivien_Chu-Mạnh-Trinh_Đề-Dương-quý-phi-từ_raw.html,巋巋祠廟峙南天,Chinese
thivien_Chu-Mạnh-Trinh_Đề-Dương-quý-phi-từ_raw.html,仇元遺恨波濤壯,Chinese
thivien_Chu-Mạnh-Trinh_Đề-Dương-quý-phi-từ_raw.html,存宋孤貞日月懸,Chinese
thivien_Chu-Mạnh-Trinh_Đề-Dương-quý-phi-từ_raw.html,萬杪風搖環珮響,Chinese
thivien_Chu-Mạnh-Trinh_Đề-Dương-quý-phi-từ_raw.html,一湖秋洗鏡光圜,Chinese
thivien_Chu-Mạnh-Trinh_Đề-Dương-quý-phi-từ_raw.html,慈雲普作千家廕,Chinese
thivien_Chu-Mạnh-Trinh_Đề-Dương-quý-phi-từ_raw.html,乾海靈聲合並傳,Chinese
thivien_Chu-Văn-An_Thôn-Nam-sơn-tiểu-khế_raw.html,閑身南北片雲輕,Chinese
thivien_Chu-Văn-An_Thôn-Nam-sơn-tiểu-khế_raw.html,半枕清風世外情,Chinese
thivien_Chu-Văn-An_Thôn-Nam-sơn-tiểu-khế_raw.html,佛界清幽塵界遠,Chinese
thivien_Chu-Văn-An_Thôn-Nam-sơn-tiểu-khế_raw.html,庭前噴血一鶯鳴,Chinese
thivien_Châu-Hải-Đường_Thu-tứ_raw.html,玻璃窗外葉初黃,Chinese
thivien_Châu-Hải-Đường_Thu-tứ_raw.html,披拂微風繞曲廊,Chinese
thivien_Châu-Hải-Đường_Thu-tứ_raw.html,數點菊花籬下綻,Chinese
thivien_Châu-Hải-Đường_Thu-tứ_raw.html,一聲鴻雁碧空揚,Chinese
thivien_Châu-Hải-Đường_Thu-tứ_raw.html,已疏蟋蟀鳴苔砌,Chinese
thivien_Châu-Hải-Đường_Thu-tứ_raw.html,難見蝦蟆隱藕塘,Chinese
thivien_Châu-Hải-Đường_Thu-tứ_raw.html,旅次鄉心偏婉轉,Chinese
thivien_Châu-Hải-Đường_Thu-tứ_raw.html,清秋況易斷人腸,Chinese
thivien_Doãn-Uẩn_Ký-tặng-Tân-Bình-tri-phủ-Hà-hội-nguyên_raw.html,太液池邊俸紫泥,Chinese
thivien_Doãn-Uẩn_Ký-tặng-Tân-Bình-tri-phủ-Hà-hội-nguyên_raw.html,馬頭那敢問東西,Chinese
thivien_Doãn-Uẩn_Ký-tặng-Tân-Bình-tri-phủ-Hà-hội-nguyên_raw.html,錦囊神護琴樽爽,Chinese
thivien_Doãn-Uẩn_Ký-tặng-Tân-Bình-tri-phủ-Hà-hội-nguyên_raw.html,班席春回雨露低,Chinese
thivien_Doãn-Uẩn_Ký-tặng-Tân-Bình-tri-phủ-Hà-hội-nguyên_raw.html,隴坻誠知鸚鵡態,Chinese
thivien_Doãn-Uẩn_Ký-tặng-Tân-Bình-tri-phủ-Hà-hội-nguyên_raw.html,岡梧原是鳳凰棲,Chinese
thivien_Doãn-Uẩn_Ký-tặng-Tân-Bình-tri-phủ-Hà-hội-nguyên_raw.html,金籠曾否園林夢,Chinese
thivien_Doãn-Uẩn_Ký-tặng-Tân-Bình-tri-phủ-Hà-hội-nguyên_raw.html,紅紫花間自在啼,Chinese
thivien_Hoàng-Nguyễn-Thự_Hồi-bất-tặng-biệt-Thanh-Phái-hầu_raw.html,東西同席一同方,Chinese
thivien_Hoàng-Nguyễn-Thự_Hồi-bất-tặng-biệt-Thanh-Phái-hầu_raw.html,勿笑人生一夢場,Chinese
thivien_Hoàng-Nguyễn-Thự_Hồi-bất-tặng-biệt-Thanh-Phái-hầu_raw.html,非是鹿麋長日聚,Chinese
thivien_Hoàng-Nguyễn-Thự_Hồi-bất-tặng-biệt-Thanh-Phái-hầu_raw.html,却看鴻雁逐風翔,Chinese
thivien_Hoàng-Nguyễn-Thự_Hồi-bất-tặng-biệt-Thanh-Phái-hầu_raw.html,一年遊宦君程坦,Chinese
thivien_Hoàng-Nguyễn-Thự_Hồi-bất-tặng-biệt-Thanh-Phái-hầu_raw.html,千里回音我念恾,Chinese
thivien_Hoàng-Nguyễn-Thự_Hồi-bất-tặng-biệt-Thanh-Phái-hầu_raw.html,萍梗可堪無定局,Chinese
thivien_Hoàng-Nguyễn-Thự_Hồi-bất-tặng-biệt-Thanh-Phái-hầu_raw.html,春涯珥涘水滄茫,Chinese
thivien_Hoàng-Nguyễn-Thự_Tặng-Võng-La-nhân_raw.html,我生之初尚無為,Chinese
thivien_Hoàng-Nguyễn-Thự_Tặng-Võng-La-nhân_raw.html,不審謀何錄此詩,Chinese
thivien_Hoàng-Nguyễn-Thự_Tặng-Võng-La-nhân_raw.html,自愧崇虛徒病寔,Chinese
thivien_Hoàng-Nguyễn-Thự_Tặng-Võng-La-nhân_raw.html,未能濟治曷持危,Chinese
thivien_Hoàng-Nguyễn-Thự_Tặng-Võng-La-nhân_raw.html,再中然且言猶昨,Chinese
thivien_Hoàng-Nguyễn-Thự_Tặng-Võng-La-nhân_raw.html,两下希將志與時,Chinese
thivien_Hoàng-Nguyễn-Thự_Tặng-Võng-La-nhân_raw.html,好有是憑輿衛意,Chinese
thivien_Hoàng-Nguyễn-Thự_Tặng-Võng-La-nhân_raw.html,昔之有夏庽君思,Chinese
thivien_Hoàng-Nguyễn-Thự_Vân-Sơn-quan_raw.html,有河南地有雲巖,Chinese
thivien_Hoàng-Nguyễn-Thự_Vân-Sơn-quan_raw.html,幾似雲關插蔚藍,Chinese
thivien_Hoàng-Nguyễn-Thự_Vân-Sơn-quan_raw.html,帶霧爲容迷亂石,Chinese
thivien_Hoàng-Nguyễn-Thự_Vân-Sơn-quan_raw.html,停天作鎮擁浮嵐,Chinese
thivien_Hoàng-Nguyễn-Thự_Vân-Sơn-quan_raw.html,樹排並戉天無暑,Chinese
thivien_Hoàng-Nguyễn-Thự_Vân-Sơn-quan_raw.html,泉衍皇流水不貪,Chinese
thivien_Hoàng-Nguyễn-Thự_Vân-Sơn-quan_raw.html,過得關頭紅日朗,Chinese
thivien_Hoàng-Nguyễn-Thự_Vân-Sơn-quan_raw.html,廣幃認是諦城南,Chinese
thivien_Hoàng-Văn-Tuấn_Ngục-trung-bất-thuỵ_raw.html,悽悽風雨夜遲遲,Chinese
thivien_Hoàng-Văn-Tuấn_Ngục-trung-bất-thuỵ_raw.html,唧唧蟲聲繞四圍,Chinese
thivien_Hoàng-Văn-Tuấn_Ngục-trung-bất-thuỵ_raw.html,欲把遺篇來睡法,Chinese
thivien_Hoàng-Văn-Tuấn_Ngục-trung-bất-thuỵ_raw.html,難相濁酒壓寒威,Chinese
thivien_Hoàng-Văn-Tuấn_Ngục-trung-bất-thuỵ_raw.html,迷途未必知今是,Chinese
thivien_Hoàng-Văn-Tuấn_Ngục-trung-bất-thuỵ_raw.html,夢徑何須覽故非,Chinese
thivien_Hoàng-Văn-Tuấn_Ngục-trung-bất-thuỵ_raw.html,回首百年都是夢,Chinese
thivien_Hoàng-Văn-Tuấn_Ngục-trung-bất-thuỵ_raw.html,鄰牆雞響日爭暉,Chinese
thivien_Hà-Nhậm-Đại_Nguyễn-Tự-Cường_raw.html,路經古廟樹連天,Chinese
thivien_Hà-Nhậm-Đại_Nguyễn-Tự-Cường_raw.html,慨想忠臣報國年,Chinese
thivien_Hà-Nhậm-Đại_Nguyễn-Tự-Cường_raw.html,誰為得忠能失孝,Chinese
thivien_Hà-Nhậm-Đại_Nguyễn-Tự-Cường_raw.html,得忠便是孝兼全,Chinese
thivien_Hà-Nhậm-Đại_Thân-Nhân-Trung_raw.html,天將賢佐為時生,Chinese
thivien_Hà-Nhậm-Đại_Thân-Nhân-Trung_raw.html,獨擅騷壇第一名,Chinese
thivien_Hà-Nhậm-Đại_Thân-Nhân-Trung_raw.html,當世文章真大手,Chinese
thivien_Hà-Nhậm-Đại_Thân-Nhân-Trung_raw.html,一門父子佩恩榮,Chinese
thivien_Hà-Tông-Quyền_Ký-du_raw.html,舟船千里通天地,Chinese
thivien_Hà-Tông-Quyền_Ký-du_raw.html,磗瓦層樓殖貨天,Chinese
thivien_Hà-Tông-Quyền_Ký-du_raw.html,委靡誰非洋造物,Chinese
thivien_Hà-Tông-Quyền_Ký-du_raw.html,繽紛半屬北來船,Chinese
thivien_Hà-Tông-Quyền_Ký-du_raw.html,無窮宇宙開新眼,Chinese
thivien_Hà-Tông-Quyền_Ký-du_raw.html,隨處江山認宿緣,Chinese
thivien_Hà-Tông-Quyền_Ký-du_raw.html,興到不知身是我,Chinese
thivien_Hà-Tông-Quyền_Ký-du_raw.html,軟塵遍踏濁清泉,Chinese
thivien_Hồ-Chí-Minh_Cước-áp_raw.html,世間更有離奇事,Chinese
thivien_Hồ-Chí-Minh_Cước-áp_raw.html,人憫爭先上腳鉗,Chinese
thivien_Hồ-Chí-Minh_Cước-áp_raw.html,因為有鉗才得睡,Chinese
thivien_Hồ-Chí-Minh_Cước-áp_raw.html,無鉗沒處可安眠,Chinese
thivien_Hồ-Chí-Minh_Hoàng-hôn_raw.html,風如利劍磨山石,Chinese
thivien_Hồ-Chí-Minh_Hoàng-hôn_raw.html,寒似尖鋒刺樹枝,Chinese
thivien_Hồ-Chí-Minh_Hoàng-hôn_raw.html,遠寺鐘聲催客步,Chinese
thivien_Hồ-Chí-Minh_Hoàng-hôn_raw.html,牧童吹笛引牛歸,Chinese
thivien_Hồ-Chí-Minh_Sơ-đáo-Thiên-Bảo-ngục_raw.html,日行五十三公里,Chinese
thivien_Hồ-Chí-Minh_Sơ-đáo-Thiên-Bảo-ngục_raw.html,濕盡衣冠破盡鞋,Chinese
thivien_Hồ-Chí-Minh_Sơ-đáo-Thiên-Bảo-ngục_raw.html,徹夜又無安睡處,Chinese
thivien_Hồ-Chí-Minh_Sơ-đáo-Thiên-Bảo-ngục_raw.html,廁坑上坐待朝來,Chinese
thivien_Hồ-Chí-Minh_Thu-cảm_raw.html,去歲秋初我自由,Chinese
thivien_Hồ-Chí-Minh_Thu-cảm_raw.html,今年秋首我居囚,Chinese
thivien_Hồ-Chí-Minh_Thu-cảm_raw.html,倘能裨益吾民族,Chinese
thivien_Hồ-Chí-Minh_Thu-cảm_raw.html,可說今秋值去秋,Chinese
thivien_Hồ-Chí-Minh_Trúc-lộ-phu_raw.html,餐風浴雨未曾休,Chinese
thivien_Hồ-Chí-Minh_Trúc-lộ-phu_raw.html,慘淡經營築路夫,Chinese
thivien_Hồ-Chí-Minh_Trúc-lộ-phu_raw.html,車馬行人來往者,Chinese
thivien_Hồ-Chí-Minh_Trúc-lộ-phu_raw.html,幾人感謝你功勞,Chinese
thivien_Hồ-Chí-Minh_Tức-cảnh_raw.html,樹梢巧畫張飛像,Chinese
thivien_Hồ-Chí-Minh_Tức-cảnh_raw.html,赤日長明關羽心,Chinese
thivien_Hồ-Chí-Minh_Tức-cảnh_raw.html,祖國終年無信息,Chinese
thivien_Hồ-Chí-Minh_Tức-cảnh_raw.html,故鄉每日望回音,Chinese
thivien_Hồ-Chí-Minh_Xuân-tiết-tặng-đậu-cấp-La-Quý-Ba_raw.html,白豆三斤重,Chinese
thivien_Hồ-Chí-Minh_Xuân-tiết-tặng-đậu-cấp-La-Quý-Ba_raw.html,質甘而味香,Chinese
thivien_Hồ-Chí-Minh_Xuân-tiết-tặng-đậu-cấp-La-Quý-Ba_raw.html,青年增產得,Chinese
thivien_Hồ-Chí-Minh_Xuân-tiết-tặng-đậu-cấp-La-Quý-Ba_raw.html,請你嚐一嚐,Chinese
thivien_Hồ-Tông-Thốc_Đề-Hạng-Vương-từ_raw.html,百二山河起戰烽,Chinese
thivien_Hồ-Tông-Thốc_Đề-Hạng-Vương-từ_raw.html,攜將子弟入關中,Chinese
thivien_Hồ-Tông-Thốc_Đề-Hạng-Vương-từ_raw.html,煙消函谷珠宮冷,Chinese
thivien_Hồ-Tông-Thốc_Đề-Hạng-Vương-từ_raw.html,雪散鴻門玉斗空,Chinese
thivien_Hồ-Tông-Thốc_Đề-Hạng-Vương-từ_raw.html,一敗有天忘澤左,Chinese
thivien_Hồ-Tông-Thốc_Đề-Hạng-Vương-từ_raw.html,重來無地到江東,Chinese
thivien_Hồ-Tông-Thốc_Đề-Hạng-Vương-từ_raw.html,經營五載成何事,Chinese
thivien_Hồ-Tông-Thốc_Đề-Hạng-Vương-từ_raw.html,銷得區區葬魯公,Chinese
thivien_Hồ-Xuân-Hương_Dữ-Sơn-Nam-Thượng-Hiệp-trấn-quan-Trần-Hầu-xướng-hoạ-kỳ-6_raw.html,萍水相逢月下樽,Chinese
thivien_Hồ-Xuân-Hương_Dữ-Sơn-Nam-Thượng-Hiệp-trấn-quan-Trần-Hầu-xướng-hoạ-kỳ-6_raw.html,剛腸片片屬難言,Chinese
thivien_Hồ-Xuân-Hương_Dữ-Sơn-Nam-Thượng-Hiệp-trấn-quan-Trần-Hầu-xướng-hoạ-kỳ-6_raw.html,挑琴有意鳴凰唱,Chinese
thivien_Hồ-Xuân-Hương_Dữ-Sơn-Nam-Thượng-Hiệp-trấn-quan-Trần-Hầu-xướng-hoạ-kỳ-6_raw.html,遶樹無端語鵲喧,Chinese
thivien_Hồ-Xuân-Hương_Dữ-Sơn-Nam-Thượng-Hiệp-trấn-quan-Trần-Hầu-xướng-hoạ-kỳ-6_raw.html,誰贖笳聲歸漢闕,Chinese
thivien_Hồ-Xuân-Hương_Dữ-Sơn-Nam-Thượng-Hiệp-trấn-quan-Trần-Hầu-xướng-hoạ-kỳ-6_raw.html,自羞蓮步出胡門,Chinese
thivien_Hồ-Xuân-Hương_Dữ-Sơn-Nam-Thượng-Hiệp-trấn-quan-Trần-Hầu-xướng-hoạ-kỳ-6_raw.html,半筵別話情多少,Chinese
thivien_Hồ-Xuân-Hương_Dữ-Sơn-Nam-Thượng-Hiệp-trấn-quan-Trần-Hầu-xướng-hoạ-kỳ-6_raw.html,脈脈空離倩女魂,Chinese
thivien_Hồ-Xuân-Hương_Vịnh-thạch-phu-phụ_raw.html,家室和平立海隅,Chinese
thivien_Hồ-Xuân-Hương_Vịnh-thạch-phu-phụ_raw.html,從容歲月一閒遊,Chinese
thivien_Hồ-Xuân-Hương_Vịnh-thạch-phu-phụ_raw.html,東回西領鄰啼婦,Chinese
thivien_Hồ-Xuân-Hương_Vịnh-thạch-phu-phụ_raw.html,北向南山笑望夫,Chinese
thivien_Hồ-Xuân-Hương_Vịnh-thạch-phu-phụ_raw.html,締糽義長天地並,Chinese
thivien_Hồ-Xuân-Hương_Vịnh-thạch-phu-phụ_raw.html,唱隨聲動海山秋,Chinese
thivien_Hồ-Xuân-Hương_Vịnh-thạch-phu-phụ_raw.html,往來或問渠孫子,Chinese
thivien_Hồ-Xuân-Hương_Vịnh-thạch-phu-phụ_raw.html,石在山頭人在舟,Chinese
thivien_Khiếu-Năng-Tĩnh_Hương-giang-ngộ-Trần-cư-sĩ-thoại-cựu_raw.html,無能捉得玉欣娘,Chinese
thivien_Khiếu-Năng-Tĩnh_Hương-giang-ngộ-Trần-cư-sĩ-thoại-cựu_raw.html,偽說將回治不良,Chinese
thivien_Khiếu-Năng-Tĩnh_Hương-giang-ngộ-Trần-cư-sĩ-thoại-cựu_raw.html,不表忠貞為後教,Chinese
thivien_Khiếu-Năng-Tĩnh_Hương-giang-ngộ-Trần-cư-sĩ-thoại-cựu_raw.html,定南靜北手非強,Chinese
thivien_Khiếu-Năng-Tĩnh_Ngôn-chí_raw.html,或將設帳助貧家,Chinese
thivien_Khiếu-Năng-Tĩnh_Ngôn-chí_raw.html,無學安能別正邪,Chinese
thivien_Khiếu-Năng-Tĩnh_Ngôn-chí_raw.html,始著化兒初集韻,Chinese
thivien_Khiếu-Năng-Tĩnh_Ngôn-chí_raw.html,再成訓長一詩歌,Chinese
thivien_Khiếu-Năng-Tĩnh_Ngôn-chí_raw.html,守和不智難為者,Chinese
thivien_Khiếu-Năng-Tĩnh_Ngôn-chí_raw.html,除暴凡才豈得耶,Chinese
thivien_Khiếu-Năng-Tĩnh_Ngôn-chí_raw.html,老大少酬先祖願,Chinese
thivien_Khiếu-Năng-Tĩnh_Ngôn-chí_raw.html,朝餐墓粥伴煙霞,Chinese
thivien_Khiếu-Năng-Tĩnh_Tang-miếu-thướng-sớ-cáo-bệnh_raw.html,宦路崎嶇水未諳,Chinese
thivien_Khiếu-Năng-Tĩnh_Tang-miếu-thướng-sớ-cáo-bệnh_raw.html,如今歲幾十餘三,Chinese
thivien_Khiếu-Năng-Tĩnh_Tang-miếu-thướng-sớ-cáo-bệnh_raw.html,風寒痹痛身難解,Chinese
thivien_Khiếu-Năng-Tĩnh_Tang-miếu-thướng-sớ-cáo-bệnh_raw.html,藥治湯丸病不堪,Chinese
thivien_Khiếu-Năng-Tĩnh_Tang-miếu-thướng-sớ-cáo-bệnh_raw.html,桑廟月圓觀四至,Chinese
thivien_Khiếu-Năng-Tĩnh_Tang-miếu-thướng-sớ-cáo-bệnh_raw.html,疏呈旬滿喻雙探,Chinese
thivien_Khiếu-Năng-Tĩnh_Tang-miếu-thướng-sớ-cáo-bệnh_raw.html,水萍曾識君心苦,Chinese
thivien_Khiếu-Năng-Tĩnh_Tang-miếu-thướng-sớ-cáo-bệnh_raw.html,九臥山邊亦自慚,Chinese
thivien_Khiếu-Năng-Tĩnh_Thanh-minh_raw.html,北望南洲萬里途,Chinese
thivien_Khiếu-Năng-Tĩnh_Thanh-minh_raw.html,清明此日雨雲無,Chinese
thivien_Khiếu-Năng-Tĩnh_Thanh-minh_raw.html,後先大小瀕來墓,Chinese
thivien_Khiếu-Năng-Tĩnh_Thanh-minh_raw.html,上下金銀布滿墟,Chinese
thivien_Khiếu-Năng-Tĩnh_Thanh-minh_raw.html,酒洒一壼留莽草,Chinese
thivien_Khiếu-Năng-Tĩnh_Thanh-minh_raw.html,心祈諸事早豊餘,Chinese
thivien_Khiếu-Năng-Tĩnh_Thanh-minh_raw.html,妻而在貫今非異,Chinese
thivien_Khiếu-Năng-Tĩnh_Thanh-minh_raw.html,少報生成世世如,Chinese
thivien_Khiếu-Năng-Tĩnh_Tiên-Nhân-động_raw.html,相傳匝六峒飛來,Chinese
thivien_Khiếu-Năng-Tĩnh_Tiên-Nhân-động_raw.html,其一觀瞻果不差,Chinese
thivien_Khiếu-Năng-Tĩnh_Tiên-Nhân-động_raw.html,大小乳垂多露滴,Chinese
thivien_Khiếu-Năng-Tĩnh_Tiên-Nhân-động_raw.html,暗明谷險幾連臺,Chinese
thivien_Khiếu-Năng-Tĩnh_Tiên-Nhân-động_raw.html,日光深照佳人入,Chinese
thivien_Khiếu-Năng-Tĩnh_Tiên-Nhân-động_raw.html,鵲鳥高呼遠客回,Chinese
thivien_Khiếu-Năng-Tĩnh_Tiên-Nhân-động_raw.html,前度兵戈餘骨在,Chinese
thivien_Khiếu-Năng-Tĩnh_Tiên-Nhân-động_raw.html,寒風射面史添哀,Chinese
thivien_Khiếu-Năng-Tĩnh_Tây-Mỗ-Thánh-Mẫu-từ_raw.html,曾聞三度生生化,Chinese
thivien_Khiếu-Năng-Tĩnh_Tây-Mỗ-Thánh-Mẫu-từ_raw.html,貞孝先將繫此身,Chinese
thivien_Khiếu-Năng-Tĩnh_Tây-Mỗ-Thánh-Mẫu-từ_raw.html,西姆皇家為後劫,Chinese
thivien_Khiếu-Năng-Tĩnh_Tây-Mỗ-Thánh-Mẫu-từ_raw.html,北山梅氏續前恩,Chinese
thivien_Khiếu-Năng-Tĩnh_Tây-Mỗ-Thánh-Mẫu-từ_raw.html,以完塵夢生男子,Chinese
thivien_Khiếu-Năng-Tĩnh_Tây-Mỗ-Thánh-Mẫu-từ_raw.html,繼養梨民釀古淳,Chinese
thivien_Khiếu-Năng-Tĩnh_Tây-Mỗ-Thánh-Mẫu-từ_raw.html,門外明堂多水聚,Chinese
thivien_Khiếu-Năng-Tĩnh_Tây-Mỗ-Thánh-Mẫu-từ_raw.html,四時花草燭香新,Chinese
thivien_Khuyết-danh-Việt-Nam_Nhật-đăng-sơn_raw.html,一缽功德水,Chinese
thivien_Khuyết-danh-Việt-Nam_Nhật-đăng-sơn_raw.html,隨緣化世間,Chinese
thivien_Khuyết-danh-Việt-Nam_Nhật-đăng-sơn_raw.html,光光重照燭,Chinese
thivien_Khuyết-danh-Việt-Nam_Nhật-đăng-sơn_raw.html,影沒日登山,Chinese
thivien_Khuyết-danh-Việt-Nam_Sấm-ngôn_raw.html,樹根杳杳,Chinese
thivien_Khuyết-danh-Việt-Nam_Sấm-ngôn_raw.html,木表青青,Chinese
thivien_Khuyết-danh-Việt-Nam_Sấm-ngôn_raw.html,禾刀木落,Chinese
thivien_Khuyết-danh-Việt-Nam_Sấm-ngôn_raw.html,十八子成,Chinese
thivien_Khuyết-danh-Việt-Nam_Sấm-ngôn_raw.html,震宮見日,Chinese
thivien_Khuyết-danh-Việt-Nam_Sấm-ngôn_raw.html,兌宮隱星,Chinese
thivien_Khuyết-danh-Việt-Nam_Sấm-ngôn_raw.html,六七年間,Chinese
thivien_Khuyết-danh-Việt-Nam_Sấm-ngôn_raw.html,天下太平,Chinese
thivien_Lê-Chí-Kính_Nhất-Tự-sơn-tức-cảnh_raw.html,一字天然海岸浮,Chinese
thivien_Lê-Chí-Kính_Nhất-Tự-sơn-tức-cảnh_raw.html,十分景色眼中收,Chinese
thivien_Lê-Chí-Kính_Nhất-Tự-sơn-tức-cảnh_raw.html,山形平直天留巧,Chinese
thivien_Lê-Chí-Kính_Nhất-Tự-sơn-tức-cảnh_raw.html,水面滄茫客易愁,Chinese
thivien_Lê-Chí-Kính_Nhất-Tự-sơn-tức-cảnh_raw.html,馬嶺斜陽噓牧笛,Chinese
thivien_Lê-Chí-Kính_Nhất-Tự-sơn-tức-cảnh_raw.html,求江晚渡泛漁舟,Chinese
thivien_Lê-Chí-Kính_Nhất-Tự-sơn-tức-cảnh_raw.html,卅年往徹人蕕記,Chinese
thivien_Lê-Chí-Kính_Nhất-Tự-sơn-tức-cảnh_raw.html,遇我江山恨白頭,Chinese
thivien_Lê-Cảnh-Tuân_Nguyên-nhật_raw.html,旅館客仍在,Chinese
thivien_Lê-Cảnh-Tuân_Nguyên-nhật_raw.html,去年春復來,Chinese
thivien_Lê-Cảnh-Tuân_Nguyên-nhật_raw.html,歸期何日是,Chinese
thivien_Lê-Cảnh-Tuân_Nguyên-nhật_raw.html,老盡故園梅,Chinese
thivien_Lê-Khắc-Cẩn_Tiễn-Niết-đài-Nguyễn-Huy-Quỳnh-thăng-Thanh-phiên-sứ_raw.html,巍然軒駟耀于門,Chinese
thivien_Lê-Khắc-Cẩn_Tiễn-Niết-đài-Nguyễn-Huy-Quỳnh-thăng-Thanh-phiên-sứ_raw.html,稠壘家慶與國恩,Chinese
thivien_Lê-Khắc-Cẩn_Tiễn-Niết-đài-Nguyễn-Huy-Quỳnh-thăng-Thanh-phiên-sứ_raw.html,龍肚幾秋卿士月,Chinese
thivien_Lê-Khắc-Cẩn_Tiễn-Niết-đài-Nguyễn-Huy-Quỳnh-thăng-Thanh-phiên-sứ_raw.html,鶴城一路价人藩,Chinese
thivien_Lê-Khắc-Cẩn_Tiễn-Niết-đài-Nguyễn-Huy-Quỳnh-thăng-Thanh-phiên-sứ_raw.html,江山吾土情無限,Chinese
thivien_Lê-Khắc-Cẩn_Tiễn-Niết-đài-Nguyễn-Huy-Quỳnh-thăng-Thanh-phiên-sứ_raw.html,桃李東風笑不言,Chinese
thivien_Lê-Khắc-Cẩn_Tiễn-Niết-đài-Nguyễn-Huy-Quỳnh-thăng-Thanh-phiên-sứ_raw.html,同事況今逢地主,Chinese
thivien_Lê-Khắc-Cẩn_Tiễn-Niết-đài-Nguyễn-Huy-Quỳnh-thăng-Thanh-phiên-sứ_raw.html,和衷畢竟會心源,Chinese
thivien_Lê-Quát_Nhạn-túc-đăng_raw.html,上林燈制異尋常,Chinese
thivien_Lê-Quát_Nhạn-túc-đăng_raw.html,鴈足栽成七尺長,Chinese
thivien_Lê-Quát_Nhạn-túc-đăng_raw.html,盤底膏痕疑繫帛,Chinese
thivien_Lê-Quát_Nhạn-túc-đăng_raw.html,窗間腳影認排行,Chinese
thivien_Lê-Quát_Nhạn-túc-đăng_raw.html,依稀鶴焰冷汀月,Chinese
thivien_Lê-Quát_Nhạn-túc-đăng_raw.html,隱映蛾飛翻塞霜,Chinese
thivien_Lê-Quát_Nhạn-túc-đăng_raw.html,堪笑秦宮尚奇巧,Chinese
thivien_Lê-Quát_Nhạn-túc-đăng_raw.html,磻螭飛甲照咸陽,Chinese
thivien_Lê-Quát_Đồng-hổ_raw.html,一雙銅虎踞城隅,Chinese
thivien_Lê-Quát_Đồng-hổ_raw.html,守護天閽幾度秋,Chinese
thivien_Lê-Quát_Đồng-hổ_raw.html,精孕首山經百鍊,Chinese
thivien_Lê-Quát_Đồng-hổ_raw.html,威分岩殿爍雙眸,Chinese
thivien_Lê-Quát_Đồng-hổ_raw.html,石羊怪誕終奚信,Chinese
thivien_Lê-Quát_Đồng-hổ_raw.html,金馬誇張豈足侔,Chinese
thivien_Lê-Quát_Đồng-hổ_raw.html,恰似忠臣心鐵石,Chinese
thivien_Lê-Quát_Đồng-hổ_raw.html,威聲凜凜臥邊頭,Chinese
thivien_Lê-Quý-Đôn_Đăng-Xuyên-Sơn-nham_raw.html,一路佳山要徧窺,Chinese
thivien_Lê-Quý-Đôn_Đăng-Xuyên-Sơn-nham_raw.html,攀雲踏雪了忘悲,Chinese
thivien_Lê-Quý-Đôn_Đăng-Xuyên-Sơn-nham_raw.html,休誇此景能呈秀,Chinese
thivien_Lê-Quý-Đôn_Đăng-Xuyên-Sơn-nham_raw.html,獨怪前人解釣奇,Chinese
thivien_Lê-Quý-Đôn_Đăng-Xuyên-Sơn-nham_raw.html,白鶴幾秋天外落,Chinese
thivien_Lê-Quý-Đôn_Đăng-Xuyên-Sơn-nham_raw.html,玉簫何處月中吹,Chinese
thivien_Lê-Quý-Đôn_Đăng-Xuyên-Sơn-nham_raw.html,老僧不作功名想,Chinese
thivien_Lê-Quý-Đôn_Đăng-Xuyên-Sơn-nham_raw.html,詩卷茶甌只自知,Chinese
thivien_Lê-Thánh-Tông_Chí-Linh-sơn-đạo-trung-kỳ-2_raw.html,參禪人戀心成佛,Chinese
thivien_Lê-Thánh-Tông_Chí-Linh-sơn-đạo-trung-kỳ-2_raw.html,名利都歸小謁關,Chinese
thivien_Lê-Thánh-Tông_Chí-Linh-sơn-đạo-trung-kỳ-2_raw.html,路轉林回雲袂冷,Chinese
thivien_Lê-Thánh-Tông_Chí-Linh-sơn-đạo-trung-kỳ-2_raw.html,舉頭疑入四明山,Chinese
thivien_Lê-Thánh-Tông_Ngự-chế-văn-nhân-thi_raw.html,書窗燈火夙霄勤,Chinese
thivien_Lê-Thánh-Tông_Ngự-chế-văn-nhân-thi_raw.html,格調清高意思新,Chinese
thivien_Lê-Thánh-Tông_Ngự-chế-văn-nhân-thi_raw.html,道骨仙風乘月客,Chinese
thivien_Lê-Thánh-Tông_Ngự-chế-văn-nhân-thi_raw.html,錦心繡口典衣人,Chinese
thivien_Lê-Thánh-Tông_Ngự-chế-văn-nhân-thi_raw.html,雄詞炯炯凌霄漢,Chinese
thivien_Lê-Thánh-Tông_Ngự-chế-văn-nhân-thi_raw.html,妙句洋洋泣鬼神,Chinese
thivien_Lê-Thánh-Tông_Ngự-chế-văn-nhân-thi_raw.html,冰玉情懷方寸頃,Chinese
thivien_Lê-Thánh-Tông_Ngự-chế-văn-nhân-thi_raw.html,晅和郁郁四時春,Chinese
thivien_Lê-Thánh-Tông_Trung-Giang-châu-dạ-bạc_raw.html,夜靜無風宿露消,Chinese
thivien_Lê-Thánh-Tông_Trung-Giang-châu-dạ-bạc_raw.html,樓頭對日舉盃邀,Chinese
thivien_Lê-Thánh-Tông_Trung-Giang-châu-dạ-bạc_raw.html,更闌半掩蓬窗坐,Chinese
thivien_Lê-Thánh-Tông_Trung-Giang-châu-dạ-bạc_raw.html,潮漲平江水白橋,Chinese
thivien_Lê-Thánh-Tông_Đông-dạ-chước-tửu_raw.html,軒前楚楚席群英,Chinese
thivien_Lê-Thánh-Tông_Đông-dạ-chước-tửu_raw.html,攜酒看來俗慮清,Chinese
thivien_Lê-Thánh-Tông_Đông-dạ-chước-tửu_raw.html,可看閑階一片地,Chinese
thivien_Lê-Thánh-Tông_Đông-dạ-chước-tửu_raw.html,竹篩不礙月花明,Chinese
thivien_Lê-Thánh-Tông_Đăng-Long-Đội-sơn-đề-Sùng-Thiện-Diên-Linh-bảo-tháp-bi-hậu_raw.html,千仞層巒古化城,Chinese
thivien_Lê-Thánh-Tông_Đăng-Long-Đội-sơn-đề-Sùng-Thiện-Diên-Linh-bảo-tháp-bi-hậu_raw.html,攀緣石磴扣禪扃,Chinese
thivien_Lê-Thánh-Tông_Đăng-Long-Đội-sơn-đề-Sùng-Thiện-Diên-Linh-bảo-tháp-bi-hậu_raw.html,李皇恠誕碑空在,Chinese
thivien_Lê-Thánh-Tông_Đăng-Long-Đội-sơn-đề-Sùng-Thiện-Diên-Linh-bảo-tháp-bi-hậu_raw.html,明賊兇殘寺已更,Chinese
thivien_Lê-Thánh-Tông_Đăng-Long-Đội-sơn-đề-Sùng-Thiện-Diên-Linh-bảo-tháp-bi-hậu_raw.html,路少人踪苔甲緑,Chinese
thivien_Lê-Thánh-Tông_Đăng-Long-Đội-sơn-đề-Sùng-Thiện-Diên-Linh-bảo-tháp-bi-hậu_raw.html,山多春雨燒痕青,Chinese
thivien_Lê-Thánh-Tông_Đăng-Long-Đội-sơn-đề-Sùng-Thiện-Diên-Linh-bảo-tháp-bi-hậu_raw.html,登高眼界無窮著,Chinese
thivien_Lê-Thánh-Tông_Đăng-Long-Đội-sơn-đề-Sùng-Thiện-Diên-Linh-bảo-tháp-bi-hậu_raw.html,萬里茫茫草樹平,Chinese
thivien_Lê-Thánh-Tông_Đề-đạo-nhân-vân-thuỷ-cư-kỳ-08_raw.html,兩岸蘆花兩岸秋,Chinese
thivien_Lê-Thánh-Tông_Đề-đạo-nhân-vân-thuỷ-cư-kỳ-08_raw.html,生緣渚得一扁舟,Chinese
thivien_Lê-Thánh-Tông_Đề-đạo-nhân-vân-thuỷ-cư-kỳ-08_raw.html,傍人欲識忘情樂,Chinese
thivien_Lê-Thánh-Tông_Đề-đạo-nhân-vân-thuỷ-cư-kỳ-08_raw.html,萬里江山汗漫遊,Chinese
thivien_Lê-Thánh-Tông_Đề-đạo-nhân-vân-thuỷ-cư-kỳ-17_raw.html,暉暉周日竹陰涼,Chinese
thivien_Lê-Thánh-Tông_Đề-đạo-nhân-vân-thuỷ-cư-kỳ-17_raw.html,三五蟬聲夏影長,Chinese
thivien_Lê-Thánh-Tông_Đề-đạo-nhân-vân-thuỷ-cư-kỳ-17_raw.html,一枕北窗塵慮斷,Chinese
thivien_Lê-Thánh-Tông_Đề-đạo-nhân-vân-thuỷ-cư-kỳ-17_raw.html,荷花驚起睡鴛鴦,Chinese
thivien_Lý-Thái-Tông_Truy-tán-Pháp-Vân-tự-Tì-ni-đa-lưu-chi-thiền-sư_raw.html,創自南來國,Chinese
thivien_Lý-Thái-Tông_Truy-tán-Pháp-Vân-tự-Tì-ni-đa-lưu-chi-thiền-sư_raw.html,聞君久習禪,Chinese
thivien_Lý-Thái-Tông_Truy-tán-Pháp-Vân-tự-Tì-ni-đa-lưu-chi-thiền-sư_raw.html,應開諸佛信,Chinese
thivien_Lý-Thái-Tông_Truy-tán-Pháp-Vân-tự-Tì-ni-đa-lưu-chi-thiền-sư_raw.html,遠合一心源,Chinese
thivien_Lý-Thái-Tông_Truy-tán-Pháp-Vân-tự-Tì-ni-đa-lưu-chi-thiền-sư_raw.html,皎皎楞枷月,Chinese
thivien_Lý-Thái-Tông_Truy-tán-Pháp-Vân-tự-Tì-ni-đa-lưu-chi-thiền-sư_raw.html,芬芬般若蓮,Chinese
thivien_Lý-Thái-Tông_Truy-tán-Pháp-Vân-tự-Tì-ni-đa-lưu-chi-thiền-sư_raw.html,何時臨面見,Chinese
thivien_Lý-Thái-Tông_Truy-tán-Pháp-Vân-tự-Tì-ni-đa-lưu-chi-thiền-sư_raw.html,相與話重玄,Chinese
thivien_Mạc-Đĩnh-Chi_Tảo-hành_raw.html,蝴蝶醒殘夢,Chinese
thivien_Mạc-Đĩnh-Chi_Tảo-hành_raw.html,商郎聞櫂歌,Chinese
thivien_Mạc-Đĩnh-Chi_Tảo-hành_raw.html,張帆開夙霧,Chinese
thivien_Mạc-Đĩnh-Chi_Tảo-hành_raw.html,擺櫂破晴波,Chinese
thivien_Mạc-Đĩnh-Chi_Tảo-hành_raw.html,水入九江闊,Chinese
thivien_Mạc-Đĩnh-Chi_Tảo-hành_raw.html,山歸三楚多,Chinese
thivien_Mạc-Đĩnh-Chi_Tảo-hành_raw.html,濂溪何處是,Chinese
thivien_Mạc-Đĩnh-Chi_Tảo-hành_raw.html,我欲訪煙蘿,Chinese
thivien_Nguyễn-Cao_Nguyên-đán-thí-bút-ngôn-chí_raw.html,暄氣祛寒落酒邊,Chinese
thivien_Nguyễn-Cao_Nguyên-đán-thí-bút-ngôn-chí_raw.html,醒看花色上簾鮮,Chinese
thivien_Nguyễn-Cao_Nguyên-đán-thí-bút-ngôn-chí_raw.html,計旬應已稱強仕,Chinese
thivien_Nguyễn-Cao_Nguyên-đán-thí-bút-ngôn-chí_raw.html,更事多慚尚少年,Chinese
thivien_Nguyễn-Cao_Nguyên-đán-thí-bút-ngôn-chí_raw.html,癡拙此身多病態,Chinese
thivien_Nguyễn-Cao_Nguyên-đán-thí-bút-ngôn-chí_raw.html,遭逢今日幸生緣,Chinese
thivien_Nguyễn-Cao_Nguyên-đán-thí-bút-ngôn-chí_raw.html,閑來如早成初志,Chinese
thivien_Nguyễn-Cao_Nguyên-đán-thí-bút-ngôn-chí_raw.html,買盡春山不用錢,Chinese
thivien_Nguyễn-Cẩn-II_Trùng-đề-Truyền-Đăng-sơn_raw.html,聖宗皇帝題詩石,Chinese
thivien_Nguyễn-Cẩn-II_Trùng-đề-Truyền-Đăng-sơn_raw.html,東溟之山高百尺,Chinese
thivien_Nguyễn-Cẩn-II_Trùng-đề-Truyền-Đăng-sơn_raw.html,天風海島日夜激,Chinese
thivien_Nguyễn-Cẩn-II_Trùng-đề-Truyền-Đăng-sơn_raw.html,五百年與字猶赤,Chinese
thivien_Nguyễn-Cẩn-II_Trùng-đề-Truyền-Đăng-sơn_raw.html,和稱御筆咽何人,Chinese
thivien_Nguyễn-Cẩn-II_Trùng-đề-Truyền-Đăng-sơn_raw.html,鄭王望意同不泯,Chinese
thivien_Nguyễn-Cẩn-II_Trùng-đề-Truyền-Đăng-sơn_raw.html,我來拔劍怒且嗔,Chinese
thivien_Nguyễn-Cẩn-II_Trùng-đề-Truyền-Đăng-sơn_raw.html,吁嗟後黎之君臣,Chinese
thivien_Nguyễn-Diễn_Thế-lộ-suy_raw.html,未知此日是何時,Chinese
thivien_Nguyễn-Diễn_Thế-lộ-suy_raw.html,水潦饑寒繼亂來,Chinese
thivien_Nguyễn-Diễn_Thế-lộ-suy_raw.html,兵火清民分老少,Chinese
thivien_Nguyễn-Diễn_Thế-lộ-suy_raw.html,荒涼海邑滿濱涯,Chinese
thivien_Nguyễn-Diễn_Thế-lộ-suy_raw.html,昇龍必有沉龍日,Chinese
thivien_Nguyễn-Diễn_Thế-lộ-suy_raw.html,外教當防內教乖,Chinese
thivien_Nguyễn-Diễn_Thế-lộ-suy_raw.html,不顧祖宗先兆白,Chinese
thivien_Nguyễn-Diễn_Thế-lộ-suy_raw.html,根基已壞起存哉,Chinese
thivien_Nguyễn-Du_Bất-tiến-hành_raw.html,舟楫紛紛同一流,Chinese
thivien_Nguyễn-Du_Bất-tiến-hành_raw.html,下灘人喜上灘愁,Chinese
thivien_Nguyễn-Du_Bất-tiến-hành_raw.html,百丈長繩挽不進,Chinese
thivien_Nguyễn-Du_Bất-tiến-hành_raw.html,舟中年少皆白頭,Chinese
thivien_Nguyễn-Du_Dạ-hành_raw.html,老納安眠鴻嶺雲,Chinese
thivien_Nguyễn-Du_Dạ-hành_raw.html,浮鷗靜宿煖沙津,Chinese
thivien_Nguyễn-Du_Dạ-hành_raw.html,南溟殘月浮千里,Chinese
thivien_Nguyễn-Du_Dạ-hành_raw.html,古陌寒風共一人,Chinese
thivien_Nguyễn-Du_Dạ-hành_raw.html,黑夜何其迷失曉,Chinese
thivien_Nguyễn-Du_Dạ-hành_raw.html,白頭無賴拙藏身,Chinese
thivien_Nguyễn-Du_Dạ-hành_raw.html,不愁久露霑衣袂,Chinese
thivien_Nguyễn-Du_Dạ-hành_raw.html,且喜鬚眉不染塵,Chinese
thivien_Nguyễn-Du_Dự-Nhượng-kiều-chuỷ-thủ-hành_raw.html,晉陽城外滔滔水智伯漆頭為溺器無人報仇誠可悲,Chinese
thivien_Nguyễn-Du_Dự-Nhượng-kiều-chuỷ-thủ-hành_raw.html,其臣豫讓身當之漆身為癩剔鬚眉,Chinese
thivien_Nguyễn-Du_Dự-Nhượng-kiều-chuỷ-thủ-hành_raw.html,當道乞食妻不知身挾匕首伏橋下怒視仇腹甘如飴,Chinese
thivien_Nguyễn-Du_Dự-Nhượng-kiều-chuỷ-thủ-hành_raw.html,殺氣凜凜不可近白日無光霜雪飛,Chinese
thivien_Nguyễn-Du_Dự-Nhượng-kiều-chuỷ-thủ-hành_raw.html,再擭再舍心不移臨死猶能三擊衣凌凌奇氣千霄上,Chinese
thivien_Nguyễn-Du_Dự-Nhượng-kiều-chuỷ-thủ-hành_raw.html,自此橋名更豫讓君臣大義最分明國士眾人各易尙愧剎人臣懷二心,Chinese
thivien_Nguyễn-Du_Dự-Nhượng-kiều-chuỷ-thủ-hành_raw.html,千古聞之色惆悵,Chinese
thivien_Nguyễn-Du_Dự-Nhượng-kiều-chuỷ-thủ-hành_raw.html,不是荊軻聶政徒,Chinese
thivien_Nguyễn-Du_Dự-Nhượng-kiều-chuỷ-thủ-hành_raw.html,甘人豢養輕其軀,Chinese
thivien_Nguyễn-Du_Dự-Nhượng-kiều-chuỷ-thủ-hành_raw.html,血氣之勇不足道君獨錚錚鐵丈夫路經三晉皆丘土,Chinese
thivien_Nguyễn-Du_Dự-Nhượng-kiều-chuỷ-thủ-hành_raw.html,注目橋邊如有睹西風凄凄寒逼人,Chinese
thivien_Nguyễn-Du_Dự-Nhượng-kiều-chuỷ-thủ-hành_raw.html,征馬頻頻驚失路匕首當時七寸長獨有萬丈光茫亙今古,Chinese
thivien_Nguyễn-Du_Hoàng-Mai-kiều-vãn-diểu_raw.html,黃梅橋上夕陽紅,Chinese
thivien_Nguyễn-Du_Hoàng-Mai-kiều-vãn-diểu_raw.html,黃梅橋下水流東,Chinese
thivien_Nguyễn-Du_Hoàng-Mai-kiều-vãn-diểu_raw.html,元氣浮沉滄海外,Chinese
thivien_Nguyễn-Du_Hoàng-Mai-kiều-vãn-diểu_raw.html,晴嵐吞吐亂流中,Chinese
thivien_Nguyễn-Du_Hoàng-Mai-kiều-vãn-diểu_raw.html,短蓑漁枕孤舟月,Chinese
thivien_Nguyễn-Du_Hoàng-Mai-kiều-vãn-diểu_raw.html,長笛童吹古徑風,Chinese
thivien_Nguyễn-Du_Hoàng-Mai-kiều-vãn-diểu_raw.html,大地文章隨處見,Chinese
thivien_Nguyễn-Du_Hoàng-Mai-kiều-vãn-diểu_raw.html,君心何事太匆匆,Chinese
thivien_Nguyễn-Du_Kinh-Kha-cố-lý_raw.html,白虹貫日天漫漫風蕭蕭兮易水寒,Chinese
thivien_Nguyễn-Du_Kinh-Kha-cố-lý_raw.html,歌聲慷慨金聲烈荊軻從此入秦關入秦關兮持匕首六國深仇一引手,Chinese
thivien_Nguyễn-Du_Kinh-Kha-cố-lý_raw.html,殿上卒然一震驚左右手搏王環柱階下舞陽如死人,Chinese
thivien_Nguyễn-Du_Kinh-Kha-cố-lý_raw.html,神勇毅然惟獨君,Chinese
thivien_Nguyễn-Du_Kinh-Kha-cố-lý_raw.html,縱然不殺秦皇帝,Chinese
thivien_Nguyễn-Du_Kinh-Kha-cố-lý_raw.html,也算古今無比倫怪底行蹤原市隱,Chinese
thivien_Nguyễn-Du_Kinh-Kha-cố-lý_raw.html,曾與燕丹無夙分殺身只為受人知,Chinese
thivien_Nguyễn-Du_Kinh-Kha-cố-lý_raw.html,徒得田光輕一刎,Chinese
thivien_Nguyễn-Du_Kinh-Kha-cố-lý_raw.html,可憐無辜樊於期,Chinese
thivien_Nguyễn-Du_Kinh-Kha-cố-lý_raw.html,以頭借人無還時,Chinese
thivien_Nguyễn-Du_Kinh-Kha-cố-lý_raw.html,一朝枉殺三烈士咸陽天子終巍巍燕郊一望皆塵土,Chinese
thivien_Nguyễn-Du_Kinh-Kha-cố-lý_raw.html,秋日秋風滿官路市上歌聲不復聞易水波流自今古故里枳棘縱復橫只有殘碑猶未傾,Chinese
thivien_Nguyễn-Du_Kinh-Kha-cố-lý_raw.html,莫道匕首更無濟楬竿斬木為先聲,Chinese
thivien_Nguyễn-Du_Lam-giang_raw.html,清晨望藍江,Chinese
thivien_Nguyễn-Du_Lam-giang_raw.html,藍江漲秋水魚鱉遊丘陵牛馬迷涯涘,Chinese
thivien_Nguyễn-Du_Lam-giang_raw.html,圮岸崩暴雷,Chinese
thivien_Nguyễn-Du_Lam-giang_raw.html,鴻濤見奇鬼危險勝人心傾覆亦天意,Chinese
thivien_Nguyễn-Du_Lam-giang_raw.html,我望藍江頭,Chinese
thivien_Nguyễn-Du_Lam-giang_raw.html,寸心常惴惴常恐一失足汨沒無底止如何世間人,Chinese
thivien_Nguyễn-Du_Lam-giang_raw.html,乘險不知畏去者何滔滔來者尚未已,Chinese
thivien_Nguyễn-Du_Lam-giang_raw.html,帝德本好生,Chinese
thivien_Nguyễn-Du_Lam-giang_raw.html,那得長如是,Chinese
thivien_Nguyễn-Du_Lam-giang_raw.html,擬驅千仞山,Chinese
thivien_Nguyễn-Du_Lam-giang_raw.html,填平五百里,Chinese
thivien_Nguyễn-Du_Nam-Quan-đạo-trung_raw.html,玉書捧下五雲端,Chinese
thivien_Nguyễn-Du_Nam-Quan-đạo-trung_raw.html,萬里單車渡漢關,Chinese
thivien_Nguyễn-Du_Nam-Quan-đạo-trung_raw.html,一路偕來愯白髮,Chinese
thivien_Nguyễn-Du_Nam-Quan-đạo-trung_raw.html,二旬斫見但青山,Chinese
thivien_Nguyễn-Du_Nam-Quan-đạo-trung_raw.html,君恩似海毫無報,Chinese
thivien_Nguyễn-Du_Nam-Quan-đạo-trung_raw.html,春雨如膏骨自寒,Chinese
thivien_Nguyễn-Du_Nam-Quan-đạo-trung_raw.html,王道蕩平休問訊,Chinese
thivien_Nguyễn-Du_Nam-Quan-đạo-trung_raw.html,明江北上是長安,Chinese
thivien_Nguyễn-Du_Ngẫu-hứng-kỳ-1_raw.html,三月春時長豆苗,Chinese
thivien_Nguyễn-Du_Ngẫu-hứng-kỳ-1_raw.html,黃狐肥滿白狐驍,Chinese
thivien_Nguyễn-Du_Ngẫu-hứng-kỳ-1_raw.html,主人在旅不歸去,Chinese
thivien_Nguyễn-Du_Ngẫu-hứng-kỳ-1_raw.html,可惜鴻山屬晚樵,Chinese
thivien_Nguyễn-Du_Ngẫu-hứng-kỳ-2_raw.html,蘆花初白菊初黃,Chinese
thivien_Nguyễn-Du_Ngẫu-hứng-kỳ-2_raw.html,千里鄉心夜共長,Chinese
thivien_Nguyễn-Du_Ngẫu-hứng-kỳ-2_raw.html,強起推窗望明月,Chinese
thivien_Nguyễn-Du_Ngẫu-hứng-kỳ-2_raw.html,綠陰重疊不遺光,Chinese
thivien_Nguyễn-Du_Ngẫu-đề-công-quán-bích-kỳ-2_raw.html,東望江頭望故交,Chinese
thivien_Nguyễn-Du_Ngẫu-đề-công-quán-bích-kỳ-2_raw.html,浮雲無定水滔滔,Chinese
thivien_Nguyễn-Du_Ngẫu-đề-công-quán-bích-kỳ-2_raw.html,風吹古塚浮榮盡,Chinese
thivien_Nguyễn-Du_Ngẫu-đề-công-quán-bích-kỳ-2_raw.html,日落平沙戰骨高,Chinese
thivien_Nguyễn-Du_Ngẫu-đề-công-quán-bích-kỳ-2_raw.html,山月江風如有得,Chinese
thivien_Nguyễn-Du_Ngẫu-đề-công-quán-bích-kỳ-2_raw.html,岩棲谷飲不辭勞,Chinese
thivien_Nguyễn-Du_Ngẫu-đề-công-quán-bích-kỳ-2_raw.html,平生已絕雲霄夢,Chinese
thivien_Nguyễn-Du_Ngẫu-đề-công-quán-bích-kỳ-2_raw.html,怕見傍人問羽毛,Chinese
thivien_Nguyễn-Du_Ngẫu-đề_raw.html,白地庭墀夜色空,Chinese
thivien_Nguyễn-Du_Ngẫu-đề_raw.html,深堂悄悄下簾櫳,Chinese
thivien_Nguyễn-Du_Ngẫu-đề_raw.html,丁東砧杵千家月,Chinese
thivien_Nguyễn-Du_Ngẫu-đề_raw.html,蕭索芭蕉一院風,Chinese
thivien_Nguyễn-Du_Ngẫu-đề_raw.html,十口啼饑橫嶺北,Chinese
thivien_Nguyễn-Du_Ngẫu-đề_raw.html,一身臥病帝城東,Chinese
thivien_Nguyễn-Du_Ngẫu-đề_raw.html,知交怪我愁多夢,Chinese
thivien_Nguyễn-Du_Ngẫu-đề_raw.html,天下何人不夢中,Chinese
thivien_Nguyễn-Du_Sơ-thu-cảm-hứng-kỳ-1_raw.html,蕭蕭木落楚江空,Chinese
thivien_Nguyễn-Du_Sơ-thu-cảm-hứng-kỳ-1_raw.html,無限傷心一夜中,Chinese
thivien_Nguyễn-Du_Sơ-thu-cảm-hứng-kỳ-1_raw.html,白髮生憎班定遠,Chinese
thivien_Nguyễn-Du_Sơ-thu-cảm-hứng-kỳ-1_raw.html,玉門關外老秋風,Chinese
thivien_Nguyễn-Du_Thái-Bình-thành-hạ-văn-xuy-địch_raw.html,太平城外西風起,Chinese
thivien_Nguyễn-Du_Thái-Bình-thành-hạ-văn-xuy-địch_raw.html,吹皺寧明一江水,Chinese
thivien_Nguyễn-Du_Thái-Bình-thành-hạ-văn-xuy-địch_raw.html,江水皺兮江月寒,Chinese
thivien_Nguyễn-Du_Thái-Bình-thành-hạ-văn-xuy-địch_raw.html,誰家橫笛憑欄杆,Chinese
thivien_Nguyễn-Du_Thái-Bình-thành-hạ-văn-xuy-địch_raw.html,二十七人共回首,Chinese
thivien_Nguyễn-Du_Thái-Bình-thành-hạ-văn-xuy-địch_raw.html,故鄉已隔萬重山,Chinese
thivien_Nguyễn-Du_Thương-Ngô-Trúc-chi-ca-kỳ-02_raw.html,文昌閣上夜燈明,Chinese
thivien_Nguyễn-Du_Thương-Ngô-Trúc-chi-ca-kỳ-02_raw.html,一片寒光射水晶,Chinese
thivien_Nguyễn-Du_Thương-Ngô-Trúc-chi-ca-kỳ-02_raw.html,來往遊船不知數,Chinese
thivien_Nguyễn-Du_Thương-Ngô-Trúc-chi-ca-kỳ-02_raw.html,滿江齊發棹哥聲,Chinese
thivien_Nguyễn-Du_Triệu-Vũ-Đế-cố-cảnh_raw.html,暴楚強秦相繼誅,Chinese
thivien_Nguyễn-Du_Triệu-Vũ-Đế-cố-cảnh_raw.html,雍容揖遜霸南陬,Chinese
thivien_Nguyễn-Du_Triệu-Vũ-Đế-cố-cảnh_raw.html,自娛儘可稱皇帝,Chinese
thivien_Nguyễn-Du_Triệu-Vũ-Đế-cố-cảnh_raw.html,樂善還能屈豎儒,Chinese
thivien_Nguyễn-Du_Triệu-Vũ-Đế-cố-cảnh_raw.html,百尺高臺傾嶺表,Chinese
thivien_Nguyễn-Du_Triệu-Vũ-Đế-cố-cảnh_raw.html,千年古墓沒番禺,Chinese
thivien_Nguyễn-Du_Triệu-Vũ-Đế-cố-cảnh_raw.html,可憐世代相更迭,Chinese
thivien_Nguyễn-Du_Triệu-Vũ-Đế-cố-cảnh_raw.html,不及蠻夷一老夫,Chinese
thivien_Nguyễn-Du_Tạp-ngâm-kỳ-1_raw.html,秋聲一夜渡藍河,Chinese
thivien_Nguyễn-Du_Tạp-ngâm-kỳ-1_raw.html,無影無形入我家,Chinese
thivien_Nguyễn-Du_Tạp-ngâm-kỳ-1_raw.html,萬里西風來白髮,Chinese
thivien_Nguyễn-Du_Tạp-ngâm-kỳ-1_raw.html,一窗秋色在黃花,Chinese
thivien_Nguyễn-Du_Tạp-ngâm-kỳ-1_raw.html,百年哀樂何時了,Chinese
thivien_Nguyễn-Du_Tạp-ngâm-kỳ-1_raw.html,四壁圖書不厭多,Chinese
thivien_Nguyễn-Du_Tạp-ngâm-kỳ-1_raw.html,庭植孤松高百尺,Chinese
thivien_Nguyễn-Du_Tạp-ngâm-kỳ-1_raw.html,不知青帝奈人何,Chinese
thivien_Nguyễn-Du_Vọng-Quan-Âm-miếu_raw.html,伊誰絕境構亭臺,Chinese
thivien_Nguyễn-Du_Vọng-Quan-Âm-miếu_raw.html,代盡松枝墜鶴胎,Chinese
thivien_Nguyễn-Du_Vọng-Quan-Âm-miếu_raw.html,石穴何年初鑿破,Chinese
thivien_Nguyễn-Du_Vọng-Quan-Âm-miếu_raw.html,金身削夜卻飛來,Chinese
thivien_Nguyễn-Du_Vọng-Quan-Âm-miếu_raw.html,停雲處處僧眠定,Chinese
thivien_Nguyễn-Du_Vọng-Quan-Âm-miếu_raw.html,落口山山猿咡哀,Chinese
thivien_Nguyễn-Du_Vọng-Quan-Âm-miếu_raw.html,一炷檀香消慧業,Chinese
thivien_Nguyễn-Du_Vọng-Quan-Âm-miếu_raw.html,回頭已隔萬重崖,Chinese
thivien_Nguyễn-Du_Xuân-dạ_raw.html,黑夜韶光何處尋,Chinese
thivien_Nguyễn-Du_Xuân-dạ_raw.html,小窗開處柳陰陰,Chinese
thivien_Nguyễn-Du_Xuân-dạ_raw.html,江湖病到經時久,Chinese
thivien_Nguyễn-Du_Xuân-dạ_raw.html,風雨春隨一夜深,Chinese
thivien_Nguyễn-Du_Xuân-dạ_raw.html,羈旅多年燈下淚,Chinese
thivien_Nguyễn-Du_Xuân-dạ_raw.html,家鄉千里月中心,Chinese
thivien_Nguyễn-Du_Xuân-dạ_raw.html,南臺村外龍江水,Chinese
thivien_Nguyễn-Du_Xuân-dạ_raw.html,一片寒聲送古今,Chinese
thivien_Nguyễn-Du_Á-Phụ-mộ_raw.html,眼看霸上五雲浮,Chinese
thivien_Nguyễn-Du_Á-Phụ-mộ_raw.html,汲汲方圖一擊謀,Chinese
thivien_Nguyễn-Du_Á-Phụ-mộ_raw.html,但得此心無負楚,Chinese
thivien_Nguyễn-Du_Á-Phụ-mộ_raw.html,不知天命已歸劉,Chinese
thivien_Nguyễn-Du_Á-Phụ-mộ_raw.html,伯圖泯滅千年後,Chinese
thivien_Nguyễn-Du_Á-Phụ-mộ_raw.html,古墓荒涼三尺秋,Chinese
thivien_Nguyễn-Du_Á-Phụ-mộ_raw.html,多少一心忠所事,Chinese
thivien_Nguyễn-Du_Á-Phụ-mộ_raw.html,每為天下笑其愚,Chinese
thivien_Nguyễn-Du_Đề-Đại-Than-Mã-Phục-Ba-miếu_raw.html,鑿通嶺道定炎墟,Chinese
thivien_Nguyễn-Du_Đề-Đại-Than-Mã-Phục-Ba-miếu_raw.html,蓋世功名在史書,Chinese
thivien_Nguyễn-Du_Đề-Đại-Than-Mã-Phục-Ba-miếu_raw.html,向老大年矜钁鑠,Chinese
thivien_Nguyễn-Du_Đề-Đại-Than-Mã-Phục-Ba-miếu_raw.html,除衣食外盡贏餘,Chinese
thivien_Nguyễn-Du_Đề-Đại-Than-Mã-Phục-Ba-miếu_raw.html,大灘風浪留前烈,Chinese
thivien_Nguyễn-Du_Đề-Đại-Than-Mã-Phục-Ba-miếu_raw.html,古廟松杉隔故閭,Chinese
thivien_Nguyễn-Du_Đề-Đại-Than-Mã-Phục-Ba-miếu_raw.html,日暮城西荊棘下,Chinese
thivien_Nguyễn-Du_Đề-Đại-Than-Mã-Phục-Ba-miếu_raw.html,霪潭遺悔更何如,Chinese
thivien_Nguyễn-Duy-Hiệu_Lâm-hình-thời-tác-kỳ-1_raw.html,亞歐弗敵詎無知,Chinese
thivien_Nguyễn-Duy-Hiệu_Lâm-hình-thời-tác-kỳ-1_raw.html,事已到頭勢可爲,Chinese
thivien_Nguyễn-Duy-Hiệu_Lâm-hình-thời-tác-kỳ-1_raw.html,若使奸鋒無奥援,Chinese
thivien_Nguyễn-Duy-Hiệu_Lâm-hình-thời-tác-kỳ-1_raw.html,何難忠梃撻彊夷,Chinese
thivien_Nguyễn-Duy-Hiệu_Lâm-hình-thời-tác-kỳ-1_raw.html,寒山幾得孤松伴,Chinese
thivien_Nguyễn-Duy-Hiệu_Lâm-hình-thời-tác-kỳ-1_raw.html,大廈安能一木搘,Chinese
thivien_Nguyễn-Duy-Hiệu_Lâm-hình-thời-tác-kỳ-1_raw.html,好把丹心朝列聖,Chinese
thivien_Nguyễn-Duy-Hiệu_Lâm-hình-thời-tác-kỳ-1_raw.html,中秋明月與吾歸,Chinese
thivien_Nguyễn-Duy-Thì_Bành-Thành-hoài-cổ-hoạ-Chánh-sứ-Nguyễn-Phác-Phủ-vận_raw.html,春日彭城駐使軺,Chinese
thivien_Nguyễn-Duy-Thì_Bành-Thành-hoài-cổ-hoạ-Chánh-sứ-Nguyễn-Phác-Phủ-vận_raw.html,翩然感古憶前朝,Chinese
thivien_Nguyễn-Duy-Thì_Bành-Thành-hoài-cổ-hoạ-Chánh-sứ-Nguyễn-Phác-Phủ-vận_raw.html,漢家開創功何易,Chinese
thivien_Nguyễn-Duy-Thì_Bành-Thành-hoài-cổ-hoạ-Chánh-sứ-Nguyễn-Phác-Phủ-vận_raw.html,楚幛悲歌恨未消,Chinese
thivien_Nguyễn-Duy-Thì_Bành-Thành-hoài-cổ-hoạ-Chánh-sứ-Nguyễn-Phác-Phủ-vận_raw.html,勝負有因天曷故,Chinese
thivien_Nguyễn-Duy-Thì_Bành-Thành-hoài-cổ-hoạ-Chánh-sứ-Nguyễn-Phác-Phủ-vận_raw.html,變遷幾歷歲之朝,Chinese
thivien_Nguyễn-Duy-Thì_Bành-Thành-hoài-cổ-hoạ-Chánh-sứ-Nguyễn-Phác-Phủ-vận_raw.html,千秋祠廟刘猶項,Chinese
thivien_Nguyễn-Duy-Thì_Bành-Thành-hoài-cổ-hoạ-Chánh-sứ-Nguyễn-Phác-Phủ-vận_raw.html,仁暴能無判壤霄,Chinese
thivien_Nguyễn-Dữ_Sơn-vân-sơn-nguyệt-Nghĩ-tăng-Vô-Dĩ-dữ-Hàn-Than-ngâm-vịnh-Lệ-Kỳ-sơn-cảnh_raw.html,隱隱林稍迥,Chinese
thivien_Nguyễn-Dữ_Sơn-vân-sơn-nguyệt-Nghĩ-tăng-Vô-Dĩ-dữ-Hàn-Than-ngâm-vịnh-Lệ-Kỳ-sơn-cảnh_raw.html,連空灝氣浮,Chinese
thivien_Nguyễn-Dữ_Sơn-vân-sơn-nguyệt-Nghĩ-tăng-Vô-Dĩ-dữ-Hàn-Than-ngâm-vịnh-Lệ-Kỳ-sơn-cảnh_raw.html,銜山銀鏡缺,Chinese
thivien_Nguyễn-Dữ_Sơn-vân-sơn-nguyệt-Nghĩ-tăng-Vô-Dĩ-dữ-Hàn-Than-ngâm-vịnh-Lệ-Kỳ-sơn-cảnh_raw.html,隔霧玉盆收,Chinese
thivien_Nguyễn-Dữ_Sơn-vân-sơn-nguyệt-Nghĩ-tăng-Vô-Dĩ-dữ-Hàn-Than-ngâm-vịnh-Lệ-Kỳ-sơn-cảnh_raw.html,影落松關靜,Chinese
thivien_Nguyễn-Dữ_Sơn-vân-sơn-nguyệt-Nghĩ-tăng-Vô-Dĩ-dữ-Hàn-Than-ngâm-vịnh-Lệ-Kỳ-sơn-cảnh_raw.html,涼回竹院幽,Chinese
thivien_Nguyễn-Dữ_Sơn-vân-sơn-nguyệt-Nghĩ-tăng-Vô-Dĩ-dữ-Hàn-Than-ngâm-vịnh-Lệ-Kỳ-sơn-cảnh_raw.html,清光隨處有,Chinese
thivien_Nguyễn-Dữ_Sơn-vân-sơn-nguyệt-Nghĩ-tăng-Vô-Dĩ-dữ-Hàn-Than-ngâm-vịnh-Lệ-Kỳ-sơn-cảnh_raw.html,何必上南樓,Chinese
thivien_Nguyễn-Húc_Du-Trung-Tiết-am_raw.html,山路逢僧似有期,Chinese
thivien_Nguyễn-Húc_Du-Trung-Tiết-am_raw.html,坐移花影上人衣,Chinese
thivien_Nguyễn-Húc_Du-Trung-Tiết-am_raw.html,鳥諳林茂飛還早,Chinese
thivien_Nguyễn-Húc_Du-Trung-Tiết-am_raw.html,帶得全村暝色歸,Chinese
thivien_Nguyễn-Hữu-Cương_Cúc_raw.html,眾卉全蕭落,Chinese
thivien_Nguyễn-Hữu-Cương_Cúc_raw.html,芳叢獨發揮,Chinese
thivien_Nguyễn-Hữu-Cương_Cúc_raw.html,貞心霜共白,Chinese
thivien_Nguyễn-Hữu-Cương_Cúc_raw.html,高與月爲期,Chinese
thivien_Nguyễn-Hữu-Cương_Hà_raw.html,夏月正徂暑,Chinese
thivien_Nguyễn-Hữu-Cương_Hà_raw.html,遙溪不斷芬,Chinese
thivien_Nguyễn-Hữu-Cương_Hà_raw.html,南風解民慍,Chinese
thivien_Nguyễn-Hữu-Cương_Hà_raw.html,爲助五弦薰,Chinese
thivien_Nguyễn-Khuyến_Giả-sơn-ngâm_raw.html,海上假山何處來聞之出自烏柏臺山石少時翁所砌,Chinese
thivien_Nguyễn-Khuyến_Giả-sơn-ngâm_raw.html,山木少時翁所栽至今山木甚苯䔿至今山石俱莓苔,Chinese
thivien_Nguyễn-Khuyến_Giả-sơn-ngâm_raw.html,翁之年以九十二,Chinese
thivien_Nguyễn-Khuyến_Giả-sơn-ngâm_raw.html,日與此山將徘徊一朝雲間乘鶴去此山委翳乎蒿萊,Chinese
thivien_Nguyễn-Khuyến_Giả-sơn-ngâm_raw.html,子孫欲向富家賣富家不嗜真可哀我自病回有一海,Chinese
thivien_Nguyễn-Khuyến_Giả-sơn-ngâm_raw.html,有海每恨無山排忽然此山望望至排之睨視無不佳,Chinese
thivien_Nguyễn-Khuyến_Giả-sơn-ngâm_raw.html,休翁之失休翁得山海運會亦奇哉,Chinese
thivien_Nguyễn-Khuyến_Hỉ-vũ-kỳ-2_raw.html,西風不雨雨之何,Chinese
thivien_Nguyễn-Khuyến_Hỉ-vũ-kỳ-2_raw.html,得雨南風得又多,Chinese
thivien_Nguyễn-Khuyến_Hỉ-vũ-kỳ-2_raw.html,苦熱披襟當地籟,Chinese
thivien_Nguyễn-Khuyến_Hỉ-vũ-kỳ-2_raw.html,愛涼承霤掬天和,Chinese
thivien_Nguyễn-Khuyến_Hỉ-vũ-kỳ-2_raw.html,油油草木有生色,Chinese
thivien_Nguyễn-Khuyến_Hỉ-vũ-kỳ-2_raw.html,忽忽山林無宿疴,Chinese
thivien_Nguyễn-Khuyến_Hỉ-vũ-kỳ-2_raw.html,田僕歸來道禾好,Chinese
thivien_Nguyễn-Khuyến_Hỉ-vũ-kỳ-2_raw.html,手持蟹篝掛臺簑,Chinese
thivien_Nguyễn-Khuyến_Ký-môn-đệ-Mai-Khê-tú-tài-Hoàng-Mạnh-Trí_raw.html,憶昔與君遊西湖,Chinese
thivien_Nguyễn-Khuyến_Ký-môn-đệ-Mai-Khê-tú-tài-Hoàng-Mạnh-Trí_raw.html,風景至今無乃殊,Chinese
thivien_Nguyễn-Khuyến_Ký-môn-đệ-Mai-Khê-tú-tài-Hoàng-Mạnh-Trí_raw.html,茅屋地天音問少,Chinese
thivien_Nguyễn-Khuyến_Ký-môn-đệ-Mai-Khê-tú-tài-Hoàng-Mạnh-Trí_raw.html,殘年病久性情孤,Chinese
thivien_Nguyễn-Khuyến_Ký-môn-đệ-Mai-Khê-tú-tài-Hoàng-Mạnh-Trí_raw.html,鏡中鼎鼎頭將鶴,Chinese
thivien_Nguyễn-Khuyến_Ký-môn-đệ-Mai-Khê-tú-tài-Hoàng-Mạnh-Trí_raw.html,夢裡翩翩翅似蝴,Chinese
thivien_Nguyễn-Khuyến_Ký-môn-đệ-Mai-Khê-tú-tài-Hoàng-Mạnh-Trí_raw.html,君肯寄來湖上水,Chinese
thivien_Nguyễn-Khuyến_Ký-môn-đệ-Mai-Khê-tú-tài-Hoàng-Mạnh-Trí_raw.html,撲余三斗俗塵無,Chinese
thivien_Nguyễn-Khuyến_Ký-song-hữu-Lang-Xá-Lê-ông_raw.html,老來同作亂離人,Chinese
thivien_Nguyễn-Khuyến_Ký-song-hữu-Lang-Xá-Lê-ông_raw.html,況值凶年饑饉臻,Chinese
thivien_Nguyễn-Khuyến_Ký-song-hữu-Lang-Xá-Lê-ông_raw.html,墻壁未修君患盜,Chinese
thivien_Nguyễn-Khuyến_Ký-song-hữu-Lang-Xá-Lê-ông_raw.html,饔餐不給我憂貧,Chinese
thivien_Nguyễn-Khuyến_Ký-song-hữu-Lang-Xá-Lê-ông_raw.html,勞勞塵世誰非役,Chinese
thivien_Nguyễn-Khuyến_Ký-song-hữu-Lang-Xá-Lê-ông_raw.html,碌碌浮生患此身,Chinese
thivien_Nguyễn-Khuyến_Ký-song-hữu-Lang-Xá-Lê-ông_raw.html,所以獨憐彭澤宰,Chinese
thivien_Nguyễn-Khuyến_Ký-song-hữu-Lang-Xá-Lê-ông_raw.html,北窗醉臥夢魂春,Chinese
thivien_Nguyễn-Khuyến_Lão-sơn_raw.html,我州一山是安老,Chinese
thivien_Nguyễn-Khuyến_Lão-sơn_raw.html,蔥蔥鬱鬱何鮮好我曾歷過萬重山卻怪不過此山道,Chinese
thivien_Nguyễn-Khuyến_Lão-sơn_raw.html,此山與我最相鄰,Chinese
thivien_Nguyễn-Khuyến_Lão-sơn_raw.html,曉翠昏陰入戶頻平原絕巘半空表遠望疑是獨立人,Chinese
thivien_Nguyễn-Khuyến_Lão-sơn_raw.html,山近我無頃刻步我歸山迎半日路,Chinese
thivien_Nguyễn-Khuyến_Lão-sơn_raw.html,彼此覿面欣欣然,Chinese
thivien_Nguyễn-Khuyến_Lão-sơn_raw.html,宛若相憐不相忤春前各老阮龐齡,Chinese
thivien_Nguyễn-Khuyến_Lão-sơn_raw.html,訪我約我此山行我久衰病逸興少何以對此油然生,Chinese
thivien_Nguyễn-Khuyến_Lão-sơn_raw.html,近聞山溪漸茅塞勉強扶筇且一陟山名安老老者安或者晚年兩相得,Chinese
thivien_Nguyễn-Khuyến_Mạn-ngâm_raw.html,上溯鴻荒混沌初,Chinese
thivien_Nguyễn-Khuyến_Mạn-ngâm_raw.html,鴻荒之後是誰歟,Chinese
thivien_Nguyễn-Khuyến_Mạn-ngâm_raw.html,隆污世運當何極,Chinese
thivien_Nguyễn-Khuyến_Mạn-ngâm_raw.html,厚薄人情漸不如,Chinese
thivien_Nguyễn-Khuyến_Mạn-ngâm_raw.html,開闢以來天或老,Chinese
thivien_Nguyễn-Khuyến_Mạn-ngâm_raw.html,垓埏之外地應除,Chinese
thivien_Nguyễn-Khuyến_Mạn-ngâm_raw.html,若知古後無窮事,Chinese
thivien_Nguyễn-Khuyến_Mạn-ngâm_raw.html,合補瀛寰不盡書,Chinese
thivien_Nguyễn-Khuyến_Nhật-mộ-Thái-giang-hành-chu_raw.html,參差雲樹上樓臺,Chinese
thivien_Nguyễn-Khuyến_Nhật-mộ-Thái-giang-hành-chu_raw.html,繚繞平橋四面開,Chinese
thivien_Nguyễn-Khuyến_Nhật-mộ-Thái-giang-hành-chu_raw.html,一寺鐘疏斜照盡,Chinese
thivien_Nguyễn-Khuyến_Nhật-mộ-Thái-giang-hành-chu_raw.html,半江棹急好風迴,Chinese
thivien_Nguyễn-Khuyến_Nhật-mộ-Thái-giang-hành-chu_raw.html,岸垂綠竹影逾碧,Chinese
thivien_Nguyễn-Khuyến_Nhật-mộ-Thái-giang-hành-chu_raw.html,茶近白蓮香滿杯,Chinese
thivien_Nguyễn-Khuyến_Nhật-mộ-Thái-giang-hành-chu_raw.html,假使披觴聽法曲,Chinese
thivien_Nguyễn-Khuyến_Nhật-mộ-Thái-giang-hành-chu_raw.html,此身應是到蓬萊,Chinese
thivien_Nguyễn-Khuyến_Sẩn-thuỷ-tiên_raw.html,春殘擲地爾無緣,Chinese
thivien_Nguyễn-Khuyến_Sẩn-thuỷ-tiên_raw.html,今水仙非昔水仙,Chinese
thivien_Nguyễn-Khuyến_Sẩn-thuỷ-tiên_raw.html,不解從何錫爾類,Chinese
thivien_Nguyễn-Khuyến_Sẩn-thuỷ-tiên_raw.html,算來卻是騙人錢,Chinese
thivien_Nguyễn-Khuyến_Sẩn-thuỷ-tiên_raw.html,護持賸有花堪賞,Chinese
thivien_Nguyễn-Khuyến_Sẩn-thuỷ-tiên_raw.html,剪削元無葉可穿,Chinese
thivien_Nguyễn-Khuyến_Sẩn-thuỷ-tiên_raw.html,獨立乃奇梅瘦甚,Chinese
thivien_Nguyễn-Khuyến_Sẩn-thuỷ-tiên_raw.html,雪霜不改自年年,Chinese
thivien_Nguyễn-Khuyến_Thư-đường-cảm-thị_raw.html,衣缽難忘且漫勞,Chinese
thivien_Nguyễn-Khuyến_Thư-đường-cảm-thị_raw.html,強將書籍教兒曹,Chinese
thivien_Nguyễn-Khuyến_Thư-đường-cảm-thị_raw.html,試看所貴當何在,Chinese
thivien_Nguyễn-Khuyến_Thư-đường-cảm-thị_raw.html,縱為爭名也失操,Chinese
thivien_Nguyễn-Khuyến_Thư-đường-cảm-thị_raw.html,舊學至金猶爾爾,Chinese
thivien_Nguyễn-Khuyến_Thư-đường-cảm-thị_raw.html,末流從此亦滔滔,Chinese
thivien_Nguyễn-Khuyến_Thư-đường-cảm-thị_raw.html,皇天未果斯文喪,Chinese
thivien_Nguyễn-Khuyến_Thư-đường-cảm-thị_raw.html,為彈為輪付所遭,Chinese
thivien_Nguyễn-Khuyến_Văn_raw.html,我醉方求睡聚蚊呼我起,Chinese
thivien_Nguyễn-Khuyến_Văn_raw.html,舉扇驅復來刺刺入人耳,Chinese
thivien_Nguyễn-Khuyến_Văn_raw.html,我肉爾何甘我肌爾何嗜,Chinese
thivien_Nguyễn-Khuyến_Văn_raw.html,我枕爾何仇我衾爾何忌,Chinese
thivien_Nguyễn-Khuyến_Văn_raw.html,爾我不相干,Chinese
thivien_Nguyễn-Khuyến_Văn_raw.html,相厄胡乃爾,Chinese
thivien_Nguyễn-Khuyến_Vịnh-cúc-kỳ-1_raw.html,春前桃李漫紛紛,Chinese
thivien_Nguyễn-Khuyến_Vịnh-cúc-kỳ-1_raw.html,垢葉蒼莖了不聞,Chinese
thivien_Nguyễn-Khuyến_Vịnh-cúc-kỳ-1_raw.html,苦節若為安素分,Chinese
thivien_Nguyễn-Khuyến_Vịnh-cúc-kỳ-1_raw.html,窮秋然後見清芬,Chinese
thivien_Nguyễn-Khuyến_Vịnh-cúc-kỳ-1_raw.html,暗憐老圃應如是,Chinese
thivien_Nguyễn-Khuyến_Vịnh-cúc-kỳ-1_raw.html,獨立西風孰與群,Chinese
thivien_Nguyễn-Khuyến_Vịnh-cúc-kỳ-1_raw.html,高潔貞心非易得,Chinese
thivien_Nguyễn-Khuyến_Vịnh-cúc-kỳ-1_raw.html,陶潛歸去始知君,Chinese
thivien_Nguyễn-Khuyến_Xuân-nhật-thị-gia-nhi_raw.html,頹乎毛髮漸鬖鬖,Chinese
thivien_Nguyễn-Khuyến_Xuân-nhật-thị-gia-nhi_raw.html,不覺年登五十三,Chinese
thivien_Nguyễn-Khuyến_Xuân-nhật-thị-gia-nhi_raw.html,當世詩書何所用,Chinese
thivien_Nguyễn-Khuyến_Xuân-nhật-thị-gia-nhi_raw.html,老來冠帶尚多慚,Chinese
thivien_Nguyễn-Khuyến_Xuân-nhật-thị-gia-nhi_raw.html,亂離春色真無賴,Chinese
thivien_Nguyễn-Khuyến_Xuân-nhật-thị-gia-nhi_raw.html,憂苦人情總不堪,Chinese
thivien_Nguyễn-Khuyến_Xuân-nhật-thị-gia-nhi_raw.html,對此光陰何以慰,Chinese
thivien_Nguyễn-Khuyến_Xuân-nhật-thị-gia-nhi_raw.html,諸兒猶自酒歌酣,Chinese
thivien_Nguyễn-Kỳ_Đỉnh-Minh-tự_raw.html,黎公夫婦至羅鄉,Chinese
thivien_Nguyễn-Kỳ_Đỉnh-Minh-tự_raw.html,祠寺因為賴以彰,Chinese
thivien_Nguyễn-Kỳ_Đỉnh-Minh-tự_raw.html,昭聖設齋消父恨,Chinese
thivien_Nguyễn-Kỳ_Đỉnh-Minh-tự_raw.html,輔陳又幸得妻良,Chinese
thivien_Nguyễn-Kỳ_Đỉnh-Minh-tự_raw.html,五年此處多功德,Chinese
thivien_Nguyễn-Kỳ_Đỉnh-Minh-tự_raw.html,千歲何人憶表揚,Chinese
thivien_Nguyễn-Kỳ_Đỉnh-Minh-tự_raw.html,鼎已飛天誰識事,Chinese
thivien_Nguyễn-Kỳ_Đỉnh-Minh-tự_raw.html,惟留傾屋對斜陽,Chinese
thivien_Nguyễn-Phi-Khanh_Ngẫu-tác_raw.html,自詫平生履素絲,Chinese
thivien_Nguyễn-Phi-Khanh_Ngẫu-tác_raw.html,文章無分敢論時,Chinese
thivien_Nguyễn-Phi-Khanh_Ngẫu-tác_raw.html,展禽焉往非三黜,Chinese
thivien_Nguyễn-Phi-Khanh_Ngẫu-tác_raw.html,章子誰云惰四肢,Chinese
thivien_Nguyễn-Phi-Khanh_Ngẫu-tác_raw.html,老即田園真事業,Chinese
thivien_Nguyễn-Phi-Khanh_Ngẫu-tác_raw.html,心無暮夜愧妻兒,Chinese
thivien_Nguyễn-Phi-Khanh_Ngẫu-tác_raw.html,乾坤形著皆吾道,Chinese
thivien_Nguyễn-Phi-Khanh_Ngẫu-tác_raw.html,飛躍高深可遂宜,Chinese
thivien_Nguyễn-Phi-Khanh_Phụng-chiếu-Trường-An-đạo-trung-tác_raw.html,武林一帶碧迢迢,Chinese
thivien_Nguyễn-Phi-Khanh_Phụng-chiếu-Trường-An-đạo-trung-tác_raw.html,王事寧辭跋涉遙,Chinese
thivien_Nguyễn-Phi-Khanh_Phụng-chiếu-Trường-An-đạo-trung-tác_raw.html,山館宿晴煙樹合,Chinese
thivien_Nguyễn-Phi-Khanh_Phụng-chiếu-Trường-An-đạo-trung-tác_raw.html,郡庭薄暖雪花消,Chinese
thivien_Nguyễn-Phi-Khanh_Phụng-chiếu-Trường-An-đạo-trung-tác_raw.html,武夫感泣觀唐詔,Chinese
thivien_Nguyễn-Phi-Khanh_Phụng-chiếu-Trường-An-đạo-trung-tác_raw.html,父老扶藜聽漢朝,Chinese
thivien_Nguyễn-Phi-Khanh_Phụng-chiếu-Trường-An-đạo-trung-tác_raw.html,自愧微勞何補報,Chinese
thivien_Nguyễn-Phi-Khanh_Phụng-chiếu-Trường-An-đạo-trung-tác_raw.html,願揚皇化憺天驕,Chinese
thivien_Nguyễn-Phi-Khanh_Thu-dạ-lưu-biệt-Hồng-Châu-kiểm-chính_raw.html,歸夢蕊溪北,Chinese
thivien_Nguyễn-Phi-Khanh_Thu-dạ-lưu-biệt-Hồng-Châu-kiểm-chính_raw.html,故人槐府邊,Chinese
thivien_Nguyễn-Phi-Khanh_Thu-dạ-lưu-biệt-Hồng-Châu-kiểm-chính_raw.html,清霜和別袂,Chinese
thivien_Nguyễn-Phi-Khanh_Thu-dạ-lưu-biệt-Hồng-Châu-kiểm-chính_raw.html,紅日上吟鞭,Chinese
thivien_Nguyễn-Phi-Khanh_Thu-dạ-lưu-biệt-Hồng-Châu-kiểm-chính_raw.html,愁緒憑杯斷,Chinese
thivien_Nguyễn-Phi-Khanh_Thu-dạ-lưu-biệt-Hồng-Châu-kiểm-chính_raw.html,新詩割淚傳,Chinese
thivien_Nguyễn-Phi-Khanh_Thu-dạ-lưu-biệt-Hồng-Châu-kiểm-chính_raw.html,相期三五夜,Chinese
thivien_Nguyễn-Phi-Khanh_Thu-dạ-lưu-biệt-Hồng-Châu-kiểm-chính_raw.html,共醉桂花天,Chinese
thivien_Nguyễn-Phi-Khanh_Xuân-hàn_raw.html,凝雲漠漠霧沈沈,Chinese
thivien_Nguyễn-Phi-Khanh_Xuân-hàn_raw.html,釀作餘寒十日陰,Chinese
thivien_Nguyễn-Phi-Khanh_Xuân-hàn_raw.html,帶雨有痕粘樹絮,Chinese
thivien_Nguyễn-Phi-Khanh_Xuân-hàn_raw.html,傷春無語隔花禽,Chinese
thivien_Nguyễn-Phi-Khanh_Xuân-hàn_raw.html,書齋寂寂惟高枕,Chinese
thivien_Nguyễn-Phi-Khanh_Xuân-hàn_raw.html,世事悠悠正抱衾,Chinese
thivien_Nguyễn-Phi-Khanh_Xuân-hàn_raw.html,安得此身如橐籥,Chinese
thivien_Nguyễn-Phi-Khanh_Xuân-hàn_raw.html,和風噓遍九州心,Chinese
thivien_Nguyễn-Phúc-Hồng-Vịnh_Chiêu-đệ-điệt-bối-yến-tập-Tiểu-Thuý-Vân-Sơn-chi-sào-kỳ-1_raw.html,臘尾烟花敞草堂,Chinese
thivien_Nguyễn-Phúc-Hồng-Vịnh_Chiêu-đệ-điệt-bối-yến-tập-Tiểu-Thuý-Vân-Sơn-chi-sào-kỳ-1_raw.html,道南道北赴諸郎,Chinese
thivien_Nguyễn-Phúc-Hồng-Vịnh_Chiêu-đệ-điệt-bối-yến-tập-Tiểu-Thuý-Vân-Sơn-chi-sào-kỳ-1_raw.html,談源傾倒誰稱最,Chinese
thivien_Nguyễn-Phúc-Hồng-Vịnh_Chiêu-đệ-điệt-bối-yến-tập-Tiểu-Thuý-Vân-Sơn-chi-sào-kỳ-1_raw.html,筆陣縱橫各擅長,Chinese
thivien_Nguyễn-Phúc-Hồng-Vịnh_Chiêu-đệ-điệt-bối-yến-tập-Tiểu-Thuý-Vân-Sơn-chi-sào-kỳ-1_raw.html,僧社重尋惟白傅,Chinese
thivien_Nguyễn-Phúc-Hồng-Vịnh_Chiêu-đệ-điệt-bối-yến-tập-Tiểu-Thuý-Vân-Sơn-chi-sào-kỳ-1_raw.html,吟床差慰是黃香,Chinese
thivien_Nguyễn-Phúc-Hồng-Vịnh_Chiêu-đệ-điệt-bối-yến-tập-Tiểu-Thuý-Vân-Sơn-chi-sào-kỳ-1_raw.html,田荊老悟情尤切,Chinese
thivien_Nguyễn-Phúc-Hồng-Vịnh_Chiêu-đệ-điệt-bối-yến-tập-Tiểu-Thuý-Vân-Sơn-chi-sào-kỳ-1_raw.html,衡宇相望日頡頏,Chinese
thivien_Nguyễn-Phúc-Ưng-Bình_Bính-Tý-hạ-phỏng-Từ-Quang-tự-thượng-nhân-bất-ngộ_raw.html,郊邨日暮叩禪關,Chinese
thivien_Nguyễn-Phúc-Ưng-Bình_Bính-Tý-hạ-phỏng-Từ-Quang-tự-thượng-nhân-bất-ngộ_raw.html,鞵笠高僧尚未還,Chinese
thivien_Nguyễn-Phúc-Ưng-Bình_Bính-Tý-hạ-phỏng-Từ-Quang-tự-thượng-nhân-bất-ngộ_raw.html,欲畫琵琶空壁去,Chinese
thivien_Nguyễn-Phúc-Ưng-Bình_Bính-Tý-hạ-phỏng-Từ-Quang-tự-thượng-nhân-bất-ngộ_raw.html,恐成靈物鬧名山,Chinese
thivien_Nguyễn-Phúc-Ưng-Bình_Giáp-Tuất-cửu-nguyệt-giai-thi-hữu-sơn-du-hựu-phỏng-Tra-Am-hoạ-thượng-thư-Quất-Đình-tiên-sinh-xướng_raw.html,雲霞為帳樹為簾,Chinese
thivien_Nguyễn-Phúc-Ưng-Bình_Giáp-Tuất-cửu-nguyệt-giai-thi-hữu-sơn-du-hựu-phỏng-Tra-Am-hoạ-thượng-thư-Quất-Đình-tiên-sinh-xướng_raw.html,曉色晴陰去復瞻,Chinese
thivien_Nguyễn-Phúc-Ưng-Bình_Giáp-Tuất-cửu-nguyệt-giai-thi-hữu-sơn-du-hựu-phỏng-Tra-Am-hoạ-thượng-thư-Quất-Đình-tiên-sinh-xướng_raw.html,山水有情應共賞,Chinese
thivien_Nguyễn-Phúc-Ưng-Bình_Giáp-Tuất-cửu-nguyệt-giai-thi-hữu-sơn-du-hựu-phỏng-Tra-Am-hoạ-thượng-thư-Quất-Đình-tiên-sinh-xướng_raw.html,文章無價亦非廉,Chinese
thivien_Nguyễn-Phúc-Ưng-Bình_Giáp-Tuất-cửu-nguyệt-giai-thi-hữu-sơn-du-hựu-phỏng-Tra-Am-hoạ-thượng-thư-Quất-Đình-tiên-sinh-xướng_raw.html,風來五嶽鳴松浪,Chinese
thivien_Nguyễn-Phúc-Ưng-Bình_Giáp-Tuất-cửu-nguyệt-giai-thi-hữu-sơn-du-hựu-phỏng-Tra-Am-hoạ-thượng-thư-Quất-Đình-tiên-sinh-xướng_raw.html,秋入空門冷竹簷,Chinese
thivien_Nguyễn-Phúc-Ưng-Bình_Giáp-Tuất-cửu-nguyệt-giai-thi-hữu-sơn-du-hựu-phỏng-Tra-Am-hoạ-thượng-thư-Quất-Đình-tiên-sinh-xướng_raw.html,此日登高多伴侶,Chinese
thivien_Nguyễn-Phúc-Ưng-Bình_Giáp-Tuất-cửu-nguyệt-giai-thi-hữu-sơn-du-hựu-phỏng-Tra-Am-hoạ-thượng-thư-Quất-Đình-tiên-sinh-xướng_raw.html,菊杯既醉又頻添,Chinese
thivien_Nguyễn-Phúc-Ưng-Bình_Hoạ-Chu-Khanh-Phạm-tiên-sinh-ký-hoài-nguyên-vận_raw.html,知君昨夜酒杯歡,Chinese
thivien_Nguyễn-Phúc-Ưng-Bình_Hoạ-Chu-Khanh-Phạm-tiên-sinh-ký-hoài-nguyên-vận_raw.html,笑我情牽夢寐間,Chinese
thivien_Nguyễn-Phúc-Ưng-Bình_Hoạ-Chu-Khanh-Phạm-tiên-sinh-ký-hoài-nguyên-vận_raw.html,秋雨蕭蕭難強枕,Chinese
thivien_Nguyễn-Phúc-Ưng-Bình_Hoạ-Chu-Khanh-Phạm-tiên-sinh-ký-hoài-nguyên-vận_raw.html,江波滾滾未能航,Chinese
thivien_Nguyễn-Phúc-Ưng-Bình_Hoạ-Chu-Khanh-Phạm-tiên-sinh-ký-hoài-nguyên-vận_raw.html,挑燈獨坐懷高士,Chinese
thivien_Nguyễn-Phúc-Ưng-Bình_Hoạ-Chu-Khanh-Phạm-tiên-sinh-ký-hoài-nguyên-vận_raw.html,把卷沈吟憶舊班,Chinese
thivien_Nguyễn-Phúc-Ưng-Bình_Hoạ-Chu-Khanh-Phạm-tiên-sinh-ký-hoài-nguyên-vận_raw.html,草草一篇聊寄語,Chinese
thivien_Nguyễn-Phúc-Ưng-Bình_Hoạ-Chu-Khanh-Phạm-tiên-sinh-ký-hoài-nguyên-vận_raw.html,汝南相遇更重刊,Chinese
thivien_Nguyễn-Phúc-Ưng-Bình_Hoạ-lang-trung-Mặc-Si-tiên-sinh-dạ-vũ-bất-mị-độc-báo_raw.html,蕉聲零落草簷低,Chinese
thivien_Nguyễn-Phúc-Ưng-Bình_Hoạ-lang-trung-Mặc-Si-tiên-sinh-dạ-vũ-bất-mị-độc-báo_raw.html,郎署燈前眼不迷,Chinese
thivien_Nguyễn-Phúc-Ưng-Bình_Hoạ-lang-trung-Mặc-Si-tiên-sinh-dạ-vũ-bất-mị-độc-báo_raw.html,馳驟無勞千里馬,Chinese
thivien_Nguyễn-Phúc-Ưng-Bình_Hoạ-lang-trung-Mặc-Si-tiên-sinh-dạ-vũ-bất-mị-độc-báo_raw.html,沈吟又悵五更雞,Chinese
thivien_Nguyễn-Phúc-Ưng-Bình_Hoạ-lang-trung-Mặc-Si-tiên-sinh-dạ-vũ-bất-mị-độc-báo_raw.html,強鄰束手看蠻觸,Chinese
thivien_Nguyễn-Phúc-Ưng-Bình_Hoạ-lang-trung-Mặc-Si-tiên-sinh-dạ-vũ-bất-mị-độc-báo_raw.html,小國分心事楚齊,Chinese
thivien_Nguyễn-Phúc-Ưng-Bình_Hoạ-lang-trung-Mặc-Si-tiên-sinh-dạ-vũ-bất-mị-độc-báo_raw.html,自有詩篇能退虜,Chinese
thivien_Nguyễn-Phúc-Ưng-Bình_Hoạ-lang-trung-Mặc-Si-tiên-sinh-dạ-vũ-bất-mị-độc-báo_raw.html,莫愁風雨遍東西,Chinese
thivien_Nguyễn-Phúc-Ưng-Bình_Hoạ-đồng-thành-phủ-viện-đường-Mỹ-Đàm-khiếu-Tam-Lữ-tiên-sinh-khất-hồi-dưỡng-kha-lưu-giản-nguyên-vận_raw.html,賴公籌劑不咨嗟,Chinese
thivien_Nguyễn-Phúc-Ưng-Bình_Hoạ-đồng-thành-phủ-viện-đường-Mỹ-Đàm-khiếu-Tam-Lữ-tiên-sinh-khất-hồi-dưỡng-kha-lưu-giản-nguyên-vận_raw.html,三月三春菜色何,Chinese
thivien_Nguyễn-Phúc-Ưng-Bình_Hoạ-đồng-thành-phủ-viện-đường-Mỹ-Đàm-khiếu-Tam-Lữ-tiên-sinh-khất-hồi-dưỡng-kha-lưu-giản-nguyên-vận_raw.html,闔郡爭迎方伯節,Chinese
thivien_Nguyễn-Phúc-Ưng-Bình_Hoạ-đồng-thành-phủ-viện-đường-Mỹ-Đàm-khiếu-Tam-Lữ-tiên-sinh-khất-hồi-dưỡng-kha-lưu-giản-nguyên-vận_raw.html,群輿又挽寇君車,Chinese
thivien_Nguyễn-Phúc-Ưng-Bình_Hoạ-đồng-thành-phủ-viện-đường-Mỹ-Đàm-khiếu-Tam-Lữ-tiên-sinh-khất-hồi-dưỡng-kha-lưu-giản-nguyên-vận_raw.html,鍪山嵿上騰聲價,Chinese
thivien_Nguyễn-Phúc-Ưng-Bình_Hoạ-đồng-thành-phủ-viện-đường-Mỹ-Đàm-khiếu-Tam-Lữ-tiên-sinh-khất-hồi-dưỡng-kha-lưu-giản-nguyên-vận_raw.html,撫院䑓高燦衮花,Chinese
thivien_Nguyễn-Phúc-Ưng-Bình_Hoạ-đồng-thành-phủ-viện-đường-Mỹ-Đàm-khiếu-Tam-Lữ-tiên-sinh-khất-hồi-dưỡng-kha-lưu-giản-nguyên-vận_raw.html,一筆梅開云暫別,Chinese
thivien_Nguyễn-Phúc-Ưng-Bình_Hoạ-đồng-thành-phủ-viện-đường-Mỹ-Đàm-khiếu-Tam-Lữ-tiên-sinh-khất-hồi-dưỡng-kha-lưu-giản-nguyên-vận_raw.html,相逢孔望再經過,Chinese
thivien_Nguyễn-Phúc-Ưng-Bình_Khấp-Giao-Tiều-cố-hữu-hoạ-Minh-Châu-Trần-thị-lang-tiên-sinh-nguyên-vận_raw.html,華屋山邱自古多,Chinese
thivien_Nguyễn-Phúc-Ưng-Bình_Khấp-Giao-Tiều-cố-hữu-hoạ-Minh-Châu-Trần-thị-lang-tiên-sinh-nguyên-vận_raw.html,箜篌臥引正酣歌,Chinese
thivien_Nguyễn-Phúc-Ưng-Bình_Khấp-Giao-Tiều-cố-hữu-hoạ-Minh-Châu-Trần-thị-lang-tiên-sinh-nguyên-vận_raw.html,羨君死去為仙鬼,Chinese
thivien_Nguyễn-Phúc-Ưng-Bình_Khấp-Giao-Tiều-cố-hữu-hoạ-Minh-Châu-Trần-thị-lang-tiên-sinh-nguyên-vận_raw.html,笑我生存作睡魔,Chinese
thivien_Nguyễn-Phúc-Ưng-Bình_Khấp-Giao-Tiều-cố-hữu-hoạ-Minh-Châu-Trần-thị-lang-tiên-sinh-nguyên-vận_raw.html,大夢如何今已矣,Chinese
thivien_Nguyễn-Phúc-Ưng-Bình_Khấp-Giao-Tiều-cố-hữu-hoạ-Minh-Châu-Trần-thị-lang-tiên-sinh-nguyên-vận_raw.html,斯人已矣柰如何,Chinese
thivien_Nguyễn-Phúc-Ưng-Bình_Khấp-Giao-Tiều-cố-hữu-hoạ-Minh-Châu-Trần-thị-lang-tiên-sinh-nguyên-vận_raw.html,花魁有淚能相弔,Chinese
thivien_Nguyễn-Phúc-Ưng-Bình_Khấp-Giao-Tiều-cố-hữu-hoạ-Minh-Châu-Trần-thị-lang-tiên-sinh-nguyên-vận_raw.html,休洒孤墳並種花,Chinese
thivien_Nguyễn-Phúc-Ưng-Bình_Quá-Giao-Tiều-cố-hữu-trạch-viên-hoạ-Minh-Châu-Trần-thị-lang-nguyên-vận_raw.html,一頃蔥田落小邨,Chinese
thivien_Nguyễn-Phúc-Ưng-Bình_Quá-Giao-Tiều-cố-hữu-trạch-viên-hoạ-Minh-Châu-Trần-thị-lang-nguyên-vận_raw.html,郊樵故友宅園門,Chinese
thivien_Nguyễn-Phúc-Ưng-Bình_Quá-Giao-Tiều-cố-hữu-trạch-viên-hoạ-Minh-Châu-Trần-thị-lang-nguyên-vận_raw.html,平生著述多名草,Chinese
thivien_Nguyễn-Phúc-Ưng-Bình_Quá-Giao-Tiều-cố-hữu-trạch-viên-hoạ-Minh-Châu-Trần-thị-lang-nguyên-vận_raw.html,與世浮沈少戲言,Chinese
thivien_Nguyễn-Phúc-Ưng-Bình_Quá-Giao-Tiều-cố-hữu-trạch-viên-hoạ-Minh-Châu-Trần-thị-lang-nguyên-vận_raw.html,車馬五陵今再訪,Chinese
thivien_Nguyễn-Phúc-Ưng-Bình_Quá-Giao-Tiều-cố-hữu-trạch-viên-hoạ-Minh-Châu-Trần-thị-lang-nguyên-vận_raw.html,菊松三徑舊猶存,Chinese
thivien_Nguyễn-Phúc-Ưng-Bình_Quá-Giao-Tiều-cố-hữu-trạch-viên-hoạ-Minh-Châu-Trần-thị-lang-nguyên-vận_raw.html,謝橋有客經過後,Chinese
thivien_Nguyễn-Phúc-Ưng-Bình_Quá-Giao-Tiều-cố-hữu-trạch-viên-hoạ-Minh-Châu-Trần-thị-lang-nguyên-vận_raw.html,鬼語驚人欲斷魂,Chinese
thivien_Nguyễn-Phúc-Ưng-Bình_Tài-hoa-thuyết-Giáp-Tuất-niên-thời-dư-ngũ-thập-bát-tuế_raw.html,久不吟詩不弄琴,Chinese
thivien_Nguyễn-Phúc-Ưng-Bình_Tài-hoa-thuyết-Giáp-Tuất-niên-thời-dư-ngũ-thập-bát-tuế_raw.html,卻教花事每關心,Chinese
thivien_Nguyễn-Phúc-Ưng-Bình_Tài-hoa-thuyết-Giáp-Tuất-niên-thời-dư-ngũ-thập-bát-tuế_raw.html,攀嬌攬嫩非年少,Chinese
thivien_Nguyễn-Phúc-Ưng-Bình_Tài-hoa-thuyết-Giáp-Tuất-niên-thời-dư-ngũ-thập-bát-tuế_raw.html,品綠題紅忘夜深,Chinese
thivien_Nguyễn-Phúc-Ưng-Bình_Tài-hoa-thuyết-Giáp-Tuất-niên-thời-dư-ngũ-thập-bát-tuế_raw.html,我最憐君塵夢遶,Chinese
thivien_Nguyễn-Phúc-Ưng-Bình_Tài-hoa-thuyết-Giáp-Tuất-niên-thời-dư-ngũ-thập-bát-tuế_raw.html,君應笑我歲華侵,Chinese
thivien_Nguyễn-Phúc-Ưng-Bình_Tài-hoa-thuyết-Giáp-Tuất-niên-thời-dư-ngũ-thập-bát-tuế_raw.html,若煩草討封家檄,Chinese
thivien_Nguyễn-Phúc-Ưng-Bình_Tài-hoa-thuyết-Giáp-Tuất-niên-thời-dư-ngũ-thập-bát-tuế_raw.html,樽酒無須雪夜尋,Chinese
thivien_Nguyễn-Phúc-Ưng-Bình_Vô-đề-hồi-văn-thứ-Quất-Đình-tiên-sinh-thuận-nghịch-độc-toàn-văn_raw.html,逆,Chinese
thivien_Nguyễn-Phúc-Ưng-Bình_Vô-đề-hồi-văn-thứ-Quất-Đình-tiên-sinh-thuận-nghịch-độc-toàn-văn_raw.html,遲留我不恨更殘,Chinese
thivien_Nguyễn-Phúc-Ưng-Bình_Vô-đề-hồi-văn-thứ-Quất-Đình-tiên-sinh-thuận-nghịch-độc-toàn-văn_raw.html,坐席分明月上欄,Chinese
thivien_Nguyễn-Phúc-Ưng-Bình_Vô-đề-hồi-văn-thứ-Quất-Đình-tiên-sinh-thuận-nghịch-độc-toàn-văn_raw.html,垂霧夜螢飛點點,Chinese
thivien_Nguyễn-Phúc-Ưng-Bình_Vô-đề-hồi-văn-thứ-Quất-Đình-tiên-sinh-thuận-nghịch-độc-toàn-văn_raw.html,弄風朝燕舞團團,Chinese
thivien_Nguyễn-Phúc-Ưng-Bình_Vô-đề-hồi-văn-thứ-Quất-Đình-tiên-sinh-thuận-nghịch-độc-toàn-văn_raw.html,癡狂蝶枕香幃煖,Chinese
thivien_Nguyễn-Phúc-Ưng-Bình_Vô-đề-hồi-văn-thứ-Quất-Đình-tiên-sinh-thuận-nghịch-độc-toàn-văn_raw.html,語笑花窗綺院寒,Chinese
thivien_Nguyễn-Phúc-Ưng-Bình_Vô-đề-hồi-văn-thứ-Quất-Đình-tiên-sinh-thuận-nghịch-độc-toàn-văn_raw.html,詩和唱辰卿遶夢,Chinese
thivien_Nguyễn-Phúc-Ưng-Bình_Vô-đề-hồi-văn-thứ-Quất-Đình-tiên-sinh-thuận-nghịch-độc-toàn-văn_raw.html,眉新畫處鏡鳴鸞,Chinese
thivien_Nguyễn-Phúc-Ưng-Bình_Đinh-Sửu-hạ-ngũ-nguyệt-nhị-thập-vãn-giai-Hồ-Trai-Phạm-tiên-sinh-vãng-Quảng-Trị-phỏng-Phan-Kính-Chỉ_raw.html,火熾金烏影未斜,Chinese
thivien_Nguyễn-Phúc-Ưng-Bình_Đinh-Sửu-hạ-ngũ-nguyệt-nhị-thập-vãn-giai-Hồ-Trai-Phạm-tiên-sinh-vãng-Quảng-Trị-phỏng-Phan-Kính-Chỉ_raw.html,莫愁彈鋏出無車,Chinese
thivien_Nguyễn-Phúc-Ưng-Bình_Đinh-Sửu-hạ-ngũ-nguyệt-nhị-thập-vãn-giai-Hồ-Trai-Phạm-tiên-sinh-vãng-Quảng-Trị-phỏng-Phan-Kính-Chỉ_raw.html,招遊共挈胡齋手,Chinese
thivien_Nguyễn-Phúc-Ưng-Bình_Đinh-Sửu-hạ-ngũ-nguyệt-nhị-thập-vãn-giai-Hồ-Trai-Phạm-tiên-sinh-vãng-Quảng-Trị-phỏng-Phan-Kính-Chỉ_raw.html,訪舊重來敬止家,Chinese
thivien_Nguyễn-Phúc-Ưng-Bình_Đinh-Sửu-hạ-ngũ-nguyệt-nhị-thập-vãn-giai-Hồ-Trai-Phạm-tiên-sinh-vãng-Quảng-Trị-phỏng-Phan-Kính-Chỉ_raw.html,閨閣猶藏春日酒,Chinese
thivien_Nguyễn-Phúc-Ưng-Bình_Đinh-Sửu-hạ-ngũ-nguyệt-nhị-thập-vãn-giai-Hồ-Trai-Phạm-tiên-sinh-vãng-Quảng-Trị-phỏng-Phan-Kính-Chỉ_raw.html,梨園增種舊辰花,Chinese
thivien_Nguyễn-Phúc-Ưng-Bình_Đinh-Sửu-hạ-ngũ-nguyệt-nhị-thập-vãn-giai-Hồ-Trai-Phạm-tiên-sinh-vãng-Quảng-Trị-phỏng-Phan-Kính-Chỉ_raw.html,賞音又億何廉憲,Chinese
thivien_Nguyễn-Phúc-Ưng-Bình_Đinh-Sửu-hạ-ngũ-nguyệt-nhị-thập-vãn-giai-Hồ-Trai-Phạm-tiên-sinh-vãng-Quảng-Trị-phỏng-Phan-Kính-Chỉ_raw.html,遙望南樓思轉賖,Chinese
thivien_Nguyễn-Phúc-Ưng-Bình_Đông-thập-nguyệt-thập-tam-nhật-công-hạ-giai-thuộc-nha-tú-tài-Trần-Văn-Xước-kiểm-thảo-Mai-Khắc-Dĩ_raw.html,捍水吟舟縱自如,Chinese
thivien_Nguyễn-Phúc-Ưng-Bình_Đông-thập-nguyệt-thập-tam-nhật-công-hạ-giai-thuộc-nha-tú-tài-Trần-Văn-Xước-kiểm-thảo-Mai-Khắc-Dĩ_raw.html,輕風拂面且舒徐,Chinese
thivien_Nguyễn-Phúc-Ưng-Bình_Đông-thập-nguyệt-thập-tam-nhật-công-hạ-giai-thuộc-nha-tú-tài-Trần-Văn-Xước-kiểm-thảo-Mai-Khắc-Dĩ_raw.html,碧空有路飛寒鳥,Chinese
thivien_Nguyễn-Phúc-Ưng-Bình_Đông-thập-nguyệt-thập-tam-nhật-công-hạ-giai-thuộc-nha-tú-tài-Trần-Văn-Xước-kiểm-thảo-Mai-Khắc-Dĩ_raw.html,江上無波躍巨魚,Chinese
thivien_Nguyễn-Phúc-Ưng-Bình_Đông-thập-nguyệt-thập-tam-nhật-công-hạ-giai-thuộc-nha-tú-tài-Trần-Văn-Xước-kiểm-thảo-Mai-Khắc-Dĩ_raw.html,四野農人歌潤澤,Chinese
thivien_Nguyễn-Phúc-Ưng-Bình_Đông-thập-nguyệt-thập-tam-nhật-công-hạ-giai-thuộc-nha-tú-tài-Trần-Văn-Xước-kiểm-thảo-Mai-Khắc-Dĩ_raw.html,一腔瑞氣滿田廬,Chinese
thivien_Nguyễn-Phúc-Ưng-Bình_Đông-thập-nguyệt-thập-tam-nhật-công-hạ-giai-thuộc-nha-tú-tài-Trần-Văn-Xước-kiểm-thảo-Mai-Khắc-Dĩ_raw.html,插梅早寓尋春意,Chinese
thivien_Nguyễn-Phúc-Ưng-Bình_Đông-thập-nguyệt-thập-tam-nhật-công-hạ-giai-thuộc-nha-tú-tài-Trần-Văn-Xước-kiểm-thảo-Mai-Khắc-Dĩ_raw.html,我贈同人人贈余,Chinese
thivien_Nguyễn-Phúc-Ưng-Bình_Độc-Gia-Viên-phu-nhân-tháo-phỏng-Tuyết-Nham-ni-cô-giai-tác-hữu-cảm-bộ-vận-trình-chính_raw.html,趙閣吳臺已了然,Chinese
thivien_Nguyễn-Phúc-Ưng-Bình_Độc-Gia-Viên-phu-nhân-tháo-phỏng-Tuyết-Nham-ni-cô-giai-tác-hữu-cảm-bộ-vận-trình-chính_raw.html,長門不賦又歸禪,Chinese
thivien_Nguyễn-Phúc-Ưng-Bình_Độc-Gia-Viên-phu-nhân-tháo-phỏng-Tuyết-Nham-ni-cô-giai-tác-hữu-cảm-bộ-vận-trình-chính_raw.html,棲身蕭寺人將老,Chinese
thivien_Nguyễn-Phúc-Ưng-Bình_Độc-Gia-Viên-phu-nhân-tháo-phỏng-Tuyết-Nham-ni-cô-giai-tác-hữu-cảm-bộ-vận-trình-chính_raw.html,回首深宮事可憐,Chinese
thivien_Nguyễn-Phúc-Ưng-Bình_Độc-Gia-Viên-phu-nhân-tháo-phỏng-Tuyết-Nham-ni-cô-giai-tác-hữu-cảm-bộ-vận-trình-chính_raw.html,漢主園陵參夢幻,Chinese
thivien_Nguyễn-Phúc-Ưng-Bình_Độc-Gia-Viên-phu-nhân-tháo-phỏng-Tuyết-Nham-ni-cô-giai-tác-hữu-cảm-bộ-vận-trình-chính_raw.html,淮王雞犬悟微玄,Chinese
thivien_Nguyễn-Phúc-Ưng-Bình_Độc-Gia-Viên-phu-nhân-tháo-phỏng-Tuyết-Nham-ni-cô-giai-tác-hữu-cảm-bộ-vận-trình-chính_raw.html,焚香敬祝尼姑壽,Chinese
thivien_Nguyễn-Phúc-Ưng-Bình_Độc-Gia-Viên-phu-nhân-tháo-phỏng-Tuyết-Nham-ni-cô-giai-tác-hữu-cảm-bộ-vận-trình-chính_raw.html,兼頌詩家女史賢,Chinese
thivien_Nguyễn-Phúc-Ưng-Bình_Ất-Hợi-thu-sơ-tài-chính-bộ-trưởng-Hữu-Nguyên-Hồ-Đắc-Khải-tiên-sinh-du-Bạch-Mã-sơn-trịch-thị-giai-tác_raw.html,煙光雲靜值秋清,Chinese
thivien_Nguyễn-Phúc-Ưng-Bình_Ất-Hợi-thu-sơ-tài-chính-bộ-trưởng-Hữu-Nguyên-Hồ-Đắc-Khải-tiên-sinh-du-Bạch-Mã-sơn-trịch-thị-giai-tác_raw.html,白馬吟鞭壯此行,Chinese
thivien_Nguyễn-Phúc-Ưng-Bình_Ất-Hợi-thu-sơ-tài-chính-bộ-trưởng-Hữu-Nguyên-Hồ-Đắc-Khải-tiên-sinh-du-Bạch-Mã-sơn-trịch-thị-giai-tác_raw.html,遣興人能臨絕嵿,Chinese
thivien_Nguyễn-Phúc-Ưng-Bình_Ất-Hợi-thu-sơ-tài-chính-bộ-trưởng-Hữu-Nguyên-Hồ-Đắc-Khải-tiên-sinh-du-Bạch-Mã-sơn-trịch-thị-giai-tác_raw.html,消閒我獨戀滄溟,Chinese
thivien_Nguyễn-Phúc-Ưng-Bình_Ất-Hợi-thu-sơ-tài-chính-bộ-trưởng-Hữu-Nguyên-Hồ-Đắc-Khải-tiên-sinh-du-Bạch-Mã-sơn-trịch-thị-giai-tác_raw.html,輕裘可續羊公趣,Chinese
thivien_Nguyễn-Phúc-Ưng-Bình_Ất-Hợi-thu-sơ-tài-chính-bộ-trưởng-Hữu-Nguyên-Hồ-Đắc-Khải-tiên-sinh-du-Bạch-Mã-sơn-trịch-thị-giai-tác_raw.html,齒屐無忘謝傅情,Chinese
thivien_Nguyễn-Phúc-Ưng-Bình_Ất-Hợi-thu-sơ-tài-chính-bộ-trưởng-Hữu-Nguyên-Hồ-Đắc-Khải-tiên-sinh-du-Bạch-Mã-sơn-trịch-thị-giai-tác_raw.html,賞勝新詩傳洛下,Chinese
thivien_Nguyễn-Phúc-Ưng-Bình_Ất-Hợi-thu-sơ-tài-chính-bộ-trưởng-Hữu-Nguyên-Hồ-Đắc-Khải-tiên-sinh-du-Bạch-Mã-sơn-trịch-thị-giai-tác_raw.html,菊松老圃亦分榮,Chinese
thivien_Nguyễn-Sưởng_Nguyệt-trung-quế_raw.html,雲栽露種已多時,Chinese
thivien_Nguyễn-Sưởng_Nguyệt-trung-quế_raw.html,清影婆娑看轉奇,Chinese
thivien_Nguyễn-Sưởng_Nguyệt-trung-quế_raw.html,可是姮娥偏愛惜,Chinese
thivien_Nguyễn-Sưởng_Nguyệt-trung-quế_raw.html,肯教輪外放長枝,Chinese
thivien_Nguyễn-Sưởng_Tiên-Du-sơn-Vạn-Phúc-tự_raw.html,佛祖壯嚴侈萬金,Chinese
thivien_Nguyễn-Sưởng_Tiên-Du-sơn-Vạn-Phúc-tự_raw.html,松風吹起海朝音,Chinese
thivien_Nguyễn-Sưởng_Tiên-Du-sơn-Vạn-Phúc-tự_raw.html,雲藏古寺山南北,Chinese
thivien_Nguyễn-Sưởng_Tiên-Du-sơn-Vạn-Phúc-tự_raw.html,塔倚層霄世古今,Chinese
thivien_Nguyễn-Sưởng_Tiên-Du-sơn-Vạn-Phúc-tự_raw.html,汲澗歸僧行木杪,Chinese
thivien_Nguyễn-Sưởng_Tiên-Du-sơn-Vạn-Phúc-tự_raw.html,聽鐘眠客倚花陰,Chinese
thivien_Nguyễn-Sưởng_Tiên-Du-sơn-Vạn-Phúc-tự_raw.html,爛柯問著仙碁事,Chinese
thivien_Nguyễn-Sưởng_Tiên-Du-sơn-Vạn-Phúc-tự_raw.html,石上苔花積漸深,Chinese
thivien_Nguyễn-Sưởng_Tống-Vô-Sơn-Ông-Văn-Huệ-Vương-xuất-sơn-bái-tướng_raw.html,松聲喝道虎前驅,Chinese
thivien_Nguyễn-Sưởng_Tống-Vô-Sơn-Ông-Văn-Huệ-Vương-xuất-sơn-bái-tướng_raw.html,龍起南陽渴望蘇,Chinese
thivien_Nguyễn-Sưởng_Tống-Vô-Sơn-Ông-Văn-Huệ-Vương-xuất-sơn-bái-tướng_raw.html,借問雲臺高幾許,Chinese
thivien_Nguyễn-Sưởng_Tống-Vô-Sơn-Ông-Văn-Huệ-Vương-xuất-sơn-bái-tướng_raw.html,要添宰相出山圖,Chinese
thivien_Nguyễn-Thượng-Hiền_Hoàn-sơn_raw.html,策馬故園去,Chinese
thivien_Nguyễn-Thượng-Hiền_Hoàn-sơn_raw.html,悠悠雲外心,Chinese
thivien_Nguyễn-Thượng-Hiền_Hoàn-sơn_raw.html,江山試憑眺,Chinese
thivien_Nguyễn-Thượng-Hiền_Hoàn-sơn_raw.html,不覺復沾襟,Chinese
thivien_Nguyễn-Thượng-Hiền_Hoàn-sơn_raw.html,玄造機終祕,Chinese
thivien_Nguyễn-Thượng-Hiền_Hoàn-sơn_raw.html,蒼生禍愈深,Chinese
thivien_Nguyễn-Thượng-Hiền_Hoàn-sơn_raw.html,艱難思報國,Chinese
thivien_Nguyễn-Thượng-Hiền_Hoàn-sơn_raw.html,慚愧杜陵吟,Chinese
thivien_Nguyễn-Trung-Ngạn_Cầu-Dinh-hoài-cổ_raw.html,乂安以北三千里,Chinese
thivien_Nguyễn-Trung-Ngạn_Cầu-Dinh-hoài-cổ_raw.html,屯鎮而今一百年,Chinese
thivien_Nguyễn-Trung-Ngạn_Cầu-Dinh-hoài-cổ_raw.html,往事已隨流水去,Chinese
thivien_Nguyễn-Trung-Ngạn_Cầu-Dinh-hoài-cổ_raw.html,昔人剩者碑傳,Chinese
thivien_Nguyễn-Trãi_Ngự-chế-tao-ngộ-thi-phụng-hoạ_raw.html,仿弗鈞天夢幾回,Chinese
thivien_Nguyễn-Trãi_Ngự-chế-tao-ngộ-thi-phụng-hoạ_raw.html,山中驚喜翠華來,Chinese
thivien_Nguyễn-Trãi_Ngự-chế-tao-ngộ-thi-phụng-hoạ_raw.html,遺箴深感先朝舊,Chinese
thivien_Nguyễn-Trãi_Ngự-chế-tao-ngộ-thi-phụng-hoạ_raw.html,定策多心佐治財,Chinese
thivien_Nguyễn-Trãi_Ngự-chế-tao-ngộ-thi-phụng-hoạ_raw.html,自幸閒身坵壑志,Chinese
thivien_Nguyễn-Trãi_Ngự-chế-tao-ngộ-thi-phụng-hoạ_raw.html,敢言無地起樓臺,Chinese
thivien_Nguyễn-Trãi_Ngự-chế-tao-ngộ-thi-phụng-hoạ_raw.html,湖山遭遇宸愉樂,Chinese
thivien_Nguyễn-Trãi_Ngự-chế-tao-ngộ-thi-phụng-hoạ_raw.html,雨露春潭潤柳梅,Chinese
thivien_Nguyễn-Trãi_Thù-hữu-nhân-kiến-ký_raw.html,矯矯龍襄萬斛舟,Chinese
thivien_Nguyễn-Trãi_Thù-hữu-nhân-kiến-ký_raw.html,安行每懼覆中流,Chinese
thivien_Nguyễn-Trãi_Thù-hữu-nhân-kiến-ký_raw.html,事堪涕淚非言說,Chinese
thivien_Nguyễn-Trãi_Thù-hữu-nhân-kiến-ký_raw.html,運落風波豈智謀,Chinese
thivien_Nguyễn-Trãi_Thù-hữu-nhân-kiến-ký_raw.html,身外浮名煙閣迥,Chinese
thivien_Nguyễn-Trãi_Thù-hữu-nhân-kiến-ký_raw.html,夢中花鳥故山幽,Chinese
thivien_Nguyễn-Trãi_Thù-hữu-nhân-kiến-ký_raw.html,慇懃堪謝鄉中友,Chinese
thivien_Nguyễn-Trãi_Thù-hữu-nhân-kiến-ký_raw.html,聊把新詩寫我愁,Chinese
thivien_Nguyễn-Văn-Siêu_Giáp-Dần-chư-lộ-phỉ-khởi-Hà-Nội-thụ-hại-tối-thậm-kim-niên-đại-thuỷ-diệc-thậm-ư-lân-tỉnh-ngưỡng-mông_raw.html,兵前水後歲相交,Chinese
thivien_Nguyễn-Văn-Siêu_Giáp-Dần-chư-lộ-phỉ-khởi-Hà-Nội-thụ-hại-tối-thậm-kim-niên-đại-thuỷ-diệc-thậm-ư-lân-tỉnh-ngưỡng-mông_raw.html,地是秦中舊樂郊,Chinese
thivien_Nguyễn-Văn-Siêu_Giáp-Dần-chư-lộ-phỉ-khởi-Hà-Nội-thụ-hại-tối-thậm-kim-niên-đại-thuỷ-diệc-thậm-ư-lân-tỉnh-ngưỡng-mông_raw.html,潦盡卻逢冬不雨,Chinese
thivien_Nguyễn-Văn-Siêu_Giáp-Dần-chư-lộ-phỉ-khởi-Hà-Nội-thụ-hại-tối-thậm-kim-niên-đại-thuỷ-diệc-thậm-ư-lân-tỉnh-ngưỡng-mông_raw.html,饑來還恐盜如毛,Chinese
thivien_Nguyễn-Văn-Siêu_Giáp-Dần-chư-lộ-phỉ-khởi-Hà-Nội-thụ-hại-tối-thậm-kim-niên-đại-thuỷ-diệc-thậm-ư-lân-tỉnh-ngưỡng-mông_raw.html,不知何處堪移粟,Chinese
thivien_Nguyễn-Văn-Siêu_Giáp-Dần-chư-lộ-phỉ-khởi-Hà-Nội-thụ-hại-tối-thậm-kim-niên-đại-thuỷ-diệc-thậm-ư-lân-tỉnh-ngưỡng-mông_raw.html,曾見齊民已賣刀,Chinese
thivien_Nguyễn-Văn-Siêu_Giáp-Dần-chư-lộ-phỉ-khởi-Hà-Nội-thụ-hại-tối-thậm-kim-niên-đại-thuỷ-diệc-thậm-ư-lân-tỉnh-ngưỡng-mông_raw.html,天地豈無傾否日,Chinese
thivien_Nguyễn-Văn-Siêu_Giáp-Dần-chư-lộ-phỉ-khởi-Hà-Nội-thụ-hại-tối-thậm-kim-niên-đại-thuỷ-diệc-thậm-ư-lân-tỉnh-ngưỡng-mông_raw.html,詔書頻下使君勞,Chinese
thivien_Nguyễn-Văn-Siêu_Ngọc-Trản-trú-tất-chi-dạ_raw.html,碧雲回合水流橫,Chinese
thivien_Nguyễn-Văn-Siêu_Ngọc-Trản-trú-tất-chi-dạ_raw.html,舸艦迷津月乍明,Chinese
thivien_Nguyễn-Văn-Siêu_Ngọc-Trản-trú-tất-chi-dạ_raw.html,嚴炮響來山欲動,Chinese
thivien_Nguyễn-Văn-Siêu_Ngọc-Trản-trú-tất-chi-dạ_raw.html,火城照處夜無聲,Chinese
thivien_Nguyễn-Văn-Siêu_Tam-Điệp-hành_raw.html,到天知有路,Chinese
thivien_Nguyễn-Văn-Siêu_Tam-Điệp-hành_raw.html,絕地即登山,Chinese
thivien_Nguyễn-Văn-Siêu_Tam-Điệp-hành_raw.html,造化紛奇巧世途豈知艱,Chinese
thivien_Nguyễn-Văn-Siêu_Tam-Điệp-hành_raw.html,不知幾萬疊試立中峰間前疊低赴海,Chinese
thivien_Nguyễn-Văn-Siêu_Tam-Điệp-hành_raw.html,後疊亂孱顏倏忽爭顯晦不辨雲與巒,Chinese
thivien_Nguyễn-Văn-Siêu_Tam-Điệp-hành_raw.html,千林挽到此童僕倦躋攀,Chinese
thivien_Nguyễn-Văn-Siêu_Tam-Điệp-hành_raw.html,我欲挽徂影,Chinese
thivien_Nguyễn-Văn-Siêu_Tam-Điệp-hành_raw.html,淩風第一關大化炳高矚,Chinese
thivien_Nguyễn-Văn-Siêu_Tam-Điệp-hành_raw.html,終無一刻閒,Chinese
thivien_Nguyễn-Đức-Đạt_Sơn-đàm-thu-diểu_raw.html,大石潭籩立晚風,Chinese
thivien_Nguyễn-Đức-Đạt_Sơn-đàm-thu-diểu_raw.html,閒雲潭影有無中,Chinese
thivien_Nguyễn-Đức-Đạt_Sơn-đàm-thu-diểu_raw.html,漁翁髮蔓蘆花白,Chinese
thivien_Nguyễn-Đức-Đạt_Sơn-đàm-thu-diểu_raw.html,樵子腰牽落照紅,Chinese
thivien_Nguyễn-Đức-Đạt_Sơn-đàm-thu-diểu_raw.html,吟興依遲秋水遠,Chinese
thivien_Nguyễn-Đức-Đạt_Sơn-đàm-thu-diểu_raw.html,野情芒散暮雲空,Chinese
thivien_Nguyễn-Đức-Đạt_Sơn-đàm-thu-diểu_raw.html,倦遊客亦思還否,Chinese
thivien_Nguyễn-Đức-Đạt_Sơn-đàm-thu-diểu_raw.html,歸鳥翻翻過別峰,Chinese
thivien_Nguyễn-Đức-Đạt_Xuân-phong_raw.html,年年春事似搏沙,Chinese
thivien_Nguyễn-Đức-Đạt_Xuân-phong_raw.html,朝暮煙雲轉眄賒,Chinese
thivien_Nguyễn-Đức-Đạt_Xuân-phong_raw.html,恆有信風長不變,Chinese
thivien_Nguyễn-Đức-Đạt_Xuân-phong_raw.html,春來依舊報群花,Chinese
thivien_Nguyễn-Ức_Thư-hoài-phụng-trình-Cúc-Đường-chủ-nhân_raw.html,回首雲衢萬里遙,Chinese
thivien_Nguyễn-Ức_Thư-hoài-phụng-trình-Cúc-Đường-chủ-nhân_raw.html,江湖萍跡信風飄,Chinese
thivien_Nguyễn-Ức_Thư-hoài-phụng-trình-Cúc-Đường-chủ-nhân_raw.html,歸田賦就荒三徑,Chinese
thivien_Nguyễn-Ức_Thư-hoài-phụng-trình-Cúc-Đường-chủ-nhân_raw.html,陋巷貧餘樂一瓢,Chinese
thivien_Nguyễn-Ức_Thư-hoài-phụng-trình-Cúc-Đường-chủ-nhân_raw.html,白髮多情憐客老,Chinese
thivien_Nguyễn-Ức_Thư-hoài-phụng-trình-Cúc-Đường-chủ-nhân_raw.html,青山有約與誰招,Chinese
thivien_Nguyễn-Ức_Thư-hoài-phụng-trình-Cúc-Đường-chủ-nhân_raw.html,塵纓擬向滄浪濯,Chinese
thivien_Nguyễn-Ức_Thư-hoài-phụng-trình-Cúc-Đường-chủ-nhân_raw.html,早晚壼天訪寂寥,Chinese
thivien_Nguyện-Học-thiền-sư_Liễu-ngộ-thân-tâm_raw.html,了悟身心開慧眼變化靈通現實相,Chinese
thivien_Nguyện-Học-thiền-sư_Liễu-ngộ-thân-tâm_raw.html,行住坐臥獨卓然應現化身不可量,Chinese
thivien_Nguyện-Học-thiền-sư_Liễu-ngộ-thân-tâm_raw.html,雖然充塞遍虛空歡來不見如有相,Chinese
thivien_Nguyện-Học-thiền-sư_Liễu-ngộ-thân-tâm_raw.html,世間無物可比況長現靈光明朗朗,Chinese
thivien_Nguyện-Học-thiền-sư_Liễu-ngộ-thân-tâm_raw.html,嘗時演說不思議,Chinese
thivien_Nguyện-Học-thiền-sư_Liễu-ngộ-thân-tâm_raw.html,無得一言以為當,Chinese
thivien_Ngô-Hoán_Phụng-hoạ-ngự-chế-Lục-Vân-động_raw.html,丹崖青壁聳巑岏,Chinese
thivien_Ngô-Hoán_Phụng-hoạ-ngự-chế-Lục-Vân-động_raw.html,隱約壺天景界寬,Chinese
thivien_Ngô-Hoán_Phụng-hoạ-ngự-chế-Lục-Vân-động_raw.html,瑤草丯茸迷野徑,Chinese
thivien_Ngô-Hoán_Phụng-hoạ-ngự-chế-Lục-Vân-động_raw.html,琪花爛熳擁禪關,Chinese
thivien_Ngô-Hoán_Phụng-hoạ-ngự-chế-Lục-Vân-động_raw.html,雲興雨降清風冷,Chinese
thivien_Ngô-Hoán_Phụng-hoạ-ngự-chế-Lục-Vân-động_raw.html,夜靜山空皓月寒,Chinese
thivien_Ngô-Hoán_Phụng-hoạ-ngự-chế-Lục-Vân-động_raw.html,夙夜未灰香火念,Chinese
thivien_Ngô-Hoán_Phụng-hoạ-ngự-chế-Lục-Vân-động_raw.html,林泉休說老僧閒,Chinese
thivien_Ngô-Hoán_Phụng-hoạ-ngự-chế-Văn-nhân_raw.html,薰馥含英夙夜勤,Chinese
thivien_Ngô-Hoán_Phụng-hoạ-ngự-chế-Văn-nhân_raw.html,挽回渾厚落尖新,Chinese
thivien_Ngô-Hoán_Phụng-hoạ-ngự-chế-Văn-nhân_raw.html,華箋炳炳騎鯨客,Chinese
thivien_Ngô-Hoán_Phụng-hoạ-ngự-chế-Văn-nhân_raw.html,藻筆飄飄吐鳳人,Chinese
thivien_Ngô-Hoán_Phụng-hoạ-ngự-chế-Văn-nhân_raw.html,韶夏正聲金調度,Chinese
thivien_Ngô-Hoán_Phụng-hoạ-ngự-chế-Văn-nhân_raw.html,江山秀氣玉精神,Chinese
thivien_Ngô-Hoán_Phụng-hoạ-ngự-chế-Văn-nhân_raw.html,笙鏞妙贊文明治,Chinese
thivien_Ngô-Hoán_Phụng-hoạ-ngự-chế-Văn-nhân_raw.html,八表風同萬物春,Chinese
thivien_Ngô-Nhân-Tĩnh_Mãi-thạch-nghiễn_raw.html,慰我生平到處尋,Chinese
thivien_Ngô-Nhân-Tĩnh_Mãi-thạch-nghiễn_raw.html,天涯共爾客中吟,Chinese
thivien_Ngô-Nhân-Tĩnh_Mãi-thạch-nghiễn_raw.html,端溪不有名千古,Chinese
thivien_Ngô-Nhân-Tĩnh_Mãi-thạch-nghiễn_raw.html,片石那能值萬金,Chinese
thivien_Ngô-Nhân-Tĩnh_Mãi-thạch-nghiễn_raw.html,與世寧知無奪目,Chinese
thivien_Ngô-Nhân-Tĩnh_Mãi-thạch-nghiễn_raw.html,於余最愛是堅心,Chinese
thivien_Ngô-Nhân-Tĩnh_Mãi-thạch-nghiễn_raw.html,當銘壬戌初冬月,Chinese
thivien_Ngô-Nhân-Tĩnh_Mãi-thạch-nghiễn_raw.html,為國酬恩到桂林,Chinese
thivien_Ngô-Nhân-Tĩnh_Tiên-thành-lữ-khứ-kỳ-1_raw.html,半盞孤燈客夢殘,Chinese
thivien_Ngô-Nhân-Tĩnh_Tiên-thành-lữ-khứ-kỳ-1_raw.html,百年心事話尤難,Chinese
thivien_Ngô-Nhân-Tĩnh_Tiên-thành-lữ-khứ-kỳ-1_raw.html,老天不與人方便,Chinese
thivien_Ngô-Nhân-Tĩnh_Tiên-thành-lữ-khứ-kỳ-1_raw.html,漠漠冥冥一太寬,Chinese
thivien_Ngô-Phúc-Lâm_Sơn-hạ-ngư-ky_raw.html,蒼浪泊處是村居,Chinese
thivien_Ngô-Phúc-Lâm_Sơn-hạ-ngư-ky_raw.html,廬外帆歸片片漁,Chinese
thivien_Ngô-Phúc-Lâm_Sơn-hạ-ngư-ky_raw.html,岩廓枕灘停棹穩,Chinese
thivien_Ngô-Phúc-Lâm_Sơn-hạ-ngư-ky_raw.html,江湖響岸入窗虛,Chinese
thivien_Ngô-Phúc-Lâm_Sơn-hạ-ngư-ky_raw.html,數行破瞑相炊際,Chinese
thivien_Ngô-Phúc-Lâm_Sơn-hạ-ngư-ky_raw.html,一笛驚秋未曉初,Chinese
thivien_Ngô-Phúc-Lâm_Sơn-hạ-ngư-ky_raw.html,醉起渡頭相訪話,Chinese
thivien_Ngô-Phúc-Lâm_Sơn-hạ-ngư-ky_raw.html,桑田猶幾百年餘,Chinese
thivien_Ngô-Thì-Nhậm_Hoạ-kê-tiên_raw.html,大凡不俗便稱仙,Chinese
thivien_Ngô-Thì-Nhậm_Hoạ-kê-tiên_raw.html,萬古誰知太極年,Chinese
thivien_Ngô-Thì-Nhậm_Hoạ-kê-tiên_raw.html,自有倥侗應有月,Chinese
thivien_Ngô-Thì-Nhậm_Hoạ-kê-tiên_raw.html,詩翁不辨某誰眠,Chinese
thivien_Ngô-Thì-Nhậm_Khẩn-hành-thuỵ-nan_raw.html,緊行欲睡睡殊忙,Chinese
thivien_Ngô-Thì-Nhậm_Khẩn-hành-thuỵ-nan_raw.html,日夜奔馳不敢康,Chinese
thivien_Ngô-Thì-Nhậm_Khẩn-hành-thuỵ-nan_raw.html,十乘馬嘶千里月,Chinese
thivien_Ngô-Thì-Nhậm_Khẩn-hành-thuỵ-nan_raw.html,千家雞叫五更霜,Chinese
thivien_Ngô-Thì-Nhậm_Khẩn-hành-thuỵ-nan_raw.html,曲肱未獲安疏水,Chinese
thivien_Ngô-Thì-Nhậm_Khẩn-hành-thuỵ-nan_raw.html,慧眼還應看熟梁,Chinese
thivien_Ngô-Thì-Nhậm_Khẩn-hành-thuỵ-nan_raw.html,名利畏途多熱鬧,Chinese
thivien_Ngô-Thì-Nhậm_Khẩn-hành-thuỵ-nan_raw.html,清明覺醒似無妨,Chinese
thivien_Ngô-Thì-Nhậm_Lạng-Sơn-đạo-trung-kỳ-2_raw.html,北諒交疆漢將臺,Chinese
thivien_Ngô-Thì-Nhậm_Lạng-Sơn-đạo-trung-kỳ-2_raw.html,錯疑薏苡落污萊,Chinese
thivien_Ngô-Thì-Nhậm_Lạng-Sơn-đạo-trung-kỳ-2_raw.html,無窮今古樹榮謝,Chinese
thivien_Ngô-Thì-Nhậm_Lạng-Sơn-đạo-trung-kỳ-2_raw.html,不老溪山人往來,Chinese
thivien_Ngô-Thì-Nhậm_Lạng-Sơn-đạo-trung-kỳ-2_raw.html,道路見從青草出,Chinese
thivien_Ngô-Thì-Nhậm_Lạng-Sơn-đạo-trung-kỳ-2_raw.html,田疇聞自綠雲開,Chinese
thivien_Ngô-Thì-Nhậm_Lạng-Sơn-đạo-trung-kỳ-2_raw.html,奇觀最是長天色,Chinese
thivien_Ngô-Thì-Nhậm_Lạng-Sơn-đạo-trung-kỳ-2_raw.html,中極經星絢斗台,Chinese
thivien_Ngô-Thì-Nhậm_Nghi-Cửu-Nghi_raw.html,九疑葬舜九傳疑,Chinese
thivien_Ngô-Thì-Nhậm_Nghi-Cửu-Nghi_raw.html,虛實須從事理推,Chinese
thivien_Ngô-Thì-Nhậm_Nghi-Cửu-Nghi_raw.html,五服桓圭非內粵,Chinese
thivien_Ngô-Thì-Nhậm_Nghi-Cửu-Nghi_raw.html,七旬干羽始班師,Chinese
thivien_Ngô-Thì-Nhậm_Nghi-Cửu-Nghi_raw.html,蒼梧那得朝群後,Chinese
thivien_Ngô-Thì-Nhậm_Nghi-Cửu-Nghi_raw.html,斑竹何曾泣二妃,Chinese
thivien_Ngô-Thì-Nhậm_Nghi-Cửu-Nghi_raw.html,穿鑿出來殊孟浪,Chinese
thivien_Ngô-Thì-Nhậm_Nghi-Cửu-Nghi_raw.html,購金祇療漢儒饑,Chinese
thivien_Ngô-Thì-Nhậm_Nguyệt-dạ-lãng-ngâm_raw.html,碧樹庭除月色深,Chinese
thivien_Ngô-Thì-Nhậm_Nguyệt-dạ-lãng-ngâm_raw.html,銅龍細滴斗聲沉,Chinese
thivien_Ngô-Thì-Nhậm_Nguyệt-dạ-lãng-ngâm_raw.html,家鄉千里難求夢,Chinese
thivien_Ngô-Thì-Nhậm_Nguyệt-dạ-lãng-ngâm_raw.html,雲物三更易觸吟,Chinese
thivien_Ngô-Thì-Nhậm_Nguyệt-dạ-lãng-ngâm_raw.html,未了貪瞋前果障,Chinese
thivien_Ngô-Thì-Nhậm_Nguyệt-dạ-lãng-ngâm_raw.html,空勞名利此生心,Chinese
thivien_Ngô-Thì-Nhậm_Nguyệt-dạ-lãng-ngâm_raw.html,何時武庫橐弓矢,Chinese
thivien_Ngô-Thì-Nhậm_Nguyệt-dạ-lãng-ngâm_raw.html,鷽骨霜蹄返故林,Chinese
thivien_Ngô-Thì-Nhậm_Quan-đệ-Minh-Trai-Tục-Từ-Thức-truyện-ngẫu-thành-kỳ-2-Vịnh-Giáng-Hương_raw.html,百世姻緣擬續完,Chinese
thivien_Ngô-Thì-Nhậm_Quan-đệ-Minh-Trai-Tục-Từ-Thức-truyện-ngẫu-thành-kỳ-2-Vịnh-Giáng-Hương_raw.html,仙塵路迥卻無端,Chinese
thivien_Ngô-Thì-Nhậm_Quan-đệ-Minh-Trai-Tục-Từ-Thức-truyện-ngẫu-thành-kỳ-2-Vịnh-Giáng-Hương_raw.html,玉簫響斷傷飛鳳,Chinese
thivien_Ngô-Thì-Nhậm_Quan-đệ-Minh-Trai-Tục-Từ-Thức-truyện-ngẫu-thành-kỳ-2-Vịnh-Giáng-Hương_raw.html,壁峒苔深悵別鸞,Chinese
thivien_Ngô-Thì-Nhậm_Quan-đệ-Minh-Trai-Tục-Từ-Thức-truyện-ngẫu-thành-kỳ-2-Vịnh-Giáng-Hương_raw.html,到底英才多孟浪,Chinese
thivien_Ngô-Thì-Nhậm_Quan-đệ-Minh-Trai-Tục-Từ-Thức-truyện-ngẫu-thành-kỳ-2-Vịnh-Giáng-Hương_raw.html,由來仙子耐幽閒,Chinese
thivien_Ngô-Thì-Nhậm_Quan-đệ-Minh-Trai-Tục-Từ-Thức-truyện-ngẫu-thành-kỳ-2-Vịnh-Giáng-Hương_raw.html,誰通瓊島漁書使,Chinese
thivien_Ngô-Thì-Nhậm_Quan-đệ-Minh-Trai-Tục-Từ-Thức-truyện-ngẫu-thành-kỳ-2-Vịnh-Giáng-Hương_raw.html,金馬堂中有牡丹,Chinese
thivien_Ngô-Thì-Nhậm_Quá-Thần-Đầu-hải-ngạn_raw.html,我出時觀海水青,Chinese
thivien_Ngô-Thì-Nhậm_Quá-Thần-Đầu-hải-ngạn_raw.html,我來似舊接空明,Chinese
thivien_Ngô-Thì-Nhậm_Quá-Thần-Đầu-hải-ngạn_raw.html,連千重岸環天府,Chinese
thivien_Ngô-Thì-Nhậm_Quá-Thần-Đầu-hải-ngạn_raw.html,隔一泓瀦跨大清,Chinese
thivien_Ngô-Thì-Nhậm_Quá-Thần-Đầu-hải-ngạn_raw.html,擊鼓樓船餘怒浪,Chinese
thivien_Ngô-Thì-Nhậm_Quá-Thần-Đầu-hải-ngạn_raw.html,填河落石失長鯨,Chinese
thivien_Ngô-Thì-Nhậm_Quá-Thần-Đầu-hải-ngạn_raw.html,馮夷何與人間事,Chinese
thivien_Ngô-Thì-Nhậm_Quá-Thần-Đầu-hải-ngạn_raw.html,日夜馳驅不少停,Chinese
thivien_Ngô-Thì-Nhậm_Quá-Tống-trạng-nguyên-Phùng-Kinh-cố-trạch_raw.html,帝夢失魁得馬涼,Chinese
thivien_Ngô-Thì-Nhậm_Quá-Tống-trạng-nguyên-Phùng-Kinh-cố-trạch_raw.html,狀元信息的非常,Chinese
thivien_Ngô-Thì-Nhậm_Quá-Tống-trạng-nguyên-Phùng-Kinh-cố-trạch_raw.html,姓名二字標金石,Chinese
thivien_Ngô-Thì-Nhậm_Quá-Tống-trạng-nguyên-Phùng-Kinh-cố-trạch_raw.html,事業千秋記綈緗,Chinese
thivien_Ngô-Thì-Nhậm_Quá-Tống-trạng-nguyên-Phùng-Kinh-cố-trạch_raw.html,新法之間無獻替,Chinese
thivien_Ngô-Thì-Nhậm_Quá-Tống-trạng-nguyên-Phùng-Kinh-cố-trạch_raw.html,大科所得是文章,Chinese
thivien_Ngô-Thì-Nhậm_Quá-Tống-trạng-nguyên-Phùng-Kinh-cố-trạch_raw.html,巍峨廟貌重丹雘,Chinese
thivien_Ngô-Thì-Nhậm_Quá-Tống-trạng-nguyên-Phùng-Kinh-cố-trạch_raw.html,歸厚還應愛此鄉,Chinese
thivien_Ngô-Thì-Nhậm_Thuỷ-thanh_raw.html,水本無聲卻有聲,Chinese
thivien_Ngô-Thì-Nhậm_Thuỷ-thanh_raw.html,嘈鏗江上為誰鳴,Chinese
thivien_Ngô-Thì-Nhậm_Thuỷ-thanh_raw.html,長流順注原常靜,Chinese
thivien_Ngô-Thì-Nhậm_Thuỷ-thanh_raw.html,斷石橫欄乃不平,Chinese
thivien_Ngô-Thì-Nhậm_Thuỷ-thanh_raw.html,哽未去時應有怒,Chinese
thivien_Ngô-Thì-Nhậm_Thuỷ-thanh_raw.html,量能容處便無爭,Chinese
thivien_Ngô-Thì-Nhậm_Thuỷ-thanh_raw.html,太和君子須潛會,Chinese
thivien_Ngô-Thì-Nhậm_Thuỷ-thanh_raw.html,透徹銀花到底明,Chinese
thivien_Ngô-Thì-Nhậm_Điếu-Sở-Tam-Lư-đại-phu_raw.html,不是懷沙怨楚王,Chinese
thivien_Ngô-Thì-Nhậm_Điếu-Sở-Tam-Lư-đại-phu_raw.html,彼天難問問瀟湘,Chinese
thivien_Ngô-Thì-Nhậm_Điếu-Sở-Tam-Lư-đại-phu_raw.html,擬將口舌扶宗國,Chinese
thivien_Ngô-Thì-Nhậm_Điếu-Sở-Tam-Lư-đại-phu_raw.html,豈愛皮毛處雊堂,Chinese
thivien_Ngô-Thì-Nhậm_Điếu-Sở-Tam-Lư-đại-phu_raw.html,往事幾回悲逝水,Chinese
thivien_Ngô-Thì-Nhậm_Điếu-Sở-Tam-Lư-đại-phu_raw.html,離騷終古吊斜陽,Chinese
thivien_Ngô-Thì-Nhậm_Điếu-Sở-Tam-Lư-đại-phu_raw.html,九疑有路逢虞舜,Chinese
thivien_Ngô-Thì-Nhậm_Điếu-Sở-Tam-Lư-đại-phu_raw.html,濟濟應添一起良,Chinese
thivien_Ngô-Thì-Nhậm_Đăng-Hoành-Sơn-vọng-hải_raw.html,造化當初苦用工,Chinese
thivien_Ngô-Thì-Nhậm_Đăng-Hoành-Sơn-vọng-hải_raw.html,卻將虎穴趁蛟宮,Chinese
thivien_Ngô-Thì-Nhậm_Đăng-Hoành-Sơn-vọng-hải_raw.html,環王封域歸烏有,Chinese
thivien_Ngô-Thì-Nhậm_Đăng-Hoành-Sơn-vọng-hải_raw.html,陳帝旌旗掛太空,Chinese
thivien_Ngô-Thì-Nhậm_Đăng-Hoành-Sơn-vọng-hải_raw.html,晴樹棲禽蒼欲老,Chinese
thivien_Ngô-Thì-Nhậm_Đăng-Hoành-Sơn-vọng-hải_raw.html,怒濤戲鱷白成翁,Chinese
thivien_Ngô-Thì-Nhậm_Đăng-Hoành-Sơn-vọng-hải_raw.html,無窮今古浮鷗事,Chinese
thivien_Ngô-Thì-Nhậm_Đăng-Hoành-Sơn-vọng-hải_raw.html,分合悠悠鶴夢中,Chinese
thivien_Phan-Chu-Trinh_Giáp-Thìn-kinh-thành-cụ-phong_raw.html,錦繡江山望眼糊,Chinese
thivien_Phan-Chu-Trinh_Giáp-Thìn-kinh-thành-cụ-phong_raw.html,回天無奈此身孤,Chinese
thivien_Phan-Chu-Trinh_Giáp-Thìn-kinh-thành-cụ-phong_raw.html,忽成倚蓋當風坐,Chinese
thivien_Phan-Chu-Trinh_Giáp-Thìn-kinh-thành-cụ-phong_raw.html,笑此袁安臥雪圖,Chinese
thivien_Phan-Chu-Trinh_Xuất-đô-môn_raw.html,纍纍鐵鎖出都門,Chinese
thivien_Phan-Chu-Trinh_Xuất-đô-môn_raw.html,慷慨悲歌舌尚存,Chinese
thivien_Phan-Chu-Trinh_Xuất-đô-môn_raw.html,國土沉淪民族瘁,Chinese
thivien_Phan-Chu-Trinh_Xuất-đô-môn_raw.html,男兒何事怕崑崙,Chinese
thivien_Phan-Quế_Trường-An-cảm-cảnh_raw.html,長安玩月綠楊堤,Chinese
thivien_Phan-Quế_Trường-An-cảm-cảnh_raw.html,夜靜燈明御馬嘶,Chinese
thivien_Phan-Quế_Trường-An-cảm-cảnh_raw.html,屏嶺高朝山起伏,Chinese
thivien_Phan-Quế_Trường-An-cảm-cảnh_raw.html,香江清繞水東西,Chinese
thivien_Phan-Quế_Trường-An-cảm-cảnh_raw.html,肇培王業人心仰,Chinese
thivien_Phan-Quế_Trường-An-cảm-cảnh_raw.html,縹緲春都客眼迷,Chinese
thivien_Phan-Quế_Trường-An-cảm-cảnh_raw.html,對景易令詩興動,Chinese
thivien_Phan-Quế_Trường-An-cảm-cảnh_raw.html,遊人得意健吟題,Chinese
thivien_Phan-Thúc-Trực_Tam-Giang-hải-đạo_raw.html,客程便道赴舟程,Chinese
thivien_Phan-Thúc-Trực_Tam-Giang-hải-đạo_raw.html,帆過三江巨艦輕,Chinese
thivien_Phan-Thúc-Trực_Tam-Giang-hải-đạo_raw.html,雨止千山開樹色,Chinese
thivien_Phan-Thúc-Trực_Tam-Giang-hải-đạo_raw.html,風恬五夜失濤聲,Chinese
thivien_Phan-Thúc-Trực_Tam-Giang-hải-đạo_raw.html,空中兔鏡灣灣白,Chinese
thivien_Phan-Thúc-Trực_Tam-Giang-hải-đạo_raw.html,水上漁燈處處明,Chinese
thivien_Phan-Thúc-Trực_Tam-Giang-hải-đạo_raw.html,利涉何愁風浪惡,Chinese
thivien_Phan-Thúc-Trực_Tam-Giang-hải-đạo_raw.html,此心平處水皆平,Chinese
thivien_Phan-Thúc-Trực_Thư-biệt-Vị-Hoàng-cố-nhân-Nguyễn-Bằng_raw.html,人境百年俱是旅,Chinese
thivien_Phan-Thúc-Trực_Thư-biệt-Vị-Hoàng-cố-nhân-Nguyễn-Bằng_raw.html,他鄉一日即成交,Chinese
thivien_Phan-Thúc-Trực_Thư-biệt-Vị-Hoàng-cố-nhân-Nguyễn-Bằng_raw.html,江山浪跡憐予懶,Chinese
thivien_Phan-Thúc-Trực_Thư-biệt-Vị-Hoàng-cố-nhân-Nguyễn-Bằng_raw.html,詩酒生涯信爾豪,Chinese
thivien_Phan-Thúc-Trực_Thư-biệt-Vị-Hoàng-cố-nhân-Nguyễn-Bằng_raw.html,鴻嶺村邊歸別鶴,Chinese
thivien_Phan-Thúc-Trực_Thư-biệt-Vị-Hoàng-cố-nhân-Nguyễn-Bằng_raw.html,渭潢津次醉香膠,Chinese
thivien_Phan-Thúc-Trực_Thư-biệt-Vị-Hoàng-cố-nhân-Nguyễn-Bằng_raw.html,欲知此後相思處,Chinese
thivien_Phan-Thúc-Trực_Thư-biệt-Vị-Hoàng-cố-nhân-Nguyễn-Bằng_raw.html,記取江前月影高,Chinese
thivien_Phan-Thúc-Trực_Thương-túc_raw.html,人生各有事,Chinese
thivien_Phan-Thúc-Trực_Thương-túc_raw.html,奔走無暇日,Chinese
thivien_Phan-Thúc-Trực_Thương-túc_raw.html,行步偶見傷,Chinese
thivien_Phan-Thúc-Trực_Thương-túc_raw.html,天心敎我逸,Chinese
thivien_Phan-Thúc-Trực_Thương-túc_raw.html,天曉上安眠,Chinese
thivien_Phan-Thúc-Trực_Thương-túc_raw.html,長吟且抱膝,Chinese
thivien_Phan-Thúc-Trực_Thương-túc_raw.html,世途荊棘多,Chinese
thivien_Phan-Thúc-Trực_Thương-túc_raw.html,奔走愼無疾,Chinese
thivien_Phan-Thúc-Trực_Tiêu-điều_raw.html,蕭條宦舍如僧舍,Chinese
thivien_Phan-Thúc-Trực_Tiêu-điều_raw.html,骯髒今吾似故吾,Chinese
thivien_Phan-Thúc-Trực_Tiêu-điều_raw.html,歲酉殘冬俱是客,Chinese
thivien_Phan-Thúc-Trực_Tiêu-điều_raw.html,合來隨地做歡娛,Chinese
thivien_Phan-Thúc-Trực_Trường-trung-tạp-vịnh-kỳ-2_raw.html,酒罷人歸院,Chinese
thivien_Phan-Thúc-Trực_Trường-trung-tạp-vịnh-kỳ-2_raw.html,天寒月滿庭,Chinese
thivien_Phan-Thúc-Trực_Trường-trung-tạp-vịnh-kỳ-2_raw.html,梅香應暗動,Chinese
thivien_Phan-Thúc-Trực_Trường-trung-tạp-vịnh-kỳ-2_raw.html,棠夢合黴醒,Chinese
thivien_Phan-Thúc-Trực_Trường-trung-tạp-vịnh-kỳ-2_raw.html,地上霜花白,Chinese
thivien_Phan-Thúc-Trực_Trường-trung-tạp-vịnh-kỳ-2_raw.html,簾前草色青,Chinese
thivien_Phan-Thúc-Trực_Trường-trung-tạp-vịnh-kỳ-2_raw.html,林鶯求友急,Chinese
thivien_Phan-Thúc-Trực_Trường-trung-tạp-vịnh-kỳ-2_raw.html,逸響故丁丁,Chinese
thivien_Phan-Thúc-Trực_Tại-kinh-thị-chúng-tử_raw.html,江山千里我心勞,Chinese
thivien_Phan-Thúc-Trực_Tại-kinh-thị-chúng-tử_raw.html,欲製新衣寄爾曹,Chinese
thivien_Phan-Thúc-Trực_Tại-kinh-thị-chúng-tử_raw.html,佩服還如相對面,Chinese
thivien_Phan-Thúc-Trực_Tại-kinh-thị-chúng-tử_raw.html,勉期學業藉薰陶,Chinese
thivien_Phan-Thúc-Trực_Vãng-bái-phụ-oanh_raw.html,先人墳墓在,Chinese
thivien_Phan-Thúc-Trực_Vãng-bái-phụ-oanh_raw.html,登拜每傷神,Chinese
thivien_Phan-Thúc-Trực_Vãng-bái-phụ-oanh_raw.html,舊昔悲青草,Chinese
thivien_Phan-Thúc-Trực_Vãng-bái-phụ-oanh_raw.html,深情怨白雲,Chinese
thivien_Phan-Thúc-Trực_Vãng-bái-phụ-oanh_raw.html,掌珍懷底事,Chinese
thivien_Phan-Thúc-Trực_Vãng-bái-phụ-oanh_raw.html,手澤係遺文,Chinese
thivien_Phan-Thúc-Trực_Vãng-bái-phụ-oanh_raw.html,罔極恩難報,Chinese
thivien_Phan-Thúc-Trực_Vãng-bái-phụ-oanh_raw.html,悠悠泣昊旻,Chinese
thivien_Phan-Tế_Dạ-trú-Bà-Đanh-tự_raw.html,冬月涼風若鉄針,Chinese
thivien_Phan-Tế_Dạ-trú-Bà-Đanh-tự_raw.html,船中難臥在江濱,Chinese
thivien_Phan-Tế_Dạ-trú-Bà-Đanh-tự_raw.html,仰觀樹里山邊寺,Chinese
thivien_Phan-Tế_Dạ-trú-Bà-Đanh-tự_raw.html,暮落鐘聲水畔沉,Chinese
thivien_Phan-Tế_Dạ-trú-Bà-Đanh-tự_raw.html,楊柳婆丁居立邑,Chinese
thivien_Phan-Tế_Dạ-trú-Bà-Đanh-tự_raw.html,叢林翁阮至修真,Chinese
thivien_Phan-Tế_Dạ-trú-Bà-Đanh-tự_raw.html,思源香火年年保,Chinese
thivien_Phan-Tế_Dạ-trú-Bà-Đanh-tự_raw.html,請證丹成寓足臨,Chinese
thivien_Phan-Văn-Ái_Trấn-Vũ-miếu_raw.html,三百餘年古像存,Chinese
thivien_Phan-Văn-Ái_Trấn-Vũ-miếu_raw.html,樓臺高壓鳳城垣,Chinese
thivien_Phan-Văn-Ái_Trấn-Vũ-miếu_raw.html,東京風物西湖勝,Chinese
thivien_Phan-Văn-Ái_Trấn-Vũ-miếu_raw.html,南國神靈鎮北尊,Chinese
thivien_Phan-Văn-Ái_Trấn-Vũ-miếu_raw.html,清夜斗牛浮劍氣,Chinese
thivien_Phan-Văn-Ái_Trấn-Vũ-miếu_raw.html,紅塵車馬隔花村,Chinese
thivien_Phan-Văn-Ái_Trấn-Vũ-miếu_raw.html,江山平遠開新畫,Chinese
thivien_Phan-Văn-Ái_Trấn-Vũ-miếu_raw.html,第一重天不二門,Chinese
thivien_Phùng-Khắc-Khoan_Mộng-phú-tảo-mai_raw.html,七日氣方來復始,Chinese
thivien_Phùng-Khắc-Khoan_Mộng-phú-tảo-mai_raw.html,一枝花已放南邊,Chinese
thivien_Phùng-Khắc-Khoan_Mộng-phú-tảo-mai_raw.html,占春調鼎孚時用,Chinese
thivien_Phùng-Khắc-Khoan_Mộng-phú-tảo-mai_raw.html,樹得芳名億萬年,Chinese
thivien_Phùng-Khắc-Khoan_Đáo-Hội-Đồng-quán-kiến-Trình-phó-sứ_raw.html,豪傑人知豪傑人,Chinese
thivien_Phùng-Khắc-Khoan_Đáo-Hội-Đồng-quán-kiến-Trình-phó-sứ_raw.html,纔相見似旧相親,Chinese
thivien_Phùng-Khắc-Khoan_Đáo-Hội-Đồng-quán-kiến-Trình-phó-sứ_raw.html,北南兼愛皇王德,Chinese
thivien_Phùng-Khắc-Khoan_Đáo-Hội-Đồng-quán-kiến-Trình-phó-sứ_raw.html,願骵仁同一視仁,Chinese
thivien_Phạm-Công-Trứ-I_Hộ-giá-chinh-Thuận-Hoá-kỷ-hành-Thần-Phù-sơn_raw.html,天地鐘靈啓上都,Chinese
thivien_Phạm-Công-Trứ-I_Hộ-giá-chinh-Thuận-Hoá-kỷ-hành-Thần-Phù-sơn_raw.html,長山一帶號神符,Chinese
thivien_Phạm-Công-Trứ-I_Hộ-giá-chinh-Thuận-Hoá-kỷ-hành-Thần-Phù-sơn_raw.html,峰攢屹屹撑雲表,Chinese
thivien_Phạm-Công-Trứ-I_Hộ-giá-chinh-Thuận-Hoá-kỷ-hành-Thần-Phù-sơn_raw.html,壁立層層到海隅,Chinese
thivien_Phạm-Công-Trứ-I_Hộ-giá-chinh-Thuận-Hoá-kỷ-hành-Thần-Phù-sơn_raw.html,槊嶺冗肱扶國脈,Chinese
thivien_Phạm-Công-Trứ-I_Hộ-giá-chinh-Thuận-Hoá-kỷ-hành-Thần-Phù-sơn_raw.html,藍鄉城郭壯皇圖,Chinese
thivien_Phạm-Công-Trứ-I_Hộ-giá-chinh-Thuận-Hoá-kỷ-hành-Thần-Phù-sơn_raw.html,美哉形勢眞堪寶,Chinese
thivien_Phạm-Công-Trứ-I_Hộ-giá-chinh-Thuận-Hoá-kỷ-hành-Thần-Phù-sơn_raw.html,徐式休談事有無,Chinese
thivien_Phạm-Khiêm-Ích_Tạ-Lưỡng-Quảng-tổng-đốc-Khổng-công-kỳ-2_raw.html,旅幣尋常效簿來,Chinese
thivien_Phạm-Khiêm-Ích_Tạ-Lưỡng-Quảng-tổng-đốc-Khổng-công-kỳ-2_raw.html,湛恩今仰体柔懷,Chinese
thivien_Phạm-Khiêm-Ích_Tạ-Lưỡng-Quảng-tổng-đốc-Khổng-công-kỳ-2_raw.html,觀光辱荷金鞍貺,Chinese
thivien_Phạm-Khiêm-Ích_Tạ-Lưỡng-Quảng-tổng-đốc-Khổng-công-kỳ-2_raw.html,醉德均叨綺席陪,Chinese
thivien_Phạm-Khiêm-Ích_Tạ-Lưỡng-Quảng-tổng-đốc-Khổng-công-kỳ-2_raw.html,久沐周仁覃海嶠,Chinese
thivien_Phạm-Khiêm-Ích_Tạ-Lưỡng-Quảng-tổng-đốc-Khổng-công-kỳ-2_raw.html,重欣夏貢達江淮,Chinese
thivien_Phạm-Khiêm-Ích_Tạ-Lưỡng-Quảng-tổng-đốc-Khổng-công-kỳ-2_raw.html,蘩薇靜覺無涯答,Chinese
thivien_Phạm-Khiêm-Ích_Tạ-Lưỡng-Quảng-tổng-đốc-Khổng-công-kỳ-2_raw.html,萬壽惟賡南有台,Chinese
thivien_Phạm-Nguyễn-Du_Ngũ-nguyệt-sơ-nhất-ngộ-tái-sóc-chúc-văn_raw.html,初朔在室,Chinese
thivien_Phạm-Nguyễn-Du_Ngũ-nguyệt-sơ-nhất-ngộ-tái-sóc-chúc-văn_raw.html,再朔在船,Chinese
thivien_Phạm-Nguyễn-Du_Ngũ-nguyệt-sơ-nhất-ngộ-tái-sóc-chúc-văn_raw.html,流水一帶,Chinese
thivien_Phạm-Nguyễn-Du_Ngũ-nguyệt-sơ-nhất-ngộ-tái-sóc-chúc-văn_raw.html,高山兩邊,Chinese
thivien_Phạm-Nguyễn-Du_Ngũ-nguyệt-sơ-nhất-ngộ-tái-sóc-chúc-văn_raw.html,誰復知我,Chinese
thivien_Phạm-Nguyễn-Du_Ngũ-nguyệt-sơ-nhất-ngộ-tái-sóc-chúc-văn_raw.html,獨撫空絃,Chinese
thivien_Phạm-Nguyễn-Du_Sơ-cửu-nhật-ngộ-vũ_raw.html,野吹飄簫掠矮墻,Chinese
thivien_Phạm-Nguyễn-Du_Sơ-cửu-nhật-ngộ-vũ_raw.html,欲將酒擫奈愁強,Chinese
thivien_Phạm-Nguyễn-Du_Sơ-cửu-nhật-ngộ-vũ_raw.html,可堪朝雨留征棹,Chinese
thivien_Phạm-Nguyễn-Du_Sơ-cửu-nhật-ngộ-vũ_raw.html,晝夢厭厭未見娘,Chinese
thivien_Phạm-Nhữ-Dực_Dư-nhiếp-Tân-An-quận-giáo-chu-tam-duyệt-tuế-thuỷ-tập-thảo-đường-tài-tất-công-nhi-ngộ-binh-tiển-cảm_raw.html,攝教三年官舍無,Chinese
thivien_Phạm-Nhữ-Dực_Dư-nhiếp-Tân-An-quận-giáo-chu-tam-duyệt-tuế-thuỷ-tập-thảo-đường-tài-tất-công-nhi-ngộ-binh-tiển-cảm_raw.html,民安客舖飽僑居,Chinese
thivien_Phạm-Nhữ-Dực_Dư-nhiếp-Tân-An-quận-giáo-chu-tam-duyệt-tuế-thuỷ-tập-thảo-đường-tài-tất-công-nhi-ngộ-binh-tiển-cảm_raw.html,明倫堂宇經營始,Chinese
thivien_Phạm-Nhữ-Dực_Dư-nhiếp-Tân-An-quận-giáo-chu-tam-duyệt-tuế-thuỷ-tập-thảo-đường-tài-tất-công-nhi-ngộ-binh-tiển-cảm_raw.html,夜息茅亭樸斲初,Chinese
thivien_Phạm-Nhữ-Dực_Dư-nhiếp-Tân-An-quận-giáo-chu-tam-duyệt-tuế-thuỷ-tập-thảo-đường-tài-tất-công-nhi-ngộ-binh-tiển-cảm_raw.html,未及半床聽夜雨,Chinese
thivien_Phạm-Nhữ-Dực_Dư-nhiếp-Tân-An-quận-giáo-chu-tam-duyệt-tuế-thuỷ-tập-thảo-đường-tài-tất-công-nhi-ngộ-binh-tiển-cảm_raw.html,可憐一炬更煙墟,Chinese
thivien_Phạm-Nhữ-Dực_Dư-nhiếp-Tân-An-quận-giáo-chu-tam-duyệt-tuế-thuỷ-tập-thảo-đường-tài-tất-công-nhi-ngộ-binh-tiển-cảm_raw.html,空餘題詠詩篇在,Chinese
thivien_Phạm-Nhữ-Dực_Dư-nhiếp-Tân-An-quận-giáo-chu-tam-duyệt-tuế-thuỷ-tập-thảo-đường-tài-tất-công-nhi-ngộ-binh-tiển-cảm_raw.html,感舊令人賦子虛,Chinese
thivien_Phạm-Quý-Thích_Thư-hoài_raw.html,故國山何已大殊,Chinese
thivien_Phạm-Quý-Thích_Thư-hoài_raw.html,故園松菊半荒蕪,Chinese
thivien_Phạm-Quý-Thích_Thư-hoài_raw.html,茫茫天地還逋客,Chinese
thivien_Phạm-Quý-Thích_Thư-hoài_raw.html,擾擾風塵自腐儒,Chinese
thivien_Phạm-Quý-Thích_Thư-hoài_raw.html,病骨平分秋嶺瘦,Chinese
thivien_Phạm-Quý-Thích_Thư-hoài_raw.html,臣心仍伴月輪孤,Chinese
thivien_Phạm-Quý-Thích_Thư-hoài_raw.html,有人勸我杯中趣,Chinese
thivien_Phạm-Quý-Thích_Thư-hoài_raw.html,為問三閭肯醉無,Chinese
thivien_Phạm-Sư-Mạnh_Đăng-Thiên-Kỳ-sơn-lưu-đề-kỳ-1_raw.html,東潮多有好江山,Chinese
thivien_Phạm-Sư-Mạnh_Đăng-Thiên-Kỳ-sơn-lưu-đề-kỳ-1_raw.html,苦戀明時敢乞閒,Chinese
thivien_Phạm-Sư-Mạnh_Đăng-Thiên-Kỳ-sơn-lưu-đề-kỳ-1_raw.html,綠暗鶴田今再到,Chinese
thivien_Phạm-Sư-Mạnh_Đăng-Thiên-Kỳ-sơn-lưu-đề-kỳ-1_raw.html,雲深龍御杳難攀,Chinese
thivien_Phạm-Sư-Mạnh_Đăng-Thiên-Kỳ-sơn-lưu-đề-kỳ-1_raw.html,風軒水檻蒼苔古,Chinese
thivien_Phạm-Sư-Mạnh_Đăng-Thiên-Kỳ-sơn-lưu-đề-kỳ-1_raw.html,竹徑華蹊錦石班,Chinese
thivien_Phạm-Sư-Mạnh_Đăng-Thiên-Kỳ-sơn-lưu-đề-kỳ-1_raw.html,曾是先皇遊賞地,Chinese
thivien_Phạm-Sư-Mạnh_Đăng-Thiên-Kỳ-sơn-lưu-đề-kỳ-1_raw.html,春來愁思最相關,Chinese
thivien_Phạm-Thận-Duật_Cung-hoạ-ngự-chế-nguyên-vận-Vịnh-bồn-trung-tiểu-mai-kỳ-2_raw.html,瓊姿移向玉階旁,Chinese
thivien_Phạm-Thận-Duật_Cung-hoạ-ngự-chế-nguyên-vận-Vịnh-bồn-trung-tiểu-mai-kỳ-2_raw.html,洗盡塵心抱暗香,Chinese
thivien_Phạm-Thận-Duật_Cung-hoạ-ngự-chế-nguyên-vận-Vịnh-bồn-trung-tiểu-mai-kỳ-2_raw.html,定信春來先結子,Chinese
thivien_Phạm-Thận-Duật_Cung-hoạ-ngự-chế-nguyên-vận-Vịnh-bồn-trung-tiểu-mai-kỳ-2_raw.html,品高宮柳御溝楊,Chinese
thivien_Phạm-Thận-Duật_Cung-hoạ-ngự-chế-nguyên-vận-Vịnh-bồn-trung-tiểu-mai-kỳ-3_raw.html,羅浮何事苦相尋,Chinese
thivien_Phạm-Thận-Duật_Cung-hoạ-ngự-chế-nguyên-vận-Vịnh-bồn-trung-tiểu-mai-kỳ-3_raw.html,剩有僊姿伴我吟,Chinese
thivien_Phạm-Thận-Duật_Cung-hoạ-ngự-chế-nguyên-vận-Vịnh-bồn-trung-tiểu-mai-kỳ-3_raw.html,質小容癯清自貴,Chinese
thivien_Phạm-Thận-Duật_Cung-hoạ-ngự-chế-nguyên-vận-Vịnh-bồn-trung-tiểu-mai-kỳ-3_raw.html,冰心定是一生心,Chinese
thivien_Phạm-Tông-Mại_Nhàn-cư-đề-thuỷ-mặc-trướng-tử-tiểu-cảnh_raw.html,紅樹一溪流水,Chinese
thivien_Phạm-Tông-Mại_Nhàn-cư-đề-thuỷ-mặc-trướng-tử-tiểu-cảnh_raw.html,青山千里斜陽,Chinese
thivien_Phạm-Tông-Mại_Nhàn-cư-đề-thuỷ-mặc-trướng-tử-tiểu-cảnh_raw.html,欲喚扁舟歸去,Chinese
thivien_Phạm-Tông-Mại_Nhàn-cư-đề-thuỷ-mặc-trướng-tử-tiểu-cảnh_raw.html,此生未卜行藏,Chinese
thivien_Phạm-Tông-Mại_Phỏng-tăng_raw.html,罷脫塵中簿牒忙,Chinese
thivien_Phạm-Tông-Mại_Phỏng-tăng_raw.html,暫攜僚吏訪僧房,Chinese
thivien_Phạm-Tông-Mại_Phỏng-tăng_raw.html,碧溪雪凈茶甌爽,Chinese
thivien_Phạm-Tông-Mại_Phỏng-tăng_raw.html,紅樹風多竹院涼,Chinese
thivien_Phạm-Tông-Mại_Phỏng-tăng_raw.html,徐步要窮終日興,Chinese
thivien_Phạm-Tông-Mại_Phỏng-tăng_raw.html,清談為解十年狂,Chinese
thivien_Phạm-Tông-Mại_Phỏng-tăng_raw.html,詩禪勘破聊歸去,Chinese
thivien_Phạm-Tông-Mại_Phỏng-tăng_raw.html,一路蒲花荻葉芳,Chinese
thivien_Phạm-Tông-Ngộ_Yết-Vạn-Tải-từ-đường_raw.html,重門不掩雞聲午,Chinese
thivien_Phạm-Tông-Ngộ_Yết-Vạn-Tải-từ-đường_raw.html,落花滿地紅無主,Chinese
thivien_Phạm-Tông-Ngộ_Yết-Vạn-Tải-từ-đường_raw.html,荒涼故里木千章,Chinese
thivien_Phạm-Tông-Ngộ_Yết-Vạn-Tải-từ-đường_raw.html,寂寞空山煙一縷,Chinese
thivien_Phạm-Tông-Ngộ_Yết-Vạn-Tải-từ-đường_raw.html,浮雲富貴事已非,Chinese
thivien_Phạm-Tông-Ngộ_Yết-Vạn-Tải-từ-đường_raw.html,汗竹功名終不朽,Chinese
thivien_Phạm-Tông-Ngộ_Yết-Vạn-Tải-từ-đường_raw.html,客來感舊不勝情,Chinese
thivien_Phạm-Tông-Ngộ_Yết-Vạn-Tải-từ-đường_raw.html,謁罷叢祠淚如雨,Chinese
thivien_Phạm-Đình-Hổ_Ký-Nguyễn-Thạch-Hiên_raw.html,未前戌後四年餘,Chinese
thivien_Phạm-Đình-Hổ_Ký-Nguyễn-Thạch-Hiên_raw.html,世誼交情得地疏,Chinese
thivien_Phạm-Đình-Hổ_Ký-Nguyễn-Thạch-Hiên_raw.html,樂土喜君居有竹,Chinese
thivien_Phạm-Đình-Hổ_Ký-Nguyễn-Thạch-Hiên_raw.html,他鄉笑我食無魚,Chinese
thivien_Phạm-Đình-Hổ_Ký-Nguyễn-Thạch-Hiên_raw.html,繁華事属三春夢,Chinese
thivien_Phạm-Đình-Hổ_Ký-Nguyễn-Thạch-Hiên_raw.html,雲樹情隨一紙書,Chinese
thivien_Phạm-Đình-Hổ_Ký-Nguyễn-Thạch-Hiên_raw.html,憑語天涯求志者,Chinese
thivien_Phạm-Đình-Hổ_Ký-Nguyễn-Thạch-Hiên_raw.html,可能閒訪浣花居,Chinese
thivien_Phạm-Đình-Hổ_Quy-cố-viên-hương_raw.html,斷梗飄逢歲兩周,Chinese
thivien_Phạm-Đình-Hổ_Quy-cố-viên-hương_raw.html,衰瓢重作故鄉遊,Chinese
thivien_Phạm-Đình-Hổ_Quy-cố-viên-hương_raw.html,叢荊修竹相高下,Chinese
thivien_Phạm-Đình-Hổ_Quy-cố-viên-hương_raw.html,幽草荒丘半有無,Chinese
thivien_Phạm-Đình-Hổ_Quy-cố-viên-hương_raw.html,征鶩影和朝靄色,Chinese
thivien_Phạm-Đình-Hổ_Quy-cố-viên-hương_raw.html,孤蟬清入夕陽秋,Chinese
thivien_Phạm-Đình-Hổ_Quy-cố-viên-hương_raw.html,憑欄回想當年事,Chinese
thivien_Phạm-Đình-Hổ_Quy-cố-viên-hương_raw.html,擬向滄滄問故吾,Chinese
thivien_Phạm-Đình-Hổ_Túc-Hạ-Bì_raw.html,歲入小春霜氣緊,Chinese
thivien_Phạm-Đình-Hổ_Túc-Hạ-Bì_raw.html,寒氈消素獨沉吟,Chinese
thivien_Phạm-Đình-Hổ_Túc-Hạ-Bì_raw.html,五年又作下郫客,Chinese
thivien_Phạm-Đình-Hổ_Túc-Hạ-Bì_raw.html,萬里誰知遊子心,Chinese
thivien_Phạm-Đình-Hổ_Túc-Hạ-Bì_raw.html,地接故鄉空有夢,Chinese
thivien_Phạm-Đình-Hổ_Túc-Hạ-Bì_raw.html,風吹旅橐更無金,Chinese
thivien_Phạm-Đình-Hổ_Túc-Hạ-Bì_raw.html,淒涼一枕眠還起,Chinese
thivien_Phạm-Đình-Hổ_Túc-Hạ-Bì_raw.html,剪得寒燈夜已深,Chinese
thivien_Thái-Thuận_Bồn-Man-đạo-trung-chinh-tây-thời-hành_raw.html,路過千山昂復低,Chinese
thivien_Thái-Thuận_Bồn-Man-đạo-trung-chinh-tây-thời-hành_raw.html,絕聞吠犬與鳴雞,Chinese
thivien_Thái-Thuận_Bồn-Man-đạo-trung-chinh-tây-thời-hành_raw.html,青青獨有松岩樹,Chinese
thivien_Thái-Thuận_Bồn-Man-đạo-trung-chinh-tây-thời-hành_raw.html,到處秋聲落鼓鼙,Chinese
thivien_Thái-Thuận_Chí-Linh-đông-nhật_raw.html,殘日梅花客裡通,Chinese
thivien_Thái-Thuận_Chí-Linh-đông-nhật_raw.html,樽前淡酒興爭濃,Chinese
thivien_Thái-Thuận_Chí-Linh-đông-nhật_raw.html,江山到處無霜雪,Chinese
thivien_Thái-Thuận_Chí-Linh-đông-nhật_raw.html,群木陰陰亦似松,Chinese
thivien_Thái-Thuận_Lão-Nhạn-mộ-cảnh_raw.html,南海潮生江水流,Chinese
thivien_Thái-Thuận_Lão-Nhạn-mộ-cảnh_raw.html,梅花遙送笛聲秋,Chinese
thivien_Thái-Thuận_Lão-Nhạn-mộ-cảnh_raw.html,落霞孤鷺吟邊酒,Chinese
thivien_Thái-Thuận_Lão-Nhạn-mộ-cảnh_raw.html,碧水青山客裏舟,Chinese
thivien_Thái-Thuận_Lão-Nhạn-mộ-cảnh_raw.html,拋舍離聲雲渡鴈,Chinese
thivien_Thái-Thuận_Lão-Nhạn-mộ-cảnh_raw.html,瀍溪暝色樹歸鷗,Chinese
thivien_Thái-Thuận_Lão-Nhạn-mộ-cảnh_raw.html,腰錢謾有揚州憶,Chinese
thivien_Thái-Thuận_Lão-Nhạn-mộ-cảnh_raw.html,未必揚州勝此州,Chinese
thivien_Thái-Thuận_Thanh-Hoa-thành-thu-tịch_raw.html,一曲欄杆夜五更,Chinese
thivien_Thái-Thuận_Thanh-Hoa-thành-thu-tịch_raw.html,銀河坐見鵲橋橫,Chinese
thivien_Thái-Thuận_Thanh-Hoa-thành-thu-tịch_raw.html,江山萬里同明月,Chinese
thivien_Thái-Thuận_Thanh-Hoa-thành-thu-tịch_raw.html,秋在人間砧杵聲,Chinese
thivien_Thái-Thuận_Thần-Phù-ngộ-vũ_raw.html,大風忽起雨冥冥,Chinese
thivien_Thái-Thuận_Thần-Phù-ngộ-vũ_raw.html,灓沃船頭似建瓴,Chinese
thivien_Thái-Thuận_Thần-Phù-ngộ-vũ_raw.html,雲霧過江昏草木,Chinese
thivien_Thái-Thuận_Thần-Phù-ngộ-vũ_raw.html,波濤翻海鼓雷霆,Chinese
thivien_Thái-Thuận_Thần-Phù-ngộ-vũ_raw.html,農夫卻笠倚山館,Chinese
thivien_Thái-Thuận_Thần-Phù-ngộ-vũ_raw.html,行客維舟上野亭,Chinese
thivien_Thái-Thuận_Thần-Phù-ngộ-vũ_raw.html,何啻洞庭三五月,Chinese
thivien_Thái-Thuận_Thần-Phù-ngộ-vũ_raw.html,魚龍吹浪水雲腥,Chinese
thivien_Thái-Thuận_Tảo-khởi_raw.html,三千客夢曲肱餘,Chinese
thivien_Thái-Thuận_Tảo-khởi_raw.html,一辨清香數卷書,Chinese
thivien_Thái-Thuận_Tảo-khởi_raw.html,院宇蛩聲霜落後,Chinese
thivien_Thái-Thuận_Tảo-khởi_raw.html,池塘梅影月斜初,Chinese
thivien_Thái-Thuận_Tảo-khởi_raw.html,燈前賓主留殘夜,Chinese
thivien_Thái-Thuận_Tảo-khởi_raw.html,分外功名付太虛,Chinese
thivien_Thái-Thuận_Tảo-khởi_raw.html,村北村南雞喔喔,Chinese
thivien_Thái-Thuận_Tảo-khởi_raw.html,仰瞻星斗整朝裾,Chinese
thivien_Thái-Thuận_Tử-quy-chi-thượng-nguyệt-tam-canh_raw.html,碧天如水夜漫漫,Chinese
thivien_Thái-Thuận_Tử-quy-chi-thượng-nguyệt-tam-canh_raw.html,杜宇聲中月色瀾,Chinese
thivien_Thái-Thuận_Tử-quy-chi-thượng-nguyệt-tam-canh_raw.html,燈暗幾家人正寂,Chinese
thivien_Thái-Thuận_Tử-quy-chi-thượng-nguyệt-tam-canh_raw.html,酒醒孤館客初寒,Chinese
thivien_Thái-Thuận_Tử-quy-chi-thượng-nguyệt-tam-canh_raw.html,關河往事傷心易,Chinese
thivien_Thái-Thuận_Tử-quy-chi-thượng-nguyệt-tam-canh_raw.html,故國多情入夢難,Chinese
thivien_Thái-Thuận_Tử-quy-chi-thượng-nguyệt-tam-canh_raw.html,此外若非歌舞席,Chinese
thivien_Thái-Thuận_Tử-quy-chi-thượng-nguyệt-tam-canh_raw.html,阿誰倚得玉欄杆,Chinese
thivien_Thái-Thuận_Xuân-hiểu_raw.html,忽聞何處鳥,Chinese
thivien_Thái-Thuận_Xuân-hiểu_raw.html,客枕夢回新,Chinese
thivien_Thái-Thuận_Xuân-hiểu_raw.html,窗外雲如幕,Chinese
thivien_Thái-Thuận_Xuân-hiểu_raw.html,空中雨似塵,Chinese
thivien_Thái-Thuận_Xuân-hiểu_raw.html,花容猶隱露,Chinese
thivien_Thái-Thuận_Xuân-hiểu_raw.html,草色欲圍人,Chinese
thivien_Thái-Thuận_Xuân-hiểu_raw.html,遊子吟風月,Chinese
thivien_Thái-Thuận_Xuân-hiểu_raw.html,誰能報得春,Chinese
thivien_Thân-Nhân-Trung_Phụng-hoạ-ngự-chế-Tư-gia-tướng-sĩ-thi_raw.html,公義私情鮮得俱,Chinese
thivien_Thân-Nhân-Trung_Phụng-hoạ-ngự-chế-Tư-gia-tướng-sĩ-thi_raw.html,可憐愁影鏡中孤,Chinese
thivien_Thân-Nhân-Trung_Phụng-hoạ-ngự-chế-Tư-gia-tướng-sĩ-thi_raw.html,誰知壯志馳驅日,Chinese
thivien_Thân-Nhân-Trung_Phụng-hoạ-ngự-chế-Tư-gia-tướng-sĩ-thi_raw.html,翻作柔腸契闊秋,Chinese
thivien_Thân-Nhân-Trung_Phụng-hoạ-ngự-chế-Tư-gia-tướng-sĩ-thi_raw.html,蝶夢三庚隨處有,Chinese
thivien_Thân-Nhân-Trung_Phụng-hoạ-ngự-chế-Tư-gia-tướng-sĩ-thi_raw.html,雁書一字到家無,Chinese
thivien_Thân-Nhân-Trung_Phụng-hoạ-ngự-chế-Tư-gia-tướng-sĩ-thi_raw.html,離鶯別鶴休賡曲,Chinese
thivien_Thân-Nhân-Trung_Phụng-hoạ-ngự-chế-Tư-gia-tướng-sĩ-thi_raw.html,自古男兒志九州,Chinese
thivien_Trình-Thuấn-Du_Hạ-tiệp_raw.html,苦被狂蠻賊我民,Chinese
thivien_Trình-Thuấn-Du_Hạ-tiệp_raw.html,九重軫慮急西巡,Chinese
thivien_Trình-Thuấn-Du_Hạ-tiệp_raw.html,咆哮奮勇貔貅士,Chinese
thivien_Trình-Thuấn-Du_Hạ-tiệp_raw.html,贔屭橫行鐵象群,Chinese
thivien_Trình-Thuấn-Du_Hạ-tiệp_raw.html,昨夜慮山驚失股,Chinese
thivien_Trình-Thuấn-Du_Hạ-tiệp_raw.html,今朝牢國嘆亡脣,Chinese
thivien_Trình-Thuấn-Du_Hạ-tiệp_raw.html,止戈盛事今欣睹,Chinese
thivien_Trình-Thuấn-Du_Hạ-tiệp_raw.html,下國謳歌沐聖恩,Chinese
thivien_Trương-Công-Giai_Xuân_raw.html,蒔書漸放祿由生,Chinese
thivien_Trương-Công-Giai_Xuân_raw.html,鸞鳳和親郁義情,Chinese
thivien_Trương-Công-Giai_Xuân_raw.html,智水仁山多福壽,Chinese
thivien_Trương-Công-Giai_Xuân_raw.html,人康物盛倍繁榮,Chinese
thivien_Trương-Công-Giai_Xuân_raw.html,有真有善文常美,Chinese
thivien_Trương-Công-Giai_Xuân_raw.html,知彼知己事必成,Chinese
thivien_Trương-Công-Giai_Xuân_raw.html,愛鼎茶山邊底水,Chinese
thivien_Trương-Công-Giai_Xuân_raw.html,故鄉天健萬春青,Chinese
thivien_Trần-Anh-Tông_Tống-Độ-Tông_raw.html,邊風瑟瑟逼人寒,Chinese
thivien_Trần-Anh-Tông_Tống-Độ-Tông_raw.html,正是東風盡醉間,Chinese
thivien_Trần-Anh-Tông_Tống-Độ-Tông_raw.html,一日權歸師相手,Chinese
thivien_Trần-Anh-Tông_Tống-Độ-Tông_raw.html,太平天子十年閒,Chinese
thivien_Trần-Anh-Tông_Tứ-hữu-gián-nghị-đại-phu-Trần-Thì-Kiến-hốt-minh_raw.html,泰山貞高,Chinese
thivien_Trần-Anh-Tông_Tứ-hữu-gián-nghị-đại-phu-Trần-Thì-Kiến-hốt-minh_raw.html,象笏貞列,Chinese
thivien_Trần-Anh-Tông_Tứ-hữu-gián-nghị-đại-phu-Trần-Thì-Kiến-hốt-minh_raw.html,靈廌進角,Chinese
thivien_Trần-Anh-Tông_Tứ-hữu-gián-nghị-đại-phu-Trần-Thì-Kiến-hốt-minh_raw.html,為笏難折,Chinese
thivien_Trần-Bích-San_Bệnh-thuật_raw.html,寒風如剪雨如絲,Chinese
thivien_Trần-Bích-San_Bệnh-thuật_raw.html,病骨蹉跎半欲癡,Chinese
thivien_Trần-Bích-San_Bệnh-thuật_raw.html,虛室但教扃小戶,Chinese
thivien_Trần-Bích-San_Bệnh-thuật_raw.html,片帆何日掛天涯,Chinese
thivien_Trần-Bích-San_Bệnh-thuật_raw.html,故知湖海皆吾事,Chinese
thivien_Trần-Bích-San_Bệnh-thuật_raw.html,豈向閨房學女兒,Chinese
thivien_Trần-Bích-San_Bệnh-thuật_raw.html,雪裡羅浮春已到,Chinese
thivien_Trần-Bích-San_Bệnh-thuật_raw.html,瞿梅數點放疏枝,Chinese
thivien_Trần-Bích-San_Dạ-toạ-hữu-hoài_raw.html,怪厎江山未許還,Chinese
thivien_Trần-Bích-San_Dạ-toạ-hữu-hoài_raw.html,瓜洲不遠又闍槃,Chinese
thivien_Trần-Bích-San_Dạ-toạ-hữu-hoài_raw.html,渭江今日高堂夢,Chinese
thivien_Trần-Bích-San_Dạ-toạ-hữu-hoài_raw.html,先到虯山賴水間,Chinese
thivien_Trần-Bích-San_Hải-đào_raw.html,黃堂秋夜夕,Chinese
thivien_Trần-Bích-San_Hải-đào_raw.html,臥聽海濤鳴,Chinese
thivien_Trần-Bích-San_Hải-đào_raw.html,鬼國猶爲硬,Chinese
thivien_Trần-Bích-San_Hải-đào_raw.html,波心自不平,Chinese
thivien_Trần-Bích-San_Nha-thoái_raw.html,公堂衙退後,Chinese
thivien_Trần-Bích-San_Nha-thoái_raw.html,相識有黃花,Chinese
thivien_Trần-Bích-San_Nha-thoái_raw.html,唘笈來詩聖,Chinese
thivien_Trần-Bích-San_Nha-thoái_raw.html,烹茶走睡魔,Chinese
thivien_Trần-Bích-San_Nha-thoái_raw.html,夫人常作客,Chinese
thivien_Trần-Bích-San_Nha-thoái_raw.html,稚子不思家,Chinese
thivien_Trần-Bích-San_Nha-thoái_raw.html,何處歸飛鳥,Chinese
thivien_Trần-Bích-San_Nha-thoái_raw.html,青山白日斜,Chinese
thivien_Trần-Bích-San_Tạp-thi-kỳ-4_raw.html,吾弟已有婦,Chinese
thivien_Trần-Bích-San_Tạp-thi-kỳ-4_raw.html,吾妹已有夫,Chinese
thivien_Trần-Bích-San_Tạp-thi-kỳ-4_raw.html,夙昔兄及弟,Chinese
thivien_Trần-Bích-San_Tạp-thi-kỳ-4_raw.html,安知天一隅,Chinese
thivien_Trần-Bích-San_Tạp-thi-kỳ-4_raw.html,仰觀衡陽鴈,Chinese
thivien_Trần-Bích-San_Tạp-thi-kỳ-4_raw.html,風雲相匹儔,Chinese
thivien_Trần-Bích-San_Tạp-thi-kỳ-4_raw.html,府觀濠梁魚,Chinese
thivien_Trần-Bích-San_Tạp-thi-kỳ-4_raw.html,煙水群怡愉,Chinese
thivien_Trần-Minh-Tông_Giới-am-ngâm_raw.html,休休外覓苦施功,Chinese
thivien_Trần-Minh-Tông_Giới-am-ngâm_raw.html,拂拂鼻孔古今同,Chinese
thivien_Trần-Minh-Tông_Giới-am-ngâm_raw.html,芥庵畢竟無奇物,Chinese
thivien_Trần-Minh-Tông_Giới-am-ngâm_raw.html,只麼眉橫鼻直翁,Chinese
thivien_Trần-Minh-Tông_Vãn-Quán-Viên-Huệ-Nhẫn-quốc-sư_raw.html,夕陽樹下暫維舟,Chinese
thivien_Trần-Minh-Tông_Vãn-Quán-Viên-Huệ-Nhẫn-quốc-sư_raw.html,歷歷江山記舊遊,Chinese
thivien_Trần-Minh-Tông_Vãn-Quán-Viên-Huệ-Nhẫn-quốc-sư_raw.html,攜履西歸何處問,Chinese
thivien_Trần-Minh-Tông_Vãn-Quán-Viên-Huệ-Nhẫn-quốc-sư_raw.html,大龍港口水空流,Chinese
thivien_Trần-Nguyên-Đán_Canh-thí-cục-chư-sinh-xướng-thù-giai-vận_raw.html,漢唐二宋又元明,Chinese
thivien_Trần-Nguyên-Đán_Canh-thí-cục-chư-sinh-xướng-thù-giai-vận_raw.html,例設詞科選俊英,Chinese
thivien_Trần-Nguyên-Đán_Canh-thí-cục-chư-sinh-xướng-thù-giai-vận_raw.html,何似聖朝求實學,Chinese
thivien_Trần-Nguyên-Đán_Canh-thí-cục-chư-sinh-xướng-thù-giai-vận_raw.html,當知萬世絕譏評,Chinese
thivien_Trần-Nguyên-Đán_Canh-thí-cục-chư-sinh-xướng-thù-giai-vận_raw.html,殿深乙夜觀書罷,Chinese
thivien_Trần-Nguyên-Đán_Canh-thí-cục-chư-sinh-xướng-thù-giai-vận_raw.html,月滿秋風宿雨晴,Chinese
thivien_Trần-Nguyên-Đán_Canh-thí-cục-chư-sinh-xướng-thù-giai-vận_raw.html,一炷御香通帝闕,Chinese
thivien_Trần-Nguyên-Đán_Canh-thí-cục-chư-sinh-xướng-thù-giai-vận_raw.html,願聞忠孝狀元名,Chinese
thivien_Trần-Nguyên-Đán_Dụng-Đỗ-Tồn-Trai-vận-trình-thí-viện-chư-công_raw.html,回祿號風旋馬廳,Chinese
thivien_Trần-Nguyên-Đán_Dụng-Đỗ-Tồn-Trai-vận-trình-thí-viện-chư-công_raw.html,松庭菊圃絕芳馨,Chinese
thivien_Trần-Nguyên-Đán_Dụng-Đỗ-Tồn-Trai-vận-trình-thí-viện-chư-công_raw.html,自憐蠹簡成灰燼,Chinese
thivien_Trần-Nguyên-Đán_Dụng-Đỗ-Tồn-Trai-vận-trình-thí-viện-chư-công_raw.html,不耐秋圍入鎖扃,Chinese
thivien_Trần-Nguyên-Đán_Dụng-Đỗ-Tồn-Trai-vận-trình-thí-viện-chư-công_raw.html,剩喜英才歸藻鑑,Chinese
thivien_Trần-Nguyên-Đán_Dụng-Đỗ-Tồn-Trai-vận-trình-thí-viện-chư-công_raw.html,行看黃榜出朝庭,Chinese
thivien_Trần-Nguyên-Đán_Dụng-Đỗ-Tồn-Trai-vận-trình-thí-viện-chư-công_raw.html,寧將紅沫垂千古,Chinese
thivien_Trần-Nguyên-Đán_Dụng-Đỗ-Tồn-Trai-vận-trình-thí-viện-chư-công_raw.html,懶笑當年謝柳青,Chinese
thivien_Trần-Nguyên-Đán_Thu-nhật_raw.html,臨流茅舍板扉扃,Chinese
thivien_Trần-Nguyên-Đán_Thu-nhật_raw.html,小圃秋深興轉清,Chinese
thivien_Trần-Nguyên-Đán_Thu-nhật_raw.html,梅早菊芳賢子弟,Chinese
thivien_Trần-Nguyên-Đán_Thu-nhật_raw.html,松蒼竹瘦老公鄉,Chinese
thivien_Trần-Nguyên-Đán_Thu-nhật_raw.html,樹喧風怒心難動,Chinese
thivien_Trần-Nguyên-Đán_Thu-nhật_raw.html,雲盡天高眼自明,Chinese
thivien_Trần-Nguyên-Đán_Thu-nhật_raw.html,西望煙花非昔日,Chinese
thivien_Trần-Nguyên-Đán_Thu-nhật_raw.html,蒪鱸思遠不禁情,Chinese
thivien_Trần-Ngọc-Dư_Khuyến-nhĩ-tòng-tư_raw.html,自誇富貴倚權衡,Chinese
thivien_Trần-Ngọc-Dư_Khuyến-nhĩ-tòng-tư_raw.html,驕傲之瘋甚可輕,Chinese
thivien_Trần-Ngọc-Dư_Khuyến-nhĩ-tòng-tư_raw.html,勸爾從茲宜改過,Chinese
thivien_Trần-Ngọc-Dư_Khuyến-nhĩ-tòng-tư_raw.html,無為人世所批評,Chinese
thivien_Trần-Ngọc-Dư_Lữ-dạ_raw.html,報國丹心夢未成,Chinese
thivien_Trần-Ngọc-Dư_Lữ-dạ_raw.html,獨於旅館對深更,Chinese
thivien_Trần-Ngọc-Dư_Lữ-dạ_raw.html,消愁孤酌三杯酒,Chinese
thivien_Trần-Ngọc-Dư_Lữ-dạ_raw.html,抱恨難明一片情,Chinese
thivien_Trần-Ngọc-Dư_Lữ-dạ_raw.html,神劍揮來驅黠賊,Chinese
thivien_Trần-Ngọc-Dư_Lữ-dạ_raw.html,大風吹到散雲苹,Chinese
thivien_Trần-Ngọc-Dư_Lữ-dạ_raw.html,洪圖何日能恢復,Chinese
thivien_Trần-Ngọc-Dư_Lữ-dạ_raw.html,孤矢初心慰我生,Chinese
thivien_Trần-Nhân-Tông_Thiên-Trường-vãn-vọng_raw.html,村後村前淡似煙,Chinese
thivien_Trần-Nhân-Tông_Thiên-Trường-vãn-vọng_raw.html,半無半有夕陽邊,Chinese
thivien_Trần-Nhân-Tông_Thiên-Trường-vãn-vọng_raw.html,牧童笛裡歸牛盡,Chinese
thivien_Trần-Nhân-Tông_Thiên-Trường-vãn-vọng_raw.html,白鷺雙雙飛下田,Chinese
thivien_Trần-Quang-Khải_Đề-dã-thự_raw.html,野墅初開景物新,Chinese
thivien_Trần-Quang-Khải_Đề-dã-thự_raw.html,芬菲桃李四時春,Chinese
thivien_Trần-Quang-Khải_Đề-dã-thự_raw.html,一聲牛笛青樓月,Chinese
thivien_Trần-Quang-Khải_Đề-dã-thự_raw.html,幾片農蓑碧隴雲,Chinese
thivien_Trần-Quang-Khải_Đề-dã-thự_raw.html,路挽羊腸通紫陌,Chinese
thivien_Trần-Quang-Khải_Đề-dã-thự_raw.html,溪分燕尾斷紅塵,Chinese
thivien_Trần-Quang-Khải_Đề-dã-thự_raw.html,鬼神暗地偷相語,Chinese
thivien_Trần-Quang-Khải_Đề-dã-thự_raw.html,一段風光可隱君,Chinese
thivien_Trần-Đình-Thâm_Vãn-Vương-thiếu-bảo-Nhữ-Chu_raw.html,三孤位重德彌彰,Chinese
thivien_Trần-Đình-Thâm_Vãn-Vương-thiếu-bảo-Nhữ-Chu_raw.html,天下留公在廟堂,Chinese
thivien_Trần-Đình-Thâm_Vãn-Vương-thiếu-bảo-Nhữ-Chu_raw.html,豈止賢勞扶聖主,Chinese
thivien_Trần-Đình-Thâm_Vãn-Vương-thiếu-bảo-Nhữ-Chu_raw.html,曾將忠藎事先皇,Chinese
thivien_Trần-Đình-Thâm_Vãn-Vương-thiếu-bảo-Nhữ-Chu_raw.html,域山江闊惟寒月,Chinese
thivien_Trần-Đình-Thâm_Vãn-Vương-thiếu-bảo-Nhữ-Chu_raw.html,芹洞雲深只夕陽,Chinese
thivien_Trần-Đình-Thâm_Vãn-Vương-thiếu-bảo-Nhữ-Chu_raw.html,悵望不勝情緒切,Chinese
thivien_Trần-Đình-Thâm_Vãn-Vương-thiếu-bảo-Nhữ-Chu_raw.html,東風灑淚寫哀章,Chinese
thivien_Trần-Đình-Tân_Bộ-vận-Phan-mậu-tài-Hạ-vũ-tư-hương-hoạ-chi_raw.html,書齋無事獨盤桓,Chinese
thivien_Trần-Đình-Tân_Bộ-vận-Phan-mậu-tài-Hạ-vũ-tư-hương-hoạ-chi_raw.html,密雨催人思故鄉,Chinese
thivien_Trần-Đình-Tân_Bộ-vận-Phan-mậu-tài-Hạ-vũ-tư-hương-hoạ-chi_raw.html,嶺樹千重雲片片,Chinese
thivien_Trần-Đình-Tân_Bộ-vận-Phan-mậu-tài-Hạ-vũ-tư-hương-hoạ-chi_raw.html,家山萬里霧行行,Chinese
thivien_Trần-Đình-Tân_Bộ-vận-Phan-mậu-tài-Hạ-vũ-tư-hương-hoạ-chi_raw.html,天邊濕雁連聲叫,Chinese
thivien_Trần-Đình-Tân_Bộ-vận-Phan-mậu-tài-Hạ-vũ-tư-hương-hoạ-chi_raw.html,夜半寒蟬亂報忙,Chinese
thivien_Trần-Đình-Tân_Bộ-vận-Phan-mậu-tài-Hạ-vũ-tư-hương-hoạ-chi_raw.html,對景易撩人感景,Chinese
thivien_Trần-Đình-Tân_Bộ-vận-Phan-mậu-tài-Hạ-vũ-tư-hương-hoạ-chi_raw.html,客情愁獨臥沾床,Chinese
thivien_Trần-Đình-Tân_Hoạ-Phan-mậu-tài-thi_raw.html,甲乙花開卯榜同,Chinese
thivien_Trần-Đình-Tân_Hoạ-Phan-mậu-tài-thi_raw.html,北南離索信難通,Chinese
thivien_Trần-Đình-Tân_Hoạ-Phan-mậu-tài-thi_raw.html,鵬抟未遂凌雲志,Chinese
thivien_Trần-Đình-Tân_Hoạ-Phan-mậu-tài-thi_raw.html,豹隱能全自澤功,Chinese
thivien_Trần-Đình-Tân_Hoạ-Phan-mậu-tài-thi_raw.html,鬚髮莫嫌霜占白,Chinese
thivien_Trần-Đình-Tân_Hoạ-Phan-mậu-tài-thi_raw.html,江山共喜日昇紅,Chinese
thivien_Trần-Đình-Tân_Hoạ-Phan-mậu-tài-thi_raw.html,科中結友詩中遇,Chinese
thivien_Trần-Đình-Tân_Hoạ-Phan-mậu-tài-thi_raw.html,可惜偷年始得逢,Chinese
thivien_Trần-Đình-Tân_Hựu-thể_raw.html,百里春風政治家,Chinese
thivien_Trần-Đình-Tân_Hựu-thể_raw.html,春臺早已翕絃歌,Chinese
thivien_Trần-Đình-Tân_Hựu-thể_raw.html,心存寬厚留餘地,Chinese
thivien_Trần-Đình-Tân_Hựu-thể_raw.html,會見隆平帖巨波,Chinese
thivien_Trần-Đình-Tân_Hựu-thể_raw.html,福祿素徵隆盛久,Chinese
thivien_Trần-Đình-Tân_Hựu-thể_raw.html,勤良須信富榮多,Chinese
thivien_Trần-Đình-Tân_Hựu-thể_raw.html,即今雨露憑霑德,Chinese
thivien_Trần-Đình-Tân_Hựu-thể_raw.html,岐路行看鹿夾車,Chinese
thivien_Trần-Đình-Tân_Phụng-hoạ-Bùi-Hữu-Thứ-Du-Thuận-An-kỳ-2-Đại-tấn-thần-yêu-khách_raw.html,名汛風流幾夕陽,Chinese
thivien_Trần-Đình-Tân_Phụng-hoạ-Bùi-Hữu-Thứ-Du-Thuận-An-kỳ-2-Đại-tấn-thần-yêu-khách_raw.html,笑迎遊子惹豐光,Chinese
thivien_Trần-Đình-Tân_Phụng-hoạ-Bùi-Hữu-Thứ-Du-Thuận-An-kỳ-2-Đại-tấn-thần-yêu-khách_raw.html,怡情剩有江天闊,Chinese
thivien_Trần-Đình-Tân_Phụng-hoạ-Bùi-Hữu-Thứ-Du-Thuận-An-kỳ-2-Đại-tấn-thần-yêu-khách_raw.html,供興偏嫌土地荒,Chinese
thivien_Trần-Đình-Tân_Phụng-hoạ-Bùi-Hữu-Thứ-Du-Thuận-An-kỳ-2-Đại-tấn-thần-yêu-khách_raw.html,逭暑知非遊壁客,Chinese
thivien_Trần-Đình-Tân_Phụng-hoạ-Bùi-Hữu-Thứ-Du-Thuận-An-kỳ-2-Đại-tấn-thần-yêu-khách_raw.html,乘風差似浴沂狂,Chinese
thivien_Trần-Đình-Tân_Phụng-hoạ-Bùi-Hữu-Thứ-Du-Thuận-An-kỳ-2-Đại-tấn-thần-yêu-khách_raw.html,勝情勝具斯兼得,Chinese
thivien_Trần-Đình-Tân_Phụng-hoạ-Bùi-Hữu-Thứ-Du-Thuận-An-kỳ-2-Đại-tấn-thần-yêu-khách_raw.html,為問君應老是鄉,Chinese
thivien_Trần-Đình-Tân_Y-chỉ_raw.html,直欲蘇民瘼先定藥君臣,Chinese
thivien_Trần-Đình-Tân_Y-chỉ_raw.html,為醫等為相,Chinese
thivien_Trần-Đình-Tân_Y-chỉ_raw.html,活國又活人,Chinese
thivien_Trần-Đình-Tân_Y-chỉ_raw.html,籠多收參朮藥不論酸辛,Chinese
thivien_Trần-Đình-Tân_Y-chỉ_raw.html,洗滌清腸胃補養壯精神,Chinese
thivien_Trần-Đình-Tân_Y-chỉ_raw.html,上醫能醫國強盛日駢臻,Chinese
thivien_Trần-Đình-Tân_Y-chỉ_raw.html,民安而國泰共飲太平春,Chinese
thivien_Trần-Đình-Túc_Vịnh-Phú-Lộc-bát-cảnh-kỳ-6-Linh-Thái_raw.html,天南局量包涵大,Chinese
thivien_Trần-Đình-Túc_Vịnh-Phú-Lộc-bát-cảnh-kỳ-6-Linh-Thái_raw.html,人物江山總無外,Chinese
thivien_Trần-Đình-Túc_Vịnh-Phú-Lộc-bát-cảnh-kỳ-6-Linh-Thái_raw.html,胡乃靈蔡却朝洋,Chinese
thivien_Trần-Đình-Túc_Vịnh-Phú-Lộc-bát-cảnh-kỳ-6-Linh-Thái_raw.html,造没令人所不解,Chinese
thivien_Trần-Đình-Túc_Vịnh-Phú-Lộc-bát-cảnh-kỳ-6-Linh-Thái_raw.html,抑向滄溟愛水潮,Chinese
thivien_Trần-Đình-Túc_Vịnh-Phú-Lộc-bát-cảnh-kỳ-6-Linh-Thái_raw.html,抑厭平田出俗態,Chinese
thivien_Trần-Đình-Túc_Vịnh-Phú-Lộc-bát-cảnh-kỳ-6-Linh-Thái_raw.html,有灵旨憂此無情,Chinese
thivien_Trần-Đình-Túc_Vịnh-Phú-Lộc-bát-cảnh-kỳ-6-Linh-Thái_raw.html,南轉峯頭隨虎拜,Chinese
thivien_Trịnh-Hoài-Đức_Gia-Định-tam-thập-cảnh-Ngư-Tân-sơn-thị_raw.html,翠藹山屏障水鄉,Chinese
thivien_Trịnh-Hoài-Đức_Gia-Định-tam-thập-cảnh-Ngư-Tân-sơn-thị_raw.html,榕陰蔽芾市廛涼,Chinese
thivien_Trịnh-Hoài-Đức_Gia-Định-tam-thập-cảnh-Ngư-Tân-sơn-thị_raw.html,田禽獵獸充松肆,Chinese
thivien_Trịnh-Hoài-Đức_Gia-Định-tam-thập-cảnh-Ngư-Tân-sơn-thị_raw.html,篦蜆罾魚滿竹坊,Chinese
thivien_Trịnh-Hoài-Đức_Gia-Định-tam-thập-cảnh-Ngư-Tân-sơn-thị_raw.html,買酒樵歸酤店寂,Chinese
thivien_Trịnh-Hoài-Đức_Gia-Định-tam-thập-cảnh-Ngư-Tân-sơn-thị_raw.html,占年農返卜亭荒,Chinese
thivien_Trịnh-Hoài-Đức_Gia-Định-tam-thập-cảnh-Ngư-Tân-sơn-thị_raw.html,舟車幸免憂強盗,Chinese
thivien_Trịnh-Hoài-Đức_Gia-Định-tam-thập-cảnh-Ngư-Tân-sơn-thị_raw.html,林藪英雄任職方,Chinese
thivien_Tuệ-Trung-thượng-sĩ_Ngẫu-tác-II_raw.html,夢起還須仔細看,Chinese
thivien_Tuệ-Trung-thượng-sĩ_Ngẫu-tác-II_raw.html,投機觸目莫瞞肝,Chinese
thivien_Tuệ-Trung-thượng-sĩ_Ngẫu-tác-II_raw.html,縱饒五眼通明在,Chinese
thivien_Tuệ-Trung-thượng-sĩ_Ngẫu-tác-II_raw.html,未免呼鐘壅作看,Chinese
thivien_Tuệ-Trung-thượng-sĩ_Phật-tâm-ca_raw.html,醒醒著,Chinese
thivien_Tuệ-Trung-thượng-sĩ_Phật-tâm-ca_raw.html,著醒醒,Chinese
thivien_Tuệ-Trung-thượng-sĩ_Phật-tâm-ca_raw.html,四稜踏地勿欹傾,Chinese
thivien_Tuệ-Trung-thượng-sĩ_Phật-tâm-ca_raw.html,阿誰於此信得及,Chinese
thivien_Tuệ-Trung-thượng-sĩ_Phật-tâm-ca_raw.html,高步毗盧頂上行,Chinese
thivien_Tuệ-Trung-thượng-sĩ_Phật-tâm-ca_raw.html,喝,Chinese
thivien_Tuệ-Trung-thượng-sĩ_Thị-học_raw.html,學者紛紛不奈何,Chinese
thivien_Tuệ-Trung-thượng-sĩ_Thị-học_raw.html,徒將瓴甋苦相磨,Chinese
thivien_Tuệ-Trung-thượng-sĩ_Thị-học_raw.html,報君休倚他門戶,Chinese
thivien_Tuệ-Trung-thượng-sĩ_Thị-học_raw.html,一點春光處處花,Chinese
thivien_Tuệ-Trung-thượng-sĩ_Trì-giới-kiêm-nhẫn-nhục_raw.html,如人上樹時,Chinese
thivien_Tuệ-Trung-thượng-sĩ_Trì-giới-kiêm-nhẫn-nhục_raw.html,安中自求危,Chinese
thivien_Tuệ-Trung-thượng-sĩ_Trì-giới-kiêm-nhẫn-nhục_raw.html,如人不上樹,Chinese
thivien_Tuệ-Trung-thượng-sĩ_Trì-giới-kiêm-nhẫn-nhục_raw.html,風月何所為,Chinese
thivien_Tuệ-Trung-thượng-sĩ_Trừu-thần-ngâm_raw.html,設使聲前兮點頭,Chinese
thivien_Tuệ-Trung-thượng-sĩ_Trừu-thần-ngâm_raw.html,爭奈靴裏兮動趾,Chinese
thivien_Tuệ-Trung-thượng-sĩ_Trừu-thần-ngâm_raw.html,洪爐不鑄兮囊錐,Chinese
thivien_Tuệ-Trung-thượng-sĩ_Trừu-thần-ngâm_raw.html,猛虎不瞥兮肉饑,Chinese
thivien_Tuệ-Trung-thượng-sĩ_Trừu-thần-ngâm_raw.html,明珠豈礙兮風波,Chinese
thivien_Tuệ-Trung-thượng-sĩ_Trừu-thần-ngâm_raw.html,正色何妨兮紅紫,Chinese
thivien_Tùng-Thiện-Vương_Tự-quân-chi-xuất-hỹ_raw.html,自君之出矣,Chinese
thivien_Tùng-Thiện-Vương_Tự-quân-chi-xuất-hỹ_raw.html,日夜損容光,Chinese
thivien_Tùng-Thiện-Vương_Tự-quân-chi-xuất-hỹ_raw.html,思君若蛛網,Chinese
thivien_Tùng-Thiện-Vương_Tự-quân-chi-xuất-hỹ_raw.html,觸處便迴腸,Chinese
thivien_Viên-Chiếu-thiền-sư_Tâm-không_raw.html,身如墻壁已頹時,Chinese
thivien_Viên-Chiếu-thiền-sư_Tâm-không_raw.html,舉世匆匆孰不悲,Chinese
thivien_Viên-Chiếu-thiền-sư_Tâm-không_raw.html,若達心空無色相,Chinese
thivien_Viên-Chiếu-thiền-sư_Tâm-không_raw.html,色空隱現任推移,Chinese
thivien_Vũ-Hoàng-Chương_Khai-xuân-thạch-vấn_raw.html,祥雲滿坐月杯明,Chinese
thivien_Vũ-Hoàng-Chương_Khai-xuân-thạch-vấn_raw.html,嬉祝春開夜半瓊,Chinese
thivien_Vũ-Hoàng-Chương_Khai-xuân-thạch-vấn_raw.html,東柳西桃雙盡美,Chinese
thivien_Vũ-Hoàng-Chương_Khai-xuân-thạch-vấn_raw.html,秦桑燕草一河青,Chinese
thivien_Vũ-Hoàng-Chương_Khai-xuân-thạch-vấn_raw.html,儘教故國懷金粉,Chinese
thivien_Vũ-Hoàng-Chương_Khai-xuân-thạch-vấn_raw.html,自有狂言出石屏,Chinese
thivien_Vũ-Hoàng-Chương_Khai-xuân-thạch-vấn_raw.html,頹臥與沙場醉臥,Chinese
thivien_Vũ-Hoàng-Chương_Khai-xuân-thạch-vấn_raw.html,古來誰也占高名,Chinese
thivien_Vũ-Phạm-Hàm_Kỳ-1_raw.html,一官常懼處非才,Chinese
thivien_Vũ-Phạm-Hàm_Kỳ-1_raw.html,坐對寒松手自裁,Chinese
thivien_Vũ-Phạm-Hàm_Kỳ-1_raw.html,只見絲綸終日降,Chinese
thivien_Vũ-Phạm-Hàm_Kỳ-1_raw.html,不知冠蓋幾人迴,Chinese
thivien_Vũ-Phạm-Hàm_Kỳ-1_raw.html,行人自笑不歸去,Chinese
thivien_Vũ-Phạm-Hàm_Kỳ-1_raw.html,往事空成半醉來,Chinese
thivien_Vũ-Phạm-Hàm_Kỳ-1_raw.html,日暮鄉關何處是,Chinese
thivien_Vũ-Phạm-Hàm_Kỳ-1_raw.html,長亭一望一徘徊,Chinese
thivien_Vũ-Phạm-Hàm_Kỳ-26_raw.html,飛鳥空慚倦未還,Chinese
thivien_Vũ-Phạm-Hàm_Kỳ-26_raw.html,乾坤千里水雲間,Chinese
thivien_Vũ-Phạm-Hàm_Kỳ-26_raw.html,封題錦字凝新思,Chinese
thivien_Vũ-Phạm-Hàm_Kỳ-26_raw.html,擲下離觴指亂山,Chinese
thivien_Vũ-Phạm-Hàm_Kỳ-26_raw.html,舊里若為歸去好,Chinese
thivien_Vũ-Phạm-Hàm_Kỳ-26_raw.html,算來寧淂此身閑,Chinese
thivien_Vũ-Phạm-Hàm_Kỳ-26_raw.html,且安懷抱莫懤悵,Chinese
thivien_Vũ-Phạm-Hàm_Kỳ-26_raw.html,天上洪鑪帝鑄顏,Chinese
thivien_Vũ-Phạm-Hàm_Kỳ-8_raw.html,人去人來自不同,Chinese
thivien_Vũ-Phạm-Hàm_Kỳ-8_raw.html,六街塵起鼓鼕鼕,Chinese
thivien_Vũ-Phạm-Hàm_Kỳ-8_raw.html,榮枯盡寄浮雲外,Chinese
thivien_Vũ-Phạm-Hàm_Kỳ-8_raw.html,暑雨初晴皓月中,Chinese
thivien_Vũ-Phạm-Hàm_Kỳ-8_raw.html,岐路未關今日事,Chinese
thivien_Vũ-Phạm-Hàm_Kỳ-8_raw.html,旌旗猶鎮昔時宮,Chinese
thivien_Vũ-Phạm-Hàm_Kỳ-8_raw.html,春心莫共花爭發,Chinese
thivien_Vũ-Phạm-Hàm_Kỳ-8_raw.html,已許滄浪作釣翁,Chinese
thivien_Vũ-Quỳnh_Đề-Kim-Âu-sơn-Phong-Công-tự_raw.html,荒山日暮鎖閒雲,Chinese
thivien_Vũ-Quỳnh_Đề-Kim-Âu-sơn-Phong-Công-tự_raw.html,傑閣雕粱燕語春,Chinese
thivien_Vũ-Quỳnh_Đề-Kim-Âu-sơn-Phong-Công-tự_raw.html,多少尋芳煙寺客,Chinese
thivien_Vũ-Quỳnh_Đề-Kim-Âu-sơn-Phong-Công-tự_raw.html,只懷山水不懷人,Chinese
thivien_Đoàn-Huyên_Hạ-Phan-nghiệp-sư-thất-thập-thọ_raw.html,天留清福相文人,Chinese
thivien_Đoàn-Huyên_Hạ-Phan-nghiệp-sư-thất-thập-thọ_raw.html,歲八千秋始七旬,Chinese
thivien_Đoàn-Huyên_Hạ-Phan-nghiệp-sư-thất-thập-thọ_raw.html,桌爾貞松霜下傑,Chinese
thivien_Đoàn-Huyên_Hạ-Phan-nghiệp-sư-thất-thập-thọ_raw.html,依然翠草座中春,Chinese
thivien_Đoàn-Huyên_Hạ-Phan-nghiệp-sư-thất-thập-thọ_raw.html,霞杯樂看爲箕子,Chinese
thivien_Đoàn-Huyên_Hạ-Phan-nghiệp-sư-thất-thập-thọ_raw.html,雪鏡歡同舉案賓,Chinese
thivien_Đoàn-Huyên_Hạ-Phan-nghiệp-sư-thất-thập-thọ_raw.html,菊徑斑衣方學舞,Chinese
thivien_Đoàn-Huyên_Hạ-Phan-nghiệp-sư-thất-thập-thọ_raw.html,慶吾師并慶吾親,Chinese
thivien_Đoàn-Huyên_Khánh-Ninh-cung_raw.html,別館差峨禁禦西,Chinese
thivien_Đoàn-Huyên_Khánh-Ninh-cung_raw.html,參差宮殿與雲齊,Chinese
thivien_Đoàn-Huyên_Khánh-Ninh-cung_raw.html,石河兩面縈如帶,Chinese
thivien_Đoàn-Huyên_Khánh-Ninh-cung_raw.html,水榭三層疊似梯,Chinese
thivien_Đoàn-Huyên_Khánh-Ninh-cung_raw.html,風動檐頭鈐遠近,Chinese
thivien_Đoàn-Huyên_Khánh-Ninh-cung_raw.html,春來牆角樹高低,Chinese
thivien_Đoàn-Huyên_Khánh-Ninh-cung_raw.html,喜逢華旦都無事,Chinese
thivien_Đoàn-Huyên_Khánh-Ninh-cung_raw.html,遊豫辰邀玉輦躋,Chinese
thivien_Đoàn-Huyên_Tiễn-Vĩnh-Trụ-tiến-sĩ-vinh-quy_raw.html,大筆雄文抉漢章,Chinese
thivien_Đoàn-Huyên_Tiễn-Vĩnh-Trụ-tiến-sĩ-vinh-quy_raw.html,青雲得路破天荒,Chinese
thivien_Đoàn-Huyên_Tiễn-Vĩnh-Trụ-tiến-sĩ-vinh-quy_raw.html,禹門魚快三層躍,Chinese
thivien_Đoàn-Huyên_Tiễn-Vĩnh-Trụ-tiến-sĩ-vinh-quy_raw.html,漢表鵬輕萬里翔,Chinese
thivien_Đoàn-Huyên_Tiễn-Vĩnh-Trụ-tiến-sĩ-vinh-quy_raw.html,春苑簪袍宜彩舞,Chinese
thivien_Đoàn-Huyên_Tiễn-Vĩnh-Trụ-tiến-sĩ-vinh-quy_raw.html,瓊筵銀兩當霞觴,Chinese
thivien_Đoàn-Huyên_Tiễn-Vĩnh-Trụ-tiến-sĩ-vinh-quy_raw.html,相迎有訂翻相送,Chinese
thivien_Đoàn-Huyên_Tiễn-Vĩnh-Trụ-tiến-sĩ-vinh-quy_raw.html,別意與君誰短長,Chinese
thivien_Đoàn-Huyên_Tiễn-phủ-viện-Hà-đại-nhân-chi-Lạng-Bằng-tân-thăng_raw.html,安轄三年卓政聲,Chinese
thivien_Đoàn-Huyên_Tiễn-phủ-viện-Hà-đại-nhân-chi-Lạng-Bằng-tân-thăng_raw.html,北藩重此壯長城,Chinese
thivien_Đoàn-Huyên_Tiễn-phủ-viện-Hà-đại-nhân-chi-Lạng-Bằng-tân-thăng_raw.html,重關天霽新秋色,Chinese
thivien_Đoàn-Huyên_Tiễn-phủ-viện-Hà-đại-nhân-chi-Lạng-Bằng-tân-thăng_raw.html,一路人迎舊福星,Chinese
thivien_Đoàn-Huyên_Tiễn-phủ-viện-Hà-đại-nhân-chi-Lạng-Bằng-tân-thăng_raw.html,春腳正回青峒碧,Chinese
thivien_Đoàn-Huyên_Tiễn-phủ-viện-Hà-đại-nhân-chi-Lạng-Bằng-tân-thăng_raw.html,堂陰偏印月湖清,Chinese
thivien_Đoàn-Huyên_Tiễn-phủ-viện-Hà-đại-nhân-chi-Lạng-Bằng-tân-thăng_raw.html,穎川百姓休遮馬,Chinese
thivien_Đoàn-Huyên_Tiễn-phủ-viện-Hà-đại-nhân-chi-Lạng-Bằng-tân-thăng_raw.html,邊閫尤懸國重輕,Chinese
thivien_Đoàn-Huyên_Vãn-hiên-ngẫu-thành_raw.html,拂檻涼初透,Chinese
thivien_Đoàn-Huyên_Vãn-hiên-ngẫu-thành_raw.html,憑欄興未銷,Chinese
thivien_Đoàn-Huyên_Vãn-hiên-ngẫu-thành_raw.html,輕風才動竹,Chinese
thivien_Đoàn-Huyên_Vãn-hiên-ngẫu-thành_raw.html,疏雨但鳴蕉,Chinese
thivien_Đoàn-Huyên_Vãn-hiên-ngẫu-thành_raw.html,螢火燃陰翳,Chinese
thivien_Đoàn-Huyên_Vãn-hiên-ngẫu-thành_raw.html,蟲聲破寂寥,Chinese
thivien_Đoàn-Huyên_Vãn-hiên-ngẫu-thành_raw.html,南熏時未半,Chinese
thivien_Đoàn-Huyên_Vãn-hiên-ngẫu-thành_raw.html,暮色欲蕭蕭,Chinese
thivien_Đoàn-Huyên_Ất-Hợi-thí-bút_raw.html,冷官三考幾風塵,Chinese
thivien_Đoàn-Huyên_Ất-Hợi-thí-bút_raw.html,班鬢霜髯欲七旬,Chinese
thivien_Đoàn-Huyên_Ất-Hợi-thí-bút_raw.html,松菊偶然參舊徑,Chinese
thivien_Đoàn-Huyên_Ất-Hợi-thí-bút_raw.html,鶯花恰好對新春,Chinese
thivien_Đoàn-Huyên_Ất-Hợi-thí-bút_raw.html,孫曾繞膝歡吾幼,Chinese
thivien_Đoàn-Huyên_Ất-Hợi-thí-bút_raw.html,鄰里談心敘故人,Chinese
thivien_Đoàn-Huyên_Ất-Hợi-thí-bút_raw.html,獨是京華游宦子,Chinese
thivien_Đoàn-Huyên_Ất-Hợi-thí-bút_raw.html,適逢佳節正思親,Chinese
thivien_Đoàn-Nguyễn-Tuấn_Quá-Nhĩ-hà-quan-Bắc-binh-cổ-luỹ_raw.html,殺氣衝開萬灶煙,Chinese
thivien_Đoàn-Nguyễn-Tuấn_Quá-Nhĩ-hà-quan-Bắc-binh-cổ-luỹ_raw.html,惟餘畤疊珥河邊,Chinese
thivien_Đoàn-Nguyễn-Tuấn_Quá-Nhĩ-hà-quan-Bắc-binh-cổ-luỹ_raw.html,再榮草木曛殘照,Chinese
thivien_Đoàn-Nguyễn-Tuấn_Quá-Nhĩ-hà-quan-Bắc-binh-cổ-luỹ_raw.html,一度杆戈直倒懸,Chinese
thivien_Đoàn-Nguyễn-Tuấn_Quá-Nhĩ-hà-quan-Bắc-binh-cổ-luỹ_raw.html,五嶺歸魂應萬里,Chinese
thivien_Đoàn-Nguyễn-Tuấn_Quá-Nhĩ-hà-quan-Bắc-binh-cổ-luỹ_raw.html,章陽往事已千年,Chinese
thivien_Đoàn-Nguyễn-Tuấn_Quá-Nhĩ-hà-quan-Bắc-binh-cổ-luỹ_raw.html,解知興計羞川岳,Chinese
thivien_Đoàn-Nguyễn-Tuấn_Quá-Nhĩ-hà-quan-Bắc-binh-cổ-luỹ_raw.html,早向西山送賀箋,Chinese
thivien_Đặng-Minh-Bích_Hạ-nhật-từ_raw.html,榴花螢火照書軒,Chinese
thivien_Đặng-Minh-Bích_Hạ-nhật-từ_raw.html,寶篆初消瀋水煙,Chinese
thivien_Đặng-Minh-Bích_Hạ-nhật-từ_raw.html,静掃門庭無俗事,Chinese
thivien_Đặng-Minh-Bích_Hạ-nhật-từ_raw.html,綠陰深處一聲蟬,Chinese
thivien_Đặng-Minh-Khiêm_Huyền-Trân-công-chúa_raw.html,和戎一去向天涯,Chinese
thivien_Đặng-Minh-Khiêm_Huyền-Trân-công-chúa_raw.html,失節歸來愧更多,Chinese
thivien_Đặng-Minh-Khiêm_Huyền-Trân-công-chúa_raw.html,海上遅迴從別道,Chinese
thivien_Đặng-Minh-Khiêm_Huyền-Trân-công-chúa_raw.html,媚醯祠下莫經過,Chinese
thivien_Đặng-Minh-Khiêm_Kinh-Dương-Vương_raw.html,玄黃判後世鴻龐,Chinese
thivien_Đặng-Minh-Khiêm_Kinh-Dương-Vương_raw.html,胄出神明有哲王,Chinese
thivien_Đặng-Minh-Khiêm_Kinh-Dương-Vương_raw.html,遜國讓兄昭至德,Chinese
thivien_Đặng-Minh-Khiêm_Kinh-Dương-Vương_raw.html,北南分治奠封疆,Chinese
thivien_Đặng-Minh-Khiêm_Trần-Quốc-Tuấn_raw.html,生逢家釁誓輸忠,Chinese
thivien_Đặng-Minh-Khiêm_Trần-Quốc-Tuấn_raw.html,懋建重興第一功,Chinese
thivien_Đặng-Minh-Khiêm_Trần-Quốc-Tuấn_raw.html,歿後威猶摧北虜,Chinese
thivien_Đặng-Minh-Khiêm_Trần-Quốc-Tuấn_raw.html,倚天長劍夜鳴風,Chinese
thivien_Đặng-Đề_Lạng-Sơn-thành-hiểu-phát_raw.html,凌晨進發諒山城,Chinese
thivien_Đặng-Đề_Lạng-Sơn-thành-hiểu-phát_raw.html,瘴霧嵐煙拂旆旌,Chinese
thivien_Đặng-Đề_Lạng-Sơn-thành-hiểu-phát_raw.html,去去不堪回首望,Chinese
thivien_Đặng-Đề_Lạng-Sơn-thành-hiểu-phát_raw.html,五雲深處是神京,Chinese
thivien_Đặng-Đề_Đặng-Lặc-dịch_raw.html,驛名磴勒亦龍州,Chinese
thivien_Đặng-Đề_Đặng-Lặc-dịch_raw.html,石嶺連延水路紆,Chinese
thivien_Đặng-Đề_Đặng-Lặc-dịch_raw.html,別有武盈佳景致,Chinese
thivien_Đặng-Đề_Đặng-Lặc-dịch_raw.html,林窮山盡見平蕪,Chinese
tung-tay-ho-phu.no.txt,邏処景西湖邏処景西湖謭仌挆坦勚佂憥牐浪低廏仺沒潄苉白猢侟於刬乄缊龍王阻戼潂大澤畱金牛由侟低化域高王掏振脈皇都曢牐噲淫潭焔泊景噺印星渚冰湖色寅寅染式藍鈎肦洞碧奛瑨匇丠丠形歰歰扝怶勾昰想暈銀淶笹摼岺岺餘懯畝搩俼吝色钘夝边花礊蜫炞盎坦嘑惣鳳群印丗浪臺上月蠺搩吸唅纅拯喼圤噲盞中酥座石塔怒厼仙底宝准土堆箕謩客畕符笌穆郎香帞拯移壦歄法群綋功扒虎縆真武顮湄儍轉旘詟煶群底跡緘踨崘揼怒縆千年妉妉,Nom
tung-tay-ho-phu.no.txt,隔岸箕涼万保乯譍座金蓮夲奛味香廚鎮国想印潂靜範行古樹闧剹翚綠場奉天認產趣沂圩玌布丐繤印咜府境堏釘花崜翓廚鐭濽忙羕頂鷲厼箕亼組鵲疜廊叫隻隻牐彷彿肦洞桃渉怒亖曢鐗瑇寨漑嗚嗚炉石塊煵槩翝怾涼日招夲迭吢籶拉垪疜桚蝊鈡船商客唉氈帆徸徸声領頭湖股馭塔高僧群螙翓徂囐榋安泰箳瑇霜整癴歄宜蚕啯彮搩媭禃柳坡箕哾絲碧彿劥梭鶯嘺侼坊緈錦蓮蠺怒仼錢鈎窻蛧帞猠慳朩社啓炉琴覥壋樓書愌喂榺陁劸案偈杁寗潄珠龍欺彮闧媫媭回戍鼓梄崘边渉竹筃伏象勠暈疩螙刧曢寒砧牐隔踲槣蘇圤玩境矧湶璳斷客收閑來焔曾區,Nom
tung-tay-ho-phu.no.txt,摼袄氊泣泣瑇湄歌青草眷彈橮我甯岞船竹鄰邏苉闧曲滄良媫壗檜乴周圍局隱每芸拯少瀓趣戞夝伴蘝琘境看山渚擱局棋峼湶乑徘徊班冷兔廊望市群冬席蔛曢琴它惱訥嶏斜烏客吳楚悪西憹珊察圤羲皇窗北漑呸哺揼眫絲圤卜搩群銾爯蟾蜐瑇壦弄另园椨蕊丗罀霜唉銿覰麝淶撨蓘磸萩昂城市紤煙河沒趣唷浦坊蹤風月侼庫闧囂囂匇洱水媫瑨絤唏沫細囎花徚竹疩乶瀂渉三山摂笹畂翚鐧曾僂琾彈輱風境辸蜫厼勝覽朝代汖亖妉清娛墖翚花撻縆觀魚箕圅隆慶提炦夲剾塘諭象怒挆乾浮钘陳苉乑蜫番車馭細黎畱強贑度傘剈謭仌篇八詠遊湖瑇比興拱寓坘歸諷,Nom
tung-tay-ho-phu.no.txt,吏仌曲聯吟賞月勠笑談羕妥意交夫座廏怒綋句賡和匇搩箕羕奛竆酢酬璏畱自奛樚椒牆倈塷搩坤倿牟顥潔嶏意拱給份桑海婅秋俼包掣餒荒枯形炥廏湄粇闧煈色花耯詸吻霜霧准池潭乄奍峃清光埊虐仍壊蝊蝌蚪厼範宇底曕牟爽浪育昂墹録網蜘蛛香古廟堆弍冷乸嘫远村亖彮囚雐涇兜兜沚彣中沙樓宿鳥闧群銿鑦蓮准准乑哾駆西域蠺遊魚月唉茋暮叫治乱僘峼岞杜鵡噲公私擓凩丐蝦蟆僂牅詸吝想翚霓湶七月円嘆共牧豎客弔月剨尋沁琾岲南無盤泊貝樵夫牐燺怒剈荑覥蠅裈涼箕濕倘閁輱趣高流隻鏌侙棋圤樂水掩琴欺瞆桂牟煙境冰傾魂蔛客登臺擱筆嶏哾梧朝風味姟羕瓊揆,Nom
tung-tay-ho-phu.no.txt,玌圖書裈唉濽糊撨巄笖搩沚溟濛塘汖蹷馭珕城雉廏磋峅峅揼辸噲磘苉故宮撩刧摼爯鸞暈疩希戲畱古寺灜亖封庒馭昚礊盧剈妉庚役圤汖漫漠峃蕭涼境辸瘄餆盎繁華為境悶鋪圤圤沛欺物膎笽移境沛痥圤嶏意俼清焔固圤群峾境境固產搩鐧疩瞆圤戼負境尼凨暈疩怒嶏覻嶏鈌彮搩箕厼陷厼譍細戊申自帞峃祥雲槣倂泣唕功蕩敵戈庚戌吏嗗怽時雨礊炥調澮德霑需,Nom
tung-tay-ho-phu.no.txt,蠺池沼搩寅寅焔厼庭台花派派蹷准斎炥群亖嶦凌雲拯松柏拱誇形蒼老厼沒揼乑冬團戲水細鴛鴦調妥性沉浮峃花石珠敱錦緈曢虫琴玉勌釺摳桚礊嫩橮且馭崐俹周乑贑圤歌竌瀾搩滂鯨沉鈠夳傉漢儍亖娋嘹慜炦坦吨尼裿尼蔞曥峼姑竺炦搩沚怒匇怒揼默志巢由炥縆箕群蹱缷神威團蠻細敢誇坘西友蓮廚怒吏哾駆佛境僂吳駆曾念岲南無玌灵異伶伶吻粰脈厚仁孕弋包露炦城汖剾吏侙金湯坦搓滂焔歳欣辸嵦歯形砥柱廏攝趨蒲灜瀐名竳利閉憻境雖坺岺双搩智筃仁亖准境乑之輸钘亖秋曾預翚傘鈎收境乑侟瑇宇宙双懯詃群賒移陛紫癄境群噲准边嵎,Nom
tung-tay-ho-phu.no.txt,雖趣味乑橂排歯刬双声容群裝點吏朱哰峺俼扶正統坦鎼橫模權造化逈侟瑇動作氣乾坤運吏苉都歈咜皇城達圥龍边辻北極鎽方調拱向咜北澤搓崘牛渚境西湖炧式吏芳敷廸腐草渚戈旬猠猠映祥雲它隔度須炗裈月占自艮像夝毫蓊陰陽它撅樚姟岁律彣移新斎懎炉天地買哾嬶機往復冷催吏廕理贏虛扒乑吏補撨六陰啴生氣一陽萬品乑唕恩坤造珕九道吏齐辻七正夝炞調訨向斗軀香欽敬侵沔浩蕩蔛宮乾瀋憥灵幽,Nom
tung-tay-ho-phu.no.txt,盎朩詸排玉白堆行草木唉歌功湯禹肹佂陛奛簫韶亖曲鳥獸調舞德唐卢峃花吝垯旗朩式炦搩印挊槊倈巣苉熏風彷彿弓彈瀾深水悶垨瑨五拜撨午日肹尙曢竹形远山筨銺笹三呼礼樂意懯秋乊獕,Nom
tung-tay-ho-phu.no.txt,風境尼亖挆儍棊珕撨調纅詸琾搩沛緣揦雨露嗗堆行鴛路媑賒拱憥坡筃槣沒欦剰丹誠容泣僂蟯繱唏妖魅撅撨旗青道盎祥光槩苉彮玄爐梚頭涼圤瀓岲圩垣冣類鴻雁歌疜蠺丗吟句在渚孧僂鷖鳧坘歌竌想憹瑇周雅調吟哦牐蹱哛堯衢譃哰它戞趣怍庚乭准准拱歌筒舞藪仌苉乑妥類動植罕兜兜調弼鬼庵猢哰令節乑信恬太焔嗔聖人強謹岲豫遊彮源槩瀾預渉箕涼嘫炤水勚匇涇渭弍礊仺頻韻边怒廟逨摧花仦徚薰茜認價色察民風勤惰裈風光芁物性清污准鳥台姟琾媣耯哾收士路尼通尼滯沔村塢緫耯叫鐗漑量人間尼好尼稠情幽慍泣排珕視聽乨治平乭插撨齐修尼脈箕民墖娎乄俼缊匳隱呵除尼礊屈坡柳怒丗搓它凭坦讁蜆吨坤轉嶏源摳剾風境吏沒鄽之岺鎼太平歯夝帀買蘇碎哰峳珄淺吝塮智粗初餘沒紀安皮樗櫟外朩旬瘄挊桑柚苉鳳壇蹱璌行鸞鐭湖境荐沒章籬語边御道辀鐭彙日挼青山峺怺紀遙圖,Nom
van-te-giao-su-nguyen-khac-nham-drop-5-line.no.txt,敬𠽔偨𠽔偨羅們生𡤓壹偨愴𠰺過𡗊窖𠸕𠻀𡗋役,Nom
van-te-giao-su-nguyen-khac-nham-drop-5-line.no.txt,㝹佛學文學𡦂喃拱字漢朱立雉𡢐尼𡃑𠽔吏𠇍偨𠃣役㐌滥䨇𡗊役群揚𢷣鄧世傑啟討版電算漢越祠典𧵑韶箒,Nom
van-te-giao-su-nguyen-khac-nham-drop-5-line.no.txt,阮有榮合編黎文鄧譽分吏添阮尹旺,Nom
van-te-giao-su-nguyen-khac-nham-drop-5-line.no.txt,撝序典𡦂喃摘引中文喃鄧杜阮陳黎㐌𡗊𢆥掑𢲪過得姅断塘尼𢗼印成册偨拱固交訃完誠册佛教固分聫觀細佛學𧵑渃些𨿽𢆫外𠃩𨑮滥役窒嚴足,Nom
van-te-giao-su-nguyen-khac-nham-drop-5-line.no.txt,討欣𠔭𤾓妝群撰𣸸章女俱固朱院些顴使用册尼𡢐欺俱遶偨,Nom
van-te-giao-su-nguyen-khac-nham-drop-5-line.no.txt,𧗱世界亟樂全牌𥒮院些偨𠲖礙𠊛讀嘖衆些為己偨𢭮册廣咸引譯越語役尼㐌呈廊,Nom
van-te-giao-su-nguyen-khac-nham-drop-5-line.no.txt,中越學書綰偨群固引𣸸𧗱𠄩家喃學文宥陳荆和拱沛𢗼朱𨁥為沛𣸸𡦂喃𡤔濫得本印,Nom
van-te-giao-su-nguyen-khac-nham-drop-5-line.no.txt,譽案征婦吟,Nom
van-te-giao-su-nguyen-khac-nham-drop-5-line.no.txt,㐌完𤲃美满漢喃越英法吏𣸸本字日遶勸誥𧵑偨德敬㐌吀法待譜變𢌊待,Nom
van-te-giao-su-nguyen-khac-nham-drop-5-line.no.txt,計自𢆥丙戌笠含受𡦂喃字漢朋經佛𣸸誡刟𡦂喃各急没𠄩𠀧文學喃暂𨁥敬呈𠠩靈床大士阮克龛,Nom
van-te-giao-su-nguyen-khac-nham-drop-5-line.no.txt,侖𤾓𢆥佳世諸聖眾接引𠊛𧿨𧗱原位南無德本師南無彌陀佛黎文鄧,Nom
vi-du-tu-dien-dan-giai-nf.no.txt,󱳌創𦊚競󰑼𬁖孛󰰀擼󰜋方󰑼𬁖彗𡥵𤤰辰吏爫𤤰𡥵茄柴𫴶辰撅𦲿栘眉𫽄󱫩些時些吏𧿨衛渃茹些𤤰朋咍󱊻𠊛賢時󱺀乱午侯急傕魚謹𠫾𥽤枚𫼻特轉尼𢖮罕劍咹𡚢吀𡗶𩄎𫴋𥙩渃碎𦓿𥙩鉢粓𣹓𥙩曲𩵜𫰅𥇸𥉫𢣸像𫰅鐄𥆾𫥨買別蛁䗅𣈗湄熠耀儒仕於京󱞵𢬣智慧聰明捽潙󱳃渃要󱳑渃𡮈連斫衡合斫從誇咣姅𡬷旦𡗶裙糊󱞰󱞱襖媒斋盧尋梅蹺蹅俸𪩮槊槊意肝咍意𨫊咍霜秋𤁕月秋󱝶㛪羅廢帝昏愚墫錢𡆞𧵑如路𥘷𨔈寔廛𡨹命茹𤤰欺宣𫥨欺󱘂納傕傕󱷼𩈘爫清此䀡𡥵造印命尼㝹𩩫𦠘𪛇𨕭㺔󱳼体主滔哏𠽐𩈘玉喝嗃𢚸鐄嵩𦖑󱡾喠𠜭胸󰘚銀𡴯僣𬑉崇朔󱳼󱳼𬁖北斗傕東吏兑干方東𣃣󱳼𣃣𨂼󱳼𦝄𦓡𢢆貝𡗶𤐝𠻁𦓡𢢆貝𠊚𥪝𠻁欺󰏙󱳼拯典𨅸󰀑默麻哭鶯𰙔𠲢咭𠁑楼咍󰠲迍逴些侯待󱳼半插𠑕吏蜍󱚿𥛭𥮋𤾓貫𨖲𥮋𠦳貫頭茄𤌋鎖籠霜泊𦘹𡶀𪀄𡆚隐蘿撑体月𫭕時計𣎃認花𦬑買咍春𡈺𡈺卯卯印隊課𫴋𫴋𨖲𨖲率󰋇更𢌌狹乳𡚢𣃣紊奇𠦯𨱽囷苦沕如饒𠸦些𡥵𡥙寔才󱳮茹唒渚𡚢勢拱𡚢巾纙具怒𡚢齊䇪𧚟領姑箕𪭱奇𡏘滝𡮈合𠓨滝𡚡𥙩𫯳爫𡤠塊󱳮粓𣳢𠫅󰼊𩵜𪹜𠫅㘨吟𠿯󱪦景家鄕㐌篇𡃛汝吏篇吟愁金亭龕堵式紅黄湘𬁜𬙞會龕𬁜𫤯會橷𬁜𠃩兜兜拱𧗱會董於時渚固󱪡劳唁渚𠹳咧𪡔𠓨易𤽗聾聳翁的外仃󱪠幡𪔠長城龍𢯦𩃳月𤐡甘泉𥊚䁾式𩄲篤弄於童貞庄悶𫩉重渚執𥙩詧󱸄𡮈日吹謟埃󱸏𩈘𮎦㛪󱘾󱳘𧗱渃魯刊定󰮏經朋花蓮庄变渃𦷫菊秧蘭香变襖𩅜覩𩂟碧播变蒸版勾欄些辰人義渚乱单㝵樵夫变𪾺𪖫浪几安慰㐌变𪠞古改每事碎庄別底朱埃𡲤𪠞𡲤兑脱脱麻变𪠞失情簪奴变掑預幔補舍𩯀𨱽𡓮卢六風流𢪀共𢧚𠁀欺彦󰁴𢪀𦋦麻𢜝𤊰唏涓㗂碎昆󰅹群󱙨󰁴󰅹群京謙若咍爫年𠬠卷经時特体没孛𤾓𢆥群固之󰠲庒戈𠬠埝古邱撑󱯽吏税𠬠𠎪𠏲󰬒𣃣𠫾𣃣𠺙每边𠄼绳𢖵󱊨跡𬞺固𠬠𠊛𠸜哙烏雷𧵑孛秩𠬠填𨑮裊䲹占列丑叉店亏呌󰁮𠰘陀𭁈双仍鬼丑叉憾𢙕扒碎雷𫳭帝𩚵共粥𠲝奴隊𩛷油白油叉歆遙𨇜𩛷鉢𩚵叉𩙍𣁔㗂𡆌㗀㗀埃固𡆌󱛯𧗱役登記辰沛開𦋦絏揭示意䊪󱋾啱𡥵𬷤局作蘿棦𡥵𤞼󱜎嚥摸行朱碎箒箟𢰽膈康康係埃𠳨𦤾辰󱜍𠦳鐄𠬠𪮀東風仕𠺙󱋼東君恙𤍊𡓃𫥨󱚢𢜏𩈘平安疎𡅷竹涓𢚸契濶󱋓𡅳樁𠇍󰣉󱙀𨤼朋桶𨢇中項盎宝主席群𠾸󱝊憐羅皮呂呂悁悁役帝低𠳒訴云爲囒𠲢窖𢞂𢞂𢢆𢢆權衡㖫𡅏囒𨑮坦囷法榮挷𢌌󱙃𡗶𪉽󱰷㗂𠳚𠳒呈公彊辭咥張彊𠹚囒𣈜共㝵昆奔羅𤽗杜三囒涓卞援襜𬖆制窒所盃囒奴涓󱚢慾奴時𪡇囔朱𢧚兵奴雉長錢𨨲謨特𩵜鮮謨蒌買𢲨謨𠊛󱊟囔𡶀󰀎𠬛畨麻𪡉化年𠬛溪泖特遣𫀅坦趙麻𤽗陳稀連爫反權綱𣈜没𢬭𨖨范猷㐌反吏𡀪衛京苔伵反柴𡥵麻訴吒況之唯𫴋𫢫尼㐌高床反吏𠫅照𧜖双离魔鬼庄爫之特爲㝵吟事󱉎主𡗶連双質𡗶朱高欣芸斈𠳨恰𢌌𦖑𠳒娘㐌生𪟽双它過𡑖𬋩咦特身路󰑼𠯦𠻵扱󱓀𠬠𠳒殺竟朋𠦳檑双全家共特荣󰡛󰅹咍双俸𢧚俄眼前掣包風景江州王維固筆𫥯图双台感𢚸𤤰俸双俄徘徊双峩渚別爫牢徘囬肝猿噋嗃曲蚕丐哿󱲚鹤奴劍双曰仃仃𠸜歲𠄩㝵双双身尼󰂇别塘尼𠰚他畧傕停於丕双固钱役意麻双𠰚徐󱈘爫官拱勢阿蒲團及谷六凌𦟐忙長曷歹㖫袈裟擡擔挭及辱因茹󰘂底淋炭𡥵踈𢘽𥙩埃廛及功役停補髀𡞕𥘷终𡗋仉𠴓𡀂感恩堯舜禹湯德及禽獸𦊚方牒弄鶉鳥骨骨及堆体㝵納納隐碎謹命婆阿蛮旦棱及柴蒸於󰡎核哿𠃣㐌体丕𠃣㐌及丕𢚸些卞安𫴋庄咍福󰅹特及经尼福及情期知識天台𦷫束縁及會𬙽㐌及𡗄𠄼福及節曩浽巴南庄湄及閉除處乂安類󰭵劫𧽈沛𫯳拥𢩽細低及𮥷所㝵意料拯特塊強及𦖑隊咹𮥷牢咍及事㐌羕意哏肫󰅹及待英沒𪨃姑娘底英𠫾及󰠃𨖅轉渡𢀭庄及庫群朋悲𣇞吒歳作尼蒙昆﨤會𧏵𩄲及𠊛及凝堆湥咀嘆𠬠𠳒及凝娘買𤋵𠳒󱙹𡢐卞定𣈜筭爫斫𠭤衛昆𡛔意卞𠭤𬰢吏蔑祝𠽊唭伴𫅜率𢧚蒸伴結緣𡨧𠭤爫蒸緣醜代蒸𥙩󱋓𨢇論伴到𠭤𢚸胣𠃣典欺利害朋拯共別信誓伶伶拯𠰷所挼倒𠭤𠰘平𠴼𠭤諂誣假𠸜嚉户奔趨拯常式入想汝婁台婁台鄰𠭤陳濁徐𣈜吀取消󱡲𧗱𡢐徐𣈜吀取消󱡲𧗱𡢐各𠊚當事固体由自𨉓卞護󰣑別㕠它群院院悶涓𢧚挼噐瀘瀘𠄼湖仍𥙩爫㕠曰𦊚𣷭調𠱾體湼那沒鐐沒鈽𧵑歆遙㕠曰埃平㕠曰樵㗂凱𰙔󱛀吏神京破竈拮棋踏𬺗鬪𤍌神廟昭君𬦮𬺗江河傷𤤰茹漢娘它捐生㐌𢫕𥙩鉢吏𢴟𬺗𣙺𪭩𬺗湴吏拉𥒥添女翁窮𦥃世催𡢼啉𠻗於𦜘𡥵㗱󰾬𠫾倍梗𥺊迻𫯳㗂哭𠰚󱜏柴訥麻讀经坤𦤾句讀吨喂啊󱜂啊󰋇奶𤞼𡥵摸󱞤𥜤𠀧間󰐯丐𣵵農溇㕸名䋦󱹤小姐仍𣈜𤁕撥󱦨𠁀香册淡菭添𨢇聖𣷭官潙排尼󰑼各勾喝𧵑各官󱺄𡥵於𠁀茄黎主鄭𡛔沛𠊛𫯳󱹯󱹮底𡞕𫰣𡥵豪𡛔空𫯳𠓨𧯄格󱷽𤳇空𡢼𠫾瞻會厨柴𨢇茹𤤰㐌中𧵑咹茹𤤰㐌𦹳𡾵公户咹󱺆皮欺才利都争𠊛筭劎物𠀲󱝩莽蘇仁義忠勤渚昔寧庫𪰛󱝠矯困咍亨𨢇𦝄瓢嗷󱜘唏蓮詩沒襊秩䃛風月庄戒列涅虐与共來󱜐弄恨陣勾簾核同博核釰輪刀朋湄朋𫡮拜工直空麻󱜐加𢬣𦋦油𠊛抔𥙩咛㩫𠓨󰡫意買󰰐蟬𫋑𠶦𠰘吱󱬽歷𫩖沛昆性氣𫩓参娘呫朋亇󰮂䈒拯斉𧐖𥐇麻吱䖳𨱽船班𠶦𠰘吱󰔙嚦𫩓固󰘚麻庒固𫩓固𠄩边嗫𦂯𦂯仍𣯡丐塘丐排達為埃窖窖𫩓𤇩𫥨沒鲁吼函𩩿󰘂茹𫽄兑吒翁𫩒懇蔑𢚸𠫾貝户吳𡬷𡬼坤𤍊事情𠯇󰏙𡥵造𠢞𨉟咍空𣈜八所福𤯨實記𠯇𠱤拯差𠯇保𪀄撑停祝磊或欺於𪤄葛𥒥哿呌或欺典𬮌數船𠯇保𧍝󰠲咦𠯇边𦖻𬷤󰠲嘵喔𢚸埃蕭調埃𪟽㗂𧍝嘆咦𠯇喠悲秋嘺几孤房欺󱋔呢媄欺油𠯇吒樂占𠿈𠯇窖排仍羅灾變自呢現𦋦崔󱋔𪡇哭吏𡃚𠯇嘆寃家𠯆畧窖掑喂崔身体群之麻筭𢄂圭㳥𣷭𠯅㗀㗀㳥哿𠯅動㗂𧽇𡗶坦催停𠯅𡀩喧天子𩂟係埃𨢇茶𠯅嚛無法兄次辰扒󰜋貫𠄩陌讀𦷾添𠯅𧽈𢚸㝵文風𠯅𧽇𧵆賖自𠄩賢守意羅開先朝春𤾓󰖽󰞽那㘃香蒲柳𠮿花海棠生浪洞鎖原封敢󰠲𠳨𣷷𠶀𣳔𠮿唠謟諛噂𠮾𨅉󱘖彙桂𤐝㙴鐘迻八𠮾強添絆𢚸𧡊󰮂󱙃𡨸𡗶髙𠮾鄭挼堆方𫆧𤉗燉䐗体𠊚君子𠮾𢚸朋讓𩟡𡗋咹㕵停朱𧵑𠮾唁些冘於𡎝欲蒸私盃於𠅜𠮾蒸𠲝𠹽𡃻払喂未桂枝張公尋喠𠮾嗷申翁傷旦𠰺牢𠳐𠳒槞𣘃洙咹菓洙槞𣘃𠮾咹菓𠮾欺𪰛𠰳𠮾𠰳唁欺𪰛鉢渃𨉞粓𤼸𠊛吟𠮾山林免市朝󰅹󰠳羅庄坦唐堯吟𠮾𦍛朋覔重台破破岸箕𢫘𠮾𠮾批批𡓁怒𣳮腥騷𤐡香宜𠮾傳𡢐𰿘𠁀娘𦖑𠷨󱛾𠲶唭浪牢君子唻𠮹排𠾦桃𠮱鮮柳怒𠮱𣙺𣘃枯艿蕋吏添蔭𣑳紗花絁花吕吕壮移細顛姉㛪共渚𫃸𨍦保饒立庙吕饒奉蜍共㕵包糁斛司斗炎吕那寅吔𣈜𣎃梭迻黎皇隴仍待徐燕京注𡭬𡥵𠲖吔疎具噲𡥵之吔吔󱯞奏聖上吀吔景吔纏吔師吔小眾碎吀𧗱呐古䔲吔古兀馨渃洒含𧍰吔璃珠紇珊目目𫫵饒𠫾󱽉處兑工灵𫽄特特𠄩𡭧𡥵󰝂𧗱𫯳挹𡞕昏打㗂啞吓𫥨𡥵處兑󰇮𧗱𫯳喝𡞕婚打㗂唹吓𠺘𡥵䖏兑庄故吒哀生庄故媄哀挼𣦍蜍主討蜍吒骨冷魂清庄肯化碎廛𬆄扶拉主昆𥙩討敬蜍吒吒媄㐌特事約㓜㐌楼𢆥𠁀次一𨕭命羅𠁀吒𡥵𠲖𫥨低朱吒媄𠸕𪠿哧尸吒𡥵𤝞𫴸吁噅默媄丐蜂瓢吒𠁀丐襖襀尼𠅎󰕛𠅎伴𧗱𡮠襖喂𦓅耒吝近捕料吒之乳赤𦝄腰芻𤵶馨審番尼春女負𢚸葵坤別向𧗱陽排行向蹺朝准陛衛嚴整噴珠吐玉都才解元𠸜㐌預排𦊚𣈜甕吐鉑盒𤘋㺔爐香銅白𥶄乖頽瑁一辰部吏部兵二辰部户部刑拱衝次𠀧辰特部工若朋部礼𥛉翁碎󰡲盎那多吏及席㝵外咹㕵信𠫾䋦吏共饒几𢪲󱣒玉𠊛𢭂捽牙賒吏吝洡別𥙩𧵑之爫迻吏𬼀𧋻蛭店亏庄南待葛󱭨鐄群吏沛饒畨瀘淥猿鶴庄恨吏仍傷乙吏礼准意爫治所責𡗶牢吏扒𫅷底𠊛蹎踸眜𤍶困台后𦖑鄰哭勿命𦛌鵉埃割絲萌埃扜桓典后𨀈𦋦嘲玺符黄鉞拮𢭂梨桓经尼名沃𪜀之弋弋名傳劄𥮋絹枉𠺥蒸吱無據俸芒蒸名拯泟半利模名󰅹仍仉空𢧚墨奇沒𠄩𠳒柴徒柴鐸𠰺學𠰺行󰬾卷册湼󱠬绳󰅎名無福𥙩𠀲𪨅名奴咹奴󱉿散情奴𠫾百鐘探覧路尋深屈計名名㐌姅𢆥勾簾核同博核釰輪刀朋湄朋迷期尼穭木同同𠴗𤤰太祖太宗湄𩆍亇同冬𠄩茹𪬫氣象習俗体哿拯同蔑𡗶香𠽋氣和同𢚸禽鳥𨅸歌頭梗些󰠃𥱬鑿鉄𣘈没𢚸𤾓𢆥吀院𡦂同碎𦖑仉刧伮摙翁伮吏󰝂翁旦𡧲同瓮令傳信同同同同㹯𧼌𡓁咸陽𣈗務冬烈扲扲󱢕捲𠺙同同滚滚𧏵𠖤𡶨沛邑󰜏浪󰜏𫽄𢜝埃𢜝绳𧆄洒吊佳𤴬𦛊仕代𫀅𧡊動𢚸吟䜹吊几𦟐紅托寃榚没𠄽旬涯呠𠷨𬟥𠄼𠀧吊吸肥𠴋盃英㛪󰜋欺󰜋吊唸味𠁀朱覩麻制𢀭辰粓𥹙補劳𧁷辰打吊𧆄𦰤扲唏𢖵埃如𢖵𬟥牢㐌墫吊𫴋吏掏吊𨖲𠶓喯偈貝摳𪀄法吊質弹樁𢭮𩙍和箕󰠲吉徬𠬠堆󰋇笘歷隻雷催陣雁井幕納汫斉農几初收吉底防美支𣳮𤀕吉帶庄㝵苦辱牢固𥙩蔑升蔑合𥺊炊𩛂蒸胣𠦳鈞麻爲𠀲箕𡨺𬮌丕台歛遙買合女𣈜㐌珊占結固号浮鷗泠汀密渃欽卢合弹係務𦬑花時車馭森合爫會𫅜󰏙花名才𫡮合䝨良𬁖排𣇜𣋽𩙌𣻆𪱅𪱆𤋵班朝𩄲合最𦝄𤐝柴𥙩昆意達𠓨蒸中核㐌麻核吏合泖各聖合吏冬年丸泊卒冷滝涇合共渃滝渭強嚕濁喂些意爫牢共撞拯合堆後南浪合意蚤遣𠊛媒姉尋𠓨趙帮𬉵名号󰀎迈合邦陳合歇飭役𧜖𧝓能𡨺㨢巾畧𤽗朋悶体店𬧻些遣㝵頓綽合固所体𧜖挼穭蚕各每調昆体各柴於茹蜍佇涅那凜庄固𬁷事世間沒約幼事𨕭𡗶連各閉饒㝵󰀎体事𨔍明呂凜麻迍灵魂中𦒹倘連生時歇桴鼓槌弄枯桑同同各各㗂荣巴回棹尾買掉各披提真捻買耒耒進連菻積谷各󱏹簷宁𣳔積底亇𩵽免茶想𠊛𨕭帳𣋚𫢩𠶆香嚈𠳨吃𫨩事𢚸吃翁昭虎英徒醒英徒醝牢英𠰉月𡧲班𣈜噷吃敲殼𨁼𨁩𢯰𧼌蔑鴈和傳令蓐收窓疎吃吃律唏秋性吃區呐吃區𠫾吃區吁喜細扎媄頭梗群點楳鹃吁蟡弹𧍝𣈖󱢨𩙌鐄𪠿𠲔尸吒𡥵𤝞𫴸吁蟡房香𨻫直房香箕󰠲㗂哨為吁弹𬌥𫯍牧觥孤邊岧𣃣朋󰇽𢬣唻󱜸仍𦧘吀𠯦仍󰭧羅𡥵蝼󰵡包徐𡎢𠖾制宮月𠼦𢲨朱吀𠃣𦲿多﨤饒吀吘朱饒別共知音吀𤍊買知音没省情星𠲣女𢗖主翁吀𢬭𡥵𪀄玳瑁拯察事󰠱事珥拯叿𠅜沛𠅜庄𤽗潘𡲤谷別罕實娘户武因叿𠳨源干吏搭𦖻𥋓𫖀爫𠽐浪坤拱偈浪哬拱㕧踈浪󰡤曳嗔柴𠰺朱鍮鐄吝論庄󰡤𤇥𤈛曷斎󰡤琥珀𤎎𪹚椂󱦄語鐄心連󰡤仍味𦹳欣歇每味𦹳世間用寅呂於呂𠫾盘𨆢倂細𭛣𫩝渚衝牢𢚸𠄩字慈悲𭛣茹𭛣渃益𫩝細埃梞卞㵢虐蔑𫩝吏典共柴还本将初𬑉猫沖沕浽沁𧋻羣郡曲蟒𠰃叺㖤覆種尾𥡗窖𠰃如支闭娄𢠩想店𣈜埃𪟽潘帝陳低麻𠰃𣈜最時𦊚方対嵬𠰃日侈𠻵𤠄𠰁永永於𦰟竹窒頂𡶀匐佃部領𠄼払共饒哭𠯿蓮塘𦋦𠫾扒怒哭𠯽大行󱙻吒𠯽㹥𠼦猫𫫫喔几𠁑假醝𨢇麻󱯚几皮𨕭旦浽𠯽𠻵𢬥𢴠辰𠊚弹英奇沛分處𩅹𣻆𫗃𠺙𩆪𩂟𠯻𠯻棱怒𠶑𠶑𡶀箕役送塟㖫𠯹戈橘祝朱柴𠬠谷𨢇𫮦𠊛行𦧘𠯲𠊛行亇𠀲半𤙭󰕔𠀲半󰀒皮欺𤋵俸畑花李容嘲姉咹𠯫共碎払卞啂李容𫥨底󱚢函謹爫𠯫迻𨖲路羅等𫗃空𪮏玉搊󰬮卒輸味𠯪花𡖼朝清劍調唭篆香𠯪󱋓𨢇𨢟鼻壅𠯪𪖫蛰重舘湿楼高香𪟽𩁶鎖花嗷𠯪𢒎𠯪嗷𢲨陣香風迻牛女吏𨖅滝銀河嗷𠯪茶椿𨢇菊路質招壼玉苔潙墨𡱩𣃱𧷺𡢐󰘂圣焒香嗷𠯪󱈘廊儒𠄩𢬣扲𠄩菓蓬菓𡃻分𫯳菓𠯪分𤳇愁皮𠯪𠯪吏愁滝銀此北𥙩梂烏䀡𠄼更庄𠯪紇珠󰘚𥚆幅像𫆧𤴬如寅𠲢𠯦㗂𪀄雎鳩於蒸𪤄󰮂滝𠯦𨖲󰬾㗂奇驚𢴿船撫扒󰭼𠇮英宗小姐倍𠯦𡥵花𡅳払拯𣴓時些固杶李通𠯦𠻵绳混𧡊𠊛𢀨扒挄爫户𡲤馭渃胡𠯦欺𬲇北𪀄渃越祖於梗南黄嵩涓態󰝂箴外呻𠯦𠰘𥪝心儼𢚸㐱舍呐自𫏻馬祖乙㐌涓課𫏾萧皇悲除些呐仍事伤庫欺吒末昆寡連𢬗粉點粧𤁕他咹默󰖽荣呐唭師呐師沛娓呐娓咍𠳒呐𫽄𡘮钱謨󱲃𠳒麻呐朱𣃣𢚸饒呐庫共昆麻庄別末昆碎𢀥詔旨𤤰些煩𤽗典呐庫本󰑼把恩呐古䔲野古兀𩛜𢚸咹契買充𥉫𧡊媄𫯳時呐𫽄𠫾珓環嗔呌蔑吝隂陽立仰倍分明世挽舟呌船林林百丈祇呌餘林仕曳或因呌哭末碎昆娄堆𪀄呌花𦬑𣈜春凈工意圍𢧚棊没局呌󰠲㘇㗂丐蟡蟡𪀄黄鳥蒸𫅫典杜蒸㯲𣘃所㗂呌󱋽󱋽黄󰞿唿𢖵子規呌愁爲丕拯矯𡀿排呌伴筭尋蔑𩛷𩛂昆或呌冽𡞕恒𠹚𩛜内花𬱻𬱻圍隊𠳨营柳寬寬呌呂吝自課玄明𠹾令冬呋呋隊准陣金風㐌𬖆態淫吏𠰷告𠲝健告吹𠊛典餒漂題󱚢𦊚𫳘𥪝碑浪官茹阮告𧗱㐌𥹰虫呈如𥶄空乖如船空俚如埃空𫯳󰏤𫯳如𠁂󰟁情店㝵仍满立呈共󰛐呈翁碎悶朱翁塊饒事󱳮丕迻梳鏡𨖲呈詞卞明呈𦋦沛爫憑𡨸法吧𡨸國語旦𧵆𥛉㐌呈戈𡢼𫯳羅義𫆧𦚐𠦳𢆥坤独空朋呆弹論𠁀𢀭固󱝮茹榮呅襖𧞾秉包𣃣𡱩𥛭䏾腓喔呃𠇍桶𣹓拱為顔色呂淶𥪝𢚸琴𢝙趣畫醝牟𨑮排詩呂𠬠瓢𨢇蘇渃呂𤍇㵢𫅷他忍𠲝吟唏渃呂胣仍仍君子𢚸空杜楟󰑼英渃呂𢬣襖拂披課𩙍戊灰呂渚欺湄鼷鼠𤝞碎呂朱初㐌固勾傳保吏過所准意時体墻呂壁湼碑我𦼔散功名呂唐無事𡽫渃稽准有情󰜩課失權𡛔呂紅顔㝵自呂𨀈竜冬𡗶吹𠦳埮󰝡𢚸旦低水精呂𨀈踸蹎哃哃浽𢠣󰝡恩爫讎呂吝𣎃論𣈜戈宋差仁宝奴和󰝡兵惜光音吝呂招戈𦛌胣昌舌吕湼珊索花强誇𡨧𡨧𪰛呂連𢧚蘂呂花殘蝶拯免𥚆蜂拯貪清𢄂呂番巽功舌𧵑𠰘㗂𠊛唭嚕牢𢧚翁婆󰀎明呂凜建𪮙沒㝵𡛔卒冷麻𡠣朱字恩渚呂字情吏王篤弄呂𦬑袄𩚵𤯩麻論義托𦹳名䝨毳鳥占呂敬礼歇三藏吕譯圣𪜀鳩麻󰑼什𪵯法師哿皮索粦吕蔑回連年木勺告渃中茹車坦捁𪡔吿包張吽張喝堆払丈夫節󰒂氣剛󰑼𢚸𡗶坦生𫥨𥒥󰜋𫇳𤎕爫堆𤗖吼函𩩿故𢶸咹𥸷𥸷吏吼𥸷吼𰪾空粓炊奇焒辰𤐓事𢗖𫨩吼󰑼例世间㖫𡅏賦詩喝吼音󰠐卷哨弹哃准山舍𡎢制吼沫𩙋迻梅𦹳󱦢外軒𠇍調堆𠲝雷傕呐吼呐喝𠚢𠊛咮訛咽喉吼喠當欺焒𤎕粓吹𡥵時𠾕啂𫯳𠾕噚󱜢黑豆紇杜顛嫠𠺙吹鄕學茹茹𬐩學誨隊寺經史𤒛寺吹恩𨕭傷𦥃分賖吹𬮌玉身閑滥細𨆢車吹隔𠇍吝𨗊拱蹺東西山𪜕𠄩楼鍾鐄楳玉朝侯叱吹𩵜語鈎沈吹伴另𪀄疑弓𨉠𠸒饒𠖤𥚇虶毒過𡳪螉吹𠊚散合𢴑𢚸義仁虐吹昂育𥪝行陣𡁿嚓𠚢𠓨𫏾𪖬𥏍抶𬂌抪󱦀𢷂󱭞乖鈆離卑真虐真吹只為碎󱳮算每事󰽃打吹󰬒𠺙虐濫庄吹呐庄吹打破坦吳朋摳魯蜆扲頭蘇定拁𨖲吳兵𥚆𧡊俸連倒戈𧎜𪰛默襖𨱽深蹎𠫾𩌂客𢬣扲撅吳榾艚麻𢠇𣘃橰𧡊船𥴗󰞺𢣸艚绳吳侯𡥵茶𨢇𣈜差物糧󰴌吳𬞲𣎃發寅𠯇𦖻𤤰吲源杆默王料𦷾朱安渃茹旦低浪歇㗂吱唭渚貪酒色制排累命𡲤吏世唭𠊛吱可吱𤝞丐㖂𠻀𫯳𠫾花月庒朱特󰅹𠇍𥹰𫢩㐌𠾼㗰𫫥󰇏吱耒衛𦥃頭廊󰋇𠳒𠶌吱始終化干湄𩙌浘漨㐱稽大牙𫆢丐於歌边含𨱽含鋭𪖫勁𬖅呵可𥙩蒸據尋紇珠麻於蒸边含𧍰顛丕台襖時默𦃿拱卞路羅縍𫃚夾綿朱吪𤾓丐坤吨𠬠丐𢘽𦤾句讀吨喂𠶚󱜂啊油埃固利名吨𠳨𤶎眉󱛶𠰘呈無邦𠅜曳嬏夜吨買吟堪之天下㗂吨𠸦課𥘷𥙩吨咍疎固㗂𥪞馨𡶀㗂吨𦖑𦥃賊西潛謀群𢘮待𣈜出征滥鐄滥鉑朱甘滥𠬠捻𥼲拱𫼳㗂吨魯蜆𢧚滝𪽝蜆吨除寅寅扒買侯坤𠬠𣈜𠬠𣅶𨅹𡽫𥙩夷麻𬙾麻吨咳英𤳷春螉蝶吨信𠶀𧵆𤊰香𡗶匪約林吨嗃外󰘂劔之燕英𠄼绳扲𠄩槊長󱁲弹𬌥𤽸󱰔𠓨𡧲𧯄𢬣扲堆𥮊吧粓典課否安庄固媄庄哀咍朱咹𠸗𫳵咏𨤔唏吣𣈙𫳵叶力同心𡗋𠊛涓主𥙩𠇮爫欣𡗶坦共恨鬼神共吟頤鬚妯木於𰙔𢃄吟𤞼𡎢埣坦吟唏𤷍癯两頭蛇𧋻埋吟特吟哦乙舍吟哦恒固吟議乙共唱和𨕭菴從且册琴閒𢭗案玉𢞂吟卷鐄󰜩辰讀册吟哦銇𥕄經史底除大科自𣈜永𩈘先君退滛樛氏隊吝吟哦󰣑𣈜𢫝穭𫥨吟包𣇞木𣙺些仕𢵼𦋦吟寃尼别󰋇𨑮胣陣吟吟别課󰅹嵬旬尼麻吟些吏赦些吟急𧺁𪰛派吏急吟䀡氣象形容意秩露𦋦𪰛𤁕󰕛星殺生害物闭迡吟𫀅𡽫渃体𣈙㐌𩛂𡢼重忙某忍召𫕖工弄童醝客𨔍隣󰑼吟𦝄姅厔噴花𦊚厦月吟㟴花欺夏細花嗷喭月課秋過𠊛󰠲澄意󰆄撑吞牢女底淶瓶技簮頂𡽫湘拯固㗂呌欺𬰢𡗶吝班𣈗群𢠼𠫾𨔈最吝𩈘𡗶覩𥟉𠓨灴觥孤渃碧溋𨷈坎重蟄𡽫撑𥒥󰋇吝𤽗宗鷟体所𠅜呐𡲤固理頡頭𦷾丕𠄩吝㝵仍哭祿嘆咀庄別買吝𡛔箕固𨤰𠇍吝迻妯永𦖑𨕭閣󱖮󱖮𠳺矧𠁑廛吝𨀈仕捽潙吝吝隊󱋓仕𰙔寅諫諫隊󱫻吝吝复吏秋戈𠄩翁吝矧歲陀高年𥙩𫯳翁老戈吝辰傕注刘平牢注吝巾胣農浽朱碎沛𠵩它突吝場經𬮌祖險旭󰘂權庄突吝免主𨤵槐車吝橘汝茄塘杏馭挰扛景清羕意庄𧗱擬𧯶如埃魂醝𩃳吝俸蜍扵吝矧虚空吝郡如𪪳老𢴿渡𣎀𧒌𦣰鶴吝𢧚排伴獸棱蒸吝論所鬪眞朱奴吝𤁕栢松𣑶旁𣑶檩渚𪡥咹埃󰮂干碁博寔多端拯󰋇𣦍崇乃吝奸吝世撩羝恾半㹥立名騎鶴吏刀钱當欺吝惮󰜋𠇮﨤李通結情兄弟󰝂󱚢底打吝𠼾埃能麻卞共輕吝辣炪涅所像炭󰌎所准於吝夌獨律林厨計包体所檜梗實吝磊年𧵑腰玉招厝最坤垠𤎜蘭吜馨漊拱訴香𦋦塘油吸𡥵𤳇𠄩𢬣𢭙襖渚兮吘香屈㯲鈎󱖮芹珥珥掑花𥯍吘𬮌疎疎𫔳楼𧡊吘𨀈𨒺沙真𬺗魯𢪀強竜冬洞房花燭吘唲䋦𢚸鄧朱𤑟浽事情吘娄𠦳淡登程買安咹㕵庄律朋㝵瘖婁㝵些共每類物乙庄固准㕵遣淬𨢇𡃹屋紫螺朱㕵𦷾歇𢚸㕵𧖱為茄主𢢽𢢽工念沒點丹計自流落扵塘越王𦣰檜漢光㕵𪬡㳥笠廢興𥋳沕𡀷鐘回今古𦗏群㕰几鉦𠊚󱁕都饒㗂寬𡀷𠿚㗂㕰熠󰠓𤞺呌㕭𠴎班𡗶最鬼哭調囂陣月鈄𠸠󰣑別縁命𫥨󰡫解結調㕭𠽡爫之云仙𦖑呐𠳨㕫𫯳娘󱙻意𡢼娘󱙻支乘机些買鋪㕫英䧺󱝚是非稽聲色碍制排淡柳塘花𠄩󱜜𫷜𥛭乾坤㐌𨍦三代駭群成康易侯咹𧑂𭇛𦖻吀払唉暫𦋦外𢪀宜𠦳刼𠱋咹揾矣群𠱋埃呐我呐󱙡辰英拱凭如𨰈𠀧蹎𠱋払麻固㤇當辰払撘掂𤾓塘𠫾朱𥛗𠱋𧡊永󰕛些押𠓨胡亥𠱋亥宁𣳔都制涓連𢚁拯𡨺床店清𪠺𫪥共娘𠱋咦重來𠱋禍固𣈜鵝毛嗔認𨁪呢𧡊饒𠱋埃𬥓兜𧶭兜夢𨑮𣎃𫤯𧥃𤛠辰𧗱拯堵𠱋麻拯丐𤞺拯顛𠱋麻拯丐鵶𠀲箕實與孟咍害子文𠱋呵浪㐌尽情埃𠱋麻爫之眜󰢟眜鯪𢫫𦀊庒𢜝動棱箕𠱋二使𦖑呐如𠱋决共如丕群𪟽爫之妬埃𬛩網空迻𠱋𡥵空喝英除𨢇沁咹𡮈𠱊如猫󱲔󰡲嗔𠳚噅𢈱呐共柴𠱊各尼厨傳立𠱊燕翎梁空𦹵欄𩈘坦𦼔封𨁪𩌂梗春花噀𠱉嘲𫗄東傕㐌憢𣑯憍梅𢮀𦥃痕古𢬣纀𥿗󱜁𠱉之姉姉㛪㛪𦖑払𮥷𠱈切他𠮾嗷頭𥚇漫麻嚕𦖻外窓兎𠱈鶯鐄腋墙󱖮柳𢒎𨖅󱇩𫣂吀爫侯下蹎𢬣𣋽𣌉𰇳𠱈傳咍事𪬡兎𠱈如穉𢧚𠀧邊案𠱈説事情領𠳒帳院󰝂命𨷯蘇𠊛陳濁餒衛圭仉呻𠱈餒塘𠫾𡨹󱓀𬮌營柳謹康康㨂船𡓁蘭掑𠱆𠱆歌𪀄梗𠱆楽𪃴岸嘅更㐱朱󱚁𠱄𦋦𤌋蒸𥪝󱗲󱫝沒𨉟𡓮倂每𠱀㭳橔肝𫆧塢𧙜𩈘睸𠱀󱠸吏﨤裴公󱚻园時意㝵樵夫娘軒𥒥和𠰺𪀄鸚鵡呐𠰺昆更𦀻𭛣常女工𠰺𠤆涓藝舉子噒駡細𬮌權門𠰺𡥵徐課群𡮲𠰺𡞕自課巴撝買𧗱官陣連𠰺炪茹各柴哿於丕沛焒折𠀲於𢀥𠅜𠰺麻𪠞紅顔㗂㐌𠰺沔帝京習情𪩥𠰺時皮眾些節皮菊𦭒蓮沉渭牛𠰹呸𩙌金冷㳥勉浪粓𥹀羮藜媄𫗒𠰹夜渚欺武鐄𠰹饒𠬠󱋓𬮦河娘𧗱塘𬞺英𫥨𨤮長𠰹兀牢固所惜呐䔲庄邾眉𡗉課篩鐄相閣𧺂稽番𠰹玉𨨧宮撑昆渚𠰷爫之亥宜吒媄眉䐗体㝵君子𢚸𠰷凭凭遣妾𥘷𦁂𢚸媄𫅜恾𠰷固㗂𠮩𠰷𪀄雉㜥呌𠲢𠰷喠土知誅㗂𤞽𠮩𠰷𨕭柳𠬠𠄽㗂𪀄㗔𠼱雅楽𠰷𠻗𫽄特𠰳𦧘𠰳𥸷拱特𠳒呐朱𢢯𬌓𢚸武公𪞷妬𠰳払󱪞船朱𥘷迻𨖅東城買咍試分𭓇才窖𠰮𢬣󱪘之噉𡀵𠰮歷𣮮󱩆󰅹酸斈󱤀𬰛几𠰮蜂蝶㝵毛亇鴈𥘷𠰮埃𫽄腰𠸦橘唁達席小筵待同𧐖𬑵𦓡吱󱰨𨱽󰮭𩺡𠰭𠰘吱𧕚歷𠻦媒𠓨𠰩主浪悲毛𧿨𧗱奏𠰩𤤰咍悶𦛌朱𢧚綿沛叺與𠻦󰅹別𠰩羅𠹽𩄴𣘃迎語𥋳油已㗂𩿙󱗠呌𠰩切他拯之欣盞𨢇𠰩千愁盡釋矯盆蓬功德修行師拱梇趨毫𠰩󱜀󱙠𠫾車𠊚邊西固典喯𠰢辰伮𥙩𤿦麻對各物朱船喯󱣝𩈘群除戈𪖫女捽𦀊吏𠰚動棱庄胣𤠚𢚸貅頭𬌥󰘚𤠲查旦𠰚船𤿤貞𣾼𣷭扒𠊛𢭾焒呵浪寃𢩽撴喭𠰚仙麻句堆侶𡃊台玉吝炭埃𧗱𠴍啂弹㛪𠰚臭𧖱辰嗛𠰘鼎鐘媄於茄𠰚底碎󰝂丐欵尼󱚢納𤤰惜𠰚𦀻針縁隻莫傷台瓢浡分勞刀餒尼𠸠別󰟯尼𠰚辰𠓀傕停於丕衝𥙩𧵑扒𠊛軍弊𠰚昌𫅷䏧𧋉固𤴬空󰜋命𨆢細彼徬坤唐󱋔𠰚易唐𠴍㖇箕埃㗂哭𠰚𡄨意𡞕另買𨅹丸岧峨𧋻對兜辭昆𧋉退猫噞之磊𠰘𬛈乘𠰘膏梁風流仍󱝖穉辰𠰘䏦𠰘𥸷𠰘浪信𢚸吏磊鐄玉蜍共渚歇𣦍窖唭鮮喟𠰘𦵚花𣗓𠲶𠰘唭稔昌𠁑坦珠眉哭丸𧖱𨕭𢬣𠲶𠰘唭𢬣仍倍傍揞買𢯝𠰘辰嗹咾𩸮窮芃船班𠶦𠰘吱𧕚嚦𫩓湖蓮張傘綠𤂬竹𠰏弹争𢚸老親𢞂欺𢭸𬮷𠰘孩兒徐𩛷𠰏𩚵咹呐𠰏𠰏𠻦𠰏𠰏𦖻計𣈜昆渃筭潮落𠰌󰕛尚䊷卓亇鮮爫朱碎細𨑮分𠰌󰣞細𧡊英嚧咾碎󰟯󱲙艮魚蜆𨆶𠰘𠰉辰迡蜆𨆶𠰘󱋓𫽄𣈙辰𣈕𠰉𡂒㗂𪀄黄鳥𪀄𡶀蒸𠰉𡂒所㗂呌𠰉𡂒埃別意𫅫縈𥪞𦀊節𦲿喑啞喁𠰉保饒別之花紅𦹵綠滇滇𪀄𰙔𠰉𡂒󰋞弹鼎當象娘户武𣈜平日恒𠰉指保昆𪀄𩹹麻𠰉蒲𪇌𦤾欺奴㖼𥛉翁碎除船蘭接接掑茹味樁𠶗󱋨㗂歌咚𠸩咚𥚇麻論等君親尋伴切𠫾𠶆木扽𠊚涓𦥃啅咚咚𥚇麻論等君親𡀇枚麻哰𠅜讒吱箕埃咚楳个撜香㐱𥙩准塘詫倍傍實坤哏咘倍鐄爫客咘󰯺旦𧵆𫩫𠳨客䜹沒𠳒美弄󰑼咘朱昆咘帝固𣈘娘屋回西㗂霜哭淚咘悲吟虫𣴓唎𣦎𩧍咘駒𬋩包柳怨花愁裊賖懺生𢮪擛𢮪行咕言物𨔍杜󰊎𫽄捧固埃𥙩符咒吏意沛易𠻵詠咏󰟯朋彙日月運運󰋇似傘公侯蹺滝曲咏曲𨱽𠄼󰬾段𦀌𠬠噅芹𥯌唐花咏勿竹論噲󰑼𠽄咏矯𢚸班寬蜍吒𣌋咏󰞴侯𫽄󰡊﨤沛媄𨍦燶𪹰咍思奥支愈列𫆢𨕭𫆢帶咍行木𪡔咍𡞕重𨆝頭𫳭坦𥛉恩󱉎主𡗶𠁟咍詩礼咾通琴碁合咍㝵󰀎咍把特恩盎那棱林臘坡語娘阿蛮料庄咍旦𥛉望麻衛󱉎主𡗶咍爫法𨔍飭㝵些爫庄年𤽗㐱咍呐恪拯朋吒課怒朗丕貧弼丕谷咍㐱孛羅些𬑉任𬑉󰘉無情󰅹咍花時咍孝𦹵常鮮上帝雖嚴咍禁斷固𣈘𫬠探典房些悲除哭爲末昆咍󰑼明爲󱉎主支秋㐌綽昆碎別𢚸群𢖵咍悁咳𢚸役苦咍役𥚯許英咍文咍武𪰛用旦時皮咍海𩙌埋𡗶秋霜降霜𩂟如饒福咍生及課昇平赧那戈𣈜特養命㐱嫌𠬠約通家喭咍昆造窖羅嘹緣陣𬈋之損氣和咍𥙩仁和𥪞户𥙩順隨𢚸𫯳包𣉹𩄎順𩙌和𠳙𫅲𢬭踤吏𫥨鳳凰瓢董頂杠和世界㗂和喋𥶱喝氊宫彈𫅷特𫤍羅仙石崇則𥚇勒頭人生窒墨和朝和郎雅塤形似卵𤠄燶須呴坦底和𠺙制𡞕𤝞白息意買和浪和埃暴匐課艱難闭除払買呐𠼾祸枚和吏遣包工地獄𬏓𣎃夏天俸𪱆曳秋冬冷了奇和𠄩課意昆𤤰芸宗咋季厘折扵共茹民計自𤯩於阳间咋搜税󰠱尋唐𠫾修弹妑𬛒𦞎时仃咋之呐咈咈呐咈戈咆哮㖂坦󰢷喑󰠓朝㗂𡥵獴𠶂咆𪡱㖂𠲞伮辰咄󰬔𤵺𠸂𡀫拯咍併筭吏空別𬈋咹摆倘於工弄媄年巴林老迈咄昌󰜏骨打󱁕竜踪𧿆𨕭𧿆𫴋𡥵蜂咄󱠑𣡚髀𬙞𨑮𠄩咄𧋆鎌𤎓𠀧𡱩捽擒𣙯朝廷咮咄㖫㖫臨䘮尊號噲浪神宗猫咃𠰳𦧘辰𠾕獍𫆶𡥵𤞼辰𥋳澄澄涅潭瀋性寔咃特𡥵傷悗添爹㤇爲功名忙耽意全羅仍打疑咃咁爲𠬠妸𦝄𫅷掩饒之買𫽄他世尼蘂咀香潤花𦹵覃歆樁迻𩙋㗂琴争暎喂蔑祝𠵽哺時特輸連分蔑祝𥅘咀麻群𡘮連枝𡎢𢞂捽䏾咀𨱽󱁕收空𠀧回点止英𡎥英𢪀咀𬑶咀𨱽𢚸尼𪧚特呿呿没𠊚坤体呾𢵋邊𡥵邊𡥙擀朱邊󰅹立嚴埃敢細𧵆𪽝官噋呾朱民奴󱛥命妾𫅷尼包女惜店恒占包体昆𡛔默襖綠傷呌嗔命𦓡石生󰑼𡥚孤单底奴替命朱𡥵󰑼特卒𠁀茹陳𢀥命𢀨使渃北𠳚碎𠳐命主人󰋇𠳒心事殷勤𠬠封命於𡗶呵沛求隊時𠫾杜默些油感𢚸󱟎哿厚唭命擬𠓹苦没命直蓬空命𡎢城市用涅山林命錯時𢧚每𧵑散乙調能願咍約幼鄧命朱󱉎主𡗶𫽄仍䔲荄命強㕵吏調雅涅世添唭󰋇才擛乱扶衰𢬣命時渚旦欺拂旗𦍛意隘外兵𫽄敢呼河南名價一翁𫛈矇𧡊埃埃𫽄敢呼𠊛儒士不可󰀡文字拯𫨩呼拱呼𡁝没𫿟排係𦖑甕𠰘洞𨖲呼嘹󰬾㗂㖂沔󰡛闾天上衣󰑼襖呼魂朝廷敬祝嵩呼轎𢂎殘傘綽𤤰御𧗱𠱾咹𧑂𪖺呼呼羣欣做做咹𤙭爫之呸把爫嘹婦女盆𫔬㐌干闷呷吏干麻芒徐󱈘爫官拱勢呵烏雷帝呵𡎢𨖲低抸頭朱些󰋇丐𢝘󰠲𢝘𨔍𧡊姑頭喑呵直唭次一且𩵜次󱫳呵鉑得意工𢚸唭貞呵呵渚兮呵呵𠰘唭夫妻且吏𦋦𠊛󰘩𦝄𠶓𠾷勾疎󱀄𪠉唏呵󱋓𨢇興茌聘禮󰑼既呵希󱩗唭折吳如割古𬷤𠊛𠊛𢜠呂茹茹呵唏盎資財性朗庄貪呵爲於𦑃鷂安子孛意羅𢚸孛呵求呵拯汝尼箕𠱋呵限𢚸𡗶坤信事㝵𤄮磊呵浪固意思之共埃姻縁埃呵女料𫽄移肝𥒥𫽄漂胣鐄𧏵呵𠰘吸溋𤄷呵𠸦户陳明公扵外布海奇容英䧺酒色羅尼業呵除在拠牢呵呐些咍炙炙𠸦朱𤽗寔󰑼呵󰜏𠫾󰠲倍󰋇底朱老𡴯呵𡴯享鳩鵓󰑼占蒲俱爫祖󰧙落丐呴如鴝𫯳吱辰默𫯳吱荼呴𤍇買𩵜𩵾強裴共味𧺀意味派意麻准欣分准劍分𨃴名利湓坡色󱯺𩈘風塵𪹷󱨿味橷瀉𢚸清味耨渃水盤矗𠽋味清邏蓮酒曾旁󱋓祝斟茹奴永𨤔味𠸍珠冷射蘭味𫇰漢鞋𫗂初爫牢𩈘宇䏧𩇢味𩚵辰𡃍味棦辰嗿味世䔲荄共曼札乙饒它尾没𠄩畨唸味𨢟𬌓𢚸貝𤍊味𨢟尼呵固為埃𨕭鎫𤄮𧵑𤼸𠓹蔑時仍味唁可𢭂𠄩兩鉑𣳔補添味𫇿底防頭湯拮𨖲󰋇㗂呱呱想如𢧚𬙞𢧚𠀧課󰅹𰿘紅𠦳紫噌呯迍埃凶興𠻵𠃣𠲔󰬥羣𠷇呭喠筭調怒箕秃周穭漢庫藏掣󰠲𨢇𩄲𧗱妬嗔强呥書玉耒𦋦𠤆󱙵𥆾更𣅘月挌梗霜󱋔呢此𫩫䀡娘爫牢𡛔尼庒监󱋔呢傷腰挭𥺊迻𫯳㗂哭呢𡁛吀𠶆具𠓨呢菴𦹵産𦝄粓𡥵供吒𡥵底𠶆具𫫜朱拖𩛜𦟐㐌呡牟䏧㐌木唒花槐固𧋉埃唹𠶓呠頭𡹡昆布榖泠汀𩈘渃丐鯷鯑茹群蔑𤞺闭𥹰媄餒爫呠惜饒𠱋麻梅𤻓柳𤶹𦹵𠻗呞別𧼌爫𫳵塊𣌝夏退淫汚󰉹㕸𠾸冲宫㐌別外朝㐌咍啉𠻗宝位㕸𨖲尚正平吏爫煩渃些󱏹慈㕸拱𨖅西竺𩙌沕朱𢧚沛論繚求封㐌㕸仍𣈜外通北使𥪝𨡨厲階𧁷巾碎㕸𢚁翁埃𪟽翁吏歇穷欣碎狀元俸吘仍𠳒㕸𠱷爫朝󱤥昧滛行𫫵𠼪蜂𧊉㕸𠷥默𤽗闭除㕸所𦋦𠫾𡞕払󱳮朗𭛣之㐌𧗱翁𣩂辰舌身翁󰜏碎㕸𢯢𥙩𫯳󰅒𣈕妥𢚸文轉如筅才咍固󱝧飭𨖲旦𨒒悲𣉹焒㐌𤈜𨖲𡥵時㐌𪿀噚󱜢辰噚𨷈𨤵𢴑撩霜𦰟𦹵吸󱜝渃𬑉課分𢬣浪它𫼳㗂糟糠仍󰬙𬓓檁𬓓旁共饒󰛺英咹於朱𫅜刼尼𣜾﨤底停刼𡢐没命直蓬空󰂇朋㝵客杜茹工茹㝵旗麟象𦘧群停冷碎漢󰅹埃噉󰂇共後生坤几󰂇斉𤒘印封𣈙󰑼保󰒂王󰂇油𧯄庄朱埃𢱖牢固𤞻𡥵捧𫠼𢬣情春󰂇庒代虅共陀𫼳㗂噒噒皮外狀𦖑紅呐𫩫哉𠸦浪寔當女才聰明戈埮柳塊唐枚𫩫桃𠳨槾細潙神京欺盃𪠿唶頭厦噌浪翁子庒兮易唯同同㗂󱲰𠲧它󰠓俸祝湄沙𣻢則娘催停𠲧𡀩噌𤇊㐌咍浪契貝𣕞洙𠹽𠲧𡀩茹南茹北調󱟏𩈘㖫𠲥謳𰙔曲太平勿𠵴蹸󱈘灵床曲寃計𠲥餒傷吟𢢯共埃𠸥𠲥傳𤾓𢆥󰘂𣘈𧹦𠲣篵𥮈屋丸𥒥𫕹夷頓噴𦼔𢆥外𢆥箕𩛜𠲣𣩂𢆥𫢩風流㐌𬙛㗶共饒𠲢哳󱗠𧗱連爫祖𡮣於掑邊𦖻蛮牢㺜𤞦󱨜吳𡗶春明媚世󰅹𥚇鶯𠲢㗭芃桃芻离弹󰠲𠲢咧边𦖻焒󰠲質渚󰟯𣾺陣姮咍󰠲迍逴些侯待𬂙𥪝花鶯𠲢𠺅饒𣷮𣻆𤀓瀝沚輸𠁑𡹡𠲡嚕𡃙𪡦翁咾奇𫽄𨖅艚女拱𨖅西𠲡嚕客箕𠄼𬙞住𡃙𪡦西怒󰜋𢽼翁𤽗張生𥙩爫邏𠳨𠲟所詳兑傷𢧚買𠲟𠴛分明從容翁買𠲟𠴛頭𡳪牢固𢚸𠲝湼薄朋撞蒸所呐丕台闭徐拱固鉴󰅹𠲝空㐌𠲖賖隔吏算𠲝驢咹𪉽呐𣦍欣咹斋呐𠲝生天竺折少林墫𠲝真𡽫熊耳油羅𪀄个身尼庄管𩛷𠲝𩛷奴荣花固𢼂於𫯝退𤽗娄唉𠲝移買𢧚誘𠲜太宗𨁡業守成󰞿㛪吏㕸𢵋𠲜𡾵高項王浪𠲖𠲖刁愁払𧿨𦋦𧗱䀡朝𠾺𠾺𠲖𠲖𠽋唭㕸𠳨𠽉𢖖吏𢢆樁群𠲖戾官民礼格𠲖師且拱你㝵娘蹺香旦房斎𠽄払𩙌󰣑只𠲖坊𢯧𦲿冷󰪋󰅹𧡊塢𠲖󰝡𠇮𠹚切󰋇吝𨑮分麻拯󰜋分𫉩𠲖𫯳時𫽄固塢𠲖𠬠調𠄼更仍塢𠲖朝柳要𦛌𦚐隊段𠲖𠸽闭󰅒𦖑信娘仍𠲖提隊干舘浪𦧘𩵜𠲖兮󱰭鱗鯺鳯本皮少󰠲𧏵𦣰噴渃十讐樁浪台𩙌𠲖㗀招嘹𢞂𥉫󱩩摘𬁖枚𬁖㗒𬁖咳𢖵埃𬁖𣊍喂招𠲖踏𡥵𠲖𡥵㐌𩛂𣈗𨇜𣎃辰𡥵𬙛朱媄𢘾畑誇畑𤍊欣𦝄畑𫥨𥪸𩙌特𠲕咳畑呐停嗹嗍㖫𠲕寬台𠳒意沛庒勾尼𠲏長生𧗱上界束兎群耽低些庄沛各柴唄噅唄󱜖呐𫪦呐𠲏吏固蔑類呌浪󱰪𤅶伮辰拱𠲃如昆󱰪滝仍麻𣁔𡀫怒𠱾妸織払牛典𦝄秋吏𢫣梂戈滝耒𦋦堆我北南𠱻𢚸秋想春尋特庄化州固坦邊城𦊚皮山海𡗶𠱷金湯𠱤噲𡗉例󱛪𦡟時𪢍博媄生𫥨分喔𠱤𣎀𣈜𨊌𬧡盎𦹵灰𣈜八所福󱨱實記𠯇𠱤拯差𣈘清月豸芒𬂙月𣈜永𠱤咆丙哈耒𤽗仁者𠱤𠸂哭沙渃𪾺𡧲塘跪𫴋呌𠱜𦖑傳𨀊轎𡀦𡀦󰢽查纏性朗駡落邪道宁康康埃女負扶持駡可底村員駡兮暴虐蒼生罪累典𠇮女拯責埃𫯳𬞺懞娘頭染鉑昆餒哙布𠰘輝鐄𣎃𦒹哙穊󰂻󰂻𣎃𨑮穭𠃩楳嗂禁同𧵆𫴶哙侼朋英𧡊侼䝨𫅜下𫴋坦𨔈卒它被眾人唭丕𢧚沛細哙𠊚先知駭哖𠫾駭哖𠫾𥙩𫯳爫𫰣固干之喽饒𠫾穊䖏兑工灵𫽄特特𠄽𡮍𡥵󰝂𧗱𫯳邑𡞕婚打㗂哑𠼯𫥨𡥵處兑𪀄沃伴哏花能供猿蓬昆掑󱡴宜經𤝞󰅹吏且哏𦀊𫃚猫試空哏󱬔世𦓡𠹽護法庒噡哏𡂒󱤚𣉹買特󰡫尼𠸗箕哏𧎠𬙞𣈗除粓哏几小人󰅹哾𠰘嘲𠊚君子路抛󰬲賊蓬峩羅𤠚𠻇𡂡哏蒸边方南𤞻他𤞼哏𨀈𠓨朱𣭻𣳢𣴓約扵爫哏哏𬮌權丙默襖妻妻傳路添哏𨫊釘𠃅霜秩𠻵𨕭城点𠄼共㝵君子哏調偕老𣎀畧翁哏辰花用𠫾𣎀󰅒姑碎哏辰花𦬑吏𠓨厨撘󰜋旬香哏拱𡗶孛四方厨尼生𠵌哏󰜋𣇞娄吟浪昆造机牟窖台埃𧗱哏乳姑悲別拱庄風流拱庄𠨪弹𪪳性氣良光哏時𢧚曳呐𦋦𡘮𢚸裊固咹𪰛固盧庄朋掑󰘂哎孚孚柴法雲皮娘几麻𦣰㗂哎朋𩆐特𠳒噀演斌迷仍埃唏响仍皮𧵆賖𠇮芒䏾渚离离𩈘時哉海眞時失䜹襜霓怒左哉𫏾𫗄襖羽箕𤇥𤍊󰮂𦝄計之屡蜆弹蜂哉排没團獄卒哉排𢷰𦋦󱡵北塟外同空鮮肉舌𫪹群哉腈肉舌諾底仃爫粘合𠬠哈皮𠬠哈𢬣句哈爫之謳拯路㐌生𪰛養默𢚸𡗶些低易湼特󰅹庒如几哈鬚𠓨易堆仕汝宋皇欺决策𣈘𣅙咴哈買良臣撟我𣖙綽𦷾啀𠽆渃蜜朋哈渃茶坡𤌋𪀄𧗱𣘃點粉爌𣳔𩵜哈渃𣻆羅快制唹哈𬨠童𠲝浪朝示浪𪪳𠵩払麻𡛔𤳇𬙾󱛢哇供饒茄渃𢧚達例禁喉嚨羅古哄口啞呐哄㗂𩇆哃哃𡆌㘓筭𠚢𠃩𣎃群咿吏𬂙生𦬑提携羅枚消遣摱没𠄩鐘𠮩咾蔑𠄩處固茹辰拱𠮩咾麻空蕃壁之固𡥵𡥙沛針𠰺𠸒制空时𠮩咾昏愚春𧗱𣈗亂羣盧咾𠊛﨤欺󰠃拱沕撝𨒒糁𣳔傳武藝咾通弓刀劍馬每皮咾通覩朝𠴌咾律𨦩窖坤数𢀭󰝂旦仍仍路󰑼𡥵眜咾蒸買𢀭雲仙倍󰬷謝恩𤾓𢆥嗔咺膠𦘹如𢈱𡥵𪨅幽唹澄㦖𧻭翁𫅷󱜺咺沕當呼󰝡古咹供羕盎那咹蒌咹𢁑業𠰘庄嫌所䔲荄谷城南𦫼蔑間庄腰古共事𢀨重默仍襖閑共咹斎陷𠇮粓𤀖苔𪤠稚庄咹朱娘時寡部爫丕昆𤳇絆莂咹眉拯衝英𠫾咹滥﨤娘擼芌共𤤰咹扵如形夫妻責户李𠊛咹於弊𣑶旁𣑶檁渚哄咹埃渃奔如姉𪦲咹𠊚𠊛咹𮥷牢咍及体事𨔍爫丕連信麻咹𮥷罪嗔召道𤽗仲逵咹𡅧恨𩛂禮殮塟上齶羅咸𪘵𨕭下齶羅咸𪘵󰡎仉𤞻𦼔木諸宣𠲣𨻫𩙌樁咷撫佛坡咷棹憲官皮噲皮蛮㐌欺咶𠻵吏干杜停𬙞𨑮渚𥊖渚跪啫咵浪𡄰𡲤𪡔咴吸𣈜計朋𢆥梅生咴唿边亭没命性窘盤觥役茹菓槁伩啂𠰘𢀭咴尼𧵑春香買抉耒悲徐固𦷬吱瓢浪咴𠮾熬易遣吹𢚸客咱󱋉羕如嘺意時𣈘冬長銅壼咱説糠魚鎫咱共時朱侖尹祭舌咱味於客富貴咮珍甘群項客叁叁辰𢮪圖物物埃爫咮悴𢚸𡮠楔喂㗂咮欣女物棦𧆄湯擬吏咮𦓡噔糖𬖵瞻𫥨𠮾化𠹽𧡊呐麻咮蒲𣏒固𤮿辰𤤰㐌用㗂𠽖也唭𫅷𫥨咭味權門𧺀㩫𢧚派恒体𠄩昆𡛔𠰉咬唭𠹳𠰉咬唭𠹳󰮃𢚸意強傷焒󰠲質渚󰟯󰋓陣姮𨓐咦彼嗇斯豊𠳒󰠲眷練清新𫫵咦𫗃楚𫡮秦𪽝埃説催杜子撰之𠄩英拱旦𫫵咦󱚢場欺陣𫗄𢲣𢯦梗碧𦖑咦嗂㗂𫫗外賖燕梁𨻫仍𫫛咦保埃諭掖𫫵咦咥觥咥橘之𫢩菓拯拥坦牢咍木𪴉滝咤丕滝咤丕皮侯𦨂嶟󰬽𦰟𡶀䏾𡗶岑𣈜𣎃逍遥咤計𫷜尚阮景仙誇咣𧗱據超類合團囚𦀊𪀄特浪𠤆呐咣㛪群𡽫湼𪹷霜風寒󰉲投最打㖫咣害民鏗鏘𡀇咣亇溪𦗏偈頭魚咢𪀄𡶀𦖑經古訖劬特如松栢撑𫉮䜹󰑼𪡔咡廛援麻𫀅󱝝呌咟住𬛀昆役之急急奔奔𧼋𢙇渚𦖑𠳒世𠶓㖇俸連𥙩𥙩吱吱者朱些低󰅹沛藿柴噃噅噃吻呐㖇空任咳咳姑悲伵保㖇保㖇空特梞翁掑珥床強𠴍㖇朱強吹珠啫絲紆強商𨢇㗂浪醝醝拯󰋇度𠄼𠀧󱋓㐌醝㖇世𦓡空特悶唭㖇空特辰翁吏𫴋艚林兵𧡊事𨔍󰟯嘆浪仙主氣剛㖂𠁀渃南㖂乱東西隊吝構特英威恆𠯅㖂所功德意別包饒𬇚𬇚𫗄㖂排排湄沙𠇮默襖甲光󰡛㖂󰟯士氣㖀𠼪𬷤沛𤞺文塲料領捻咹𥸷哬󱹽窖如払韋固󰎡󰑼𡥵太守州湘𨷑𠰘呐󰑼󱜴八索𣟮媒󱋓沕㘉宮湯𠄼更識率奇𠄼更擬傳賖賖逸󱜲𨉟𡾵公户咹󱜫福禄吏𢧚遣解詔遣達几咹帝󱚍帝𤏧𦰟畑𨖲体𤽸抛昆蛌󰬛𠃅𢯰𣎀輸㗂鵑啯󰬚課𦝄書鴈落來欺𫗃㗂鵑嘓𫪎課𦝄埮𠦳渃碧𡽫撑蟡愁𠳭𫪎頭梗添傷分爫衙吏𡮈󱹪生𡥵科宦芸儒𫪌𫪌𫪄咹𦖑几噠排折獴時乙󰑼猉𢜠𪢌𫪄󱛽為浽𫯳終燶󱋔滥𦖑霜雪唏唏𬟥查𢴍󰋇粓𫪁󰡫󰅹𠫾𢄂咹𫪀𧗱茹打𡥵𠳨法真空兮之𪡎碍聲執色軍渃燕馭渃胡拯埃垠欺侵𪡍体𤳇𡛔𠄩㝵𬪽𪡉󱁲饒都唭欣蔑除𪡉󱞮練忽洳苦辱陀改末每琢木号丐𪡉𪞀𪡈侯傳奇隊攕𢯢噐械蹺些昂語同内拯吏共𪡇埃嗚𫨩𡗶𫽄𪡇翁西更𣌉󱟮󱟮𦊚边󰋇𠳒󱋔𪡇比犀㤕為香共塢𠲖坤寒󰢷諳㐌㖂㗂𪡆㐌󰠓固欺層阁𬦪𨇉𠴞𠶊𡥵喝攄朝琴腔公主󰝂𬟥𠓨朱大鵬精𠴝耒吏𦋦吀𡗶𩄎𫴋𥙩渃碎𠴝𠊚𫺴𠅎󱥻甌𡗶𠴜𩵜𫽄咹𪉥𩵜𤹕𡥵𠴜吒媄𤾓塘𡥵虚共饒𠶌𠴜每𠳒迻󱙼埋吏典𠶌𠴜安慰𠳨油准隂司𠴛𠳨㐱𥙩𠅜些呐實𦷾傷台钱𠅎疾群𠇕偽坦客𠴘𠹚体尼悲娄昆学世󰅹玉京𦖑㐌𠴘嗃𨷑場双离㝵庄召𠅜𠴗兀庄曳𠅜𭁈𠶏𭈙絩紩𠴗󱛣决𢚸琴瑟󰜋𠄩𠴗𠴔固昆𡛔汝節春士𫅜𠴗𦷾係𣈕伵孔伵𠫾𬆄󱜺𠴗自𫢩𢖵𥙩𣈜唾瓶瓮𠴗達嵬拮󰝂旗使没枚衛典漢功髙𠴖𠴖𦘧𢧚圖濕髙𠴖𠴖𢷆行鴈𨕭󰡎漏漏現󰖽豹檜僊課占包隔岸竹噲𠴖吏高𠴖𠴖𡾵皇極恰凌凌福庶民体𠳒如𢭮䋦情𤎜牟𫟌省𠴕鑅𠹚蘭㗩𠴕仉𠓀𠊛𡢐塵埃㐌𧡊王侯威容月春㐌窖𠴕𠁀𫳵麻拯𠴕𥙩𠊚清高即時衛准書軒𠳚𠴔税倘儈𢯏鎖󱤈󰁇碧拯傷旦鐄派玉湼女爫朱𧊉󱋓螉𠴔󰮃欺插𦑃連梗係喁𠴔其空餒兮耒翁瞻朱眾悲呐𠴔𨍦𫏾雲為庫𠫾劎亇及時拯枚搊珠梳吏如印卽時衛准書軒𠳚𠴔惡口羅𠰘與羕𠴓𡀂𠯽𠻵特強爭能𡥵踈𢘽𥙩埃廛及嬏𥘷終𡗋仉𠴓𡀂洞庭沒渃沒𡗶𫫵𠴓范蠡容制闭迡翹強𠽋𠴑󰘉空𫥨𠳒埃𨖲𠴍姉行橰𥴜󱏹汁渃𡨺牟朱鮮𧐖拯𠴍𪂲𪂲拯𠴍𧐖𡗶爫𠬠陣溟濛媄𡥵𠴍𩛜𦣰空𠀧𣈗󰠓永𦖻𦖑㗂𠴹𫯳𠴍𠫾矯𢢆󰋇𡽫滝𠳨哴翁仍才之麻払𠴌頰搊皮古人𣛠禅朱別拱生俸󰠳車法吏𠴌轉運敢𠶆翁𢀲無𥪝𨢇𣳔匝納茶崇𠴌齋𠴌𠴌㗂丐蠅撑𫅰杜蒸幅𥴙丕𪲽啉咹𠴊容𨱽𠭤恩爫怨包奈業縁性伮拱咍𠴇饒𠳿耒淚㳶𣳔𣳔店𢇡𡓮預檜松𥄭涓連㝵念佛𠳿𫯝恩𢚸信供泣尼庙厨媄𡥵苔墮西楼呌𡗶𠳿坦別侯埃兵季厘語𩈘𠳿𡗶買咍造化恢恢𫽄惏𠀧𦝄印那禅門𢪀悁属貝麻𠹚𠳿共尋勾𠹚𠳿料排呐能塸浽胆𬌥𦼔𠳺噴𡓁𠻗𥚇螃浡啉沁牢吏固蒸敢爭𡂳𠳹娘𦖑咹呐𠶂𠳹𬮙愁尋藉𠄩行珠滇𡎢󱪚梗𣘃𣘃㹥𦟑蹎𫏝𫴋汫汫埃咹𡥵𠊛如世𦓡如世如世些瞻擬拱𠳹𠳙些侯下范郎𣌋𬁑朱院每唐主碎𤤰㐌差𠊛恪𠫾𠳙朱漢咹沒𩛷𩛂醝耒𩢬漢𨖲𠳙宿直朱蛇王𠊛食󰑼衝包𪜀多來庄𠲿㝵哿𠳚恠魚樵𠄩𠀲吝󰑼繩陳御𠳚朱斤鐄吏𡀪阮惠𠳚權國家咹𠳚𦣰洳蒙創麻𠫾生𠵌坎稔𠁑楼𠳚浪昆𡥙旦侯師姑依𠳒払𠸕𠳚共娘𦖑浪碎𫥨帝𠳚𠽔𤑟𤉜技𩯀蹎絲每𠳒󰞿俺𠤆𠳒欣舌蔀伴於湼寔他咍󰠲上國兵𡗶嗔𧗱本國特𠳒便宜擼誓𨕭瀋𠁑𣾺共饒指胣定𠳒通家管之𠰘世𠳒貞歷庒󰡫仍麻󰡫買頑𧖱悭喭喠呐𠳒喓𠻗針鐄埃女捥鈎𠊛坤埃女呐饒𨤼𠳒檜炭𤊤𤍇貝情𪡴𠳒鐄𥒥吀停賖饒浄土羅𢚸𥪝瀝渚群疑𠳨典西方修定丑帝旦庵𠳨浪𡛔庄固重麻䐗實時磊意蒸埃北󱥭𨖲𠳨翁𡗶仍錢朱𡛔固𠸌特空隔澄坤𨤧𠳨𠻃易算貝月坤盘貝花衛𠳨安吒媄𡥵猫麻蹽𣘃槹𠳨𠽄住𤝞𠫾󰠲永茄旦邁糁歳固饒几𪠞𠳨爫𡞕朝𤤰惠宗代茹李𠳨件鎮宣光畧𦖑仍㗂添油󱅷𡢐恨為縁底𠳨𠵘滔𫢩󰝸固叩頭雲為排歇畧娄𠳨𠳒𠳐恩聖律媄吒蜍柴𭓇道昆𠳐𠅜吒麻伤媄凜𠳐𦋦時㗂抵𠁀拯𠳐時你𢚸𠊛別包蘭臺停筆清台𠳐󰝡國語演唎史撑𢚸𥢆貪㴷󱝪𠁀負情偨伵𠲹唎父親法咍𠲶念𠬠句抋收󰠎物󱚢瓢壼灵煚油𢚸固云為昭皇𠽊𠲶唹𠵱拱唭箕𠳒古德底噒𠵘𠲶唭𤁕仍蹎茹𢀭跿㺔庄丑𩈘󰅹𠊛陣些朝𠊛唧些嘆或囉固𤴬瘖症之苦餒拱固𠁂折𠫾朱唥恠牢𤵺𡗋倍分𦖑時唠沃動身仍󰑼度身唒𫴋久泉拱安博拯於唒𠹚拯於歇緣唒𢬦荼行拱󱋃唒𠺘𡶀𡋿群高欣堒唒胣玉肝鐄共󰑚𥾸𫆧蠶佩𤂬強𤴬唒𡎥󰘇数揕𧏵詔花簟錦空𫯳拱虚趙固昆𡛔平花越王腰唒󱙻𦉼杲娘唒兵焒渃𡽫如󱀄𬠥𬟻坦𡳪徐低𠰚𠦳鐄坤贖唒杯𪿙春細丙𥆾花唒𩈘秋𧗱𠾺𧡊柳珠眉唒於冲房計特蔑𢆥團領襖朝玎璫錦衣襖錦連唐𧗱圭呐浪柴󱙤𢭂身󱠼唐茹唐𤽗昌起爫官經畧渃南唐漣豸真坤提𪟳丁馨𦣰𬮌竹醝了少頂唐樁唐棱永尾埃侯別之圭寠拯𧗱女底荒召報工巴唐苦尋唐換骨㐱舍能服藥煉丹別唐𨕭天堂麻另塊唐沙地獄歹命沛料尋唐墫𪞷水團中唐外孛浽丸泠汀噷唏㹥𢚁主茹󱁲𤞻奴語实󰑼特台海蝦羅𩵽唏墫秩文章󰬾𡱩坦縱唏弧矢𦊚方𡗶欺景欺銷欺𥬧󱯈喠唏喠喜喠希哬安分安𢚸矯㗂唏𤌋狼𤎕鬪沁鯨泌唏唏󰠲麻挸𩵜撰羮󰋇座蓮𣼸唏香御𠄼式𩄲封帖襖朝柴等曳戈真庄某丿唏侈丕哿湄惜台及㐌唏唏悶流落人間㐌閉遲㳥碧蹺澜唏󱧝試蘿枯𠓀𩙌仕迻𤅜唉唏唏俸蓬芃𡥵咹𡥵𥄭朱頑沒𣈗沒𢀲朱安𢚸𫅷唎巧言如㗂丐簧𩈘蒸𠫆𫽄別虎丕半利謨名󰅹仍几此𨕭𬉵奇󰜋𠄩唎唎呐空𠽮行𫢶搏梞𠫾睈埃𪟽𡥵𧎠𥪝𨉓奴唌埃保翁膠膠㐌𠇍󰝂姑𡛔𡚄唋廊儒唉舍無心自然合道翁唉於低庄固末功󰠲事机昆唉𡨺提兵權媄懺算皮𢭄昆永𠊚𨷈刧唉𦹳名傷台䘮服唉群󰒂𫯳道主補敦唐󰅹𩅘𠞡唉底承客唉朝埃急女辭吹𠊚八歹沛󰄼迻別庒拯別唉払牛󰜋𣈗󰑼󰋇𣋽枚唉娘𫳵𡮠踸𪽣穭翁唉𪂲𪀄𣋚鏙𭊕𧗱棱朶茶蘼㐌唅𦝄姅𨪪唅𠿯𢖵景家鄕㐌篇咏𢖵吏章吟愁預𧡊事𨔍㐱稽㩒鎌噲唄阻𧗱唉昆吟咍味道極蒸唁或欺𥙩𣡚唁招朱𦷾朶梨唁𬑉九重唒眉點𤁕仍𢚸共超拱固𣅶𨢇唁共叺󱋓琼漿音挹瓢春𧺃辰鐄𣘈唁辰密𦝺𡥵𡛔𬙞藝𡎢黎羅󰜋󱪚榾羅𠄩蹺𤳇羅󰬾咹𩚧羅𦊚𡎢𦠆羅𠄼𫨩𦣰羅𦒹咾唀羅𬙞典昆㐌哿爲徵昆麻多每𡞕馭高傘哿閻王󰅹計打迎昂渃强𣻆旦𣷭强哿園廚固核櫗哿𫏙坡塘哿滝汝箕𪟂所梗槯旦欺省沒拙連嘆哿㗂浪於昆碎牢丑命共吒楼𢆥爫丕𢄂廬陵㫧末過於庄朱麻哿秦便世𦓡空哿𠰚別包𣉹哿塊𢞂󱳮性清󰅹兑皮螉𧊉節悶拯奈課雪霜払吏鄕關哾妾共襖襜𪰰用𦃿蘇𦛌蚕𣯡獸拯朱哾懷㐱實昆芒性涓啈哼落唐林尼𪋟󰮯㐱實昆芒𢚸些恒󱟪哺哺道常𤽗𢪀固酌之嘺𠹳朱哺欺一决空𦖑𥪝茹𨤵易𪭯餅蒸外󰘂𠾦哺𡀍終𦧘哺版𥘷尼斈行󰭼宝貝貞底𠁀哺嗙󰠲敢共𠊛髙𢬣歆埋㐌篤𢚸哺域仍芒𣅘󰣑哺󱝐𠄩茹昆㐌旦期春𣛟哺拜察宜𠬠󰑼把恩鳩芒廛守伴共哺衣禪僧賖𧵆若沛昆𠌊討順哺𢬣執娘麻生庄木弄那𠿴哺哺撫治別之羅所重𠸒哴仁義𥙩爫初援車𠁑月𠳨𠻃哴翁月唉中囊固之固𡨸哴春不再來沛歛准尋尼結伴翁哳𨢇𠓨翁呐𡅑娄娄𢬢哳𫛈𡥵共情詞培燥哲󱙀饒耒𦋦情面𧗱𡢐羣𨱽󰭺矢頭𡽫𠊚掛檜哰嗃𨆝𡓁客𧗱船朱臣仍󰘚菫魚哰嗃絲竹蜍唹鎛銅𡀇枚麻哰𠅜讒吱𤽗黄卞哰几咍𣵰蒸𥪞㳥泡𢱎𡑪收歛𥙩英徒醒英徒醝哰英𠰉月𡨌班𣈜爫之㐌倍㖔哰底朱湥玉𣻆󰠢牢𢧚𧘇昆㐌悶拟𫯳傳哯附馬唐中朱眉𧖱悭埃拱𠺾眉哯𦝄哯𪘵𢶸䏾閉𥹰身𠍦󰅹㐌聀󰠳固𣈙咆哮㖂坦󰢷喑󰠓𡗶𢞂惺𡥙婿哭迻󰜏唵哬如𠏠𬥓𬷤钱𫧟𫽄𬥓𬥓𠀧𨑮銅擬些些拱倡遊哬𢜠𧡊弹𡥵樣拱它曲夜清𰙔窖項哬府兵𠸦窖𡁝哬更𠄼皮撟典茹户梅𬕌箕撩仍𠾿哬弹箕𢭮拱菫魚㗂弹固𫯳哬𠾿拱如空達調花月嚈哬共羅券約底𩢬𠊛些噲󰑼蹺退喃哪唯傳瞻󰮂事世潤𨔈劄爫喃哪執整𠳒凣払自赧哪梵宮座獅命釋󰘂𧏵志儒角則俸𠦳鐄群哩眉󰝡𠬠棟昌枯尼哩𪵯咍分蚤侯爲迈哩󱫷注説紈袴󱧔哩卞曳㺔哩𠀧擢核𩇢形宛要没𣳔渃碧𦹵嘹哨舘使牢麻客永哨𠳨𠶀師具到尼㧅弄笛羅𠺙哨𡃍哧𠊚󰠳𤳧势尼矇英碎語菓䕯西勘󰏙体寔拯哦論苔山海麻他狀𧗱󰅒体廟傘圓鈌蔑員判事坤𥙩埃料銓朱令𢭂󰙅𤼵即时精兵𨑮萬属随𤾓員㐌𠄼辻歲𨑗頭空昆芮業仍愁村員催催吀哠姑自帝朝待辰碎拱報岧𨢇㐌歇卞炪畑呐𠺟㖗㖗拯痗丐鞉丐𪔠㗂㖗㖗󰠓󰠓霧霧所氣隂㖗㖗所㗂𩆐𨢇㐌歇卞炪畑呐𠺟㖗㖗拯痗創𣈜合技陣排左右双双鯨鯢㖕鐷蛟竜争𠶣㖏怒㖏唐麻󱢜殼奴𦋦仍󱝫󱨇瘖林㝵些召庄特󰣡底丕庄敢墫㗂琴㗂瑟󱝆噅󱋓瓊󱋓玉達排宴筵㐌󱝂渃治吏󱝂民安𧡊娘𧗱准鄕関典制󱝂𠶁𠳨𠻃事情󱢏𣉹礼隔官民想功德󱈘吏𡅧󱝀𡗉伮辰󱜾𡀫拯咍𠹾苦𣃣朋󰇽𢬣唻󱜸仍𦧘吀𠯦仍󰭧羅𡥵蝼󰵡𥛉𡗶朱奇𩙌婻朱矯碎木朱𠻦碎󱜸㗂是非𨻫仍喑󱜷𥋳瀋淬馭胡戈󰘂𢼂㐌補𣅶嘆󱜷哭噤吏圍𢧚𨕭蔭󰡎淹𥋳瀋𭰺馭胡戈󰘂𢼂源𣻆𫴋腥𦞣瀝潮𧿆𨖲漫𠮾󱜶爫辰𫽄特吏𫨩󱊟𠵘眷客詩吟𢚸派派嘺𠊚鐘搌㗂󱊚󱊚棟㗂鐘󱊚󱊚渃淮水󱦾󱦾閣𢌌清鐘迻𢽼蟄念南無弭㗂󱊚󱊚󱊚󱊚鐘㨂𣈘冬感𢚸尼𠹾𨻫功待徐󱠰幢幡染鐄熂𣅶𩙌迻法派眼如𢂎󰮝䏾樣顛屎欺󱬑𨷑入儒時釋𤐝𨕭𠁑𨷈𨷈准率初󰅒󰋇󰋇更󰅒丕吒𥙩𠅜𣦛体挼慳𪢍𣋚󰅒媄奴𠫾制倣澄共旦固堆𠀧𣈜天下𩛜𧞿傷𫢼𧡊𩛂富貴朕󰅒𢜠𢚸𠊛󰅒𠀧𨅸𧵑󰅒𠀧類油𢚸󰂛賦吟詩太平𢜏及課𪰛堯天𨀈󱚢皮旦姅𡑝啉󰂘昆梞幅巾迍嘲至琢𣖖鯨淹吏𢶸啉󰂘長曷点拱㧅買耒迻礼眇制吏勾𰇵沫吏𠳒迻征譴𢚸𥒥𨫊𢧚孱𢧚漂計歳茄綿忽𦊚𨑮文綿岌𡹞學綿𭈖焒𤈜渚覩油𠓨𰈨𭈒呐息責牢𢰺搒󰬥病伴𤿤𠫾吏𠃣󱯄𢚸户莫𠳨𪡗菭咃侯君子𪡗𫯳小人木匡櫃鉢中茹因欺咹㕵𭁈𪡔邑包𫏻吏美󰀋𪡔固字黄麻遣翁聖枢离蜂讀恒欺燕飲欺𪡔𪾺乙𥙩𠅜和敬接𠶤󱦅󱦅吏髙蓸𠶤㛪㛪吏𫥨牟爫髙埋縁𠶡女󰑼捕渚疑吳起唉卢買臣庄除𦧘㹥𦧘𬌥𠶡屍戒禁󰘚油𩛂醝雖共太子結願外情湼意拯𠶛𥪞𢚸徐𣈙係𧡊辰𠶛𠄻󰠲旦注注𠶛𣋚𠄻𠬠岸𠶗󱲗香花細尼風景圭茄𢞂星載鵃嘲𠶓𠰺𠶓𠊛些鷾鴯吏嘅𫏾茄𠶓𪡫制排姂𡛔宫坊𠶓喯弹喝噌㖫珀笙𪀄鸚牢窖頭梗𠶓喯𠶓𠾷句詩󱀄赤熙何盞𨢇興痴畨尼翁决𠫾奔梇𣃣半𣃣囉拱𠶒行朝客過欣茄土翳𠶒行如世語𩵽鮮𠶐𦖻冷役公侯𢝙核鋁󱯑𢞂瓢𨢇斋顒𠶐㘇午怒持髙濕𩧍樓箕笛𠶎𠸟𠶍呫𥙩𡞕辰𡠣連𢬣𠤆底𥹰𣈜𡗋仉嚵𠶊槣𨕭󱠠卒𠶈床󰟀󰮃䋦㐌𠽖娘急𫥨𣦰包兎吝鵶斜碎吀𠶆舅𠫾高楼𠫾茹土喂𠶅𠲖拒曲󰠲𠶅㩫如𠊛宮仙㗂󰠲𦖑創爽󰑼𠁀𨀈󱚢皮典外𡑝獴銅卞𠶂㗂𡂰㖂𡗶買𠶀𠳨事茹命𮎦從且姉平宁姑𢜠梅生蹺唿賖𬂙眿𠶀爫𨁪買封𢧚墳倍𨖅𠶀趣園𧵆𠬠塳𦹵碧𠇍吝󰠮𪳔𣌋𣈜搏󱫴𠶀垌歇渃㛪𥙩𥭑崇𢫝𨖲頰𠵽包饒辛苦閉𥹰秩𠵴隊𣅶勒頭隊畨箕文君媚苗課𫏾𠵱典欺頭萡麻傷形木石鐄今󱬎古色禽魚塢雨𠵱風㐱㐌𠵩責拱堵噒嚕倍傍𤤰買旦𨍦上皇𠵩責事欧庒為𢜝𤤰別罕𠊛𠵩責𫢧󰜏󱭧蹎󱭧𢬣杶雪撫𡏧𪀄𠵎𦽎桃花𠵌㗂竹默𫵞麻𢀨騎㺔𩂏丐傘𧍰𠵌讀豸豸𦊚𣳔勾䜹主𪪳𠵌別蔑欺滔咳滔唉埃之典眉𠵌𠊛呐堆尼名博楊公店皮聀𮤭𠊛𠵌安王魂脱𨖲制天堂𠰷𥪝𢚸𠴼𠴼恨蒸排妾𡭜󰣑󰞴𠴼𠴼𡨸憂勤油拯緣𡗶本定䐗乙𠄩吝及𠴼𠴼𠴼媄吒𠀲󰅹扵𥪝丐茄尼汰汰𠁑𨕭𢜏𠴼𠽋仍󰑼𠴼󱲗㖔哰几珍重㗂𠊛𬇚約才𢄂圭𠴼󱋨争都𠊛誇襖紫几鋪裙紅𠽋唭昆造詐貞字縁𠴼啅字情𣼽滈𠴹縂𧋉咳払喂咳払喂妾𤊰縁払固世傕永永𦖻𦖑㗂𠴹夷傷𫯳𢧚沛𠴹卑卑𠰘噡𢮀𨢇𫮦灰𠴭喠渴尋茶󱌡木苗󱝑啴𠰘世易𢫕特󰅹𥹰󰅒些祇𦖑朋𪖫啲別味𦹳𠬠㗂哬𠊛坤呐𡗋唒𫨩拱啱神符船𦩳泠汀吏群敬典㧅情啩嘹弄另乾坤世界啨唱春夏秋冬𦹵鷄頓噴蹽觥唼亇󱯧𠻗啤汭𡧲𣳔定浪𤽗渚𪬡󱳮固𩈘𠶏啡永𩈘凶𡁝󰝂𧗱𫯳挹𡞕婚𠰍啞㗀唹𦰟筆𨨲辭難坤啜役君王唯唯添𤴬挼斷膓揚爫𠅜𡨧浪補准苦細准𢀭妾吏啜之傳𠁀空𢧚𠃣啜𫥨𡗉趨賖趨啜𠀲󰅹打󱥄辰沛稱𫥨磾啜戈頭蘭明惠惠明蘭紅顔泣啓慈顔汲󰁇鳩鴒󰑼丐碎碎景真𧿆啐𧿆唯苔弹別辰疎啐庒別辰預榾麻𦖑𡽫滝㐌啐唎誓𠄩𠊛没丿化衛蓬洲問曰卞世紙庄体景𢚸踈强問曰輸𣈘問曰䋦愁𠚢󱚢沒𩃳𠠩𡢐沒畑啌𫫤几唭共几説短笛群啌𡁾𠃅外几啌盛治𠊛𰙔太平胋催几咏𠊚啌花鮮湼筆玉󱪼𠳒騷眼如󱦔𦑃跪啌喝𢜠𤤰啌看欣蔑除朱鐄𡨧𠄼梭𤤰常𢪀𬢱啌𠸦𡛔牟𡄎𫀅節婦󰒂夫𠁀𠁀血食埃󰑼𫽄啌固𠊚得趣工欺意博𨱽擼捤散彈賊嵬奇啉𠻗學户徵仍啉𦋦𠁀麻立功名𣛨䋥默埃啉杜𣷷󱏹繚尸几㕸吹𡹞啉𠸬𢬣𥮊𢬣戦共埃𠸥𠲥傳𤾓𢆥𦝄禅域域印楼啉嗂畑杏強愁燒燒啉嗂昆梞幅巾迍嘲折𤽗李鄂𰦫啉拯𣦍種󰅹号意实先庄啉啉塘吝裊坤通𫮇𧗱𠹚𡗶𠳿坦啉𠽍䏾圭坤底󱙼󰝂𫮇塘啉嗂長曷点拱㧅蔑𠇮啉約埃咍󰅹𪟽富貴典𣈜𡗶朱打𤿰啉啉醝浪𧽈𢷵呐啉初牢形影庒淶参商拯院𡨸從在埃𧯶监負𢚸故人几庫常爫益几𢀭於時沛𡄎別傷饒𤽗宗鷟謨𨢇啅𦧘蒸𥪞船淬祭𦷾麻𪠞交椅󰑼啅外娘達排咾啅呐啅吻󰑼哬啃爫高貝𠇮咳姉㛪喂固别空𨕭辰𡥵啂𠁑辰𫯳𠰳咹仍𠴍共讓𠀧𢆥啂𠹰𨉓羕壳蟡𠰺時隊才啂保學時歇飭硏我料麻𡅳啂𥙩饒𪹾𤐝㐌固𨕭頭渚󱳮隊娘妸朱竜𦋦尼𮎦啂𮎦群拙伴䝨󰒂𬞺拯𠳨哿𫵈調𠽆昂啀𤣡𢧚斟役𢬣爫麻停倍役𦛜啀群縁挸𩵜𪮙羮𣍊縁唒𣓾荼行拱啀園瓊油𪀄呌唿𡎝塵固竹亭垠𠱋唿主胡𢚸押枉鐄𥾽𨫊勁敢差訛頭𡽫猿唿𤠲𨅹𣘃掑󰘂峝花尞𠃅伽𠇍𢆥𠿮唿漿蒌苦󱉲群想郎𢀭𦬑捐雖𠽌如甕唾柴題浪牢君子唻󱛾排𠾦𠳚戈讖唸󰡎楼吀𫥨遊學長州圭外仍别咹樁麻唸栢𠰉𣎞麻𠹳𫗄󰋇秋唸密𦣰𣘃誓𢚸者特陣𨱽買安案前唸𡦂色空󰋇念󰡰俗𣳮冲闭除𦋦󱚢皮特󰮏冬惠皇𠽋唸固𢚸啌𠸦本衙差拠𠳐行典茹買𠳨唶嚀𨃴頭钱𫧟𫽄𬥓𬥓󰬾𨑮銅乳㛪針唵枕槁朱英扑丐固𤴬英𡊰唵唵輸𣎀吏𣦎𣈜病󰠳固病𤳧𬏖台民𢜠唱太平歌店語仍󰑼𣈜吏創𨖲軍侯悲𠫾尋𠊛喝唱旦低朱些准王庭嗔命󰅒合典丕因唱讀文劾浪唱名󱙻噲𨕭𨉓象咹燕瞻𫥨固𦧘䲲院春覃蔭𪹷初唯伴索易唯它沛召牢敲助亇廊漁父𪀄瑞唯㗂歌𪀄瑞所㗂𠺙唯盆丕𬧻卞共安盃𣞄更𠀧𦖑固㗂哭唯唯自賒侯典𧵆唯𠁀治渃𥹰𨱽群𡗶群坦群𠁀郑黎潘陳𠄩户󰠮儒唯傳月恆刀𨆷春恆唯𣌋吏朝唯唯𢭗窻唯边滝麻立廟蜍蒸󰁰餘准󰞿㛪責禄倚坤辞弹沉䃅玉𤚧北拂唯旗𦰤𫗃西唯裙弭麻𢷀󰇵𩯀𨱽拯別所數󰅹唯事寃𢀦事𣒠件特所平𬂙澄宮漢󰋇重賖唯唯隊㝹郡𦛌𦚐䐗体㝵君子𢚸𠰷唯唯唯戈岸柳王絲泊拜羡𢚸花動䏾紅𫚳呌猿唬𦊛皮渃𡽫悶嗃𠬠㗂朱𨱽矯唫劍台𩈘𧍇肝𤞻埃𥉫𧡊唒浪唫沛唭𤤰嫁公主朱李通公主空𠹾𥙩恨化唫想浪𧗱旦時𢧚拯疑㐌唪𢬣𨕭𠽋唭英払䠣𧿆𦣰𨕭䏾繩𡮣嗚唩撼𠁑䐥像󰜏捠准龍宮景界尼唩埃𨅸帝躱露台醒迷𥢆仍盘桓󰅹𡽫渃些唩園󱞙兜唩埃涓属渚曾店𣅘唐突為蒸故󰅹𡥵字𫢩𦖑博㐌吹浪縁台女唩埃喂鑅鑅𣈘𠄻𡮍𣜾差江邨嘍㖵𠬠𨉓埃嚴明德意榮榮𢌌潤澮㖫㖫泣𦊚方城外餘󰮏𨒒𠄻收𧗱蔑䋦𢬣扲㖫㖫噌㖫葉管葉笙𨢇椿高湿󱋓瓊菭為名價󰠓㖫𨑮󰋇省𦹳㖫𠠩𩙌吝味蘭𦹳萩埃別𤮿㖫埃𫨩㖪掛㐌𤴬𢚸丐蟈𠺚𡂷添息臆昆蟡諾㖡承𠳐仍類涅鬼㖡精𠰘雖菩蕯麻情夜叉𤽗仁者蒸准𦣰㖠吟疎娘蘂卿隊時㖠干𠅜雖拯体𦖑仍極敬你𦷾罪滛惡扒特果然󰝂󱚰󱳪矯群稔惡折离多坤忍󱝙离謁实可伤味藿梨清淡麻唁欷歔𠸂󱝒揬𦀊女吏動棱府紫自𣈜特審縁達󱙻買噲妸貂蝉呐事陳仲初箕本󱙻課󱎣󰑼梨輔陳𠸍朝宫桂姮娥陳公買達󱙻󰑼嬌蓮裊群𨁪户𨁪󱙻塘交牢切𠳒願牢親庒唒之碎𫢩󱙻噲李通蜀王固弩神傳𰿘軍𢭾没𦀎󱙻群之𦖑神耒吏󰛩𡥵機謀拯冉傕群責埃特𠳒如󰘉𡬷𣘈𨀒駒𥊢󰂤渃𡽫圭𠊛節𤾓𢆥𡝖補𠫾󰜋𣈗闭𥹰拯𧡊圣明埃咍𡗶㐌底𰈏待些懶它𢜝𧼌󱚢庵曳𠊛涓脉曳𪀄𰈏謨𭉑期懺所迻朱昆𤤰吏𥙩昆𤤰蔑茹󰬾軍𭉆事徹胡󰋇尚𪘵𤽸折和泟空固欺𢚸𭉆𢚸浪駭纏節玉價氷朱勤𡥙𭉆拯敢㛪傷拯𠳒忴𭉆柴黎大顛傷吒舍利補沔蘇江交遊羅義世󰅹勸勾仔細𭈷調乾搈事世㐌咍𪰛丕固埃谷特某𫫀𫫀端枘飭劸𫪹娄和茹𢀭󰋇刼貪婪閉𫪹包𥹰到底恾邦𫪹𢫈桑江山隔唐𠦳埮跪朱部領𨖲𡾵𪢊𠀧𫪹𠰘𢬥𨒒𨨨𢬣歆埋鐘𫪹荣移眾僧刻議㗂柴善齋󰤴韶𫪹跋威󰀩㖂𡗶願𡽫誓𣷭𪡩事初蒸㐌磊拔湄援𩄲唭身意蒸󰞬惏群艚艚𬥓󰬸縐傮𧗱買別𪡦㗙薄情啻朋茄渃朱翁杜辰𣎃翁𪡦特𠇍銅𢪀強茱悴𤾓皮𫼳最農包俸俸𠸽󰑼𤽗天錫𠻵㗂𦷾遣㝵蹺𠸼吏𪢖𠸯如官侍啉𠸬𢬣𥮊𢬣戦共埃計𠲥傳𤾓𢆥𢧚庒群𪡇臣僚闭除守度冲朝𦋦𠸫皇后直識𣈘遲𧡊恬事邏𠸫排聖宗説催𠓨細樓西本𤼸洞達𠸫排󱙹𡢐庯舍两行𰙔管𢫝𠸩聲啞𠸦㗂喃哪劄传麻制察䀡否泰敢𠳒𠸦吱󰜋岧󰜋岧吏󰜋岧𠸦埃窖𤳰景招蹽𠦳鐄身意易𠸣補牢𨤰󰅹𫼳𬕷𠸣𫆮𠫾𢺀菓坦𠸣𫥨耒𤈜𠅎𣋀旗𦖑㐌炪終觥聀權没丿如空瞻朋焒𥒥𠸠共󰮦𩄲烝軍茹殷商所合󰬥如棱排烝内牧𠸟軍些所󱮑恒𥙩味禪悅爫咹㗂經法爫𠸟淑女𬕻󱗳𠸟𦀻紩騷人暎喂興詩吟隊尼風景𠸟台閉酉幅公侯伴特󰅹共官簽書𠸜羅馮立言𧵆廊盈户吳𤽗子文𠸜󰑼譔蒸㝵府諒江縣安勇礼迻傳吏引填省屏此󰘉䀡𠸜埃𠓨課意中城固優婆塞𠸛羅修定𠊚署𡲈意𠸛浪餔鋪頒朱復𣱆復𠸛高明𰿘隊恩𨕭𠃩吝没本列編𠸛𣱆各𠊚被干被𪾋究想欺另𮥷氷沔蹺隊𢚁固没𠸛喜童朋盎那群𠸙朱特弄娄𠊛𠸗景𬞺󰠲󰠲佐窖艮魚𠊝屡逐頭淡仙娘意𠸗󰑼歌兒𠸗箕玉於𢬣些𪽝些󱜀𠻵玉𫥨𢬣𠊚𣈕𡢐英𠸕繩𦟋𠰚㨂丐㮀間底𢸞柴𢬣扲瓢𨢇捻𬛈干𢝙悁歇𠳒㛪𠸕𠻀埃𧗱扯𣛰拂糊底碎𠸕啂堆姑行鐄項王時𥙩𠸓噪爫威𥙩暴孟爫德𪪳老行笘𠸒𡥵浪劍没𬂻𢀭𨖅𠽔󰋇具咾𠸒北󱥭𨖲𠳨翁𡗶仍錢朱𡛔固𠸌特空𠷥𠸄𦖻客𦣰庒叺淶𣼽𢚸疎興固乘爫清蔑𠼶朱戈𠸂󱚢時彦𠾒𦋦曳唭𢚸𫁅吟𧃵𠸂𨐮几昭󰝡庄羅拯𠱤𠸂哭沙渃𪾺香孛搭悇孛孛庒噡咹𠷯魔𫢩它甲𪱚蓬𪞷𠷯󰞿㛪細𠰃麻噠先𠸙移動哩勸噒求𠷯涎渃𠷦唒𫯳𤾓恨𠦳𪬡共年𢶸䏾𠹚𪢌𠴗𠷥生𦖑󰋇㗂𡁹𠷥喑喑餒󱡰不平挑肝買隊勇士𢬣𢭂射書律㐌𠷈󱚢賊中𡢻埃噅𠃩㨋𨑮防欺縱雅固𠊛朱噅𢙲廊𡮍分婵娟𣷭溇㳥奇固全特噅噅除渚体𢼂𪞷𪮩𢬣魯𦝉初麻探󰏤翁𠊙差𪜯𫥨噅碎𥛉翁𠊙碎㐌固𡥵謠噅歌喝信啉𠄩字天堂巴噅坦𤞦呂廊工夫徐浪心腹相期㐌𢧚節𥒥肝鐄願初噅典甘𢚸大夫求財卦意賖噅𠰙󱲔窖呐仍𢈱𠰳些張公此適每牟㐌通經史吏喽文章𨕭𥴘󱚇獰没𠊛迎昂󰟯舅喴喂喠官㗂𫰄嗃壳嘅𨕭喯怨恨𥉫𬙛泣每𫇳弄󰅹麻𦬑喯𢈱月花𬲇方北所氣冷𫴋雪所喯噴功英𪮞𪱴單蒲𡥵姉𠫾𠅎英撫𡥵㛪𠄩㝵𤳇𠻆浪小僧𪽝󰠳吏乱單丕𤄮𥚇襖單坤垠今今冽𧜖單檜隻泠㳥𬂙𦋦落𧡊黄嵩󰏙單禮買從容𠰺𠳒遣類奸拯所容種󱓍渚亂單爫昆𠊛窈窕生牢樣洡湥悴朝嗷喭愁隻栢𢞂𧗱分浽𬈿鴻𦖑喭𡄎𤾓形恨𠊛㘓𥒥責命朗盧𢪀源干姑喭噤台喭喁𫳘分󰞽那𫳘縁唯边滝蒸𰿘萬眾生靈埃拯喭𪘵𧋉喭𪘵轉動𦊚方𡗶府姚席玉舖排𫡮篭旗󰘉香𢒎󱋓喬歳茶爫伴貝皐喬盆鍔鈎給某丐喬礼𪡔娘𬀦襖祀巾喪移蹎󱘧󱘧𨃴鐄𨀈𦋦種𩢬扵󰠱㐌涓各柴連哭共昏真㝵喡󰝡沒几最末旦帝敬壳㝵脱祝哿喡連動体蔑橛焒創於𨕭耨茹喡呐喡爫形字十𨕭命几𫯳群妬猪猪󰠃𠊛恪㐌𨃉䟻情喠喠渴胣噡𩛜拯可忍𠰘噡𢮀𨢇𫮦灰啺茶唁𤻻喠𧆄唁捲痰󰘚銀𡴯僣𬑉崇朔𬂙窖唭鮮喟𠰘丕𡨧昆𪾺󰏙分明丕喟𠳨箕埃工雪凈所衛念念買滝吳林滛啂喟𨕭空𡄩𠺘相遇相逢堆些𦖑中核永永丕朋固㗂弹㗂喝喝嗷制欺盎𩄲顛湛笛𥐆𡁾課𬰢𡗶黄最唭𢧚㗂哭喝𢧚喠愁妬埃𬛩網空迻𠱋𡥵空喝英除𨢇沁詼諧窖皿路喜猿明朽喜爫伴共些尼美弄歆喜懺悔礼三宝傷饒󱠱秃朱撝𥙩𫯳辰𡛔𫅷尼吀喛󱤲頭跪𨃴哭𠯿喛吀𠊛外栗達蹎𫛈欺壙永喓𡁼𩈘渃𣇜渡冬𤽗𧗱渚𤍊頭𡳪𦖑喑所㗂𩆐於蒸边南𡶀南山鐘喑香𰦫韶𢲣旗󱢨宝盖傘篭幢幡㗂呐喑喑如𩆐動𠰘唭淩測似𩄎𠖤𠀲李瑛羅𤞻𩛜嘾喑边西北頭𡽫㐌净𤌋群喑󰋇𤯱樵夫㐌𣌋𥈶玻瓈𨷈坎式蓝喑侈𧡊繩䊷𨅸帝𥈶頭𡶨要要𦹵撑喑且且眞眞𠃣吏𥈶㗂哭所𢀲喎喎𨀈𪠞卞踏沛所𦧘𢷀󰡎喉雖浪娘𧂭扵𠁀󰟯蟡𤷍𤶹󰟯喈宇鐄𢬦𥙩花課意𠄩昆𡛔意善花恳浪𦖑𦷾遣㝵些𬰢善麻𢚸虎别修買刼朱衝爫𠊚𢪀善等冲𡎝𠊚痗𬑉䏾蟾𬈴了了喂腮𣖖兎㗂芃芃㗂𪀄喓喔𦖑它喂𦖻矣喂媄酉浪牢可報特嘆喂𡛔箕丕渚盃㴷共𤳇喂喂難邏塘𨎠󱪎󱡑𤾓𢆥翁府永詳喂丐𡢻󰬾生㐌者耒咳傷喂欣没𣈗拯於劍没𣈗拯𠫾愁爫𨢇𤁕悶拵花喂𩜃停厚𡗋𡥵喂係埃𨂼吏𡅳𠶆𠊛咹匏喂傷𥙩𦷬供唒𠺘恪𥠭仍終󰜋󰊫喑啞喁𠰉保饒别之台羅𪢊𢩵塵緣彦喁俗界󱋨願净方揚慈何茂卢啿畨尼𨑜坦念尋朱𪞷𥘷𫅷庄論󰋇辻音啿庄別虎𤽗共𫯝士人󰠲啼𠽋名𧵆賖拱典習情嗔嗔㗂啼啼丐草蟲𧿆𨄮𨄮丐阜蟲啻拯沛妯家妯敎塘𩄲𫳵窖𡀍󱫠饒花炙窖博啫花言味丁公𧡊𩈘𢢯𢢯󰒂柴伵𡳶共𡎥啫饒旗𫅰𤎒𤋽󰟯𬁖干戈𤽸啫銅刀碧離慈烏𪀄祝物常群蒙劍准尋唐啫恩𫄄𠀧𤾓󰌵𦄅税啫衝𡢻意買𧗱共僥呐耒啫𪠞急𠓨棱撑段啫㝵麻𧗱共啫恩各柴爲朱𫀅末㝵䝨冷爫丕更殘茶歇𨀈𫴋躡啫衛啫𡽫啫渃啫廛啫枚啫竹啫沔𦹵花啫蒌吏惜味羮𠮾唸󱩙群𠶛固㨂𣒣𠳨它善𠳨㗍它坤㗍𨕭𡶀㗌𬲢鐄鉑拯󱮧𢭿桃悶𥙩𠇍辰𥙩外香水㗂魚永永喠㗅寬𢴿󱩫边江閔唭渚咍説花花㗂制是非㗂朗特油𦖑燕説鶯吟䀡花擼裊囬鞭𫗃迻香𨔍讖𡃚㗂賖君子埃拯𠻵名𬌥𣩂底䏧𠊛些𣩂底㗂教𪡔𰿘渃承傳恪渃恪㗂宁印蔑例湄净花愁朝辣沫春衛燕惨㗂㗀唹󰬾期㐌律添期女𤌋舘𩄲𡶨𣻆𣲍𣲍魂死士𫗄㗀㗀𠺙𩈘征夫𦝄唯唯𤐝世平𤞻𩛜争㖼渚咹它歇󰅹埃立𥚆碎吀底吘𫔳󰐨默払君子且勾𢭾㖼㐱㐌𬂨󱝭㐱㐌𬂨󱝭牢麻拯衛𪀄莺園󱝘當󱢐𧿆𣑳桂𡑝󰮂闷十殊昆隊達󱖺奏排𪪳碎群阻󱛆嗟𥒥𤠄欺耒埃闷吟󱛅渚忌𢀨麻押泥󱊻庄沛愠坤𦖑嗔特蔑󱊻女󱊻𥙩爫法身𦖑󱊻呐讒窒𠮾時乱意默強添𦖻愚𠻵乙群󰠓㗂猿󰠓呌隔𡽫楳㘇谷谷邊箕𤅶鐘㨂工工𠃅怒廛欺𩃳月征荣𫏾屋𦖑󰠓㖫㗂𠽖外軒弹樁珀󰋞󰠓㖫菭茹󰠓㗂𧋆撑𧋸𫊬打鈴㐌󰠓錢󰠳𦓡者𡢻廊󱭘咳鐲𦤾槧槧𦤾槺扽打里長辰󰠓奇廊計排柴伵共饒時埋𡗶共𠵌牢如󰂫蔑吒渚𧡊报恩渚筭爫𭉷㐌筭頭苔係𠊛無道世𠱋𭉷屍意罕𦧘𥸷摙職䏾朱𢧚𡥵字買𭉩𫥨發連率叺魂花車仙𭉩󰙅烟霞急蓮𤤰𦖑𨍦𫏾別信𭉩󱋒車駕典沔林山拱打濫丕麻拯嗕𫫊𡮇󰅹奴它外歇营尼服蛮不意坤咍麻𪡷㗂𠻉𠻇突役之醝扒䏾可唭可惜𤯱庚星意󰕛𥘷𡲤𠻇𤽗黄卞感疾𤸭𠻇恍惚瀲瀲拯省衛共每昆蔑𠅜𠻆𠻆𪪳倅𠻆󰜏浪渚蒙之都爭𧽈事𠻆恨𬞕单𪡔𢚸物我𠰘𠻅𠻅𩈘執𠻅頭𣋚皮𠫾典厨柴𠻃埃帝娘䜹碎𣈙媄𡥵懺所𠳨𠻃圭茄共固六呼𠻃𢧚彦吏䧺󱣂捻󱌡𬅷車𬂙𦝄𦓡𢢆貝𡗶噲香公買𠻀䀡事𢚸𠊛坤迍𠓀摇𡢐抵朱𠊛𢘽別兜麻𠻀󱙼皮仁義󰋇篇𠸕𠻀𠰺𠻀礼󰒂𣌋𣅘刑寬税珥民𬀦𢜠台𧡊傷柴拯𡮍嫌𠰺𠻀法則偷店忍𣈜一鬼二魔次𠀧學𠻀𠄩翁𠻀传也提買󰝂𣱆穆迻𧗱邱公習耀准舞尼歌𠻀排百戲擛和八音寃之仍客椒房麻𠺼分萡𦣰󰮂𦟐𣑯吻𠺺𠰘𠰘𠺷或襘玉𠺵恾淹󰡎潭梭鐄𢬣礙默𨕭空泊顛󰏙𧡊人情麻𠺳𬓛制㐌󰠵沔村野𠺱沫曾𠸟准石盘𠺱𪡿咹𦣰𠁀聖主爫之吝計事前朝包徐脩吏特𦋦些𠺮爫孛拯𠺮爫𤤰𪰰料所𠇮拯女𠺥所辱𠄩𬄹𪔠摐停𠺥湥𤽗張生跪𨱽𠺥𠅜𠰺半𠺥朱蚤吀󰜋砵𣈜𣈕蚤者󰜋成𠄩𧋟𠺠丐󱥪吏𨖅丐蛇𠅜呐𠺟𨤔襖默羕人物准燕臺碎𠺚各舅碎𥛉各舅各舅他碎呵𠺘差遣空埃󰝂身官長𠳙𠊛家奴𠽔𠺘博媄碎噒爫身𡥵𡛔𠤆咹𦺓𠊛蜀帝底城嘹𠺒蜂王㙮壘哭噒𬮌洞𡮈㗂𪀄𠺒頭𡄨熾𩄴塔𨱽牟綠螺㗂𪀄鶯𠺅式紅派𢚸昆燕恨世間少几別味𠹽欺挹槾揞𣑯閣月𣅶唭花𠹳雪殿風固欺𠹳粉𠰉𦎛𡢐羕菩蕯畧羕仙娥杶挭嘺𠹳蹎𠫾倍鐄姑箕𠫾𢄂半之頭師𠹛沛之󰜏骨伯午昆螉𡭬丐𢗖󰂇低𣋇分爫𤳇特辰事英䧺𠹛闭饒博拯於唒𠹚拯於碎固傷拱𠤆𢧚傷𠹚𡢻固欺𬉌渃眜𬦳咹曾𩛷沫蒲灰𠹍𨱽𡽫渃遨遊審紅本另清奴本尋㹥箕唭𤠲𡗋𣯡𤠲吏吱㹥咹𠹍咹𨱽惜台胣𤟛𠹌𠹌店秋除待俸𦝄闭遲𡬷胣𠹌𠹌信想調之𠹌󰂄於茹一媄二𡥵𫥨外𡗋仉吏𠹀欣些托萌萌買𨀈𦋦嗨払埃𨖲庯葛大同嗨𠽄姑秀固𫯳𫨩𣠖英𤴬爫牢麻𩈘𬦃似花󰊎古𢬣𧷺如嗡𥿗咹粓買𧑂𪿀嘅嗚嗚咹粓𦧘𤙭𢚸󱳮恃恃侈𦖑軍嗚󰠓𠼪𦊛皮棱󱥦泣排干戈嗚𬙛丕𢖵𠸗跡󱀄𡥚石生圭於高平蔑陣湄𠦳𡶀最嗚嗚𧽈㗂呌軍令𪢊噌嗙嗙󰮂飭固𠦳斤󰠱𠱋𠴍埃𢯦拱拯移嗗結蒸㗂軸車丕娄嗗固号脚跟户行空埃恄仍空𢧚󱹺嗔𡓇𪖫課対嗔咹庄派媄庄哀𠻦嗔共柴哿朱特付𠇮於茹󱉎主𡗶旦󰅬代㐱嗔蔑󱌡𨢇𠼦𡃹爫禮迻技用𠇮柴顒𦋦外𧡊娘𢶸𥘷典𡎥嗔咹户行勉渚從制合𨢇泊嗔催餒押奈嗔亭底㗂朱饒梗花𡦂特羣牟在些嗔柴伤几愚生嗎唐旨午歇情时崔𦊚務城壘爫搜民𤷍渃瘖嗎油拱枯辻核銅柱畧𡑝湨油他嗎焒𤑍焠衝嗎汜𬏓斗𥊚丕朋占包和中下氣除煩嗎兮多食乙連拯歐𢶢𢬣𡎦艮事𠁀𩙌沕𦠳𡽫嗃勒側鍾打買嗃畑挑買𤎜役爫拯歇時嗃󱇩𫣂寔󰡫於󰜏󰡫麻󰜏止嗃𫅷𣃣耒固楳嗃眉沛納命朱蟒蛇王咹𦧘𥛭矢頭𡽫𠊚掛檜玉京𦖑㐌𠴘嗃󰘉場㗂𠊛嗃󱛑外𡑝相公矗式慇勤𢜠𣋀𣎃𨑮穭𤒙楳嗂禁垌𧁷巾於𢄂嗂嘹󰜏姑翁臼𫽄調𠳨𫳵刼𡢐吀𫽄爫𠊛爫𣘃通𥪸𡧲𡗶麻嗂黄蛇𧋻喿於核僚梗悲𣉹買𧡊喍䏧胆徐󱈘𠫾󰠲𠅎𦝺𣰴㕸㗙如𤝞冲𧯄髙平莫孽宣光武渠吏税𠬠𠎪𠏲㗔󰽃打吹㗔𠺙虐仍󰮂傳占包染日𨤰󰅹埃󱹙達𦋦之麻氣𤍌燶𤒘仍𣈜物㐌卒𠊚拱󱝟産𥺊産粮眉拱暢𫥨󱰖󱚢𩠴辱眉󱝞折補眾生󱝗𢚸悶咹拯咍奄奴酉恨󱛙強敬順𠳐差遣𫽄樊󱋔徐朱𦝄創𬁖疎𬌓𢚸明白吀󱛕𤍄詳意悶反奸謀立小江山𡄎󱛍󱛋㝹繩赭卒𫅜𠄩𬛕整篆𠀧亭𦬑囊蔑𬇚侫侫買茼茼庫巾沛道𥹙强唁𠰏󱋇𬟥紙𥄭強解󰜩󰝅空弄弄𠊚䀡𧡊塘利󰂻󰂻渃沚戈架茶蘼㐌唅𦝄姅𨪪拱𫥨妓鐸𠇍𥹰𫢩㐌𠾼㗰𫫥醒𦋦𡄎吏咍之女嗔扒麻催𫽄路𫫜小󰠲專渃𠄩具𫫜󰤣緣𬄃𥚯荼行拱𫫜固几爫恩嘵𠮩𫫗箕箕范蠡𠃅箕鎫些𥉰所欺奴永耒吏𫫗保𠻵浪𥪝等女兒麻牢𫫗𠮩是非容𨱽𬷤丐嘅𪡽涓身𦋦毀㖼秦󰞺歇𬷤昆渚㗂悭𢣆蹺𫗁𠽙雖𠽖些典准件時些拱拯蹺眉𢭮曲鳯宮弹𠽖也客它𨖲馭𠊛羣𥊘蹺樾𠽖蒸眞痗馭烏騅俸𦖑𤿰𠽖鉦囬店虧棱葚用移別󰠲𨕭鞍娘拱𠳚情讀耒買𠽖𠄩生阻𧗱𦖑𠳒生氣𢢆殊𥘷𠽔浪駭察朱渚唭化𦋦𠽔呐拱奇吏詳干據𪽝爲妖精劍没𬂻𦺓𠽔買具吀堆勾対底蜍𪪳讒𠽏啉𠽍畑行󱙌更月貝󰑚𢚸蟳𠃩曲絲箕󰜏歲索𬑉矑啉𠽍念佛󱞟茹𡳶箕呃𠽋殿桂𠮿嗃鮮󰬮月房椒濃拿𠽋味香𬙞𢆥没會青雲英才閙𠽋寅寅買𦋦𦊚方𠴼𠽋信傳𠓨塲都飭讖𡃚㘇𦖻紛爭會意𠽋唭𨒒𠄩官使每𠊛每方蔑朶桃花窖卒鮮隔墙𠽊𠽊体春唭𧗱𠽉泣歇埃埃渚𧡊㳥奇麻嵬𠃅𢴿為埃𨢟孕朱𢧚餒尼馮公撟󱙹𠽇塘轎𡢐黨陸󰋇払新科迎渃󰋇才當色渃󰮏宮𢣃粉𠾺𠽅𦎛㛪停𢚁色誇才窖台㘨𠽅拱𢬣𠏲㩃𩚵奴𩵽𩵜矯饞𠽅娘蹺香旦房齋𠽄払此𠽄中國世󰅹吏󰝡白雉󰎓𠓨周王待期詩會𢆧𢧚𠽃𠁀𫽄沛官𦓡𫽄沛民魚魚謹謹化𫥨𠽂梅生𦖑𤏣事𢚸捥𠳒首寔鋪𠼾𠹚囒𠀧座接旨倍鐄𠇍𠳒𡅯𠼸𣱆黄㐌踈𡥵𬷤局作𦲿棦𡥵𤞼𪢖𠼸謨行朱碎杜釋奴𥈶別信蹽城𠼶𠻴奴蹥𠇮󱚢徵兵󱚢典蘇营招安士卒𠴗𠼵官軍呐𠼳浪陽间𠀲士诚讀䜹嘲諷天庭易𠼲噌浪翁子庒兮易𠼲𣜾𥒮䏾㐌𠼲𠖤俸俊卿㐌訴病邪沛柴妙手法𠼱坤侱螠𪰛㗔𠺙嚧𠼱鮦鮗䰺𮫷粗裨𧜗𠄼事些渚𠼯皮絲𩯀塘世須辰挼𩙍湄重門疎𠼯隄防抵朱杜釋奸雄女𢬣花淡没牟唭𡁚𠼯𩵜盟渃𠮾𧿆牢抄𠰘唭𡁚𠼯𠺘英恨夷𠸦埃㨄𥒥才穿󰗯窖𠼯馨𫥨𡗋仉𥄮江山󰜋梗𡧲垌婵娟唹𠼯英䧺𢖵庒啉𠽍𡄩𠼯𡮈蘇𨀎󱠠𢽼𩠓󱙹墓𨀈𫥨牢平𠇮泟𥙩𠇮默埃辣󰒂𠼦情𢪀之𡢻固𣩂埃󰠳𠯽㹥𠼦猫𫫫喔𡗶底𤯨些買𨖲㺔𫴋馭固畨𧵑茹極𤄮𠼦船𪠞奔處南𠫾爫𠾔𠼦󰘂𠊛仍𠳒花月呐制拯兮謳羅𠼦婆阿蛮𪠞請柴丕侯𪠞撑腔刁玉㗂𠼙𠼙𠼕公藴󱚢𠸕𠻀卞称󰑼媄此和爫牢小童咀𠼋嘆𨱽𫯝牢𫯝𦬑負才𠊚𣦍𠼇更殘𦖑痗𬰊店冷𠻽𢀭𢀨㐌醝迷𥙩埃砥柱爫碑𥪝𠁀𠳐𠳒埃乃阻𦋦𠻷饒澄姅更𠀧迍塘答腮丙𠻵事云云𪻟士王𠻵㗂帝遣㝵𠳨翁聖枢离螉𠻵㗂事󰀎娘蘂卿𠻵㗂哿𢜝補𩛷咹職𦣰欣𣎃沛緣辰酩如膠債緣整𠻵如橋鐲㨲吒伤昆哭祿熾襖𠇮𪡔責𠻵翁聖󰀎𤽗若眞坎念𨀈蓮𠄩小童𠻵垠𫛐𫛐𫛐恆摳楳𫛐蟡蟡蟡吏𠻴琹蟡亇溪𠻴偈𪀄棱𦖑经仍𣈜初𥙩墓埝几先人䐗安爲丕𠰷𠻴󰮂茹制度達排𠻱茹𰙔舞吝醝󱋓瓊轎花𠽖𠻛逴連仃洗情買朱填磊初固沛茄税翁𠻛郭於低𧵆𢄂吏𧵆瀧渃燶矗矗頭𩼁磊𣈜𣌝𤑈𤑈𥚇㹥𠻗几外󰏙𠻗𥚇庄羅拯󱉲𢜝𤓢𣎃𠀧㹥𫅷𠻗𥚇𣈕󰜋詔𡗶頒𫴋妬相如才意𧯶蜍嘘𪽝為流落闭娄朱蚤宇宇𠰷嘔沒𠇮圣人待嘔哬愚痴享太平㗂鹃嘓𫪎課𦝄強𨱽蒸𠅜𠰺𠴗𠅜𠰉嘋所意𠅜種𤽗元𤽗白蒸𠰉嘋嘆有漏嘆無漏保朱咍𫄋律杓䈊𧡊固埃嘆渚代謄時意茹驛永𨤔拯固㝵𠳨嘆攔𢬣路傳嘆嘲熷𤇊塘杏噋嗃𨤮槐𠰘唭嘆嘆花印蘂𦟐𨇜紅紅𩯀援𩄲店亏庄南恒地倚嘆伤油𡥵𡥵𪿀朱耒媄𫥨𡓇永媄𡎢嘆身𤌋鎖内桃𪀄嘅束典欺𤠄𠀧㗂嘅急𧽈爫技𣈘𣋚𣌉屈𡥵𪃿奴嘅𨖅更邊床唒嘅仍群駭𦖑楳柴傳沛𧻭𬆄𣈘𣈘奴嘅𠿁𠿁底奴𨖲䏾奴時浪催旦尼買別浪聖化𤶐蹎痗󱖺咳群嗿𩄲蘭宮桂󰬾更月𩙍嗾旗毛󰋇𨤵𡗶嗹󰝡兵細打本處辰㐌󱚕蔑𠃝𠊚嗹添𤴬樾打泖沚潭池𬖩󰭂嗹𡀫𤴬拯可忍呻吟㗂嗹雪兒昆乏道唐喝嗷嘵嗷怒僂𢴾棹桂董鼎箕埃𩧍㗂持孱𡶀撫𢬣唭曲隙鄧樁勿𨅸喝嘵嗷󰜋坊𧞿𧙟𡥵如布𠀧𡦂嘵嗷𡢼󰇏𫯳船察察泣排滝臨晋韓觥城軍蹻顛茌𤿰㗰㗰戈󰘂井陘趙𦊚𩈘旗𠖤䚂契仍㗰唸稔朱戈外錐結界冲它破门麻准地獄𥙩󱎾符𤍌󱛣隊排各廊𠓨盎埃拱闷𠫾䀡相公矗式殷勤𢜠𣋀唹台景物󱋙台朝𠊛遣牢𦖑丕󱋙皮如印𠊚牢󱋙󱋙󰑼生呐牢𬉣樣曳形買咍𧡊朝塢湥𡃎󱋔𢧚詩仍咹󱋔浪遲𬏓𣎃女役奴耒丕禄𡗶朱㐌固垠腰香㤕玉朱𠊛丕𢧚󱋠槾嘺梅此情初𫳵𤁕粉派香意󰣑俸󱋭花󱋓月尼怯牕𣈜惜味香律挼󱋓店謳䏾桂散群縁挸亇𢮪羮歇緣唒𣑶荼行拱󱋃󰃉𩙌𦝄爫伴󰋇𡽫滝錢爫𫳵𥺊爫𫳵棟󰃉爫𫳵白公𭊳𠲶𦵚唭掣包𧊉𫫵蜂排庒涓𪟅壁庒咍蹽墻為埃眷𫗃𫫵𦝄悲除群𪾋代滕貝埃𫫵饒𠫾𣙥處兑工灵𫽄特特𠄩𡭧昆斈夷麻斈斈𢴊鉢粓斈𢲠鉢𤈜斈技𫫴㘨碎廷臣𪢍𤽗立言蒸𣦛意悶害𦷾麻卞慳㝵賢𪢍几固才𥙩財色濫𢚸曳蒸𫪄𪢍棱箕布榖群𣅙𪢊廊怒農夫㐌式𦣰吏遣𪢊馭囉制几𢄂固芸埃哙辰𠫾󱈘󰑼爫福𪢈辰𥙩功𫽄𢧚情畧󰒂𪢈固𡥵些妸朱饒舌夷箕𠊛些𡥵𢶽𡥵㩫𡥵兼𪢈𦝄𪢆茄㧅幅戰袍㗂檑橋渭𡀷𠓨𫗄秋吧呀𠰘𣁔嘮呶㗂𡀦昆馭𠿃顛色鐄𥆁眜人情䀩丐𪁄㓠𠿃󰀡跡放𡥵㹯遨遊𣎃孛𣈜𡗶𧵑𢄂爫𠿃󱖧𫗄爫清翁𫅷㐌攊𠿃𠁀空𢧚貪恋𫗂𠊛利名埃乃𦣰𥄭𠿁𠿁法柴化𫗄𠺙迻蔑回𨕭床底丐弹丐𠿀丐隐囊稚𤷍𫅷固脿之稚疎針󱚫𫅷衰𠾿哬係𧡊麻綿另渚制停蹺𫗁俗𠾾涓唏𨀈𦋦𠾺󰘚珠眉功名堆𫳘易虧夥共󰢒鵡󰑼𠾲秦吉了󰑼𠾲𧺃𧵑咮朱唒固噡𠽆渃𪶩𢧚𠾬味𧵑毒自初忍吏係几𣦍賢沛困蒸筆吱𠾦意別垠󰅹老箕固阻排𠾦𨢇茶𠾦󱛺𠰘唭𠸍𠶣客𠄼𠀧几悲𠾦呐𡛔󰜋𠄽姑𥄫𥊘矇皇天差使抅𠾕󰝡士誠典所尼天庭急𠾕力士𨇒𣭻買𠾕豪目賖𧵆󰏙人情固𨒒分順空碎𠾕分󱈘群𡗉仉侯下縁𡢐拯没姨𧽈自課𡮈蹺𠾕先王𭁈朱仃󱦡𡃓娘𭓇𠾕如意𡲈払文君𢫣湯𨖲𠳨翁𡗶仍錢朱𡛔固𠾕特空及时飢饉切之拯埃𠾔𠼦沛𠫾咹眉奴於𠾔𧡊𠊛失業方賖拱𡥵𠾇傳鄰羅𤋵𢚸事机昆唉𡨺𠽮注𠽮拯特媄垠拯除𠻦𠹰感声𪀄雉買嘵化形𬷤󱱣拱調噴𡥵石榴軒群噴式堵紅蓮池㐌羡味香𩅹噴𩈘渃笛扃屋楼𠠩󰘚湄噴耒桂𦬑𨕭頭𩄲𤋵𩃳𦝄髙𩙍囂囂船𡮣𡮣湄噴噴𥶄鯨鯨湿洸頭𡹞頓噴湄𡲤噒𦷾浪油准冥司𠴛𠳨㐱𥙩𠅜些呐實𦷾𫏾㙴坎念噉申無情菓橘扔噒𦋦外火砲包令奴噒𤽗仲逵㐌𡘮堆瀋噒惏磊情春󰂇庒代騰假爫噒哭𠳿𡗶𤤰牢女負眾碎𢧚𢚸爫牢𦀊𢵯朱𥾽朱噒刼城刼社刼民如魔𩛜渴如神噐𤴬棱𣘃賖噎噎𬈗氣󱙼連𡗶几初勾𠸠群浪媄讒昆𤴪麻噌昆𠇮𠱤噌𡗉例󱛪𦡟時𪢍󱊻噋嘆恾𠳨鬭武娘油埃噋誨利名勒頭𠰳説稱命貧僧娜𡛾𥙩特󰜩絲𣈘𦣰噋嚥如吳特鐄利名曾另准噋哰鬪𬟗亭蒙𫄑户巢𢠩忙頓𠳨噋嗃差尋梄𤗹𪔠𣦆邊陲賊占𩢦𩧍都畿噋𡁞螉諸敢杜𧊉停噋敲𢚸為天下仍初謳台役𡗶噉𧜐󰠲帝子唉群拯噉刼󱠢威𡗶埃噉爭鋒唉嗔乘勝𩧍𩢦𡎝外嘻󱜉如吳特鐄𢭮宫南󰋇㗂嘺𢚸秋𬏓吝歌鵑嘺爫淶渃𬑉𪔠樵𢯐如窒󰟀肝固󰜏公主󱎶𢆫化𫯳迷㗂弹󰠃󰋇交通𡢐吏嘺𠬠𠊛王女㗂𢯏𢴾嘺𠊚帳錦娓𫢩𫳵顔色固欣仕蹺買修行嘺舌城楼焒𤈜營屯軍嘹細旬呂后當朝嫌𤤰称号爫嘹隘外於𫏾府茹王羣籠陵羕意嘹哰梅𠰘排達讒𠲝𧁷巾於𢄂嘹哰󰜏姑翁臼拯调𠳨𫳵埃𪟽𡥵造嘹𤽗𧯄溇脱戲𩈘𡗶吏淫啻庄縁𡢻𠀧生據之󰝂𥠭傾城嘹𤽗𠊛𠁀催實詐嘹󱞴𠊛槐拂披𢷀𩃳𦊚边𣷳渃竜泠𪀄嘵𠀧㗂空𢫈𦓡嘵羅翁𩆐修𥹰固𨤰𨕭師具乞嘵座蓮怒𦲼麻𢝙制𡗶坦𦋦󱚢歆制客竹最嘲伴枚𫗄東傕㐌憢桃憍梅伴𧡊㛪𧁷伴𫢩𫽄嘲㗂嘲𠰺泣滄浪𤤰嘲群庒𫥨夷官嘲𦠘󱰺恪之绳傒和浪蚤道翁吒歳索班𫅷嘲昆𡥙𠱋庄󱳮柳𠹳花嘲𧒅纏蜂𪧚爫牢朱全固欺嚈月嘲花楼𣘈彷彿󰘂伽󰊄𦝄𨔍之涓𩈘連嘫𧡊󰜏太后奇肝打料鄰𪡔山水嘪𠸟下旬𦝄買細尼圭茹呐嘟呐𡅍呐𠻀𠊛些拱隊称𥙩英豪斫󰢔呐㗶令󰅹禁𠫾呐乾㗴庄唒之的名市㗳󰑼碎叔鵉󱁲旦𨕭𡽫󰟨如鷂㗳𬷤昆恪󰅹㗳𩛜𫨩羅㗳𩛂𫨩羅㗳𪿀英朱𨖲床裊自生准水宮婦人態意易󱷾固𠄩󱤉几僕夫箕保蒂󱫪所車丕𡜤胞子芸制强歷他胡朱曲󱛬姉㛪唭夭饒姉㛪𡛔󱛦饒姉㛪妯打饒󱩻頭辰英㛪婿係類琴瑟簫笙共尼𢱖喝摺󱛖眼洳𫃸𦖑𡧲𡗶固㗂沛𢵼打麻哭𭋙𫫷如粓󰐯湼柴卞𪢒卦神灵𫀅󱙻歳𧘇路程縸之山西逆濟逆蓬動外𠀧𩈘𡀷𥪝𦊚皮固𡀲麻庒固𦹳固𥚇固𪖬麻空固𠰘𡥵刀𡀯空冊𡲈呐甫𠰘斉𡀮邊西朋空𠊚扵碎麻固核尼𡀮尋𧡊辰特功蘇麻空𧡊辰罕固󱳮固累公浪老拱𡀬啿𡀬縁昆𥘷瑟琴󰇾揚拱固蔑𠄩尼固鉄麻伮空別用𢧚伮空鐐鈽刀鑢係伮固頓鑕核檜之辰伮󰭼次𥒥𠡚𡀫𬈋鈽麻頓中便羅打𡀫𡀫𠰘𢯢𢲲景佛𦘧𡀪洞𠎣遣𠊛折𠫾朱安矯群𠯅𡀩呐弹弊悲耒固仕鄭边𢚸道吒󱳮报𡀨功生前功役停補髀嬏𥘷終𡗋仉𠴓𡀂仍昆亥𡀀志𤳇𠲖𢞂雪月女𢢯書琴味香𠿸禫花潭蔭欺𦣰式𠿵𠿵󰅹涓道主碎綴橋梂𠿱北過浮橋梂浽如波宁滝𦹵花箕仍拂披吟𠿯𠿯𠿯𢤜汝𠳒払悲󰅒𨖅清󰋇仉蹺黎群埃拱動𢚸圭吟𠿯䐗𠿯席魏󰬾旬宴女負園桃蔑󱋓𪳔仃𦖑𠳒世虐吹女欺恪𩈘麻𠿯𡬷𢚸故課噲呌麻末吏恨柴噲娘阿蛮旦畧柴諸𪮏梭頭固相鬼𬏓𤾓󰕛共嘹噲饒浪東𨖲西𫴋窖如扛訴𢚸𠊚世噲羅𦝄另角蒙法呐岩㝵噲碓覔偖爫密咍昌卞式𧻭𡧲更噲民低固神灵之𣈙𦋦𠓨弼㗂噤唏󰜋𠇮憐朔𣋚枚辱因𠬠庵於噤西林㝵弹琴𰙔詩㹥𦣰厦噤蒲𧃷㝵默襖紫意朗噤㐌󰀑卞𥙩筆𣗾塗𪸄約󰁰餘𫳘麻𪠞固𡞕羕意遣𦷾噤事寃瀲瀲𪡔𠓨弼㗂噤唏㐌補𣅶嘆󰠐哭噤盆把侯衛𬰢𡗶㐌噤𡶀丕空噡𬟥蘿空噡𨢇固奇塊𣘈固奇檑吻羣噡𦧘噡𥸷𣈗常粓粃妾餒戾之孛庒噡咹𠷯魔𫯳咹炙𡞕咹腩侈於固噡謨𬚸麻咹噠爫府縣社村固澫固坊固寨固庄馮興噠斫保㛪黄忠初破侯渊拱丕噠󱙻部領底除𫃸宗固昆𡛔沛技離欺永所󱹓𠰘丕𩈘睸卒𦘱𦛲高󱦩崙𬦃熶𬑉𬁖󱙼𤊢䠣蹎𨄹泣終觥󱝢󱟲落𧡊書生沒坊浪𢜠󰡊㐌﨤低𠓀箕嗔恕󱝢尼嗔傷卞嚈󱛵𤤰處伮固悶𠊚邊西扵吏共庒德能勝𢼂埃咍昆咳修德𣈕𣦍仕󱛳歳尼𣈙買甘心󱩛棺𣈜恪󱛲󰠐拱𢝙矯群扒仍侯嫩矯群吼嚇矯群󱛱唏假爫󱗘哭𠳿𡗶鳴󱋣𧟝󱙹𧟝󰥉裊群物眜奸萌𫣝𫢫齋𪢘功程補󰠳𠇍𠳒𪢖𠼸𣱆黄㐌踈𢈱𡂉誓海盟山𫼳恩畧沛𡊰恩朱耒𡂄粓濫𡁽呐𡁽茹𡁽𧵑𡁽奔𡁽買𠳨𫳵𦓡吱鉑𠃣𦥃𡁼辰吏者橰衛哀怨自𦖑簡北邊傷喂𤴬疸𡁠婵娟𡁞𡃜㗂𠊛市人𡥵𪂲𣵰洡坡滝体𬏓㝵形樣脿󰞯𡁚𡁚丕𪽝外内麻吏恒及翁𥪞村𥘷外内卞欣𡁚丕呐役橷荄唎呐𡁎揚因共㕵𨢇打泊𡁎𥙩𧵑𤄮果菩提咹𠮾嚓𨷈劫恒𩛂花優鉢嚊𦹳萩𠦳𠁀𫽄易𠫾兜麻拯𥙩𫯳姉㛪𥙩歇𥠭蒙麻嚎買東嚉渃齊麻陷𩛜𦷾姑箕咹呐嚈唹船碎秩狭姑𢖵𠓨󰠳嚈𠳨鄰󰑼鄰󰑼每塘核嚄囉嗔急共饒默噽所約共終蔑穴仍㘈冤債包𣉹󰅹咍神將待徐風雲率求率應𤍌把朋㗂㘇󱦐𥑥𧍆深󱢥娘深󱝯庒如几北𠊛東𦋦空裊𧿨𧗱空𠾺󱛻伴友𢜝𢚸媄吒𢧚󰘩謠固句浪𢀨󰠲仍仉醝𫑺最𣈗娘蘂卿󱛹𦷾浪𠀲奔𢀭鬼恠𤄮謹渚交結墨𡱩𡇅󱙰𡢐𫔳聖焒香敖𠯪𠓀廊儒囷縁𠬠會󱋨名𬮙𠁀花𦹳𦹳󱋨奇棱病相思共󱋨唭庒咹庒呐󱢅𨱽曾欺卽肝󰬷吏󱋨唭澟牢󱋨唭𢖵標空砲空𪿙勃拱空𦓡節事𠁀𢪀拱󱋨唭𡥵𩵜洡渃󰋇𠊛𢵻鈎許𠰘呐𫥨𢢈八索綿󰨑󱋓買節空湯𥆾𥹰朱別𧷺𠄩󰃧𥉫技𦓡瞻濁買𬈴國䘮𪢜𭛣朱耒固才伊尹固才周公𡃝𠁀𡨸胣實咃𪬡𠨪𧁷𠺥奸邪魔𢛨𧊉𡃚蜂𨄹園春埃咍浪几儒人女才茹󰘂底淋炭𡥵踈𢘽𥙩埃𡃚及功役停補髀𡞕𥘷終𡗋仉𠴓𡀂更𣌉𫴇𫴇𦊚边荼𤹪𤍇貝𩵜𩸴𤮿𡃖沛尼𠹽噔別𡃎󱋔󰠃埃𨄹𫀅花𦹵盘桓些𡓮些𡃍朱些𠰚勢拱碑撑拱榜鐄侈体𥪞壁𥒥分𩦓蔑𬮌馨所𡃋𣦛蔑丈山神化法拱𡃊䋥扛𣳔珥𤗹𩂏岸兑埃𡃆濫𬏑空𬌥咹𩚵空𥮊咹󱟕空榚𦤾𣈜𡂲麻特富貴獅子翁端𬌥柴佑𡂰檀越歛舍迎昂寬容蔑𡮍突𧋆𥙩𠳒敎化朱𠊛𠰺𡂰𡞖𡥵𫽄𠰺𫽄𡂰咃𠺘餒𤞼朱咹𥙩錢爫𠊚𪰛渚道中庸渚遣㹥𡂡丕㗂𤠚𡂡𨱾羅㗂呐𡂑𡁎揚嚟咍𦑃珥󰁰分滥使𠫾探信息春忴𪬡沛分女兒𫫵嚟埃几肯為𦖑蹺𩵜嚜鈎別󰠲麻𫽻𪀄𠓨篭別課󰅹𫥨漢楚默埃油𠯅嚛𡹡蹎礙𨀈盎孚雲粓庒冷羮庒唁嚙嚙催歇窖坤弹󰜏𮗓𥊛𫥨𠃅東边体金烏㐌嚕𨕭塊頭𦖑払𮥷𠰚切他唯事寃𢀦事𣒠麻𡗶蒸嚕報㐌懇懇於蒸課夢寐唐虱曳須亇知登山󰧙虐悲匙亇嚕嚕羅帝之嚕󰑼呐𠅜𭁈固意闷朱沛事意哴昆󰠳敢嚕床爲𦖑弹意別払姓名𣅶群迷󰘚𧁷󱡗󱡗脱祝悟𠰘唭㘌㘌及店除夕檜更𠄼侈宜㗂𠸓󱋰李通𧡊頭蟒蛇我𫬪沒𣅶買阻跩特𨷑番座底審𧗱輕罪时固定期每旬礼没𫬪或𠄽𫬪堆𠄼𤑟𨒒拯訛世𫢩麻吏𫬠󰜏曲浽勺𪢡匕𬄪周顒委靡民𪢠鑊迎烏滸𢚸𪬡擛西𧏵𬛩徐待𩆐𪢠捤摓𫽄疑耨𪤄長沙󱰮𦖑㗂媄㐱它𢜠𪢠𠫾泣𦊚𣷭𠃩洲𧿨𧗱󱝾𤇮𤝞𪻋𡄎蹎𡄎𠁀𠊛特󰋇知音𢚸𢞆𡄎𢞂惺每餒䋦愁腸貝󰑚󰟯絲惜台喭𡄎朱𠁀丐妄昆造窖制朗廬𡄎議強𥹰強有情強髙強𠓇揾強清油𡄎油𥊜油𡫡默𢚸麻󰮃岩險󰊾𠊛空刀些貰淬𨢇𡃹兕觥箕席𢝙祝𡃹陣唭蹽𦀊固𩈘𠶏啡永𩈘凶𡃳馬援卞買保浪因牢眉固凶𡁝争強拯𫨩呼拱呼𡃳没𫿟排𠴗𠳒坤別斫牢吻󰑼哬𡃳爫高貝𠇮店冬𦰟𬰅𠺙嚧霜沙落坦湄爐冷瀧留設嚧𠻗恾𡀿月歌腔朠喂窖󱥥㝵𡗋𠳒𢭄𧺀󱛴紅埃𠸦几好事意𡲤浪准瑤池扲󱋓𫬱𤤰周𪀄青鳥傳信朱𤤰漢逴𫬱𣈜接堆𠀧陛辞岳買鄰羅叙情妬埃𢹦𥒥挄𡗶撣槁蕯㴜𪢤𠊚𥪝𦝄仍京𡄫吻蔑念如依󰇾例常𦝄蒌𥐨𪉴󰝂達𨖲𡄩拜𠄩親𨀈蹎𫥨𡄩十方𡄩浪𣌋﨤房香伴󰠃𪟂𣘃㗂𡄧𡄧𪽝翁過𠰘𢧚翁𫵊𧡊奴咹𡄡語奴𢀭爲丕敬信固欣麻拯敢㘓丕𩈘𪖫𠶦󱜈吏固銅錢典𨉟役𡢼𫯳伮辰空󱟈󱛵之係伮𧡊𠁂昆𡛔󰅹麻伮㐌膺伮細嗔󱜈貝吒媄𠁂昆𡛔意車𢀲𠫾㗂󱜆󱜆襖毳撑如色𦲿𦰤嫩󱋽󱋽𩧍㗂吱累典准僊高𨖲鞍黄鉞扲𢬣󰬾軍󱋽󱋽限𣈜進兵事情計𡅏雷崔外𠦳𰿘𨤵𥪝𨑮󰋇𢆥󰅹埃傲雪𡅍梅󰅹埃𡽫𡶀制來𨻫功麻性伮拱咍傷昆常𣈜𨖲𨕭坦麻𡅉昆㤇饒槽梄朱𡄾𡃻𠹽咮𡄳𫽄泥約求朱院𠳒誓朱衝味󰍱𡗋味䣷囄固課農耒欺役簡岧囂烘沫於外鎫囂囂𬲇東默𢧚霮默𢧚湄󰠵壁桂𫗄鐄囂迄𤗖羽衣冷𠖯如銅𢭸檜核𡎢烘沫𦫼囂些矣蔑𦫼囂𪬪囂囂𩄲耳耳了囂闷闷於边裊塘落度梧桐買蘿𠖤信秋囂迄律唏𦄆圭𠊛風景調囂𦝄清𩙌𠖾󰟯朝重埃調囂𦰟柳如潭曷湄分飲囂󰟯𧘇為󰠲𠳨買𪦲𫥨绳半鉄𪖬奴㘗㘗󱥓奴𩽈貪句色欲埃朋𢚸狼胣𤞺夌㘖論𫢫意泣拂旗嘹𡅫小咍算卜𥺊此舂柴𰦫𡅪虎𩈘底󰠲隋兵自意爫愁民些誓𡽫𡅪波咳𥱬𠳒咹北𦣰南㕵𡅩𡅩偷店拯醝時拯衛民𦖑別意決𠫾𨆢𠚢羣敢𡅧呢姅兜碍銀蹎𨀈󰠡𮥷𠊛班寬媄仉盘󱋔𡥵㤇饒𢹊𫄉枚裙恄饒計𡢻計𡅧饒𫥨癩癐瘂𡅢𨔍之佞𡅙𢢂忠雖浪共󰘚仍𢚸險溇援車󰡎月𠳨𠻃浪翁月唉中囊固之翁寧打賊神符咹沛渃毒丐朐齊𣖖󰜏寧於茄爫齋咹沛𦧘𦟐𦛊齊󱗻囊你囊老將功名㐌󰞬摸蒌𪦲𢲨摸𠊚弩囊𣘃栢羅𢚸托囉𨎠沛方太白哿榮方意固佛囉代声令𦀊𦼜蒸𨱽丕蒸𥪞馨繚囉恒𠃣唏𬲇吏別固味腥灰縍囉𤽗杜囉錢𤾓𰿘嗔𥙩娘蘂卿爫𧵑局打泊馭些顛㐌變囉色黄𦠳𡶀𪀄󱜌隐𦲿青於低𢘾󱉎慈悲媄𡥵𠮙共固欺特𧵆体󱉎主支秋共蔑團仍聖男朝直預於边右碎朱娘沒圓𬟥尼娘󰝂󱚢朱奴𠴝𣦍𠄼𢆥󰬾𡬷𥚇經綸幔韜畧圍秦𡇻項𪾭𥆁𪇍𠓨󱝳𤞼𩛜𩚵𧙼襖󱀰𢚸咹蹺柴伵𦣰共𫭅𬌥𠁂辰提𫴋朱平𠁂辰押吏朱𡇅昆𠊚處伮頭蘇𩈘𣁔𬑉𡮈𪖫圇𠰘𣁔古濕腭𡇅𤿦󱥑墨𡱩𡇅𡃋𡢐𫔳聖吏𡆫森合蔑茹主碎賊胡迎渃𡆫沔玉𬮦欺香𣌋欺茶𬁑盤𡆫點渃塘絲和弹𦊚方𡴯仍干戈零陵忍典長沙兵𡆫催連󱋓𠺷潙菭宴筵髙湿席𡆫綺󰑼陽臺停産湄𫡮麻貞主楚󱳮𡆫聀仙共昆𡛔老森𡆫室家尾龱固号󰁐工筆王維窖並共元君陶羅󰌎𤒘龱𥑥太阳𠁔貝少阴𠄩宫龱𢼂创滛󰘚𦝄𤾓䋦边𢚸強懓𢖱圯󱳭𥯎菊湥霜渲私家󰑼主鄭專權󱳒𢰽𠑕𢧚欣𠄩𤾓𢆥餞迻𨢇祝󱙉󰬾󱋓青請帆󱗠󰋇󱞆滝𠄼式批批𡓋鳳𨷑固事之丑叉如固𧤁固𡓋共恪事困爫丕亇魴㐌堵𡓋丐𡓇冲茹柴伵呐󰠐杜釋奴爫𫼿𡓇𤻭蚤保存丐景状𡓇犯罪空朱移易突𧋆於𦙶固𡓇錢墫𨒺沒𡓇鄕関見識針𠇍調飲食競争𡓅銅圩𥑥没𡓄如体𣘃琼梗瑤𡓄𡗶󰠳少𠊚清貴宮月𫳵容𠀲局勤固寔空咍英刎悁𡓃𩢬庒𨀐蓮唐𫇰𡏧悲𡓃𧗱懞𢘾迻𡓃衛圭咍󰠳﨤𫗃阻衛隴功𥋓吏𦹳㖫边𡓃垃𥊛𨖲撑乙𧣳城𠆳𠸦埃窖迻塘指𡓃固寔空咍英刎悁𡓃𩢬庒𡓃𥪝蒲育汀羅准𡓁𢆠𢆠頰滝𠭤𧗱坦𡓁𢲨橷𩝻蟳𠀲呂毅乙撰壘店遁坤頑𠓨塊滝󰑼𥚯埃固𦑃𠖤戈壘柴󱞊𦹵涎涎論䏾𣋚𠬠𫷜𬑉客𠬠吝𥈶埚𧷺󱚂󱞈𧷺埚𠶦󱚂󱞈𠶦渃湳核卒欣分󱞇茹蟋蟀於𧵆准凉𡢻󱙀併󱝨恩支𢥈𡊰𡢻𠁀𢠿󱝨㐌𡗊揞鞍襘𪔠㐌𤶐𦣰漨𡋥𤽸𥄭𡑱𫮹撑堷𡓟𫮦幔𩂏𠃅壢摼搪瓢茹鐄訥簾行琉璃㤇饒萬事𫽄泥𠬠𤾓准壢拱稽朱平󱖮焒覺悟炪壞𥙒棱邪𣈜𨎠卞我壞所像怛椇迎湼爲𡓯朱𩵜𤊰䔲爲情𢧚沛𠫾𦝄𧗱𦟟傷英㛪拱闷無𢜝𡓯茄胡𢜝𫮒三江𡥵㹥哭𨅸哭𡓮媄喂𠫾𢄂𢺀碎銅楹棱𡓾發𡓾濫𡓾沛浪坭𡓳茹𣳔辰𢧚𡨺𥙩𦟐紅貞堅翁修定立頭嗔求爫苔四茹𠇮𢀨重𧵑改饒苔四侯下計庄掣貝𤽗共及象拱固緣柴四丕户揚吏体引囚媼妑𠬠屡幽囚𠫾𪞷塊閉饒𢆥時󱉎主𡗶朱婆𧘇別𣈜塊囚落麻𨕭尼盃彼󰑼𨕭𡗶車𨔾囚𧏵鐄沁渃𬇚囚𠊛坤於貝𠊛愚󰠱𨉟茹涓趣庶𤾰挼𤝋過𨔈吏﨤囘顛悁𠿃吏劍咹沔月花咹固停時役固停政刑補𭛣重煩茹鐄充暢萬民辱因恄𠁀五霸紛紜𡮵皮𠲝詐爫民辱因堵世因罢渃󰌎強濃因蒸民𪢍茹秦𧽈蒸軍打茹秦因耒山水𨄹戈工欺𩈘𧡊筆花劄𠓨卷餅饒因強言号󰑼餅卷粦侖窖世桴鼔槌弄枯桑回𢀭空𣋇課𢀨拯𨖨庫時󱝠矯困咍亨欺乃󱉎主𡗶扒碎沙准󰀎仍焒慄困𮥷買咍󰟨困英雄戒屍店柴吏𧡊蔑𠊛浪𤤰朱孛吏囬於低𢯐笙玉󰋇囬空㗂揞弹筝󰋇𣓦浰𢬣隘雲怨調琵琶𨁪𨃐𡽫馬󱩬坡𢧚图𡛔庄固重麻䐗實時磊意蒸埃劍斫𦂾𫃹空化固尋調達補𠃣𢧚𬲢炙炙注固𢚸仔細固㘨粓𬗂固牒𩛄蒸固𠦻𪺛𨢇因牢眉固凶𡁝爭強位意󰑼𡞕固隆生特󰬾𠊚昆𤳇固安󰑼昆頭固領次𠄩固好次󰬾特固立語奏乾扒𤞻時易他𤞻倚坤於瓢時羕乙𢧚𧷺丑卒調時立囷範羅囷𤒘圖五金𧵑時囷造吝朱路羅𥢆底苔庫麻𥚆囷𤍌𩢬𤀓㐌伶固坭𤾓𢆥蔑𥿥𥿗紅達𠊚才色𠓨𥪝囷𡗶𤵶疎拙𫔳槾桃囷鐄朱領𠃣𡗉󰑼枚𬖉𨖅𥋷𧡊小姐󱰶㘢𧋻螠𧊉花動𢚸杜鵑丐國店夏仍呌扲國補󰑼鏟羅丐國沼泑固䧍池泑羕圇尼魯𪖫固穿昂蔑魯底㧅蔑隻𨦩圇孛於所王舍城渃图衛𬏑漕溪園少室眾訥僧仍底留荒園春派派湄沙桂𡽫燕㐌磊𦋦󰜋梗䀡𡎝陽󰠳島意語園文裊意羅江山淡特圖𠄩幅山川花𦹵産圖路羅幀𦑃𫥯蘇摱牟扱𠁀南帝󰘉圖功名斐志丈夫甘情權𫢩渚𬢱变𫢩渚圖媄常悶咹圖鱠󱰤𡞕𫯳調尋劎𨇜味圖衾殮𠤆泥醜卒謹蹎𢬣頭𨃴辰傕揬圖五金𤐠󰒵𤍇𦧘吏圖𥸷猪圈圚𤞼鷄棲重𤠄事之之渚𤑟𨃴頭𠳒愛𠮨吀詳㭲𦮲𩄲𫐹陷退叺𫢫妑昆󰅹計理𫯝󰅹坚仍𠊛司戲𬑉𧐖󰜩辰儖刼𡛔奔𫯳𠊛糁𬮙司彦魯篭𦝄穿𬲇沫朗通司皮筭計司務調固月秋謳羅忍蔑𠄩分𠄩󰁰𦊚司蒸垠𡨺調固支座達爫固奇固营固君固𧗱固城固司𪪳圭务号荘人零丁󰑼几庫巾蔑命㝵時意𥙩号󰑼󱉎公噲𢃄𦷾号󰑼処海陽於東潮縣於廊高𬮦率边右共默襖袈裟梂边左边右固鬼夜叉𬏓𰿘左核花榭右宮玉堂馭𨫊於𡗶名於史威𤍌然然恰滝𡶀台把特恩盎那待𤤰芸帝󱚢殿仕台𡨺台渚易填恩󰠱隊味料律敖除相某󱋓寬台宋𢶒兵蒸襖𤿦羝𡮈羝󰞯寬台世寬台世迎𠇮戲幅簾霜朝清𫽅㨥㗂鐄寬台盃台㝵君子典務𦼞󰀑蒸限台𡨺𫢧翁濃浽汫台𫢧󰜏溇色如𬂻橙𦺓從容也𠃅清齋謝山僧吏請台𨖲塘包𣉹垌𢌌清台𦣰𬌥𠺙𥱫𢝙𠁀舜堯可󰠳獨譱趣圭戈時綱常道奇可制󰜋念恒𪧚󰋇𠳒丁寧固渃常印月可篩感𢚸麻尋𦷾時可料托麻尋𦷾時拯可氣陽和可固私埃准尼拯可𠰺𠳒蜂蟡移船典𦷾体蔑昆𡛔歳可󰁰𬙞󰁰糝可嘆歳𫅷外𫡦邁可𣌋吏衛𪱆飭爫隂󰆙怍叮𤴬叮折叮㐌信嗔叭㗂嫌疑召苦羕󰀎買生特身尼隊恩救度涅𰿘身時召䔲荄昆𫲤饒𣈜召庫楊㝵召累柴󰀎如蔑󱢰坦於𪮏署悶爫形󰅹時爫形󰀎呵𥙩弄弄業覇渃楚卞甘召蒸禮魯公丕台悲矣𨕭共𡗶召福重無穷氷人窖呐戊靣召𠅜媒妁󰝂信𡞕重核召葉印油細油杜調年𢮪用𨅸照𥉫𬙛景乞休塘𠫾千召舘招蹽𢴑昆蔑𠇮𪠞昆卞叫哭拯肯𪠞𩅹朝𨻫𢜝屡蝔𫅷𠁀𠊛朋𠬠𡬼𢬣埃𫨩𥄭𣈗只固姅𡬼𣩂捽𠫾英只扽丐𣩂朱碎買逴𥙩部領𨖲殿排班雅𧗱堆边叩頭挑畑杏𬊭香牟执𢬣𥛉𫢋叩頭皈師終㓜終瑟另真馬持𤽗潘共㝵廊𣾼𣷭另𦷾𠁑畑㳥另󰘚𦎛廣寒月漏漏󰖽秋豸映󱋓良辰弄另𦎛印吏朱𧵑底󱮺本另救蔑茹𦊚𠰘周全侯𪠞撑腔侯𪠞𨻫另卞哿干湄旦官左右請嗔另法渃啻油群另特罪𡗶坤体遁󰠳󰅹沛針𤐝𪹾磊𢗖另𠫾禅午𠄼句𦣰釀工圭何有盃体尼核排曰底𦊚句偈占句身仙身句𦋦情醜制神核栘魔核𥺊句𤞺核㮛皮󰮏󰁰餘糁𫡦秋𦝄𦓿䏧耻相󰔄句故朋紇珠工阮古古朝𪬪律覃盃盃𡽫浄湄淡牟束束那鬪昆菲庄古閙戈工󰀎玉莖㝵𬛕古牟索吟牕古梅𬏓點𡳒䀡𨁪古詩題𡓃眞彭勝𨕭𦝄嵬聖帝鐘捧󰡎古道賢碎呐耒𥙩條撑擬紩古撩古㹥𫃚古猫𤭸荼󱌡㙁質招𥈶𥈺悲𣩂杶奇牢空󰝂𪾋古奴吏咳姑𧞾𧞣古𡏦吏低碎妸翁西脿󱦯吒媄瑰朔如古重󱉎主𡗶付朱歳旦󰞯哿時𬲢古改求所官󱞻空固丐團体󱞢󱞡󰅹󰑼冬過𠀧𠊚空固󰜋會社利益󰅹󰑼󰢉欣𤾓鉑蓬蒿𠀧󱸠葚𥊚菊松󱠬莰盧踈唉群𣘃仍油固𢧚𣛤𢧚󱖮拱爲固几坟𠊚󱳬丐󱝸艚𡎢蒂𤔫之意咳翁麻󰏏如𥒥󱞣如銅茄蚤𢒂󱷿𨑮𬌥吏添𬇚𩵜北梂𣳮蹎油拯貪財色󱞑意𠊛仙𠄼间󱞗𦹵湿离卑𡉦最𣎀溇󰌗𤇥𤍶𫽄𦖑𢜝秩𢚸𠊚𦖑𫥨壈󱞎𨉓碎势尼罌󱞌盖𪢷𧵆沔𡶀意坦辰浧𡉁拯𬈋之鄧𧵆沔𡶀意坦辰浧𡉁拯𬈋之特朝客過欣茄土翳畑殘𦛌紩魂車󱞲襘隻珠潭職艮魚果梌壽梌瑰梌渃梌梗󱬧壽𡥵𫢩駭群踈幼仍矇浪父母壽長个庒咹圤个𢟔𠊛庒咹𠳒𠊛虚㙋𡉖󰬟妬埃別𥒥𠇍𡉕𣌌𪱎𠇍隻𦝄𧷺𠇍𣎀庄𡉎庄路庄圩庄盎於等塔時𢧚等塔㐱固𦊚𡨸呂塘詩集湛𤁯𤍶墨妄花䐗燥𤯰𫥨襆䏧顛如墨意羅計侶索𨕭窒潙墨󱎾買𢧚蹺隊風流窒墨󰬾𣈜節唒𫵊如埃拱𨢇茶巽𦝄粓買𠬠果茄󱋓渃𩻐𦝄娄地㙁地仙󰑼柴相地默襖地𧿯𠫅艚董鼎𥋳䀡𬙛樣仉默欺𪶵地便尼宁𣳔矧䜹畧圯行廊援梗碧挴花鐄爫清𪤾𪤾𠀧圮𩵜鮮𫽄咹拱舌𫽄𨔈拱𪬡莽昆圭盃明強戈常江山八歹箕圭𪧘松菊逋持意𧵑恒支𢬣南北冰岸細圭茹㐌侯殘𠀧𦝄󰜏徵圭於州峯𫺶𠊛貪暴讐𫯳拯𫡾昌泊珊索工圭渃㝵𠳚戈讖唸𠁑楼音字近𭓇路易別駡唭浪末󰞺時圭襊詩𨆟𨄸𨄹沔趣圭補課𡑝程𠀧𡬷雪填欺󰘂孛󰜋圩香螟蛉挼礼号昆圩圩計奴六噐陵陵在㝵䜹李服蛮󰑼碎生圭本於在尼民尼伯高𣩂在罪󱙀東初補獄罪寺在埃𥋷矇木適如獉𩙌翁拱風流在渃䏧𠄼間茹𦹵湿离卑𡉦最𣎀𣌉󰌗立𤍶碎𠫾𥙩𫯳畧𡉦英𫥨塘昂𡉦熄𫽄𧵆埃𠫾坚肝魁仍雷𪡔浪謨浪半浪驢𤾓傾塔滝垃𬈈󱚑󱚑牢漊垃汫塔坑敲敲調丕𦲿坐律蒸尼外鍍坎鐄𬏑堆巴坎坦昆螉苔四咍𦓿矯慢夢重蛰𡽫撑𥒥󰋇吝畹羅坎𤲌𠄩𨒒畝連虚空捤泣花𨷈坎世界冬𢧚玉没瓢坡配坎落𥬧𦰤几眞罷楚𠊛頭嵿𡽫矯羣坎菍屈人𤞻𤍌吝呂隐身𡽫藏㙴󰊈坎埝奏戈儉灰𠬠𡛔旬㐌噡𠄩固鉢使情負鉢坍㨢𫽠鉢使𥖑散固𣈜於如茹坊同春边梂庯坊秩狹𠊚冬𨯹𢸚𢲾饒𨖲奴於𡽫丐風波窖𢢂坊利名户侯低拱󰑼坊陵仍英󰅒󰬙分荫奴祖因天䘮穴由𧋟坉毬髮速均短梁丐頽均規󰑼尾律㘨礼希𥴙踈踈𠄩㯲竹床㙮㙮蔑㘨香於許錢𨨲摸𢅄𨁡㘨󰅹𡍙意窖印皮㘨𧷺𡍙廟盧縁󰅹皮初𫢩戰地󰟯包㘨空𰿘𨤵掣牢𤋵油室家庄𬋩蔑昆𦫼𣃤﨤蔑𡊲坦邏初𠉞空埃別典宁尼𡊲𥪸𪀄塊籠𢧚得趣𣘃外𡊱買鮮牟体所㝵意卞𢫈𡊱爫𥶂捤渃𡊱𢪥巾𢬣欺𣈘踏𩄴欺𣈜𡎢鍾蜆𨆶𠰘𡊱辰迡埃𧗱𠴍啂坊𥋸𥊴𫺓𤯨󰝂𪿙撅者𡊰恩𤤰渚𡭲𡊰功侩𥉫𢢆坦𠑕𥉫𢢆𡗶庒𬋩功𡊰義劬劳𪀄坤默沛䋥鴻妬埃󰣞特𡊰功两鐄𧵑侼𡘮𠬠𡊰𨑮侼駭群唭侼𣜾𥙩朱𤗖箋庒𧡊詩󰅹𡊰情易渗𢧚滈渴𢚸命爫詩将頂𡊨騷割𢬣𥙩𧖱𨖲𡊨誓饒佊𨕭於𫽄紀綱朱𢧚佊󰡎立𡊨𩄲𩄎垃板天培坦𪷘坤頑傕拱𢯟𡳪耒垃𡶀如重如𡏦𥺹𤼸畧󰘚𠄼𠀧品娓垃𡢐𦝄󰮏𬙞󰜏𤭹㘨坱盆𡊱旦咹㕵買几無道空期坭終咍󰑼坭盈󰂇油娘固𢚸傷辰娘荅坫每塘朱英坫廊庄敢呐之感傷𠄩妸女兒縸難頭秃󰭧󱰗坪𪿙媄𡎢媄𦟑媄杯𨖲頭󱧀𨢇𠓨坪庵蜍祖󱨨拉楛菻,Nom
vi-du-tu-dien-dan-giai-nf.no.txt,茄住僧壁𪿙牆坧𡃙𪡦布朐𡚝沕亘如榾坧員坧𤯩孛某礼南体旦坦謝礼昌枯𧘇𫧧𡶀坦𡶀𥒥箕捻蹤弧矢𦊚方𡗶頭如𧐖坦𦓡空壈蹎似蛇𧯄拱󰺼𫥨坦福地認𫀅𨻫計計包饒餘𬃴福地道尼綏䋻底朱曳𤽗陶横爫官太守坦交州𪽝官遜坦朱民怒𢢁𤅶柳󰠳󰠳尋夢夢塘𧗱坦坦月征征所石頭𥒥瀾歇則坤典踈當離技羅事常托拱󰅹坤証理知機勁葛沛訥僧坤窖几坤𪰛保几𤵶凣兿業扲𢬣於買甘𪀄坤坤奇自󱦮坤旦尽篭绳挭拱坤坤立門𦍛匡郭坤外圍支固丐𤞺𪠞𢀬𢀬於󱰯坡沓滝淇箕渃茹凭達瓯鐄𡎝坡󰘉𢌌䋦𦀚孕𢧚船㐌典𣷷英喂𫳵英𫽄𢫣梂𨁡𨖲坡𧶭𦰟滝坡𬥓𦰟滝洮渚課風流坡課庫𥙩欺富貴塔欺寒粉㵢卷𦟐󱩬坡萡頭惠樁堆坎夜夜𨕭頭󰖽泊外坡式味帆花棹桂𬆅瀾𡗶印碧染渃溒藍坡𠸦埃擼裊迻澄朱昆𣵰𤂬坡棱細低嬸朱𠬠𪤍鉑尼󰝂迻朱注底𣈗消坡坡配埃𥚯別尼𡎝坡呵限𠅜讒坡朋𡶀𢚸恩愛羕蘿達排風月讒坡綱常催催吀哠丐茄坡固𡑩󱚢𨔈固𡑩𫥨層𨕭雪点坡頭鉑𣐆󰡎霜坡淡𦟐紅𥰊高調󱬊眼如󱤒󱤑牟襖泊坡𠃅頭噲𠊚只𧡊𩄲𩇢𡴯待渃強添𩯀泊坡渃碧𡽫𩇢𥋳永󰖽几𠫾𠊚吏樣巴坡㙁坡𡓁泊滝溇󱧘藍染𣘃撑𡶀絶膜𨢇言𫽄𬋩𫮦󱞐襖裂窖𦀪欣𫅜俸𦁼身󰱧命穷莎共地獄無間咍爲盎那召󰡰讀念㐌特清閒趣養身𢷀空汰汰𦙦𢚸󰡰庵𩄲唐隔𡎝󰡰包賒提侄外𡑝長砲𤝞撴𢰦𨕭𡋦堛争𪃿潭枯𡶀𡋿𡋥󰘰𩂟𡗶𪽣園坦𡋥𣃣󰬾𡱩𣛰蘿椥標𨇜󰜋座扦𫔸慈悲𡋂秩𦑃𪹷香濟度㩒菭󰌎𡋂舞榭蝒扛󰘇木趣𰙔楼𧍝哭更𨱽𦊚方彷𣼽干戈蹺𡋂𬗂𦼨吏𦋦龍城拮軍扶義𠢞𡋂中興諸軍𦣰𩛜江溪𫀅𤇮柴時𧡊𤍇蔑𡋁固軍固𧗱固城固司鎇撩頭馭槊攔𩈘城盎𡊱㼫垵西瓜羅𦼞垢垠八識󰠱八風強提強倍𣦆䀡趣𨔍朝春花掑󰁮峝𥒥垠碧廛󱖮簾垠隔䏾花墻東𧊉吏蜂戈默𢚸𠇍𢆥伵買及柴共饒計浽䔲荄自垠係禄朝官㐌固垠爫之貪特𠢑班寬命穷蒸𢖖苔沙地獄󱫸𠜈召苦拯固垠料麻高𧼋賒𢒎𢌌𣾺𣷭福溟茫拯垠𨔍澄唐垞𠇕偽固排󰶅󰶅󰢜󰬙𠫾遶𢧚𫢩𢯢𣈕搶空准󰅹󱉿垙迻臼𫥨垌打𠀧㗂釭臼喂󰑼臼𦲾𡽫𤍇買𬷤垌𣍊渃㛪𥙩𥭑崇𢫝𨖲坦𪣠󱣆𫽄𢧚㘨英𠫾󰭼𡞕朱碎𥙩𫯳𦝄羮𡌡㙁拮󰝂常例𦊚同𥪝𡌡窖󱨈台秦楚坤拠特双拨岸𡌠渃默𢚸奴𫀢埕鐄拯惜名時惜󰜋船󰜋俚拯衝没埕堆勺群竜𢬣𠓨鐘磬群𫽄咹埃况之𤗖埕於外壘𥯌𢲫𪞷幅像撩𬨠冲茹朱典朗埕調伤唩机造化咍󰠳淎洡𪤄𣷭埌橷窖羅󰋇𢆥夢制𡽫巫峽蔑埋春典准武陵店𣈜弄𬋩隊澆歆埋弄庄涓啓明号󰑼牢埋長庚号󰑼牢歆歆埋枉𠺥辱筭當𣌋埋囉𪠞麻朝歆𠭤衛埋㐌吏碎和卞朋拙朋埋煉𢚸爫孛㐱舍修蔑飭搥埋扲鎌加蔑𫥸𥓄昂育坤移衝突󱚢𦋦葩泊抛抛侵氣雪藞青要要辣唉埋眉㐌及拯埋些侯殮冘衛俸埋埋寔󰑼埋卓󱡇𦋦𠃅楼西体娘埋爫襖朝重望埃戈絲𤽸埋夾𠄼塘舞射𢱖埋僊󰡎洞詩歌啌議客𨕭代󰅹埃群汝󰒂柴孟󰠲據帝𪮍埋英䧺積仁義修道德埃咍尼庄釋迦腰腰酉酉弹埃𢭮性性情情性性星󰅹沛求埃沛累埃抵埃直分鱓𩺡󰜋皮狸狸号丐代埃命㹥密㝵咍説󰁏於渚泥荼㙁菴𩄲駭𢭗耨塊運尼󰑼欣蹺蹎英𣞻跢奔㙁󱘠𦝇姑𦊛𥙩税渡機祸福分明报應𧵑浮雲㐌凭󱞢油塘󱞖𠊛𠫾仉吏空𠓨𣉹底空𢧚𫢩𢯢𣈕搶𩚵咹𪝅歇蔑󱞕鑊錆之帝打料謨󱳮󱞔滝吏𣳮𫴋滝弹󰜏吏𥙩弹翁舌之俱於󰮂棱買細低停𢚁籠𣘈󰠃匣󱞒固𣈜󱙲󱥯𠇍𫥿棑典時𦼔𪣱庵𦹵拯羣鬪𪠞甎󱌔墁𪣮𡍢𣁔𡍢𢌌墟𡍢𬌥𡍚捤乾貪婪拯計固埃𫀅𠊛平𦹵𫀅𡗶凭𡍙頭𪤠𢒎鷺𡳳𡌿浽󱦙磧磯𡌿𥒥丐𥯉湼於󱰯坡𡌩所亇洡阮阮堰坡𡌩堤塘堤澗羅𤂬沚𡶀掑堆邊𠬠丸㩫𫽄𢧚𡽫𠀧丸堵吏𢧚堒泰山昆𡛔爫堆茹㝵捕䊷𨆝𡓁船隊隻挴檜頭𡽫鈽計堆瀋朗昆𡛔𫅜𡨧堆共㝵君子奴連󰝂捽蔑刀堆𠊛堆些𠡚飭𨖲𡹡朱㛪𥪸𪖫底英𠹾巢仍仍事世丙堆争世事堆孤油世事𢷀空汰汰拯兮之悲除𤤰㐌𧗱低󰒂昆𡥙𣈙之敢堆𢮩󰼀堆蟄蟄似旗󱖮劳𨤧𡗶坦常欺𩙌培客𦟐紅𡗉餒迍邅𣷷迷群渃沚溟溟坡覺沕賖𣾺培培執𪮏細畧孛麻踈浪怒類鵑執𦑃共𠖤𦑃󰠳𦓡執底賖󱗠𠄩小童於边執𠅜浪󰠱念妄駡群觸觸𣴓㳥𣱿濡沁亇𤂬吀𠊚同志朱爫拱𢧚閉除連執󰀋吏麻佇庄咍吏打沛昆末𠇮執𪡔朱年最末兵饒執渃𦹵共𣘃蒸等君子代初庄羅拯悶執時爫道隔岸永永鍾廛廊漁立執江边󰋇茹䜹浪棱壁脉𦖻店𣋚拯路埮𠳒女之𠊚坦清埬於坦彭𦊚馭駟默襖戦矯車𠫾駸駸墓吒庒哭哭埬𧋟𣇜𩙌霜搥𠓨埬𦲹許蒙𦋦朱󱰶奴雷󰜋𠇮𪧚埬𡥵踈易埃󱳮朗𣋽猪買娘𣩂𠬠埬欣𤯨𠬠𠊛蒲俱捤䊷丐󰔙𫼳𬕷媄𧺃𢶹𡥵丐埨択渃丐畧扯頭搥朱域域性𦎛念𢚸域域𮗓性光光𩄲𩄲霂霂忍無情域域𦝄強節瀝清愛憂域𦝄印渃淩淩𩙌𠺙花案梅公知縣歷城𦎛忠𤎜域襊清𫡸蓬𦝄𫅷域域𨕭空𥾾蹎之底極𢚸才花水獺獺於域娄𤤰遣㝵漁人吝尋蒸中域飭𦋦域渃助𠁀󰒂𫯰渚援民𡗶特恩教牛固号域𤙭域𬌥𤽗張生性本咍疑域麻𫮲埝軍渃北調拯固據之破𡋿昌枯散涅丕孕竹孕𥒥坤助態圭丐弹丐埝拯㐌事苦麻茹秦丕悶所坦󱞝誇所矛麻咹鱠渃韓爫𦧘渃趙耒𫥨𧏵󱞜𩄲𣵶包󱤗吏特𫄑𠳒始終命𫮋城市用涅山林滥丙𫮋咹𣳮𡶀𡽫𡥚箕固襖襜油拯唯拯󱯗𡥚箕固車馭油拯󱅒拯𩧍牢𫮋󰏙所托丕𢚸𥢆𥢆仍吟𢢯𫥨𠓨添𢖵𨅸𫮋空𢣧固几𢚸群憂愛𡳶𧽈𡎦𬂙忍熾樓𣋀𬮌嚴審審沒𨉟𡎥如𡎥茹湥如𡎥毡針炪封香呵𡎥𪹣襖殘翁𤇮𡎥𥪝󱝾𤉕𠃣咹𠃣𧞾𠃣󱳮𠃣爫爫𫰣咹鉢𡎤𦣰𥴜𥯋片󰀋𣈜春𡎢枕勾媄誕𪠞時拱𪠞媄誕𡎢時拱𡎢官拯官辰民詔中亭𡴯仰𡎢𨕭姑行半册𥋲𥌈𪿀柴課資糧𨅞󱘓𡎢税絲税秃貪求𡎡鐄𡎡泊徵輸拱𡗉各次𡎡計𫳵朱掣鐄鉑銅鐱󱯏鋼𨨲外雖𪝪朱鎮蒸𡎝󰞯𥪞實撴遣𪠞蒸准托払𠱾󰳅𡎝賖𩄎𫗄妾𠱾𧗱房󱀄照𧜖鯨滝鰐𣷭𡎝坡𤞺𧯄𡎝凣俗塊𢚸凣俗𡎝壽清清強跬𨀈鐄通炭焒蓮通泥𡎛𩈘粉𡎛洟𫽦搙罕如䏧碎悲𣉹唒𤽸󰝂札𡎛披𤓢朱顛𨷈間𠦳𡎔青青𢌌𨱽𪀄坤杜𡎔茄官𤳇坤尋𡞕𡛔頑尋𫯳坦堹𦵠園堹蒌𦟐刼歇堵花蓮𦲿青果堵式強卒牢雹雨湄𥒥𬇚𬇚堵趨世平重𫧾空安裊堵时𡋿裊散时𢙇城堵㐌固𤤰磋役夷𡛔化󱳮𣈜󱳮𣎀客詩興議嫌𣠖堵禮求爫𬮌茹拯堵䐗堵𧜖𧝓蒸盃㐌辱鞍馭蒸𪠞𤤰𦖑援呐如𠱋𠸦浪夷狄埃𨋤堵𠳒𠄩𡦂功名庄感谷蔑場恩怨仍歆希𭓇道蜍柴揬昌沃渚通𧵑報君親渚報𢚸更更買咍節㐌報𢀨夏翁𠲖翁𣃣耒碎𧡊神竜報夢繚咹𩙍油准𬆅𦑃報𩄲默㳥𣾺炎淥咹存報牢贅疣󰑼年報榮報如布𡞕沛󱢣笠󰣿𠃅𦹵𦱊初壳𢯧枝橋椥焠肯堯坦󱚚種核肯堯仍𠊚粗俗呐調凡夫𪰛堯事变饒平𬨻鎮𡎝南溟裊課初代堯渃奇﨤咍𣜾包𣉹垌𢌌請台虧頭執俸乙堪唭演若達多渃𣾺󱏹𥛭拯堪吏𨖲𡽫望夫丕堪下張良拯肯於尋仙底納印封侯堪䝨堯計聖明欺求至理用情𠳨𠻃湥渃有情淶聖説昆船無掉󱖺蓝堪蒲伏堪󱮝边塘堤路群傳𤐡香傕󰬮道吏牟仙招巾博堞橋𨖲󰋇吝堝𧷺󱚂󱞈𧷺堝𠶦󱚂󱞈𠶦抇自銅鐱群𢀨重夷𦓡㛪北堛高期覩奇𦊚榾床漂奇󰜋堛󱝷𥘪𬨠𨕭曲滝𨒺𧡊边堛瀋固萌孤蓬粓㙘渃󱌡功英爫壻章󰉟咹歇𨑮𠬠𨑮𠄩㙕茄納陛北連𪤍髙質恨民默高所𪤍𤁔𦟖民默𤄮所翥花緦課尼󰑼𫃚𪤍顛領桃𤈜𤈜花𪤍堵鮮况朕𫢩挷𪤍󰐯󱀄女之聲敎狹藩臣想干故󰀎悴𪤍攝初㐌𦎛福厚吏𪤍顕荣滝江固𪤄𫵈旗𩄲法派𤐝󱙼𪤄滝立庙於外𪤄𣷭𤌋香岧箕𪤄怒𤋵油𤾰之尋㛪如体尋𪀄𪀄咹𪤄北𠫾尋𪤄東𫅷碎𨨧朱𢧚󱫣油油愁質𡖼𡽫高排排𠇮阻尼𬲇𡏧客𦟐紅󰬥餒迍邅宜陽𤉓𤎕吏燶市城浽盎𡏧紅𪽝埃𡶀𥪸如重𡑭𡏦革爐󰌎滛塔𡏦渃称大瞿𦀼𡗶𡏦城立壘冲外所郎封溪羅坦武寧𡏦催吏𡋿功程別包𡐙𡏥𪿙泥外𡏢墓地他麻𤯨𧗱𫮲𧗱𡏢庒𧗱奇鉢粓猫𫅜於𡏢包𣉹爫官固𡏢几奇固𣳔鑊𤒛㘨𡏠䐧泖鸞𫃸𦀊買填挼契闊𢚸信𠄩𡦂南󰀡报填園塤世事𠊚奴煨節𬙞人情埃塢菊夢󰁰丹桂自𣈜𧡊木犀拯群塢典每類𣘃冷󰪋󰅹𧡊塢𠲖氣悲秋矗慝𡏘落花𠓹𣈜𡖼娘塢紅杏𥈶春善典霑少年𠬠塢水仙𠄼𬙞𡌽撑撑如拉十殊花𤏦𪺇󰜏割𦋦威𤞺扒塢𬷤𤞻󱁲弹羝󰅒時渃燕淨渃楚湄𣘃柳塢𣘃桃鮮桃油油塢柳唏唏𤷍茹塟号󰑼柳車時骸𦹳昌玉㐌塟𠓨蒸䏾亇󰡎滝斤貝斗弋𨖲平塝渚菭潙弭󰠱󱹡𠑬𠫾没𣈗塘斈特没𬕌坤󱝚是非稽聲色碍制排淡柳塘花塘花𤎒𤋽信螉蹈𨤮柳舂升使蝶傳𫏙坡塘哿滝汝箕𪟂所梗檜庒𧡊𪀄燕𨕭樑𫗃春迻蔑𪽏蘭船鈎𨢇蔑瓶羅塘生涯娓修塘娓柴修塘柴卞𥙩筆𣗾塗𪸄約󰁰餘𡨸麻𪠞吟𠰘塔𦖻兮之禍哿係㗂𭁈冷腮𬋩塔𢩣文塔𬮌論𣈜秋鄧橋渡搥廛塔暎𬮌𦝄梅塔塔掑窓𫗃竹南南孤子昆戊塊吒李公𨻫召傷𢚸戊塊必載命窮苦巾生特昆𪰛感德吒𠇮拯塊鞍馭𪮏拯移弓𥏋𢬣拯塊冊特󰬾𢆥𡗶𢱖頭𤞻𢴩鬚𤞻侯拯塊𠰘𤞻傕󰡫辰傕傕拱頴𤾓𫷜強塊㗂爫妯𡦂情沒塊妾吀𫼳塊笠𩠸茄福麻及攑課先朝𠃣通格律播󱞦𢧚章札札𪟂𣘃爫餅車丕底𦷾蒸坡󱞁滝丕堆些如渃󰜋󱝻如花󰜋笘如𥮊󰜋󰺥𤳷為𢫈㨫㘨󱝺爫咹熣𤍇固調慢欺春夏朋沙湄丕人民時爫󱝹准几𢄂茹𤤰𠦳𰊣盃民所於恰𨷈𫮡油詳油略括包宇宙固如翁召公隊𣈗𨷑渃𢌌𤾓𫮡宇羅𦊚方𡐙𡗶𡐙於𨕭詹茄𢪥𡐙麻蘇像神𡐙渃晋於連𡐙温弋弋𦀊𦼜𦿄於蒸坡𡏽滝河丐𡏯閉𥹰惨質愁磋𢧚墙㝵蒸代仍噲爫墓婆阿蛮譖𢷣墓打破丐棺共骸骨昆𡛔意㪚補蒸𡧲滝廛永庵清㐱實境道人遊戲𪠞渚旦境旦准隆坡軍調歇飭麻辱牡丹木境茄蜍堆些貞節待徐𥙩饒意卞滝域准漊拯固村塸𡧲固蔑塸茹𦱊孕爫窒湿狹朗賞渚離䋥塵腥汚拯播典𠇮拮空𢚸慾𢭯清裊塵󰠳羅錦𡨧妙揚几初傳浪󰑼錦塵󰠲󰠳羅錦塵󰠳𩙍𡐙𨒺𨔌没塳鬦㗂名於蒸塲荣利構致澤於蒸盃漁樵塲制𰙔妓充盈政默朝廷命默遊荒塲斈号󰑼孔堂𫥨庯巾昂挄𥙩󰘚󱚢塲裙𢌌振𨖲𦟏卒朝茹胡軍吳侵劫坦意爫塲打饒楼䜹翁月𥈶󱚢語群任令󱚳嘲謫仙𡐙󰭙𡐙𤼞熠耀渡客往來擼浪漢祖初󰧺制尼𨢇唁𫽄𬋩𫮦𥑥襖襀窖𦀪欣𫅜𢜗𦁼除些蒸󰮃𡑝意丕渃𬈈哿汜侯𣵵𡑝㙴𦼔撑󰋇笠終扃固買辰扔𡳵𫥨買於𥪝茄𡳵於外𡑝𬊐󰘰󰘂紫吉坡𡑝鐄吟唭麻𫴋久泉渚欣𣩂濧𡑖畑𫨩𫳵層層𡐿󰡎𡐿𨕭𥋴䀡風景𦊚边𦝄澄𡐮股𨱽渚𥙩浪󰡎𢬦墱𫏾𰦫𠳒誓𨍦沛墮身橘爫甘𠹾朱𢧚墮尼𤯨𬡶襖襀𣩂墫襖𫅜君子固傷辰扑厭吀停𪭟外魯墫碎魂墩胣亇昌塟𢚸滝几磋㙮城坦漕化工磋㙮別包𠁀㙁荼㙮𢬭𠃣𡗉󰣑枯楳亇最挑鐘鯨卞鄧爫㙮蒸所中所舍利蔑函底鎮沒分𡏦㙮普明意羅佛骨威靈渃尼色身命仆𡨧牢養中臟腑㙮髙劸卞𢀭𠀧𩛷庫𠀧㙩安分辰欣喝每調𠄼𠦳貢士䀡󱙻𢵋饒匪志𬮌𡑴󱞠饒數𢀭𥙩𧁷拱𢀭數𬥣𠃩󱞀𨑮𬌥拱󱚴妑昆内外𠄩边𠬠𪪳長族󱚭𨑗𠰺浪或底𥪝盒𥪝󱌡或底𥪝包迯粘没󱨕絏縁㐌󰡊據牢吏󰖁𢪀源𩂀󰇾𢬭牢當𩛜𩛂𠬠𡞕𠬠𫯳𠬠墝粓𥹀油𢚸咹𨔈椒疎産󰘚溋茄𤤰永祚𨕭嵬頭𪤠𢒎鷺𡳳𡌿浽鷗𥊘眜𥉫𨖲体榜招箕𡑴太守𨅸𬦪蹽𥋷𧡊𠓀𡑴暈兎𤋵丿𦖑膉󱡴㗂鐘迻𡑴勳將𢃄巾撝𦘧𡦂同休碑𥮋𠦳冬侈𠵌边𡑲柚撑固𠊚迍桧返过署𡑲行𡑲𣷭溇麻浽𢧚𡑱如空𧗱𠫾傕阻吏𦓡𪽞𡑰侯葚𫳵些𫽄𧗱󰅒𤽗李友之蒸質𧌂𡑪蒸𠇮蜆𧋅󰘉通𡑩𣷭塘棱冲空㹯社外空𤞺城溋銀𣳮槊𡑩兑撩弓只石生辰買祸󰑼𦓡漢㐌𡑩賖隐跡方甎丸壉󱓦情初赤壁塘姑舅縁𪦲冬征道唱随幀張壁奈之幅亭賞蓮能固間󰝡典准於時蔑牀永𨤔茹𦊚壁空壁𪿙顛歛如𬊐觜𨮉別󰋇苫扜別包埃浪𤝞拯固獰牢默鑥特墻些𣦆𠄩吝𬕩戈幅墻觥約𬏓󰁰丈憐六如𧋉蹽墻辭啫初𨍦渚歇𠳒㙴花娘㐌練蹎移㐱体𬰢𡗶熾𠓨𬮌數𦼔撑播苔边㙴㙴花吝𣈖房斎𧿨𨃌欺󰅹從且制㙴桂朱奇梗多吝糾多楼高餒丐𪃙㙴玉𫅤𪀄鴛󱞅饒扵準山臺𠊚調怍奴固才坤當降𬨠󱞄粉𠬠詞𦢳𫼳幅像没𣇞𪞷𠫾牆坦󱞃撘髙𠀧𡱩𠃅𦹵𬔽󰈠待𠄩𡬼𢀭󱼖支欣朋󱼖禮𠨪麻𢝙道𤎜名󱼒拯少蒸𧵑所少意妯𫅜壻午篤弄徐待名儒壻󰠲固壻𥊖𪾤体尼𫳘󰒂固夷󰘂𩆐監󰠲󰝂𪔠吏壻𡥵空𨤰渃𠊛𢧚沛搏𨨨𠫾𩂄𩂄棟宇層層審炭炭階庭𢌌𢌌𪤲藏納𰿘類𢚸弄弄貫通𦊚𣷭量𪤲𪤲意󱉎主𡗶朱吒旦低特拮壳昆詫之朝意如空壳蟡𨻫𠹾㗂𥪝𡎝𠁀調窮特法仙灵壳凡𢯰塊珥𨉓凌凌埃哙典𢀭辰錢鉑唒𧹅壳拱沛󰬾貫󰜋𠀲羅𠇖壳﨤回顛捐從󱀄劍咹立業笘笘𦹵逴花嘲𧯄綿木猿𣘃敲壳𪀄時埃群別丐󱺈蒸丐󱹿丐𪟤會令士尾僧尼秩唐料士遣几恪台底朱國姓特𣈙𢪀宜士固才䝨埃庄別名絲毫庄固填恩主㐱合𩦓蒸䋥求賢張蒸𦀚待士奉曉𦋦飭攻城身先士卒威名平神菊花花菊务冬染黄务秋湄娄連𣎃嘗新𩚵買頭务討宜信敬奉徐拮󰝡体匝昏証特夐葵鸌矧疎尋内夐𡗶落度𨤔𣋀疎鬪恨寠於蒸内空夐捥𡕩竭𡬷誇光債𦖻娘買計詳𧵆賖律務夏矯答𧜖𡧲务夏𣎃󰮏𤾓官󰝡禮綽孛旦厨報天夏戈敢約吏春易侯𬷤𤐠󰋇吝女牢助𠁀茹夏破散泥塗吝吝夏吏秋戈頭𧏵𡳪鳯黎妻務冬邑𠨡務󰭠𦬑𡥵羅𢩣橰退𫢫𡗊役夌顔󰋇埃㑏邒道恒𠊚些真真仍夌󰑼皮烏木枯門似夌𢚸𬁷敬𨑮分掄院𥪝󰘇茹󱚒傳𢝙安𤤰𠵌呐用命行傷𠃣惜󰬥坤掣制廟堂侯󰭼榾󰅹台𤯨包󰘵歳󰬥调𧃵𨐮身弄調󱯠󱭪𡄩耒擬吏廟蜍󰄜長朱便待除占包𡗅命礼麻懺悔雙离共所固曰丕埃朋𡗄所曰麻補蔕爫欣瀋朗𣦍𫅜𡗄固姿質邏𡗄奴文武每才皮𥪞韜畧皮外弓𥏌時蒸恨𡗄𠽆拯別𣈜󰅹可散𤷱丕畑銀𤒘玉叱𡗊𤍶尼󱘰洞燒添𤎐濃𠓹𤯩㝵些極𡗉𡗉錢擃𠫅𠃝錢擃潙𬇚官且改𠄩𤿤𡗐坦孛秧如蔑𪽏𬟃𤽗牢体吱蒸𡗋丕𬋱𦀊𣑶㐌𡗋𦑃𣰴㐌󰬥適志朱𢧚𡗋𢴝𫨩迭觧𣘃𣛦𡗉姉䠣貪錢榾𦟐𡗋英蹽䐗体㝵君子汝朋𩟡𡗋㐌蒸𢆥𨎠生蔑昆丕娘綠衣明𡗋𢚸𡗶群𡗋才花魁元仃抵旦科𡢐尼帝号󰑼処海陽於東潮縣於廊髙𬮦蚕蛾拜杜丐𧍋蚕種󰑼壮養挼宁床𫯝高坦𬏇声声𡽫撑渃碧㐌仃配坡故或吟声灵工法界耒𦋦動坦轉𡗶闭除固𨤰𨅸𡎢爫声荗浪仙道叱灵声空麻别事情泣尼丿󰠲固𦞎声灵遣𤽗荷荗𧡊情幽𪟽何能直体駭驚和𢜠和哭声灵呐𪞷屡箕昆𡛔弹妑團尼󰛐壯𪪳𦓅掣包白鱔󰑼󰧙壯命黄鱔号浪实意丐連秋清䏾𤑟𨑮分𠓇壼瀝香冬󰋇斛苔恒遣繩奚𫵈扲𨢇蔑壼彈琴蔑張烝車茹𤤰㐌󱨫吏󰬥哺拜察󱱀𠬛󰑼把恩鳩芒廛守𢮀𦝄𡞕劎𨑮𠄼𨑮糁尋旦漸󱙭謨𬟥差彦戈𧡊饒𠸥禮𫯐皮牢固户行極𤄮朋𫯍箕所呐丕台埃𪟽及𫯍𩙌𦝄𣌋󱞳󱧨德邦命𡗶㐌外狞猾㐌𥪞榾樑𢶢共太守計外󰬾𠄼蒸㛪𡛔户𦀚行边外𤽗陳渴眞丕漢蒼𡥙外𬡹𡾵業陳外頭梂渃󰮁如𤀓外娘璇玉篆群香於恒外朗婁𣈜庄咹油些忌扒頂外油麻忍双𪰛萬事戈𤤰体帝𠇮特産󱗲󱞽頭曠詰車𤾓具𥟉𨷈鍾𫮋重禫󱟂咹重鑊高𡝦浪歲󱼓作𦓅芒恩天下別羅包饒󱞿禅天恰收所邏𨔍軒巴邁𦒹禅天景𡨧和冷圖似𫵞幀㐱意󱞿𤍌𫘑窖科目唯𨍦尼買買𪽝福田𢌌󱞾青青󱠧绳𡥙𢘾𡗶㐌𪥘歳𢆥𫢩澄㐌長成𣅶𠫾𥘷買台唭髦󰛈𫢩㐌𦋦𠊛𪥘傕卒鋪𫥨醜車󱞼吏奥󰑼調庄𬉵奢華𪽮浪饒咍歇苛賤󰠳當𠃣矣群户馮時奢侈麻户徐時儉提當欺檜泳頭檠沚奢奇處意囉沔󱟁包饒仍役苦辱辰𡢼伮濫歇汰拯恪之囉󱟁昆𡛔意蒸衛茹𫯳永永𦖻𦖑㗂哭𫯳𠹖𠫾矯𢢆買𡽫滝改𠇮於蒸准𫯲蠻阻鬪於蒸𡎝黿鼉固𠊛林邑圭賖占城坦𫯲外和𣷭南𬂙𫯰麻庄体𫯰㐌停𠬠浽𦟐紅無縁感情媄𤴪庄涓昆𫯰拯外謀奪時冲受禅儉歆𫀅𧡊𡚎󱪢步㹥區迻吏󰡲步󱌰号沃醯鷄多恾之𡢻𭢌𢸚𢝙之世事麻矇人情石生於㭲多張弓𬑰中𠓨𫅩𪀄大鹏𪀄多多捲餅𩛄卷共羅𩛄多裊初諸咍碎朋㝵多店便欺謹渃快󰝂多共麻自㝵多朱旦欺意計㐌特𠀧𬃴𢆥典昆㐌哿為徵昆麻多每𡞕几多挭檜樵夫宁棱耘耕皮把皮搞𦹵多丕時𦒹鋪經爐𪤸蒸恩等聖人侯𡘮好縁𡞕𡨧固縁滛夜𤽗子文𦖑夜意摆倪夜麻󱜐雲髮󱮮𡨧衝世夜夜宝蓋𡽫片𡨧鮮淡夜密箕待杲号󰑼夜毛欋巴皮夜抖宜各同鬪㺔𪽞夜𢪀浪謹台訥蓬栗棘󰅹𪮏沛綽像𪤻蒸襖𤿦羝𡮈羝𢀲絲𤽸埋󱫗𠄼塘娘些𣈜𣈙𪤻樸漣󱮟拯如課怒𤷍𤶹𢄂𡖡𢄂散丐𡖵𣋚意𡖵之𩃳楊篭𩃳茶糜蛰重㷝香𣃣𣇜𡖵清𦖑兜卑庇如形㗂埃齟齬𪤽粗离誦經讀冊聖賢載通巴教預連𡖼排盃恨身𡛔󰅲𬋱拯特𧽈𠯅𡖼時𨎠蹺伴論兵南北穿花埃󰑼敢𡖼埃󰑼敢𢫘㐌哿䐗𡖼堆於丕麻固𪦎求䝨志𪧘夢朱特𦊚𣷭忍群夢𤒘炪夢夢拯𥄭朋固傷𠰷矯𢚸絲想𢠩夢塊𢚸蜀帝塊𢚸杜鹃奴㝹春吏朋願󱀄午挼堆方課祝夢𣷷銀洡湥宫𦝄祝夢邊鵉織女掑𨦩略鬪󱀄開元禀夢𢬣弹指𢭮夢𢬣𫩉𣎃𦊛𣈜夢糝除午生蔑昆𡛔機牟造化𦊚務運冬𨆝󰬾𨑮夢没春夢󰬾亇𠫾咹誓夢𦊚亇𧗱亇𢵼禹門夢冷乃乃摆槐槞祖㐌撘𡎜種𣘃夢菩提𦬑𡢐尼強髙夢福𡍋撞𣈜蔑扔󰘂儒午矯沛扦掑夢禍罕𨢟侯陷拯量種咍惑性迷心𨢟貪夢禍古今哃哃𤴬夢眜𥙩𢬣沕𢖖𨉞𠊚恪𥙩金󱣗丸𧖱霓羅夢𠚐𧺃撐堆𤥑固夢自然吏固核固㝵鄧𠅜評夢浪核意實𤍌象悶爫神像丕爲夢体𠄩丐𧋻交哏穿𠓨競𦠳腋邊左𦧘庒固亇時空准𦣰庒固幔夢𩂏身𪤾𪤾𫥨𥪸边滝仉撟朱𣩂𠊛空動𨉓奈𪥑或𪜀因奔半或爲多逴忍旦官連共奔半𧜖挼穭蚕各每調子子邪邪虔巨奔燒扶鑊漢課村奔肯飭料戈𣷭扱𡽫役𠊚庄恪役𦝄蓮𫯝𪞷𠫾𣃣𤍎蹎𫯝𢢯𢢯𥘪吏𢖵尼學塲細尼𫯝㐌最󰠐𥪸𧵆外󰘂𠵌吟踈浪永永𦖻𦖑㗂哭夷傷𫯳𢧚沛哭絲絲庒如種𪂱故夷咹𣎀𥪝潭夷𬙾朋蓮𦲿𩇛花𧺀𡧲氈蕊鐄些約夷特買如勢𡞕𢠣𡗋𠻵𠫾𠻵吏𢆫㐌𫅷𫳵𢘽如夷揚弓𦓡𡭉鳯凰𫽄𢆧吏沛󰜋弹𪀄夷廢沼𬇚𣴓撑夷仍潦㝵渃些疑浪孛㐌失蒸賊󰫽𥱰󰑼帝失𦝄𪪳窖世吏畧帝𬨿強卞空歇計之𪮏智術道𡗶𤍌闭台󰑼失包時吏𦬑𦋦蓬蓬鵉鳳𨁋准招撩沙机失󰡫吏蹺弹𬷤󱲔枚失少𩈘花宇鐄蹎𠫾失少如𪀄他𩛸庄派吒庄哀酉庄派媄庄哀夭實如罢𡗶麻𫳭庄夭制恶拯𧡊曆官須舍𠳨暗𫀅寅月小咍大帽料󰑼𫃚玄菫固大中小窖分巴類體用𢌌𠚢功用大古今名𠰺𠽋聲名玉蘭羅花大失驚𪦲白浪埃供養𫳵當𢝙𨤔𫥨𢞂把𣃣𪦲悁饒㐌𤳧𬏖固𪦲辰摕𫇰𫥨𪦲底𥪝茄𬞰底外𡑝𪦲𦒹伴生陀𦒹舅𣃣𠄩營於固𠄩󰜏󱦪󱰐𪀄買逸𠽮𫔳𧯅虫𠱊垃𩂏拱𠫅叔母󰑼嬸蔑𢚸正專嬸嬸嬸共羅㛪妯󱙷風流𣠖者香願旦悲𣇞買﨤𠊛悁餒流落事恄慳󰑼世世丐𧋉咹𢀭𧺃媒固埃爫󱪉𫯳碎辰爫𨀈󱚢𧡊𠯹婵󱦗𬈋󰛼𥿠𦀿𫄄𬗢𦓡崔用黄覩𤾓兩納禮𡠣六濁如柴𧴤𢶿𡠣岌𡹞渃沚戈岧󰜏𫅷摺𢜫謨㺧𡠣𫯳𨔍之𡛔媟旦茹𫯳眉共闷憐󰑼買情媟庒𪿥麻𠶖丐湼打𣩂丐媟𡥚箕蒸時媚丕除些蒸外𨳱丕𡥚箕蒸壯盛丕除些蒸𫏾茹丕𫔬萬蝶使蜂媒𢮪拯特𠊛継絶扶危句文得意停㧪𭡏󱋓𨢇𣟮媒𠤆屹岣窖󰑼排役撩𤽗扲机賑米刧媒小夷䀡𩑛半鬼奔𤞻𧡊媒如雉𪽝貪默𣘊納采約見持𣈜通信媒約事尼决年𨑮𠄩󰜏媒恄之饒󰝂丐春情㩒於󰠲𢪀仍唐要離撩𢭮劍𡃊朱媒䋦柴𢯦舞衣卒矣媒埋襖払菜苽羅丐媒踈越蒌控耳羅丐媒𥙩𧒊𦖻𩯀絲渚報媄吒生遣𠅜告典㝵君子浪嗔衛永吒媄𠳨媄𡜤浪𢷣𫨩𫨩𦊚𡥵𡎦𦊚𧣳床媄喂媄唉媄傷𡥵󰅹姻𣳔茄𡤠婚𣳔茄妯婿𡗶󰠲奇𦥃英襖󱏹朱󱪱碎木朱𠻦碎󱜸𠻵崔𢪀吏𠊛傷𫯳強酉泏婹當𥪝𢚸󱟎蒸𠅜𨤔榮𫽄劔娘易安𫯳𡥵羅丐𡢻𫱞他浪𨅸丕餒身脿󱤾𤳇絲喂咳𤳇絲𠫾兜𦓡倍麻撝𫱗𣳔庄嫌真𪮏跪車車香倍另嫌生它𨄹畧淹淹仕排冬嫌這冷沈綿甲嫌為󰜋焠𢼂吹悶慢咹蒌咹𢁑業𠱄庄嫌所䔲荄正蒸𡥙𡛔茹𤤰嫁朱蒸昆翁齊侯𠄩边吒媄拱明丕𦖑嫁朱𦷾阿舅󰑼臼固𬢱阿姈󰑼媽共時固縁𥛉舅𥛉媽朱𡥙𧗱圭崔崔英渚倍𧗱扵低娘媷算皮𫇿湯󰬪󰝡職𥄭𣈜意景欣沫𢚸順易逸梞󰜏󱟉挄𠁑󱖺揚𢬣翁脛拾𨖲頭核勁核󱟇𫗃咍埃咹槹𡡇時填歳㛪群𡮥𣜾𢧚𥙩𫯳朱𡠣債法辰㨿𠄩邊吒媄𤳇𡡇麻扒罰𣳔唯江陵㗂㐌吨𫅷群欣女課群嫩𣘃桃蒸嫩妙妙𠒦𠒦所華橰𫅷𫥿色吏嫩𨔈花沛别味花扲斤朱别斤𫅷斤嫩𢚸討𬆄𡗶坦証明󱙹辱因𡢐特顕荣東安夜澤󰠳󰠳𫅷辰每歳每𪬡江山付默𫢧㛪𡢐尼拯𪟽𦋦胣獴𪀄畨黎虜掠夺𠫾𠄩嬌雌雄𩀳㜥類󰘰娶𡠣𡢼嫁婍𫯳𡥵󰍖𦓡蹽蕳儒英箕空𡢼𫨩󱘡𠫾𣈘錢𡢻錢工猪者𣍊昆𡛔固𪠞嫁𫯳賒吒媄嬰㛪𪠞吏咹制朋嬰㛪𧵆丕嬰稱天策㛪羅晋王嬰渚𥙩調意𨋤貝排僊丕拠繓朱秩𣅶𤴬朱哺𣅶孀真經經孛固夫心香香謹進奴每座扒夫更𡨺邊滝箕楊廷俊拱懞扶持孔鼻魯每法夫肉机丐橽太𬚸户荷𦖑呐咋連嘆浪󰋇几灵天如𡆫烏魚个至顛屎中央拯坤拯曳𨻫央央歳撑屈䏾慈圍吒羅聾瞍𠊛時央央蝼蟈哿俸号󰑼影央野馬倍倍謨拜泣𡗶𡗶𪟽𩂁渃溟濛𡗶𨷈丈瀋漏漏瀝月蔑彙印域域𤁘𥚆𫀅風景𨔍台固𡽫固渃固𩄲固𡗶𡗶班最約𧗱󰠳卞蒸店意班𤿰𠀧因氣𡗶䨙最𪠞典村边東係𣈗霜降𡗶𩂟眾碎歆強𣾼𦋦𣷭外鮮㭳於𡗶丕𨱽𥐆於命丕坦𣜾𢮿𧗱干運𧺃𡗶爫朱補𣅶𨔈顒子𨍦丑𫏾夾除𤤰崩夾𩈘耒丿俸𢺺𢬣公浪󱮾󱭷園郊扵村錦石夾𠓨山荘𤀖𡧲𤲌𡍢夾滝典特𣈜寅𰋝條󰑼𣈜𡮤𨃐吏耒綿羅蒸碎供奉當朝丕󱚢制設待𨀈𬙛奉朝嘗新粓買頭务討宜信敬奉蜍拮󰝡恒拞畑𦷫花蜍奉恭敬謹固湼客䝨󰅹𬋩涓共邏𩚵対奈之錦免溪及牢咍丕包奈故之麻沛𦖑埃悲除傷𡥵㤕𡢼辛酸𫽄奈為緣朱沛勿奈仍典干𬲇連忖式隊時拯可奈牢牝猪𤞼奈辱因挼昆奴󰀎众奇莽孛説廉勤節奇須恒捻細旬會奇都饒筆硏匪志弓橷平願奇𢘝朱𢧚化󰇾揚奇咹奇𧞾吏強奇󱳮斈拯固浪𫨩之奇騎頭𠊛計㐌𠀧畨兵達固𧗱固奇蔑伍蔑旗蔑校蔑㺔𫅷尼𫅷緲𫅷皆𬙞𨑮麻吏固胎買奇󰞿奄應億共盃蔑茹𤴬󰟯如体槊󱢉油𡎥𫽄凭油𦣰庒奄繰緒奄絲奏奏拜㐌劳嗃檤秀頭奏板船卞宜婆阿蛮計覩事畧奏𪻟边書奏旦九重陳皇國俊調共󱳮筭李通󰝂公主𧗱奏𤤰嫁公主朱李通麩殼補奏𢫟𪡔𠦳秋﨤會昇平𣋀奎𠓇󰖽文明𡧲𡗶仍才吔玉噴奎珥󰟯󰭏㳥立仕𦑃𫡮上皇腰酉店𣈗養餒特𡘯仕𣈙料筭奇𢀭𢀨𡘯權衡江山鍾没朝廷𢺺堆𢪭茹底奴𡘯蓮時梗連𤉗些筭朱倍蒸意於蒸意擬蒸意𡘮所馭官文𡘮󰜋銅钱𥋳朋官武𡘮權郡公吒媄娘蘂卿共𫃸托𡘮𥪞禫𦣰鳩恨陳祿麻𡘮𡮨塘名利𫽄奚步綿咹制㐌󰠵𣩂墫𠤆兮空奚固開呈夷奇時絏意沛被𰓖𠬕於迯事追訴些渚𠺙焒辱因𩚵奚女拯群咹󰠲󰑼两舌羅𥚇𠄩朝於低呐𪥾吹腰結讐󱳠昭皇󰑼𤤰弹󰜏𢭂𦷾朱户陳麻於蒸坦曲阜典祭固默爫蒸准代𬧻娘󱟐林彦同薄沒󰝎齒工䏧昆特辰固𩯂麻昆𡛔辰空生𡥵生𡛔餒朱易揚固昆𠌊冷昆𡛔冷爲徵盎那爫经敎尼人情𡛔汝𫯳初旦𣈜娄茹𧘇生特沒昆𡛔卒冷𤳇辰乱𡛔辰平𡅳払棋鉑辰除𨢇茶𤳇𡛔醝𫑺默𢚸共饒𠬠聀權門娄迡魯占倘南迈虽𪜀弟子哿蚤多修行虽浪它娄㝵咍事某渚曠𡗶娄湄害𬏑既娄娄仕𢖵味羮𠮾嗷怪󰑼殿祠之麻庒固之奇只固仍頭娄󰑼頭娄󰡫尼灑篱󰑼杜𣳮娄㐌旦低掉𦋦茹客󰙯𦝄粓買𠬠果茄󱋓渃𩻐𦝄娄地㙁麻徵娄買年孛包𬼀菩蕯󰀎刼尼負刼娄𬁷吏如妸碧決料朱衝奈木核櫗篭娄谷厨冲𡎟娄畧瓊囂闷𪞷朱塊埃𢭼𢩮𠫾孟咍扒亇屡饒祭𡗶俸𢧚󱳦𬗏󱫑絲紅路沛𭉑呼詩𦲿󱳴𠊛󰬾等𧵑󰬾類󰅹沛如埃𦓡𡚦藥𡞕𡚦𫯳官停産妬辰朱祭󱦋固文喃󰜏意󰑼𡞕翁安生特沒𠊚昆𤳇󰑼固健沒𠊚昆丐󰑼嫡母柴𡚦拿󰬾𠊚昆丐媄翁九󰬾媄翁𡚦繞沒姑不幸早亡仃哴緣分女床㐌強掛势亥娘耨尼或特迸賴庄女恁咹鳩給󰡲茹礼麻朱昆半庄渚女謨朱礼為怒嗔停蠡𥙩𤴬󰣑供菓最𤼸花緣初女負抵𫅷度朱牢𠊛女於弊爫丕脱它𢴎女塵寰𨖲𠎣親王仍几𤵺𤵶傳朱女吏和𣈙底空爫朱㝵女要対年孟共㝵閑世間年如聖天神於𨕭𡗶女男𦋦飭英䧺平𤞻争𦧘平𧍰争珠約及女牛麻此𠳨梂烏事意固庄為若㐱𬐩皮道德姅間󰆐貴女天宫秋𨍦彊𧺀女秋尼㐌𤷍局凜麻庄群形像如畧女㐌体㝵君子拯補些賒女拯󰋇𣈜女仕󰝡黄𡨧吏贖丕寬寬吀唉停𢬣吏渚摸𧯄𤞻女秩𢬣女枚綏鄧業茹󱈘羅沫𩈘𡢐羅顕親救朱𠀲󰠡屯危急傷𠀲󱠡空執𠊛壬几󱟦󱹻箕可傷意歐羅禍𡗶意爫害𠊛𢀭群可丕几󱟦󱰚箕可傷意𬑉塵屈月矑𬁖󱟡貅𠊛仍約𬇚曾𣈜娘妯朱媄𫯳󱟠󰂇些如𣘃荒箕枯󱹜默拯固梗昆𡦅固𠊚被傷󱟟𤯩勤沛急救寶城經理㐌安𡾵高付吏𫲰賢承家𤽗張生典茹時媄𫅷㐌辭茹昆𥘷㐌學呐丕𠰷𡘮蒸傳道學道學𣈜𫢩㐌𠬖耒𨑮𠊚𠫾學𠃩𠊚催吒昆㐌董團𢂎傘𡥙𡦫彊𡗉預猝𤡛𠁀次𠀧𠁑命羅𠁀𡦫孤𪧄㺧奶𫅷奴󰀎众奇莽孛所説恩󰪀盎那南㐌杜倘㐌奴那昆体生福慧兼奴㐱買可年㝵實谷㐌奴中史尼庄煩劄讓咁初遣朱昆奴粓共粥𠲝奴隊𩛷仿澄共旦固堆𠀧𣈜末󰟨朱𢧚𩈘曳𬏝箕󰑼𫇿𦲿押𫉎尼䃣點節奴瓢菊香奴拯特𤯩丕𠫾󰠲𫽄󰜡𭓇路𧡊𠊚些杜納奴麻𥈺闭徐吒㐌𫅷奴昆󰝡權奇埃󰑼几當𨕭𢜠甚獵𫅷奴敢吀上憲恕朱特𢘾老低𫅷奴歲作𠫾咹眉汝𨀈旦低想因緣𧘇如妄絲王洄流渃勿宛妄差光森觥計𠲥𡀷𠳒𠳨查眼如𨄹北塘𩄲奇㦖世間如撫葉󰅹埃羅拯隊𨖲頭性本如𪀄󱚛與𭛣萬󰑚女絲扜㐌最如墨吏𢠩如𣈘雖它渚固才梁棟好盃渚醝㴷几仕𫅜𠰷役針針英㛪些𫅩好󰋇饒舅𠰚孝盃渚醝㴷几士𫅜𠰷役針針𤽗本好邏𢧚疾󰅒制盃𨤔堵匪課平生丐趣姑頭擬拱𫨩窮饒奸󱫂𠇍饒𣈜意蒸士󱓦𣦛𣦆代拯𤲼󱓍奸唒𣦍朱𣩂拱𪫢浪奸利貪歇𥙩饒時竟義沛󰁂朱乙拯妨民凣庄別帝王剃頭學道庄妨身𨉟𠲖除螻蘿𧌂醬𧆄用草木矯妨物類边滝浡妥浮漚双双如𥮊固堆荫奴共妥𠮾裴共咹𣈘󰅒炪𤒘𨔈朱妥𣈜恪𢭾鈎𢪀拱皮捥𣘃自妥群嫩𠰺𡥵自妥䀭群𡭜䜹釣竿勤勾妙頭信京妙位信茹踈登亇律或󰑼牢庒𠊚󰅹固福鬼妙弋戈吏体𠄩軍獄引蔑㝵惵𪵰𪵰妙妙𪽝方東麻吏牢殘󱩬妙󱡉淹妙揚忠厚特格律茹爫疎爫妖假聖假神󰬾魂奴化将軍𠀧𠊛𥘷筭妓佔𫅷蹺修持拱𫥨妓鐸𠇍𥹰󰅒㐌𠾼㗰𫫥妓捔𥙩𫯳郡公𠬠𠊚爫妓醜名𫢧󰜏集節陽㗂樂唯傳㺔羅𥒥性慈庄妒酉妑𨑮𬑉酉柴𫤯𦖻頭師𧯶沛夷妑骨伯午𡥵螉𡮥丐𥄮𡛤𣈘阻𧻭还魂𢱖󰠳𫽄𢱖𢱖𦛊㛪𬆄午沃讓謙羅美德永姑辰丈拱過𠬠𠁀姑時固号凱郎穷京㛪𨁟辰姉沛㨢𦤾欺姉𨁟㛪𢬄𠰘唭姉㛪共仍伴友㐌涓𣈜初肝義𤋵𫥨拱姉月塊情𢮭買󱣶𡽫滝姈羅昆𡛔窖姈𡬷𢚸誓貝𡗶高管之𤽸𩯀姅󰅹𦀼𦀊玉𤒘𨑮分揾渚苔姅彙󰌋󰌋買方西典𨎠羣姅丈可別𬰢𪖫乙娘蘂卿丕𦋦威𩆐𩄰姅𣊿賊散𡞕姂𫯳官停事妬底枚𣈗𡢐杜固文喃妾㐌謹權於園南除撞衛仕塟丕縁尼絲月窖分易吹𢚸妾愛恩爲払𢚸妾似𩃳𦝄蹺唯胣払賖𰿘𡎝𠦳𡽫咳払喂咳払喂妾𣷷縁払固世傕罢幅襖裙妻妻樞篩核渠更昂𦮲育边皮妻妻妸頭固号花奴調歌笙鎫欣𦝄妸小蠻𡛔妸𡨸位朱特𥹰𠱋𥹰𥹰吏𤇥𪸝𦎛妸姮汝㝵惵羅娘妸户姜丕𠳨𠶀姉妸蜚娥春撑度󰋇󰘚花󰟯󰅹𩈘花怒妸潘郎𢜝欺𠃅𩯀坡霜共󰡤拥𢫡卒妲麻除蒸賊欺痗㐌耒時迻妯𧗱典欺衛爫妯茹户馮頰髯木扃岡含㐱實妯讒古号連顔怒嵿泰山停冷妬󰅹魂烏馬落類󰠳貧󰛈併妬朱𧷺買冲唒浪粓𣳢茹外妬拱𨇜風流拯少之𠫾朱別妬別低扵茄貝媄別𣈗󰅹坤䜹浪嗔妬𠳿唐些𠫾竹笱妬鄧仍常屯吹丐夷粗𥌧𣃣齊丐𣔧妬別丐夷𪖫翁百户妬埃撅瀝𦲿棱底些𡅳𩙌𩙌停搈𣘃𤤰共皇后𦋦𢬣沛欺㺔妬奴埋破乾死生󰅹固惜命𫀅昆㺔妬如形㹥昆打忙󰞿三辱耶户行庄故礼󰒂𡶀廊盈𪀄部伴𩄲客次月󰞿三蚤仕美弄朱𡞕於蔑弄共饒如󰞿㛪丕雙㛪志恪𫽄侯如󰞿󰜋畑󰜋册󰜋命𧊉蜂屈裊燕󰞿亏唐𥙩𫯳爫𫰣固干之陰户羅𡜒陰毛羅篭𡜒𫛕唿𪀄坤沛於篭准輸羕𧍰𧋻失勢边特羕熊虎囉威𡲤妸姮娥蒸僊𨕭殿月丕敬礼媄姨慈孛些大姨姨奇令世小姨姨乙𬃴咍每𦍛𤤰主禁断爫之抵堆𡥵姨𫽄𥙩特饒𠸕姨𩙍哴緣羅世渚爲才麻易𫳘仁遁客摱牟𣘈粉姥半命贖𥙩罪情吒𡑝茹官姥樂萬㐱体丐鶴淫翎𨕭空法派麻姥核姜𦹳荄𭛣爫苛虐民𠹽如姜𦵠荇姜蕞每味割󰝂時另𠚢外朱賖欺姚澿洙灆𩛷羮矼𤁕釋󰜏𫅷󰭔被曷椒𤯨包饒嵗󰬥调𧃵𨐮老拱㐌𢜠台𢘾固󰜏𫨩蓝𫨩爫󰜏馭𤷍少几𧜖𤏦𪺇󰜏割𪡔威役博空雙碎𣩂𣦍𣩂𣦍𫳵𡝖倍傍台𫖀𪪳𬞑󱬐撑顛𤽸𪽝在娘娲𠺙髀鏁𫽄沛些磊限𤽗𫽄固媒娫𫅜嗔𤽗渚陣典務秋𥙩爫限𦎛娥脱㐌𡽫東姅彙𧡊󰮂錄𬞰傳𫥨寔虚𣜾𤏣雙娥𣜾詳婬娼娣娞𠭤衛些吏朱茹娞蒸𧵑咹丕空𧵑娜之某甲尼念讀爲徵魂盎娜悉因縁廊娘廊娜𡛔絲󰋇祝麻𫥨娜𣳔柴噲娘阿蛮旦仲始揞𥙩𠇮娘媚娘𩻐㙁箕覩𦛌𡥵𬷤媄娘𫽄㤕朋些㤕娘娘𦓿固号耒端式𧽈撫娘龍麻吏󰠱𢚸𥪞娘龍蒸斤都㐌拯固𥪞𠰘呐蒸沛庄亂單囉恪庄沒𡮍𦟐桃娘竜双㐌高高皮斉娘竜忖識𩈘眉謹魚罪業𦍛󰀎娘固某孛咍除娘庵永孛現慈悲常制馨羅𥒥共𠁑㭲核庄娘𫔸茹吒眉泊胣㐱拯娘如仕娓𨪷𩯀共民平㐌姅娓香自𧿨吏茹󰜋𠇮払准楼花買強𣖗𠶛小底㤝空𢶸幢曷娓吝点吏㧅師兄齋拙娓𫅷冬迻或媄弄動女昆咍布娌󱏛巫媒𡞗求神醜婦𡞕丑切磋鬼妻𡞕𭁈㝵些責重󰘓𩂁頭𡹡鎖𤌋香廟埃如廟𡞕払張𡞕哿衛茹𫯳拯朱󰕛些𪠞共𤽗杜三時免蒸色𡞕𤽗仲逵𡝦𧗱𠽄󱠳茄圭官員𫥨盎𪜯𧗱𥙩粮吒婫𢜠𢙲少之役縁𠳨歇分厘停停没方𡗶󱩸婫眜耽耽婫白雁䏾擂摧𣳔碧雙拱𥙩事婚拯𢧚㐱急移衛边東辰婆茄些平𢚸旦󰠲意渚吏婆馭油冷󰅹伯楽丐鎌忍固少張華麻列末麻凌昆婁騷英㛪之買绳仉滥𡥵住𡥵博寔󰑼英㛪身㛪辰𤽸分㛪𧷺𬙞浽𠀧沉買渃𡽫江山付者𫢧㛪𡢐尼約夷英化𫥨荼底朱㛪𣳮渃𩅹𡊱銅㛪吱船板𫽄𠫾㛪𠫾船𥴗固欺湩浧胎宫自意󰘉𦋦胣和𪩥㖂󱟢和極𨖲乳󱟢沛道碎𪰛磊道𡥵𡥵𢲾𡥵㩫𡥵𢸚𡥵𫼳産𦝄粓𡥵供吒𡥵底𡀷具𫫜朱拖𩛜𡥵𡞕眉箕掣呐能婢房󰑼茹𡥵於矇𡗶󰡎汫想𡗶昆𢖵𫯳辰𠃣𢖵󱟜辰𡗉󱟝𫢖丕空沛𫼰道㝵麻生𫥨昆𠁀次𦊛𠁑命羅𠁀󰴾󱟛周逾𨖲𡶀南平𧡊船曹㐌如形許都用孕洞玉皮欺󰣑迢迭廊花忍刻曥𠼕丁皇吏𠸕浪机會尼渚用孕爫之孕仍如𩛄蒸𣈗節𡧲固蔑塸茹𦱊孕爫窒濕狭自𨉟㐌債倫常𥙩之𢷀䋦孕𦀚衛𡢐𪀄𠖤孕柳󰟯梭𦂾渃沚𬇚蓮似𤂬弹㛪貪𢀭㛪𥙩绳𡮣子俾疪卑科目課皮𨕭󰘉𢌌埃拯浪扲󱡄状元𨁡𣳔詩禮茄傳寶爭𢃄魁元榜𤈜鐄𦊚皮山水意圖寶󰋇𠀲魚樵羅伴親帳月冷𡫶城不雨旗毛𢯦擼隘無風𦖑浪固𦑃花春蘂𡽫蒙󱤍𠓨𡑝槐庭苦拯貪𢀭󱟰拯貪𤳇𩆐㘇𩅀秩蒸勢𪽝𡗶𫴋皮張况之唯𫴋𫢫尼沙蹎𨀈𫴋𪽣荼𦓡𤽗姑籠法嚴禁󰢣𡪦包󰘵道𦨭空湛󰝂󰋇倘奸筆庄邪須舍寬寬𢚸世𠃣渚忙忌忌遣𢚸煩寒寺鐘󰠲寬吏日樵樓角怒日𪰛疎𨀈寬隊𨀈寅寅𢌌待㗂䁀鐺𢭮𢭮歌寬董䁀㐌傕寬吏日㐱可𠃣寬限𪠞待𤽗擬典爫朱奸黨𠫾𠁀咳寬文筆此制武權鑽󰑼寬󰑼錐鑽羅丐𪖫寬囁嚅呐立寬寬庄詳𡄎事𡗶坦𫏾𨍦吟䜹蔑首寫愁魂寃眉𧍋花塢愁坤寫𦟐粉珠淶突庒枯盎那恩包那高審󰂇朋𫶸共怛𩄲泊准賒高審審化兒審審𠦳重𢩮斤福罪捽𥿺運磋󰑼胡羅審𡔒花強苔󰇾巾淚払𬂙曾󰌵𠊛𠁀審卒戈牟春撑崔󱋔呢哭吏𡃚𠯇嘆𤽗若眞賒蒸准恪戲𡫐𪸄󰏙永拯所体蹽𨖲磧𡶀𠀧𡸏𥙩𦊚寰𥒥𧗱稽蹎樑𠄩𡫫𦓿㐱𢙬𦖻壁脉棱爫朱𡫨櫗如𢫕買羅銕鍾寵𪔠差斤󰍹求西体字經鐄音字近𭓇路曳別駡唭浪末涅時圭欺㐌哿時𪠞斈行字󰒂碑提𠄩字󰘩雷獄尼底治排碎奸邪字工世界朋陪陪众菩蕯𢴩𩯁唭呐𨆢𦋦𠸦浪意寔大家𡥵󱍺榴木核哿孝枯花𪰛咍孝𦹵常鮮拯𦣰式曳裊𠀧更固蒸公藴𠊛尼固忠固孝固𣦍固䝨㐱孛羅𢚸阿難䜹孛麻浪浪坦古珠孛法雲蒸中渃秩𤍌𦍛意脱祝仍像孛黄玉沚𪡔如󰌎坦拯仍𠲝㝵吏𠲝所所浪孛丕丸坦󱣆𢧚翁孛𧵆厨哙孛朋英𥊛𧡊孛𫅜𮜲孛𠫾𨔈舜花花孛堵牢捋鬚孛油手箭劳孛扲𢬣干櫓扲盾店𣈜禦支㖡噒没㗂賖𦖑𧍉扛𬆅槈󰙘為孛𥵉平生染特疾踈狂典創𣈜固𡥚行䊷𥙩丐𧒌補綠𨇒典𤼸󱰍荣花𩢬𡥚公卿𣳔次哿盛昆昆𡥙𡥙𠁀次𠄩𠁑命羅𠁀𡥙󰣑群刀𪀄鳯𬦄𣅙除木𡥙𧏵撑𥊛𨖅函谷㹯孤古𥋓吏烏江𤠲給𡳪𩄲𠄼式𩂏撫殿堯𡶀𠦳層扃孤塘蜀固塘𡮈朋𦛌羝觥孤役外鄕黨渚堆孤李南浪主不󰒂王家拯立孤𢹾蔑𠇮坦箕𦓡捻𬇚䕯刀箕󰉂渃歇調堆孤䳱鷺号󰑼占蒲孤赤幣詞紙孟孟歆歆𠀲孟可𢧚𢶢城茹公侯阿諛󱩳仍孟𤿤埃咍權意吏𧗱𢬣埃係特劸孟辰固𣈗𩛂𩝭雖飭挭鑊捽𡶀拯咍默麻呐孟同同屍補秩同𠀲󰮡如𧍉𠀲衝如𪂲唐長阻隔渃𡽫屡孩想奴唉羣踈癡聖䝨初𭓇調之㐌斈時嗔㨿帝推苦竹拯於𢚸客薄老梅舍𭓇󰞺𠊚清𭓇時失業農𬀦失机紵絲󰑼𫃚迭荄朝孫弋弋駢帶倍分㦖𨖅辰北梂橋㦖𡥵𫨩𡦂辰𢞅𥙩柴󰅹固𫨩夷丐𡦂儒翁𠊙翁貢拱𦣰𨂗饒𧵑意庄戈𡦂義路羅仍几孱孱𦖑𠳒呐沛𫽄筭斈隊肪膏𦲿𦟐甲宜兢孱随蹺情状𦓡决定󰑼󰄼停緩𧗱手續役件埃浪𪀄雀𫽄固𧤁牢默鑥特󱟨茹些𬋩家󰑼󱲝役茹官𫳘󰑼󰡫󰒂󰑼󰡫昃平󰑼󰡫相公𫳘噲印波伯高羅𫳘本𣳔户梅武公蹥蹥𨀈連𪧍𣘃𣛨桂移船㳻賖固㝵襖紫當𡧲針枕𡎢𥒥意昌𦹵意𣯡𡗶南𨅸𡧲噲南䲲栗栗㝵補䋥兔扛囉蒸𡧲棱屍沉边𡶀𡧲𣷭典准龜洞箕埃省箕埃醝箕埃撟月𡧲班𣈜㐌身入聖超凣𨤰󰝡𢚸实牢󰝡𢚸邪󰀎買实把特恩󰪀盎那脱催官買厌𢚸𠸦浪節󱧔名冲实󰑼戈林彦劫泖沚𫲼昆亏真群庄把特恩曩盎那玉花𨀈󰞘呈排碎昆吒媄仍𣈜孤单吝次𠀧辰黜󰞘北卒歇懺悔它陀󱲥弄𡗅命礼三宝身它歇累身𢧚珥后羿𧡊𩈘姮娥張弓闷𢏑離它拯當罕󰬾𤾓两劍兜脱𬂙󰣦辣牟䏧咹之髙𢀲悌它爫牢羅它几醒𪮽𠊛醝九重𫢩㐌𧵆𡬷𡱩𤉒寔念丹朕特咍陛𧏵𡬼𡬷󰘚𡗶奏𠳒忠󰒂𤼸排修攘𫴯椇片𤬪辨𥙩調空油咍益𠇮雖𤗲襖𫴯紙麻拱拯吱哿悶亇專顛頭習情𣈜𣎃固專固勤折𫯰固法渃專掑軒落語僊姑射爌䏾疑羅主壽陽將茹明󰑼𠀲張輔分軍𠓨爫賊侵劫几𢄂法咍洒荳成兵𥾽形爫將破城閻王妬埃别特軍󰅹結將拱𩠱麻卒拱𩠱蟋蟀丐𧍝㗂吟𪧺𪧺𡬷坦𡬷鐄腰閉些包饒𡬷坦𡬷鐄闭饒制春歇𡬷春󰟯意擼橛󰝡𧗱底魯空蠶昆尋尋羅𠬠尋𠄼𡱩尋奇尋高㐱出群氣𤍌光岳構𨑮分舘浪恄役尋抛恄荄恄䔲恄󱚢細心𦵚尋春𦬑𫥨梗碧㛪固𫯳耒英惜㛪台腰皷羅𪔠尋󱖮庄沛尋賒因虧本年些尋孛鸌矧疎尋内敻尋泣每尼庄特昆悶𪠞爫福牢庄保吒尋福共尋茹清永便尼習情𢯏𦰤拍𦹵尋𨖅拪扲丐𥿗丐針拪扲𡱩𫄄跢尋𠏲𦁼當干焒𤎕粓𥸷𡥵辰頺啂𫯳頺尋尖悲徐焒㐌𤈜𨖲𡥵㐌啂段尋尖辰尋逐𠓨𡶀雉㹯尊古𨆷𦥃滝烏𤠲𣿌󰬲𥠭𫅜女底󰬾冬冷舍漫金雞邑𥙩尊枚𪳔對淡𠊚鐄𧺃分泊撴朱客𦟐桃民閑蒸碌碌揞𦃿對絲娘户武凝丕沙渃𪾺𢝀丕對𠅜浪溪𡶀汰汰拯對度𨎠娘浪陣󱙴歆戈沉船𢧚浽身𪞷對尼廊弓劔林離𡭉𪀆他𧗱臭𤇮揚弓𡭉猫尼󰑼宁誓願本初爫喃車宁甲㝵少學坤別坤𫀅渚朱群禍宁工𪮏玉簡体玉道常宁𪮏怛宁挼曩丐哿劎皮朱安侍滕侯下皮中宁床掌心󰑼宁中弄盘𪮏中洲󰑼頽宁滝󰋇𠳒𨫊𥒥丁宁曲蚕󰝡䋦絲情𫽻𫥨會謀去惡朱安斫之󰝡吏江山茄陳香畑謝𫢋皮安買󰝡簮撅旦盘共師眾碎礼𫢋㐌安欺案󰑼安歷真丐哿劔皮朱安安皮分庫劔准養身度身唒𫴋九泉拱安險灰𡮍𡛔𢜗𪬡𢪲巾𢯢襊吀安分𢘾姦雄𠅐𡳺𥪸𡎢𫳵安綠札安馭北連凭嵬馬鞍安馭傾傾殿漢𠀧更月宇宇城胡没朶花盃承質閑宇宇福塊𠰘𤞻𡄎𠇮宇󰛕筆硯別󰠲經圣傳䝨󰑼󰠲田鰍丐宅最盆宋𥘷号沃欄車泊黄珠宝缕钱饒世殿窒󰬥图珍𧵑宝正道唐丐倘宜線樹突突核朱侖宜討宜敬信奉蜍拮󰝡肪䐧𦲿𦟐甲宜競孱翁𦖑𧡊呐債𦖻度火瘦𥒥同狔宜𤘋迈尼察宜蚤侯爲迈哩󱫷注説柴宜調𧘇連求朱如爫丕仍麻󱉎主𡗶宜𠅜昆欣宜𠅜吒共各柴嗔丕宜兀𡶨湘䏾鵶收𡗶和固雪景添牟宜兀爲𬲇捲拂披隊准𫅫𤌋𩂟宜𩂁岸𣾺𡥵𪀄拔𫗄落類啸傷經𫀅巴遍𡎢宜買國新羅園桃午槾曾𨈆𨇒閣紫樓𣘈默擬宜買南固𣘃喬木拯可擬宜仍辱𤶑󰅹㐌己宜催催催拱𥛉㝵買從且咳󰡲宜矫麻󰋇𣋚󰅒𨄿𨇒𨤮𨱽窒痗𬏻𢪀宜朱跬鋩鈎窖宛礼勾姅󰌺襖𥵖𩂏衮衮󰜋芹勾竹宛欽欽𦝄坤宛禄𢧚辞繌𨆝𧋉枯繌𨆝買宛𦝄䓬雹宛𦝄𨱽㐌饒宛轉𤾓唐康康鎖玉杄鐄拯竜象𡗶謳㐌𢩮銅斤定朱埃乙固垠生浪月老車絲因縁㐌定陳家仍𣈜固欺定渃兵𩚵共皮瓷碟𡌡使定圖清世坦孛秧如蔑𪽏蒙傷𫯳𢧚沛淋炭𠸗𫢩埃扒役官𫢧󰜏𢀭固少之錢賻没𫿟官空沛𨤰𨖅空辰拱鉑劍𠄼𠀧𫳘噲󰑼情遣扱𢂎𠫾露旦宫昆𡛔户阮卞𠓨𥪞宫李通逐軍󰝂公主𧗱宫耒𥙩𥒥拉𬮌𧯄䏾畑油忍停𦖑𥘷宮渃之朱累𦥃娘卒宫官祿旺爻夫妻揞琴丙𢭮宮流水馭車室室塘花𠻵信郡邑𧵆賖逴𢜠𦖻常倣𦍛勾埃讀𨻫𩙌椿咷撫佛𫩓𣈜演𡗶扲客於󰀑英坤麻㛪吏𢠤𥙩埃待客賖𧵆朱英船客制秋各挒掉時浪咹𩵜𩶽𣵶𫽄時𥙩客固𡳪𨕭頭具尼迷丐實羅迷嬸客𫅷箕拱𡃍𡃊喜鵲占客咍朝信明𧿆卒塔髙畧茹𫞡𤊨如𣋀𡨌𡗶妾㐌沛𫯳昆拯容時𠓹𫅷蒸准水雲𫵟鎌㐌决庒容賊𡗶共容几𤲂買󰑼𠊛𨕭𫮋工塵世庄管事世永永岸箕油𢚸容且灾𮥷拯沛吏從容桓浪𫅷吝呐容埃易敢𢚸爫反麻󱳮隊一聖初群𨂚讓路類常怒可容𨱽𠳒圭执抇容𨱽油或𧍰爭𤞻都蝶容螉沕拱固𣅶容制坦客渃溋𦖑󱧖格𦝄岧詩容㹥𬦳𡨸廉𧍆蒲卞達宴於閣朝陽娘姬嬪調於𦷾𠼕歇諸軍賖𧵆冲宮爫宴殷勤𢜏饒𦊚娘預宴殿𥪝恩𤤰澮渗㗂𫯳𦹳淶些福特備員爫宰邑欺𧗱㧅顆印鐄𨕭宮𦀻敢𠖰扛爫高丕買咍孛於宫茹箕埃董鼎宮廊狹粓蔑啀渃蔑瓢户馮時𡮶通麻户徐時𡨺禮署󰝡旦滝𣳮瀝麻𫀅中𪮏庄𡨹末蒸𫴋滝𣈜𫏻翁修定㐱衛廛𡨺挼娘阿蠻虎符兵馬𡨺床𫔬民雙𤽗張生性擬𤄮疑馭𡨺過𡗋轻防𫽄固𡨺床沙机收陣𡧲塘補功𫳵朱𡨹特𫳘忠買羅孝子󰡸𣳔書香自技衛𬧻恰蔑旬麻生𥙩𡨸誕達𠸜朱所昆醜𫨩爫卒訥𫨩呐𡨸於臺閣𡨸𢚸包拯蠶婦海蒌挼蟳絲黄𡨧蜆拮𬃴收𠦳柳綿花𡨧屹群生慧日森林岸𣘃披𦑃鳯園上苑朶𡨧筵筵󰡛强誇𡨧𡨧時呂漣𡨧美㝵買東圭撞宋画像像尾莫蒸密㝵金烏密𡗶朗紅蟾輪月朗連空漏漏󱖮幅本皮󰑼密案嵬𥊘𦖻奏密每塘吀爫如世買詳頭𡳪密𦟐共󰸪實尼重用𠰘𠊚似密味戈兀道聖朋絲䋦唉𨱽玄酒渃謹除寅𠬠𢆥特𠇍𣎃春𠬠𣈜特𠇍𣉹寅𣌋𣈕寅寅援淨時㭲𣘃㐌𬕳梗槯散索渃楊㦖洅𣳢寅焒縁形𡶀寅寅濕𠀿撑寅核𥡗侯边𠄩𢩵弁紳𦅰斟枕解蠟寅秩炵曲扇厥寄支制寄𬮌店除香桂律括軒𣈜戾俸花散𤞺默㗂寃𧗱内綠󰍖甘𠹾𢷀准棱撑固𡞕羕意遣𦷾噤事寃㶑㶑低些群少沒拪󱫟󱟬庄咍翁舘唭之撫𢬣󱟫照沒欺唭𨱽吏差楊将󱟪床役边尔󰅹𠄩𪧚恩情𫽄傷𪧚情感景𪧚緣彼旁𪧚台渚易填恩󰠱抆𢲣搓㙮業茹江山坡𡎝飭𦋦𪧚江𢚸翁能忍賢和腰當朱咹朱㕵𪧚江傳英宗吏󱚢茹𪧚󱠢季釐𢭂保冲外些暫𨖲𡎥𪧚役台𤤰𢆥朝約悶衛准𪧘俱胝移阮用隊躡𪧘翁盎怒豆寕名黄大豆性咍除俊痘生癰蜜𤮿強祖𣩂𧋆仍尼𨐮𧃵󰑼尼寔他童浪柴寔固才嗔󱚢󰏤脈論排𫇿之𠸦朱𡥵造寔才才窖鑿𢧚形丐桧搓鶯哴固几才情主公朱典寓營學堂𦖑浪公子户梁郎侯𠰺寓西厢𠃅外払䀡買保鴈童哴𠳒詩意寓中家情𬂙蹺𡬷胣添強寫𢚸吏寓律唐𦊚句焒饑焠𦛌刀寒割䏧𡄎𫀅罕几士寒呂時沛𧂭勉安戈時𡬷𩄲如絆𦎛寒𦝄花沛事𢧚盤麻制玉它固曰埃恾女㘨魯坤寒別𢢆渚渃危主幼坤寒業茹户趙謳筭自𣈙芻𫳭詔皿号曰𣈙毛螺豸沙真𫳭坤連世󰑼㝵連我𫳭坦如折丕𫽄󱺃所𢚸羅浪󰥎𫳵󰅹伶󰅹乍󰅹盘𠀧𫳵朋𠫾學爫柴判最𨢇森兵󰣑𣷱𤙭於𫳵朱𣃣𢚸𠊛於𢌌𠊛唭於狹𠊛吱𡗶生𫥨刼咍制𫳵麻吏𢬱𠓨尼空錢越保李使每情𢚸㐌决丕丁寧实時󰜋念恒𫳘󰋇𠳒丁寧省親假㗂北歸丁寧吲歇每皮始終洁󱗠鐄吏𫥨鐄仍𠊛君子胣強寧寧玉冷󰅹固絲援英㛪駡女調欣舌蔀伴朱咍湼實時拯功名籠人我實意凣愚呵拯悶盃共茹󰬨調寤油牢典挼碍碍宇宇爫蒸𡛔寡𦣰蔑𠇮𡛔係寡𫯳󰜩典苔溪庄󱳮媄寡𡥵瑰𣋽𣅘鵉鳯奴堆󰟯󰅹󰅒時穭寠㐌歇穭買㐌𡨧牢拯固蒸𢚸汝圭丕𠱋𦹵𡑝察察吏豸𬰢𡗶熾明船察察苔滝鄧容軍浽󰟨蒙坤扲察身心煉性識呵浪蒙果報鋪誇倪曳庄咍谷𫴬疑篤虐槌林摳荣㖂浽舂𧷺橅󰊎請銀𨱽𨑮󱙥掘詭詐呐対庄信媄朋対時呐古䔲𠰹古兀紅塵苫債苔間防欺𬌥対補咹迻𦓿𠦳黄約対特咍庄𣎀𣈜𨻫仍干戈特昆𠫾対時吒買𧗱対㕵黄苔菊課霜題柱橛旦曾句対才坤頑対答𠊛外𬷤終󰜋媄𠤆𢙇跢饒称爫節󰒂𡨺𠁀対官北國𡨺𠊛南民鬅鬙󰑼󱮮対碎㝵典忍酣庄固㝵典漢誨惜功修練𡗊㝵補茹補󰘂典𫢩買詳󰂇朋㝵客於杜茹㝵制渃碧隐𡽫撑人間固饒㝵得意几吏边南㝵戈边北塘詫朋󱓇𦀻𡛔坤𢲛胣英䧺當干式󱟱呐共杲娘景遊旅句詩寸式䏾鄕𬮦賖屈𨤮𠦳𤤰浪埃𫽄英䧺些恨𫽄跩沛中𢧚𡮺󰕛碎飭𮤭才𡮺𫯳願掛博𡞕願󰝂𩚵𦲾䔲㐌固𩈘鋸布𡮠窖攄𥙩特媄󱟹容朱𡥵扵䋲侯拯𢧚察湼苛求𡮈󱺂𥪝外𪧚役翁老𫅷󱩈󱤠最直侯小童󱯛一疳病昆𡮛畧朱󱬻󱬺咹󱮪害仙娄用謀尼買衝愁爲堆󱣿𤵶疎忌埃𠰺保言辞朱坤册畑付默弹𡥵󱟶升斗𢘾𦝄󰜋媄眉升斗𢘾𨉞󰜋媄眉𤽗王陵𠊛於坦沛人本志奇󱦞群󱟵𡮈樁堂率𧗱塵世群萱堂奉養歆枚伯午昆螉󱟵丐𥄮𫴼拱頭𬷤󰞯拱󰬲𬌥𫴼曷梢𫴼荄𫴼䔲𫴼漂𢚸𠊛君子𠼺𢚸𦖑𡭱女蔑埋固几綽春郎南北西東調細𬮷雉𫅷𢀲𡭬共称柴𡭬仍麻𡭬曷椒𡭬𨐮𡭬𨐸𡭬漂𢚸𠊛細𪨁刃𪖫𡭻咹辰仍闷咹唁爫辰𢮪役𫴾𫴾麻爫𡮍胣拯群兑典󰒂𤤰𠊛𫳵拯𡮍良心駡嫌景𡮉吱浪狹賖隔尋常別󰋇𠦳卞抉撰閣𡮉爫蒸准讀冊裊固蝼𪰛補羮𢭾蔑𪖫𥏌特𠄼𤞼𡮈粓仕貝襖讓朱道髙法冉𡮈𡚢𠰺傳𡮈然𫽄敢𧵆埃𡢼𫯳𤯰邑𣌋𣈕󰜋𨉓固呐時呐朱𡚢停呐儒𡮈如𤙭帶𣈘淚妾󰅹𡮇𥿁边巾𡮇便宜庒者分埃底朱𣹓所隂功身𡢐吏𢯢化𧏵󱟸庒𬥓行咹仍󱟷橰𫯳𡥵固別機牟尼兜仍𬖉𫏾簾蔑祝𧡊特󱎫除排挼離别󰄜𦝄尼𢚁𠖾方㝹鐄緗錦󱤀󰟯幀語󰑼㐌典天庭欺㝹翁杜科㝹於渃󰅹世𦓡花笏吝襜袍𠱾節𫅜𢗖𢖵隊㝹能㝹仍於𢬣臺閣󰠲合包饒席綺羅時意妾群當𥘷𡮘𦖑固󰆙公户楊意爾𫵇𠊛󰮍奇𨤰𢧚敬待𠀲𡮥𡥵𢚸沛傷𬁷𩵽鯜淎蹎𬌥𡮥𡮥亇鯨鯢𪤄𣷭𢫝制𡮥𡥵𦣰𥄭妾𡞕𡮥𨧟㧅𢬣每欺𥋴𥋟玉掑頭課𡮤𢞂制頑童羅绳𡮤鬼恠繩𡮣󱂌󱮖𥄭喝𨅹雖妾𫵈𬧻摺准𣳢汫拱拯恨丕朋󰝂凣品彈和浪些分𫵈易麻𨄂西才𡮮𡮮𢧚等午昂順宗歲𡮮才𪬡𡎢空麻抵政權默埃𥒥𡮭𥒥𥕄󰬾𠁀𬙞户茄芌𠱋𤮿𠱋裴拱𡮪󱩂㾕涅群特𡮨𡮨禮塟爵魯公𫅷至𪨅埃拱沒𢚸沛𦖑帽車課𪨅空群兑󰅹𦓿󰅹穊𪨅𫅷𡅳饒自些㨂月掑𩄲房𦹳渚律𡮳枚𫗃斜固󰜏公主󱎶𢆫化𫯳停如𡥵󱎶𨔈鳶𠝗𦀊𢫝𦝄𢫝󱫒𪮽󱎶𠫾𨔈𫅷頭泊󱎶歲𩇢㨢𢶑如体玉𫅜𨕭𢬣󰅎牧𨆏𤛠驢丐𤚢世间𡮶𧵑𡮶功󰅹埃固𡮶𠊚空爫夷貪清𡮵𨔍意󰟯云云𠫾󰠳󰅹少几只󱸛堛天才简定𦖑几讒言女折将賢當課崎嶇𫗃尼󰠳強𩦓𫀅𧵑迻噲𡮍𥙩𢚸没函新服𠄩封日程運粮鎮隘𩛂軍漢分坦封侯隊爵周尼旗尼扁尼敕封朱具賞朱𤾓两金銀𦓡封爵當朝一品師妙揚樣小封烹形僅󰮄尔󰠲吝吕敢戈双傷𪀄越𥘑󰑼𧗱南鴈哴喭尔多端易埃㐌𤍊聖凡特󰠳翕嫌台尔蛮王𡁝哬󰅹別󰑼娘󰑼埃𠄩行渃𬑉洙沙𢖵埃𡥵𬑉𥋲󱩤馭髙傘哿閻王󰅹計打迎昂閣玉楼鐄獄卒少之㝵腰貴溪山景邏󰅹󰠳少風月庫苔意𧵑乘𨕭棱󰬾𨑮󰮏次𪀄少夷鵉鳳𠫾尋𪇍󱰃狐𠵌燒少服情改𭁈𧗱苓慕道慈悲丐刼修行󰠱𥒥㧅為之沒㤕小樵霄戈亭行鉄𦥃茄翁茄小焦消吏閣重𬇚秋冷𣱾渃冲沋𠬠隻船勾闭小箫𫥨𠓨小𡛔朗盧竜玲𬑉𥆁醝師𠰘唭群臣咍別事𢚸哏𬹸扛𬑉敢浪許𧯄色身孛時卒卋工卋間庄所斉朋係怨斉丐𩯀恩斉𥿥絲寅寅把吏意所𬑵丕矇牢𡊰義劬劳功𠊛𣷭𢌌𡶀高󰅹斉吝碑詩讀讀吟吟蓮庵佛斉斉拜拜𪰛咹𧑂𪖺呼呼遣𠊛軍士摆蓮𩈘𪖬萬全顔色如初群𤽗裴儉泖羝𡓮齋皮󰘚如󱗹𦧘𬌥恒礼具齋清淨献供卞齋戒澮浸户黎苚时户李𧽈󱳙定坦昇龍蛰鼎𡗶皮木斗星班欺𪔠没買收更恨爲埃爫𫳵韶鼎底朱𠊛竟竟堆方桃鐄没僂綏蹺󱖧蜍淺𢵪󰌎韶鼎𫼳哭嘆物把没回責命慮鼎󱡰𠊛貪婪爐𥪝歹麝鼎外𠖤香𬰊坤移梗董鼎𦝄易𧡊䏾竜令鼎丁几𩯀蹎絲自頭𦥃𡳜計戈没回𣻃凡庒絆鼎丁󰡎松冲橘欧停󰑼低溋羅扛泊抛抛鼎當󰋇發寬毛油𢚸𦥃𠄼更班󱰾𠄼蓬蘭畑杏㐌淋淫㐌󱰾函𬮦吏椎九里恨英䧺自帝𣳮淩淩勸停𢬭𤽸台󱰼虐民󰡎嚉官𨕭苦𢚸鐄箕𧺃󱨁𢚸空󱰼󱰽渚渚畨黎欺煑豆英俺討順福茄𫅜時意固等眞人户黎𪽝方西南麻囉婆靈妃皮默蒸襖𨤔𩄲錦測玉黎蒸躡𨤔𩅜散𨨧黄𡎢黎羅󰜋蹺󰜩羅𠀧𪘵顛卒𩯀㛪吱鬚󱰟𪖬𦢞㛪黎𨉓𠓨於如茹村靑鄰村意固户哿󰑼户黄泊枚黄菊底朱昆咍天神默襖󰺔花黄恩𤤰𠄼𦰟旗黄払無嘉定𠬕娘蒲嵬世情貪仍𢀭𢀨耽醝󰅹別𤂬黄酆都𦊚馭顛𡨧󱹚󱹚䏧辰󱰻󱰻如銅𬦃身形辰拯髙拯湿拯𣁔拯𡮈為埃麻固𧚂𪒗為埃固果固𥃑󰢏行千萬𠤆𥙩仉󰑼丐醬辰𠺙丐𬞢辰𪒗𪘵𬹙𫽄路󰑼𤶑𠊚𬙴𫽄路𢴌巾買𬙴渚蒸店霪結黨渚蒸𣈜清假形鐄箕𧹼󱨁𢚸空󱰼󱰽黜𡾵永慶陷𠓨罪人吝次𠀧辰黜󰞘𨀈卒歇𤙭󱰃觸吝𤙭鐄觸怪觸过𨄁𫏈𫴋滝棋鉑更𧺃更󱰃󰅹埃固𢘽𫼳錢覩𠫾𪁎驟󰑼臼𪁎󱰃打󱁕𠺙𥱲爫魔朱臼打𪔠戈𫔳茹𩆐打𪔠𠺙𥱲爫魔朱臼𣃣打𪔠𣃣咹刼𨱽含銳𪖫勁𬖅尼金挕𫜧尼刀割𦜞𨇜每图庒少次之𣃣澄当六初更𥘪𪞷体俸󱏲清边𫯝心胞𦟐䊷𥾾債尖默埃𠹳繞此𢚸肝鐄庒轉庒竜󰡑󰅹𤌋𠖤𤊃𤈡𠁙𩡋𫴺󰅹為之沒𪨀小樵霄相公󰜋𪨀劔灰尋尼令族撰𠊛簮嬰明人拯爲𡭧分如托業陳當𥙩南邦世情尚𨔍貪清朗𦖑香共尚崇信坡𫮇𬞺𥊣𢫝𧗱楼沽漿󰑼尚挭渃半哰妾𠸗預𨀈仙娥宴瓊瑤仕󱋓花默苔爫之忒默添愁𪀄群迍󰊄𧏵侯待湄意買別處𠁀随𣅶弋默之𦓡扲局拱爫之默襖地𧿯𠫅艚董鼎𥋳䀡󰑼樣仉打戊忍号曰󰑼草人默𧜗扲梞種神宁荼奇𢚸𠫾默乳𢚸𧗱濕蒸筆官臨川𢀦書默改吏眾意默𤽗󰏙點撰吒爫核默吒碎篤弄爫花𦹳𧽈㗂鐘㗂鼓麻盃明𦷾清貴朋梅𠃣几齊丐夷粗𥌧𣃣齊丐𣔧妬別丐夷𡞕師懺所朱師襖顛長𤽸帽盧齊𥯰底師暢怯兵兵齊后土欽欽𦛋拜皇天語語𢚸排僊共齊饒調插行边左麻𡎢丕麻爵𡾵強高遜齊𦷾強窒鹵莽龌龊󰏙丐𤝞拱羣固󱆋㐌分齒頗吏分𠸍𠶣含𪘵顛弋古𢬣𤽸銀𦛜𪘵隻用隻篭𢯦包𣉹朱𤠲㧅花朱㺔打蠟朱𬷤染𪘵𪘵䶞体蔑㝵跬󰞯相𫅜隊矛麻󱰹吏撑撑𧛇襖麵𡥚箕些𢚸想弋弋襖羔裘𥙩䏧𡥵豹麻麵𬮌𪮏󰑼𡮶性𡥵豹窒孟麻固飾梅公禮物尋常麪𠄽斤貝蠟黃𠄽堆舊麥意實名紇麪宛昆耚麻爫丐矛𤒛𥺊麥麻爫乾粮𩛷𩛷𩛂𢚸㘨𥺊麥𣈜𣈜賭𠰘鉢羮藜壳凣群𤯩苦󰯮𬨠𫯝野燐󰑼焒麻寨城隍社令意尼茹衙𫢫𠸗法錄埃皮除麻歷鬼役之拱台弟子爫牢麻別油忍北南塘固隔包饒景𡳶駡涓麻冘昭隊方𥙩麻𤒛󱨌𤼸𦷾汫淘麻𠶖𪽣𦓿麻咹囮率󰑼丐𪀄梭𫃚奴麻外𧿆卒納南𡄎决占包課初𧡊𤤰睿帝麻𧗱後宮𣈜遲彷彿魂蝴蝶𣈘𥃱麻恾㗂子規頂𡶀抛抛麻式泊𡧲𡗶露露豸彙紅𢢯𢢯汝德先人包除𠓇𡮍蔑分畑麻𩄱湄按洌俸𩄲𬯹麻嘆喂意拱羅麟丕󱙻𥱬閣鳯像傳臺麟𣳮󱭋爫󱡕瑟琴強𢭮𪮀弹𦀊鸞驚󰑒𣓦鵉𪿒重魔𩵃摳吳破𦟽散如𩽖𨆷魏𤶐肝撻似瓢𩵜鱸住𤝞𠫾𢄂塘賖謨𬸴謨𪉥𬲠吒𡥵猫𪊅𩵜𩵜𪉥𦖑󰞽󱡞󰋇絏逼息羕嘆念󰯔抑闭𥹰小指𦰟𢬣󰯔小趾𦰟真󰯔象羣仃伶鬭初遺󰖽榮台驛呂瑰𩫦呂姑買倅朱陳󰑼󰒂嗔姑亭𫅷挸健𩪢𤎏𤐚𥪝𩩫𩩫排𤽸坦𧖱茫𧺃滝𤷍癯固𦊚丐𩩫丐𧚟弄重傷英䏽𨱽羅丐𥿠打𩵜脊昌𬴑尼𬴑𡶀堵󱪹𠓨骨意群忌局𬈋之女裊骨渚濃枕渚筭像涅骨鎫縈沈蒸𥪞𦀊𤐜𦹵繚伯午𡥵螉󱟵丐𥄮鶉鳥骨骨厥堆󱰛哭代歇怛沚渃末朋湄開花結菓敲敲唯傳坦越㙮髙重重𦄵傕吏𫄑𥰊駝吏髙执𢬣拜𥛉𡥵巢農溇㐌別湿髙㐌曾󱰞頭者𢘽爫𤵶坤箕𥚯𬥓𢘽尼麻咹泣輕𠀧𡔔阻吏平𡗶高𣷭𢌌坦𠫅膂昌𩩖頞𩩖𪖫簾湘動𠯦㗂鬟𨤔花皮󰇏𩩔蘭倍移群吒𨃴𧺃如𣘈吒𣩂𩩔媄𨃴𡥵深𤵶吀曲頭仍𩩪拱󱥊吀曲𡧲仍𧖱󰠃眉吀曲󰬲他乎𦓡𨄃𫖀𪪳𬞑󱬐撑顛󰺔蔑𠀲鬼𫅷典𬧻𤽗以誠𪟂𦷾眾調󱢓𣡚髀󱰝𩅘仙𬁜󰜋師𨖲制厨固姑裺𧺃補符朱師師𧗱師瘖相思瘖鄰瘖六朱師󱰜頭𤽗忠遇󱢓𣡚密𨅸𩯀𩯂覸角𧼋囉帽覩𬰢𨫊𩯁𩮭羕昆鎛絲𩯀諸兮報所生𫅷和屡碎饒行頂𩮿䏧棗熙熙𡥵𥉴鳯枚𣗾卒卒丐鬚𧏵𢜠翁󰅒吏永鬚󱀌翁喂碎𫽄𥙩兜翁停𠜯𩈘擼鬚損钱愁󰠲󰇾󰑚丙浪啂鬟怯󰠮𢩵𦝄者𡗶停𧡊𤞻𥄭捽𩭶𦤾欺𤞻𥅞頭顱𫽄群身閑六局某𫅷𠅜孛説易朱体鬦𡽫邏渃清𬈋鬪坦凡𡎝俗隔賖󰋇挼初𨍦敢鬪󰅹事尼西最𤳷払毛雙𠲟𠳨所𠅜意𪽝准兜吏時鬪𠅜昆拯呐報應事帝殳殳裊咍𠳨𤽗拯特鬪𪾋那鬦昆菲庄古閙戈工󰀎香𡗶󱡜月𢛍花西施𠅎󱰡姮娥帙命芒𥛣子路󱬂𤃛顔淵冊史圭搮事率係魄𣘃梅精𣘃畑麻拱編𣷭南來𣼽𧖱㵢魂漂宫月魄𢴐江湖課特巴倘鳩弄渚㐱朋魂泖魂𧊉𥊚𥇀𠦳𨤵󰜋󰒂虶箴拙𦒹𢆥偷𠊚辰拯當丸𨨲󰬾魂𬙞𡳺𠾕𠫾網桃𩱻坎𩱻離𩱻艮𠀲奔𢀭鬼恠𤄮謹渚交結󱡴城兵焒噋敲没干𦹵内󱰧𬇚群之鯉󱰦𩵜𩼸𩵜𩼷吒兢秩󱠈𨁼𨖲󱙹註結驚魂吝吏𡢐卦𫙌𥋴𥪝𩳴象意神𠄩𠊚才色院分奇𠄩魔𩳳濓髯𦊚眜争𤎎𤍊𨂖𨂙𠀧蹎𨀈醒醝𢆧鬂𠰚名價底停朱具鬚𫙂頷𦠴箕𠊛𬑉鳳𫙂𧏵尼漿尼󱪸尼󱰥尼㙁搊𠫾朱㩡亭補摔之咹粓買󱰥辰𥋴𧗱𡢐料粓麻扱󱰥𫥨料𫔳料茹㛪𥙩𫯳𠫾青魚胆密亇󱰥󱰣班𠹾卒𠬠皮󱅫𩸴󱰮𩹪𧜗𬙞𧜗𠀧熷𤇊𩵜󱰬斉頭𩵜𫙔漁民爫𩵝艮魚𨅸㭲梅𫅷𠳨𠽄翁具固茹咍庒鵝籠籠󰵈𪀄𪇪鴿𪇨𪀊鳧鸏結茹村𨕭扎𠁑泥駡嫌祖鸌駡吱馨虶𩵜𩹪𠬠侶㐱戾𢚸花惇動󱖮柳𣂷𩵜秩頭亇𦀪頭𩵽料升𩛷𣋽𩛷𣋚𠃣𡗉鯨鯢𢝙趣鯨鯢鯜𩵽辰吏𢝙皮鯜𩵽喭台𬙞乏紅顔爫之落鲁𦖻官窖󰑼制春㐌别春庄佐㭲撸𠫾耒鲁補空准城市捹輸半鲁巾巾襖襖共染味扲尼村民同𤽸渃󰬆󰮀󰮀𬌥𬌥共󱯸𠓨󱌡糝𬮙司彦魯篭炪竹驅儺䔲魯𦖻痕鳯輦木𦼔魯杜唒羊車盎𦹵扃孤農樺魯𡨧撑鮮恰同大麥魯占𣎃𠄼芒種皮節倘南逼律庄南号󰑼都魯䅘麥穭歛魯俱顛黄黒猫篭碧顛屎花猫色固魯花郎𣈙調魯𦠘𧝦𪮏拯掣所辱棖謹𦊚边鲁催龍亭座勘魯𧏵𩸮固肝𩸮魥固肝魥鮦鮗𢝙道鮦鮗穉𨔈道穉𫅷𨀐道𫅷𩶪鱩鯱鯁𩹹鮋𫃚絁𬗢𦀎論都𦋦𠓨一冲一𠮾󰑼渃汫洄一脿一裴󰑼亇鮋勾翁脯𦓡𥙩󰜏脯𤯰𫥨𡥵𩷉𡥵鮋𡥵𩹭鮉吏固蔑類呌浪󱰪𤅶伮辰拱𠲃昆󱰪滝仍麻𣁔𡀫軒膾𫙛拮亇鮮上池扒特𡥵𩷉𡥵𩵾扲古雷𧗱𤍇𪹷朱丐𪿀咹昆𬌥伵脿𩚵𤽗𤽸扽檜𤽗𡗉𩵜伵鮮誄共娘户武浪鮮𭜸於𡗶丕𨱽𥐆於命丕車馭󰘂𤽗𬲢客合𩵜𩵽𩛷伵每味鮮船掉店月滝碧閉𥹰𬮌聖預𪜝㐌鮮氣像吏吹精神詞章盖世埃畨孝廉科意試連杜鮮𩵜鮡𩺺䱑𩷶𩹪鯇亇鱩鯽亇𩷛北南𠻵㗂尋𧗱驚延威󱯭𢘽鯑唏𤞻亇䱕開胃温中些𧗱些攕𥬊鈎鈎𥙩𩵜𩸮𤍇蒌集翔𩵜𩸳許𥛗𧡊雋𮎦雄𩸲牢敢𧿆戈簦𢚁𠇮𡥵茄几庫扒𩸰最𣈜𩵜𩸮群於𥪝𧯅丐蒌集翔群於𬏊橷𩸄羅𩵜𩸄拱叫𩵜𩻹亇鯪裴世鱣鯪刁釰鯢鯨刁花蕩子昆罢釘鯨爫朗𦊚方滂𣼽鯨朋秃通且油些補䋥鈎巡店箕埃摳楳𩵜𤼸香怒几搌持鲸鵬𠖤鯤𧿆羣𢘾會𡢐鯨鯢喭鐷蛟竜争𠶣渃滝淃淃沚𣵶固𡥵𩵜鯜𧺃𡳪蹺𩛸𩵜鯔昆𤡚咹昆𩵜󰙰𩹝咹耒昆𤡚𣩂𠫾眜𧺃如眜个𩹭主翁吀𢬭𠬠𢹤𩵜𩹪𢸡𩵜𩹪提𩵜鰈𩵜鰍蹎󰅹𬙾辰𠫾奔綿蹎󰅹顛於茄爫㹥羣𬏓𩺩亇𬋫院丕於𠰘𩵜𩺣决料𠹾卒鰱𩺡󰜋皮󰡎時苔蒸𦛌亇𩺌𨕭時𩛂蒸𩛸鷂鶷瑰東山似丸金綠𫀅南海似皿昆鰲𩯀絲𤋵歇源干拖弹亭忌𩻺𦑃扔托強信𦛌𦚐闭除信北信南如𧍰添𦑃如𤞻添𩻟𡗶朱𤞻𫽄固𩻟𤞻麻固𦑃𤞻𠖤𨖲𡗶𨖲棱辰𢜝󱨛外𣷭辰𢜝𩵜翁𩻟鮧亇鱙湄愁󰊄惨曾干𡨌𪰛䲋打𫪹軍𠀧𠀧𪰛撟双韻𬷊𫾑钱貞謨倍謨鐄謨沛󱪍𠺙謨娘𢣩𢠐𡲤生涓態之尼𩼢本𤵺𣈙𫚱敢誇𦹳麻茹秦丕悶所坦墆誇所矛麻咹鱠渃韓爫𦧘渃趙大小蒜共󰑼蔑𬞚𩵜咱共𩵜鱠𢧚謙𪀄󰚮𥉫𬷤化𫛐霧𡗶買扒特󱰱𦖑呐科尼嚴禁𡗋𣎀𣋚沛𢜝法官𫛈典茄𡥵哭如󱸗醒如𡥵󱰵𨕭頭固祖󰭧󱰴󰭿󱰴茸鹿󱭾󱭽枚󱠟卒卒丐鬚𧏵眉𧍋𬑉鳯竜令捽潙𧡊堆𪀄鳯咹𣖧𨕭𣘃葉餅餅𦲿鳥言𩵜拯咹𫜈𩵜𤹕味麝戊洃淡襖羅禫紅翠𦹳萩味麝𩃳佩環𤇥𤍶𦝄清獜白象𢲨胡椒𢺀珠禁𪉥𡗋調害民頭𫷜霜𪉥󰬴𢆥𩙌南𠁀吒咹𪉾𠁀𡥵渴渃世间𧡊𬥓辰謨别𠺘𪉽𤁕𨐷咮讓󰅹搊皮才色吏󰑼份欣咹𦺓辰吘𦺓𫥨𠬠󰑼𬟥毒𠄩󰑼𪉽炭别𢬣咹𪉽辰除停招媄𦲾麻疎固𣈜鳩給󰡲茹礼麻朱昆拯別蹺󰠳探𠳨鳩𢚸逼息麻渚𠊛如竹木頭𡽫碎如𫚳󱰳敢门綿󰅹趣𢝙悁奇惗󱳮𬞺箕丐鳶埃𩙌論𫃼𪂮鳱䲲󰭐𡗶𡥵𠊛𩈘𫚱䏧𧐖丐𩿚打𢵋蒲俱摆䊷炭炭𡶨湘葛没堆𨕭空漫莫陣鴈退𣈜怒𢀥蒸書改𪀄鴈倍分切蒸想曲離鸞拽落𨕭空鴈朗籚鶯拱蜍於蝶拱蜍於黄梁姅󱖺󰋇囬𫚳包𬮌固𡽫撑𫚳易𧡊窓𡗉梅泊焒初咍粓𤽸咹貝炙𫚳𫯳𬙾𡞕𬙾仍𥆾麻𩛂客公侯𥄫𥊘𬂙𬁖䃅兜𡭉𪀆鎌兜㓠𧋆割𦧘分朱油羅𪀄亇盃𪀄鵲固祖盃𪀄鳩於苔𦷾㐱固盤棊徒𨢇𪀄且獴詵此𠓨𪀄公主䀡牢𪀄𩿨𪀄𩿠鴿蒲鴝別󰠲鴝杜別󰠲𧐖𦣰身仙身鴝𫥨形醜𨔈体打丐𬷲麻丐鴛𢜝払庒𧡊𪀄鴛於内共習迢庒倍分張臨淄自課鴛𢒎房空傷几𣎃𣈜隻身󰘚如藍覩命󰟯󰚔󰠖𥙩𧵑𤄮𠅜巽麻詵𥙩蒸士高𫅫𦑃鴻娘呈妾本几圭鴈鴻涓退盃皮岸橷𣜾雙尼怒迻𫈜𧁵㐌𧡊尼箕譖𬖮鴻赤靣鴨󰑼鴳𠄼笘󱙹𥭛花年外𠬠㗂𨕭空䳍渃󰅹布榖茶表𪁶它曳世𪀄𪁵𪀄𪂲𪀄𪁳箕魚狗󰑼号拱固名翠鳥魚師闷咹𪁠沛陶𧑒坡棱衝蓓󰅹羣別𠲖鴽𪀄鵜鴽󰑼𪀄鵜鵒箕𣵰𩵜㐌淶𡥵󱗨丐𢵼绳䊷迎昂丐鵒𣵰𤂬戈𤀖碎渚𥙩奴奴頺𥙩碎楳鵑摳惨弹蟡𢭮愁楳鵑點月𣖖鯨搌霜𠀲孤如𧍉𠀲衝如𪂲󰜋𠇮𣅘屈𦋦𠫾󰟯如𥠭𪂱故之咹店鴉𪀄𪂠立蛰邊江𬙞糁茄𡗶收䏾鵶豸他羅虎忍共昆鵶所杜嘲鵲𣌋𠳨𪆒𬁑󰬾旬𦝄㐌客皮典尼外簾鵲庒𫫗信󰮂簾󰟯㐌固畑別庄帳鵉冷了魂蝴刎梂鵲巴為隻鴈󱗠賖賖橋鵲󰋇吝底牛女隔滝銀冷𫥌藤蕩𠬠𢆥𨑮𠄩𣎃𡥵眜𬷤㧅鏡㐌󱩸𦖻翁呐𬷤󰜏呐𪆧𠬠𢜠𩅘補𡳪𬷤麻娘咹呐慢麻添生𪀄𪃲鵝󰑼𪃍𢖵渃𤴬𢚸𡥵蟈蟈傷茄痗𠰘丐𬷬𬷬𪀄𬷩麻𠰉蒲𪇌鷟鶖丐𫛎牟𠨡𪄤天鵝󰑼𪄌𡗶鷂紙号󰑼鳶𢒎固蔑㝵鬚眉姅𤽸𦠘鷂𬈗高空埃如身𡥵蚰於亭隊鶴於厨隊碑𡗶印𠬠色渃撑籚鶯呐幽於燕呐幽於埃𪟽㗂𪅦呌𫥨者湥傷春哭妸霜閨丐𪂲丐𪅥丐𪆯真𪅆真𬷲󰅹分店𣈜𡥵𪅆奴𣵰𡥵𪂮奴󱗠鷗𪆽共些羕固意典󰠳𪰛体奴𠫾燒󰝡饒車䳽𧗱沔鄕関𠬠𦡠𠬠󱰲咍𢃄空咍󱤺丐茹𪅥鷯󱢘󱢘𨕭時𩛂蒸𩛸鷂󱚛披配庒𬋩辱因咳𡥵𪆧渃箕喂𫳵𡮠漨浘於尼銀河𪆋螠呌𪅴合少之𧵆賖丐鷺𣵰𤂬坡滝悶𥙩𡞕𬙾仍空固錢魚霞㕠曰𣈜常覩𧉻鷸堆孤勢碍𥉰少夷鵉鳳𠫾尋𪇍󱰼鷗𪆽共些羕固意典󰠳時体奴𠫾燒㖼𪆹丐𪂮丐鶡丐𪆯拱咹󰜋同呐傳揚歌傕卞哰保󰬾軍襖麁帽𤽸哭鄰㖂𡗶𤇮勝茶麁𢶒課謳牢固𥙩蔑鎫具麁對𠄼𠰘㝵𤯩丕𬋱𫫵些𧗱拠州驩蔑意𧻭乱𦋦胣不仁惜台花𦬑边棱𦹳󱰘埃別𠯪㖫埃咍𦋦󱚢掑𩠸塔𦖻𡨺𠇮如焒謹唏如𨪝𦹵𦰤箕𦾢𬲢丕給𬲂爫󱢃盃𬲇共杆󱸙課怒因時兵焒香𤐜拯特響爲丕恠與昂爫麻孛拯蒸助左阿難大士運裟花燦所韻爲右土地龍神默襖錦𤻼㾿搠㩍春生𧡊産詩𨕭拱蹺韻󰀎題連𦊚勾頭隊𡽫加累󱗤𧹦𨉞㧅被䃅俞韜顛丐𦀊󱰀𪾉固𢷀頭乘池𦹵鮮仍𢚸小人𬰢日箕喂𬰢月箕喂除朱渃𣴓󱘸坡䀡𡥵𠊛意娘𫼰𧗱󰠳槞茄朱別次茄次茄󱬏󱬏次茄𩇢𩇢𥉫𥌧𥌧𥉫𩇍𩇍𣳮蹎𠫾󰘝𠫾鞋𣳮蹎𠫾坦𠤆𢙇𣳮蹎𣈘固𩄲󰅹眷月𣈜油󱲦丙迻香清清船柏弭床渃撑吝𨔾󱲦鐄𬆅迻箕𠊛筭曰經傳俸󰠳遇󱰄旦連撴𢬣媄欺礙󱮱驚湄𠀧𫷜侯下常如蔑𣈜𦑃鹏欺趂󰜞賖嵩𩄲渚别𨖲󰑼旦兜得趣庫苔𫗄清所𣈜𫏻𫗄北哿爫覩篤蒸核意恨台𣘃𦓊𦮲󰍹塊干𫗄楚吏干湄秦𫗃迻香店月浄𡗶弄弄咍𢚸聖𩙍熙熙恰𨷈民簾疎朱𩙌𢯰𫔸戲底𦝄輸𨢇没瓢詩吟没襊欺𢝙制渃弱𡽫蓬𣅶𨄹景𦝄冲𩙌沫𫽄𢆧奇𩙌焒移𫴋頭𧣳棱怒岸樁迻迍𩙌唏𬳦馨漊𢜠𧡊䏾陽𤐝边𩄲尼馨𥒥易另𠇮㗂高湿停馨吝𢭮盘玉󰠲俸扔曷珠固課幽幽干𩇆動隊番𣳮𣳮曷湄󱢐固𩆷𩂶打折饒㝵庄固道𡗶撑渃碧徬徨銃󰟯𩆷動𥑲󰟯湄沙𢪀󰠐󰮂准𢩣溇眜神如󱸚易侯󱸖庒𣷮空𣷯𡶀拯𤷱𪱆𨖲唏渃󰴧󱼔𫴋𩄲󱯱󱯫𦰟𦹵𣅶霜招毒𫳵降將進𤬀󱙹營五丈俸󱯫將星霖󱯩𣎃𠄩日夜平饒𤇥𤍶󰮧𩅀󱯷𩆋渃𩅹霪󱯶𣘃甘棠渚割渚𢯏𨤮牌塘滂如詞霪󱯶󱗺竹拂披𩃳槐氊𥙩𣘃桃碧𣘃杏覩調霪󱯶可𨣥𧡊蔑頭𥿗󱯸傕𢷀外𠰘妬柴雷𦋦𣈙󰳒󱳋爫󰫑󱲾散爫𩆐因興拱皮酸拮筆󱯲東立立𩙌󱚯迻彷彿䒹樁干𩙌速官叔箕丕官伯箕丕蔑咍唭如𠀲󱯯腮君子﨤𩂀運蹇料戈螺朱衝傳辰催塘夐拂披𣘃乞𩙍𨕭空落度雪𠖤花丰姿恪態尋常𩯀𩄲𨉞雪唏香䏧玡箕󰠲班最杜船泊𠖤花雪江天𠬠牟拱𪰛坦翥拱𡗶𩂏燶𤆈爫之閉𪠠夏𦼜𦿄𩂏葉𦷾𩄲󱢩傘柳𩂏萌𢪱𡲤固𣅶清閒空仍埃𥚯扲𦅮𩂏朱𩂄𩂄𩄲瑞縈𬮌黄逾荫繚列俸核𩄱湄按冽俸𩄲𬯹麻𠄩邊坡棓椹樆店𢇡問𡲈及欺𦝄󱯰籠盤𩂠𨧰鑊扲刼𠅜𩂏𬑉𩂠𦖻倘𫯰鐄鋪𪽏菊欺霜𣳔泊點岸𦰤課雪𩂟𤌋𩂟鎖𫈃花棠雙牟覩羣淡㯲竹最𩂟唏𤐜鎖𦰟畑𤐝冷湥𩅹篭死生庄別欺󰅹𩂕霏畑𫗄𣈗󰅹別𫨩課𠨪𪰛別固碎冷渚戈𩆷𩅀吏干雹蓬𧜖儈𥛭雷陀󰋇最麻𢚸㐌女世箕𠱋奴浪固法神通指雷雷滅虚空忍亭則𥚇隊吝󰕛蜆雷山鷄𤠄雷於棱拱停蹺𨆷雷崔媄𡥵𣌋料衛尼圭茹雷細隊時免分安張輔卞𢯰𫴋船雷兵𧗱㨂據沔泰加蒲葦号󰑼𦬑枚世間常礼单雷单争欺船雷𪡔亇雷極令店廊𧵆姅零征𪀄群𪤄𡋥仍情朝𣋚払刘自逞妸姮𪽝蒸及𫽻呵浪拉零固緣時𬲇迻船准馬當醜分時𩂶打碑廚薦福浪𡥵別罪㐌󰬥酉浪𩆐𩂶鈽鐐拱甘𩄲顛𩂟𩆪䨔油𫕲𫐹𫕨𩅀𦀊𥹰買藏𣳮弓滝泊欺䨔張傘塘鐄促更𦝄䨔辰汼𦝄傘辰𩅹𠡏能𠃩震𡗶盈福朱牢沛蒸𥪞霜霂花芙蓉𤀒湥霂梗楊柳拂式𤐜恩𡗶𩄎霂沛辰尼辰耚𣴓尼辰𦓿漊低爫𡚦固󱯵固傘固香案固盘牘買噲浪爫𡚦固宗𢘮恨胡𡎥花𨅸雪𠲖楼西𩃳月𣾺澄𢣸󰑼𣘃奇𩃳高妾撛𨉓𠓨扯𬋟拱𩄎𩅹霖𥹰拱湥霖耶行竹行樁世間𦤾帝時𢚸㐌清花闾自𧻭起程旌旗𦲿𩄓軍兵秩岸懺生硯筆𩄓塘𠓨試雹𩄏朱𢧚佊𠁑立坛𩄲𩄎功名改蜆梗槐歛點牢疎法派霜疎國俊汝𠳒吒傳及干𦁈縂𢚸卞霜超隊德𣷭湖𢚸挹厭匪縁絲𥿗義霜超𦖑𠬠㗂阴雷弩𪞷参󱯨打培𨑗屍卞指𩄴畑𥪞壁浪意丕𫗃日迻戈竹塢𩄲𣻆󱢩葉書房渃𡽫天竺宫庭蓬莱𦝄誇𦝄𤍊欣畑𡫡𦝄吏沛𠹾輪盎𩄲𫺶𡥵𦋦𫗁𩄲𩅹䧺王傳令船迻󰈫衛勾好逑待𠊛淑女𠄼𩄲封堆𡨸同心詔𡗶㐌𤏣𠄼𩄲衝旬代狩旦𣈜迎親𩄱湄約洌俸𩄲𩂏麻穆荣𦖑永边𦖻朋󰟯𩄰打𦡟𡗶𤳷兜𬰊拯侵咍節勁𦝄仍訴別𢚸空雪󰝡意冷透簾踈𬲇迻𬰊𤘁沙𬇚冷花薔薇𤄮𦬑朋𩅜覩𰿘點𤐜𩅜准意𪠞拯固鬪艶虹羅求𩅛眉如柳𩅘如𩄲㕵侯醝麻𥄭𡗋𩆐𩅀隊𧽈󱤤󱤤𩅀𣷭湄源自意衛𬧻係蒸店霪最体𠄩㝵𢺤𪮏共𪠞拯恪朋湄霪蒸欺旱丐蝶蒸及春𬲠𤤰太祖太宗𩄎霪󰅹󰠲󰑼拯隊恩霪󱯶𣘃高𩃳𠖾𫽄𡎥㛪𡎥𫥨𬋟責𡗶𫽄霪吀𡗶停燶𠤆𩄎霪霪𩙌𠖾朱𣃣𢚸碎傘綠霪耶䏾𤓢收霪󱯶𣘃甘棠渚割渚捥翁召伯所昼蒂𠓹𣈜𡲤霮霧襖払𧺃似󱯬坡檜松産𫕰長條隣羅嘺𠺷逸迢訥能嘆浪事已到頭別坤出㐌速𩅺歇耒遣扱𢂎𪠞露旦宫卞哿湄浸蔑埋事情坤鬪㗂鬪易露揭愁駭強爫清著𢧚底露風声𫥨外宁牌露布㝵共别咍𫕲埋海海順𡗶船娄進細所尼幔朝𥈴𬂙𩆐𩃳䦕河笶牌奉旨𦰟旗荣鄕天錫𬰢𪖫𡨧𫅜𠅜文𩆍鮮渚課枯槁固課𩆍㐌餘󰋇𣎃𣈜枯槁𢜏𧡊𡗶朱没陣𩆍節𨖅𣎃𦒹󱟥厦𩅹𩆋𫗃煏𪱆󱨄坦潤㗂𩆢色𩄲𩆴𩆴𦝄買𩆴󱯫𤎜東停󱧲󱨃渚靈争扦𣛠𡗶朱乙特停吏咍符法拱靈󱚢棱殺鬼陶城除凶核丹掑頭𤂬𧹦󱮏梗柳𢷀邊牆𣛟󱯼尊師𨅸曳𨆢眞跙󱚢後院养神󱯻台叔鵉𣈜意𦋦兵喑喑順𫗄󱯻󱯻迻帆吏頒巡守𦊚方印鐄没顆劍鐄没青師浪󰘇孛青青從權催駭㨳命於低𦝄花𥋳仍爫青固𡗶罕别朱𠇮麻推青金󰑼錫式強青离几時買屈𩈘𫯳渚青𦰟𦹵敢容变󰒂𦰟旗𩙻𤽸𬦄青鐄拮𠰘舌非拮𦧘刀非平頭呐喃㗂是㗂非典立文字吏依聖䝨庙三忠宜𬉽𤐡香𨁪𦹳底爫󱟔千古肩𦠘額𩈪眉󰜣𣘃葵𣘃藿向󱳄𡗶式綠󰑼繞花撑靣靣𤘁𤘁𩍣𦼛拱可𥙩𨃌霜𩍓𩊽鞵𩍣娘户武卞㨢鞠黄爫𧵑改𠁑蹎辰𠫾𩊽鞋從且道泣山川朱咍𣳔󱟤種仙鞋󰻩𥶄蘿拱𢧚拯泥瑰蓮每𩋧蓮瓦清世各󰜏娘𨀈蹎𫥨塘固惘杶弓固𡥵侯蹺𡢐㩍鞢𦒹塘𦀊韁皮妙皮𫤁󰘚聖𢚸凡實隔忍萬萬千里上宰語󰘚𠳿𡗶願嗔察别弄碎朱详𨃴頭娘朗𡎢𦖑𥹰𥹰吏影󰘚𠫾咀𨱽󰘚𡗶㐌最壙塘賖𨅉𨅸𡶀滝𣜾𦥃茄翁𪹣䏾胣媒𪹣𬰠󰜣吀博徐𣈙停𢵰抇吏添𢘽𫖀󰋇弹顒布𡮠窖攎󰭼特媄󱟹𩈘𠊚今古𢴿󰠲时𢴿𪀄𡗶亇渃𩈘油迎昂江山𩈘𧡊𢧚涓熟𩈘𣃱𡨸田辰錢空固爫朱𤍊𩈘英雄買甘㳥洊𩈘渃𢯞竜蓬𩈘𡗶阁𡶀𨨨它收空𫕸腔燕眼𨑮分牒𠱆唯鶯歌󰋇級清𧡊連固事𨔍牢󰡎靖獴󱚢𪽅特蔑昆立韶琴瑟腔和封書㐌𠽖信車逴𠶆石榴韶榴強言󱖮堵賴侖𦮲束小兒󰯾󰯾順𫗄青青迻帆蔑𠇮音倚𤴬𢚸卞典呐共景異事縁你𡽫𠹚𥒥音󰠐責花俸󰠲兵焒音音󰌎悲茹泊葛淋󰘂䜹󰑼𫃚素凈䏧𡗶撑音蟡𡮈麻頭󰘧𣃱用𠇮柴󱰂𦋦外能蔑花尼忍每類瑪瑙類𥒥䀡羕玉撑些常󰉲最𬊭顔𧡊魔𧡊鬼払𦄺繚𤽗㕸𠴔弹笛𠸙𥱲鉑钱㐌損颜畑吏耗賴頡固号命門遣領軍鄕兵打賊𠻵㗂將賊羅𤽗呂毅領󰝡彈婆𬏓𤾓據府天長領𠳒芸吏州驩公平称号招安民𧗱祭耒灵柩𨖲塘領印鐄貝劍鐄𦋦𠫾姉𢀭裙領花棦󰕛㛪碎𧁷𦄄觥𫄉桃𠄼料𬙞領拱空歐󰂇油扒斫如埃呐牟貞節扵𩑛奔波𠊛𠀧等𧵑𠀧𩑛牢注𧡊𠊛𢀨扒光爫户占人皮課干戈𡞕𫯳隔別昆吒落𩑛頰腮𦟐似桃花岡含須木頰車蓝薝唐蝨曳須亇知舍須𠃩畨篤𠃩畨𬋆埃埃須𡨺分常特宗社稷久長祚𥹰吏群孔頃爫髙世尼網巾号𣈙包頂速連󱡴棹𣘃畨竹棋杄弹曲樂㗂啌潇頂𡶀蓬萊每頂默㳥渃縍𫄃𤾓𢆥珥𠬠𤗖願暈𤐝㐌虎固𨕭頂頭董頂朝歆𢴑𪮏㘇󰋇蛰迻高濕𩧍隊欺㗂頂當韆鞦頂排咍㝵打都音音順𫗄青青迻船宮廣賖賖橋鵲賖賖茹刘驚駭別包𬲇𣌋𣎞歆油頓綽係伮固鑕核檜之辰伮󰭼次𥒥𠡚𡀫𬈋鈽麻頓立嚴埃监𬧐𧵆𪽝官亶頓朱民奴𫻤旗扁𧵑𤤰頒𣈗󱈘𣅶迻柴𡥵逴頭先物之獴𦹵敢凌亂歐罕󰮂朝𠃣几頑󰞯𨖲智午才頑固𢚸功業固肝英雄坤頑冉日湼那差行布役𠊛些𢢲𢚸𠄩𠊚修道㐌頑㐌遲󰬾𢆥於貝𠊛𢠤𫽄朋𠬠𣅶𥪸𧵆𠊛頑空𫯳𦓡𬛒買頑固𫯳𦓡𬛒世間㐌常牢浪廷芸不忠補柴補渃𦋦𢚸奸頑預怒固堆󰅹固怛󰅒綿福恩預綽接嗔特排𠅜𣦍渚鬪羕󰅹眾眉預󰅹強𥙩𦀊𬘂共添纀丕打㝵乙別蒸預㝵麻破賊合創蒸料賊柴刀預止檜尼肉刀拮𦧘刀非平頭螉𫅷󱖮毒針花焒羝要挷𧤁頊𥴙疎恩調𨕭󰡎頗非娘卞車駕𠭤𧗱喝门𰿘民潭蔭頗批默油商賣默芸農桑頗娘󰑼𡛔婵娟倣欺及几無縁坤提󰘇𧯄𤝞白細𧵆壓肚徒尼強裴壓膳徒頽窖布秩稽𤽗仲逵𠀧吝招片羅𠀧吝輸𥪞神氣㐌頽𡘮𦓿𢶢雪吟隊景工倘摆𣈜林爫迸賴賴𠅜盎那丕𡗶爫悶所𢧚頺蒸所志誇𬖆自然氣鋭𢧚頺鄭邊頺𬏓󱗾𦼔蟳庵六辱船頭𣺽蠔質樞離㯲檜廊𤐝泣頭𦙫連𨆝臘率徐没刻忍𠄼更𠰘𩛜頭󱖺沛𨆶頭禄号󰑼守火婆頭蒌冲茄󰑼𤎒土翁瓷嬰固号頭老折几㐌頭羅𤽗子嬰壘󰅹壘拯破散賊󰅹賊拯󱳮筭𧗱頭󱬯󱬯堂陛嚴嵬聖位位威󰀩顕德㝵𦊚橛榔枒㩒底𢫝妸它打丐妸群顒𦊚𣷭𢚸盃匪顒𬂙典所店意炪畑拯𦣰顒𬖉欣蔑除𦖑饒埃乃顒饒蔑𠀲擼巢奇澫共吹󰮀嫌坦愛𦓿渚𤇪册碍句神胣仍顒若麻𭁈顒爫嘹咍丕苓礼群調𧋉枯娘䀡𫽄𬋩𪿒顒筆花曰吏𠬠𣳔边𨍦𤝞朱於額灰精号󰑼鼱鼩仃仃㹥吱󰋇唐谷額󰋇梂終征門閾額㪯北昂󰑼包橛額𨷶簇萡泥苫題𪡔新繭實󰑼蜆買饒世學通𨷈敵噉埃題𪤍伯王𠸗㐌𬓛葦題𠅜歌𠄩曲蔑時浪腰𥄭𠄩時浪腰棋泥曰偈准題詩𩯀𨕭頭貝魯顋魯𪖫枚𠰘調㧅鐄鉑歇汰顛退顛催拱𦀎纙𧵆墨辰顛𧵆畑辰𠒫稽世变泊𬈋顛欺運𧺂𣅶干顛調𢘽調坤𢘾布𡥙瘋漢羅𠊛顛桑顙皮班󱙼𣈜𮎦㛪蓮馭衝𣈙󱚢营𦍛意些它丕所願埃喂𡗶𫽄蹺願卞固蒸𠅜願結義户朱户陳𰦫願朱沛呂廊封墳立庙矯傷矯煩調願怛除每障每事㐌庄群約女願嗔蔑体課昇平願𢚸尼貝焒香𤎜屏射雀󱋨床乘龍𠁀浪仙景卒鮮畨尼些願蹺𤽗𠫾尋扱𩕳柯沒侖漿沒屡𠃣通格律播琹𢧚章裙胡襖竟爫之裙胡襖竟固欺陳𦚭鐖鋩󰑼竟默包坤𪡔興乘𨠣󱮹𧗱𣎀󱷶唏󰠶󰘂强添沫篭擬𠊚才美院𨑮𰠞󱰅欺易迻吹閣藤沛干颯所打共時沈托𠀧卷圖書收󰠱襊蔑船󰘩月翥苔扦味𦹳性吏甘平去󰘩除湿㐌停庄戈𣎃𣈜渗率似𪀄󱰇翁𡄎𨉓翁𢪀拱𫨩昆蜆𫅩咍󰘰𩙳懷加𦷾𥙩𩛜饞添𦷾𥙩銅博包𣉹𩛄𩟵固𩩫󰋇𠁀媄𤴪固傷𡥵𫯳𣌋枚𧼌馭另𮥷󱸟𣷷渃边西眉卞羅几於茹些𩝺󱰉共蔑𧖱吒初箕󰝡𧗱餒󱰉𣌋𣅘冲殿𤤰武王󱸞𡾵𡖼󰬾𤤰於蒸坦鎬京糠魚𩞝咱共時朱侖𣋑竹群誇節勁𣈙柳㐌𢷀絲𩞝拯𢧚粓𥹙夷兜常常𧡊𤼵𥹘𫗗𧡊挷渃圣鬼欺𫾗㝵塘青雲󱹬饒𧗱名貝利𩛸富貴󱰋廊車馬𤑟𤉜𩛄𱃨排床𤑟床英帝買娘𫽄差拯𢧚𩚵𫗓之󰠲些𧗱於𪤄採橷𤛇蠶渚貪蒸招𩛸𦹳擬𥙩蒸禍亇󱓇𩚵共粥𠲝奴隊𩛷𨢇󰑼𩚵𩛷𡛔󰑼襖𣎀特𩛷具魯𩛷𦓿粓咹𠬠𩛷𠬠𠦻大鵬精𣃣𩛷𫢩沛沒𥏌𬑰信󱚢𫅩尋󰜋庵清永塊餘從𪭡󱣛㗂楳㗂鐘茹𢀨買𭛣𪽞餘拯𥚆紩條麻𥪸朝𨎠𬧻意約𤾓餘㝵㐱固盤棊徒𨢇𪀄且獴𤞓餘女拯固之欣𩃳𦎛𤇥𤍊󰮂萌𦹵𣘃共㦖餒情𩄲𩄎𠰚𡽫買計事情餒圭隔阻餒命屯專沛庄磊󱖕坤皮断𡥵𪀄咹菓蒲𣘽埃爫𢧚餒柴修𫼳鋥𠁑鑿𢧚𬇚𠃩曲𥪞餒特𩵜𠦳頭柴朱蔑法𧗱𫢩易𣈙生𦝉易𣈙養餒物餒群渚荫奴𧵑󰠲乘汰底朱旦娘詞󰅒󰜏眉據於茄底默老𠫾桧󰝂𧗱老餒󱭔𧋂麻餒𡥵蝒𣈗𡢐奴𢀲奴捲饒𠫾𩛄󱰎闷𠫾咹𩜃𫽄魔󰅹𠶣悲除旦景桃源包饒那没𡥵船󰮬迻堆𠀧我迻蹎姑餞𠄩銅󱙪𢮀䏾柴空󰜋𫳘夷羅綺𥙩󰠳庄䋥洒𩚵奴𩵽𩵜矯𩝎慵咹𩜽𥄬迷吒丕媄丕牢𩝺莊姜尼拯特𠓹本㐌別丐身鈎住𩵜𩛂𬲞共𧁷㧗𢧚𡧲𣳔渃汜㳥𣼭󱙹頷𧏵𩵜招𬲞永腥眉昂每獨相雖邏𫀅乙凭饒𧵑饒山野󰝡饒典庫於京城少几嘆棱饒核葉花迡動浪碎歳索㐌饒嗔𧗱致士歆遙養𫔮康康鎖玉扦鐄拯竜病塵隊󰞂辛酸𪽣𧵆󱉿𦹵𫽄𦓿𢄂賒𩟂𥜤󰋇𣈗拱𠫾鴻󰘰群𨁪雪泥渚𤷱󰠵戈水秀山奇匪情𩵜䟢及期𧏵󰘰𠳒呐空固𦑃麻󰘰蓮𡗶𢌌󰡎滝𨱽𩈘油𩵜𣷮𫚳𩙻妥情𦖑彷彿𦲿梧桐𣳔没𦲿梧𩙻𢬣風烹𦑗蘿單𧷺蹎𬦡趿󱩕𰪞㨂秩𪞷𠫾㳻淡氷澄󱢂南𪰬㐌迻春戈夏敢󰠲群伴㤕𢚸󱢂𦝄󱙳𦝄󰠲發𢭮梗天香法󰁮茹漢法科茹唐󱳕文拭盛伴惡空撝𦓡束蠡𫗂清唒歷拱恾膠和𠊚辰特𫗁吒翁北胡篭𫗁昆驕󰖁𩂟𡏧馭𥙒蹺隘雁英㛪辰寔󰑼䝨為𠬠銅錢𢧚𠅎𢚸󰘵注㐌咹𩚧𣜾尼𩛄低注咹𠫾蹺󰜩羅󰬾󱰊則眉𢫈㐌𦖡𦖻錢辰空固別撝埃𧵆賖奔半𤾓藝夢𨑮𣎃𫤯阻𧗱󱰓𬌥𠊚些𨖲𡶀辰𢝙𫳵碎𨖲𡶀仍󱰒拱𨅹𠄼绳扲槊󱁲弹𬌥𤽸󱰒𠓨𥪝𧯄羅𢬣扲𪳌巴粓妬埃別特軍󰅹結腦𩠭腋𦙜肺𦟊渃浶󱰕𪆧𡄎𥹰𠽋唭太后𫀅𧡊駭䧺𩵜𦣰𬳕橽刀烘扲𢬣清台󰬾萬󰮏𠦳𣈗丐首𤞼𥆾柴陀忍𫖀謝朝󰜋首詩箋󰝡饒車䳽𧗱沔香関西子點傕香馥馥楊妃沁㐌玉移移味香馥馥凣塵㐌空𠯇𦖻娘買吲浪於低𢭗𧂭咳仃許香義矣汝道庄涓香花供𫀅群年討㤕𠊛媄化昆嵬奉蜍香𤌋渚耒𠀧𢆥香𭴤𤊃󰸃桧󰷳拱𭴤拱庒𢀭麻拱庒𢀨庒𤷍庒󱩎只香香𡛔停𫨩󰤒茄󰜩𧗱𡢐𠄩𦜘朋𠄩𩠩椰云仙𩠴𥛉𠽔柴泊鐄嗔答恩𪞅義𠸗枕𩠴扇󱖧󰮂𡱸𡬷𩈘𡗶賒󰋇包徐𩛄𥽪固昌󰋇𠁀姨𤴪固傷𡥵𫯳𩚵咹𧃋㙁油羅𩛜𩛂𧵑爫咹𩛂𧵑朱咹噡默𦷾拯咍𩛂些庄羅拯悶盃待昆賢強添𩚵䬰扽𩚵設待扽床𢪀宜餱子󰑼年紇𩚵羯鼓弄𩚵撫催撰𩚩裊𤷍奴劍飾𦓿𦓿麻劍飾務尼秃󰠳颶風飽秩亭求吕漂𠃣因汝𢧚病𢯦𢴐姅𢆥𩚵䬰拯唁𩛜辰咹𫈨咹芌𩛜時朱瀝𧛊時朱𦹳會𣈙仕娓誦经供養庄咍養末每盎那悶咹𢀲養𢧚核𨢇時本𨢟渃紇杏餅時𤁘淥𥹸蘿槐餅𠫅沛焒辰称平蒲蔑鎇𥏋拯補率隻餅車拯特衛𤽗子虚懺𧵑餁𫼳𨢇據限麻典卞󱅒卞𩧍婆許夫人衛󰋋翁衛侯北俄驛𬟗化𢧚隂魂𫗃尼󰠳强𩦓𫀅渚𪠞典󱰯𥯉些渚𩦓丐𥯉些卞𩦓席迻技共吒扽茹移𢀨買南丕𧡊𠊛𢀨扒挄爫户騷英㛪之買绳仉滥源干蚤𦤾蒸低𫘑傳敎法爫柴救迷細蓝山篤𢚸执飭曾𬲢畨荆棘𫘑芒𤽗斯立哿駭合㝵𥪞村共筭浪皇后体事㐌𧵆駭牢駭吀𢴩恨爫𫅜𢚸怒駭群愁駭促蹎箕彊珥𨀈彊疎虽浪隔阻渃𡽫駭群𦝄泊駭群𡗶撑𣃣課𣈗󰅹駭𢘽𬏝丐𫅷𨅃𦛲㐌蹺𬆄𢫝𩢬𠦳𨤮賖𥸷塘青雲𢌌迍𠊛青春𩡭䀡報應𫼢𢬗拯差次一辰罪行花次二行馬次𠀧行鐄某甲尼馬願哿含沙亇俸馬芒細秋吏𧡊腰當女馬渚弹之妾薄縁為払淚妾㳶堆為払身妾󰭺󱯦𠬠皮体隷廟嚴職𡨺詞奏恒特体孛莽法盃特𬯩󰝋弄酉曩㐱坤𬯩泉臺透坦𢜠󰠐盧夫人拱停心𠳚󱯥󱗞󱘌沒羕咍盃𠓨𡓃𡽫𣘃買𨔍隴𨗠淹𦹵沫咏如空𠀧秋隴直𤊡畑滈隴𥙩眾眉爫𠰷𣈘𣈜隴仍約𬇚炪𢬣併插期桃開花𢷀包饒蓓蓓淋󰞳𪮏襖旦䕺林本边城鉄󱦊󰬏曹󱯢怛󰀎𤠚𨻮𨻫派條扒扲綾𬗔𠦻󱚦情󰒂懞𣹓磾姅󰣻風波𨻫汲澎𫯳𢘽𨻫損工夫𨤼𠇮昆𡗶之底𨻫𣈗𡗶﨤饒徐𣷷富兒庒𠫾辰汝𠫾辰𨻫功𡞕坤辰浽基图若朋𡞕𢘽𨻫損工夫󰠱𨉓𣌋𣆐埃几别𦋦㐌悁爫𨻫貝𫅷闭𥹰軍些𣈜隐店𠫾民兵蔑胣奴時坤咍𧼋𣦍𠓨帝隐命󰜋欺𧯄溇卞隐待除聖人󱃹朱故㝵𪮏扲刀色爲徵盎那麻訣昆末𢪀戈林彦劫群庄咍把特恩曩盎那󱃹朱故㝵𪤿招梗吒埋󰝡梗媄坡𡶀𨹬数𡗶限㐌典𣈜𨑮糁𢆥治歳苔𠄼𠄻𫷜充𣎃限𧵑𠫾𫢼扲蒸𪮏娘共娘限調偕老蒸役𣈜𣈙拯限麻共及番𡢐些吏限胡󰠃饒屍座号󰑼位亡附於神主蜍中祠堂苦辱陀改末每㨢󱣒鐄玉󰣑𬁑梭鶯審脱陀迻長旬朝清歷󰖽齋盧娓蘆陀羕小盧初從高卞騎時望恰阿安柴噲娘阿蛮旦畧柴諸𪮏梭頭𥚇阿扲阿割𦹵𩃳軒添喭󱦷燶𠰚𦰟𩙌空讓𩯀泊阿阿󱬴学特󱙌󰬾𨻫習茗都饒呐㗂陪󰜏媄呐咹朱𩛂𠫾昆阿蔑貪蔑惜斉饒裊㐌𢯰頭埃几阿󰬲拯掑󰘂惜𡽫𩂏屈舍底船朱月阻如𤾓𫔬兵孟󰭽郎破𡶀󰘉塘卷㳥阻軍課意役銅博散涅塘極阻莊岌𡹞塘戈縣金華侈沛湄𬲇所阻傷爲緣渚匪縁英雄側阻婵娟呂廊船瓢跙梩𧗱東𡥵𠫾蹺𫯳底媄朱埃耒𫥨阻𩈘卽時扒𠳒料𠤆嗔痴舌𠁀娘呌阻胣闭除𫏾𨍦娘買白䜹共柴咍󰜏眉阻胣𥚯常阻胣𣳢課潮强除月木昆𡛔閒雅所𡨧除些蒸𧣳城喂𠶅𠲖𤴬𤯰吏除𠓇𦝄襖󱭢除󰅒𠀧𣎃冷拜除喃曳宁单朱㝵少𭓇𢪀𫀅𢪀潤悲除仕𨀈汝澄細低㐌隊恩蒸𢚸払役爫拯犯毫秋包除縱横闭除冗貪碎空固𥶄𡗶除碎𫥨托寃托枉亡靈逸除𣎃𦊛𣈜夢糝除午生蔑昆𡛔𤤰啌看欣蔑除朱黄𡨧𠄼梭限朱除丑店枚𨁪旗号統𥪝外夾攻𡛔於正專初娄蔑涅敬信除重梗𦀊雖㐌除雙㭲檜䐗𠞹英灵报應無󰠃扶人𧦈物去凶除邪童浪𦖑㗂柴低除魔掩鬼法柴叱咍共來󱜐弄恨陣𡛔𫳵𫯳𫽄𦣰拱𩈘陣洞洞捻㹥𫴋𬇚意󰑼机造冉牟緣初𧷺陣恩娄填培趙光㖂志英䧺頭隊󰤇𧍰𡧲陣衝𦋦孟暴奴󰑼󰋇𨒒𩄲浽𡧲𡗶陣𫗄𠺙󱗠𠸜𥱬閣鳯像傳臺麟𤯨特㗂𨕭𠁀論院𣩂吏𧵆圭貫鄕村拮𬰢𫀢𬋫院丕㐌實意思技准關山爵賞强𣈜强唯召恩陞蔑𨀈蔑畨明歳買𨑮𦒹年方𤤰𤕔定料朱陞治位𨕭𫡦陛固𫨩庒𨤧陛玉碎曾𨅸歛𢬣㳥𪷧﨤𣅶滝穷𡗶喂陷仉英雄爫之蒸意𤤰排署木固名户陶先羅嗣亮𣑳𡽫拯𢯏𣑶溇𧁷陶𠁀𧍆𧍆󱣰𠁀𧑂𧑂陶立陵塟扵天長謚󰑼等浪庙号仁宗於𨎠府茹王羣籠陵羕意語󰑼君子才能埃𪟽鳩胣陵仍等𪬡閣漢歆埋朝直主𠄼更㐌𢷀歇陵陵方之准尼溪𡶀創朗𩄲𤐜陳運卞𩧍馭㗂陳陳𠄩宮乾兑𤈜𤍶金星各府󰀡𪞷陳陳朝茹陳態寠𡮶蜍鬼廟神茹佛拯准羅拯固欣饒𧗱襖𧗱裙且𫥨𠊛陳埃拱如埃礙隊𪰛世变饒停輕浪㗂舅陪別浪課𡮣𠫾爫郭𫽄記空通拱舅陪孛工卋界朋陪陪共众菩蕯雄鷄𤠄隊合團𥒥制鬭鷄打隊𬷤鬭牛隊𬌥咹󱗫𪮙𥙩槹枯蹽𨕭𠀧隊固姑半行𣳔渃𤂬沚瀾溇隊曲仍徒隊曲隊畨体景隊畨鄭𢚸庄故礼󰒂庄隊柴代勸𠰺𠄩昆駢共蹺隊娘浪扒䖳騰𡳪件󰀡証故坤隊堆孤㐌𢧚名價女兒當時隊蔑和時固𠄩㐱隊𬉵奥泟速曳爫丙貝掄阡陌坡隊㝵迻既𦓿㤇饒過隊𢧚迷耒𫥨買別仉吱𠊚唭𪡈侯傳奇隊攕𢯢噐械蹺些𠫾尋𥙩公主頭隊鎫焒車列分索𣈜恒固㝵樵夫隊檜𪽝𥪞洞麻囉󰅹𥶄修󰓗󰅹𢃱深𠫾󰠲庄隊底螉針弄弄𡗶私㤕󰠳󰅹埃庄隊於𨕭頭修葺󰑼隊魯令突乾眉𩭶忍隊襖裙秉包称󰑼阮隅阮迎共󰑼绳阮伯冷𠀧魂𢜝𧻭氣隂吏湄𬲇𨱽咍󰠲拱如花葵隂時合吏陽時𦬑𫥨窻隂香羡𤌋初殘覃隂玉燭工代治隂特安尼陽乙風流嗔㝵君子𢲨唏陽潤蒸馨瀋曲兜潭廕陽和嬰㛪拯別所唭輕隙丕底𣘈粉屡弹㛪曲隙神蛟箕𥙩蒸才邏𤢇獰任蒸改役𥴙隘歆群隘北𣋽𧗱城南𠫾部辰怯隘雲𠫾船辰怯㳥神𧯄蛦隊課庫巾庄綴隘体尼抄確㐌𠋥泥𠄩㝵𥙩浪隔離𣈜㐌󰀑倍分共傷𨣥𪧚纏饒𢝙𡦂清寧瘖隣瘖祿朱師濁頭仍塘𡶀阻𡗋轉𠓨瀋險趙王台𨁡󱠢𡗶定都㨿險棟外番禺曾拯益𠇮蒸私牢典逼㝵蒸准險易𢲛䏾險坤馭謀奸蒸會險邏代󰅹麻拯固𦷾險調得失險調是非意買别處𠁀隨𣅶朝官拯沛隱拯沛綿卞羅几士於隱縣宋山准隰時拱固𡎝領船左右兵差歇橋𤾓隻吹尼滝馮𧵆我𠀧朴㨂烘野象虎𣳔吹天德江昆𤳇户馮𠸜羅𤽗仲逵馮興噠斫保㛪黄忠初破侯渊拱丕荄䔲餒𢚸低𨻫𠹾險嶤塘世帝須馭搔痒󰑼馭改𠊚式樓紅群𥾽煉馭涓塘紫㐌林針𫧧𡶀坦𡶀𥒥箕馭些痗辱志爫󰜩𨤵𠦳䏧馭馭紅帶鉑袄蓝𡗶朱󰬷固志爫時𢧚螳螂丐蒲馭疑娘麗娘乙於𥪞嵬𩢦𩧍卞辭媄𨀕边南蒙可共体𦄵傕吏𫄑𥰊駝吏高吀𧗱没駐𨔾蹎茹碎駐𢃄拱𧵆午門同登固鋪駈驢固娘蘇氏固厨三声同登固庯駈𩢬固𡶀蘇氏固厨三青富船𧵑改阴苔渚泥荼㙁渚泥󱲇棦姉㛪𢶸󱲇𠀧銅庶饈具雜氣群灰腥咹花㕵雪戈𣈜慕齋結戒𫽄兮雜洳油可苔胣雖󱲭湥𡊱破麻拱拯虎俸踈暎渃動𠊚爲綠紅羣󰭺諸車群𦝄挌𡶀群花𫽕梗𡄎道爫昆計窒𮥷於朱𠓹特買羅頑雷竹椥𢲣爫𮥷仃󱳮𢠯女渚樊𮥷之月頭𡽫撩隻隻霜𩈘坦潤潭潭𡶀隻𥮊洞綠雲滝蠡涇峩庄羅拯󰠵盤泊題疎隻𩄴泠汀實拯通惜鯽魚亇隻強令揞昆渃𬑉平𡽫哭隺卞買迻昆朱柴因𢶒所種默襖裘雇𨢇爫盃吏爫解義蔑篇集𠳒國語劄𢧚𠀧行拯路技尋集恪丕鈎𥙩𩵜𬵘𤍇蒌集翔𡥵𡛔雅辰﨤官知化𡞕治時可𠁔户雄昆𡥙重重百子千孫妃嬪侍女󰠲󰠲駭雄埃乃󰝡饒𧼌𨱽闭除驚𢜝駭雄季厘朱扵𨕭󱠢如咹雉械如啀𦠳𬷤甍菬核𪪳踈𪡔祝󱖮爫雉决茹石世占占𠽖馭󰋇𣈜雉𨖅裕宗補雉朝󰀩𢚸民自意󰟯時厭奴𡨸慎勤󰠳敢雉念憂愛𢮬󰅹𧇊雉長襖𦃿𢃄荄梞竹玳瑁󱨑󰬷𫽤摳雉習仕枚共𢯏󰤳喜怒剛柔雖㐌固義仁礼智馬朱亏矣喂蒸道𡗶窒公麻拯私蒸䋥𡗶雖疎麻拯律畑雖固𣅶𩙌熄𬊭𨖲辰吏𠓇奇茄雙󰑼㪯𢼂朗收雖時燶如炪雙吒媄窒𧵆眉𧍋吝𩈘𧏵路路插雙雙堆𥮊姻縁文詩賦六𫽄咍𠫾𧗱廊渃𭓇𦓿朱雙边𡗶谷𣷭𬲇𡏧氊客𢯙難椥趙越難衝𢧚業奇抑齋夢訴匪𢚸願𧡊時𤁕𤁕𡄎時咮離𡶨箕隔渃蒭離笛𠃅怒邊墻董鼎𣖖抶𬂌抪󱦀𢷂󱭞乖鈆離卑真虐真吹𣳔東域域渃撑離離𠶖𨢇醝離皮𤵺突󰋇吝𢯏藕離絲㝵󱡶准󰅹離隔𡞕𫯳奴分𥘶󰘂茹奴媄𫅷䏾我梗橷防欺焠𩈘𫞡頭忌埃㐌麻户阮乙生昆𡛔浪娘麗娘户李乙生昆𤳇浪撞佛生䋥駪卞娘𣘃意爫󱓍悶加𪟂𨧝時鈽𠝫鐐技駢拯可轉娘户武乙騎車𫃚停𨅸𡧲㳥渃斈拯別浪𫨩之奇沾𠅎騰沾務𠅎務終畑直歲荄昆𬑉符驅法󱁲拯沛𥪝事職驅儺󰠓󱮦賖𧵆禳災祈福𣈜春舒徐固蔑㝵鬚眉姅𤽸𦠘鷂𬈗高騎昆騾紫𣦛典買别㝵騎騾意卞羅先生呂塘户蔡蔑念忠孝爫騼奇郎𢆥應試乙領騼進士𤽗潤之買典几𢄂捽特騼進士麻卞擬爫禍福過𬖆驕㴷欺𫢩简定篭驕𤢇𤞻拯𥙩𤢇猫爫之油𢀨重拱羅𡗶些固之麻驕貝埃吒兢秩󰙓𨁼𨕭𠓀𤽗仲逵雖極疑邏雙羣悶驗所實恬尼驗典事𡗶󰅹埃歳戌意𠊛爫𤤰𡗶𬁖𦬑負才苓搒鐄𣜾󱯜𣮹撑㐌𨶏閎羅𨷯槓外塘𠚢無𥪝洞𡋥撑𡗶坦恪边梗𣘃󱸔𣎃𣈜󱸕󱱂傳嚴令春官天威雷動人間阅情󰅹欺挭𨤼英除過橋英待𣊾𣉹悁饒事世𢧚忘歇每皮探花跪𥛉㙴花念初浽畧鄰󰑼排情輾轉鄰六蔑陣打麻蒸軍章邯王輸󱮴咃𠺘咹姅菓𣖘群欣咹奇𢫜茺𨐿𤵶積饒𡥵𡥙怒󱪬󰜏官𩵽吸瞻𢴾𦃀󱳊󱳋爫󰫑󱲾散爫𩆐𡛔婵娟𢧚󰘚逢䏧迡𤳇壮士共趨𣘾突古雹雨湄𥒥泑泑堵趨些因敗乱乘机撫𢬣逐㹥󱁲趨㹯弹𡖼景鄭𢚸拯咍停特篭泠𣷷月鄭𢚸𢞂台鄭邊頺𬏓𧂭𦼔戈𣈜𣎃路之𬲢御史梅咍行朝拉丈夫松買鄭扶萦性乙染共木石𢚸群鄭固趣煙霞𠊛城市客林泉方池鄭鄭𬇚󱖮𦊚皮阮丁刘鄭別咍,Nom
vi-du-tu-dien-dan-giai-nf.no.txt,𡀿饒埃乃欺尼典尼󰜋𠊚扵郡潘章󱙻歆户鄭尋常藝文𧵑改鄧進底苔𫔸棱柴庄兑𫀅氣𡶀𤁘撑碧羕𥕄𢀦壁鄧𠦳丈𠸦埃𨢟鄧城都意𧵑意𧵑先王𧵑國家拯固蒸渃󰅹羅拯特𥶂鄧結𠅜讒鄧𠅜𠲝拯兜爫甚欣意翁哴弩鄧呐制伮拯鄧破拍𠊚些伮𥙩空鄧𠇍𫢩㐌体止經有孕沛呐戈朱翁老鄧咍預畧蔑𣈜鄧達𡊨場𦝄𡮈拯鄧特干𬲇𠺙𢴐動蒸默鄧𦷾盃丐筐共丐筥籠單鄧圖𤤰文王動所勢󱮑𠯅笣𬈋棹竹𬈋茹群固尼󰅹盃趣女𡛔󰜩共合蔑頭鎫𬇚𪽝狹回坤且𩵜茹涓趣庶礙挼𤝋𧡊咹𧼌典𪰛奴胣𧼌𦋦吏﨤追兵衞王吕相纀𨉟󱡴軒周遊放火󱁲曹兵𧼌過江東自户䧺課𧡊衰安王䜹𤵺乱離𧻭乾﨤𠄩英意𡎥鈎石盘𠄩英𥪸𧻭𠳨𠻃𣜾斈𨆶㐌󱳮斈𧻭𪀄越呈戈󰂇刀性渃𢚸𩄲之群𪀄越杜𣈙梗南󰬾魂𬙞𤽶楊孱𠊛群渃越魂还边吳雖浪呐㐌𠊛𡎝越𨕭尊堂𥪝𭛣斉家使鎗打敎這󰝂運斧打越仍扲某枚或𬌥羝狺越𤞼㹥駿馬馭令庄女越加池清發𦹯秧蓮調仕𥙩種蓃羅箕麻越特𥒥㗂㝵冷冷𦖑賖急尋水手補槎越䀡羅率󰑼越邑占罾罩越亇庄嫌各嵬魚苽羅丐越亇弄開𪿒越𣷭朝官雷細隊𪰛免分安埃䀡𧍇越特󰅹戈登𧍇越過登抄錯班皮蔑起更角埃聽説課江城買𠳐荫補赴京旦𢜏因計𦰟梗事㛪跋涉𨁡󱘢𧏵󱹕󱹠𩵜󱚢潭責払户豫拯壬時𬁖董䁀挭樵夫𫴋󱭺𦛋󱘜󱘙󱘇逧𦠳𡽫㐱寔買󱘜𨃰咍󱘔𫽄咍𨅸𦊚馭特𪠞󱸘󱸘塘哿觥賒󱨸清酒㐌底𠓨丐尊牲特色󱞭㐌󱞬默麻𤼸默麻祭蛛𧎝爫𫳵敢󱘦㺔𨅸䀡些拱弼如唭𧘇怨怨𪽝打昂曲𧋻害身箕爫󱘥虎𡓋𤞻𨔈棱儒蹥𨇒𤂬溪𨄹𣷭釋󱘣󱘤𣳢瀝𠊚些餒𡥵𢧚沛𠰺麻於停󱘕𨇗󰕛㛪如䕯如渤𫽄𬦢𬧆特󰅹故牢𥃱眜𧿆𫏙朱停𫏙坡滝汝箕𪟂所梗槯縈𤂬㐌空僧𦷫束𫏙𣳔添固客尋源𨃽𧿑𠫾𨃺𨃺𢪀時強悴𢖵時𨃸傷翁修定𢴑娘阿蠻燒𨃴旦棱戢香匣粉󰀑㐌嵬𢚸淡柳塘花䐗曾踏𨃴尼姑𨁡𨃴僧徒氊𬛕免󰑼論院𨃴頭渚迡事意朱毛役爫白師買計寒温𨃴頭㐱寔買𫏠𨃰咍𨄳拯咍𨅸㐱實買󱘜𨃰咍𨄳拯咍𨅸𩛂粓蔭襖𫽄𨃝𠫾兜自𣈜固𡢼空𨃝𠫾𣈘󱣞𨃝制春矯歇春𠫾丐𦓅𨅃𨃕奴時蹺𨍦典蒸𣷷渡潭家塘󰠃𢪀懺𧿆𨃓󱪞滝蹎𪮏油怛皮坤挼蒌蹊渃𣷮共󰑼𨉟賖庄別於茹爫牢別󰠳塘挓𰸑蹊淡𠦳渚易迻𧗱朱能爫䋦埃朋英秀斗拱群𤶑𩈘事蹺蹊𨅉󱘖暈桂𤐝㙴𠫾時要凭𬟴󰜯計吝曾𨀈點𢲛𩧍蹺碎朝󰜏主𡥵𧍆󰜋枚𠄩𬑉󰜋󰕶𠄩𮜓𨔍𨓡英買𬧐低𧡊花連𢯏别𣘃埃𢲣𠬠𣈕過侶雅期高辰𫽄𬧐湿辰𫽄通𥋓𠫾秩呐秩唭告醝払㐌𡃞排𨅉𦋦𣃣課𣈗󰅹駭𢘽𤵶丐𫅷𨅃躅㐌蹺𬆄丐𫅷𨅃躅奴時蹺𡢐雲仙𨄾吏边塘𢯏𣘃𬈋梞祍廊衝無𨄼蹎𠫾樣𨀈𨀍𨄻辵𣃣𠫾𣃣𨄻𨄺䏦𨄺㺧𠆳𩈘玉味香淡𨄹塘花䏾鵶偷吏強𥪸𨄷秦垠渚𫥨算𨄴󱘟仍塘修理𦊚蹎𨄮𨄮欺𠫾急𠄩𬑉懲懲課𨅸󰏤撥𦹵𦱊尋裊𨄠約𠄩𠀧琰溟濛𣷭釋雖賖别塘越𨄠𦤾茄沒𦀊𨄠戈鎮諒𨖅𣦍滝梂塘賖𠫾𨄠吏𧵆媄喂𥙩𡢼青神朱𡥵𨄟𦧘𨄟㺧㦖𨄞沛針𥕄筆鉄朱𣭻𠤆󰭱覩󱩵𨨲仍於󰮃𦊚𨄑民學路爫農爫𠏲𪠞奔職名没𨄑等威没類馭𨄊威儀𨅸𨄉俱夷﨤沛運深癡𫨩噷之眉布𨄃𠫾󰅎牧𨄃𤛠驢丐𤚢𧡊払蹥躅虐𣵶㤕払妾沛𨀈移蹎𫥨秩塊天厨脱󰕷𨕭𫔸𧯄瀋瀋󰜋塘蹥塘𡹡蹥𨇒𦋦外天關渚蹥𨇒倖求權󰡫讒坡朱辱几𣦍󰃬𢞂𥉫征蹢𬁖枚𬁖㗒𬁖唉𢖵埃𬁖𣊍𦰟畑残湿胱䏾𦝄埃󰝂𠊛玉蹖升准尼𧼋𫏢𨅸懷落𧡊没𠊛窈窕𫏢𨀌蹎移陛玉𫃸固蔑柴道士襖𧝦躡涅𫏠探麻𨀈𠓨洞庭賖𨅿𤿤𠎣𨕭𡗶𠁑渃𬌓願瀝𤁘分𡛔𥙩特𫯳坤䀡朋𩵜𨅿禹门化𧏵𣈜春從且𢷣𫥨習情柴𡎢正𫡉儒𨅾終觥功𡢻捌悲形主𨅺風流臺閣𥠭官黄𡽫高𥒥木𦖻猫眞穎如澦𠇮𨅹如𪀄𤐴香𣾼𣷭求神𨅹𡽫䝨人君子埃羅庒痗󱖺𠱜真拱𫺓𨅹𡥵猫麻𨅹𣘃槹坦𤍌全仍𨅸三魁𠊛尼庒沛𨅸恒乙羅𢧚業帝王庒𥄮惠宗狂疾吏添欺𣈜𨅸𦨂欺𣈘𦣰𨱽㛪生㛪𨅸𠬠𠇮拱生𣇜𣌋𩙌迻暏𪹷𨅸溶𰝅渃沚昂岧馭𨅮𫴋𣷷船𨅹𨕭𡽫蜆蹽榾鉄𫳵󰍹蛆𧋂搓祖𫳵𧷺麻搓蔑𣈜别󰋇吝蹽𡶀𫔬民自意𢶒𪬡裊滝塊𣷮塘𡽫塊蹽徒竹衝戈𢚸𤂬官沚耒𠏲𠑖拱踖行󱗫𠰘𨇗󱘝蹺𡢐獵犬㹥蹸坤現𫥨𩈘蹶䠇現𫥨蹎𢬣隊一聖初群䠣讓蹎庒迎󱲿𬑉庒󰰃󱪭𡥵𧑒󱘚𡗋拱󱘈蹎𬧕体㝵吏逐𤽗友之𫏦𦣰󰡎󰘂𬮌玉身閑濫細𨆢塘觥俸祝𨖅塘𥊢𨀈細為蒸自𨀈𨆢辞官御史指塘𨆢蹎𪰹󰞿𦋦陣蔑干󰟨特時𧿬󰟨收時𨆢鹿皮履羅丐𨆡𥾾䏧㹯綉履丐𨆡𬘏蹶𨆠身㛪罪業衛󰠳𦓡𣈜𣈜𨆟抛󰵟𨖲𡗶坎稔𨆝頭外陛玉𠾺𠽅𦋦𩈘𫏾茄鐄󰅒眉暫蹺𥪞軍賒離󰡎𨆝共饒𧜖𨆝𣌋𣅘源桃渃𬉆雲霓曳󰟯𨔈春矯󰤣春𠫾馭𦊚󰖎𤽸調如饒橋藍𠳨𡓃尋信󰖎駒蓓染㐌顛如霪坡藝詩𪽗󰖌味歌吟󰖌條衷曲恩勤𢚸春派派󱋓春藏藏𡶀𡽫陶𧵑𥹰寅覩滝𣷭𣾺塘買拱𬧘𨃍𨆹羅蘿󱦅枯屯浪准意固姑挸𫯳霜拯抛嵩雪拯移𡥵稚欺𨄳𢶢𢬣踞𡎥󰖔味俗累𥚇痺辛苦塘世途𨃴𬧙崎嶇故爫𫳵踚𨇒細之低㨿雷陽扒𡥵侯芳花󰋇𣋚𫢩𨀐𨇒𨤮𨱽窒痗𤻻𢪀宜朱跬鐘𡃚楳𨇒磬𢯦樁𫅷點𤿰竹𤷍枯笙𨇒𠫾諒州車㐌北巡姅𣈘𥢆貝娘陳𨇍𠫾女童武士󱱹𠊛侯𥪝𠄩妸朝外𫤯員擼捤撅𣰴擒蔑幹冉牟襊錦𨇜𤾓調穭𥣒排排茄𨇜𠊛𩛂𤯺能秦便𨇜分蔭𩛂菓𣛦𨇜󰮂𤽸外𩇢𦎛艚𤐝𤏣𩈘㛪𩈘払躡𨃐裙襖㲸𡎛渚󰝂蹎踏灶門𪹣共娘𢬣󰋇丿威𤞻躡則𥚇隊吝眾蜆雷㐌停絲紙󰒂𢩳超吏虎身尼分飲囂卞朱車錦雲蔑具遣趄𦷾梭迻趂那𠀧𦝄𣦆旬冬季𨖅澄春戈陸胤秩𤽶兵𨆢娘衝㺔趂托鮮𡨺塘踸蹎逐𧻐虎狼𠁑楼𫀅肝𫔯象𫀅肝𧻐𤞻悲𣉹別𢪀爫牢塘󰅹𧼋抒塘󰅹𬟥湯越王腰唒󱙻󰑼㫧娘店讀經貝葉群𧽈㗂縈樑𧽈𠯅神機志𨷑芒𧽈𪖫銳共打茹漢茹楚蔑𧽈蔑𡘮𡗶蒸朱福共拯朱福丕些𤄮代𥙩業商賈𧽈茹𡗶侯󱙼急𧽈爫技自𡢐俗買文身利民㐌𧽇害民拱除層𩄲盧󰪀𡗶撑𡴯󱘫竹󱘬孤客永萧謹中𢚸更更法代初意󱘆扒斫昆𡛔意應符󱘩丕我𫴋坦𠫾𫏱𫏱𠫾𨂗𨂗𠊛些𨖲𡶀辰𢝙𡫡碎𨖲𡶀仍󱮗拱𨅹𫯳󱮛麻𡞕拱󱮛𦣰板辰秩𦣰𥵛辰𣃣󰜏󱮛𠫾𢄂𡗶𩅹丐𩵽丐鯜𠫾迻󰜏󱮛粓襖救𠀲呌流落棺槨墩朱壳陳𫏪󱘏蹎𨖲𫏾㙴蘭勿𨉓撛哭咀嘆事𨉓𧎜𫼳𨉓庒浽吏群𫼳梮朱𦼔𠊛𢧚防備仉害𨉓仍𠤆󰆵𠊛仍爫夷𧥾庒𦣰󱮕󱮘春霄渃青𦹵碧占包𥊚𥇀𫨩爫麻𫽄𫨩󱳮爫之爫𡗋爫朱𤹘󱝬堪之世噲羅君子霜雪󰅹兮變𨉟聖人𤐝𥌀物情󰝡類水怪𦘧𨉟土人愊𨉟𫽄闷呐𫥨𢪀𨉟𨉟吏𢧚傷餒𨉟眾碎捥𨆝鎫𨉞強加耻辱𡮍庒傷爲娓垃𡢐𨉞󰮏𬙞󰜏𨉞𡨸具乳𡨸心𨉞梄拂披牟𤐡𤁕澜𬇚㑝𪜯𩄴𦝄𫤡法身常住普滿太虚顕赫目前圓融躶躶功碎𧁷󰛽消耗座鐄𢆧特𡮍󰅹共庒𬦡毽𬦡毬援𩄲𧿆㳥闭𣇞仕咍眾鬼𠻵㗂呐𧿆踤孟之尙𤞩斈坤范修兵典󱁲𧿬破散嗔爫𧿫抅捽朱特每事冷𧿨車衛浪吏戈蒸准意𧿨𠓨𥴗秃𧿨𫥨貫錢調醝𫑺埃乃𧿨𦋦𧗱跂頭昆㺔󰆷蹎𨀎趿󱩕𰪞㨂秩尋払課陽臺𫮇𡳶趿車𤤰武𢬣扲吏𧡊󱪺茹周𩈘撔𠫾自𣈜趿會青雲𢼂生𫥨﨤𣅶阳󰠃㛪吱船板𫽄跢㛪𠫾船𥴗固欺趿𨂙固欺覩我覩迎聘儀約趿𣈜𣈕埃𣭻蹎𠓀定唎許纓趿眞沛𥒥󰋇旬𢶢啫𨀒駒長安𬂙㐌兜兜細𧵆𫢩夫君挭役君王𢫝𨀒駒𨇒准𨤮長蔑備蔑梞𠓇𣈜𣦎𨀐𣇜餞迻𢚸絆妻孥蹎馭𨀐欺雪浄行鵉拉課更分馭捐唐𫇰𰦫𨀐昔澄𨀍𨀊󰅹噉進𨖅糝𠦳軍𠬕疆場瀝空𪆒𨀍绳𨻫仍𠲖霜愈僊迻隊𨀈神僊𨅹𨕭核𣘓採花𨀈𬺗𪽞茄採𦵚尋春距距牙󰛈襘薕遶分𫋻薕固󰠲扵湿麻跕𬨠高眞跕懷紫微䀡𢼂朱𠊛数柴柴底朱𧋆奴跑𢧚蔑更於边㯲竹𦖑𨀺跌固㗂黎躡因㐌典尼跋船媄昆𨅸𢢆𢠆台倍鐄󱖺𥛉蹎𫏓𨀈𪞷騎𡥵馭鉄𫏊蹎楽󰠓兠妬𠯦𡂰洞庭碎漢𨍦油戈𧡊帝迎𢂎𥊘𩈘𨀼𣭻蹎唐𨱽真馭㐌𨀛痗󱖺𨀛真拱闷朝𬑉花𦖻󰠱󰅹群𦝄窮頭檜𨃴𨀛𢬣撴󰮂𡽫俸祝盆𤶐郡𤴬曲𦛌𨀈𨀛𨃴蹎𤳇跳󱖺鶴臨臨詰𡛔𢏿𨉞螉仰仰𢚸丐𨦩名利𢏢𢏢仉懞𫥨塊𠊛懞跳𠓨固𨒒糁鬼使𪮏扲樾瑟跳𢖖買𢧚󱬙丕𦹵葦外塘箕渚朱𬌥羝跱蹅路蚊生罢買方西路之𫮋庵棧𡽫東礼油制昆造化𫅷路服𧆄長生𤐜㪚𬲇化拯路煩塟丕車𫅕路𢴑𦲿橷買𠓨催催庒路呐𫧇𠃩重𦣰免安職渃㐌安路𠳨茄𥒥箕拱覩蒲灰路㝵胡餅󰑼餅路暈紙路法󰑼苦練滕㝵哿羅莊姜𡨧路路金龟𡨧世路黄嘖年八卦聖爫貝科駡唭浪末湼時圭𤽗課𥘷爫業學路讀冊傳聖賢𠫾兜拯𥙩學路𧡊𠊛些杜𥃱󱩦𥈶𥉰尾之羅𥒥芻堯共饒路傳𡗋調坤頑賖賖𬂙𧡊鴈童媚鵉捤吏呐能傳路法螺路為省荣屋𣷭呌世路為盎那歳㐌斤茶力跬㐌悶某歇跬扶道聖人坤𫽄戈𨤰跬𫽄戈𠳒大地苔南岳跬道些忌𪽝眞𡽫跬𢚸世信之󰘚渃平甌鐄跬達宮撑凭鐄於坦枯箕蚤遣眉踷跩李通𧡊頭蟒蛇我磷沒𣅶買阻跩特路羅竟跨求官𡨸浪得易守𮥷㐌亭事払跢𥪸細𨆢㨿󰠲麻別爏𤈞分厘𣵰跢另准波濤更𠄩𦂾𦀻更𠀧跢𦣰妾拯咍㐱沉鬪跡𥹰󱓇洳穢別󰠲心跡𦓡𢲛朱𫥨娘浪跡󱈘𫂮𢚸昭君㨳鴈書封准尼󰀡賍跡席情賍坤爫理断朱詳特󰠲𪖫󱘉行𧜗侈辱𤄮方隊時拥󱁲咍󰑼𠴍亇𫏍𪀄店春迍𩙌𠫾尋味香𨁮梗尋𢭮拯𥹰𠊛箕󱈘眾些𡢐拱𣃣𨁭探衝觥𠄩處意趨𨁭𦊚𤗖裙紅𠖤泣派𠄩行眞玉𨁬双双庒𨁪之𠸜碎󰅒噲石生𨁪頭呵𡳪固吒吒打媄𨁨固𫯳時奴吏㨲仍槌𡨺焒𨁥𥪝𦊚務顯聖象固德神明節序恆𨁡節上丁𣳔神聘貝𠊛𠎣精英󱤳吏聖賢𨁡𠚢𠰘唁打𨁟鉢苔𬌔加空用埃𨁎󰝂之固尼𡶀𢌌棱撑𥯓𠄼𥯓罷習𨁎侶堆𫀅所茹外勢哿嚴正如𠊛𨁍蹎󱦝所固敬丕襊踈䕯𨢇𬋩情控挂用覃歆󰋇琰塘𤓢爌踈踈俸竹𩂏𣘃庵書室浪朋絁阿難踈孛麻浪玉花練練䜹浪道吒󰆙媄𫀅平󰝶髙犇跿跼高每𬙞𠄼蔑期如󱳽期辰吏立𠊚恪𧡊𠳒󱲊𨀈朗𦖻𤑟𤉜㷚㷝𠬠𠄩事娘便𠳒󱲊練比犀󰇾皮啜隘󰇾皮𫫗毛主󱘎㕵𨢇疪疪𣩂𫴋隂府拱𫽄劍夷𤤰吳𤽗忠遇𬦶典𨎠齊浪皮典時㐌𬦶𨀈𠓨洞丕典挼𬦶𠭤意𪽝拯𠰷呐耒𫏓果𪞷𠫾雲仙𫀅体強疑冲弄𣳔渃溇馭𫺶蹎𨁼㤇饒拱𫽄朱鐄恄饒拱𫽄踭塘麻𠫾𡛔坤踭塊渡迻󰜩坤踭塊𡞕承𠊛些𧿆踤用種兵仍才踤𡶀𧿆滝索共孫武飭共班超几𧗱𠊛於分𢬣竜駒夾夾塘𩄲踖澄官沚耒𠏲𠑖拱踖喂招𠲖踏𡥵𠲖𡥵㐌𩛂𣈗𨇜𣎃辰𡥵𦉼朱媄𢘾結裘󰑼襖綿踏蹽𡽫󱘒𡶀𦋦朝劳刀娘𧗱餒丐拱𡥵朱英𠫾󱘒渃𡽫高平蘿蓮󱘐襖蹎裙相思㐌認𠤩分群𠀧雖浪古󱁹仍麻拱系哏埃辰𬰓買他姉㛪染病烟霞姅店補坦󰖁𦋦𨖲𡗶立𤍶𧜗訂𧜗𠊝色襜花戞曰󰖀鳳絩𧝓桃𧜖錦󰖀花停悁坭攝如茹娘兜在𣫕𬦼𩈘廷臣𤤰㛪拱固禮𢜠朱英英䧺欺﨤曲𧐖欺𦄄辰𬑶欺𫏖辰𨱽帽𨃐顛倒義名群之𬦶蹎隘𫽄敢𨃌蜄𧋻󱧔󱧔隐𣈜夢𠄼㐱体騎𩄲援𩂟𫏙𨃌蒸梗樁𦰟竹𬷤𧗱𨃅涅𦹵𡑝猫𢞂吏𧼋劍咹𡉦外干方東𣃣𬂙𣃣𨂼干方南𣃣爫𣃣咹女枚穭󱙃菭同󰝂𧗱摺蹅補功夫爫革履羅蹀𪾉𨀈𫴋船蹎踸蹀𠀧威灵𨈒圣樣僊篭幔󰖽𤽸影畑色𦳦涅𰿘身時召䔲荄份祇襖通身宝幡片架身曳於亭隊䳽於厨隊碑誓初虎固江山傾傾邊篆擬忱㗂車御史󱮞󱮞細京皮代漢𤤰灵帝𢆥𬧻雙󱎾𩂟易籠月󱙼眉咍𢶢𦷾渚底咹󱋔𣈜𬧻侈体昆𡛔惵𪽝村東麻𪡔蔑昆侯蹺𬧻󱪣工𫶸敬工怛自𨎠忍𫏻体牢劄丕𫏻尼巴南𡗶乙哿𤓢𫳵𦝄吏沛𠹾輪盎𩄲廊箕󱫤景潇湘軛𢏣滝軒渃沚㳥包船㵢𦹵𫉱鮮碧𦲿軒惡鐄拮軍仁義安隊准𥙩德寬和治𦊚方庒坊遁主辰軍𢶿𫯳󰟀文唏這如銅竹車𣰏兎絲重泛鵉多杜弄恒隊車斤弄共立眼目昆𥉴咍𥚆瑰𫀅天下門𠦳淡車𧵆辰𫽄合縁朱醜車拱體𫯳些尼箕卒𬙾拱𫥨𫯳𠊛寶刹𢚸傷㤕車𢬣耽經敎𫴋𦓡尋𠫾車列分索𦛌胣昌舌吕涅珊索󰟨朋𧎝𧎝𢶢車𦰟焒課夏缽渃務冬翁怒為󰠳車紙𧺃娘󰅹制帝扯𩄲撑紅顔埃劍埃󰠳几車𥿗𧺀𠊚󱣘曷鐄菱角果㓜固稜龍眼󰑼果眼篭兀車容藏汰汰坤𨋤󰂇滋長𰿘類体量寬磟碡丐軸打而旁曳𩛷咹計軫𠄼钱氏香領𥙩塊𡊰皇宗軫功赦過𢚸𠊚特安運治共乱軫點𪰛朋些生枉固濫之檯輞網𦁹𦊚㝵輕昂渚制𪔠貝𥘷占輕胣𥪝㐌󰇏𩈘外拱輕女𢚸󰅹輕𧁷𢚁𢀭情性桑輕𠫾𥚯吏如𢭹𬛘胱𢀭仍𧵑自然意恐輕油𢚸於坦堯憲诚輔幼𣌋𣅙恪󰅹伊尹劍之周公轆轤輍𨍮拯𬁷拯㤕拯爲吏群瓢輦爫之景尼𠊚忠默沛机難𠊚奸輞𢃈迎昂𠫾𧗱文固𫨩柴㐌𫥨爫官輞條輞𧺀馭英𠫾󱈘輞娘𠫾𡢐用遣式臙輝牟粉倦𨤔撑𠒦色覩󱢍眜老空圍拱𧺂輝英𠫾穭𣜾𢺹𥢬英𧗱穭㐌𧺃輝𠫅垌𣈜𧗱穭㐌赭輝苔同大夫恪態𮎦雄歡輝㐌過從容興乘馭𨍦群於裊長楊徘徊𣎃論𣈜輸󰮃𢚸㐌忌𨕭頭𠓇𤐝𤏧𦰟畑𨖲𧡊𤽸抛双曰况群𡽫渃𪧘默油輸特固埃争産荄𠳒説𨔍𨓡裊施肝貝𮎦䧺𬀦輸責埃𨡨役争𢵋𥐆𨱽運渃特輸機𡗶順帆率㐌景芙蓉趣産𬧺低易󰋇𢚸福德𠊛𫏾底傳𠁀𨍦英㛪󱅷𫏾廊渃󱅷𡢐𥒥𥔧丸濕丸高㳥逐泣𨍦泣𫏾𣋚戈𢵯眜朱連蝒沙𫏾󰘚報信外㙴項王𨎠㐌𡎢於𦷾𬰢𡗶蒸皮𡧲𣈜於𨎠准皮𨕭於眾爭饒典𫏾排𥛉𡽫高白石󰅹代轉渃奇黄河𧯶課仍埃𪟽󰜋𬌓自然固欺拱動旦𨕭轉運轉尼𢖮罕劍咹󰄥旦綽𠓨厨巴像蔑丿轎易蔑像法雲曩庄兮動体𤾓餘轎𫃚連縷過𨎠󰬮之身𨏄𣰴鴻探令底𥘀𬌓𢚸小姐武子𨎿雖召曳伯夷另某𢧚清𣃤﨤蔑󱠙嶗𣁔初𠉞諸埃𠫾典𠊚意噠𠸜囉坦󱮈官鎮𥹰拱擬吏󱮈朱𠊚𨖅逴𤽗姑籠𧗱渃𠁀𡗋浽䣷𨐮𨔍𨓡𤯨包󰘵歳𡗉调𧃵𨐮客固迻朱𠬠莰茶醝󱮻󰅹固辨味花甎甓󰑼丸󱌔辣𡏦司皮蔠荄你唐名利滝𤁘𦝄辣󰖽𬁖疎閣󱀄𦼔苔立鬪詩才劣辣饒𢧚劔伴蔑命辣課𠀧冬吏𥙩祿秩易㝵輕辣几固德長箍辣穭止年灑曳𩙍囂囂珥𦑃鴻昂育油些髙辣空𢆥共時𣈜朔𣈜望牲𨢇蒸𤼸旗幡蒸供辣辣拯𠞹功冷苦辱饒󰟯查󰌎庒曳洡湯拯辞棟梁丐牓農查民農盛旺蚕桑𥟉漢𥺊唐大稔豊年矯群驚恐乱離細所准溇丕細所准農丕旬尼基業強𥾽拯󱳮㨦󰧙拯煩浽農渚󰝂農餒麻疑高𣛟責𧗱分恨𧗱緣緣分共為情𢧚農浽濤涵哿某蒲農大姑姑哿甚䝨小姑姑悶農𮥷順世閉𥹰娘辱禅関㙁荼𤁕󱧍霜寒坡配盎那苦辱世彌陀羅性朗𤐝駡沛辱尋𧗱極樂盎功名𤾓塘𢶿也𨋤𥙩才藝辱辱調平雙塘𨎠所典擬共欣𠦳欣𤾓黄伯莢羅果辱諾埃喂𨔈𥙩矯𫅷𣒣𬎳固侶堆些固辰身昆群等𡨌𫯝嗔𰨂幅像論代辰崔𣌋𣈗掛挭𫥨𠫾埃摸辰半最𧗱𢪀宜𧵆墨辰顛𧵆畑辰𠓇爫𠊛油㐌伴共埃𡨸信須辰𫽄𢮬差辰𢚸𠄩𫳘仁󰒂拯兮爫事非爲横邪馬貪馬曳湼英䧺尔時𧗱正補邪俸牢󰝡退𦝄花拯辰君子固𬁷辰㨂󰣽吀亭彬𢱖汿𫥨𢬣欺𢝙辰撫𢬣𠓨𦤾欺𫤾𢗽辰󰅹𧡊埃唭浪妙筭庒群󱨢󰠲困圍𫽄過𢯢𢧚𫽄󰖴丕辰𡎝天堂寬寬𠤆𨀈𨖲准地獄󰵅󰵅毛尋𫴋昏彙󰵅𩈘曩󱩰𣌆𩅹󱩰最仍課𥘷苦闲几易󱮵意𤄮󱳁户趙麻爫𤤰咀𨱽所嘆丕󱚾㝵𧘇蒸󰠃厄丕些生𦋦蒸𧗱𨍦󱚾欺意𤾓事󱳮買𫨩𣳔唯公侯呐𠱾󰖮𫏾摷𨍦󰠱泥世間萬事𧵑終生空死吏還空仍羅課意中城固優婆塞𠸛羅修定体蒸邁於於中房巴邁糁𢆥庄固埃別㝵󰑼埃船𤿤奔半每尼蔑本邁󰹞𢪀𢯕清閑怒柴户卲本羅殺生𢧚浽󱨬科名命租穷税沛𫥨朱󱡃紅裙珥幅征鞍𨘗𣦍蘇定擛散邊城蹅盎𩄲掩布檜𣈜𣈜𫥨𥪸邊滝𠳨𠶀住俚󰅹𫯳碎謨邊𩯀󰁰分𠹾仍霜歳𠄩󰁰𥙩蔭吒補朱蔑職府建興併𦋦渃蜀没𠁀於𡾵𣃤特𠄼󰁰𢆥𧷺耗損奴蒸氣哿精实󰁰歇𠀧歇𦊚歇𠄼出家戒律󰁰篇攊𢬗午所別坤麻𨙝料飭麻打󰅹羣別道細𨙝羅之𡽫渃邏𠦳鴈𩵜演鳯鵉󰟯没襘𧜖終景邏店清興𪽝󰠳柴邏帝仍噲浪阿蠻𠵩浪牢俸𠫾󰠲󰖳𧗱恪󰅹𢵼𣩂𪶊𢵻𤈜茹空体沒刻󰅹󰑼底󰖳別𠺘𪉽𤁕𨐷咮讓󰅹案苔𦋦郡朔方碎𠂪󱮩獄尋唐𧗱低外塵沙漠𢭯清甌鐄跬󱮳宮撑凭鐄稽畨供尾爫齋連𡎥振济役排󱮳𪞷檜𦷫𬨿油竹布琴迻󰊄默樁弹䏾翁󱮫仍𬄹銅壼曰半𦁼税吏學路迁都時乙固󰟯𨒻台台袩𨒻袄餒𦓡濫昆固課盤碁卒𨒻車𥪝經勾悴𡦂𢗖補込斗室最沁𣎀長吀埃停󱂵𠤆迡固功𥓄鉄固𣈗𢧚針娘自󱟰󱮷󱠪󰩄官清茹󱠽昆䜹󱙤𫯳役官添󰑚󰯿󰯿几意渚𧗱几恪吏󱮶慈浪𫯝蔑玉皇菸𨑗天下󱙯󱮶𫔬𫢫英保寔咍㛪𧗱󰋇英郭罪之於沒𠇮塘坦𠶀澄㐌悶郭别󰠲𦓡𥈬𦥃包𣉹所𥪞𡶀屯突丕麻捽高意噲浪𡶀𬪄船戈典郡慈廉永康𣷷意姅店杜洳固𠊚於郡東城修人積德󰉲生昆賢𠦳行柑橘昆隊𪧘嗔𬈋某部𬋩江山固別󰠲羅事世間一時部吏部兵二時部户部刑共衝抶𨉞𦅭󱬏部𨧟銅𡥵㧅𢬣李通𫥨迍石生爫𫥨部仔細媄碎寡部苦䝨𨎠㙴𥿗覩都𩄴𣈜添𨱽𨒟迻惱訥朝台紙箕易劄丈尼坤都𧵑油用覩󰅹都旦娘浪分𡛔俸𧗱旦都󰡑共透皮沛庒𢭾從准江湖𠹛別准意固府紫都清北南𢭯泟平詞移兵聖駕定都竜城䧺王都於州峯意尼白䳽合𣳔洮江㝵惵課耒打都𥪞院都快樂真𨀈林針𤞻豹群拯咹埃路󰑼𤞺兔都唏共𧍰󰮏辻歳索侯𫅷虽浪朝固冲茹空昆渃时技𦊚𠄼分干戈別󰋇辻吝打饒辻𠅜戒禁拱空犯之𠱆唯边𦖻㗂管弦𠊛坤埃庒𢪲𫽠边𨉓仙觀伽边道士蒸㛪𡛔户𦀚行边外𤽗陳渴真丕夫人𫾑孕𥙩边注𣈙焒香停抵𣷷緣𢚸𡗶朝奇𠄩边約求㐌停谷𣷭边𡗶撛󰑼𣈜泊戈潙春撑𠃣襘𪮏祖茹泊边𩄲𨑗時迎渃迎城𨑜時茹󰘂散情掣包感恩󰆙主𨑗𫯝㑏民𨑜𫢫召罪朱民創埋固几𨑜尋󰝡𬨠雲洞󱉞嫌待篭埃麻固罪󰝡𪞷鬼調󱢝𨑜庄戈塊求柳姐𦞎𪜕辻󱏲双生𠄩𡛔雪氷𨑗𫢫㐌𠄼辻歳𨑗頭孛保阿難迈當察𦖑摆倘鳩渚於工弄媄年巴林老迈咄昌曳巴迈炎噴連俞湄鳩渚戈工迈倘心臟号󰑼果心曩迈咍两庄嫌固篭孀婦过礼渚挼昆眉𤙭󱰼觸吝𤙭鐄𪀄过号鳥鴉尼𣦆壁桂𫗄鐄囂迄𣈜務秋𬲇冷迄迄梵宇厨髙迄迷㛪油奔半賖𧵆爫𫳵朱塊󰘇巡英低件𣍊所廵無所使欺辰柴數𣅶柴良𢖖折󱮡󱦿孟津迻細𥪝所嵩山賖𠄩𠊚𬨠妬𦣰安尊師爫法如壇升天𥄭𬨠𨑗頂石盘体𠄩𪪳老預昂打碁𨑰茹洳量𠊛傷敢奈用包拿消包拿咹󰋇𨑮默󰋇𨑮待姑三𬙞𠄩𨑮󰜋𢆥𫢩太子智奇平󰅒梗役大噐爫柴𨑮方吏典共柴还本相初得時親戚旃眞旦失所廊盈迎󰘚𠫾閻王󰅹計打迎昂式之式庒産床油𢚸咹扵迎昂󰜋𠇮𤾓官𡾵次於頭𦑃圍森合府楼迎昂𢲨𢲨蔞卷耳拯苔迎丐筐英𧗱𠠚板朱𠫅㨂船待𣷷迍柴媄𨖅無厨爫斫𠜯頭迍𤤰蹺𫢋𫹰求冷𢬣迍搜另世無厨冲代仍仕辰𤤰𥙩𫩝排喝𨒣𡥵唉唏唏俸蓬芃𢪀命於盎蒌荼𧯶𢧚尋㗂𨒟迻共𠊛護於治所欣巴𨒒𢆥侈𠄩𨒒𢆥卞𨖲蒸聀𢀨丕計自秦越忍𫢩𬙞𨒒𢆥󰭺𠇮𣈙𡨺𡾵𨒒畨󰡲㐱畨特翁修定㐱固蔑昆𡛔歳皮𨒒𠄩宋臣𠳐命旨傳迲𠫾欣𣎃細沔海山僑公冲胣㥬惶阻󱚢述吏共娘月娥󰜋念鐄𥒥𢪲𫼛悲除牢女迭迢湄𩄲紫烏黄󱖮色間迭年花色細顛𤙭黄払庒𧡊𪀄鶯於内迡茶翁買𠳨生闭𥹰㐌律𠸜屏󰠲猪閣芸群渚筆刁香𨁪車𨒺泣江山政刑磊節遊觀過常𫃚落朋軍逆𢚸空境拱空課這退覃蔭吏庫台風月𧵑茄些曳礼麻退忘財對色乙尋朱沛退龎公退權吼𠾶󰑼例𠰘侯勿表𠫾𧗱苦信赤虱步臘灰世󰧙棖答㯿焒披買退西子披退漂胣客太眞沁㐌𠽋味香艚杜吏艚迾𠫾道路唐哿饒㝵專迻䊚式鉑欺霜用倘味花課𩙍迻婆夫人蒸衛茹𫯳𤾓具車迻𦷾礼迻旦賻𡥵辰𠤆收哭傕卞買迻昆朱柴𠄩英𨷑襊迻𦺓朱咹堆些迹拱昂饒密雨迷撫庄湄野雲𬲇退勿為隊方𢚸迷時𪜀類凣債道聖姅襘占包耒迷如職蝴蝶𨷑傳敎法爫柴救迷払牢渚蕯滝迷吹埃改節变󰒂朱當𫥨𢬣济度朱𠊛𣷷迷名拯恾包利拯迷庒迷為色𪽝醝為情具尼迷𡛔實羅迷香強焠𢚸陀迷𬏽𦎛強𤐝淚吏珠滇碎捉尺𡽫迷襖𧙼𠊛爫官一字隔重𪸔󰭬𪸔𤉔𨅮𥀌󱩖顛󰡬顛催拱𦀎纙𦹵核漫漠渃𡽫𨔍𨓡𧡊花連𢯏別𣘃埃𢲣茹𦱊䜹闼冬霜冷𨓡𣈘七夕湄汼𨓐𨔾𩙌金風𠺙律幅𫷊衢前呼後擁秩連府廬買𤏣号畑󰑼低㐌麻𢷀連時渃沚燒滚滚羕𡶀連延矯𨱽戈珠連擁固埃忙棱𣘃賖噎噎𬈗氣󱙼連𡗶回門見㐌特𣈜迻妯塊󰁮連𪮏把𧗱班店㝵默襖弹翁麻底㪯茹共每事連𪠞旦茹各柴於昆体各柴於茹蜍佇涅那凜庄固𬁷事世間沒約㓜事𨕭𡗶連亇𤈜󰕛咹貴妃恨彼銃連饒昌輪梳畧止頭連防欺連束㪯連吏通調󰠲𦖻󱩇頭𧙜𦇒連倍𠳨症之𣈜󰅹皮連把弄細菩提孛伶徑唐連緦朗󰑼𫃚䏧𡗶撑連大紅素綾𡨧鮮󰑼領審壙強苔強連造制𡎝𫢋岸仙吝矧旦沔𡽫渃和安篱笆片造𦊚方謹茹𠸦󱝞昆造窖坤凣沒妬揚𫥨別󰋇唅弹琴埃𦬑𢩮𦀊庄戈𢵯造運𡏦坤常𢴑𢬢梗椿干𩙌速潭迟𦲿柳湥霜招速曳爫丙貝掄㐱𥙩𪮏初逞准𦼔撑逞咍弄恩愛怛命折買分离逞朱特襖癸𬉵𫑃工身𫃚𠬠𠇮通且𬈋咹跬找䊷𢹣𤻻挄鈎淫箕𡽫怒渃通容𦝄清󰢓沫伴共㹯狔因𢚸些旺執坤通𰿘󰜲𠦳𣳢固裊通揬昌沃渚通𧵑報盃窒麻囉傷理拯通𥙩爫邏這冽対渴曾庄莽咍棱撑𪀄逗𤍊𣘃高貪𢀭𥙩沛绳吳𣎀𣎀如体梗枯逐𠓨埃謨𫡦逐韶光𩄲苓󰢓𤏬𢀮荣𠬠𫯝掉逐爫之𨻫辱因仲逵沛苦所逐拯矯共累吒媄恒逐昆𫩉𡞕麻㝵庄宜𠅜󰀎𫔮董䁀撑扛梞竹逐绳童抶繓乾坤窖艮魚𫢼屡逐頭吏𠵌鬼使劳滔引𠬠𠊚󱚢頭逐芒杠炎淥夢存報台逐逐眉賣号浪蜥蝞法衣襖孛𡨧鮮法鼓弄孛巴回透連沒椣香𦹳透𠃩吝怨𠊚納納仍謳𠊚鞋𦹵牒眞𠫾董頂世情逋把浪圭些稱衲子油吱默𢚸呵仍逋仙結伴制朋𤽗李靖蒸𬨱娘紅拂漁浪爫道壻昆恪󰅹𥿥𥿗麻𫐮𦝊金各柴豸包𫀅麻体仍事𨔍中𧘇安陽𢚁固弩神圍棋群唉𢣇分𢝙𨔈化𧏵耒仕逴仙拱皮使衛𠸫󱙹天庭鎌鐄馭𨫊提兵進𠓨浪些初仍於京拯咍𡥵㐌𭓇行進渚丹青𠦳軸進殿𧏵為挼婵娟動久重遣姉進爫𡛔侯𣋚埋朝直𦋦󱚢冲宫𡱩鎌㐌决庒容賊𡗶丿󰠲童子𪞷𫐹浪学所曳𡎥尼軒𣑯逾𩄲𫐹木冰控𡎝尼韶光𠃩𨔿㐌外󰮏𨑮別丁皇𮥷固𢚸𨔾𩂏咍謹提達羅德𡨧等人君埃𪟽𡗶𦄵户施運渚達時功業渚𢧚南体達工怛檜頭礼真孛所㝵意張弓達𥏋因准高暗𨉠連沛𠄩㝵旦𣈜娄茹𧘇生特沒昆𡛔卒冷達先󰑼夭庯嚕槎那󰒂󰑼盃明陳公買達𠸜󰑼嬌蓮倘𦥃󰋇層蓬島𨔍矯謳𠀧達禹門嶤禹門𠀧達㳥桃䀡輕軍沙󱪞渃泙泙達滝據唎達𦥃廣東﨤孫士毅拱𢚸睦鄰𡗶固氣隂陽道𡗶𥙩𦷾麻堵㝵固義𡞕𫯳道㝵𥙩𦷾麻𢧚獴𦹵固情慕道沙門當蒸賊𠄼道拯埃孟欣爫蔑道符㧅𢬣柴保𧗱𣈙娘乙固胎於低𧵆庙𧵆厨拯㤇辰𥙩道符朱㤇移所燥細所遏㲸遏塘仍沐計冲㐌𨒒秋餘𦋦𢬣迍遏腥洳漏漏准燥昆南准遏朱媄南𤾓塘煩惱庄歐沁過渃意㐌侯輕身折官冠軍羅𤽗宋義拯計𤤰蒸㐌過機牟署化𦊚務運冬𨆝巴𨑮夢没春初𫢩治乱𢬭運埋埃乃特拯分貞埃惜台紇𥺊𤽸銀㐌扜渃浊吏運滩苫紅舟船運粮中買吏計歇中弄船𫀅事机造化坤咍𡗶固店𣈜運固盛衰鞋𦹵𤗽真𠫾董嵿𨉟𤷍𦛋運襖𦁣𢚸朋𩄲渃庄𢥈調之客遊俸固󰜋𠊛其心户束拱㐻書香群縁几遁𠊚迻𣍊縁永𡴯如厨󰜏釘󱩜𦖑㐌𤑟事𢚸修行󰝸𨤧遁𨦩𫗄𦝄𣈜𠳨客最𬂙𬁖遁眞湿𥒥眞高岋𡹡妸魏娘姚誇惵悌𠊚詩客𨢇遁𠶆𡅳蕙蘭當遁席明信𢒎㐌体熷𤇊使花营生遁女󱙺毛秃庫󱠻𧋶錢樓涅䋘崔㝵杜讒遁多渃恪眉士苦敢丕欺易󱓍𪽝𠇮爫羣可遁𠱋㗂檑橋渭遁𠓨𫗄秋包饒参弩𩅀󱢫芒種皮節倘𠄼羕嘆念鬱抑闭𥹰時堯事变饒平𬨻重孛修身用駡磊蔑絲蔑𬨻拮沒回𨕭㗂𠴔翁恩𨕭湄洒沐沙共爫府尹没座顕荣朱𢧚佊󰡎立坛𩄲𩄎皮𢃄生藏皮𨕭熟藏挷堆腮另𡏧覩𨕭代稔昌󰡎坦珠眉哭𪟂𥯌㧴楛𨕭岸𠴝咹粓苦樊󱋔供埃卞遣𨙝𪡔𠖰茹边東𢪀宜咹固𠶣爫固遣香畑𣅘𣌋度身別兜舘楚楼秦遠󱖮呵疑𠀲賤𡥚閑𠅜呐𡗉拯遜他朱冲𠬠皮󰅹庄他隔阻歆遙󰟯尼𥛉𡗶朱奇𩄎遙朱𩆐朱𩄰朱𩄎𫰅𩙌𢀲朱蓮沉𫴋朱䕯𨅹𨖲𨕭邏之𠄩㗂󱮅台𦖻𦖑㐌𤑟尋𣦍典茹󰅹󰑼𤇮𭛣󰕛悲撰爫具宴急排朱󱦰逴𢜠庒絆󰖥絲每調天𡗶地𡐙位𡾵覆𩂏載𬩅流㵢滿𣹓逞朱特奥癸𬉵𫑃工身卜󰅹別翁仙󰠳妬𠰚塘𩄲﨤𫑀底𠶆埃埃拯別󰇏𠁀󰑼沛倍鐄之麻𢠼𨖲仙𫥨庯巾昂挄𥙩𩈘𠓨塲裙𢌌振𨖲𦟏霖羅𩅹自𠀧㝵阻𨖲元嘉𨖨府蘇江𦥃𢆥寶曆𨖨𨖅宋平坦𬙼𢲣𣘃𣓆遮仍𠊛清歷呐𫥨貴權固欺𫀅𥢫𫀅𦓿𢚸針田野󰜋𣈜𠇍遭𡽫荆適覓撩𦝄桂𣘃漢柴來逴𫗄熏蚺蛇木適𧋻臻架曳風月󰜋杶恾適適湮霞堆鈽掛欽欽湯餅用鉢邑頭湯𧐖湯舌點油適於人生𠀧萬󰮏𠦳𣈗碎只適沒姑些𦓡傕𠄩真蹅𫴋能能𢩮沒𢯰󰝂昂適適毛李琴𨗛直殿臺因欺元旦呌唎賖𥸷耒霜𠹾𬋟𩈘花𨗊沒岧沒岧吏沒岧𠸦埃窖󰗯景招遼晋王餒𩟻󰣑𣅘立爫太子底遺業茹跡傳裊𫏾矣羣遺名呂瑰它稱𡨸瑰課權媄買胎生固恬氣𧺃遶觥泣茹𠫾皮𠬠埮賖賖俸󰠲翁舘奔波遶共𦀊薕帽泊袄󱀺㨿遶冲禮文公麻爫𠄩𠊛統属㐌悁龍川南海堆邊遴寅𣈜務春遲蕩蕩𢲨蔞蘩𪠞𬆒𬆒待准關河揲安急遲仕貝𤽗仲逵共体治低渚特包遲皮安車馬吏𣈙飢荒𭛣耒少季󱚢朝娘樛事𡳶𪽝󰠳郑𢚸眉𫶼撑羕柳邪牢特蒸鎌斬邪爲民尼𠞹𣟃與意丕襖打教馭蔑欺号󰑼盤若𧘲邪𦊚边庒沛吳庒沛些頭辰逐󱩥袄空邪𡪦包饶道𦨭空湛桃𠲖邑󰖽樁喂我朝牝牡立語𫁞排邑󱚵篖筌邑亇号浪丐南丐䈒邑亇吟𦲿怒𦓡󱲢辰別𡗶㐌𬁑魚漬羅渃𫑾淬󱨸助祭烝几𢄂茹周味󰵐󱮺𪤍隂󱉎吏強𢌌𦋦𩙌𦝄清𨠣󱮹𨢇凌瓢蘭蕙拯𦹳時渚女之吏沛醒蚤豸樓黄州醝𫑺欺姅醒渃𦊚𠦳𢆥魂𣜾醒𠊚𠄩𠄼兆𥋏群醝油和朗蕩爫髙女拯兑饒共没醒星六躋迷𫔳鴻𡅳𠀧󱋓𨢇濃魂季父漂𧗱干𨠣󱮽花鹽羅酶花石鹽羅酶𥒥買調和謨圖𨢼酶𥙩珠玉爫酟爫󱮼𠊛𠶖𨢇𨠣𨠵㗂醝妬埃除特𨢇𨠉除咹𧆄𤒙除𦣰𥄭终住碎𫨩酒𫨩沁𫨩渃茶特𫨩𦣰𪿀𬁑生浪㤕㤕相交渚共森合女󰅹支配肺臟󰑼配朗蒙洳干造化吹󰝂俸𢧚超度𢚸󰝡配牟王自課体𩈘餒胣俸配移𢚸俸𢧚醝欣𠬠𣈗咍𠬠酌拯醝庄酖羅君子拱󰑼酖竹醝樁𧡊桃花𦬑󰬮紅厭制催卞酖𠇮𫴋滝魂花徬拂𦟐紅𰛻汀戈𤇮煺麻𩦓蒸圩酟㝵衝𬮌󱑹麻𢴑蒸𢬣𡞕㝵底𡥵䣷㤕𬌓𢚸闭󰅒煩惱耒道德強𫑹奴󰑼精󱃗初箕特唏㙁女奴時咮𥺽𢀭󰠲仍几𥄭𬁑𢀨󰠲仍几醝𫑺最𣈗群姑拌𨢇英群醝𫑺文尼午𤉒𢚸尼包𢢯為󰠲𢧚餒䔲𨢟傷吒𢖵媄別𣈗󰅹悁娘戚姬特腰麻𨢟𢧚禍󱩝𫺈課𨢟形造化𨤔芙蓉𠬠朶誇鮮横山没𦄂買𨢟基圖固𡥵𨢟𥩯朱𡥵㕵𨢇打多姦与忍錯卋些貰淬𨢇瓶金罍箕病牢干醒干醝買耒𬀦世𣅶尼时空醝𨢇奴粓共蔭襖𩵜鮮醜柳𠊚衛急𨢇󱙃燶花客於遲,Nom
vi-du-tu-dien-dan-giai-nf.no.txt,固種刁丕醜仍𦹵蘭𫯳醜𡞕醜仍󱳮麻𤷍碎醜厠如𦹵葿㭉於邊塘𢪀浪𤻭𤴪𪬡悭𠮾󱦉朱𣦆味𠁀󰜋𠁀拱𫽄󰜋𠊚爫𢧚彈㗂琴㗂瑟麻腰𨣥𦷾雖悶蹺盃尋𨣥群可特𠱋𢚸𡗶群𨣤才花魁元停底旦科𨍦尼𠨡於茄埃拯醲蔑丸混沌裊初冬賒󰏙醲吏𤁕邊𡗶湛䐗𤁘代唯儒尊發邑邦太宗撫治萬邦遺文威德和郎称臣蓬𩸮邦蓬𩸮󱖮蓬𩸮󱖮蓬𩸮邦箕如花󱦂花梌花那花示𣈗湄老濃𤤰𠸦皇后𠽋那𡛔麻󰟯意𤳇麻埃當𧡊𠊛牙眼󰞺那妙楊媄󰑼𠊛渃南些實𢚸庒悶喃那稽𣳔浽𠇮貞仍𢢆𪬔吏𫼳𥙩㗂那路麻制爫朱強掛縁尼󰞽那台底朱低𫳘情春秋包那女尼𠸦浪𥘷拱慈悲路𫅷礼那窖鄧年留侯𠀧𦝄印那禅𬮦昆㕵󱏛那糁斛司斗𡧲𡗶没阁圭文厨仙边那庙神边尼払郎自意𣌋𣅘㐌𩛂李阁吏𧗱越楼𫯳伵𬮦係之𤽗無故女𢙇輔導官郎朋湖湖哿泠郎寒潭潭冷蔑𦍛撑中兑傷身分汝郎𠰺唐方便𢚸強感恩典郎𢆥賊占癡細𠺥𬗔役師旅買𢶒𢀭郎貴物計󰅹掣之𠯇𦖻啂保󰡎幔爵郎權奇渚筭戾之黄欏夭台核郎𦲿撑果堵式強卒牢柴寺因𤓢特湄吏所郎屯枼帝扲斤天下𢵯杄所郎坡𡎝𡨺廛國家㐌兀牢固所惜呐䔲庄邾眉易邾眉撑顛󰛕𡨸八編𠳒帝劄𠳒低笔花酉萬詞𩄲酉𠦳某共戶行弄𬐩酉酉𬟗亭蒙𫄑户巢𠸟咍沒瀝清溪楼𪳔閣󱮿惮掑源仙渚欺渃𦲿󰖽清泠汀吨仍圖󱳷捤𧏵𡗶落度󱱮𣋀疎𠑕𬂙䀡󱱮天章矧蜍婆靈妃皮默蒸襖󱱮𩄲錦測玉黎蒸躡󱱮𩅜散𨨧黄󰝡典准於時蔑牀永󱱮茹𦊚壁空𠸗𫳵咏󱱮唏吣𫯳𢘽𨻫損工夫󱯄𠇮惜台𰿘󱯁城𨱽孤軍𢧚内舌才折衝准几助茹𤤰𠦳󱧤盃民所於翁玄德於尼㝹唒𬮙󱯂拱尋𠫾朱別䜹吒󰰊𨤔拯輸𥫹棱如鑿景厨󱲞印六經弄弄塘爫治四教冷伶󱪈𠰺𠊚焒𥠮裊渚垠𢚸俗𦀚䋦󰠲群別󱪈𡗶箕句俗語浪𠤆𧡊㳥奇麻野𢬣𢴿侯典姅淡時𡗶坦𤁘創樓臺重蛰功名庄重富貴庄恾役尼󰑼重渚倍爫之󰒂𡞕𫯳𫀅窒重於頭風化法蒸茹󰅒官将軍與時固麻德時空㝵時輕麻𧵑時重𧡊兵撟典𧼌𣦍𥙩𠇮爫重𥙩柴爫輕柳拂絲鎫撑撻撻槐張傘綠𢮿重重治時可𠁔户䧺𡥵𡥙重重百子千孫𣷭溇󰋇丈𡗶高󰋇重蓮臺重蟄󰋇層至靈揾昂澄凍舍船輕船里珥世和卞弊袴󱧔里㐌门旦𦡟錫𨰪𤤰恩𥘀柴恩𥘀酉托𪰛群鑿𦥃昌默埃花柳燕󰢒𥒥鐄些鑿恩情庒差甕銙吏󰭅𩦓𦋦䇛𥯌鑷鉄𢳠𧤁婺𠎣𣃣課桃夭車鑾𨁡𨃴絲條結緣𨕭帳錦透𫨩庄𨤧量計所恩那𫶸庄咍󰠃隊坤沛卢量曳特安𠵌𠰘伵呐默量投時兵𢩾󰘉芒業茹小姐量慮没𣉹拾𡎥𦊚𥛉賖賖叙情翁浪量𨢇劍埃席𢝙油拯待𠶆拱醝量朋滝𣷭拯辭埃保饒料量筭󱳮別󰠲求帝対󰑼固昆春意默東風料量𢩮斤情朱當銅斤賖𡗶𧵆坦倚坤拯咍𨤰托群算待之爫󰜩𥙩𡞕山東𦧘𥸷固𠃣錢𨤶如𡽫弄󰇵𢬣叩𨀈吝𨤵氷馭車提裊𨤵撑𨕭塘藩屏𨷈𨤵忠賢没門󰜋𠊛󰜋󰬮𨑮分院𨑮異形拯固󰖽荣蹺法虞唐治𠁔商周𧵆厨風景每塘於𧵆署染󰖽荣每牟檺𨫵󱯊丐𨯛丐𦉗鋸󱃮斲󰗡康康蔑節駢鐄𥒥𮢶底代代路𥮋絹梧桐𮢶𤞖核󱖮𦲿秋落󱉎拜空㐌黄從容𡅳𠰺鎚󱯅文章拱固質才劍之張輔𧡊𡁾𫺶牢折𤽗景異頭撩外城𨪀𥙩肝𦋦爫羮𫺶為𠯽辱朱𠇮沛傷船𨔾浽蔑𤾓桶辰價󱯔蔑𫔬󰮏𠦳𬌓鍾𬬐鈔󱯒錫󱯏󱬰单節夏燶油默󱯕󱨼務冬𪶭拖𩂏錫羅𨥔釵玉燕默丙掑貝𩯀數𢆥󱓽𢵼特𥪝𣳔没函湆浥仍𨦩貝釵紇改情期特每金時蒸尋緣針𥿗䐗𥙩爫悶丕碇索紙釘強卞防欺殺碇丕連招釘𥘷造化冬釘過𢞆𣩂𪶊𠊛𨕭𣴓麻制鉄釘釘瑟㨂催秩卞船時㐌湼板時龍釘核同博核釰輪刀朋湄朋迷釭󰑼法噐名浪鉢󰑼罪夷罪󱧐𫴋滝打𠀧㗂釭吏浽罪𨖲榾殿㩒󱚢闭除󱢰𢬣爫釪㨂率𠅍𠫾㝵率丐簮几淶丐釧賒𧵆狼藉匙𨥌丐金鈥鈢撩各圖󰋇倘盗刧殺仁檜銅鈙者𬌔身涅研卞蒸󰡎園𥙩梞鈐坦底帝鉗羅丐鈐鈎敻𦓿閒養某身󱏹照抛抛船翥月襖𥯒惧惧客𡎦鈎鈍技台𠊛捕䋥兎張𠄩昆𬑉似寅獰𤽸如銀𤢇鈍如󱕖刃𪖫鈍空𠞡𦓡鈍羅丐荄麻𫩉刀鈌昆末柴哿安尊共㝵折𤯩吏󰀎盃固𠬠𢚸忠免孝𦝄常𧷺鈌渃常𣹓潙釵󱯍釧𨪪𦊚皮火箭󱯌󱚢炪散庯舍𤈜偷殿臺𥙩󱢌富貴対󱢌閑怛肝𦛌𪵯󱢆栘枯卯歇馭󰠳纀󱡴翁該𨫑󰠳𬫉鋥於腮󰜏𫅷鉸𨦀𥶄𨥿滝弄𨥿翁喂碎𫽄𥙩󰠲供浪悴過𦖑桃尼咹准於終鉦庄󱳮苦辱共停荫奴昆𡛔意哿𠻆𥙩梞打破瓶鉢𢬣扲鉢𬖵𠫾戈𠳨𠶀姑󱪱固茄𫨩空馭𨫊鉞𨫊朱苔默些仕料𤤰𣈙渚卢鐄篩󰋇㯲䒹高濕鉑點隊𥱱䏾日疎𢀭辰錢鉑唒𧹅壳拱沛𠀧貫𪽝𫯳棋鉑𢧚𢚸空㤇棋鉑󰑼博绳貧𪽣娘𬥓歇𢯧蹎𠓨拱蜜群𧋆𧌂合團鉊空歇𦟐蜆連𨁏𠫾爫凶杯𤢿𠄩𡥵𢯰劎灵劎防筭鉆頭󰭼劍󰭼刀麻鉆㐫󱳯𫆧𠊚些爫丕鋼鐺󰑼早共類鉆岡如燶肝鉄如袍𢚸𣘈酉朱𩈘鉄拱𤵶為情或現獅子頴呻括鉄没㗂賖𧵆㘇威細𧵆連𧿆𨖲船󰡫如雹鉄󰡫如𤞻撫霜如鈽補𤷱㭲柳𩄎󰟯鋸鋸𤉗梗梧石生𥙩鈽𪟂蛇王琴𢯦鈽㧺計𠦳冶長功德埃編朱𣈙簪鈮簮掑襜㩫𢢆𢠅𣦆瀾𩯀󰑚挵𨦩𦝄腰志啉𥕄銫𢧚針固𣈗病𨑮𫽄简𠬠分當干銅鎛滚昂寔虚渚𤍊變常埃󰛩𡎡銅𡎡𨯘吏𠲜衛些堆些如體銅錢銅插銅𠑕銅迎銅𦣰泉溪𤂬沐沁宜號羅𧋉肚渃㵢銅銅外時銃𪧻扲催冲時焒𤈜𠖯𡗶埃當銃󰠳伏𠓀塘𠫾抵朱鄭主吏疑黎皇𢧚𫥨𢬣銃𢬣旗𫽄𢧚辰𠤆𫽄𢘾𢬣埃張𠄩𡥵𬑉似寅風景他鄕㐱𨔍𨓡𨃴𩌂銀礙課𠓨宮㐱銀碍丕麻𠭤吏芸皇𬑉吏秦銀些用林沛奸臣脇些󰜩𠶖𨢇芹𡛔旹打𨨨打鉷爫𢝙𩝺性命蒸𬮌昂茹𦹵堵業𤯩蒸󱯐𣎞鐐𬲇凍𨧢𨧢鉢𨧢頭𨧢巾鉛鈘鋼𨧠鍮󱯉𨧆檜𥪸於边調仍㝵默襖𨫊矛麻銅共扲蒸種鈽鉞銅𨦭鋰󰑼鍬鍤掘陶默些鋯頭𠓨󱡴釋迦依皈娘𩄴彌陀度身賴崙鋭鋭号浪腎尖𥪞滝𡶀𠄩敵𤾓𧻭𪖫鋭共打𤽗拯沛妖精𥪞𡶀神魅外内牢所𠅜鋭駢色卞羕意固飭丕𧵑茹群底𠄩鋪册恩主庒捐蔑𩛷𩚵碎󰑼苔四鋪翁󰀎𬖆𢚸衝操鋪芸朋寠𤽗姑籠𫼳鋥麻𧗱鋂銅鎛隊吝歆許拖𢚸𡗶纏𪧚𠊛忠㗂鐘㗂景㗂銷册𥚆丙讀琴撩丙弹方之筆𥙩銳爲丕急𤷱單篭盘󱯓細󰠲𡽫渃幹䕯陶𣘃𫒬𣑶扲𣛨船都𫅷碎𨨧朱𢧚美事開呈意或開𠰘或開絏或󱣹𦀊𨨧調特𨨤含馭𨨠𦓿詫惜陣𩆍傕錿𣁔𫆧若吏固㝵𪟕録經尼𢯢經撰録底傳後來𠁑功名饒錯奇󰮂隐逸固機牟𡊱坦錯陪絏㝵󰅹固馭麻騎固襖𦃿𬖅麻默襊弓𤿦鎇𥏋錫實意神師拯路篩錫𠴛𢀦害蒸德好生丕矣𫀅户許𠁀初堯𢭂州長錦洳𫽄爫𩛷咹油固荼㙁𫯳𠊛襖錦𭴤香默𠊛園雖固菊渚󰝡花固𠤩錢哴覩蔑貫𠬠斤𨑮󰮏两𠬠两𨑮錢𠬠錢𨑮分劫歇所𪽞遣拯羣蒸𢮬坦㩒錐𩚵咹倣歇蔑󱞕𨷶墙丐錁𡥵封𦊚皮謹櫗氷𢸚𧡊埃鍬鋿仃爫獄渃獄争鋾湖㙮壘𡏦城欺初𦲾䔲𠸦埃𢬭末鋸或固几扲𦀊𬘂或固几扲𠚥鋸䊚牟撑牟覩牟𨨲𠬠𤾓丸𨨲𤒘𫽄𢧚鐘翥㝵設客𣈜損𠦳鍾姊㛪鍾乍亂皮大倫浪浪㝵浪鍾意石㗂󰠳如㗂鍾󱭐㗂󰠳如㗂𠊚悁𨕭塘南無󰜋蒲刀鍼󰜋𤾓刀𫓆󰜋搏刀瓢寔鐄𫽄沛鍮兜停󰝂試焒麻𤴬𢚸鐄鍊節勁揾拯邪坤宛爫鈎渚𥙩俄鍊𡥵畑册妾爫父親包𣇞朱旦𣎃𨑮些󰝂鎌󰗪𫥨外𪽣些唐𠫾舍另蔠荄使𧗱𠸫󱙹天庭帽覩𬰢𨫊𩯁𩮭羕昆𫓆𨫊𣗾蔑糝𢚸恒𡨺󰁰戒意康康渚移修行帝固師姑易󰝂𠦳𨫀麻謨㗂唭㐱𠲖圭客󰜋命𢬣空渚易尋𨪪廕𩛂芸𥪝𢬣𨇜𨪪坤窖㝵󰠲冲玉𤽸𬌘𩈘𨪪𨪪月𩯀耶耶𩄲𢞂愁八歹坤安𦖑笙強惨𦖑𨪝強傷鑅𨪝古𤽗楊󰆙公𠸜󰑼昨㝵處山南府常信南關𬆅𡓃塘𩄲祝食鎮坦九眞𠴗民𥙩德吹民𥙩𢚸尼漊時洡鎮襖尼農時洡援襖玉露苔鎫底㕵常柳拂絲撑鎫撻撻扲𦀊綱鎫朋𦀊絲樸金蟬㐱𢜝紩怛𦝄鎫𠮾嗷𠰘意漂鎫腋箕𣈜𣈜澮沁洳󰠲變𣎃𣎃鎚𥕄𥒥𢖮𤷱殿月冷𨱽鎖垠几眉撑害㝵鎌𨬊兜朋尼𡎢𦣰准擬宜駡用𢵺󱪗捤撝𬬃絩丐𨫵丐𨭍𣘃竹綠𡨧延延固󰖽㝵君子朋割朋鏣鏡尼景𫢋梳衛峝仙名㖫天古㐌𢧚鏕坡語煇光每每朝久重傳旨噲鏍御𠾕進仕新科𠄼𠊛𠰘世鋭欣蔠鏌鋭𠏲鏁固鈽茄主固傘茄官固梇丐乖橷󱯇㛪隊𨕭頭擬皮𠇮沛杠󱯆細边鑊坎菍訕槊󰏙𢜝覩戊灰盎菊蘭扦捤豆󰏲鍬羅丐󰵬𠊚騎㺔𢬣󱬊󰗲刀鼎足𫓆𠀧眞𠝇𠏲木𨭍𠏲泥圖𤍇咹㘨坦鐣𡬼仔細𣋀𤋹秘󱨀𣒣易侯固呐吏󰠲𩈘𠏲埃侯鐐敢𢱖戈鐄卞𧯶吏焒群𢜝𦹵勁之朱𫗄特𢯦鐄低庒沛鍮󰠲停󰝂此焒麻𤴬𢚸鐄󱩋鐄𢬭恪容顔睽離買別辛酸󰟯󰅹汝諧草表倍鐄𫀅𥪝旨判拠𠳐如𠳒庄󰑼𤝞白边墻工𡳪麻𧼋倍鐄駭驚錢貞謨倍謨鐄丈夫業語凭鐄󰅹𪟽造化呂廊𠊛爲銳𨮐鈍𨯸鐸𨮎𨮌𢏢㘨𨮇𠱋英𥙩特𡞕坤如󱌡鐄𨭺英墫真床茹官𠳨價像碎𠇍𠦳碎隊𠄼𨔿銅𨭬鍮石固号󰑼鍮雪霜落鐸月𤎎𤎎桂𤁕香迻蓮𤁕香迻𣋀𣈕落鐸蘿秋湧淶𥃱󰺼創戲蹎𡗶𤏣落鐸撑涎𨤔柳𧀒宝鐸鐸架極清賴岳号沃󰘩鈴訴詳鑷丐鐷卞𠇮𪠞典圭茹先生呂塘𠳨尋藁率時㐌蠛鐲󱭂哏𠄩边辰𡶀𡧲辰滝固沛低羅鐱𤿰空𠊛󰠳帽仕襖崇恾鐮掛𥯝𦋦󱦺𠀲芻蒸欺王室幼冲別包挭鑊継󰠃所郎柴𠰺𤍇鑊油𨖲焒容平𩈘㵢蓮平頭󰡎𡗶爫侈昂藏𠦳鍾𫡦鑊詫恾女󰠲勢𢺺蹎鑊󰅹咍機𡗶鸜鳥𪀄鑊店󰑼蔑命独道咹車最某󰝡書辨貝茹清󰘂萤𨮻及冊畑卷鐄𠸕喻󰒂顛技強󰏙𦊚皮調仍樓臺鑥󰛕埃浪𪀄雀拯固𧤁牢默鑥特茹些鐄渚歇鑛舍須𠃩畨篤𠃩畨𬋆銀鑛鑛泊苔𦍛腰世𣃲𧷺象体撑鐄𨯹𢧚漏漏鐄𨯹鑅𦎛宝徐浪𧡊櫗𧡊銅󰗯形𨯹像𡎥空𨑗盘信唎風水欺邪淘滝𨯹𡶀拱羅𤹘台椎羅𨯸鉄坤別𢚸𠊚𬑵󱱊滝江蒸󱱊丕拯可𣳔𤿤丕卞𢀦襖麻𠓨体𠖰󱱊茹󰞯唯𠁀治渃𥹰󱱊𣜾𧶭辰本群󱱊𧶭辰󱮂㐌蹺埃𠅎耒𤽗張生跪󱱊𠺥𠅜𠰺坦伮皮長辰鄧󰮏𤾓琰皮昂辰空別澄壼漿瓢渃恠蒸炎長蔑卷義經蔑篆香𩛜冲𣎃買𧡊粮渃賖帆𫼢塘長眞𤴬媄傷𡥵𡭬媄台傷辰傷丕𫽄齊長男幔𨷶𨷶禹󰬾𠦳㳥𧿆戈埃疑帽襖𦥃蚆蚆𤽗吳權共𤽗公羡󱲷坦愛州称爫吳媄𧗱及典外𡑝查𢬣󰘉󰘂𨀈蹎󱚢茹倍傍󰘉篋𢬣𢭂𥚆䀡󰅹固拙󰅹󰑼差應代陳󰘉科詩聀髙御史預掑庙廊底𠓨󰘉𠬠𡾵行京師𠢟𠊛君子󰘉𫼳山河搒鐄𪳼󱯜𣮹撑㐌𨶏庄可󰝡名相闹生特身󰀎碎如𫚳󱰳敢门綿芇鐵林林哿宁棱撅丐厨亭耒卞门秋𧺃如𩈘𡗶木𠓇𣈜扱𥶄𫥨𠫾﨤绳𧺃𠳨浪姨𠫾󰠳丐󰔙𫼳𬕷媄𧺃𢶹𡥵𠃣錢埃窖𢧚唎𨢇󱸒𠱊底𣹕𫬱払𫨩劣󱭿昆貓𠬠𣈗𨅸幔船𧏵拱朋𠃩𣎃於𥪝船貍𧳘𧳇固󱮄󱟖𦥃𠄼𬙞󱮁渃𢚸禅域域𦝄𤐝󱮀世事囂囂𪬪𠺙過的廬馭孟豸車清台店固彙𦝄豸蔑𥱱豸黄碧𦠳𡶀鬪𬰢𡗶班歆拎徑塘連豸真坤提道濫𡥵勉道濫碎豸淋󱋓客掑軒菊珥翥船埃虐洞桃𤤰城王帝𫽄敢安𢝙𣌉𣌋󱧨德邦命𡗶自馮道𦋦󱚢仕版刻本印󱮍半𧵆賖房嚴𨁪𡦂󱤃台咹仍󱮎泌五榖罕󰑼情󱹛󱹟空差𣜾𧶭辰本群𨱽数󱚴𠃩𣜲𨑮𬌥拱𬥣数󱚴爫庒𢧚𢀭𥅞󱥞跩𣋽朱𤴬昌𦠳崇侯招󰮗㤕車買噠𥏍󰑼陽襖𧵑腰琴棋詩酒𢝙𫥨破田産鎡基𠇍拱𬥣数𢀭𢬣𤽸拱𢀭客𡥵𡥵𠤆𡅳𠶆󱭔𧋂搓祖𫳵𧷺麻搓生𠄼𤯰𬙞特𣃱𧷺穭𧸓𣹓𩄲絲𥐆𧸒固銀意催都礼仍玉珠錦𫃚贈迻贈払糊蝶堆𨦩燕童吀聘貝鴻侍娘迻𧵑贈𠊛𠫾𧵑𠇮謨贖𠊛些會兵諸将󰘉旗𭉑盟𣎃𦊛𠫾󱮉𬌥𤙭底朱些吏爫務𣎃𫡵𠊚吀取消𦓡󱤎件時沛𠹾例費魔庒傷𠊛󰬕仉滥庒傷𠊛𧹅路羅𤞺兔都唏共𧍰指昂𦰟槊𠓨岸𧯄豹㗂𤜯㗂𧴋叫𡀦󰘂蓬󱧦別錦花鮮拱拉󱮊縁吏虎𤽗𨢇唁空固伴䝨空󱮊空沛空錢空󱮊商𧶭𨄹賈𧶭𡎢仁慈道正於低𧗱𡢐空特𢷮台󰕟󰅹敢𥙩蒸󱮆事󰘂󱬷麻遣少蒸𩝺准庭闈蒸意󱮆𥾽練埃拯固𢚸意想娘箕汝𤽗拱朋𤽗汝娘箕眉𫎑𧒌眉𫎑蓍恬卦意拯固𠅜醜㐌蒸𢄂邊南如行半𫎑丕𠫾奔𥙩󱮃餒茹唒麻爫󱠣拱羅四民院𡨸忠勤朱論道柴貝哰廊󰑼買卦人茶貝󱏹簮𣌋𣅘𦲿貝旙𩄲眉鳩寃貝𦇒爲小僧麻𡘮𦊚皮㳥哿蔑頂𡶀羕貝𩯀貝𩯀矩行𢭾裙𦲿坐仙人杖󰑼芒枯女貝𢷀𠄩枚𩯀箕實盃爫堆貝些没公子貝𠄩翁󰜏𡎦𧎸𧎸也𥺊蚤瞻蚤𦁼襖𬦄襖顛朱眉牟𧹿炭𡞕頭撑𡥵󰛈𤽸𧹿肝𧹿𦛌買𪪳𡗶𠸦孝行感𢚸郡守匾標撩𤈜󱫮鐄𣘈銀硃𧹪艚恩吒𡶀󱟩𣷭溇酉󰮂危險敢󰠲󱢊情朱些蒸丐管赭丐管赭固蒸𡨧𪹘焒別󰠲𢚸赭補撑麻量紫𦖻󱲣𩈘平平勿𠇮娘吏󰠓㖫呐𦋦固馭顛全固馭黄󱗽默閣車󰬥𬆒𬆒於低杏𧺁𢧚梅𤁕𧗱帝蓮殘㩡𦹵香遲急限𫅜信吏合花尼𧊉女蜍於底𤷍󱖮𧺀底疎蕋鐄没姑厭𧺀補符朱師強𧺀辰吏強派湯淌花𦲒麻吏𦹳𥹰蘿𧺀詩排蒙扒斫渃吹詩虐别包徐催聀𧺀吏𢠩恾畑撑󰜋𦰟卷鐄𠀧昆㐌曾䀡卦𧴤𧒌钱𥾾𦄂襊晡晡招朱柴𧴤添󱳮𠓨𨉟戈低盤泊麻制丕可責払張窖負傍蒸𠅜呐縛折麻𤽗曹操典負㝵固恩固花㰁情負花㭌氈𩄲箕阁怒楼冬貞𢆥恒𥙩𣎃貞𣈜𨒒𬙞爫諱日婆阿蛮貞爫𧵑固埃争㐱𣈜𣈙及攑羅𥪞義貞蒸及旬𨑮𥛭𬙞春撑㝵莊重湼端貞援𨑮錢貞摸倍摸傍摸蒌𬞷𤉗摸娘謹魚賕𧵑賥債𧴱利𧴱桑蓬者鄧𣅶尼庒定期貢税拠𢆥称臣朝貢󱚢爫碎吳石鼠𤝞貢於乾𦰤爫臺阁貢垠壘城𩵽希茄貢舌行胡消钱財󰑼𢼂𧵑流通扱㨥爫之朱辱𢚸𠫅氊旺相爻財㨂方子午󰋇𠁀旦󰅒固毫光𤈜𢜝庄敢𧵆盎那代責注博支弹𡗶󰅹固據之麻責𦷾責𠊛君子薄情固𦎛麻底边𠇮拯𤐝順𡗶𩙌海海迻㗂笙荘責㗂釭鼎當𥛉耒生買𤋵排自𣈜𧗱貫自𣈜𦖑冤池貪月現庄󱖮𩵜棱惜𪀄𧗱礙發核迭解𣘃𣛦󰬥姉䠣野蘭花翥貪秋𢀭默分𢢯𢚸約窒安貧意古例丕𢧚併役求婚𢚸碎悶𥙩𠏲𥱲盎𢀨時𩛄盎䝨時𥸷約蔑碎䝨主聖明賢妻坤窖𡞕䝨𧵑饒生拯特昆䝨隊娘妸朱竜𦋦尼𮎦啂𮎦群拙伴䝨󰒂𬞺媄吒䝨𫅜底德朱𡥵翥𥙩𧵑些麻共移𤽗仲逵時悶蒸𧵑茹𤽗杜三𫀅𧗱費左弹𪪳𥘪戈費右叱冬弹妑半蒌貺笘笘霜点𤌋蘇頭𣘃貸粉󰘚湖𢭂𦎛買除本道買別󰝡壳𧗱尼重麻蜍𧡊󰞿性共恪麻買朝吝焒𠳚戈每𠳒𡮍群蔑坦化州茹𢀨買𭛣󰮀餘拯𥚆范張亙飭忠勤買皮定乱針分安邦分牢泊拯皮催英只扽丐𣩂朱碎買屋瀉買茹㐌連梯楷湯北僚槹僚買茹鷄孫𤠄買實它報連蒸默挴蔞蘋蒸變溪買南停歇貪嗔買老𢚸牟圓𮗓燒𫥨買別脿𤷍買台否極泰來群󰮃塵累别埃公侯𠃣浪買尋𦷾鳯子貶貶𧵑典渃賖𢧚貴價𤽗貰𠃣除󱉞嫌悶丕劍唐貯𢢆󰋇𠳒朱戈郵亭亭貯客𩛄三乘本㐌渚滇󰅹固𢟹勃󰝂時󱩷色羅賊忱𬈋之𫧾渃昆柴淹錦錦猝𤡛將賊𠛤虔虔綏槊朱賊󰭼鐄𠫾賂仍𠊛奉差黄鳥沼質黄篭固弹𧵑𠊛麻俸質招𨔍𨓡妾雖質閑嗔料涅𠇮默把恩卞𥙩𠸜户𠇮質共蒸几𫅷哿刧𠊛𧵑質平𡽫民似枯𧷺油默裊鄰帽毛襖𧺃質塘𢹣𦋦乙㐌澄澄裊課生坤辰賦性在𢚸路󰑼𠴝渃𡧲𣳔買坤𤽗仲逵蒸店意𨕭襘吟賦疎浪𦼔賤𠀧間𣦰𣌝霜𧡊𡗶𥉰𫴋別𡗶傷呵疑𠀲便𡥚閑𠅜呐饒拯遜𦼔賤庵圭養趣𠸟油𢚸些𨣥勉些制短饒賣踸拜容亇賣哏勾亇賣賣𣈙𢜏主聖碎賢拉㝵些𥙩據意強看官宰賢賞梅𧗱蹅俸𦝄及𢧚夫婦糟糠固楼邀月固場賞花賞乙當麻拯蒸私罰乙沛麻拯蒸濫處𠇮𠞹蒸湼奸𠲝於官拯蒸求𧵑󱮌英灵正氣洋洋國保綿長民賴平安媄南𣈜生昆南臟調𬯩󰮤身弄調󱯠󱭪羕意恩𡗶㐌賭󰅹羣固敢約泑之𢪥㭙𦋦渃𣳔𣳔𠰘咹提𥖩渚洪門綿門䏧典昌門昌典沃龍床棖𧍰高真󰑼張正御門春達外賒𧵆𤳇𡛔欣門彦㝵愈饒𰿘業朗安閑體性寃愆𡗉餒𧃵𨐮𰿘分無縁𤘁𤗖爲󰠲矢尸物𨳒拱侯尋𠫾魂故国问為為问坤尋塘𠻀引𠳨𠻃禄特包饒咹閉饒抅規世閉𦛌沃曲考𬈋之𢁑槐迈裊課群閉庄固蚤庄哀挼船埃隻閉㗂它喑眼如󱚪杏塘梅准𡗶㐌頓𠁀𠊛吏修晏耒㝵意保𤽗潘浪妾貝𤽗本共廊𨳱󰭼饒咹於廬掑吝矧𠫾𧗱𨳱社廊民闷咹𪁠沛淘𧑒󰜋丐󱦲空闷𠅎利朋丐𩯀時搊𭢘禍朋丐󱳇時空𢪀爫𤳇志於朱𥾽𠤆󱳮闷𡞕𠤆煩闷𡥵仄浪春闷桃絲拱𫅷󰘚𫯝𣃣塊𠃅軒几奔𠊚半𢄂番闰闲玄天𠄩字崙鐄各方朝直润闲𪞷󰀡閔唭渚咍説𡞕昆莽責儈頭閔唭𦼔賤󰬾間𣦰𣌝湄卞茹𦱊𬏓間𦊚皮孕竹孕𣘃森排綵絨束束𦂾爫色間壁虱丐間於連壁茹𥘷𫅷没𠎪𣴓󱧜頭梗格𩯀𠵴閒热𤿦雙几閑𤄮𢚸欲恒或犯𦷾所閑局昌某淫麻二閑之𢃊孛修行輸特朋碁埃几堆𣈜閑淋󱋓花黄𣹕𥮋演迎壼席玉遲弹礼朗浪赧希扒𧋃仍㐌体𦷾謹合赧朗或許囉蔑𠅜禍侯移典蒸奴丕紈袴泟哩赤曳䘨初厙律半希閉门鋃鐺󰑼赤𫃚獴𤽗若真押𠳨拯赦縁󰅹刁等庫庄赦埃󰠲扵蒂安身待除赦仕移眞𧗱茹赦卞哰泣冲外三哥罪意𣈙𡗶拯容壙開外𣷭油弄補查󰬾𤾓老弱誇咣閩閩年哿𢪀浪舅媽險灰恬熊渚應𡮍𤳇悶閩𠬠󰑼待節房閨𠄩󰑼溋習料皮䋦萌巴片瓦腰欣楼閣閣尾㗂蒲牢秃𪬪勿停停𥙩准禅林爫󰠮茹榜鐄碑𥒥𠦳秋焒焒𬮌鐄𣈜舜𤎜漏漏片玉曆堯分催朝𪽝𬮌茹官衛咹蒸茹娘如福禄自然𫔤茹𩚵襖隨緣世情瑞娘於𠃅楼春所𢀨阃法專勤女工待除恆想𠊚宮閬式𥃱󰅹亏客嵿蓬𣈜𫢩𡥵丐𢀲寅󱯙茹拱㐌𨑮分調𢧚安身安準耒𠫾𦥃低曰𠼦󱚐時學添㳥𪷧󰘇𣷭𬔗󱘷𧵆厨𧵆景些修郭󰘇佛觥𢆥産襖𫌌𡎛湩󰅹咍㙮隘關𤤰𧡊柴呐𨷑𢚸𠄩行渃眜𣳔𣳔󱙄沙計自𡗶𨷑炎帮初頭固户鴻龎買𠚢女枚主𨷑科詩榜鐄𤈜𤈜箕題󱙻英𠸕童每餒殷勤哴恩公子𨷈分知心㗂𤠚𡂡󱱉𣎀𨱽罷没課𠀧冬晋兵失势南兵󱁲𨱽外𩄲箕𧯶刼払󰠲唒北南𧯶𪾋辞𮥷獃子绳𧯶㛪喂英𠸒低尼𠨡󱭮買𥒥固𣈜𠨡散蒸厨普明蒸觀玉清卞付武士𫏾𨍦㙮蔑小楼冲觀望仙砲覆𠴛𠲟𠓹拯咍特󱱭󱙹󱱭󰥉𩙍眷味香𠽋𨤮衢塘衢董鼎合都制䒹梅點雪花相泊畑杏銀衢䏾爌撑走馬燈畑衢燕𫋩𡥵造化嫌爲虧屈䋦綱常責几柴𢯦氣坦𠫅生𠊛重厚氣坦󱲶生𠊚輕薄󰅹泥浪固󰅹泥浪庄󰥫彊尋𦷾𤀖底𬜜𢬣左扲丐旗𣰳𢬣右捤些蹺尼准姥𦨂𦪼艚𦪻󱙹𦪻𡢐唒小士擬於󱭭棱深濕身朋𢭗北國殿髙𧥇牧𠯦𦝄沔曠野𢚸𠊛眞觸辱都唏𫽄谷人生於改制低觸觸裊三綱丐𫅷崇觸奴辰蹺𣦍匕𠤧觸𩚵為事差󱞯𧵑司法𦓡被寃枉隻󱬌隔艔󰅹𧡊𠊛󰠲𠫾𧗱渡𣳔𣛨柏𠬠核䑴𦪏𠬠隻拖㝵歆埋欺𢝙󰖽辰𠊛尋𦤾欺󰠡𮥷辰𠊛𥋓𠫾番薯芌良猛犬㹥𭁈艮㝵時蒸事疑箕󰓿禀強漊艮麻拯可𢶒丕蜍於台亇艮魚台鴈瑞󰜏凌𠮩忠誠艮魚謁礼刀色割歇肝𬚼𠊛𫅷粧点粉𣘈沕𫅷銅銚色束固󰅹襇裙色所裙間𢬣扲擂色打潘遣衝󱚢妬揞昂榾銅󱲲𣼽買󱲱𫥨溟濛買󱲳𫥨𦟟󱥑渚𠓑𫥨蔑𣈘󱞺𧡊仃仃𧡊󰜏乳母謝情𧗱西箕柴仲慧邏羕𣈘𦣰陳濁󱞺󱞹𢜝驚仙浪𤇌𤉗󱘃肝喂崔昆𬑉㐌芒𥙩愁󰬳𧺃𣠲𠼦船𪠞奔處南杜󰡎梂柳溪迻払𢚸弋弋𢞂步坤平馭水坤平船奴諸多舸調󱜐弄討順役舸它㐌弄庄討某󱜐航𦪂連饒隻󰬢隻󰓊坡配𦝄𫇞󰊄撩𢌌澜流水潙橋烟波蔑𣈜賒𬖉体艚奔𪠞边南主艚󰘉會边吳故𫳵𩃳旙𨖅厨安南浪絲縁庒执饒𠃅西之底䏾艚熾𦝄固𬟥長生强跬台小僧本拯咍𧆄吏拯涓方𬟜助𤽗吏低朱𤽗圓𬟥訥𣦍𠫾𨇜特每才桐井半𬟥花梂染𪒗榚沒𠄽旬涯呠𠷨𬟥𠄼𠀧吊吸肥抛戈𤇮煺麻𩦓蒸圩酟㝵衝𬮌󱬷麻𢴑蒸𪮏𡞕㝵𪮏如󱬙𦱊鎫䏧如𦟐𤽸冬固𠇍保霜󱬹買󰝡花殘󱬹莒時催闭除埃几群𠳒𩯀絲風月𠃣𡗉㕠曰覩肯󰠳爲󱬵肯朱埃共饒󱬵拖傷要𥙩渚女𫀅朋客細過尼烏芋矩󱲆利胃治󰭞中热氣驗台𢜠𤤰󱯞歲御凱𧏵𢜠𤤰󱯞歲𩈘𧏵熙熙牢女爫󱬫󱩑如𦹵茶𠃅𩯀𫇳撑𫇳𬞑󱬐惜𨉟身𧎜坤𫼳梮󱹰𢆥󱤄㐌戈𨀈𨖅𢆥買軍坊符眾碎𠫾制典茹典時𦼔瀾𬮌洞荄𫈅恰𡶀󱬟仙𨢇𢯰滶滶寬寬歌曲毛毛𬋩絃油油𦹵惡花残初󰓗罢谷𪜕黄盆台招𥿠檜乃󱖮畑因芒買涅上苑菊殘𠄼𠤩蘿羅浮梅𦭒没𠄩󱖮𠞹几傍人蒸𠰉事󱖮花梗柳盃固󱖮𣘃𥺊𫅫拂披𬰢𡗶熾丕几撘𧜖󱖮几冷㳥󱖮念塵俗耨細花安香油𣅘𣌋度身橋梁上家求󱖮石矼求𥒥特通迻𧗱架天虹号求󱖮宛𦝄虹梂󱖮蓋飯󱖮邑謹連淡用方𮢶󰑼丐湛󱖮惜台𡭧󰒂󱀄強桃絲蓮𦬶𩇛𩇛玉𫅜沛價𡛔𫅜𬙾縁水苦箕實時𦬶渃氣微寒𫦵特热󰘩蒌𦬶坦咹劍味𦹳矣芻𫀅𠊛世俗謳些拱㐌計爫高虎𪬏丕拱𠊚些芻類禽獸丕麻恪之童浪碎庄芻都勸柴𪞷飭渚卢苦𢀭身㛪如菓櫗𨕭核𤿍奴芻仕䋦奴𨃐芻丸毬扲木杓伴禅和斫木誇光烈烈誓誓芻蒲的腮爫芸奔半几圭餒昆奇󰞯𠰺芸爫咹自𣈙媄𡥵些空沛爫芸拮𨢇女𠱋埃𧶭𬥓𤾓芸﨤𣈗𡥵渃拱𧗱𢬣空𦖑𠳒如摺干濃因期赴󰁮决𢚸尋芳花優曇󰋇劫耽󱖮固花𢜠花固𦵚𢜠𦵚筆花卞買訂年篇仍𠳒花月呐制庒兮𧡊𦝄埃庒動情月花𣳔行芯呐浪𠬠𬌔𢚸誠求昆芮業買仃皈󰭴吏固芙𢯏於𨕭髙共奇𫊚牢󱋓漿𠴗客蓝梂幔𫟌尼逴宫珠准𠶆披配󱥾𭪌𫇳𦰤几蹎𪤄楚𠊛頭孱𡽫𧯶群歲𥘷之󰠳風流退𫇰江湖性初范低張帝埃疑箕𦎛渚𣻃怒梳仍牟桴甲穭皮支支披茂核葉𣑳梗𪀄結祖𬇚光茂幼𩵜𢧚排茀菲𦰟竹󱤖斜㗂鐘鎮武更𪃿壽昌﨤欺𡗉役苳荄亂𥪝𠀧府賊外𦊚方英㛪如体蹎𢬣英𠫾渡育約󱡥滝𨱽𩛷蘋藻容𨱽蒌苦噲󰑼𩛂󰑼𨇜戈吝户馮時𢀭麻户徐時苦仍𣈜𣈙民苦物𤷍𫽄別頭𧿨𫴋𬞷𧿨𨖲拱苦若故昆𠌊冷昆𡛔冷咍爲盎那召󰡰讀念察察鐄芃𧂭菊苤苤鉑拂旗蘆想身虚幻浽平苞志𪧘功名愠𣳮膠𫃵顛𦃿壯仍荄迭苔項王歇𠅜色𬰢苔朋坦󰅒苔㐌𩛂期衛補職寠局星曹供养苔九玄七祖恾之珠苔廩玉苔廂𨕭𡶀固𣘃榛󰡎濕固𦹵苓穭梧󰑼姑豆苓豆苓󰑼英荼𤝞𦼔苓号󰑼草茅茅茨苓棱立戈藁片苓夜共󰑼丐苓茹󱬞䜹闼冬霜冷𨓡笠󰣿𠃅𦹵󱬞初壳石榴韶留強言芃堵賴侖𦮲束小兒霹靂𢀮列㗂荣粦粦察事㐌戈咍事典包饒尼辱𪽝尼荣𫅷尼油托拱荣𤂬鐄屈𩈘拱輕隙唭𪳼荒奇𢘝朱𢧚化󰇾揚猫荒吏﨤㹥荒闭除弓矢𢏑郎理󰅹麻𫽄破荒竜城祖𩵽朔𥒦奴辰𨔈荒周道唐光車荒鎔範󰑼草達洪堵崔指南正道聖䝨臣僧拮筆草年序尼詠題應運光󰡛國音唐律草戈󰋇行連𢬣草疏没牌蹺蹎内監𠓨尼殿𧍰𦹳草𦓅老咹承󰜏咹𫽄歇󰜏儲朱碎摳󱪏𦰟蔞荇冘昭隊方蹺𣳔麻𢲨𦷾仍荄共𥒥𫽄羣塘𠫾荄桃荄柳襪把鞋荄巾谷坦平俸𢩮󱕖荄󰠐󰠐咹𦟽𦣰荄底朱穭固茼茼蔑𬇚佞佞買茼茼堆些如丐茼茼𬙾縁仍𫽄𬙾𢚸媄吒𫥨垌𩙌𠖾清台傷𫯳𬛩網𤓢𪰤於茹𨋤茹楚貝蒸茹漢時茹漢爫欣𥶇茹埃𬗜茹意纏頭羅僚賞茹路尾明茹渃𦊚𣷭𥪞爲丕𢩵茹弄媄鳩渚迈倘自尼吸𧡊天香茹恩󰘂瑞𫔬方𢝙𢚸茹恩𡗶𬌥𦓿拱固固沛筭劍𦹵餒搷茶貝󱏹簷底吟󰡎渃亇沁免茶𫯳打庒除吻𥸷茶買𩛄𥹠茶兜𦤾住住惏咹茶鷸𪁀󰑼丐边滝折茶茶課煎𪰛命謹渃琴欺弹遣妾燒香𡞕𫅠強祖𤴬𦝄固昆𡛔𤽸如花𦹵茶茶梅店月曳𫀅俸叔鵉𢬣扲金戈楚客秩𤽶𧼌茶林山法咍㗂㖂吨賖󱙻󰑼道士扵茶香村南康本实圭茹𤯭堆户杜於茶石溪藩纀𦲿茴梗行𧵑姑仍桂穷茴仍𠻁穷粉固㘨礬咮󰘉茫𡗶共固𠇮𨤰󰅹𪾋底常情唭吱𣷭𣳔淡渃溟茫屍㵢㳥澾𢧚塘𠊛戈西瓜𦼞茩𡥵𤤰時吏爫𤤰𡥵茹柴厨辰撅𦲿茤模範先生裙茗𦝇步趨小子褲𢏣𦟷𢴑畑茹󱨪如茹茗𦰟蘋箕边𪤄迻香䒹芍藥𢠩懞瑞雨朶海棠𥅞𥄭春霄茄箏𡎢竚邊䒹橘䒳花春侈及𣇜桑滄㧅𦟐粉底𢧚命流落遊神𫀅体哀𢙇別冲命𪟡𣎏排𫇿󱦸埃爫朱𦰦碎󰊎朱荼碎𤹪朱𫯳碎吱㐌停羮𦰦𤍇羌𫽄咹辰𠤌吀停𠸍𠶣𢀭𢀨於边渃𦰤𣈜恪𣌋𧽈強耨蒸㯲𦰤侱待󰘚𥹯𦰤󱧔䋦掑𢷀縱刺竹𦰠𦰠意荄廊牙𣈜𠫾竹渚木𣒣𣈜𧗱竹㐌高朋𦰟𥯌𢲠𥯉𦰟𣘃暈𦝄泊𦰟畑撑𦰟梗𣴓𠳨消耗始終払買𥰊高待排𦲿𦰤𦲿𦮷𩂏身拒飭朝廷誇飭蛮夷盎那莽咍伤哭盆門惜春扲𤒘莽制店𡞕昆莽圭儈頭閔唭浽𬈿拙餒情深𦲿梧蛮莫溋壬習呈󰁐像像尾莫蒸密㝵𦊚意󰟯清調莫特𢚸蓮没𬌓莫庄𢧚󰅹埃莫𩈘󰅹埃噲魂曲弹尼㗂𢫝和樂幀恩情湼莫𠦳春計戈彭祖糁𤾓󰮏𨒒户莫𫀅𢆥凭𣈜蒲莓茄茄花殘蘂莒時催蕯渃莍滝桔槹宁𣳔蕯渃莍帶𠲖欺縸党行凶枉莊婌女𤯭共匹夫底欺待客𢀭郎待𠊚文物待莊英䧺時意役銅鎛散涅塘極阻荘岌𡹞𠮾朋櫗𠖾朋椰助渴󰅹過蔑𣡚荼荼𡱸𧺃𦝇辰茄𧺃𬛘埃爫朱改碎蓬朱荼碎臭朱𫯳碎吱船𢵋辰梩拱𢵋𤿤䓊𠫾󱈘𤿤荼𠫾𡢐荷包𠰩󱜀鉑𡥵銅壼果橘𨧟鐄㧅𢬣包徐典𣎃𦙫𠄩種芃種荳種𬞲及辰核䓊花䓊盃𬏓㯲𦰤󱣢𢴐動㳥滝丕慈悲拱𠬠品𥺹菓𬝉媄𫅷如𬝉𤒙𣘃畨尼翁决𠫾奔𥖩天下包饒𠀲也𫈜𬞊𫈘實本𣳔菰米固𦲿椊情負昌滝意囷咍卯署󰅹驢末鋸𦲾䔲𢝙分察昌𮑱榴𧖱𬷤涓皮傳𠰘修𥹰固𨤰𨖲師具藕羅𦲼蓮𦹵𦲺棋箔奴㐌怪英襖裙半歇󰜋萌𫽄群󱖮花𦲵𦭒𦬑𫥨拁𢬣遣抔𢜝茹固𣘃姅信姅吏胡𪟽信𧗱士幸𪟽𧗱焒𦲞外内固昆㹯折𦹵𦱊𤽸𦅰𫃚𫽄𦹳拱体花龿𫽄歷拱体𡥵𠊛上京堆些如芃花龿𫯳低𡢼帝劍埃𨕭𠁀𠄼辰𨑮𪽗咍庒著沒𣎃堆吝固拱空強從且底除𦝄木㐌著各英𠫾󰠲󰡫翁扒眾碎𠫾尋姑著𠫾󰠲𢮪𫽄特𠊛継絶扶危所功󰆙意𬮙萬掣󰠲之調柳悴花𪬡𠬠𠄩吀𢚁千萬庒涓千萬𠤆𥙩斈儔𨱽𦝄巽𡲫咹𩛂吏𦣰意些折蔑𤽗宋義麻𪿸特蒸命𤾓萬生靈渃滝洮別包𣇞𣴓𡶀󰬾位別萬󰅹核𧗱㕑六祖礼用拯𪟽萬行僧房永萧舘使厨𠸗景永萧傷喂師㐌化𫥨猫折柳󰑼萧宜車于為𠺙稍号󰑼竹萧𧡊𠊛湿倘󰡎萌羕㧅朝惨如萦䋦愁󰘂营侯下專勤󱚢𦋦𫔳营柳買𢜏春边書㐌体奏聞陛韶偎㑍某𤞖扲𪮏習营萌襖挄恾臘帖乖棹捇𨅸林欽扒特杜釋正名滅和宗族蔑萌拯群仃如吳相徐卿悁排𧆄吲負萌襖願棋鉑奴㐌輕英襖裙半歇󰜋萌拯群蒲柳傕停分𤘁萌𠻆尚蘇定奸萌塊棱𤞻唒𢚁𠇮孟之渃𡽫天竺宮庭蓬萊麝󰠲倘倘律萌配坡后𦖑鄰哭勿𠇮中宗尊号𨖲朱業桓𢧚󰑚朋絲萌萌𡑝萊隔󰋇𪱆湄茉莉花萊滑稽萉儔萉萉頭泊翁鈎𩵜大臣󱳮𢠯𣈜店斫󰅹𢯚特栣菻𦋦𣈙涅𢜠埃𤳰𢧚󰠳媄頭染雪𡥵頭花菻約󱟏󰭆朱菲󰄯𫯳沐湄潤澮恩𢀨𪤍仁核󱉎菫行桂蘭𠬠香戒定貪菟每味𡗶生物揾朋㝵𣘃錦氊論花邏𦹳菟葖菛𣌋供菓最𤼸花排行花菓觥𫷜覩𤋵󱨓江山𦊚𩈘𡎢柑唁橘𤮿㐌曾群菓楔用𨕭棱𣜾咹𠄩边争𥙩菓梂民安平泰𤯩𥹰凭𥾽蒂菍菍苫菍𦖻猫琪園󰋇㩒桃紅菍花苫曳昆螉約󰠐生自菍耨粉鄕𡗶秋巴𰮒溋湘𠬠𣈜蘭倘香迻菊倘香迻對𩛷𩚵齋󱋓菊開木履蹅持堆菊旁肝稻秜穭菉尼𬞕恰同默埃浪智默埃才𣦍𣒠它咍埬糾䓙臼漏𫈨𫉸包𣉹臼折𤌍㘨粓𬗂迻臼𫥨垌𠤆𧡊穭𥣒𣎃𠄩麻𢜠包𣉹臼𣩂𤌍㘨粓󰐯韮羅𦵠餅𦵚󰠱包秩世𡄎娘班㐌𤁕味秋容𨅹𨖲𣘃𣞻𢲨花𨀈𫴋𪽣𣘁𢲨𦵚尋春蓬葉蘿𦵄首蓿羅蒙𦳦吏𥉫𫴋󰡎民𢲣󱣋泣𦊚方撑卒葚𦳃論棹排𨖲鎫𡗄固蒌𤂬𬏓味粓蒌襖𡲫如形仉圭个計頭蒌計𢲫情䘮添𢣃𠎪弹𡥵扒𡥵𧎠𧚟𤍇羮蒌𧁶蒌󰅹蝼意討󰅹課買墫蒌㐌芒㗂哭班頭麻𫥨丐及咹蒌些裊於󰠳𬐩趣蒂停咍𥙩蒂廛宗法事事施爲順󱨦𡗶𠯇𦖻𤤰吲榞杆默王料蒂朱安渃茹俸蓬葻󰅒𡥵𨖲󰜋𣈕𡥵𨖲𠀧𨎠𦛋萌葸恾匝匝𨕭頭斤雪𤽸披披椰肉羅葵梌𪻒葵坤别向𧗱陽於抵娘𭓇菩提占占蔑𬌓𢚸葵向陽逞朱特奥癸𬉵遮工身卜珊瑚葩𥒥箕木𠚢愛葧意羅𣘃𦰤鉞鐄馭瑟恆遺底廊董𡽫鄒廟唉群𠸗𫢩咹仍𧵑𫯳買固蔑銅董䁀咹𥢆䏧點玳瑁董和園竹綿固森紇珠𣦛𫴯𤐝𦷾董別事𫅜與𡥙𡦫𡗉彊預猝𤡛蘆董𡓁南𠦳𨤮拉鴈衛隘北󰋇行排牢沛蒸𥪞葛淋店意湄𬲇最沁󰡎几𢄂𫅫葛我茹沛尼𣘃檜獴𪀄葚𡗉役𤾓𫷜渚呐之葚𠳒俗哙哴𣘃𦹵朦𬷤𦥃欺󰅹𡗶𧵆湄辰怒買󰝂葖𫥨蘿葎尼白苣實󰑼蒌葉包𣉹蒌葉爫亭楛𣜰咹蘞辰𨉓𥙩些鐵葉葉瑟押尼喬日或千或侈刀伤林葉昆𦫼悶悶葉牢󰡰世庄朱𣷷某毫鑷子葉瑟底和杜須葉弹㐌呂吏和買󰑼絲運買󰑼月磋傘葉𠁀𠁀𬮌相公𦀊𦼜蒸𨱽丕盃蘿葉葉尼矩萾山薑号噲膾用󰣡合貝埃戈𫃚落朋軍逆𢚸空境共空𥴙菊秋黄乃落𡑝梅雪泊支調雪霜落度月𤎎𤎎臨欽󰡎𡶀樵𢼂住落鐸邊滝𢄂𠇍茹如𬷤落媄蔑𠇮巴為弘操落𡳺矯公納頭落㗂蒙哭𬏓繩鬼急𥙩𪮏氷𠰘爫祖泟落丐呴如𪀊忍文解義落來年禅客巴爲抲師師落抲姑姑唹落䀡払語占包唒𠊛鉄拱淚󱧋路埃榖芒歆魯洒拜落茹落坦式紅殘󱁎姅𦼔撑伴󰕛尚䊷卓亇鮮𡶨囂𩙍𪀄𠖤󰭺渃落㵢行杜堆旦場桃槾萼庄通圭𪧘於滥主菊樁撑萻古樹𧷺如傘𤽸󰎔長江滂語詞茹萱吀渚𢥈賖系𡗶固𬑉時些戾之蔑式𦹳萩樓閣鳯𨑮分鮮卒𩈘腮𧏵惜台𣘃桂󰮂棱娘蘂卿隊時㖠干𠅜雖拯体𦖑仍極敬你𦷾恒拞畑𦷫花蜍奉柴恭敬謹固湼惜台𣘃楛󱕨沉󰝂撙榾梄朱𦷩奴蹽𦷩蹽辰默𦷩蹽些蹅奴𫴋些蹽𨖲𨕭朱甘功几󱢼𢬣樁蓝朕㐌塟黎來扵󰮃殿蓝𢵔𥒥𦹵𨇉𢮀葚臘泟溪渃洟𢱖蓝岩牧民󰑼𠀲任囂政事韶陶哺役蓝岩大紅絲󰑼絁堵蓝皮膚𣰴木蓝笘昌𤽸𥪞蓓愁縈𦹵寠應󱚢𧒍𧴤𦹵蓍邛柴招卦𠬠欺買詳海藻蒌蓉󰡎𣷭朋碎󰅹所益蒸民碎俸蔑𠇮落典蒸低𠃩𠁀公藝𠬠茄𥙩蒸𪧚忍順和𥾽𥹰数𢀭󰝂𦥃傥仍路羅𡥵𬑉𥹙蒸買𢀭𠊛称𡨸聖詩仙󰑼甓高車欣女蒲𪽝英斟役農功朱𢧚買固蒲󰮂甓外蒲𣘽𤋵𪹷吏𪿥𫽄𠫾蒲洃𬉊𪷄如𩄎𪽣𦓿丸𥒥固欺覩蒲灰蒲育𫽄𦤾盘次𠄼𥙩欺潭蔭蒲欺冷渚課枯乾固課𩆍俑昆蒲𥈱㹥𦣰夏噤蒲𧃷椇蒨侍婢󰠲󰅹插𢯢盒蒥巾𦑗鄧蹺些制沫䀡𦝄時󰀎呌噲急麻蒙󱪲願蒙親近明師因汝伴寠固㝵𪠞任州歸化𫁞𪠞典𦷾蒙求𤯩𠇮蝣蛦蒙𧋟哏真𬌥𤙭白衣襖𤽸蒙蒙辱𢚸些汝祝蒙𡗋殿楓坎念群辭陛城榖麻蒙㐌細尼口角蒙法呐岩漂枚之敢情𦝄𩙌蒲柳傕亭分蒙萌渃哿溟蒙㵢𠓨邊高𦝄𠚐𣈘蒙𠀧首蓿羅蒙𥯒蒌𬞁列旦英更候𣈔𫢩仍英吏絆礼斋插𢯢沛𢘾注𠫾更拖𫉚英公徐珥梗桑蓬𬌓身庄𡮍𦹷紅播綿咍𢠼𢝙𫇳𦹵渃𡽫尼矣喂娘歳𥘷享戰𨢇𦹳意魂𦹳沒󰌵𡗶𨷈𨤵㗂𦹳㖫𠲥中外𠯇漨縣赤󱋨尼州神薑𦹱習𠖤鷹買𫥨󱧟𦹯残化焒萤光拱奇論𠁀㐌特蔭攽𢀨𢀭㐌及扵咹戈時襖免𧜖潭蔭過務𦣰固詔𧜖朱蔭押咹𪰛羮𩵜渚枯刊蔑時蔭蒸帳流蘇險嶤拯管荄蔠敢辞苦辱本𢚸敬信牢頭隊𧖰𤷭連𡎥蔠𠊚𦣰帳𫃚蒲灰𠖾几𢲨蔞蘋渃渤𣊋眾妾坤𡨺蒸役𢀥蔞蘋蔞蘩蔞蔘路程隔𠀧𨑮箕胪蔑時㺔奴蔑衝󱚢軍󰅹敢捍𬋩󰅹敢垠扲槊加蔑󰝂屯爫威奇𠯦然然𥪝外𠄩𨑮蔑𢆥守城殿𧍰底永宫撑拯𧗱𢭾蔑𪖫𥏌沛𠄼𤞼特𤤰哿添看賞朱襖彈婆蔑𧜗㹯狔𬷲渃羅蔀伴𤐜𩅜渃𥒥意鄕村娘折𠄩乳蓮㺔陣𦋦埃几敢𫀢󰠲󰑼卞齋戒澮浸細滝黄江語𬰢蓮𡗶訴浪桂𤁕香迻蓮𤁕香迻瑰蓮每鞋蓮瓦清世傕卞𧿨軍󰭽𠫾𫏾𨍦蓮󰡎𫃚𡆫螺城菓墱分𫯳菓𠮾分󰜩律圈金剛呵󰘚侯通年燶訥蓬栗棘󰅹𪮏沛綽像𪤻𬮌蓬容共特麻路隊壁粉買羅安居吏𧗱景𡳶𡽫蓬𣈜𠫾㛪𣜾固𫯳𣈜𧗱㛪㐌𢬣蓬𢬣𫼳道𡗶𬊽闭台󰑼唉唏唏俸蓬葻傘撑突突葉虚空戈󰋇𤾓秋課抱蓬餅旁蓬蓬雲早方台旗𧏵𫃷年㐱帶法蓬𬲇拜𤗖𢚸樁󱬦萱絲𡗶冬𣇜霜潭雪渗挹唏命朱蔭󱬓𧜖水鳧越离苔弹咍悲咍吝罢𬞕劎咹畧𬞕貞󰠱𠬠㝵詞縁吝󰇥𢧚𨑮底仍畜冊悶悶清溝𬞕苔娘卞対𦍛男兒圖𬞎𣙩産仙衣道袍固𦲿𫉡情負昌滝固厨边北𠬕庙边東搉殘拯咍傳𦼨流傳固空波羅香羅花𦼥地波羅果𦼥埃浪招槾把玉擬實槞𦼞特豆𬋩包雪待霜除吀󰝂𦀊𦼜枚𢘾䏾樁𦑃丐螽斯𦼚合𪮯𪮯丕𦊚皮孕竹孕𣘃𦼚排𦼔閑無事意樓󰉟𦣰於拯曾屈擾埃店怒旗群卷𩙍𦼔箕簾㐌卷𩄲民傷立蔑𦼔筝奉蜍香𤐡底名𫔬𠁀創兵永几摳椎楳𪱅秩空𠊛𪭱技𦼔𧎜𫼳𨉓庒浽吏𫼳梮朱𦼔󱣚𧍆撥𧎜朱𦼔撼𦟿𠀧銅󰜋榪𦺓荄𫳵英𫽄𠳨仍𣈜群空姑𠎣式默持󰝂𬟥弄玉嗔爫伴𠺙蕭象固𡗶排達為㐱朗蕩𨀈典𫏾𬮌停眞𬧾船浪蕩於𨕭𣳔朗蕩船情煮󰠱𣛨刻𣇞蕩蕩如年䋦愁弋弋平沔𣷭賖体炪𣘃蘭麻𣘃蕙㤕别身旦𨀈落類蕋桃他𢯏朱𠊛情鍾蕋桃院尾群絲󰂇𫥨𧊉禄蜂𩢬劍埃󰮂潭夷𬙾朋蓮蕨菜蒌蕂利爫拯之朋𠅜𣦍㐌疾拯之朋󰔃䔲味俗累󰟯箕𨢟䔲吒昆囚󱬱冲兵櫃車民沛驛亭典尼學㐌碎粓仍𣜾𠃩𡓮时杺論油耗唉𠊛󰮂像󱟕󱦓低呢捽𮑱鎌阿𤍌勢渃添蹎𡽫泰凭甌鐄千萬𠤆𥙩几󰑼蕉梳羅乃𬞚蕉房羅房𬞚󰅹𧵑𢶒盆工課意典所准時𪤄平𦾢𧅕永拯固㝵調𢷆𦷾𥙩𦽔竹縈𦷾𥙩黄碧聘儀󰝡薦天庭樣穭卒搓薝茄𦊚皮調𦀊薛𦀊蘿繚壁管席詔薈礼排恰𡑝󱖮欺暫綽𬲇香𫅫淶󱬲𦹰𦹵󱬭裊盎那繞󱬬時󱜐弄恨結丐𬑉蜂󱦭辰沚渃𫥨󰑼爫湄於茹𨀈蹎𦉼𠫾踏沛蓓𥯓蔠󰤫𧁷巾𫽄别𣘃怒勁𣘃怒󱦕𣎃𦙫羅𣎃咹制𣎃𠄩種豆種𬞲種茄挄奇刀梂𫴋𪽣𬞲飭𨢇𫉼㝵𢚸疎辱些𪽝边東麻衛湄沙所𫉼濛惜台曷𥺊𫤯春󰝂扜渃濁吏滇渃𫉸外𧀟潙󱋓𥪝迷蛮情茹㕑功役拱𧀟唒浪𢭂案洅𣘃拱󰑼𡶀南固𣘃楛󱤭𦀊𦼜𦀊𦿄繚𦄄蒂𧵑㝵𡶀泊𡽫鐄駢道中庸拯課藏䏾迎󰇾󱋓藏藏席催姚買𠫾𨖅住房𣳔渃溓溪綠女藍玻瓈𨷈坎式藍喑𣳔藍𠦳𨤵絹滂香桂󰬾更𩙍𠖤𩛄伽蓝㾴皰藍䏧買咍浪焒𧵆笘油提時拱𤈜藍拯空卞𠇮𪠞典圭茹先生呂塘𠳨尋藁率核薷𨢇薷闭除天下男兒几時懺薩几時懺灰源恩箕空蕯麻潙蕯潙𣷭楚𣾺演滝堯蕯滝菩㮛𢭰𥡗穊𨔈眉蕯󱧉蚤蚤蕯󱧉眉眉𣹓𥶇𩵜蚤𣹓𥶇𩵽性某蘇蕯吏咍醝𨢇蒸疎𤽗松川朋𤳇飭孟衝賊𡲤過蒸蘇蕯伏兵隔渃坤𥚆塊潙𠭤梩奴連薩昂𣑶旁𣑶檩木𦋦梗意油𫅷󱬗恪木𨖲杶梗固𥭏󱭅󱭅固蹎蒲軍固󰓿𣘃󱬖固花𣘃茄固󱤼𠳚𢚸空𧁹咹眉十方功碎𧁷󰛽消耗座鐄冘各類禽獸𧀦𥡗𨖅邊意底𦓡濫咹茹筝壁坦左哉藩𥯌趙皇𠳐詔漢皇外藩㐌隊上邦恩耒帝花藞白低蓮西湖畑册𨕭鞍藝舉子干戈外隘役征夫蛮民於准上流𥙩藝䊷䋥爫調治生𡗶坦生𫥨拱𡗋藝爫柴爫𠏲吏爫税𩛷𩛷𩛂𢚸㘨𥺊夌𣈜𣈜賭𠰘鉢羹藜𡎥仍抵奴󰭼分𤵺湥󰋇吝𢯏藕離絲𧃋長削育芌爫𧃋爫布𡮈爫布蘇𠊛筭劎物𠀲呈奔蘇边柩固蘇坦爫形昆𡛔掩彈胡𨅸侯大阜󰑼埬蘇無宁同海海香𡗶𦹳女麝漏漏畑孛𠓇如蘇𩄲𨖲𡶀泊朋蘆渃𫴋源漕域域󱙼清𩵜吸蘂鐄泸㳥𧒌持釀玉動𦎛眉昂𦲿柳䜹䜹枚輸藾𬄦𦟐殊藾檑蒸默𢲨蔞藻蒸准渃沚𤁕箕田婦婆穊於䕱身𡛔浡䕯包挈計惜庄恩漢󰠱𠦳重如󰜞𠺙䕯如渃𦲿芌渤𥪝𣷭苦䕯頭𣷷迷薑󱬮捐呈體枕迻錢蹎它𥒥的𢬣連捽󱬘蔞󱩑陣杶會󰆀埃干𧊉󱗠紙󱡆蜆散𠎪侯𣈗𨍦奴押順宗昇隆城𬟛坦󰠃曳衰細府天長杜宜𢭗共伴𬟗󰑼𠊛禅師朱爲達𦬑𫔬分利中加利苦身𠊚𫊐󰟀空𣼽𠖯如詞釭羅蘭達㗂盃妙常𡎢𢭸边萌勾蘭󰮩工邦𫪹𢫈桑蘭兢摧踏㗂󰠓同同欗楣句蘭𦊚皮柴當經孛習情楛󱕨咹蘝辰𨉓𥙩些特氣坦蒸𣟮梗檜蘚卒𡽫春另拙𠃅𫡮鳯芻侶𧊉𪂦𤷍阁󱘅唭𢚸塵󱳮蒸坤補恨業障󰓿蒸䐗𠞹村意初固廟蜍窒𬟜𤍌應蔑祝拮麻神共𠊛蒸𠻆調𤀗𥙩事意𬟜名准冥曹蒸構𫅜與冉麻𫊔蒸𣛠報應遲麻哿𢮿船連吏爫橋呵拯𫊔所創𠱋自意𫊔名當時𥙩欣價客塲墨矩𧄳𡨺𢬥㨢𢩮𣋚遙𬟣珠户李頭桃渃南域娘󱚢准軒西割𠊛𥋳朔𬦳柴𫇿󱗜𣈘固妸𦝄爫伴󱀄渃清平𠀧𤾓𢆥󱀄買㤇辰󱀄拱㤇買固美󰾒󱀄固功𰛻𢖵𠸗跡󱀄𡥚石生圭於高平𣘃桃蒸嫩妙妙所蘿屯屯𢩽花撴蘿𪽝緣𡗶橄欖名噲󰑼𢀲蘸煑食共生啖調咍烏芋矩䕼核䕼疾饒𫊚別味君臣利爫拯之朋𠅜𣦍㐌疾拯之朋𫊚䔲𫊚湯隊𠳨邹庚奇方健氣懺生進朝𧗱辰𢖵榘芌󱬛𨕭棱昆𡛔意唭浪本𥙩於𦫼𧝦爫虎艺󰅹󰑼艺𫽄𨐮𡛔󰅹󰑼𡛔𫽄𫨩悭𫯳丐𫄺丐𧇍箕埃虚海船漁隐𠱆𠱆歌没㗂󰠲少年場屋㗂虚󱗟妄言羅戒次𥸷拯朱虚實實虚嚉㝵山河拱幻昆虫共虚𧵑饒生庄特昆䝨𣈜𣎃功虚直魯錢固几󱢳𫩉㝵󰝡𧗱茹双离𪮏奴連亘虚如桂檜扒庄特𥛗𧡊永茹扒𤞼犒軍注麻拯𠰺虚身𡗶堯𣈜舜命咹於嵿石巖台𩈘虐𥈺虐頭蔑祝式𬰢𡗶覩㐌𠀧巢𫴬疑篤虐輪到工生折󱰾打吹󰬒𠺙虐船虐些󱉿樔虐些𢶢𫽄特些𫽖樔󱚹意卞虐與拯咍𩛂𧍋謨傲虐轎旦迎昂無𢬣空庒固泊鐄准輸羕𧍰𧋻𡘮勢虎𨆢狼細害台莫箕𣃤揲鄭呢吏𨖲恒爫徒対虎漚㝵唭亦沛累爲名㐌虎台吏遣𫃚䋘繓鉄哿喡𠇮麻󰝡多觥廊朱丑虎𣈔𣈗修省朱𢧚𠊛矯虎旦双親𡥵𠰚丐蠾沒蒲餅󱭙蚤咹朱振蚤嫁𡥵朱丐󱭈除熱補劳圖玉𧕚仍卢𧼋渚𠇍𤾓𠇮蟡枯押𫆧蠶𤉗燉拯𢧚𩚵鋯之󰠲油拯處歇所等麻咍特𡞕歇所節𠱋及閉除處乂安類𪸄刼𧽈𥪞朝廷固詔尋官守賢蔑㝵咍治役苦意細𨆢堆𨤰朱詳併皮䖏变欣唐坚貞默娘䖏决报𡊰朱明庄沛尋賒因𧇊本年些尋孛朱𧇊裸胣矯𢠩𢠨情𧇊歛𤎜𤍑畑盤若歆埋𣳮瀝渃摩訶縁天渚体伩頭育分了牢它艿󰞺昂核艾固号穿絲卒𣳔𣎃𠃩辰橘𧺃𫆮𣎃󰬾艾栍丐𡥵尋𧗱鼾睡午艾或來莽昆庄𫧇斈艾式𬛩擬艾群恾象𦲿諸埃括𬮌樁艾香戒定𦹳菟每味當欺患難及饒󰄯𫯳牢𦬑補𠫾𠅜誓羕𧘇牢欺圣神仍𢬗𠬠𬌔弄崙仍啉呂𦬑渃𡽫朱耒呂耒𦬑󰄯𦬑昆自低㑏援𢚸崙修行竹筏𤿤𦬑󱖮𣳔渃吹包𣇞芒現細𣈜𦓿耚朱𠃩穭尼󰝂招包𣉹芒現𬧐𣈗𦓿耚朱技𥡗尼󰝂招心膜󰑼芒果心芒𢫣𦹵馭咹埃喂制𥙩矯𫅷芒木固侶堆些固辰椥𦓅芒木乃乃芌㐱種𫅜捹𢲣㐌忌固撑撑𠀧𠁀𬙞户茹芌昆𧏰昆𧔜雖罰濫𤠄狺共越吏咹󱟗󱮸󱞸󱦫見蛽󱭆馭踈浪󱭇買𠫾󰠲卷文嗔領耒󱝢𠳚󱭇雖罰濫𤠄狺共越吏咹蝼󱮸󱞸󱦫見蛽𧋉𣩂𠬖󱭏蒲孤󱭕𡎢󱭕哭傷喂羅払頭㙴𡥵󱸐咦咦哭霜白鱔羅𧋇拱為𠬠𬌔𢚸貪蝼民󱭊渃調爫不忠計吝曾𨀈點𢲛󰙅蹺𠨡𧏵吏𦬑𫥨𧏵󱭉󱭉吏𦬑𫥨𣳔󱭉󱭉毛蟲篭真每毛化虫𢚸𡗶扽󰈆堆些唒空𧖱󰔨仍丐義󰑼英㛪虶虶餒蝒呵蒙忌󰬙蛆虶麻餒𡥵蝒𨕭頭固祖蟵虶𤯨於廊𢀨於渃細𨆢坤別爫牢恪󰅹如体𧉝𠓨𧯄𧍆拱羅昆𧉙𧉙女之吏沛准醒蚤蚤蕯渃𠓨眉𧼋塘謨蠶室圍謹蓬蚕丿𧿨𬂙澄京國󱀄𦛌蚕肝猿湼茶漿海蛤丐蚌詔謨丐𧎠朋丐蚆蚆𣈘𦣰怒嘅奇茄失驚䖡䖡虶虶󰶅𧏱爭畑約𠓇每方萤羅丐󰶅𧍈突如古󰮜英𧌬𫊬買呐浪底碎𠫾打朱蚕蛹𫢩實󰑼丐𧊊觧渴煩󰬷拱療瘡蟳化𧊊耒恒体丐𧊉𫅫外園𩄲秦暗頭𡶀𪧻𠒷𧊉雁花群𧺂戾欺𪂲𧉻争都𢵗𧉬餒𪆧蛇礼䋥栗恰匝𫃚工身𣈗𡢐奴眷饒𠫾道理裊初顛女墨文章芸𬞰壳如蚾庫巾茹殼如蚾渃滝𥺊𢄂檜模檜桐蛭丐蚳𧎜蚫吟𧋆󰅹折鉢戊丸䃅󰠳𡭉𪀆鎌󰠳𪟂𧋆𨉓𬙞𨑮𠄩丐突𧋆鎌𤍌𠀧𡱩捽扲𣙯弹󱎣朗浪赧希扒𧋃𧋃𧋃固𦑃辰󱗠矯绳𡮣𡮈扒眉󰇮墫蜓𧊺𧋻𣃣𩅹𣃣曩翁𧊳打饒𠸟道聖䜹𠦳蛰瀝𢚸凡渃蔑瓢固番边󰊄󰡎𦝄𣇜蛮沫𩃳干邦永㝵頭埃蛭意蝙蝠号󰑼丐蛦庄咍爫祖仍碎瓮茹溟茫外𣷭南溟默𠇮爫𤝞默𠇮爫蛦香兔沉沁海若漏漏䏾玉律茹蛟蛛螭如䏧𧋉蜈蚣丐蛚吏固𡥵蛒蜞怒嘺拱別鄧𣉹𦥃子午卯酉辰怒嘺水塵羅󱭎𧏵𧏵蹺𬠌𣋽猪𧵑󰠲朱特餘乘𠰘咹如𧏵落𬠌如𬌥洒弹蒸及南𤓢𪸯蝼𧌂瘖𤴬蝴蝶麻恾茄󰋇𨤵子規蟈𧋿月󰬾更𧋻翁存昂世界㝵体乙揚羅昆𧋺於頭𠊛些蟛𧋶昆𧐿昆蝒𧋶𥽌玳瑁隤𧋟蝼𧐾蠓𧋟見𧋟拯固垠蚰蛦蒙𧋟哏真𬌥𤙭𧋟唉眉生甲子󰅹𣈘𣈘論細𬮌房騷蚊𧋟水蛭羅丐𧋘𠴹縂𧋉咳払喂咳払喂敬盎那蜍几茶𤚢󱨖𫥨媄𡥵𬌥𥙩䏧𢫕𪔠𥙩頭蜍𤤰蔑桓𦋦胣蜍唹固情𥄫𥊘闷机捤摓卢台為累沛蜍於繭蜆蜥蛘羅丐蜄䗲蝶拯兑𥚆蜂拯貪清哏𡳪他𫧾𧵆賖丐身必左如󰜏打蜂焒城𬇚亇𠯇趨裊󱭓麻𫄓時𪂲坤咹油𠊛决𢚸學道𠳨朱𫨩𧤁兔󱦮蟵或仉篤志眞修䀡朱別頭𧍏𦖱螠尼土蝦種𧍍強𨔍拠節𨍦秋社買生珍珠生於海斉紇𧍍礼𧗱泖娘媚珠野燐󰑼焒麻𧍍眉𧍋撑碍援边𩯀綠丙扯𧍋𦖑𧡊曰朱浪劍󰜋𬂻𦺓𠽔買具丐𧍈店𫅫戈勾欄碧𤾓炶𧍈庒平𠬠𣔩𤒘默𠁀𧍆𢵯𧑂掏𡥵茹几庫扒𧍆最𣈜水母羅𧍅𣖖𧌬小底㤝空𢶸𧐖𬑶吏吱䖳𨱽蝉𫋑𠶦𠰘吱𧕚歷𫩖𠴌𠴌㗂丐蝇撑櫗蜜櫗佳羅𠄩次櫗𣊾𣉹買特󰡫尼蝼𧎝𧡊𧺃焒辰𠓨金谷園荒𧍝𦓿𪠿𠲔尸吒昆𤝞𫴸吁蟡默媄丐螉瓢裊固蝼時補羮官󰀎渚塊買𣈜沛蝼咹哿喡𠇮連折𩅘蝼𪘵蝼蚪𧓅蝳𡥵空固吒如𧓅蝳䋎𡳪蝦蟆蛁祝大蝦蟆𡥵蝧𫊬𩙌𣌋只𠲖坊𢯧𦲿蛆虶麻餒𡥵蝒𣈗𡢐奴眷饒𠫾蟳㷈絲蝒拱㷈絲󰜋職𡥵𡥵拱𪫧耒為親𩯀泊點䏧蝐役夷皮没皮𠄩矣群咹󱬼𢫕𦖻息𨉓蒲俱捤𥾒闭迡𩙌刼湄单媄𡥵𨻫𠺥𧐖𫋑𠬠皮昆𧏶𧏵偃老訥乾坤些𫀅㐱戾𢯢𢲲役渃𨁡𨖲𡾵𧏵湥𧏵更㐌點󰬾小姐𥆾𩈘󰟯它甘心弹亇𧏵𧏵昆𧏳凶蜈蚣丐𧏲󰳃𧏱爭畑約𠓇每方次一𧏱𧏱𠓨茄次二𤝞㗜次𠀧花畑瓦甕子羅丐𧎷𧎷蠔昆𧎴別兜󰑼祖𧎤𧎤蚓羅丐𧎤揚𠄩眜螠爫之特𡗶𧋻𣁔噲浪昆螓𢭾毒昆螉𥪞几𢄂蟊丐󱬿蚊󱬾船班𠶦𠰘吱󱬽嚦𫩓昆󰬶󰬶蟛蜞丐𰳙政𪞷㑏过𤜯鐄𢚸用毒过虎芒𧐺𬠥蚍蜆𫋙時咹𧑂𪖺呼呼螻𧐽昆𧐹蝸牛尾壁号浪丐𧐖蟄蟄羅買𨨨𨨨𡥵𪃿𤯨𢀲底𥢅朱柴几𫵈几哿調蟄頭𥛉曰曰撑掑簪玉嵿噲磐灘知知勢凭眞螯𡽫浪寡婦車螯羅丐螯小鱉螮𨳒約垠齊󱖮𨤔𠏳𧔾󰬹𡥵𬠩拱惜𡥵𩷉拱闷𬪐柴招卦𠬠欺買詳水龟󰑼㐱名𧒌渃性咍除腫脚骨筋羣筭𧴤鶴䀡朱買停丐媒𥙩𧒊𦖻龟甲模𧒉龟板臆𧒉默埃蜂𧒅噋嗃𨒒分共庄轉摇󰜋分蚯蚓丐𧑒噲蚤羅住學路蚤拮󱪞朱蝘蜓羅昆蠅䗲𧓆𧓆固𦑃時𠖤𫽄繩䏾𤹗抔𡮠󰇮墫類蠓𤛠青蝇羅丐𧔛類𧍆類𧔚臭虫丐蠟𧡊蔑頭𥿗雷傕特丐𫋨𤽸哿台蠔丐䘆鹿血󰵄㹯壮陽補虚係󰑼吟󱴀𠷕𠊚乙洳冲魯𠲶奴浪𠰘𡛔女誣埃油氣倦埃油血衰固𡥵兔𠫾寬寬爲󱢋鬼恠麻塊沛扒麻蒸䋦代帝代王侯𦇒麻吏衝仍𩑛損襖耗𩚵欺耒呐理欺爫衝𢬣𡗶箕坤拱承乾渃箕晋拱合韓買衝󰜋𠁀粉打香衝󰜋𠁀𦟑󱥒拱衝󰜋𠁀衝𬮌󱑹麻𢴑蒸𪮏𡞕㝵㨿冲經絡麻通命門相火㐌衝𬨠頭󱮿脉渃添威朱賊拻𦟐民󰝂𧵑󰡲茄英𠫾竹𣜾栍𣒣英󰡲竹㐌高朋𦰟𥯌身𠊛幻化󰬥行可傷𠄩行𣳮渚羕湄固𡥚行䊷𥙩丐𧒌補綠𨇒典𤼸𦧘行亇户萌行拯於翁老行笘保昆浪劍没𬂻𢀭𨖅𠽔󰋇具𢢲緣辰𥙩渚𦖑户行花果排行店𦹵𩂏為埃固果固𥃑𬥓行學時固底𦋦行皇圖𨕭𢩾民生󰡎如𫽄呵淆混𡛔󰜩礼行嫁娶𤑟𫢩𡞕𫯳潘時𧗱扽楼䜹勸昆󰊩者󰣑𣆐斈行容儀󱉎行𫡂𠄩行尼古跡聖賢𠁀𠁀刊板底傳流通𫌗𧜖緣𧟁襘𧜖襘𬡰𫽄裺襘𫄉𫽄𣟮朋襘頭𢬣眉撑𩯀𤽸些𫅷𠰚滯鉑襖󱭜博帝啊唯朱世󱰁𧗱𨍦冷冷卷𡶀漏漏書滝襖󱭛固𥿗𦀪𦁼吏𫅜次二行𧜗次𠀧行鐄英唉英待碎拱碎群炪𧜗朱𫯳碎低庄故㝵酉出吏庄固𧜖奥達安𧜖𥴜恰𨷈民𡎥𥪝󰘂𬃈槧𧏵𧜖鵉襘鳳空𫯳𫥨之兑𬖉󱧬󰋏遣蒸斫𥪞帳拯爫蒸軍𢀨滝𠃣𧜐󱧮𦝄皮挌𦰟柚雲仙󱚢𧛼𦀊𥹰出行咹辰做做𢫟𧚟褲辰空埃𧜖单姅褡底侯除埃援褠襖本腰𠄩𫳘慈悲身󰅹𬋩默袊默襀強𤴬𥙩󱈘丹墀襖籖接襀𩈘皮皮𪽩𨁪扲娘㐌襘󱚢𧝨巾襖狐裘㐌𧝦涅綵絲南尾色襕襇裙色所裙襇沛神精交󰋇固台𦣰霜襘雪語󰑼易制襖󰅹𢧚𪶵襖󰅹𢧚庄拱仃愛乃𢚸圭包除襖錦默𧗱買甘𧞿𧞤𧞣󰺔麻𢯷渃湖𢯷𠫾𢯷吏英徒㤇當媄󱣧朱𡥵丐𧞣染一品紅󰝂𤐝吝襖䙦袄𧟀傳𦬑欣𥺊鐄傳佳欣󱫅𧞿於𠁀空別𢜝埃𢜝绳醝𨢇呐街如󱗵󰣑搏朐𠫾最搏衛𢝙衛𡽫傘怨𦋦𣷭瀕天下衛茹楚可𡎢麻計𥙩撫衛士卒待徐主公別埃洳唏𣷱別埃𢚁紇粓哏󱳶𢬣瀋𣳔供𠬠𧖱博生𫥨恪𠬠𧖱媄埃和傷些王妑㐌固彷䝨袄襜󱭤帽冷弄星君名位𠖿𠖿細尼箕埃隊𥒥󱭟𡗶箕埃治水朱𠁀特安𫋻𧜖終炙󰁡𡢐院全𧘸𦠘襖鬼鱟毒肝丐衫要𪡇強廛礼法恨𪬡拱渚衫師或羅𠊛𥒥蔑欺𢬣󱘼卷吏馬兮底数刼󰁡㐌罪情之衣𢧚𡗶撑迻撴𢬭𦟐紅𨀈沛姑頭𪦲小消覺𦖻它𡗋事衣腰表頭外𣷭南溟屍補𫴋涼朱亇奴咹連𢬣劄表散霜𨖲朝陳歇拯群埃覃蔭󰅹花拯卒鮮固𠇍保霜蘂買󰝡𢭟𮥷𢶢易共娘忌別敬咍要勉順和盎那歳㐌𫅷洛要𤷍𤶹篤弄南北多隊昆東西边東主典边西客包深東紅西𤒩𫥏埃喂扵吏𠀧𣈗唉𠫾法公󰑼重念西詫󰅹𦖑𠳒如𪭯念西謝𧗱催吏𨄹𣦍𨖅亭覺時𢭯削𢯢𢲲󰜋𨉓呐䐗耒昆小鬟㐌保浪神蛟隊逐丕卞𧢑角𬦶囉渚固親疎買丈夫𢚸𤤰信󰭼爫親固主𫇰臣元老國家𣦆過㐌𦒹𢆥瓊揆傷𠄩親󰋇𠊚𦟐覩沛饒吝𥪞固蔑㝵𠃣䊚倫粉覩窒種娘户武自然論業巴身滝坡滝溤滝洮󰬾𦰟滝意覩󱚢滝淦挭鐄𠫾覩滝吳𣎀𦣰思想𠫾𢺀滝滄渃箕悶覩城尼悶竜覩埃㧙𣷭抹󱪒㧙滝菩㮛𢯚𥡗󱪐制㝵意籠陵擬實蔑𢚸覧呫𫯳些袄績些傷𫯳𠊛袄錦衝香默𠊛錦障󰑼衽支外院喝拯永朋院僧襖衲強沫欣襖姥𠇮殘衰𠖿󱉲於歆󱤧𣛠𤍌㐌𠅐勢𠊛拱衰欺𢧚𢱚破拱𢧚欺衰唒窖拧纏拱衰姅𤗲襖𬕻𩂏衮衮帽𧜖縐染墨顛屎裙襖𧙛𣘽𣙩󱀄󱤪𧙀郎沒𧙀𠄩𧙀大鵬失世被石生打折被梞默油塘詫𦋦𠫾󰝂被禿擉被𥺊補功吒媄懺生錢𦝄𥺊被朱英󱚢場𡘮𠋎買𢬇被册󰬺益之朱𣇜意襖袩𢪀吏𢢆身𫅷岋𡹡客地衮昂家情嗔為払扱袍𢶒甲嗔為払𢷀笠風霜紇珠淶𣼽卷袍渚派払自𦖑呐消耗卢渃沫󱠩袍奥福麻袍襖𠃣󱤋𧝦𦷾特𢯰塊焒床部袋錦花生昌襖𧺀忍牙裙調半𫄉妲底摸󱹦𠲥扒𦋦朱仍几陳𧙽𪻃𧋻𧙻𤞻襘𧙻𣌋𣅘篤蔑𢚸恒䘮主𫀅凭䘮吒恪󰅹入塲發吏及䘮僅󰬌几扵呂廊𠊚𠫾裩襠󰑼𧚢弹󰜏𧚢襖拯群謨易嗔𧚠襖𧛋𡎢於種運𧚟󱚢𦋦𩈘󰅹吏𧡊𠊛些𠫾塘抶𨉞抪桧捍𧚟𢮿工固𧞣繞桃固𧚟領深𦎛朗補工架㝵補事世間時葉弄󱉎主𡗶𥙩𫯳朱當沁𫯳補功粧點𦟐紅󰛈顛妳公補挼女𪧘斫󰅹報補恩柴恩主免恩吒麩殼補奏祉𪡔拍手補𢬣錦羊羅𡥵裘香稻𩚵聶裊世課臨行鶯𣗓𥾽柳𠳨𣈗𧗱約裊鵑歌裊麻谷罪乙㐌空裊固咹時固廬󱬳台𩈘󰡎裙台𧜙襖𢬭𣘾𨕭襊𢬭󱭡裀𰴂餘蔑𤾓𬙞𨑮秋民安𧛋詔渃如石磐襖𧛊𤷱𩦓𧛇襖製𦋦神弩預防役軍署𦁼咹裼署𫥯咹糊勉德瞿經裴兀扲戒咹㪰君子聖䝨𢚸似渃强𫅷强吟𧵑裴唁油𠮾油裴仍拱󱩂㾕咍思洒拜裴倍怛尾工皿䘹𥪝襖裘刀鐄󱣎󱭣金絨別浪君子固用些庒襯襖󱀵𪻃𤞻襘𪻃嚴陵㐌𠇍都𢴾𦓿𩄲鈎月袏𧛷袄裘咹𠋥󰑼埃咹𠋥󰑼些𩛜粓褐袄辰𫥨咹𠋥曾𫌠眾僧受持失錯恒𫌠鍮鐄混雜因蒸玉𠃣𥒥饒㕠𫀅中道麻推矣羣蔑覔󰠳時合朱民烝󰬥覔𣒠渚擬孕態覔𣒠𫀅經讀録爫朱朋所体所咍参禅見伴涅身命買可回恩襖默免羅朱𦛋蔭黒蟻󰑼丐見顛興篩象床㐱實棖牙棖中蓬見号󰑼合歡解羅󱭰𣷭東南黥布叩頭棱西北豺狼唒󱭫獴𦊚󱭬𬑉𠊛形𤛠羝羊羝特孟世旭饒僚簉吏咍默𧤂蒸𧤁𡥵麟𫽄咍󱟑饒雖群淋臘󱙼觥󰠵𠄩吝𬕩戈幅墻觥約𬏓󰁰丈觥𫥨炉𣗬吏𫥨行杶咥觥咥撟之𫢩𧴤𫥨魔抉茹𫥨󱭯󰅹固詫求名半角侯典角𡶀調化𤞺猿麻𪠞𤤰渃諸侯㐌典󱭶丕讐僂朋丐捻𢬣矇奴拱𫨩如𡥵𦟷𦢞助民揲亂者讐命姉𡀿㛪共拮義兵蔑嗔𣳮瀝渃讐𠄩嗔󰝡吏業初户雄𠸦埃窖攤讐僂朋丐捻𢬣庵夐燒香讀五經𪔠移更群讀册鉦熾䏾𣜾傕朝󰇾巾淚払𬂙曾𬌓𠇍𠳒凿𥒥記鐄䋦萌埃敢讀唐女󰠲眾𤽗𣈜𨎠蜍孛極󱭹護𠊛固德隊方特𫅜鬚眉𤍊𩈘丈夫󰝂忠孝底者讎𡽫滝裊貪欣時沛舌矣𫍕𠳒意底麻噒坤台𢵯冉於𡗶讖卞𧡊讀𠰘類小兒讖傳自裊吒翁係天子典獴𢜠𠶂蓮姑丈讓𫯳姑妾油妾吏油払庒𠅳官高爵重讓几恪歳𥘷𠊛讓𠰘𫡦埃讓爫𤤰朋蒸呐變特𩄲𤐜𠅜関係風教几𫅷尼拱所拯讓𡗋節勁可畨君子竹𩙍髙拯讓丈夫松秉彝羅仉忠誠𦖑讒麻女加刑據𫳵𤳇蒸盃㴷群可解特𡛔蒸盃㴷拯可解特認文解義落來年禅客巴爲迭解𣘃𣛦𡗉姉䠣瀋瀋丕台所准𬢗𡧲茹𡥵猫統請𧣳城旦䀡爭鬦𦋦情爫牢𧣳厨𣘃奇直𡗶吏固𡨸排興國之年課羣觫𩯀呐唭練練黄鹿号沃昆狔典節冬至連台対𧤁󰍮爌󰅹排貝玉𤽗太眞炪𧤁犀𤐝𫴋󰡎渃准龍宫翁󰅹固𭛣時𧗱碎群於吏䀡羝㭉𧤁梭󱁉𠨡𧥃貝𥒥固𣈗𠨡散榜鐄𢜏㐌𧡊󱙻撩珊瑚玉䚂役之󰟯恪󱮿𢝙𧡊𠳒生吏󱭲󱭱縁由院疎空𦂾盘燒𡦂題帖雪琹撩譜同弹譜𢭮年性情茹楚户項拯𢧚道覇茹漢𤤰高󱁎道覇𦷾𣈗箕󰑼𣈗席󱉎蟒蛇王列李通沛𨖲殿納命󰜏媄𧡊楳謠𥙩爫󱳮𢜝𦓡嘆哭浪埃添喭呐麻達排風月󰕔坡綱常娘𦖑東漢𤤰光信󰕔𢚸拯𡮍傷諸侯裊麻拯执婦人底𥹰󰕔所涓身凌乱責㝵󰜋責些𨑮𪽝些󰕔所𢧚𠊛𢩽撴㐱實妯󰕔固号連顔説催昂育西東湥珠聖説淃袍𢜠𢜠悴悴掣牢󰑼情課占包説事占包事爫詠勿乙群迡訴姮娥闭渃𡽫暈群詠詠節群康康奴󰅹別特𢚸知己昆𦫼𡮉𡮉隔紅塵詠勿𦊛務仍伴親知年詠𥒥𫹣𬨠細尼雲洞𧵆𨑗𩄲󰮨涓才卽景詠題𨕭鞍買詠古詩没牌盤𥃚,Nom
vi-du-tu-dien-dan-giai-nf.no.txt,几𧦔㝵哿羅莊姜所𡨧𬢞愿或因汝昆計变折末長机計曳山顛栗米乳斉紇計床足真棖達計時埋𡗶共𠵌牢如𠅜监踈老母𡥵㐌性特沒計窒咍蜆丐憲強言淡菜炎淥咹存報牢味美言𠊚易重精神邏世調於𥙩蒸𠇮言言糁󱎾拮麻𢭂𦷾蒸𪮏𤽗王翳每㝵船󱭻英解𬡰昂英辰𦣰󱭻𠄩姑娘𦣰𠄩邊𧯅𣁔漊𠓨𥧪空蟾蜍蒲谷清世亇谷仍昌㹥明倪曳庄咍谷從尼谷特皮欣舌撞李拯谷哿哭花薔薇𤄮𦬑朋𩅜覩𰿘點連結蒸谷墻十殊侯㕸𦋦𠽄𧡊娘白兎󰝂岑𠓨𧯄石生𬺗𧯄噲公主𫥨𠳨傳䏾𣘈耒拱𤐝朱𧯄𣊍庒埃禁𠊛𫼳備呐豁筆花卞買訂𢧚篇𢮪爫宁丐宁昆刊板流傳埃特時通寔他敢聘新奇噲󰑼爫朗底記𬮙代記𠳒前聖𠸕𢚸丁寕卞劄功蒸每事旦忍滝𡶀中本國爫記默鄧衛茹唐𤽗僧孺劄蒸𠅜記周秦誣訏石生刎肝鐄胣鉄𢚸討𣦍𡗶坦証明𢄂𬁑蒌㐌痚𠫾𥙩夷敬媄𥙩夷討㛪󰡎凡坤別呐能𡗶差仙女𧦈蒸𠇮娘𧗱𦤾香林課尼𧥾頭氣冽蹎𢬣礙掑翁𠲖牢碎𤴬䏾󰡫尼許翁㝵本州羅𤽗阮逵歆許𡮶節操琵琵曲設秋𠦳𨤮宇宇蹎移隘󰋇重柴𦖑感景𢚸傷檮𠊛訥涅右肩訥𧋆邊娘𧗱士𫀅相断量浪悲爲徵盎那麻訣昆末𢪀事过埃考埃𣈙訟無証㨿披𫢩𤾓唐𫽄信梁楚群碑𬟛查吏麻𫀅别實訛㷚㷚𤵖𦹵絲毫𫽄訛卞𥙩囉蔑卷𥪞𪮏襖紙倣𤾓詞𤾓𨤔如印詞紙𤽸𠦳𢆥群買丐春𩇢𤂬鐄洒没湥情篆香詞紙󱋓羮拱󰑼𥘀鉑󰇮括詞絏𤽗仲逵卞隊娘蘂卿典保𥙩𠅜實詞交書𢭂朱󰏙隘𤎕𤐜狼空女撅𣷭清樓蜃滂如詞𤽗潤之因𢭂朱集古今詩話共𡽫詞𣷭曲詔𫴋𠄼𩄲挸𦟐紅遣官太守於󰘂城待詔旨𢚸些拯羅詔拯可捲特丕󰠵𥙩蒸詔結竹炪𥙩蒸󰸟𣛿樁𥙩𠲝詐爫斫𨱽𥙩害與爫斫𫅜女󰅹爫事不仁𡗶坦牢証鬼神牢𦖑孛𡗶吀証𢚸𣦍緣埃油磊油埋在𫅷仍朱𫊚𦷾時拯㕵診脉𦷾時拯𠺥雖󰑼𤐝泣尼尼欺𣊍欺訴欺潙欺苔畑𤍑𦰟敬香迻𤌋誠達钱貫沒𦊚𨒒𬂻󱥵𥗜𨢇朱鮮買誠󰡛强誇𡨧𡨧𪰛呂渚誇權󰟨渚唭寒微誇頭绳秃競𢚸翁師丐𤞺浪蹺𤤰麻𪠞詵󰞬㝵边武丕𥙩車蒲馭駟麻詵𥙩蒸㝵賢打䋥兎𥙩𧵑󰞬𠅜巽麻詵𥙩蒸士高󰒆𦑃鴻麻䀡朱𤏣湿高買詳払𦖑𧡊呐詰頭浪英󰑼几不求利名𤽗子編詰𡗋嗔𦣰杜几𡨺𬮌拯朱𠓨派㝵嫌結底抪工唐詫𭓇隊機祖詫禅空坤卒別尼侈𦖑𢲫會科詩雲僊󱚢謝尊師嗔𧗱𩈘󰡰強朗𢚸慈強清𤽗潤之𢚸傷㤕卞拯乙𠓨省試𠫾試𠫾舉各柴儒些𠸕調尼沛𢖵朱吒它朱𥘷戈𠶆朱昆共𪟡試制噅排漢誨多來自徵󰀎󱩚末㐱孛羅𢚸舍諳誨隊機馬祖㐌𦖑𡽫西蒸㗂念誦弹經𣅘𣌋诵制蔑𠇮妾𣈜𨎠拯埋辱沛誣朱𠅜󰠱变緣及語蔑拯汝𦷾丕𠱋世麻姑語󰑼埃󰟁情那爲徵昆𢶒命細語丐語押連買外丐語押外昂語同内拯吏共称埃默𠇮昂語冲宮短䘮改主󰅹𢚸𢘽埃筭唐眷誘胣迷道冷買南誘渃楚麻扲於𦷾鐺黒誘㘨漢胡自課定通家擼𡶀誓滝義講和鐄𥒥裊庒󰠃𠬠約渃𡽫誓㐌固堆暈夢𠀧亇𠫾咹誓怒几𢺹𫥨誑買頭舌根羅誑𥚇荷帶誑𦲿蓮𣈜侯最拯埃𠺥認丕𤽗徐侈体傷𦷾冲花令令唏霜停蹎侯𢘮認塘𧗱斎𢬣𢭂朱認󰋇詞帖庚㐌差燕玉吏朱認𩈘如頭𤞼認柴猪猪体󱫱𢚁孟呐坤𦋦𢬣朱別矯群𬢳光自意各節路𦋦朝廷𢪀𬢱𠊛些呐屯民𢜠𰙔𬢱双生象𡗶罕󰘉太平自低𣈜𨍦固蔑𠊛󱚢𨅸𥚆𬢱𢪀𠊛󰅹塟低傕𢪀𬢱吏算量边床𠇍浽𠸕𠻀夫人𢪀𬢱添狐疑𦋦𧁷巾於𢄂嘹嗂埃𨖲處諒供英惜功博媄生成𫥨㛪𢪀哴佛固良緣𤿤慈弭請󰘂禅𢌌𣾺杏元𦖑𤏣事情拮光廣病𨏄清請𠊛𤽗季嫠𦖑朱𦷾𠄩㝵明忱浪些特𠅜請丕傳柴動𫪹請鍾念經寂滅引塘依皈旦䀡爭鬪𦋦情爫牢钱𠖿泊沚曾旁旦茹𧁷𢬣空饒請𠫾道怒義尼百㗂𠰏𦖑𥹰請請吏銅钱讀謗󰑼𠅜呐談所腰蒸几士丕苦麻拯諂窮𡲤强駢𨋤𥙩才藝辱辱調平雙塘𫏾所典擬共欣𠦳欣𤾓觥𢆥𣈜𣎃調如󰜋調哿盃明撑泊油蒸󰘚󰕛𤽗旦厨求嗔調時特如所悶󰕛𤽗調仍署閑些羅神醫丕𠇍几𢧚坤調固𤵺爫𠊚固𤵺買𢧚坤㐱合調典獄九幽所役調羮倍󰋇吝󰞿㛪駡女調欣舌𠊛坤辰呐姅調拱坤卞差萬毒𩧍𠫾扒侯該調即時𨖲低琴𢫝𠀧調歌牟𠄼宮湼𢞂如菊調𤷍如梅鎖匙時課當𪮏凍包鑽匙丐匙課遁䀡𠬠課買油剋隂后土動勾滕神扲釰智慧撅朱空性識課尼性刚埃谏拯𠵌每调𤽗黎景琦咍謀丕麻拯咍斷渃雖󰡫跬石盘𤤰仃涓礼将仃涓謀舌諾底仃爫粘侯衛諸台侯衛諸台閉𥹰㐌特𣡚󰅹諸侯衛諸台斧柯頭鐐窖諸𣩂饒庒丐琉球𣩂饒平丐幽愁毒諸爲丕類箕特默因𣛠󱩿諸柴噲娘阿蠻旦畧柴諸𪮏梭頭𡊱諳絲吏傳󰝂諫昂墻𠬠边勾対諫節事機󰀢諫趙皇拯𦖑𧗱扵蒸𤞽扶蘭朱安𬙞疏諫時庒𠵌蠍羅丐諫諫󱫽𬚸𤞼𠯇保東風諧曷𠃣世情渚惜仍仍台几𤼸𠅜𣦍意䐗呐麻㐌沛折几排𠅜諛意固賞麻拯沛刑諛諛󱙹𩈘悅𢛨󰮂𢚸謝柴部領阻𦋦蔑𠇮两慮共和󰇾揚傳傕回𪔠𠽖更謝払娘買懺生𫥨衛𡞕𫯳𡗉󰝂鐄縷𪠞謝柴法雲括坦燒香講五經𠀲箕侯𦖑𠅜講𡨺𤇮焒蒸拯咍耒卞𡞕𫯳講事盃論事寠群臣渃𬑉平湄追尊庙号謚󰑼芸宗󰅹群仰及󰅹群京謙謙讓意買鑣君子𪟂吒丐渃滝坡語浪謗渃󰅹𪟽謗𡥵語󰑼爲渃爲𠁀拯𪟽假㗂謾唏戒𠇮或於工渃㝵庄咍謹喃沛㝵牟卢蒸𠅜𥪞茹謹拯可呐丕𫏾𨍦須謹念憂愛仍㐌体𦷾謹合赧朗或許囉蔑𠅜禍侯移典蒸奴丕茶煎渃謹月刁𧗱蔑茹阿蛮汫謹庄𣴓園春桃槾謹魚坤皮秩拯兮謳特拯明𢀭𢀨𫽄忽庫䝨𫽄謳縣金華蒸户杜社玉塞蒸户陳社翁墨蒸户譚縣唐安蒸户武譖渃󱧏譖𢷣墓打破丐棺共骸骨昆𡛔意散補蒸𡧲滝獪𠊛譎姦蔑𢚸蜍漢低爫證𣦰雪霜胡塢𦹵撑凣𠳒供開𧵑𠊚証𦓡空開憑㗂安南拱沛譯𠰘朱󱦛樂󰁮具哿警警犢特𬌥特哿世警強銅鉦征哿㗂催警警於兜俸𧡊没𠊛䜹浪役意吀𠊛渚𪟽庄派吒庄哀豆庄派媄庄埃夭停如𡥵𧊉豆耒吏𠖤𫯳碎拯豆魁科廊渃扵茄󱪖几唭吱㺧𧱺𧤁犀蹎󱳹每𩔗固尼才雖庄午智庄高英㛪廊店吀𠶆奇𥸷餅𬌥󱭼拱哙󰑼核意實𤍌象悶爫神像丕為象𠻵身㝵朋客及舘丕几𪠞戈麻几吏𫃸琹樞歇馬碁樞象家山𪧘群忙象侈𦣰欺意群恾象永永韶鈞㗂於𦖻漂典於縣桂陽杜蒸舘客𠊚辰筆󱬉墨埋󱢪𠀧𠤩絆曰堆𠀧吝𡛔停𫨩𦥃茄󰜩𧗱𡢐𠄩𦜘朋𠄩𥶂椰是非劄抵𦥃𣉹爫𦎛別󰠳𦓡𥈬𦥃包𣉹𣌋𣅘𫽄特󱬈宜午𪽗咍謹𦷾世事浮沉君莫问煙波深処有餘舟批𢬣󱚲𢪀事󰠲󰠲胞𦣗󰌎蘧燶𤍇事𠁀幅幀雲狗𦘧𠊛桑滄苔㙴永永𦎛娥䏾梗𦘧壁味花单簾吏添守度𦘧潙坤頑󰣑𣈜搏󱫴探󱨶本坦󰣡󱚅耚招榪固湄𫳭𪹷󰁯朱蔭󰣡買固穭木卒耚𡶀麻咹沐𤂬麻㕵𦓿耙穊割趣翁圭尼辰耚𣴓尼辰𦓿溇𡗶𩅹辰默𡗶𩅹𫯳碎𠫾耚㐌固襖𥯒𠠩𩈘霜噴耒桂𦬑𨕭頭𩄲𤋵𩃳𦝄高窖結耒錢計貫蛆虫肉肉感稽步耒䋥𤞼耒鐵鎖耒碎禁繚近滝蚤合爲迈哩耒注説別丕免特𢚸耒拯敢固欺耒擬石生抇𥙩弓𥏌耒捇頭蛇王𧗱吝呂歲㐌𨒒𠄩風流󰕛𪩥耒来斈坤𣌋𧻭亏𦣰拯固昧耒丕㐱撞買羣𡎢拯路耒論事恪离耒盎那弄庄卢兜木牛󰑼花蒲牛英寧花耒𦹳娄匿苔𥪝𦖻󱫹𥙩職蔭吒特補爫官宰縣僊遊侈醒職槐珠漓𣳮渚麻麻朋課職槐安事𠁀空𢧚𢟘過化聶咹禄調恩几𦔙𦓿㝵坦東城羅𤽗李友之拱𥙩𠀲𦓿𪽞𬊠𧽈創𦖻户的𦖻𦓿麻𢚸吏想旦𠊛桃踈爫民𦓿𦔙村家𢬣𫽄塊冊特𠀧𢆥𡗶堆些如体𡥵蟳共咹没𦲿共𦣰没檂𦇒󰮂胣臨欺󰠃縱哏𪮀𢬣朱動𢚸𡥵落鐸邊滝𢄂󰋇茹𣦛󰁯𫡦品臺花吘填所志出家閉迡臺蓮枚和𤏣𤐝舘䕯聶𦗞𦖻呐忱况之仍㗂柴來歲尼㐌卒𢃱尼𩂏𦖻𫏾󰢓春鐄紫聘饒𦕟𦖻𦖑㗂楽韶奏咤𦖑鐘㨂󰠲󰠲拱停庒羅沛𠀲家僮𦖻外󰒕𦕅䏾𥪝寔𠺮耶𪮏待迻扲棹眉𫶼撑羕柳耶𦟐劫歇堵花蓮船子耶掉𣳔撑渚朱羡洗時某𧗱茄所昆宜耶体媄吏稽牕䜹柴𡎢禅定打渃韓時渃趙應合斫從時斫衡󰾂󱳓計󰮂外聿計𦊚边𡗶󰬾𨑮𫤯𨷈拱餘𥛭𬙞𠦳𨤮绳秃𦓡咹羮𣒣打󱥖打䏳退薨奇厨𠀲󰅹打󱥄辰沛稱𫥨翁老𬦳過𨷑𫥨丐󱥖擬朱𡮍分尋常道𡥵𡛔特󱬇󰮕閉遲㗂敦㗂切󰠓㖫𤤰扲頭𩯀煚㨢𠄩𦢶矇奴拱𫨩𣞊𣙸如𡥵𦟋𦢞𦟐𧺃紅紅心𬌓𦢞花巧墟窖了每芸忳拙斟雜俸皮真𪮏娘法渚踸臘如焒急𢀥爫乖掉捇𨅸林欽臘臘𤽸昆馭駒𠓨於馨永箕引蔑㝵𤳇𠇮𫃚極󰞯帽覩𬰢𨫊𩯁𩮭羕昆鎛細𥪞𡑝納臘小匣子禄臘𦹳秋传𠁀駭搭𦖻掑𩯀禄聖停󱳮䑈補昌𠬠搜𦀵紇芒𦢳󰬋𢚸如默辰󰬑昂自𨕭𦢳左搏戈󰡎𦡥𢬣右𡧲𦝄𥙩𦀊麻𫃚膏羅󰓄姑箕󱥔妸爫之底朱英怒信𠫾䋦𧗱几󰝡昭卞𠝺盤歇𢚸胣臟腑灡囉󱥕󱥌辰搏𦥃茄𦛊群𤴬𬑉𣜾𫥨𦥃外脿𦣎㺧𦣎念忠耿耿空安險危敢𪿒弓筅󰑼常𦝄𦓿䏧耻相虞句聖初達宁𫀅形𥙩傍爫󰒂𥙩命爫先聖他𦊚湥淚情别󰠲悁属改命特安边𦖻󰽿㗂玉和聞󰽿󰜋𠎪翁𫅷𨑮𠀧翁𦖡朱咍𢀭𦖡𢀭𥊖尋󱚢󱙹㐌𡗋𠊛𦋦空假𦖡假󱩟食則眉𢫈㐌𦖡𦖻柴耆域庄𦖑𢶢昆錫杖𪠞方東𧡊鴈𨻫仍書封翁𠲖翁𣃣耒碎𧡊竜神報夢𦖑𥪝命轉動恪形吒昆莫於城竜如𧋆杜塢如螉聚梗判浪󰅹固庫之𡽫箕聚鳥𧵆時𫽄賖𢜠臺春聲聲𢌌𩦓𢜠各安其所遐圍盃𤽗杜牧固蔑聯踈浪昆㛪坦江東󰞬几才賢收坦吏吝女時䐗可別𰯡𦝑庒旦盤次𠄼土宜物産󱳺床𨕭󰝶󰡎𣷭每塘少之張𡎥擬吏咀𨱽過𢝙窖䏾󱹥󱹣謀塘𥙩𫯳控󱬀江山𢄂番群呂江山群夷當干乱落巴爲蔑命󱫿媄慬魚育塘除欺永𨤔清𫔮払連𢫫󱸁容顔恪常𪀄雉爲󱢋󱙏󱬃󱓇蒸䋥扛身㛪如果櫗𨕭核䏧奴縐𤵶󱥠奴𠫅𠊛闺阁客書琴边𠲖𦖻壁边惏𧍆󱫾打賊麻打𢬣空氣陰󱳔粘結吏𨕭𩈘交争饒自尼𧗱娄碎信忌共敬免󱉎主支秋特磊灵魂住碎𫽄打𫽄吱嬸碎抉眜擂𦟂咹肝詩文庄肚論𪞷󰘂禅喉嚨狂𦙥縁天渚𧡊儒頭育分了牢麻扔󰞺昂构𡽫便笘𢚸桃𢀭尖更鳯育交流求𧡊事𤞻典闭除䊷肱𫃚特當𢮩仍󰑼料㛪遁塊英庄英如䋥𢪏英肱𡧲𡗶眼眶肱𬑉吒󱡸媄󱙦牢咍肯順隊尽辞敢惜功󰅹群𠲖𢚸客洞桃肯庄悶𢧚󰜋㤕󰒂之庄咍娘固肯為󰠃些恪󰅹𥿥𥿗麻𫐮肫金腎囊丸𢃄深屎隂毛篭奴婪夷木肩群默辰𥪞默𡲫外默𤿦調𨱽典股蹎胞衣󰟀𫆚𦟨𦚖𦚖𦖻𨀈𠫾𠬠𨀈𦛌𦚐𠬠𤴬時意及店𠄻𣎃𦙫𤳇𡛔𥪞几𢄂𦊚皮囉󰏙制𣎃𠄩種豆種𧃷種茄䜹浪棱脉壁𦖻鋸脉󰅹悉脉意課特南倘鳩弄渚工胣媄買年南胞𧡊咹𧼌典時奴胣助打兵饒乙沛𤵊咍󰜏眉阻胣𥚯常阻胣歆歆𠀲孟可𢧚𢚸胣茹公侯船喂固𢖵𣷷庒𣷷辰󰜋胣康康待船君子固腰吀㨂㭲停緍𢱖女胣𫥨𢬣包肚胡包次𢀲𨖅渡些傳𡮈𡚢番𡢐些吏限胡穷饒朝茹胡歇運户胡卞倍傍怯納𢀦𢀨之沃𪜀南喃頭爫𠬛胞咍更思𪜀巴胞咍頭檜𪜀南胞時意娘户武㐌固胎媄喂𡥵㐌固胎𡥵喂媄拱㐌𠄽𣎃󰅒梅生𥢆胣𢪀󰠐胋𠻀傳󰀎別心跡耒蒸胆獴麟汜汜仁厚台𡥙茹官脾󱤹断官𠰺󰝡𠄼㝵𪠞朱𤞻咹𬚸麻𤞻庄咹吏歛𪮏真共󰝅𦛌媄吒生英默腰俺俺敬英衛茹𢴑𠄩昆撫所𦛋浪吒眉泊胣㐱拯娘如㐌𢧚𦛋胣蔑皮嫌茹飢儉󰭼之待饒𠀲咹𠀲𫾆𠀲󰅹唱𠀲撘𧜖𦛊𠀲𦧘𢮿𦛊蚤蚤󱢡蚤𨔈𫳵眉吏極𡥵𦟷眉𨖲固福辰𦛊固󰭧無福辰吏瀝空漏漏旦欺奇𬲂別𣘃𦚸𥎁蔑󰬮𥆾䀡蔑脑膿香𡗶坤鬪󰡎𩄲籠咹鱠渃韓爫𦧘渃趙㐌脇渃魏吏折渃燕渃牢彼猥闭喂底尚󰛈𤽸脇𠊛󰛈顛封爫附國范顔包饒婦女脇奸縱横朝𫯳𣅘𣋽弩能沛庒𫽄监𢭄齿󰜋𠳒別桃紅咍柳綠天下能某主知音𠳒能呐羅能怨能𩄎辰𬙼穭塘能𠫾能吏䀡常䀡輕𥪝户歇每𠊚男女沛生能能㝹於仍𢬣臺閣󰠳合包饒席綺羅昆稚欺𢸚󱙹胷重𠊛𠊛吏重身𠊛盧挺几瓊胱𥺊溪𥺊𤯩渚芒分黎官遣律䏧頭翁聖枢离螉󰏙昆𤝞拱羣固䏧皮餅餅䏧蒙蒙和崙骨𩩫肉䏦𫅷打𠴼𥚇強𫥨精神慶元茹德先人𣳔鐄自𣴓核春󱥟務󱤻欠指㹯浪馭󱗸排𫆡昂胚𦛿沒𣎃腮羅𦛿𦖻脂膏𦟐𦛿𣘾幽𬚸𦛞蒲灰油󰭧膉󰜋捻茶艚󰜋唏域冷珠明脱𠰘𧍰引身󱚢準安𫔮脱妄名利另唐是非奴𠴝󱚢奴𤻻奴醝耒碎仕救娘𨖲𣦍朱脱脱先摸󰬾錢𬷤錢𥙪𥺊󱪶買󰬾銅油恩𢚸敢畧𫒂𠳒謝辞催脱船吹𣷷󰅹脱𡎢脱呐𰿘分激昂𣈘冬長欺密念𢶢㗂鐘聖脱󱙧󱙓𣈗夏節𣅶誦經󱣐槌楳寬𣭻歷劇妾𠻵体僊可及麻坤尋道拯脩麻擬典股髀賴䏶血󱧡油払𠄼妾𬙞妻𫽄戈特丐󰭛󱥃尼󰠳擘膊𦝌𦑃𢬣膝頭𨆝臀盤𦝊喡媄欺召胎共𦝉昆𪡔庄群童貞女責妑媄𤴪筭皮𦝉𪞷翁󱔢翁𦝄𫴋𨔈茄碎固瓢固伴翁𫽄翁𦝄翁掕󱢢𩯀翁哭翁唭𦝄恆帶紩湄潤澮昆屋扦空固𦝄𦝄㧅帶鉑𤾓鑅󰠱𦝄𩚵瓢渃亭從且󱋓𨢇勾疎默呐唭沉𢋠渃𩵜涂瀘𣵰朗𦝄𡗶鴈沕潙沙𢮪旬外𣈝堆𨒒𦝄𣅘店永最𡗶埃咍体𠳒拱𬈋㤕𢚸修行拯尔論𨦩󰊄𦝄勉浪鐄𥒥𢚸如𠬠渚𢟔𦝄花女𢜢𠊛柑杠𦝄𫃫引𪞷冰控屡𦉱屡󰬾質唐朔蒙没望㝵𦝃鋸頭至𦝂𣳮命爫𠄩𢚸𠄩命拱鈘𠄩粓𤽸咹買𦜡𪀄𫯳𬙾𡢼𬙾唒𥆾拱𩛂九眞固妸趙嬌𦜘𨱽𠀧𡱩才高𰿘𠊛清腔𬈋某打村民体翁𫅷於𥪞渃撑腔麻囉󰜋宮薄命吏強惱人𫳵朋𥙩住󰣮腔功𡢻𫽄固喝蘭宮𩄲浪些𢌌紀𢚸傷倣如及几腐傍時牢嬰㛪蔑腋腰當𡞕𫯳共敬如常接賓恩埃𠬠𠃣𫽄悁煩埃𠬠𠃣抵边腋尼些拱拯𢀭拱拯𢀨拯𤷍拯脿沕漾漾𡥵𤞼固脿辰𢚸買唁痣脺𧋆𤇊𤇊䏾焒羕羕畑𤍑唏󰠳擬󱚢𠊚添絆䏾小腹胣連近掑大腹胣帶󰟱󰑼臍中尼金挕𫜧尼刀割󰟱𨇜每图庒少次之𫆧𤞻𤞺隊𠽇𠊛武皇𠻆志鋪類婦人伵畨尼空𢟘特䏧辰刧恪拱󰤳𥙩𫆧渃冲𣳮𫆧瀝澜𠬠句名利庄潺弄低卞谷胎𦞎生𠄩昆𤳇鮮𦞁邪󰬻孱𠍦膾腲脯𬛈𨀈沛姑頭𡤔小消些特清閒些舍腰没祝戈工腮揲揚笙𥬝实󰑼奄腮娘户武拱動𫏙禮法䐗曾𥙩事腮𪾺体搮𢚸㟮󰅟楼高𡴭尽𡗶𨨨鐄征隻擱邊腮腫𣦎功英󱣔蘿𪭯腩𡥵姉𠫾𠅎𡥵㛪遁𫯳批批𡓁怒𣳮腥𦞣傱咦󰑼𥠭灰腥身𠦳鐄底汚名𦟐紅乱单腤𠳨客樓紅覃蔭時傷几冷滝湛𩩫劄胣掣之肉舂󰑼󱫼𠺙芃󱥆繩󱥆隊蠟󰒵縷余𡱸𧺃臀辰茄𧺃𫆮卞蒸店意𢴋蒸畑𦟖鳯排蒸詔絩𧍰󰋇𠊛仕娓醜牟𦟐顛垢𥒥𬑉溇󰭮𥑥媄𫅷頭泊昆䜹𦟐桃𪮏如󱬗𦱊鎫藍坡眉柳𦟐冬䏧𤘋班乃唹涓吏固𦟷𫏾固頭𨍦固󰬲󰞯欣每物噲羅㺔膁𦝄蔑命𠫾腿腿呵𫽄固𠊛恪庒爫𠊛保浪𢞴爫辰昌𮌱昌𦠳排𫥨𢚸貪钱𧵑排唐𬛒專呐𠊛𫽄𪫢𦤾些試𢮀𨖲𬛑䀡賖𫨩𧵆𦟿腩姉𫽄闷㛪鐄𦟿㛪𠫾謨芸㛪𫽗朱鐄膽𦟽渚𧡊兵革麻嫌猫噡渚易固𦟶底𰈏魚肚白羅𦟪亇吏羅肝𤽸𥪝䏾亇𦝄𦟨窈窕𨑮𠄼歲𦟐點臙脂𠤩糁勸𦟜襖髀󱥎肩𣘾𪹷󱥍昌𬛕号󰑼肩顒舌𦧜渃南󰋇仉人才買共𠊛漢氊𬛕自𣈙固𫯳挭𫆶江山茄𫯳肺𦡮槊𤍌󰝂沛𬑉㺔㺔𤴬奇𠯦卷𦠽𧼌𦋦飭挂鑊𠦳斤拯𦠳馬援欣分李詧㐌决辰行㐌𢭱辰𦠰奇梗吝𣘃乘龍埃仉東床聘𦠘𠤆𢧚󱬁𧋻哏𬷤茹風流丈𣘓富貴姨紅𩄲浽㐌曾過𠠩眜󰒽僣自𨕭𦢳左麻摶戈𠁑𦡥𢬣右中便打𦡣固𩩫𦡠形朋𢴝𢬣󰁯𦡠𡶀高箕余𡱸𧺃臋辰茄𧺃𫆮𡥵偨𫅷吉節𬷤魯臋抹胸羅巾𥾾臆𣈜時󱩖󱩖𥀌𥀌最時𢶷𧚟朱西臁臁𧵑𫤯萬千𦊛𣩂𠄩𢬣扱鲁臀膝頭膾孫權󰋇丿󱏹肝𤉗曹操稽番𣡚𦢉枯摳吳破𦢉散如𩽖𡗶悭坦𢢂拯傷蔑𠇮𦢄脿𦊚方𤷍𤷱或𪜀役官私急󰕛沛牢朱󰕛吏𧗱㺧𧱅船㐌𦤾𣷷英喂欺𢝙辰𢷵𢬣𠓨承官耒買典民承衙门巡𦤾󱇙渡迻乌魚亇至顛屎中央願爫兄弟至親蔑茹結爫夫婦至情元兵󰟨鋭當興急打庒平固法除衰凶興外庯𥪝朝破茹刼𧵑㗩𠴕𠓨𦋦㳥泣廢興𥋳沕遁鐘回今古𦗏亘毛沛欺惡獸興行不仁𩛂粓㫭興紅毛欲何欲矣悶牢時爫隔阻閉𥹰恆與分嫌疑󰜋丿俸無情硍󰞺默油𢬣几揑仍㛪沕與𬌓𢚸𣘈𡢼𬙾𧵑𠊚坤與特忌皮舅𡥙定唐通鄰連墻俸𧡊𠬠舂𦼔𡑝澟沁杄窗弄掑墻桃午槾碍舂升埃抌𠊛玉舂升准尼願𤤰納言碎𠸫舍𧗱治渃𡢐𫅷仕𫨩󰝡𠇮麻者󰒂㝵底功𠃩𡦂舌崔典󰠲黄巾力士哙浪𠬠𡗶舌固󱙃旬阴阳船𢀲官扒󱫯粮群隻船𡮈供娘戈滝吟咍事世珥朋󱲧咹㕵拯奈俸𧗱公擬拯𠇮𩛂󱲧𦑃䐗乙𨖲特𡎝意羅𣻆溋桂牟淶𣼽錦瀝塘花客熠耀往來官客𦒉耀几蓮礼𫢋𠊛𠓨白師𣈙停󱨋𦑃吒𡥵奸謀䋎毒巧言歇藝局成敗侯󱩄𠃅𩯀焒窮通如󱢚󰟀肝如蒲勾𢪥𨅸𬂙㕸󰯸𦑃渚木󰽱󰠱𠇮体像護法涅𥪞𦝄調㩒蔑丐𥏋侯岌󱲩丕泣奇𦊚務餘仉𦑗停停𠀧𧣳浧浧欺辰𢬱吏欺浧捠𫥨羅丐𦑗绳󱙝固丐𦑗𥷺主翁吀𢬭󰬾𤙭𠃩𬌥爲之沒𫅩牡丹爫朱昆𧊉泣灡𠓨𦋦嫌几醝蒸皮酒色蒸類𪀄鵲鵙󱘾󱳜󱳝所𩙻𤻐𫅸𠇮似殼枯眞如󱗴𩛜𩈘如𤠲𫅷極困㐌末創昆末碎庄群梞𢶢欺碎𫅷稚制茹𫅷制厨縁埃分意停悭麻𫅷及几𫅷𪮏如𠀲吒利斫算渚枼裊平生旦課𦓅吏責命身尼󰠲㐌𠹾𦓅𤆸𥒥箕群别春𦓅𢚴𪳼責𠊛些𣅶稚中窓蓬湄習𫗃毛篆雁搭𢖵𦰟𦰤𢭮盆𥯍瀝習情𠄼𬙞隻棹勤挼捻蔑堆𢃄𥯓𠄼𥯓𬙞習𨁎侶堆矣喂罪之𠊛代𫢩𡗶󱚏湼乱事𩛜少添習典掉勤挼捻蔑堆󰅾𭛣兵扔托𡨺𡃚朱𢧚吝矧圭𠊛𣈜春從且𢷣𫥨習情螉賖賖翎𧊉觥觥󱡀呵爲於󰰍鷂安子眞𧼋󰰍󱗟埃某分自𣈜払󰖁埮𠦳𬌓𢚸报󰰍󰘂廛󰝂󰝂𠳒呐空固󰰍麻󰘰𤞻麻固󰰍𤞻𠖤𨖲𡗶𬲇𠺙花榴覩隊𦑃乘廬秃翥禄公卿牟焒金翹鋪色所勢誇鳯翥訴停伶𪀄坤坤奇自𫅮坤奇徐篭绳梗拱坤請台𬚇𫗃畑𦝄𠻵灰忽砂丹𤒛𪹷庄共些衛𢚸𠰷固𣊿遁翼坡𥵗渃𣴓𤊬󱝵𩵜𡗶冷潭𬈴了𬑉猫柴𡎢正𡧲儒𨅾終觥𠰺句翹扯𠰺曲理京簮𤘋󱖧𥮋玳瑁𨦩㧅琥珀㩡掑金明舅󰿃麻撞户馮蔑祝技急典𦒹𢆥停歇貪嗔買𬚊𢚸牟圓覺𣷭官𣾺越𦑃耑退迻󰑼仍飭𨖲𢭂用丐軸打而旁曳隊刘公子䀡詳頭眉󰬭𩈘𤑟𤉜庒而卞筭劍斫養身辞朝告老爫清戈𠁀𡴯𡗶𩄓䏾旌旗干戈論老城池戰鋒停歇貪嗔買老𢚸牟圓覺爫之老到辱𢚸𠊛沛編󱤱約包饒𡥵󰜩𫨩󰑼𡥵𡛔共丐𠸛󱹘朱怒村社辰由官行政󱹘會同耆役底󰥎代表糖𥽢𥾃𨢇牘𥸠椇簡𥸠𥯌𫼳󱪧𠫾𢶸渃𠊛𫽄嗃拱此沒󱠬㗂𨔈𥩍𪖫拔苗擼󰏷挭迻𡏡連𢫝󱪑󱪔𠊚犯徐𪾋室尼戈𪾋室箕積𥢳愈囂囂𩄲耳耳󰏲牕踈柴𫮋禅定浪󰝂秃󰮂升󱹵󱹶蔑曷𦋦𬮙曷卒鮮𦀚䋦󰠲群別󱪃𡗶󱭥𥠬穭㐌𢧚𥠒㐌噤牟𦓿耚穊割趣翁圭蔑稱爫秀才户袁蔑稱爫處士户胡体蔑㝵擬稱羅使者冥司𢀥𠅜典請𪠞𤽗重逵㐱稱罪責襖錦默外襖孤裘顔色如潭式堵所稱等爫𤤰丕台竹床󰑼種強牟石𫢋孛𥒥種柴陀󰑼浸榖吟𥡗沛時𥡗𣃣𪽣𣿃𫽄輸伴田挭𠫾些捻𪽣些旦欺𢧚𥡗辰些擼𧗱𡽫渃群稽准有情妬埃蕯𣷭𢲣稽爫营基底𫁅𨉓󰑼貪唒拫䋦慘坤𢣧脉愁状元𧗱細大提傳軍排席卢皮祭𫁅𥢉庫𧵑渃少之吀朱賑貸吏依例常𡦂春𥢆󰣑直𣌆朝𥪝民󰋇仉特朋碎占治𥢆命沒詔𡎢脇民𧵑積苔庫吳興折󰭼闭除𡨺台朽木枯涅穆𪡔庄爫𣈜𠫾穭渚𢺺𥢬𤞺盒惰穉妾拯咍㐱沈鬪跡󰀑󱓇洳穢枯𥗏收饒穭禿積遺底仃穭梧󰑼姑豆苓󰅹台廊笘冬󰜕固尼𢄂舘固排𠊚些特𬁒捹𡲫捹𫃚秩𬁒捹𥟉捹梧榖𤾓𥞖穭意羅󱙻終星士柴貝柴科𭁈令𣳮空世俗常情󰜋科淨水󰜋梗楊枝固𣅶秉鬚𣘾父老拱欺𨖲󰘚樣文紳世間保浪秃筭升些拯𥙩𠄼斗秃覩涅達𠇮於蒸塲名利秃務秃占駭群𡗉抌被秃擉被𥺊役𫢫北几𩯀鬚󰅹埃北𠁂秃頭爫之翁撼爫之𠀲秃頭秃頭空𩯀撼𠓨󰠳捽𦀊辰𢜝動棱凸洡凹𥨋梞庄求曲考窮撟瓢路沛𣏺堯呆逆蔑丐𪀄卒務春𫅫拯窮鉄鉋鉋瑟突𪡔蒌空䔲突󰑼蒌沫亇固腥臊意亇裴私房蓬礼突包庄堪命共元将敵饒㐌衝時突㐌󱚢時𦋦梅占抛抛牟點玉樁誇突突志凌霜突突乾旗旄突突橛󱏹𦟐粉珠淶突庄枯冲𣘾固突𧋆顛𭛣渃𫔬萬𦋦飭担當弁箕促堵突爭挭分𠄩軍獄𩧍𨕭空麻𪠞𪮴空汰汰盎繁花空摸空沛空钱空摸俸空吏化㧅煩㧅󱳮柅床空𦀻花󰡎帳錦連空院疎空𦂾盘繞戈林彦劫穷庄債𠅜经孛沛尼𠹽噔別𡃎󱋔穷埃庚針沛究神机冲𢚸太子闭除滛𦋦鏡匣丐𦎛固穹楛穹穹穹𦝄政茹紂燶如炪雖時燶如炪㕠吒媄窒𧵆嗔白查典祠傘圓卞合𠅜窒客𧗱易遣凝宮𩈘𠊚於彊添窒䋦愁雙塘生理𣈜強窒𣌋𬋱最󱇹𡽫溇𧯄窒埃埃甕𩚵瓢渃蹺隊主湯伯冷󰟨窒㐱坤船橋船象㐌敦旦𧵆𥧎𬔑𥧎𥒥廠茄𥨨𣦆仍謳私最固神明穭䄧夢梁抏穭糁𦹳秋創朗𤎒爌味香𦹳秋𣱿伩頭𡽫暈月隻弗坡𦠳𡶀𦲿秋𠖤改蔑𠇮蒸𥪞𰿘托計蔑𣈜𫀅朋𠀧秋歲奇典巴迈苔調時庄可称浪孤哀尊號称󰑼徵王設官分聀所郎𭛣爫斫之呐㗶令󰅹禁𠫾拯才󰠳称聀先生時童沛吘朱𫨩祸󰑼玉意鐄尼称庒𤍊𦝄𣋚𪱬辰特穭秥𡥵𬌥𦓿秥丐鎌割𦹵心誠炪𠬠埬秥𤐜𠖤𤊃𤈡𠁙𩡋𫴺󰅹𤐜𨖲𦤾盡天曹玉皇判𠳨𠀲󰅹炪秥圖𤍇咹㘨坦鐣𡬷仔細𣋀𤋹秘󱨀𣒣堆些如穭㫵󱪓𬙾緣辰𥙩貪𢀭爫之清精粓󰺔窖󰝡移移免朱㑏湼𥪸𠫾移皮咹於仃欺鬼神忍𧡊愚公須舍𠳨𣑶𠱋坤透㭲𢯦坤移埃𢯦𫽄轉埃搈𫽄移移移花𦬑卒和鮮黄柿核柿青移仲𠵌渃𬑉𣻆苔𤤰共珠淚王移𠄩行𫥨𢬣扲焒焠𡗶畧蘭芻䏾𢭸𠳒𦝄𢠩花朗𧍝移曲吟英宗秩𤽶𠖿移𫡉唐及段汝谐主星期尼穭買秱秱底朱穭固秱秱閉𣇞些仕者功朱𠊚𥙩錢摱几摡税𣘃衝耒買跙𧗱擬宜󰅹埃󰑼拯禁垠税拯固垠𭛣拯固宜簸箕󰑼稍单𣈙踈踈𬗂䅒𩙌東嫩󱮗𠓨埬𬓰𠼯尸𫥨朱𪇍奴擂核𬓰稠羅楛稠止威灵稟稟秋霜𫔬𠁀祚跬茹鐄𥹰賒納幣稟所妥巾合用𦄾連倍分古𬁷𪻟明遣稟所懒床威儀󰳯杖福𧵑終𪰛祸𧵑終稔𪰛祸塊福𧗱共洡渃蹽𡽫𣦆苦曾𠨪侯隨緣麻稔合稔稔𪠞店󰉺亏於准茹官啫昆啫𡞕蔑欺蹺𤤰稔稔𦋦𠫾受刑象菌羅稔㺔到到丕蒸尋瓢稔箴箴丕蒸求咹㕵神王𦣰𥵾朗𦖑之之𦖑𧡊㗂𠊛使哰都咹都於態凣搙𢴚油爫𢧚𥵾棟樑咹辰咹於辰於𥪸辰𥪸𠫾辰𠫾蹎𫏝󱪞汫汫埃咹弄孛󱲑泟戈歇工花蓮意𨕭𦓡𥪸󱪙𠁑辰沛蹺隻船胞影吝芻垃𡌿口吃羅呐立滝󱧪𦝄辣󰬮𬁖疎羕󰅹立廟蜍於𨕭𣷷滝信腰𣅘𣌋蔑情立爫太子底停台󱠢拯𪟽冲坦清󰡛蓝山𡗶㐌立茹户黎外扃打頽立南立𦊚共盃爫艮盖屋立茹謹令立蛰邊江𬙞糁茹立細㐌庄咍准細侯𠫾吏渚別塘𪠞𤤰恨渚立𠳨嘆付𫽝廷尉判官堆囬庄咍立立㐌𦊚󰁰課意固汫立娄𣈜底庄屯立主恒𣦍免勤陵波船䋥且制立冷店㝵仍满立呈共󰛐北舞珥珥某埋羣傾立語窖世每朝簀󱘀床𡽫渃𨻫𫂮念自在香畑坤透󰟯如來𠰺耒埃乃檜頭浪𠳐勸誘自𡢐𫂮𢚸󱹝𪀄黄鳥箕渚杜蒸𣘃橷𤠄㐌󰁯杜烝󱹐边墻𣈜烝㐌歆丕𠓨少蒸𦫼𩂏𬲇囉空蒸𥶄拖湄𫯳碎𠫾制㐌固𥶄隊𥶃𥵛䇴拉蒙𥶂鄧業茹嫌󰮃主饋渚和固埃兑保几蹺浪眉所𥶂𦷾朋意丕𦊚𠄼𠦳𠅜𤽗子編拯咍𥶂歇卞𣦆𥶂事茹𬏓𣈜麻𡘮國師跡𪧘群𥶂沉香座寶因爲𤤰攽詔䉭𡥵㹥哭𥪸哭𡎢媄喂𠫾𢄂摸碎銅󱗿醜虎𥙩󰐢𦓡𩂏𥙩𥵛𦓡提𥙩斗𦓡𢫝吟咍事世珥朋𬖅𬖅雉爫簾𩂏車默𫺲朝拯恪神僊添𬖅󰝡𦑃簾簷箔𥱫藲𥷓雖蓮覩拯染湓顛雙󱎾𩂟易籠月󱙼浪蘇浪柳没場籠縱時意滝𤁘𣎞𤁕𰿘㗂籟調永悲𣉹特𩵜𫺴籚特𠊚辰𫽄待除𦥃埃隊𥷺𣹕𨢇攔𢬣𢝙唭掩襖急𧽈卞准𬮌數𥸁蔑祝占包索哿󰞯共朋𥸁恒𥪞席制共及饒吒𬂙󱪞拱沙湥𢣃媄𦖑耒拱𢬭𢚸初蔑發春戈蔑發𬖉堆𪀄鵲蒸雙雙堆𪀄鶉蒸𫁞𫁞𦊚馭駟默矛麻𪠞𫁞𫁞𫁞夫車駕旦典灵東林寺𫁞𡾵天子𢀦氣隂陽波濤㳥哿𫁞令招洡翁傳拉轎蹺侯立亭劍󱈘馭𡢐𦋦從棟宇𫁞排年梁平科𥩯碑㐌𥙩勅封鑿連𥒥𡶀𥩯高扢𡗶渚竜節玉渚𢯦机禅竜冬󰋇會岋𡹡󰋇番隊畨𠹳𧹟唭紅玉竜淶動香濃拿淶花霂𢚸埃󰖽𤽸𥯒站自然蔑草庵油𢚸𪠞北勉𧗱南僧爫丙童拱𬓐菓𣛦𨇜𥪝𤽸外𩇢浄土羅𢚸𥪝瀝渚群疑𠳨典西方梂𤽸抛抛𠄩板接渃𥪝了了没𣳔通詩人哴固󰠳欣女朱客嗔爫沒幅端戲󱹢連輦𨀈𧵆細尼欺𢞂󱪨𠺙󰬒堆拱𢞂半行咹仍󱗱橰𫯳𡥵固別機牟尼庒簞󱗭固󱗫𦓡𫽄固橰爫牢朱𧺃媒饒辰爫𨉞㧅被磾俞韜顛艚空補秩𪤄河󰟯𡽫笠󱗤󰟯茹支為如艚蘿𬔷㭉󰀒茄荄󰘂𣘈紫𡴯盧踈󱗢塘𥒥撑夷頓賁𦼔竿高𤾓𡱩体𥴙竹圍觥𢷆𥙩𬏓㯲𦰤枯油払押竹奈枚尋尼汫𣴓体㝵紅顔翁絲扃窘買奇者恩湄沐填󰒂竹枚𠄩払呈信排衝據蹺𭛣竹尋𣳔故人答浪冲数死生𫯝它竹定埃仃鄧󰠲糞羅󰵁穭𬗂𦹳實名香稻味𦹳菟清好極腰粓󱪮𣎃𠄼粓󱪰𣎃𨒒㛪如塊󱝡𠁑滝英如㹥𩛜𥪸𥊛𨕭坡𥽌𥽵𦹵竾篩𥬩䉤竾鄧𥸷責𠊛君子𢜗推園花千里𫽄󰐀𥯋𥯋帝𫁷低拱𫂗連帝固𠬠錢低拱󰮏𨑮固粓辰萬𠊛侯固笓固油辰萬𠊛挑所㝵柴意𥙩符招𦷾𠀧姑隊𥺊𨖲㕑󰅹鈽刀𢲨檜𧵑𤽗󰝂些符法底耒救世藩󰑼笤毛籬󰑼笤疎篱笆藩笤𢴑𢬣蹺笠𩄲迻妾𥆾𫭧𡶀艮魚餒茄強弹強笛強迷強挗𢴑調強犀再𢚸楊后自𦖑別情所郎𢂎傘懺笙衮袍懺笙礼物限𣈜𡞕𫯳󱤐戒𡽫柴尋𨖲爫佳𠀧𬙞買笙才󰅹麻𪧚󰜋𠇮特𠱋黄嵩轎㐌旦𡢐𠊛撟𩯀仉扛頭笘觥𠃅𦹵𬔽󰈠待𠄩𡬷侯悶𫃸和㐌𦖑㗂懸鈴馭侯典𬮌丕卞拯乙答把泊鐄嗔答恩󰮙󰒂𠸗蚤答茹眉蔑盎飭丕底丐筐箕边塘哿𠳒忠挑𦛌奸臣𢬄𦖻假𦖡浽筋不平廬公𦖑呐光藏眜𥊠𥉮眭󰘚床尙筋命恆刁等𤊰味香体㝵刀等󰜋皮花󰁇畧𬑉月𠲖盎眉朋尼它折昌泊共𠬛等等上士證實麻年等英䧺戢𥪞代飭咍捽𡶀係𥪞𡶀景物可𢧚吟詠意庄羅拯捤𪖫筆𤄮劄𫽄貪𪽣奇𬇚連貪𧗱丐筆丐研英徒𣎃𣈜率率平筅旬皮𨒒計娘卞生𦋦公浪丹桂𠄩梗榜鐄𥮋泊㐌停名𪲍㤇饒扑摆𥳄𬕌恄饒𥮊玉𥃑鐄𠤆尸谷𥭛𢞂𦖑𦰤𠺙笛邊墻礙𠻵𧍝歌彈𠁑𥭛󱗷湿𤈛䏾南山藩䉒籬莤高辰𢫝󰜋𥭑佳穭湿辰吏𢫝𠄩𥭑崇桔槹𥭑蕯句𣈜列節店洪仍拜係𣍊節耒辰吏節󰜋𢆥󰜋節中秋𦥃碎沕悁翁𫽄㦖嘲旬皮節典秋埋𡗶清𣷭永霜冷溪冲邊𩯀󰁰分𠺥仍霜沛條咹𡂳於𠱾琴堂𣈜𣎃從容筅𣦍󰑼節渃冲󰑼𢚸綿󱝯󱋓買節空湯𡥵字空𥋳󰻃節滅種𠊚固𨤰瀝𥑥撑剛塘埃別󰑼埃船元斫奴㐌移简𦋦伶俐皿𥚇午𪡔智惠坤窖筭當每皮碎嗔待𬙞𣈜女仕筭事󰀎筭饒爫事逆天別信蚤典朱鳶𠽄情𨅸𠸫𠓀𩈘竜顔𢚸󱳮役渃󰅹筭典棋𢖖吏𤽗姑籠筭使撰衛邊西𤓢𩵜於󰮂丐筩𡎥筩坤皮拮筩乱南別󰋇𨑮吝民如䇺餅扑寅麻咹篙工羅真󱗨囷羅󱗧秃筏󱗦文臺武臺󰑼檜󰼀眉󰅹仉󰅹咍𥯏買頭󰅹台廊𥯎冬移固尼𢄂舘固如𠊚些𪪳老行𥯎保𡥵浪劍没𬂻𢀭𠽔󰋇具吀堆勾対底節蜍𪪳𦀿𨕭辰𥙩𤿦󰮉𠫾濫𥯍𢞂𥄭吏﨤𥴜𥯋㐌爫怲吏﨤英𨅸塘箫丐𥯊拒揆㵢󱚢冲𥯉魚家朱些蒸丐管󱫮欺縱算𨖲半奇𡗶𤳇𠀧𨑮歳當春𡛔󰬾𨑮歳㐌算𧗱𫅷丐箕丐擢時咍󰠃㐱旦岸箕禍箕實哿徒功瓢𡽫箕㐌沛螉簮箕𥸷𦧘英底分箕滝箕𣷭怒埃陶麻溇𡛔挸𫯳𠮩卒堆辰𥙩停𥪸𡶀怒𥉫𡶀箕𦊚𨑮𢆥女油箕怒解結埃群固惜嵩悲除特𧡊𩈘饒油𢧚箕恪体謳扵𡗶𫗄羡簾台箒括𫗄捲簾台箒抉𦝄掑𬮌矯畑挑䈒箇蒸𣳔渃𬂆󰻿󱞶𤽸排察察𨄹戈𪤄𥰊岧髙蹎𠫾𠰘喝嘵嗷蔑命㛪𠫾㧾糞󰅹𥯰㛪󰠳丐𥯝鄧坦𠨡蠬吏𦬑𫥨蠬曷樁吏𦬑𣘃樁𨤮𥯘怨愁󰬥䋦𥯒排卒𢆥端慶學路羅𤽗毛子編𫼳篋囉几𢄂几學路蒸𫼳篋吏几𢄂意合用專所業𣦍哿所体覺縁自節啫娘㧅瓢掛篋𢌌塘雲遊恒遣翁吟踈客場墨恒恒𫊔蒸篇箕什怒𣎀𣈜練習詩書丰姿整篆言祠寬容雀𪀄纏篆曰體篆𣎞熾牕𤐜熾篆竹熾萌󰜋𠇮仍悴緣𠇮篆香丙湿卷經碍𥆾𡓁鴈炭炭篆鴈踈踈𡥵固吒如茹固箼時𣈗𬙽布拮箼朱𣘾掛堆箻侵侵𫴋卞挭渃󰡎沉麻𨖲塘𨀐󰖁𦝄㧅弓箭挭堆󱗰𠓨園割𦹵耒隣󰑼吀於爫悁笈丐󱗯𡃋𥙩𨢇吏朱㕵醝連查󱚢󱗮吟柴𫳭滝花籃羅𬕨花帝固𠬠钱低拱󰮏𨑮㐱咍蒸𥱱𥪞庵𦹵撅坦炪香讀經楞嚴𬏓𠞺景物𥱱𥱱𠖤焒𧍈因排廊𥱱通計户𠸜𪀄坤踭𦋕貝𥱰𠊛坤踭准汚塗買坤事𰿘𢆥𦼨劄𥱬伶伶㹥𥱨㹥炲陰毛羅篭𡜒篭𪀄𬇚𩵜自爫客碑𣇞㛪㐌固𫯳如𪀄𠓨篭如𩵜哏鈎篭畑甕筆󰌎香幅幀水墨架𦎛𤥭璖默襖錦外篭襖單𥉬𪿄𠓨准花房𬁖扛畑󰸟𩄲篭𤌋香篭牢拯計固埃群𢚸㹯猿女𢙇𦹵花寃家󰋇刼論󱚢生昆鬼恠篭牢制排自𤤰𪩥𧻭恪𢚸冲篭色慾外篭奸邪篭澄埮𫇰倘衝𪫢隊杆吏󰞽憹隊杆吒篭欣巴邁糁𢆥尼朱特体末昆欺群𤯩麻𣈙体㐌折落度鐄篩𪩮󰬎暎鼎當玉括𩙌迻搈𢯏昌爫檜煺篩昌爫粮咹卞篤歇𫊚所攕𥙩瓶鉢𤽸和爫剂蔑祝㕵麻歇𨢇唁𦥃𩛷迎瓢篤窒爫吒媄所篤腰吒媄篤󰜋𢚸積善篤𢧚顔子惜之鐄田蠏姑篤外同㐱𢶒䈫󱙦甕󱙺丕㐱查弓𠓨襊丕庄咍名姓󰑼之󰜋𠇮𫼳䈫麻𠫾傳𫩝語𠳐𠳒𠰺昔寧所𢀨函䈫懺生𥺊钱㦖𢝙𠤆醝耽几士𫅜󱳮䈫䈫通𥿥󱚤畑󱚤𥒥別󰘵徐課𧶭󱗵𤾓执𠦳𫄑吀停固悁敬󱗲末孛昆末庄丿曾崔粟囷󰼄秃𧋟𠺠丐槣娘𡎢𥴗𫂝󱏹因𫗃默欺漂木柵簉枯扃茹防欺奸黨拜戈特󰅹藩簉毛籬簉疎𫚳坤豆簇茄官收特埃固讓埃計𤾓󱚢簇動外𦊚方体𥴙竹圍觥𢷆𥙩𬏓㩒𦰤枯歌掉揲日揲寬𦝄𧷺𡢐梩󰜞彈󱈘𥴘黄菊󰝡朱别󰋇瓶𠸦埃窖結部𥳗朱娘𠴍啂󰜏行停棟椅𢬭𢭂玉晋絲秦户潘時撅户陳時簮雖几𠺙簫𦂾𦆆拱堵默麻𢧚功簩藶𣖙簩固欺丿簡課制棊嗔簡蒸折哿户奴蔑職冷簡虎𪸄蒸祿台𦓿󰡎󱝤詔蒲蓮府簟竹琅玕簟竹長匣丐劄極長固空排達𢧚𠅜指㹯浪馭󱗸排󰮔昂姉𢘽㐌固㛪坤𨍦𫀅蓮如𬕳衛𫏾𫏾𫀅吏如𨙝衛𨍦侈麻𬲇停寅寅援淨時㭲𣘃㐌𬕳梗槯散索堆些如体𡥵蚕拱咹󰜋𦲿拱𦣰󰜋𥵛󰜋𥵛繭羅𠃩𢬧絲𥵚𦂿𤛠𢶒鞍㐌𧡊椿堂旦坭鉑印昆𬏑萌𥵖𡳵鐄論翁鈎蘿𥶄撑椥𥴢𩛜咹蒌𦟐渚咹備簿麻𣩂鈅釵句簾󰘇珠𫗄律簾𤘋霜挑想𠊛𢭗景戲簾𦑗󱪹骨扵外󰑼類󱳚黄泊茹庄固某分𧆄湯擬吏咮𦓡𡃻粓󱪮𣎃𠄼粓󱪮𣎃𨒒固包粓󱪴襖𠫅襖𣈙空默粓𣈙空咹𥻸󰬣粓󱪳咹買茄𤋹𫯳醜𡢼醜仍󱡙𦓡𫅷騅馭󰽖󱫈𦀊𤤰武王󱰏𡾵𡖼󰬾𤤰於蒸坦鎬京緦󰽔欺邱󰑰襖𣅶𫢼𢬭裙麻布羅𬘊𦃮些周公𫄑德𠄩王追尊崇祀顯揚󱘴𣳔衞陽𨖲𫄑業茹绳半絲󰠲󰇾𦇒𬙛爫朱絆旦具員𫅷𤯱烘場文醝聖道客𣳔𤅶月𦇒歌聲𣈜噷咹制歇𥪞朝𦇒役政亂於歆𣌋𦛌蚕𦁀𦇒行絲𠬠命生𦖑𦁀𦇒𤾓朝𢚸𥢅忖式如挑䋦煩張水戲𢱖𦇒渃景似厨纏𢚸似柴丐𦎛人事纏纏媄撞拱𥙩據汝撞𦁂䌩卞𢧚病箕󰠳割錦𬘏紅󰝡韶光吏衛漨暮商漪羅㳥𣼹如瀾錦𬘏裊󰔙麻𫄓時𪂲坤咹公徐𫄓沛奸妄康康只篤没𢚸尋生𧋉𫄕風流󰑼槛𨕭𠁀紅顔打粑仍𠊛才󰡛橰𫅷𫥿色吏𡽫咍󰑼惜課紅顔戾派式粉󱳮殘蕋花𬰢壁边東边西調𥙩粉漣泥札仰𨖲壁粉詩󰠲𣳔鐄𡦂𡦂勒珠行行𩛜辰噡𬚸噡𥸷㐌𩛂粓粃辰傕每塘󱲇肉粘旁強於皿㝵㐌固書縷粘𥪞板勾欄炪炉粘案符𬊽𨢇斟白菊花傳清香㨂函打唒粘封炩炩妾𢜝𠇮妾焒𧵆粘娄㝵共𣷷𪖫翁百户麁布𦃿粗強蘇𠳒粗𠳒俗如螉几算刧吏𠊛𢞃打饒丁佃阮匐汝台𬈋粓吒媄鬪𣈙朱咹𦝄渚朱穭鐄鐄朱英𠫾割朱娘掛粓待葛󱭨鐄吏沛饒畨瀘淥乞嘵座蓮怒𥯉麻咹忮𩛂𥹰𦓿溇卒穭𢀨󰋇刼貪婪閉暫𢧚夫婦闭𥹰解煩仍闭𥹰󰅒𨻫𠴍㖇𠴍㖇算仍事扲掑統他鵉另𧗱臺𢭗窓𨻫艮魚𢚸平康𢭗挪闭𥹰𥙩𫯳朱當𬌓𫯳補功粧点𦟐紅𪘵󱰃𡏧𢫝𬮙斛質菭𦑃󰅹𠖤旦午排𫏾粧𨷑瞻臺鏡𣻆𣳔渃矇吏樓粧隔盎𩄲獵犬㹥粦逐屯別尼𤞺𤝞吏坤八猫反烏弋弋色年粦潭槐葉排行畧粦禄庄群貪免特蔑時㪰蔑時粥𠇍𠁀𩛄𮇟固𩩪𠇍𠁀姨𤴪固傷𡥵𫯳糟粕𥺕𥽎紇𥺑饘羅𥺊特猛辰𥺊暴辰錢𡗋錢𡗉𥺊󰑼仙𨕭𠁀𥹸磋𥽇𥻡群隻船𡮈拱娘戈滝󰑼𥺻𡽫台撑鐄時年號紹平𢆥次𠄩𣎃糁𣈜丁巳歳皮𠄩糁群唐疎𤵶𠄩𠃅𪔠摐停𠺥湥糁𣉹鐘打沛𦣰𨂗青米杲糁味尼強𦹳青米杲糁味尼儉𦹳𥖩底帝欺󱣙䕯欺也糁𦓡傷林彦門糁舌多昌筋調珊索襖仃蔑糁𩚵𠄩𩛷噥噎𪪳𪪳精芸技昂搊󱚢貝帖𬞕亭󰅹輸𠊛兠麻吏固𠊛精魔𠄩𡥵精󱚢庫咹滥石生𡎢𢭮曲弹浪責𠊛負泊情性精冲如𩛄󱪷𤀓𩻐𥻢埃喂𢫕鉢粓𣹓𥻠𦹳𠬠曷𧃵𨐮󱯞分酸飯羅粓𥻙𫫷如粓󰐯󰞺𧆄湯擬吏咮麻𡃻紇𥼖穭𥼕㛪羅𡥵𡛔𨖅城眾些制准尼餘糝𰿘𢆥𣷭南㐌𠀧吝𫅫𡏧丕㐌拯埃糝󰝡勢乙拯󰀑吀𡗶朱奇𩙌南朱𥼱碎沚朱𫩖碎𫫜廩𢉽爭𥺊糧𠄼𨑮兆𧯶𡎢𠹾𣩂决固畨劇烈󰜋󱪻𥽌𤽸𥽌粗糠羅𥽇𡎥𥽄坤皮拮𥽄󰐯󱫇𡶀南固𣘃樛木𦼜𦿄󱫛恰𦷾牢可󱫚料所技麻宛亘爫𣟮丕台𡛔辰𦂾錦繞花欺𠓨更𦀻欺𫥨繞𬗰𤤰共太子和堆共𦣰衝󱫙托尼边㙴𥶇茹埃󱲈茹意𤿦伮顛麻󱫐濫襖辰𬙼𡀫㗂𨨲㗂苝外𦖻遁绳遁󱫍𢩽𠄩緣𠊚功名󰫥䋘𫅷屡造化冬庐𥙩制𢞂𥉫𡥵蝒𥿁絲蝒箕𢩾整𠋥徐待埃𥿥赤绳之底𥿁蹎󱫊嫧佳人󰠱塊愁仍𠊛眜俗別庒󰠲𥙩丐錦黄𫃚底中匣𫏾𨍦𨕭󰡎𫃚𡆫螺城瓶荼󱌡㙁質招𥈶𥈺頭隊𦈽焒車列分索青豆紇杜撑离故朋紇沐工阮古󱙼𣈜婆靈妃𥙩纀香羅紫繪󰁰紇明珠餱子󰑼年紇粓𫆧紆𠃩曲淚沙𠄩行暎渃花印蔑朶紅白滕泖沚渃紅如㮠魂花彷拂𦟐紅𰛻汀𠦳琰塘紅眞碍𨀈修朱𠧆刼倍紅㐱黄曷吝青如果紅柿餅羅紅艚船𡮉群掉拯肯杜小鱉螮𨳒約垠斉󱖮卞遣𨙝𫥨𠖰茹边東𢪀宜約姅𣈜吏遣󰝡𠓨盧換骨約飛升約之𧵆襘𡬷𡬼英𠫾渡育約󱧓滝𨱽𨕭命𢵩渃約𩆍霜沙雪塢𦛌蚕𤉗燉𤤰上帝𠸦眉朱𥙩昆𤳇𨔍添歳𤯩𠄩紀滇滇船杜頭𡹡柳察察䊷披𨆝淎花𠫾兜麻𫽄𦀺𦃮𦤾欺奇渃摱䊷埃朱蔑茹冲户外碎注𥿠吒䊷底亇埃咹𪟂吒丐数花桃󰣞𫥨耒吏𥾾󱚢如𨔈𥿗兜麻𥾾昂𡗶𧆄兜拧特仍𠊛𣼽泸祭停固曰文麻讀帳停用䌝𥾾爫之式𡽫引引香初淡節悶康康檜駭𥾽𫅷強跬𧁹強𥾽停󱳮闷𡞕𠤆煩闷𡥵鞋花群𥾽琰青雲梭迻幻境魂如夢鎖𥾛塵寰刧有生絺絡紦荄持桅索固饒紙咍边列𫳭旁世真繒移午簾篭月蔑鉤索𫅷披拂𠃅霜𡥵疎𣒣𣷱𡲤當扶持索皮𠄩糁𦟐紅當撑拯虎身𫅷歲索虚庫巾曳悅某庐居和因歳索㐌󰬥朱尙承郡制𨅹𢱖埋𪬪𠺙末𫶸炪昌泊珊索工圭渃㝵車列分索𦛌胣昌舌呂涅珊索自意天下紛紜󰅹茹拯動󰅹民拯乱恄𠁀五覇紛紜戲繩咍㝵扲礼紙都練扃𣳔𣳔轉𨋤棘花正正紙繚苔園歲皮典哿𢧚調腰紙筆停針拯呐眉撑侯戢痗娘窓紗占包侯吝𧵑󰬥納叛招亡蔑𡗶𩄲合𦊚方英䧺固𪰛咹默渚󱳮算昆𫥨納𫴋䏾𦝄𥊘𥈺𫀅固沛庄朱詳穭秥納於頭坡係𦖑㗂𩆐󰘉旗麻𨖲戈藤縣縣尼小邑府梧州匝納如𣻆滝弄弄渃溟溟練練掉戈納納命󰠵𫀅󰧙代帝王納和辨󰒂𢮪唐喃哪眉沛納命朱蟒蛇王咹𦧘几士𫅜𠰷納納更迡納納𫽄𦣰點󰬾渚𥃱點𠄼㐌𡎢掌紋羅紋盤𢬣𤽗潤之乙所𥙩朝之麻紊紊羕意氷控𠄩󰘂無𪞷𫃡徎係怨齐丐𩯀恩齊𥿥絲寅寅把吏浪吀結𥿗車𦀊昉澄如󰡫料眉𢪀牢𥿕自然𦫼蔑間即𪰛車駕發行假調𤞓絆𫀅情人間如𠁂󰅹𬲢昆伮𥙩濫絆󰮉𢬣蹎伮拱折八𠫾渚𥙩事󱬷香麻絆𢚸丕𨤰󰠳群噉絆𢚸列旦英更候𣈔󰅒仍英絆礼斋插𢯢󰅹𦎛󰅹𥿗󰅹針󰅹埃群底之添絆縫𡹞采石𠄩絆移棹塘𨍦𨳰𫏾絆皮親情眷屬伴𤿤英㛪琴本少絃舍弹酉控無生曲欺托𣈜𬧻吏夢蒸𢚸終荄華亭亭哿終貞停咍𣎃論別它年終福𧵑終𪰛禍𧵑終𪟂吒丐刧𥙩𫯳終𩵜箕𫽄特音󰠐𢚸英核鐄𦲿𣳔終挄繞紗絁窖迭年紡絲絁縍論先曳林𪹷爌踈踈俸竹𩂏乘凉亭永朗朋絁𥪞固𠄩㝵默襖撑隊帽絁紹𬌥撒尿細帶襖細凶凶課默催秩𧡊三雲暎鳯庭尼尼罕㐌細清明朋禀𤎒累朗清閒些舍安隊分隔滝𢧚沛累船仍如塘連埃固累埃鬪於府紫麻羣󱓇緣凡𫢧󰜏如曷𩄎沙曷𠓨閣紫曷𫥨𪽣𦓿頭㐌殘𩂏𤓢拯𠓨避塵﨤𣅶清台演音𠱊󱫋󰉏唎喃哪娘户武貝𬗔丕傷𢧚𤷍遣𬗔於蒸𥪞園銀杏王觀󰑼𫳘𫃤𣳔儒家𠅎钱𠫾渡吏沛𢹣𦀊石生纀公主󱚢𦀊底李通捁𨖲匪所昆𡛔蒸𬖉朋𣘃松𦀊蘿𦀊勃爫餅没𥿺冗拷如𢬧行𪘵架槈秩連襊檑盧黃脱塊𥿺寃𢫕頭蹺𠎪百官𠓨跪絶𩂟核屈䏾𠊚𪿒銀𠄼𨀈支𨑮賖󰝂業李自意絶沁坤懞𦬑𣟃坤啉木䒹楼西月擱𩄲籠䏾隘北鴈𨖅𣷭絶潙󱭔𧋂𡎥哭絲絲蝒㗒󰑼蝒𡮠𠫾塘󰅹󰋇𠁀絲蝒特如絲蟳乙絲月老車𦀊赤绳悲除俸𫥨𢚸汜統底身尼𩯀夢絲萌麻量聖多端急貝俸𫥨𢚸統𢩽為󰠲統渚󰑼大圓箕曳絬𤁕絬遣𢚸𥒥𨫊𢧚孱𢧚漂給朱軍𠄼𤾓遣分打府天長給𥙩礼物爫碎称神八品𢆥𠸗凭具給三場科怒𡦂𡗶朱𢃊結仍几燒󱉎主𡗶尋扒每尼傷所𦾢𧅕󰊧湼率㝵民拉𦱊結𦰤寅寅𢀦吏制共𠀲曳𢧚排曳拯朋技尋堆𫅜吏結緣買𠊚些分𬙾緣𢛨買結伴供饒籺霜結𨕭梗如珠梭鐄𥿠𫽘烣殘絏𢒎𠫾買魔𢹇襖絏𤍊𤉜絏𤽸墨󱰃營生遁女𥏋毛秃庫󱸋𧋶錢楼󰞺䋘繅絲󰑼䋘和苔和連碎它別𡢼英耒󱫏󱫏𩯀󱈘𫥨𠊛𫨩悭箋誓共草󰜋章百官會合跪奏𢜠台𦊚𣷭󰯃收蔑茹𥘷五陵招賞錦𬗗頭蹺隊䐗停𪪳老行𥯎保𡥵浪劍没𬂻𢀭𠽔󰋇具吀堆勾対底節蜍𪪳𦀿𥙩𦀊𪤻𦀾所頭𥙩錐焒㨂所眞𪀄鷹𩛜𠝺所嶷𧋻蝮毒哏所䏾綢繆𦀾𦂾固常󰑒𦀼固常盛衰𦀼絏𫃶󰬾代𦀼業𬈋柴皮󰬾繼𦄌𦀼創𨢟𠚢更𠄩𦂾𦀻更𠀧𠫾𦣰傷払分泊扵𫢫拱為月老𦀺䋱䋦紅𤾓次税税之拱扢捽秩寅如撻𥿗𦀺𦀚󱏹号沃蓬綱干䋥縆𦀚亇散𦊚边娘户阮𠸜羅琰蒸㛪𡛔户𦀚行边外𤽗陳渴眞丕𢀭爫󰑓狭爫单送塟朱安魂魄媄店讀經貝葉羣𧽈㗂縈樑加持計㐌𠀧冬𠇍經𣷭釋蔑𢚸讀收碎󰅒等賤門庭圭務態渃𦀻綆事常縁絻繭絸㕸名䋦䋦小姐仍𣈜道聖朋絲䋦矣𨱽蔑䋦愁貞恒𪹚丕噲𧽈幔撩䋥襀拱撩熊魚坤劎沛饞慵綿線羅𥿥󰵦弹綿𡭉󰵦軍連失次乱行干䋥𬗥𦀚亇散𦊚边山君𨄾吏󰜋邊哏𦀊𢲫𫃫摃𬨠𪞷塘䏾翁迭仍𬄹銅壼𫗄𦁼囂乞𨕭頭墻𪿙網𦁹𦁣緦𬁖移𢪱対䏾楊𤋵油蛮鍾固号鍾綿撞鍾永永凍連巴回綿保朱特咍称浪滔信󰑼綿𣘃欺鵶吝綽𪀄𧗱盃柴丘陀羅燒翁修定綽衛茹婆夫人蒸衛茹𫯳𤾓具車綽𦷾𤽗忠彦𠻵所吏倍𪠞債躡綽接金串羅綴紇鐄㝵𥪞船𥙩𦀊麻綴秩悶冰𠇮𩧍𪠞𠊚辰𫽄當丸𨨲襖古綡綡眞吏𤈜𤈜花鐄迻𩙍屯屯傘綠張𩄲從且丕𢭾從丕󱫕𢃄𢷀𫴋丕󱫕香羅油𢯰台丐鞋絩钱𥾾󱫕襊晡晡𭛣官添󰑚皮皮几意渚𧗱几恪吏郎𫃷𢂎弗厥𩂏包朝班泊黄珠宝𫃵钱饒世黑絹𫃵顛疎絹𫃵疎榾𦂿馭塘𦂽𦁼尼埃單𦂼逸緘俸仍店清月擱簾𦂛賖𪿄䏾㐌畑𣅘󰘌樓法茹拯𢯢󰟀𦂛嬏英𫳵女󰝡衛後宫時牢奴𤯩意縁拠之太子𫀅𧡊動𢚸造縁𫏾𪽝絲紅孕𢧚群縁挸仍󰜩絲歇縁翁老拱撝爫𫯳輕綃緹花侱眾妾欺𥄭𡗋卞練典󱬷斈耒𫥨練習文章格󰅹󰟯𨁪書香默𢚸召咍瓮比𠺙練欽亏呐唭練練妙常練練䜹排浽碎碎白𥛉柴柴傷𥛉耒練練奏𨕭祝句萬歳𤼸𨖲九重俸謗鳥世爲練意群瓢練𥙩之爲感情瓢練閉饒霜種苜飾蒸祭耒仕囉練練梅生緬緬𨀈󱚢姅𢜠姅𢜝別包饒情𠤆群𥾽緬和𥹰决學道牟發足超方𧡊𠊛色𬙾眜󱳼麻𥪝緦想動𢚸奸私群緣挸亇𪮙羮夫婦道常拯特渚𫃸宗和沛蔑堆欺㨂𦄇襖古𦄇𦄇𦝄𦼜𦿄繚𦄄𦷾恨拯特扛絲丕麻𦄄撟鞍馭衛傷辰𦃿禿朱撝呫吒翁𦃿茄𢬣𢱖󰠳𫽄𢱖𢱖𬆄𠓨𦛊形容拯特𦃾羅點粧固几圭於塗山荆门𬙞縣吒昆𮎦雄𨀈𠓨𬮌縣󰀩徵底公子直𦖑澄没尼䌫𦀊縎󰬢和岸縍縍㖫香桂糝幅熙熙英式春邏台乾造窖縈運㐌典玄英節小春𠰉𡂒埃別意𫅫縈𥪞𦀊小𦲿恰園縈橘𣦛𬏓𠦳琰昂𢀨仙跡𧵆𧵆渃𡽫縈繘饒分有情系󱪾芳花揖伴故知懺生網𰫲丕𬀦連𦋦蒸求緣𦄵絲補㝵意嫁朱埃𫯳𠊛袄錦󰮂香默𠊛𠴹總𧋉咳払喂咳払喂妾𤊰縁払固世傕壬囂縸病阻衛趙佗吏遣使𠫾嗔和𡞕𫯳𡗉󰝡黄縷𪠞謝柴法雲侯𡗶𢚸乙㐌仃斫縱別󰋇斫横計𫔬悭縱𡗋事𡛔𤳇𫽄仍吏󰂇身埃𠳒𫯳㐱世間𡎝𫵈𩄴𥐆縮詰油遣吏衛戾𡑝柳園花拯吏如顔色課𫏾𥪝𫔸禹𠀧層𩵜𧿆茄刘平網󱫁迎昂堆些如體𡥵螉𡥵󱫀𡥵繘𡥵𥪝𡥵外爫妓固傘固󱪿固香案悇𤤰固鐘厨念佛英如󱪿紫傘鐄㛪如𥯋𥴜積󰜏行補悁織羅滅𫄄𦃿𡱩单𠄩𡬷朋姅𡱩刼底𢵋𦃿𫄄󰒵𫄄𡦂𤵺近𫷜數𫄂𫥨曹浪堛意才名因縁㐌結𥿗𫄁低󰠲𥙩仁爫丐𦅰丐𦀊𥙩義爫丐木丐盾󰜋𡑝淋吉也苔𦎛矑渃水梅𤷍𦄾𩩪石壁𩄲篭窒秀清江流𧍰繞添奇異紅素繞色堵連白素繞壮式印移移繞花𧺃繞花𤽸固沔噲翠花洋𡗶繞式玉春粧牟紅咹催猫𢫙㹥繚渚兮涓退𦋦𠓨砲非固句联対繚𪞷楊徐𥋺𧡊𢚸它生疑典蔑准墻壁縈繘殿茹嚴瀋𫥨扒𥙩𦓡繓奴吏󰝂呈󰜏䀡󰜏𠰺爫牢克終添󰑬唎姦國瑱默沛㗂冤舌𨉟官高󰅹典羕𠊛𬏝𬲇娘些些娘𬲇姅除𦇒𫄊淶𫄈󰝡命耨細景永岸箕篤志修行紙𦆙𥿠把繲𬗢香論屏𦎛𩃳篭鞗羅繮馭󰜋𥵛蠶羅𤾓𥵛繭简定𢜠𧡊𠄩𠊛󰟯埃繪辣󰟯埃󰭑栣𢲨𢲨芣苢𠃣浪𥙩襖繪𦷾玻璃𨷈坎式藍喑時意固繩𥘷𥪞村歳皮󰁰𦊚󰁰𠄻隻繩󰑼捲子捁孤教牛固号域𤞨域𬌥合绳刀枯庫绳鎌技𬷤殼鋸𧤁移𦖻繩𦀊線󱫆固娘默襖𫄎𡨧騎𧍰點黄𪽝边北吏丕𠃣浪𥙩襖纀𦷾絲𤽸爫𦀊纀𦷾𬌥𤙭纀榾𥋳悶㖇香󰁇倘倘味迻𦝄𠄻詠詠𡮍諸缺暈󰅒𧡊廟傘圓缺蔑員判事坤𥙩埃料銓朱從且油些外世届𫃵羅𦃿𫃚中代貴人貴物每㝵全奴倍傍𥪞屢客命改幅巾羅㛪𫢩特及羅枚嗔爫師友隊𣈗𠳨查𠇍𢆥爫󱤅沕羅輸沾𠅎虅沾務𠅎務拯平筭朱及時𫏾安家室𨍦𬀦罷兵浪子羅𡥵罷罷𢚸爲曰擼北爫南油油𦹵󱢔花残󱚗󰭋󱫞各𪜕黄盆台𧡊英㛪𬙛㗶風流石公爫𬙛部倍鐄必左𡗶高𣷭𢌌包󰑼役夷麻𫽄沛󰑼役些芮󰪀林󰑼彦等度持朱𥘑󰑼枚䁀󰅹尼碎󰑼夭鋪嚕槎那󰑼昆吒㐌末尼󰑼末每昆時爫丕浪牢󰑼特恩󰪀盎那局行樂世󰅹朱沛法拯戈󰑼󱫡眜買庵𦖻吏固槐花羶俸綠式春蔑點惱𢚸饒傷喂𬮙𨤮長城車吹󰅹透𭁈𬙽信唏𡗶朱吻性䝨𬙽習耒性買𠚢情怏怏𦧘昌𤈜𪜕蹺銅𤐜悲𦎬潔如衝阿魏﨤仙翁变化朱碎𢧚𣉹化𫥨𠊛𫅠󱫥㐌湼鈽些吏󱸎丐銶些建羡味香易動𠊚奇園養誘裊初冬羡𩈘頭梗課𩙍搈庵葉𪀄呌花侈動易󰟯吏吸干湄最𡗶灵臺瀝蔑󰟯清𤇊𤇊䏾焒󰟯󰟯畑𤍑雙咍𥙩義共爫伴𤽗仲逵雖𫽄疑邏雙群悶驗所實路󰑼𤞺兎都唏共𧍰意類物情縁群󰡫固尼揾語天台蕉夫挴檜𥘀𬛕群群呵拯悶𪠞󰉹羣店𢪀吏辰戒庒羣沛縁香焒共饒車𫅕路𢴑𦲿橷買󱚢𢚸些拯羅𦎛𦎛姥𩄴離鸞琴𢭮曲別鶴𠀧𢆥耒𭛣𩯀䘮美苗拯变𦎛鐄𡮍分𫩉㝵爫𦎛朱𠇮𤐝咹時羮𩵜渚枯刊几責几求㝵嗔㝵改𬮌朋羮㵢群緣挸个𢮪羮固福𥙩特𡞕𫅷𣽤𫔳𣽤茄吏𤮿粓羮坦𬙼𢲣𣘃𣓆𫑃北南停事戰争民特安苓茹特𢪀宜﨤𠬠仙翁变相朱形容窒𫅠𭛣兵埃几罕𫢩仍𫽝囚落底𣈙扵空妾庒𤵺如𠊛蘇婦󰬷功𧯶㐌罕灰麻皮李通𫥨迍石生爫𫥨部罕灰仔細悲𦖑罕於朝中仍󰛈妬呐戈𦖑此甎甓󰑼丸壉辣𡏦𦊛皮𢆥尼歲㐌外𦊛𨑮恒礼頭𢆥𣎃𦊛夢糝合所𤳇𡛔󰜏𫅷㐌𫤯𨑮𦊛𡎦󰮂𫔳𬃈𢭮書𥙩𫯳𪠞制泣𦊚𣷭固飾哿神通水線𦊚朗移移俠子昆罢咍悲咍吝罢蘭劎咹清清罢泊吝吝埮撑連遣󰝡𪠞𪟂共炪罢󰞿㛪茹箕欺群𥘷固涅凛實如罢𡗶麻𫳭庄夭制恶罢因意吏於𣌋最念經蔑皮正直罢𢚸清核罢共用甘抛罢占城囯倍常𬁷牢魚鱗瑰罢插排固𣘃梅𠖿𣡚所𣡚羣𬙞分𢧚署𢧚柴為固𭓇蒸意𪻟排署木户陶先羅嗣亮歇罪五逆朱朋這珊𤽗韓生𥙩拯固罪之麻沛𠝺𠇮𬈋𠇮𠹾埃卢抪𢬣受罪納朱縣堂碎㐌援拱空他底爫罪𠊛些󰡫尼固𡥵罪𤯨庒固𡥵罪𣨰𥖩𢴘𣖖者文章經史󰒍通恪常眞𢬣𠇮󱫣𠊚些頭𬌥𬰠馭筅𪜀夜叉体軍𬉵袄牟黄扲旗四季𢫝𦍛泣尼課特司倘鳩弄渚侯年𦍛㝵召苦𦍛󰀎買生特身尼美鍾殘景率踈將軍擬𢭄孟美䐗可𥙩𠅜呐吘󰂇昆若它瘖美慈買停嫁朱吏戾世常美枚令愛昆𡛔美皃邁分海棠花𫃵式披美皃󰬾𢆥耒𭛣𩯀䘮嘆𠺘𫺫𢘾灵𠸗󰒂它結󰒂情渚匪情朋徵折檜羝泖沚律歇怛𠊛麻無礼恪夷弹羝󰝡昭隊方蹺𣳔麻𢲨𦷾𧵑𠬠銅功𠬠𥘀務夏𣈜𨱽𦓡務冬𣈜󱳻昆㹯丐𣁔𣁔丐𪀄𤽸󱹞󱹞𨢇唁摸吏麻󰎓朱払杏元𦋦歇茹外󱗛肝心息𠇍𠳒云云󱤠最直侯小童𡮤一俸󰠳没㗂天雷失驚魚愕如𠊛症癲𢙇𡥵󰝂嫁𫯳賒󱙹󰑼秩𤻼𡢐󰑼秩𡥵冲茹柴伵呐󰠐杜釋奴爫𫼿𡓇𤻭蚤痒𤻭痒疴𤻭𤵶𩵜𤻫󰬲𨱽𣈘𣈜念佛道牟如空别󱤞回頭羅癡𫨩噷之眉布𨆏𠫾𨻫羣𬏽𤻻隊催窖󰠲渃沚瓢㵢項哬𤻻𤻳𠫾𩟡𤻳𠫾釋迦佛祖能見性𡎢雪山枯肯𤷍癯太平󰁰斫𪿒𤼸白寃産疏即時𤼸𨕭箕如户許户隋渃𤼸默渃民離默民粓咹𫽄特朱𩈘愁󱩃󱩃矯群辱殼𬏻𠊛衝披𢞂𧗱秋痗𬏻𧗱秋𫅷或化步没𨉓𫅷或𤴬𪽳决情庄傷泣南北䀡情𤾓户埃󰑼空𤶑󱩏劍鮮𦥃茹𧡊媄󱼗󰵼,Nom
vi-du-tu-dien-dan-giai-nf.no.txt,𨉟𤴬病敗𢬣蹎列𣈙仍𠊚㾔㾀𪽮𤹒𫽄於大慈辰扵武崖󰊄𢯦帳玉雪󰍹案硯𤾓𢆥碑𥒥拱󰍹𠦳𢆥碑𠰘吻群渚渚𡽫󰍹仍󰒂𫽄󰍹呵𫽄𫅫派派仍麻𢚸𠰷󱸡到悶特𢧚孛發𢚸出家秃收吏發救方民󰠃碧桃㐌𠇍發󰝡花倢倢和團炵𤒘鳯囂囂󰋇發海唏𦄆隔𩈘渃鼎當󰋇發厨箕鍾搌羣󰞴丕𢧚沛𡨺󰭼𬌥𥒥󰠳磋産𡶀𨱽沛庒俗號城𤾰黄巢挼󰪀𦍛󰀎盃朱年皚典昆哿年皚來𪵯皮庄討蔑命癸礼精晨登連瘢𤴭伴𤿤几滥沛𤴬𤵊埃呐朱特弄吒沛𤴬疸悲除󰑼体󰅹為女嗔停蠡𥙩𤴬或派瘖𤴬苦𮥷𣎃𠀧𤴬𧖱𣎃𦒹𤴬𦝄女欺㾹𤴪苦𢚸虚昆𡲤吏損功娘𣈙媄𤴪吏性强溪乞㛪象添窒墨堯訛分仃之监呌冤暴慢立法倍分曳𬏝丐𫅷𨅃󰫿㐌蹺𬆄几它󰬷特恩𡗶恩拯汝把󰑼𠊛愚𬏝茹石室唒𤁕綸𤵖鉄名将軍停𬮙刼群𦹳澜秋水𤵖春山紙𤍶𤵖悴硯滛󱧗傷瘟病疫廊𨕭社󰡎少夷𡥵󰜩𡚢㤇󰇏辰払吏𩛂𠱋欺𪽹㽻別𢘾𢚁埃疹羅𢧚𤵴娘浪𤵩𤵺别󰠲生浪弹𢭮𦖻𬌥𠽋唭𡛔𫯳𢩽庒症奴辰疾箕𠊛些症󰅹疾意𡞕昆𤽗黎遇𦣰病侯蒸拯別文王染病󰮃宮闭迡奴群當被病𤴬𦣰𥪝箕㝵些体蔑𪀄惡欺意庄群拜女吏㳥篭共庄固咹帝之𤷍痀麻𬚸奴年如󰌎丕疾饒󰔃別味君臣意怪𠰚𤯨每𠊛每𢝘𣩂每𠊛每疾楊浪嗔拱終𢝙爫之𤴪㾉如𠊚仍仍粓咹拯特𤷍㾆𠊚㐌吏恨昆󰟁情咹𡗋拱歇𠰘唁呐𥹰辰歇調坤化㾄京都拱固𠊛㾄蛮夷拱固英徒状元仍𠊛㾔㾀𪽮𤹒朝寂寞㐌𤷍𦎛兎𨤔萧騷吏󱩋花畑吏添瘘𬏩四肢闷𠫾遶妬麻𠫾牢耒傕唭𦵚吏𤶑眉柳唒浪埃拱𤶑眉淶珠浪英最吏𣌋𠫾𤹘𤶑𩅹𪹷妾時於空碎󰅹𢚸固四知𤯩𧗱涅𤵺苦𧗱性𣦍坤藝賭博羅坤𤵺𤵺准文章意𤵺坤仍牟𩄲碧共痕𡶀撑襜印俸雪𩄲篭痕𧄈𠇮芒疾病痍痍埃奏役之𦣰語判𦋦悶朱病意鄧痊沛尋柴法渚專󱙊㝵㾑𬑉㾑𠰘𤷖㾑癮胗𬏱𡮈外𤿦惡阻弹婆瘖𤶻𬰢𪖫𤷍𤶹麻吏潤精神媄𦓅𩄴㧴梗𣘛防欺焠𩈘𤶸頭忌埃戦不可敗如痢及尼死地別才丈夫時埋𡗶共𠵌牢如痢𦷫花菓供養婁𢆥庄痗󰬾𠁀𬙞户茹芌瘋羅𤹾󰵼癩羅𤹾㾔𡶀𤷱𣷭𣴓恨意坤嵬󰜩餒𡢼𤯰𤷍𤷱𡛔餒𫯳瘖𨉞𧷺𥖩磋主妑㐌固彷䝨𦖑𧋻神係𧡊𠱾𤷙昆隊遁揚埃眷旦欺奇𬲂別𣘃𠡚𥎁功兜麻󰆵𠊛仍添𤷍主󱙟打𨢇痺痺𣩂𫴋阴府劍夷𤤰吳󰋇發痷󰠐羕霹靂󱨾痴䏧𧋉麻𫃚𫧾仙𧵑摸秩钱麻庒特咹菓𣘛消痰𫦵旭沲醝生津止渴課尼庄戈𡗶𰞃𫳵𦓡沕襖󱖮想浪瘖跩化𫥨空奴如𤞻𩛜扒乾拯泥㹥㾵拯筭𤞼󱨝癰󰎃局󰎃𤹙頭𤹙𤻤𩵜𫽄咹𫜈𩵜𤹕想崔𢟐㤕𦲿肝𤹓𤴬󱙃曲如𢭻如𢴍月娥染病瘖𤸼󰮂𨉟𤾓惨㐌󱳮吏愁獅子昆瘦人靣子果瘦媄𦓅𩃳㧴梗橷防欺焠𩈘㾿頭忌埃𣈘戈買噲羅𣈘𦛌㾶如㙁胣𣟮如荼病瘺女遣准㳥渃𬮙琰氣瘴霧𠄩親𠀧𠁀𬙞户茄芌󰅹𡽫𫽄𡋿󰅹神𫽄󱩁威𡗶没𥚇四方󱩁肝黨佞稽𩩫𠎪邪𠹾辱繩󱩀欣𠹾𢢇英㛪埃󱗚別󰇏𠁀拱沛倍鐄之㐌𬏽𨖲仙牒香欺絩痗渃𪾺技𤄮𪽸痒羅𤺶呼癆豆蘿武癀昆𧊉𧊉邑𣘃𤷍𤶹丐蟡蟡𤻐󱩅󱦷咀󱤦庒聀朝󱦏𢆥嗔𠡚膠山𠬠𢈱責姑行󱩔於𫥨𠄩𢚸節春分如󰑼𪀄󱳗節夏至如󰑼渃㳥㝵假曳𤽗所茹𤽗意病急嗔恩斟酌昆𤽗𤏬昆𤽗𥊚𡗶󱚣外坦如󱭥𫧾󱚣𢚸黄膜𦧘󰺞没𣈜没我𩄴桑𤿦瑁懺𩈘𩯀霜點頭󱹹㐌𥹰𣈜艚𤿤拱固虚捏扵妬空便󰅒皮𨕭𪾆蒸時亨泰爫蒸主民物銶鑿丐独皮皮魯󱖮於欲皮庄益約皮把恩明主卞呌翁舘吲浪可筭攕󱙯徒咹朱皮包匭皮包謹封可𨋤神女可皮恒娥𢀭默分庫埃皮度清閑倚一二厨󰞺扒孛顛茌小彭䏾𥺊師皮䏧蒌哏碎律𫽄𠲖除沛欺呂𨀈盧皮細低皮𦒹󰁰餘糁𫡦秋埃可皮意𪬫付默𬲇春撴𢱜󱢵𩚩撰𥃛𤿤檜昂𣳔汝戈滝江蒸𨱽丕拯可𣳔𤿤丕主翁吀𢬭𠬠𤿤楛󱕨𠊛些𤿤怒𤿤尼保饒打𤿰所㗂榮店時炪𦹵共𫃸𣈜時𢶢𤿰共𦖑迎昂網󱦈馭紅旗𠖤𩄓坦𤿰𢫝󰠓𡗶𠄩边辰𡶀𡧲辰滝固沛低羅鐱𤿰空呵浪𫽄沛連蒸𣯡󱡒𠊛𠱋呵浪𫽄沛󱢴蒸𢚸胣𠊛𠱋革履󰑼𨆡𪾉搓城固皷店𣈗負功天下困台饒吝󱩕𠫾㐌𡏧隔塵󱩕庄𡮶䏧艚含螠固白紅碧巴味種饒月白暈青𤐝每祖禅河淶浪官𢖵馭白𫕰吏𢖵𣘃𥛉𫢋𥛉祖白𥛉師具帝鐄低拱銅󱰼的尼靈應拯摸糊庒唒之的名市㗳󰑼碎弩囊台的當𡥵藝拔刀秀的仍唭荆軻亇的撑厘便欺執整皐中抉外遣蒸湼𣦍𠓹汰汰待𤽸丕喂軍吳秩𤽶𧼌𣦍定卞秩𤽶𠇮𣈙操𦋦魄𤽶爫𤾓𠦳斫朱特別信昆於󰠲由𦖑󱫟丐吲𠻀安𢚸𠹾領󱤰𢥈事󱙀寇𫽅盗𬐾蔑𣈜合賓客爫蒸盎制打泊𬐸况之共󱩜分𣘈粉𨻫𢆥𢆥直分房空𤽗馬亮曰蒸盤𪮏加𠓨𬮌數合𥙩𠚥勁盤𦛌遣𢚸貪渚𧽈黄嵩𧺃𩈘焠肝不盛令俸󰮃盤秩𢝙仁󰬥為𢲣坦福代代昆𡥙盛欣初仍勢焒羣盛燻燶可𤲼㐌𢧚盛𧵑盛𠊛蔑化𦋦𨒒𨒒化𦋦𤾓盎眉箕蒸𤽸丕𠇮𦣰盎𦹵麻羣冷霂淡襖麻侯㲸盎公名𤾓塘𢶿也盎騷壇𥙩爫蒸欣價主碎蔑盎𡆫團封功交坦底傳𡥙昆盎那𢚸实酉咍羅盎𢴿喝咍羅盎打旗绳󰅹𪾋混翁低眉固㩡𫥨低𪾋𠳨貴人𠊛於兜𬺗低救妾𤽗於󰠳𦓡沛奴扒𪾋如丕㕵渃平盂固号安盂化年𠬛湥泖特沚包工皿昆󰻛󰀎甘竹凣皿噲浪核枚𦣰𦖑㗂𪔠𪔠更󰬾𣃣職占包矗醒𫥨眉𬙾辰眉沛𢥈𦣰𣈘𡗋几睈󰻃約𬇚漢字𫽄别漢西字𫽄别西國語拱󰻃滅催時衛𠫾𦓿午𪽗渚𥅞底麻󱩪命牢𪽗𦣰𥄭𫽄動底麻󱩪命僞西𥌹𥊘𩈘外鄭森𥪝吏差𠊛求封昆𬑉𥋲𥋵䀡矑𥊚浪盈東西埃朱蓮悶𠬠盆埃朱𣔥橘𤯭盆榴㰀涅泥盆顛宁泑沙匠㐱實署盆双离昆宜信爫丕時盆凜𩵜盆𩵜洡舂升𠊛盆𠊛別待滕拱埃盃博󰋇胡𣋀泊閉汝𬂙𧗱漢仍縁之柴隐麻𥈶蔑欺𧡊公藴時湿紙麻盃󰅹埃易固𢚸眞實於世信之𠰘待盃埃咍准圭𠊚盃蔑姉蔑㛪𠀲於𫅷意浪盃娘所遣丐蜆盃盃曳消瓶盃号󰑼灰瓶白匙窖達号浪時盃㝵󰅹𤴬昆末麻𫀅末𡗶固益之庄盘海兔𪮏為光脚板燒隊北北盘真󰣑温经史最盘文章娘𧗱典准楼春貝鶯盘泊佳人󰋇𠊛坤咹盖𢘽咹渃侈𧡊𠄩昆𡛔𥘷挷盒𡮈粧黃𢬣仙㨢盞𨢇桃庄𠶖辰惜𠶖𠓨辰醝若㐱𬐩皮道德姅間󰆐貴女天宮盧換骨約飛升丹神買服坡𥒥盧趨拯齊渃沚𥒥盧趨踈笱碎立咍边󰑼盧江山撩󰠱繓疎𦝄清𫗃沫乘盧興濃咍󰠳定分由天𥒥沕𥾽肝拱嵗月渃群󱩭𩈘𠇍桑滄𥄭𥌈𥉫𥌈買𫨩山水有情𦹵花󱩢𫗄燕󰞿迻𠊛奴𫫵饒𠫾㧾𧵑𡗶沛欺𡗶𪿀𧵑𡗶喂捁鋸捁橘咹𠃣咹饒𦣰󰠳𪿀帝奴𥙩𠅎鋸󱩡蠻溪盤事伏波𥉲昆𬑉𥉲濯城𨫊󱩯振丕高可𬏓󰁰丈呐耒騎馭𠫾毛揚慈󰮘󰮎油油󱩮珠昆𤳇絆莂咹󱩮拯衝庄沛吳庄沛些没命直蓬空体󱉎主支秋共蔑團仍聖男朝直預於边右箕粓咹怒𠊛𡎥皮耒朕俸𥃱𠫾𤎎󱧿眜𢴋𢴋𫽄𥃱聀槐𬃻矜𥶄塸矜𧖱沚旦󰠲𧋆矛旦帝𢆥丙戌軍矛麻哿𧽈折害󰝂打𠄩󰁰餘𰿘昌𥐒𪻟直式麻排泣歇羣臣󰀎埃尋𡱩𥘷中直体命婦𨅸󰮂講唐棖禅定𤞻𦣰直𣡚時斎猿辱󰁂碎歇𣦍朝直主昆恒討敬蜍吒端门秩󰘂掑杄軍𧗱𡨺𫃚直連𣋚𪰹䙊󱦎𦡟蟡䀡拱𤗖簮掑𩯀燕𥄯强鮮覬覦𥄮𥅡𠸦埃㨄𥒥才穿鑿昆𬑉矑𥊚𥄭賖𫡉塘渴𥄭暫擬󰡎𣘃丹楓𠄼更辰𥄭𥙩𠀧𠄩更𥋳𥉮役茄爫咹魂蝴蝶𥄫𥌬𠄼𪔠兎𡶀太山髙位位渃魯所𥄡𫀅意順𰿘民烝𥄡鳩忙苦看匐辱忍折合台昆𡥙眉碌碌丕行客󰑼𪪳咹眉盃制𡽫渃戈𣈜養身咹眉祿𡞕虎𤽗世󰑼固尚楊邁林夷昆眉胡達初箕占城眉某歆遙𢚸墨客其埋𣈜𣎃𧵑詩人工𢬣扲丐玺符典遣眉摸嗔爫媄昆另命花月范房庒特忌命浪卒洫眉吀曲𡧲仍𧖱穷眉果朱眉亇眉号沃魴赬瞻椽眉旁庄㵢睫毛篭眉門楣眉󰁮壙髙門栓杄󰁮凍包秩世繁󰡛蔑段醒眉美鍾殘景卒踈𡬷𥢆𥢆仍𢠩恾𫳘思題󰡎𫳘相𣈜𣈜𦝄𦓿䏧恥相虞句論事數乙𨎠論事理麻󰏙相𬰢拯朋󰏙相𢚸術仕𫀅相断量浪悲浪払𫔳儉茹卿侶堆呵儉琴冷迻緣蔑祝𠵽哺時特輸連分蔑祝𥅘咀麻群𡘮連技𥅈眰如柴𧴤拱聖𠫾兜拯𥙩斈儔欺𠊛些杜𥉈󱩦麻𥉰𦊚边󱢛打如湄𤋵𤋾𩩪佞𣦍𥄻眜奸碎年咍年巴課󱢇咍多眠泖沚𫲼昆亏真真棱𥿕蔑間𦫼了眞南園獨樂𥱱𦫼於坦南陽塘名利丙村眞𬮌權險旭碍村眞特趣清閑揾養身道德盃台免𧁷巾權门准意𠰳村眞群筭𧴤鶴䀡朱買停𠄩𬑉操𬑑翁𫽄𫥨翁绳𫽄𫥨绳講經讀偈𬏓𣎃𬑑通󰬾天黄石𬑑通功名𠄩𡦂院共和𠄩番兵𥈵斍𥈵𥆃没團昆些𢀲㖂埃𥆂特些油特共饒甘𢚸𥆂𪾺𤽗程𥆁昆𪾺𠃣󰏙實㝵𡨧欣代㐱傷𢚸眾饒荄䔲歇辰𧗱滕𢝙眾伴𦓡掑茄𢄂晚最𣈗𫥨󱚢默眾縱横𫽄兮𨤼典眾生󰜋𠳒俸𥊛孱𡶀边賖印𣳔执眰𤗖𦝄招𥉈眰如柴𧴤拱聖蒼髯傘樁訖𡗶眭世梁橛㝵才大夫𥆁眜人情䀩丐鴶󱩨𥆾𥪝固没払巾󱓦味矩襖長渃撑世间𡗋仉𥊚𥇀𣈘七夕𥊚𥇀𣻖𣻖溋漢北梂烏𣋚󱓽澟传𠽋唭仉𥪝𥆾𧵑𠊛外秩釵𦋦情𥆾忍𦋦𢚸㤇親𪀄歌𠰉𡂒𣷮弹䁀當京城矇䀲𡬷𡬼朝𢚸渃拱没󰟯如筅𣎀𣅘仉𬈋𠓨茄爫咱𪾮眜底麻𡘮𬌥𥉫𥇻𥇻𬑉𥇺𦧜摛𥇍𬂙𫥨𠃅三䦕𧡊払年少落𡶨艮󰡣㘇笛竹哰嗃誨𠻵歌𧤁岌睨𥈺𤽗殷貴󱖮從敖睨桧睦󰜏底𥪝杠係埃𠳨𦤾沉香𧵑󰜏几𬂙柴伵几𥈶󰘂茹𣋂𣈕生𨇍𨀈跢邊塘𥈴𧡊簾絁𨕭樓𣃣𨀈𣃣𥈱共饒𣋚󰞴仉待𠊛矇欺󰅹役急吏𥈰𠓇𦝄卒𠄼更𬂙𥈬吝吝睽秋波湎㳥傾城睽𬑉𤗖𦝄隻隻𥉰窓眥𥉯𬑉𠄩更𥋳𥉮𭛣茄爫咹喜童𥉬眜󰟯迻意払𥉫倘倘𥉫𢣇𢣇蝒箕执整𠋥徐待埃𥉫𡗶𥉫坦𥉫𩄲𥉫𩄎𥉫𩙌𥉫𣈗𥉫𣎀𥉫朱蹎𠡚𥒥𥎁𡗶安𣷭𣼽買安𬌓𢚸仰𥉫𥈿𣩂𠫾耒群𥈿𠓨󰠲各𠊚㑏𭛣户沛𢷹㑏䁛朔謹慎餒念尼𠃩曲󱩠䁩𩛂䏾𩛜𡥵󱦆󰂇咍𣷭愛咍泡渚時群𬑦命󱚢爫之日輪󰑼𪾺𡗶蟾輪󰑼𪾺𦝄𥙩英𠫾󱈘朱毫崪𡻋𡶀幽高賖𥊛樣乙囂𧡊丸𣘈𧺀𢣸鐄㩫𢱐𡏧紅𥊚䁾京華旦边墻𥊘眜𠓨𥈺制𣎀𣌉𥊘吏𠯇𠳒𢚸𠊛岩險態𠁀炎涼季犛𥋴𥊘鑊陳决𨖨仉𢄂衛𧵆安孫昏𥉹眊𥉹𥋶枚󰅬卒卒丐鬚𧏵坦兜山水󱨺󰟯󱡬䁩𠵴仍感傷浽𠵴𣅶𥋓吏𥋴牟楊柳時勸払停𠹾爵封㦖𤯨󰝂𪿙撅者𡊰渃𬑉澂瞳昆𬑉䁲懷蒸德翁申公淹順󰬷𣦍󱙶路󰑼𡥵眜𥋽蒸買𢀭責𠊚君子薄情固𦎛麻底边𨉓𫽄𥋸𦎛艚𥋸𤏣𩈘㛪𩈘払𥋷𫀢侈𧡊蔑茹樁升𠊛𡛔󱚢𦋦帝𣈙形容𥋷𧡊拱生𥉫𥋵𥋵𬑉𥄭𥋲𥋵𣈜𥋴𦎛烏底渃𣈘掑略兔𨕭空及欺庵净賞梅𧡊詩鴈呐師𥋳𠸦奇仍調𩈘惮眉𠫆庫𥋳渃碧𡽫𩇢𥋳永𨤔𥋳饒如鉢渃𠫆󰑼欣役𥪝廊沒碎𥋳奇𢝙辰𢝙丕羅𢝙世𢝙世些瞻沕𤁕𪷰媄吒歲作㐌高矇𡥵報答劬劳生成󱩣𬑉悶𬛩𬑉󰎷𥄭𢚸󰎷𦖑𥄭𥌦鏃羅󱩱󱙺小牢𫽄𢪀󱸝𨱽󰝂尼愚眛聘尼才情朱各官陪審安南󱡓󱩲景清󰟯意庄𧗱擬城愁高貭層層没園𣈜󰊄𣎀𦝄矧蜍㭲知吏固号竻根茶趙老餅韶陽排禅子矣群𠲝渴𢬣𢱖𨔈𢬣矣𪖫蔑命咹默歇包饒荄歹爫之闭矣刀塘𠫾渚底柊荄𥗐󱨰埃恳事之年麻庄佇朱卞󰣡拱󱩼林女払世澤所塘𣦍𬆅准󱸍󱨰刊塝如莊𡞕𫯳時拱磮如𣘃株息渃󱩻坡𥔜𥒥㝵惵盃掑簪玉碧𫳵𢚸󰬥餒䔲荄磋運茹土調撝奇奸吝昆金拱瀝空伴拱𡽫渃𦹵𣘃咍󰠳𡗶坦運磋𠇍𠁀,Nom
vi-du-tu-dien-dan-giai-nf.no.txt,𩙍𡶨撑磋𥶄瀝湄𡶀綠儈𦝄欽官大夫㝵君子渚𥙩些爫固磊䏾鵶東𡗶㐌𤎜㗂𪃿傕磊㗂寒砧户王󱙻噲喜童筆硯𢬣磊容儀𡥵茹唐林生固英䧺闭除蔑道軍䧺磊欣𢚸𠊛咹磊於寺󰠱边名利弭皮親唏𫏾東磉磉景侯𣈜𤅶洞林箕拱錦齊蓮房宝所磅𡏦𡔒𧍰忍奴奴強凶興拯𢧚𢬭殼朱尚恪咹㗂確確偷店体尼抄確㐌眉泥更遲畑杏林滛勞確漏更𪔠點𠄼嚴莊𫔸󰡫𡑝權𨎠碑下馬秩䃛馭車爫朱𥖖𦢉姦回麻𠊛沉浽𥪝𠁀𢢆𥢆沙吉礫𥖔客浪空別併𣦍茄箕杜什船尼𥖑散大鹵列𣈙𥖎浽坦朱觧渴産糖𥖎糖配茶烏龍香木清奇浪𨢟磴𠄼𫢩蒌苦戈𫷜生𡥵杜魁元尼䃣節點奴瓢菊香庫秋風月苔戈耨船阻煙霞󰠱尾扦𣋚𫢩碎𢲨特挭桧󰠱𤻻過𡥵𧋆杜󰠱銅斤船情渚没命倅󰠱之𤽗楊湛恒𥙩態驕爫噒審擬𢀦󰠱𬧻爫󱠵㝵𬖉片月准長安時󰠱蒸襖𢶢列朱㝵遠塞󰠱󰞺默油𢬣仉𢭹麻㛪沕𪧚𬌓𢚸𣘈吒天錫咍𪿸特𠦳㝵蒸托拯咍助特蔑昆蒸苦拯貪𤯩𪿸拯𤲼扲扒蟹黃𥗌𧍆礩𫳵空塊備羅󱼓旬論院併它空吹簾疎𫗃𢯰𦝄穿㗂𬷤寬日楳鵑󱳤𨱽㐌成𠸜噲柴徒𬑵吏固分欣住客𢮿𢷏𬑵哏𨱽𥐆𨱽壽命牢低調羅宿報𣈜𣈙丕𢧚樁𠤩糁行𩂏矯傘𩄲𠄼󰬾式撫台幔矯麻几恪挰𢺀如䊷固䉅易麻矯𦀊庫𪰛󰰐矯困咍亨𢚸觥矯滝強矯觥矮侏濕𪿏㙮怛𦷾搌󱹳󱹳鎫盘鉢󱸌溪黎薊些𢶒襖𫥨𠫾遁𠓨昆自途蕩𦊚方晨昏仃𰦫道常爫昆𣑶䕯真㳥絶潙恨縁促𰦫傷𠊚巴潙旂󱢨宝盖傘篭幛幡楊鼓捤󰻛梗楊玉𥺹戦洒𡊨場石冲棟𪰛拱固㗂工工𠊛些𠫾迍𧗱堆身英𠫾𥛭𧗱󱸢󰜋𨉓󱪌守餒󰪀󱪌花殘𫀅玉用震雷󱪋動疾雷󱪋𬞕窮達󱩿咍尼固命伮𠫾辰昆𡛔昆特固堆空欺󰅹𠫾󱪇㝵些調𥙩浪等賢執皮𥪞看朱𥙩爫𦛋胣𣌋𣆐𢚸信𬮙役𫽄𪟽拙󰅹󰜏媄𧡊楳謠𥙩爫𢜝𦓡嘆哭王老斬猫辣𥙒𢚸馭首坐𤽗潤之撰𢷣𥙒典省官試𠄼𣈗翁𥙒細尼張公𦖑呐哉排所𢀨固官提学户竜囬京皮及順𣳔𥙒戈我𬌥𤙭爫󱦌祭神法门符水欣𠊛遣邪爫正遣灾爫祥渃滝汶沚措措㝵𪠞侯󰞬𬒼𬒼軍步軍車𬒼𬒼𠊛渃周調明麻卞亂單哰𥚇如㗂簧鎫𥚇朱离𤽗潘隊時󰏙濫麻拯敢𥚆丕𥚆𠫾𥚆吏蔑傕除𥹰柴買󰘉𠳒呐𦋦𬑉𥚆景象惱尼可伤刀曹支禄頭形𪀄拜稔𪰛禍塊福𧗱共保𤤰牢𫽄𡨺廛信𦖑昆𡛔朱𢧚祸尼歐些𨷑會寔𢝙祸漢固賖吹尋旦午祸𢚸𡗶固厚共庒沒𬒿香𦹳透九天𩄲𧏵𠄼式月層印客才情皮及會靑年局行楽特包饒󰑼𥚥帝𠊚掑窓北囂囂𠖾几篤󰝅禅了了𬈴雖浪𠸟趣盎禅双群勉道聖賢詩書啉𠽍畑杏強愁燒燒鉄鎖耒碎禁繚近滝咹待埃𬈋盤饌苔𥙩據固嬰吏禀嗔衛𨎠青魚亇禀撑為崙命姉㛪胡𥚯󰋇𬂽𠊛𢲛滝𢲛波易𢲛𢚸𠊛群縁挸𩵜𢮪羮歇縁𬄃𥚯荼行拱𫫜先人拯固福侈補昆戊瑰蒸𫢩𦊚𢆥丕英尼吏打𩢬些低寔𤑟爫福沛罪朋某丕所性虎𡨺俸爫官福及時箕神江瀆丕頭鄧謀意㐱吏咍塊禍債縁伴侶傷払善招禍柴僧𭜨氏牟傷𢚸𡥵𥘷䜹癡﨤干禍󰊄灾𠖤不期𤈜城禍𢯦旦欺浽打饒𦣰禍埃爲𢶢𬮌馨外意油群襖𥛭奇𢚸慢答𥙩唏共𠄩𠦳𢆥𥛭凭𥾽坤𢯦𥛭矢𠄼𠀧茄泣堆共饒廛𡨺𬮦河防旬削奪底和禦𫀢𬓛制㐌𣦆沔村野別󰠲󰅹坦󰅹𡗶𠊛𫀢倘倘坦𫀢𣊍𣊍國事共扲家事共𫀢咍𢚸付默彙髙審禮䏾尋尼准永清𤾓官󰝡禮綽孛𠓨旦厨報天俸󰠲体矴𬈋𠊛典𨀈戈矼𥺊連沙𠇮𠓨𦋦𠓨强󰘚呐𫧇𪿒調吀官英空𪿒碎吀尋特𧡊辰傕𥓵𥑂𡐮餒寃𥓅𥑁賖𧵆𥪞茄𠊛質󰜋吝如𢬧盎文𫧇飭業斈研𠖿𢸾𢬣󰡎物𢬣𨕭炟𥑥𦋦𦟐奔𢷆曾調𨢇唁拯𬋩𫮦𥑥炟𥑥𫥨𦝺陶𤒘圖𥑥𫽄洙拱体󰑼棦𫽄𠮾拱体柑𥑥𤒙𣘃𠰺欺𨖲馭𫴋車𥪸𡎢朱暈𠰺𣅶髙樓𬡰𨢇咹呐朱𥑥瀝𥑥生𢪏朱菭襊貪𣈜𨍦梨兵細尼如󱁲弹𧋆如破祖蜂石生破櫃朱太子𫥨破破㟁箕𢫘𠮾吃渃滝苔破破臺買固󰖽𠒦𠒥㺔羅𥒥性慈庄妬常制馨羅𥒥共󰡎㭲核遣㝵𦇒涅𢚸胣𨫊𥒥丕𢧚庒𥒥拱乞頭包𣉹朱𥒥栍𪴉辰唉結義知音貝𨉓𥒥迻添𢭮𡬷煩戰𦝄初㐌󰠱願詫󰠲󰡎𡗶爫𥒥昂藏𩈘思想𩈘𢚸嗷喭𢚸堆埃如𥒥貝刀能𥒂辰色能嘲辰悁隻船𮥷英踸𥓉𥓉英辰扲䋥姑𨉓魄𠀧払歳𥘷本𣳔豪傑摄筆硯蹺役刀弓因欺𥪝盎戦塲玉琨𥒥碔埃詳別朱𥛭矢𠄼𠀧茄泣碓底傳碑𠰘刼󰅹𤷱碑弩強信金薺姜碎拮𪡔橙薺扒礼底和浸争𣈙碎忌柴吏求朱特別信昆碎於󰠲𥪝權麻庒移經敢吀𢌌準𤗖情碎昆碎廛𣦍扶拉主碎䏾孤臣頭扽泊訴念棄婦歲戈撑󱋓斟酒瀆𣈜𣈜𣴓碎抉疎閑准准收碎媄𠬛林南𠬛𦍛漚昆糁迈召𤈠召列庄碍庫看㐱庄兮蔑丿碍慮民閑蒸碌碌揞𦃿對絲㓠椥󰝸䃆頭𩈘容嬌悴柳𢢆梅朝清󰖽丕調䂾萬全𫨩裙𫨩襖𫨩唏𫨩羕𫨩𢩾仍𠊚空𫨩欺󰏙𬂙拯典蜻蜓存存曳堆体蔑󱎣跪𨕭墓媄連𠳨奴眉爫帝之帝浪碎歲󱎣𤵺󱚆󰡎凣𥘑固易埃𠁔共牢朱蔑盎竜雲塵埃𥘑特󱠯巾匪願福𡗶造化羣腰奔𠃣礼󰬥埃几拯傷𤽗侃礼力士撟礼帝轉移庄動礼固卢琴弹蔑㗂民𢀭堵泣隊方𠄼戈𣎃吏計吝𠇍𤾓𠄼礼爫身𤞺猉𫠿󰜋礼吀𨖲求嗣冷共与漚礼庄定礼其列麻其帝短鐮礼海色世課㐱倘鳩渚昆礼於工弄媄盎功名𫀅礼乃尼名教𧡊㗂𠸟鴨󰑼丐越共𣳔𪀄离奪權時㐌拉蒙双离吏𢜝渚衝蔑皮󰮂茄㐌固圖𨔈双离吏悶𧵑𠊚添生林离秩𢃄青雲𨅹𦝄𢯏桂噲春󰘉塘青豆紇杜𣛟离㨶昂參板旁斉如离𡞕𫯳如襖𢭮𣦍𢧚离調旦城离摟准𪻟士王治所意岌󰁇𦲿用梗簮信可信時疑可疑代商聖别求伊尹拯疑撞𫏾㐌於𦷾𤽗潘疑𥪞占包所感𣃣﨤蔑𡊲坦邏初𫢩空埃別翁意噲浪準世界󱮇課𠊚邊西󱮇𨖅坦世界󱮇辰𠊚處意㗌愚訥役茹辰𢣅役注博辰𤯺荼󱮐󰠵過㐌𦒹𢆥瓊揆傷台親漢郭巨󰘇茹沙𬍏蜍母親針𫵀蔑皮安𬐩󰬷固皮瀟灑春色𦊛務𫽄率兜率㝵民拉𦱊結𦰤寅寅𢀦吏扲蒸軍𠄩𠦳䐗苔𥪞率爲𡥵疎率𦥃調輸功旗𩄲法派𤐝󱙼𪤄滝率体率𣵰㐱率率麻𣵰𪠞繁花蔑段醒眉各聖罰命為約泑事意債󱪃𠫾空空󱨥𢴑饒𧗱耒浪呐世辰𣜾𦤾󱨥咳𡎢淹些計朱𦖑㳥湎𡽫撑𣘃𢫝征𥒥搊溋泊渃󰍡玲憲宗爫𣛠󰍡玲驗󰏙星度運行空差瀋朗昆𡛔𫅜鉄葉葉瑟押尼喬日花魚亇瑟洡制边池悶𥙩理利害共保渚遁另麻辱答義些麻拯𫏙理沛理時蚤㓠頭悲双𡗶厄渃朱眉扒蚤𪻟㐱排婆阿蛮𠳨蒸欺意請柴爫牢上皇歳㐌班𫅷󰅹埃垠禁特󰠲𠀲珥几刼𠀲㕰柴𫽺卞襖珥𥶄狹𠓨𡶀黄山拯別所𬧻羕󰅹丕𠀧升󰜋畝税田珥台方之坦几𢄂𤒛𥺊珠𠺙檜桂於兀時欣饒几重問名󰑼礼誨先把𧗱納吉丕連嗔珓視明白兎現𪡔蜀王誠意懇求俸󰠳江使現󱚢金龜鉄鉗琴瑟及𠓨琴𫼲鈽㧺計𠦳冶長功德唉編朱𣈙𢴿船𫤁琰典圭茹柴改𠄩昆𪾺蒸姅除曾剛󱎾麻朋𠦳琰䒹梅湄瑞梗楊𩙍和亭香迢迭󱋓瑁仍醝為󰒂仍𢝙為情爲妯篤道蜍姑䏧瑁𩯀鶴𦊚務如春𡎢瑰𣎃𠓹免𣈜戈函印宁瑰先人拯固福侈補昆戊瑰課特巴倘鳩弄䐗㐱朋瑰泖嬪妃淬𣴓𥗜󱨤󰋇包弓矢󰋇䒹芝蘭漏漏󱯞莰玻瓈卓𥉫景物瓢𡗶𨔍牢易󰝂𤗖󰹙朱朋曷珠過亭㨳𥶄𥊛亭亭包饒󰹙傷𨉟閉饒悶修厨󰭰孛鐄厨箏孛坦於廊少之甕通渃甓爌󰅹排貝玉𤤰碎道奇於𨕭頭𫯲𠻇𢜝遁罪軍𤤰㨂󰀑𣈜兵權爵禄𤤰攽𦃿𫃚計𠦳鐄鉑計𤾓特尼𢭸玉𢭗鐄時催武公虎𢢆掣包𡓮珍空改理󰅹朱戈荼𤬈沛㝵牟卢舍光瓜僕卞例常爲槾者桃𠊛迻瓜意些招瓊尼扱𩕳𪲾沒𤭷漿沒𤮒倚蘭皇后󰇵甍𠢞𢧚丐󱨩邑㘨仍劫扑買安塘生理䐗冘吏青河旦坦相公体仍茹瓦楼紅卒台礪𤏬𤯑耿𤏬𣃣暫權強𫳘瓯鐄敬天𫀅治朝廷󱚢𦋦鉄礮瓮令傳信同同󰅒時瓶沈簮技湄散𩄲捲涓玉食補香醪覩𥺊𠓨𤭶外塵沙漠𪭱清亇溪𠻴偈𪀄棱𦖑經琥珀預荄蔘󰡎坦娄𢆥成珀󱪪𣘃穭稷蒸𢧚󱖮𠫾戈蒂沉󱨯𥪝𢚸如醝𠫾戈帝沉󱨮𥪝𢚸如醝小姑姑哿甚䝨折几㐌頭羅𤽗子嬰拯沛孟蒸㐌甚仍碎𢪀事尼甚𧁷別𠳨埃特𤍊雲蒙户羣於世時傕𠊚仍渃𣳮女𥋳󱤂夷喭吟典畧亭波樑空燕󱨲窓斜蝒扛𬌥󰹛沛由座案準朱󱠾󱤓特󱠾𧵑𠊛𠊛底𠊛󱨳故牢破害朱窮買他史䝨經圣󰋇甫𠰺𫢫急𠫾庒肯呐甫𤑟𤉜朱台奴实凶徒体牢台丕渚甫哙姨甲兵插産自茹衛共趙尉𢹣𦋦隘秦及些病意乙苓鉑錢冲襊産仃包饒囉樣𠃣䊚𤳰𬰢𪖫窒産牀梗鐄蘿玉産疎渃称蔑号𢆥餘𠄩𠦳朗𦖑貞仍盘桓𫏾座𨅸産边盘𡎢涓朱𢧚仍几𣦍䝨眜𥋳𠱄呐吏𬎶爫𫅜𢀭饒𧵑昆拯固山脊𤯩𡶀足臁羅𤯩真鼻根𤯩𪖫足臁𤯩眞𬷤𤯩嗔爫𠁀治某𫢫平吏𢧚𡅳啂𫯳𡥵外和廊戶𥪝󱨉冊畑時蚤容恕養餒执之𡛔寡麻𢙇鎌󱨉悉除人我時𬎷相實金剛吒生媄𤯰固𢚸意󰠲媄喂𡥵𤯰𣋚󰅒𡥵喂媄拱𤯰𣦍𣊾𣉹藝業扲𢬣於買甘悶呐汝撞伯麻甘𢚸𤴬頭淋炭苦辱身尼拱甘婆𫅷呐𤯆𤳽娘仝𤳽𦓿𤳽爫咹𤌍𤍇固調慢欺淚江州滇渚𤳷為埃𨀈塘𣈜没󱨺󰭳小姐𣈜没𤴬𢚸别离𡥵尋媄媄尋𡥵𦹵𣘃蔓漠渃𡽫󱨹𨓡或饒古改曠固林󱱁娘𡗶娄湄害𬏑旣𡛔𠀧𨑮歳㐌算𧗱𫅷𪀄𰙔𠰉𡂒󰋞弹䁀當𠀧魂𬙞𡳺𠾕𠫾網桃張輔特世埃當󰝡兵撟典破散神符变𦋦上捧𤑟𤉜变相随󰡫午昂埃當𤕔媄養誘腰當因用所爫官伯寔使城寔使𬇚寔使󱚎寔使税歇渃㛪吏𥭑崇𢫝𨖲招𥿠檜乃󱖮畑店店拞炪畑冷𦣰拯𢧚職𣈜時支塸於散店時差㝵禀申業陳自意体衰𥛉耒疎歇始終翁𣃣草疏底𢞃𠓨奏卞爫文疏沒封𡄩求天地土公灵神冬夏󰠵㐌初咍蒸意󰠵𥙩蒸詔結竹炪𥙩蒸󰸟𣛿樁式𫯝錦󰠵别包𨕭梗𫚳呐󰡎𬇚𩵜唭󰠵瀾𩯀󰑚挵𨦩𦝄腰咍󰑼𦁀󰑚役茹咍󰑼德泊咍󰑼才疎蒸道𡗶窒公麻拯私蒸䋥𡗶雖疎麻拯律𧗱茹咹粓買荼绳京奴𠳨辰疎空之𢬣扲黄鉞金戈𠇮默襖甲光󰡛㖂羕某甲尼極󰀎罪人鋪戊甲隊課未來謀由𣈜𫏾求婚𢬭灵光弩特干據尼枯考四時󱖮畐餅枯援卞割界分朱蛮城立壘蒂󰑼司明園群樁竹當𠄼畝𡛔𤾓畝𪽣拱㗂𢘾𫯳制春矯𣍊春𠫾丐𫅷崇畜奴辰蹺𡢐畧𡑝排鑊油𪞷油㵢畜畜畑車𪹚𪹚𠀧𢆥鎮守留屯𣈗辰更店𣎀扽役官花堵賴侖𦮲束小兒𣌋𣅘巾󰘚畧頭分𡥵侯𡨺𡥵侯𪾋差󰬷初略意㐌願𦎛箕昆多細唐略弄媄於工渃㝵䟞探衝觥𠄩處意辰𧡊𬏇坦卒𡀫天下𠃝皮𨍦𪽗羅𢧚義󰞿㛪盃些共眉渚信蒸𠅜㝵恪㝵君子蒸𪠞役午𪽗渚沛饑渴𠄩喬𠲖戾納󱚢𤲂花癩瓜羅畬𤝞王瓜羅畬𡬼畬酶咹𣦍𪜀彦番𫪹門番折主番𢢲胣乙󰑼罷兵胂𦧘󰹬為世固󰜩𡛔冷討曠濫功德爫󰜩朱妥志󰜩中塵埃渚累埃尋常廊廟𪽛蜍祖先爫𪽞咹粓𬛩搸蟳咹粓𨅸汝仍𢚸𤳇𡛔丕甚拯咍𡨺󰞺𣦍信丕世事𤳆腰妾悶𤳆時忠孝𬈋頭𡛔時節行羅句𢭂𨉓意蒸士󱓦𣦛𣦆代拯𤲼󱡶奸𤲼官大夫拯敢𪠞蒸𠅜吒媄拱可𤲼丕楓宸󱦦𤤰󱤅園坦𡋥𣃣󰬾𡱩𦹵穭爫㐌泟耒渃󱤅潙𨑮群度󰜋𠄩𫽄貪󱤅奇𬇚連貪為丐筆丐硯英徒𨕭上殿聖像󰋇座󰬯鐄珊瑚琥珀倭漆羅山󰬯日本船固󰬯頭𢚁𢬣柴相𡭉𠳒󰬯𰔐浪志浪才誇𧧯笔花油󰛕𢧚幀𥙩埃麻認湼情朱咍王維固筆𤳰图双台官浪呐拱𬏘𠁀情𥪝㐌丕理外姅𫳵化年殳湥泖特沚包工皿昆󰻛󰀎祭𮁡𥛉奴𠹚𨱽𤵺牢𤵺𫡦𨑮𠁀注圭𥘪𪞷体俸󱏲清边𫯝麸殼補奏祉𪡔片󰀋𣈜春𡎢󰝂勾英斉𠳐詔蓮󱠢荒滛補𭛣葸排拯𫀅固咍敬𦷾盃昆𡛔𥘷侈体昆𡛔𥘷襖撑𠄩㝵㝵󱓍准󰅹離隔𡞕𫯳奴分𥘶󰘂茹奴󰝡𧗱桀特封墳立祠準意遣民奉蜍石龍子丐神吝𠳒聖𠰺句句玉筆神排𡨸𡨸香牢咍肯順隊典忍折󰀎祝𠯇使𪀄撑停祝磊空別姑𪀄祝於󰠲昏真断俸祝昆末連創即時歲糁𠦳碎祝聖君𣼽朗𦓡𦖑奴祝饒祝饒𤾓歳泊頭鬚餞迻𨢇祝󱙉𠀧󱋓奴矩埋名󰑼薯蕷觧热除添祛冷󰘩撞李歆許誓軍吘𥙩𠅜𧽈吏祚茹陳軍調𧿆踤𢚸𤤰𧡊丕極𢜠盤夢説浪意𡗶祚些索軍󰟨𤁕坤當𡗶󰟯渚祚神󰟯渚𠳐㘨祖堵包𠺙吹祖侖似瓢扒亇念包便欺祖腊底防拮󰝂鑿井耕田自在閑祖初𠊛於北方𠁀西漢乱移郎南城盃𪀄鳩典於𦷾犝犠盘𣘈排産𡥵𬌘盧公固意𠹾輸𠄩盘悶沲󰸺𢚸冉隴痗𠼦𪮏𢭮牆固𦹵茨拯可𢭯特丕固㘨粓𬗂固𣜿𩛄蒸固凌𪺛𨢇頭如頭𬌥󱙹䏾固𠄩蹎蹎辰固󱨎如󱨎馭想払𣦆仍皮𤓢弩課渚𠓨厨及哿𤓢𪸯蒲𣘽𤋵𤓢吏𪿥𫽄𠫾𣾼𤅶檬𤅶姻縁𣌋定𧗱茹𣱆梅烏馬昆馭顛󰮅亇恧哿俸毒肝逴嘉王御𣫕𧏵改元关類昌獸󰭨𤠄檜庒清淨渚和煺燉𤔻𢬣㩒奴吏𢜠饒丐事𢀨𠀲辰摸爵𠀲摸官𠳐恩聖律媄𤕔蜍柴學道󱉎柴㐌𤘁𤘂懞歲柴吏𤯨欣翁具柴妾薄命尼𬮌茹緣𤘁𫯳昆恨𪢍𡎥边𠸦𠀲喜童𤘁𦖻標梅庄敢搪箕怒傕𣩂耒注爫苦碎𠄩行朱淚如𤭸渃󱦤固馭顛全固馭黄󱞭因縁時節丕爲固生固死𠸗󰅒恒例惜𤤰和吏惜𠁀󰭻𫅷惨切𡛔󰜩歹敖𦹵薕𦹵葭撑歹歹荄歹爫之闭矣刁󱨵雙桂𬇚清池獴𪀄花𦹵少之路𨔈󱚢共娓些修懷修毀𠰺払殷勤各法𨇜每才鬼怪神驚夜叉𢩮細弹𪪳𠬠段遙遙朋㝵瘖󰪀𣈜𣈜似每列禅板󰑼倚柴外防欺每辱𢪀宜中茹𫏾固頭𨍦固𡳪蛮貊慮每外夷噒𠅜声教可宜邦隊塵塵刹刹如來眾生每𠊛每固花蓮𫅷辰每歲每𪬡艗舟每船固枚昌㺔坎𠓨󱹼弓䏧亇枚󰥎襊󱙻𣘃錦󰭦論花邏𦹳菟買共𠊛漢󰭦𬛕自𣈙𦹵爫禫花爫幔坦爫氊󰘂殿讀偈蔑欺浪丕綽孛𠓨中殿閣水晶典時体殿茹高哿官蹺朝插行殿𧍰閣鳳䀡時󰬥𫢼為󰠲𢧚餒󱦣扛忍油𫔬刼敢捐𤯩爫節義𣨰𢧚福神渃滝󱧪𡲤㳥毳𣳔丕據雷陽扒𡥵侯芳花𤠚𣭃戴帽朝毛固名寬寬歌曲毛毛管絃𠫾尋󰜏拖毛𨖲翁𠲖密箕待㫧号󰑼夜毛樓臺毛日拯固塘可通些卞民耒遁𨕭代几𫅷另𡎝凡𢚸民下姥㤕車𣱬羝更遲店永氣𡗶窒與氣𤍌㐌吏収山岳名邏群傳底國家耗損奴蒸氣奇精实𨒒歇𠀧歇𦊚歇𠄼漏更歇鐘呌數窮氣債𤙭帶群氣裺裺仍𠳒呐𡮈如󱣁𠓨𦛊波濤灡㳥因欺𫔮暇咀嘆󰇾金環𥋴湥灡堆珠渃冲𣳮𫆧瀝灡𡗶坦𡶀󱳀渃焒𩆐𩙌擬盘固象變化庒穷舘浪及六湄󱧌螠𦣰𣷳汫𧡊包饒𫯝浸󰷹亭𧵑𤃠𥘉𥘉固妬群𧵑沉𬁖固麻空萍𤃛霜󰘚坦𤂷潭潭了了溋撑渃似油𤾓𣳢𠦳瀝沚衛朝渃𣁔𣵶成瀝昆鯨鯢𠓨瀝固欺拱𪬡𣘃延延𤐜󱳨󱳨渃瀝瀝𣼽瀘辰拱𫽄𤷱正專拱𫽄山𣘈底停滝溇渃濁瀘瀘㩒樔待渃包𣉹朱冲𣳔渃瀘𣻄𫽄㵢󱠲檜船埃瀘𣼽邊滝𫨩羅船住俚𨔾𫯳碎庒固𬟻󱟖𦥃𠄼𬙞󱮁渃腥󰷺𠶓𠾷勾疎𡳵𪠉唏呵󱋓𤄍興茌雙㶑㶑染疾𤷍勢乙拯𧽈打捧𬼀𪸄劫觸犯廊𢊗雙羣疑所几奸𪸄勿䐗通𠰷𡗋茶𤇨渃𤄲瓢印月枚弄花磋俸隔窓梅麻李槾滓𤄲清𥪝洶湧羅㗂渃𡚡㳥𤄰初𠺥恩楊公㐌𤄮拯𥙩之爫把𮕍援𦝄昂𤂬碧醝灕短箍辣𥡗半希𤲂梂渃沚󰮁𤅜边梂絲柳𩃳朝󰑼他道爫苔伵於朱𣦍𡮨絲毫共𫽄私呵咍爲當時捽蔑󰭿丕台用渃𤎏𢭵󰋃𪀄坤坤奇自󰋃拱𣳔蔑性靈知𩺩𣯡𧤁𤢇形雖拯共𤠲吏吱㹥咹𠹍咹𢃄渃滝󱧪󰬷㳥󱹸𣳔丕主滔自沛𮥷屯媄𫅷浽󱹧釰咹店𣈜比隣󰑼󱧄营半豆𫅜󱧂𨱽𢀲丕台𦹵萧箕曷霂沙侵󱺇𦊚方域域凭安󱼎空㗂鴈隘殘𤌋狼房斎皮𢹍杄霜𦰟畑㳥󱲲𩈘𦎛廣寒待姑三𬙞𠄩𨑮󰜋𫷜𫢩󰜋勾忍𠃩勾冷丐籩丐豆泟󱸈卒𬙽梂包饒楪㛪愁󰋇饒几󰝡昭卞撟補𠓨鑊㵢𠇮󰋇散湼𡗶髙󰋇丈坦𠫅󰋇𡱸𠊚坤於󰋇𠊛愚即𠇮駡浪蒸𠅜神僊爫永往丕餈餅永永餅持廛永庵清㐱實境道人𨒣戯𨕭步渚容蒸車󱓦屏󰡎水渚共蒸險滝𨱽鄧徇吏進兵郎步秩裊塘水秩𣳔滝爫官宰相𢀨腰𤾓侯𠦳下熠𤓛󱚢𦋦㐱𥙩蒸姿質氷玉於边󰯭𤽗逵共眾盗氷命麻𢪀豸悶氷𠇮𩧍𪠞吒媄碎𣌋氷奇耒𨑮𠄻歲𠄩親賖氷分𤵶疎荄䔲󰬥調官太守恒蓮樓氷𪾺󰏙或爲伤出昆氣㲸年瘖舌搙言牟分年㲸澡恪饒台類𣱾𣱾𧡊澄𢋴滝渃湖西𣱾𣱾如𠻁𩯀𩄲怲扯没讓𢯏排色意空空意色姅店冷𣱾漸堂茹𤿤潦𣱼大倉杶哿𭁈添穭苔儉穷昆意旦厨求嗔調特如所悶些𠫾使汁㐌𠄩𢆥泠汀船柏箕花㵢渃沚𰛻汀𠀧沉𬙞浽𠃩𰛻汀牢底潭池待典蔑𢆥𬋱常常固氣毫光店店󱙼曳边江重重粓咹𨀒甕吏群岧江朱𢧚𡗋𣅶汝床唒𫳵時丕㐌甘𠬠皮渃汜潮强檜摆苔渃滝河汜汜沚衛边北滚滚𪤄𣋚𣻆汜渃潮溟濛𡧲𣳔渃汜㳥漼合台昆𡥙眉汜汜丕汜茹漢貝蒸道王時茹漢䐗齊等爫治天下意合汜𨖲蒸道純王寳貝黄泊蒸翥苔汜耨麻𤁕囉外車商汜庯驢民桀塘鵑衛遠庯花油汜雁昔衡陽月󰞽濃兵固兵庄羅事󰋋往所𠅜朋󰟯邏丕欺𣌋欺歆安󰋋𥙩埃堵差遣𢞂𬂙󰘩景他鄕汲󰋈𠖿蒸花芙容尼𬇚𤁘淶蒸梗楊柳欺𬲇西𬇚固坡滝固𣷷𬇚𬇚󰜞㖂排排湄沙油弄𪵯役某甲尼調盃命順𪵯隊肝弄怛𪵯糁七没梗椥𠄼𦒹梗椥誓初𮢶胣掑𢈱傷𠊚君子別代󰅹沛閉饒翁尼沛苔四翁庄伯午𡥵螉𫴼丐𥄮所生丕拯沛時所托丕拯沛命因准高暗𨉠連沛𠄩㝵沛沛丕哿湄滛𩄲𩄲𩙌𩙌𩆪夢車鵉派沛傘𧏵拂披沚𪜀巴斗巴升泖特滝江固渃沚吏󰘚󰅹群𢪀心情共埃朶花𠖿院恪暈桂沙𡧲𡗶仍别咹樁麻唸栢𠰉𣎞麻𠹳𬲇午侯拯沙䋥凡駑駘馭腰沙沙每真特𢚸些悴沙𢚸𠊛清酌𨢇淥底仃沖潙默埃名利𥪝𨦩襜文沕䋥𢃄滝弄繩沕𢯏等㭲𣘃梅䏾碎碎語䏾埃碎疑𣈖碎碎語䏾埃碎疑發潮沐沚渃𫥨生霜沐𤽸𫥨樁沉𢬣𣳮牢和塊撑固種默丕沉仍蘿幼石鼎香殘𤌋水沉㦖咹梅浽槾沉英拱吝憚𠫾尋𧵑咮所汝味香惜𨤔玉沉味蘭永味蕙蒸恨意情狀可量呐𠳒暫毒𤴬如瀆沉樞󱪏𦰟蔞荇沉昭隊方蹺𣳔麻挴𦷾耳鎚呌呌󰑼堆沉曳𨍦𦝄固󰬾突𧋆昆𬑉如𩅀󱳖𦖻如沉侯蒙湼玉沉珠楼高庒𬋩汫溇庒辞掣包𠻀傳知音𤌋香高濕󱋓沉𧀟潙係埃𠳨𨀏沉香𧵑󰜏裊𫀅世事沆何酉雖固學𢲧洳益之经尼沃𪜀经因緣𪜀恩󰪀盎那埃咍谷特買沃羅㐌沃陽和吏午停眞課意固柴流支先沃羅毘尼多𦖑浪蜀固女兒媚珠𥏍沃當𬀦少堆茹蛟豸俸蟾宫𠁀皮及課太平滝溇𩵜𣵰𡘮沁󱙃𣎃拱待𠬠𢆥拱除冲欺幽暗最沁𢝙𢚸陳煚卞吟䜹浪買耒罕𢪀庒差𣋚沁暫遇別埃帝麻刺奴窖捽丐沁兗頭船𣡤𠬠隻扵代沁湄扯𬰅𡨌潙翰江些𧗱些沁𬇚些𠱋冲𠱋濁𬇚茄㐌悁羮餅𤽸密餅羮沁希茄貢舌行胡消押庄特時遣哿喡咍包茹囚仍󰑼最心汿洩麽沼泑汼滝汵𣜾計󱚢󰠲群英滝𣷳秃頭麻𫥨姑󰅹㦖卒汵朱技徐旦𠀧秋買𤋵牟𡗶󱤕𡎢汰篭挹𢷀空汰汰𬌓𢚸󰡰吏戈󱧓芙蓉歇󱧓麻囉園淎淇󰅹羣固敢約󱧓之湄𥒥󱧓󱧓堵趨𠀧浪𡥵穢𪰛𢛨媄吒渤󰴟吏乘醜賖儉之𣳢滂溋𣾺蘿紅俸典之尼浽沉払喂負妾爫之妾如𩚵𣳢拖欺𩛜𢚸󰕛孫沼悶祖先蔑𣳔遣拯打戢宗社茹秦拯滅歇𣳔户茹秦刀焒共𣳔瑟岡娘翠綃囉𪽝𣳔娼兒󰜩絲喂咳󰜩絲寔如󰡫辰英𣳔𦀊底碎𬺗吏添𠄼两鉑𣳔𠴕揚沛法弹󰜏庒時咮㤕淚沙𣳔𣳔主碎鄰哭勿𠇮明人𫀅𧡊魂驚𠖿淶𣈗務𣳇豆𢲣芌𣈗𠀧𣎃𫤯買𡎥麻咹滝泸𠬠带冲銀清台埃𢷀𡏧塵拱𢧚𣼽泸𣩂拱𫥨魔正專𣩂拱𢷰𫥨菭垌一髙辰𡶀傘圓一溇辰泳水仙𫔳鐄󰅒皮𨕭𪾆蒸時享泰爫蒸主民物肉刀刀泰𦧘󱧔泩付陣焒燶笺誓低底記𢚸刼娄勉娘節󱧔價滝志士𫢩油盤泊蒂可恨可惜可𩹪泥長耳󰑼号昆卢庄泥庫辱性於󰪀尼底默老𠫾桧󰝂𧗱老餒矯𫅷奴󰠱泥㝵賢欺囉欺於㐱羕意所泥𠱋㝵樵夫浪些拯沛泥丕󰅹泥固󰅹泥庄勉強求𢃄󰅹泥浪固󰅹泥浪庄亘強尋𦷾春𫽄𥢅埃泣每茄泣官府𤾓𢆥翁府永詳喂強嘆強泣㵣潭懺生净買歛衾朱娘𪡔平泣語對孤㗂毛泣泣如𡗶睹湄棱儒波聖固儉之麻女底紅吟朱𤝞𢪮波劫因縁重尼托共弄媄隘𫡮信息溪岸𫔳䕯泞浽茹蘭栗𩢬苖庄固魯共泛制唱太平歌樁迻𩙋泛琴争暎喂強盃𢭮宮弹𠬠曲泛鴛鴦𡗋𣅶終𦀊白滕泖沚渃紅如󱬯暴慢立法倍分曳𤵶㝵噲堆覔偖爫密咍户胡自𦀼業陳改立制度更新法𣈙𠬠弄宜孛説法呌浪柴法𠲝𠊚世间裊麻谷罪乙㐌空法𭓇吏通蒸意恰𠳨柴固名𢌌尋𪮏咍法𡧲唐此法𫀅埃欣才些傳朱㐌𨇜各法試𫥨低鬦法󰠃些泏㗂鐄高吏濕搈梗玉日𪰛疎恩娘𡦂道端貞泏車埃几𤑟情朱些局昌某泊和󰪀𩚵咹免固油叉泊固沛縁饒辰𧺀吏停𩇢如𦲿泊如𪿙󰞿㛪共𩈘𫽄共𢚸碁泊埃羅於固崇沼沚泑悶宁同平沾沾蜜紫竹竹細耒真沼𧏵梅庄𢯏傷梗玉湯盆沼渃𣳮真𡗶生聖主萬年扱𪮏𫀅治𦊚边順和治特𠄩𨒒𦊚冬歳享計用外󰮏𨒒𢆥𡾵𡗶綏治󱢨梗桂蘭仍為主聖謳𠁀治可計身閑惜歲殘𢜠台渃治民安英聖㛪䝨𦊚𣷭爫碎碎提𠄩字󰘩雷𠳨所斫時浪助風治氣𫾕所襊時仍陳皮附子麋󰑼狔温中益氣利五臟󰬷治虚劳𢚸圭戈妬𩈘油庒𢣧油些襖襀齊床𨇜㨂𨇜給貝廊辰傕外󰘂行宮𦹵𤋵油鄭念故國𪫢麻𤴬理髮止𬨻𪤄河𪽝買及娘𥚆𫀅姿質𠊛𢀨拯𡮺弋弋蒸𦀊𦼛𦿄於蒸𨕭坡滝河𣳮空汰汰繩吳曳沲每凌凌客越侯𬧻𠄼𢆥女𤽗合固役蒸𨀕准𣷭沲滝沱滝󰯴滝洮𠀧𦰟滝意覩𠓨滝𣵴博楊傕㐌傕耒𦹵𩄲漫沫𢢯𢢯𢚸些圍幔沁沫掑連邊滝𫢩罕保𡗶陀沫渼良人些𧵆課𦋦𧗱𦲿潭洌沫霜枚𠮩𠰷𨕭󰳀𠬠𠄽㗂𪀄惜台冲玉𤽸牙女𢙇之底󱧞花戞瓢脾臟𦲿󱧔式鐄闭除𥪝胣怨讐朗𡎢払買𢪀朱󱧔洡㐱隊𬉵奥󱧔速曳爫丙貝掄恳於童貞󱧔仕󰅬代拯𥙩些爫󰜰󱧔麻朱於共枉𠺥蒸吱無據俸芒蒸名拯󱧔󰋇尚𪘵𤽸折和󱧔空𦹵穭爫㐌󱧔耒兑𬖉󱧬󰋏遣蒸斫𥪞帳拯爫歆埋秩𪵸役用乃專管之𨖲𣴜𫴋涼𣴛渃𣴓㳥𣱿濡沁个𤂬別󰝡𢚸󰀎悲𣇞忌埃三皇五帝𠁀𠸗𣳮吝𫢼對別過𠇍𠁀隊番𣳮𣳮曷湄󱗠漕溪𣳮𠦳尋𤂬瀝庄群蔑拙凡大顛㐌托𢧚魔柴𢜠𣳮特詧吒甘𢚸滝瀘渃浊𠊚顛埃𨕭庯偃拱𫺴塘𧗱𤽗方令供養朱民蜍奉蒙恩德流囉庄派吒庄哀豆庄派媄庄哀夭水旋𨷈派引群山山繞𠦳行包眾水派派𫗃𫼲䒹柳抛抛雪點梗梅妬埃𤳰特景消踈份㤌餒客份洳餒命溟溟𣷭洳䐗曾踏𨃴典𠸠朋蹺附𠊛些捥𦝄󱟧𨆝拱洳没𠁀於低洳󱉎慈悲媄昆乙拱固欺吏𧵆𤿤忠㨂凭謀深渚洪兑傷𡮍󰒂主󰜏奴󰑼渤洩唏󰑼外孫玉琨𠻴拯呐牢𢢆𠇮津淬另𠓨𡎢𥪞池清𩵜洡印彙月滝漢蒸𢌌丕拯可洡潭丕状元群唉𣹕洡𥄭𬨠排位吏吹𢚸煩𩅹雪淫洟𩅹潠𤂫𩅹淫洟洟涖渃𤂬箕拱沚典蒸滝淇𫥨塘𧡊梗花洟𠄩𢬣㨢𥙩󱀄𠊚買些𤯰𡥵坤沫𦛊洟洟𤯰𡥵𤵺惨害奇𦛊啓洞𥛉官𨕭𰿘𰿘𢆥御咍碧桃㐌𠇍𦽔󰝡花樁樁竹竹枚枚𣈜𠊛坦孛店𠊛洞仙花群底洞蓝坦𬮌蔑󰟯掑𪩤杄每部官帥店差㝵𠦳餘支州洒疫遣梭𥙩種紅綾暖扇洒𥙩方火𥭼神丹卞急𥙩湯七香洒𠓨娘龍𤽗黄榖芒歆穭洒拜洛茹湄𫅜㐌洒󱪞𮎦灵正氣洋洋天南血食群方𧦈持𢪱𢬣𦣰𢪀机塵湄春洅瀝焒煩咹唁𣇊𠬠𥄭安更𨱽洁𠖤鐄吏𫥨鐄𡶀景泣𦊚皮盃固㳘大河㳘渃𦲿𡽫撑渃碧賖󰋓𤞽箕𫣢怒󰅹𠊛拯𦖑矣𨖅暫住朱𧵆待𣈜揲賊𥊛澄庒󰋓𫳵花箕卒源󰇲丕羅蒸華𣘃唐棣󰘚󰅹群󰇥心情共埃亇𪶊鋭堆󰝡㝵妬埃炪𤈜𬇚䕯底些挭𥒥東潮𧗱𣵴夏方恩澤𣵴潤没州節鉞𠄩吝承宣体官大夫渃許𣵰洡蹺典𢚸些卞𠰷涝浶屡罷撞󱇩團󰬾些拯咍𠭤𢀨渃衛雙些汝渃衛拯涓𠬠𠄩嗔𢚁千萬庒涓鴈篆虚空𫗃偷𠬠𢆥𬑉客𠬠吝𥈶髮生脹满過用庄消尼谷咍債弄肝調涅卞我𦣰蒸𨕭梂板涅庄戒列涅󰯪与共來󱜐弄恨陣尚阮正平蓝山於𦋦仍涅多端害𠊛別穷埃𤏣曲浽󰇥揚𠄩𨤰細𨆢苦𢚸𫯳連𠸕𡢼心情曲浽丐浽法蓬詩書朗畧𢃄巾浽茹田蝦浹同㐌苔𠇮𧍰吏省如初𦋦和浸𠖾󱚢和蓮皚橙荠扒礼底和浸爭歸身蓮肉浸󰝂𠫾𩈘时哉海眞时失䜹𣎃𠀧辰豆㐌𫅷些𠫾些海𧗱茹𤊬枯漏漏畑孛𤎜如蘇香風海海味㖫徧輪月漏漏𩄴𤉒印訴󱈗𪯊惨山河影海𪫓㖫衝錦綉香箕准浰淥滝汾𠇍几功名閑浪蕩墓荒𦹵䱚体埃󰠳多吏浪盈東西冷㳥台浪楹喂浪楹冷𠃝牢碎冷𡗉托𠅜浪哩󰝂功𫳭魂興卞樓踈客𪿒浪林泉埃浪𫅷爫客才棟梁高乙奇用萬事皆空似𦍛浡把人生羅世意如䏾畑如𥒥浡如𩄲浽如占包意埃𠶀板甘𢚸丕喭餒揞弹仍漝浜本些意拉㐌𥹰特𠊛豪傑共饒浘漨湖西𢵋飭浘漨坡配入㳥𫥨𣾺󰜋𠇮埃几別潙溇濃冷㳥台󱇩𫣂喂󱇩𫣂冷𠃣𫳵碎冷𡗉丐󰞺打𣩂丐媟惵𢚸所󰞺那𪾺𪖫浘󰋕𨃴𠫅寬跙㙴蘭𠸍朝仙子制𪶐蓬萊𫋶𨍦體𦷾濫囷𪶏角󰜋油些掌大權機冉暸咍機妙造𪶏牟透特𪶏神通淘湧𪶎𬈼塵世庄朱𣷷某毫旦蒸城离樓𣷷域邊坡丕𣷱㘨𣷱鉢𣷯𥹸󰝡𠇮另扵魯苫几西另𣷮几南另𠇮願朱眾生審讀藏经朱智慧朋𣷭𦊚𣷭調𢜏没主春𣷭湖淶𣼽溟濛汪𣷠茫別󰝡𢚸󰀎悲除忌埃没梗椥𠄼󰮏梗椥冷㝵庄渚𭁈㝵庄咍𤽗呵特安丕麻渚𠱋朋拯特渚用些事拯特渚闭除𤤰拯朱孛扵低群啫恩柴渚献𥺹之共𢧚恩󰠱𬮙𠁀渚牢特仍炙別󰜏固傷㛪空固渚󰜏茄些平𢚸旦󰠲意渚吏英固保埃𠫾買碎渚沒命辰碎炙𪾋𠫾礼欺覃蔭坡欺冷庵渚白雲𢲣芍藥󱢎黄庄渚句羲易輕薄忙吟䜹谷風迈㐱舍察宜咍卢渚帝當爲迈麻説琥珀預荄渗󰡎坦娄𢆥成珀𪭱清𡏧𡏧烣残收𧗱汰汰江山版圖世間𨀏帝時𢚸㐌清󱙃𨑮群󰟊韶光清清船吏育昂進程渃撑吝𨔾𫗃鐄𬆅迻𣦰閉饒秋𤋵每情𠃣饒訴歇假爫清黎桓感景𩈘𣈙爫清湥渃有情淶𪷃渀昆塘無岸最𤋾𤋾初遣朱昆奴添奥漚昆洌𨎠達丐𬃪琉璃淹麻底空所𡎢淹念阁錦房絩玉鐄𠇮沛𢪲㝹𥙩𠇮邊窓自朗閑自在共局棊揚俸課淹淶𣼽外𩄲𪤄𥐆𨱽固准淶𣼽𣷷洡渃苔拯朋蔑𡮍黎朝補淶𠖿淶𨎠𩄴畑魂蹺㗂𤿰打湖箕深瀋溇羕𠇍搊胣𢙇人渚易皮翁𡓮深瀋没命高唒打升天拯旦󰅹綸絲紙勾強卞愈查愈深餘彦丈溇盃默矯汝𨱽𤽗韓生𥙩拯固罪之麻沛𠝺刑淫牢滥閉埃固頭𬰢意時沛奴淫折𠳐𠳒氷𫮇亭𣌉院蘭𥉫率汜槐林淫合𣌋衛圭廊渚於淫󰀑蒸州恪舘客丕跬找䊷𪭸𤻻挄鈎淫林淫𥄭𠖾𦣰外灶门春夏鮮卒審淫秋𧗱萧殺東侵痚殘󰅹𪟽𡥵造嘹𤽗淩淩𢷀歇𢚸塵芻潙世俗󰋇吝幅湯渃咹𥙩𦃿淥戈𨀈𠫾防矯衝披蹅𨃌丐憲強言轆轤淥淥窖爫深渊󰑼淢溇世坤量󰬜是非稽聲色碍制排淡柳塘花塘渃寅寅𩦓創侯典姅淡淡清󰜋幅幀松撩𨖲雪淡茶梅勾易動池印俸月興添曳恩𥢆𩅹霂淡潤㐌錢吏穭殷勤養廉自意威󰟨風声賊驚淡淡吳驚延延宝盖𡽫片𡨧鮮淡夜堆行珠淚潭潭㐌傷時惜吏忴麻𢤞之󰀑体𢺤𪮏𠓨淎𬇚頓扒亇鮮燕筵雪兀𡗶𨷈丈句注霜淋月姅𦎛𧖱湄裙奥渴淋駭䧺恍惚侵侵𨀈𧗱蓬蘭畑杏㐌淋滛用黄朋蔞𦹵用錢朋淋𡑪昆𠊛𦣰㐌淋溓唏群拙咀𩈘𫀅拙紅店𣈜淃淃渃朝東唯典頭涼東步𤤰陳卞朗吟浪𧆄𠄼󰬾吊吸肥抛𤤰強秩𤽶我涯工命㐌冷拙唏拯群󰝡饒自准󰘩都㳻潙之󱦺𢱔𧵑𩛂連負恾餒吱𫅷𢢂吏摐裊滝塊󰋞塘𡽫塊蹽埃𧗱𠴍𠳨博珠球𣹕󰋞𢆥𠉞博於󰠲𥙩傍爫󰒂𥙩命𬈋先九州四海調共𬈋碎店意班𤿰𠀧𠄩昆𤳇共𢴑饒𠓨𬈈麻托嗎𪶩𬏓斗𥊚丕朋占包𥮋演迎壶席玉遲𩵜咹𩈘渃散彙兔潮𧿆頭𡽫𣹕䏾蛟酌𣹕月俄胣唉嵬嵬𢪀隊干吏𣹕洡隊干𣹕汲𣹕頭𣹕古劍𠄩歲春𣹓𠃩𨑮𫾄升教斗𫽄戈𢫝𣹓𢴑𠳒坎念練疎女常渚者縁絲群溋廊溋边𫏾边𨍦固埃𧡊𤞼碎󰠲庒󰑼計自畑册少年没恩情󰠱没情󰒂溇昆𠊛𫴼易湿痴尋皮占橘呐時争咮和失人心湼𬮌茹𫫷如粓𬗂湼湼埃湼意固除特兜設禮㐌耒鉢湯菓樶具𥸷𡥵𬷤合㕵𥙩湯進食𬟥湯擬吏咮𦓡𡃻湯𩄲𨷈𨤵掑𧵆澮宮桂𠦳重夾𡬷𡬼𦟐芠𨻫底餒讐寇莫臣󰋇仉武夫如𡎥茹湥如𡎥氊針𡶀󰀎𠬠畨麻𪡉化年𠬠湥泖特琴󰞽湥曲清新固朝别鶴固分離鵉娘青女妸紅娘𤼸花六供湥湯千籌念𥢆坤󱢯瀉湜方鑿󰑼丐湛󱖮打待敦昂湛岑滝湘󰜋觧農滁襖㐌湘撑湘式綠頭庒隊泊隊花鐄𠒦𠒥玉辣堆廛佛𤎒𤋽湘鐄蔑廟神聖賢句󰂇停停湘鐄𡦂忍丁寧𨷈𠁀娘連鄰哭咀𨱽𥙩湓札歇身屍奇𠇮拱固𣅶𨢇唁󰠃叺󱋓瓊漿湆浥瓢春湂消湘妾駭𬂙𨖅次一滝󰭪沚𫥨次二𤀖渼次󰬾𤀖油溪潭枯燥饒㝵折渴𩛜咹渴㕵安隊分花誓竹動麻澄𦀎𥉫𫔳紫渭󰁇阁𪳔固畨温傳重臺固畨𢩮傳釵齋謨唭㝵掉渡呌捤𭨦𭨦默㝵戈些䐗戈𣷭冤耒拱固渡𣾼戈船空渡𣷷蘭亭些空些决𥙩𨉓麻催横踏板浽北昂丐渠渃溪提渃𤂬𣘃𦹵添𢞂𢚸渃𡳶塘󰠃歇渃必唏魂𤍌車駕副外淎撑𦝄𦝄󰊄󰊄𩄲𩄲别󰑼󰇥浽渃尼共埃𠾕番󰞺󰬱勾疎宮琴󰮃月渃棊𤲂花群󰜋渃奔尼窒𤳧奔㦖半𤵺𠎪绳𦟿𣃤𠁀昂貝周成𦊚方㴜𣼽𡗶清没牟閉𥹰𣷭宦濛溟典坡群想󰋡命女牢󰋡𨉟梗槾爫税勉餒特媄𬋩之羅身𡲤徘徊𢜝𢟏率体𬈗焒󱙼𥪞茹喂蒸渃滝滄浪𥪝丕卞𪶵𦄂帽󱙹牢潭廕𬮙分𣊾𣉹𣼬𣺼羮芹𤍇冲渡𣺺水竇摟摟𣹟𡏦箕准湓漓滝汾浪𢲨蔞莫谷咍身幻庄恪浮雲政刑係律𤑟𤉜禁塘權󰟨戒塘滥民𣉳𣋚󰅒從且沫𡗶滥命𨕭碎固𠫾制咳喂󰋇几朝朗满貪盃暢涓幔身𡢐表払𠰺󱎣朱㩳󰮏𢆥𠇍秋襖客染唏滛𣋚𫢩番𢄂大河眉挭𨢇󰝂𫥨𦓡半𠄩糁𢢆刁旬月缺朝𢚸庄敢約𬇚花残𩄲浽渃滈𦝄󰓗蟮尾𪜀古堆𧐖狗尾堆㹥木滇盈唐矣喂𠄩吝歌丕紇珠沙滇和湥玉𠄩行滇𣷭惨倘𬙞苔滇餅隈払𧗱妾拱吀迻吀𡗶停𪹷𠤆𩄎滇塘賊箕沛𡗶滅𡘮侯昆馭隻車蒸拯特吏滂味香󰘂洞𬲇迻󰮂𣳔滂固風波𩂟屹㗂鐘𡮈𪤄滂𩄴𣘃𨱽𩈘焒𤈜𤇊𤇊胣油㵢滀滀魯溺技強盆世時浪局劇茄圭油𢚸冗溺月箕花尼㵒羅渃𤂬溶溶𣻆𦋦乞溪台閉景拋山香󰠲馥馥𦊛皮花󰠲察察菭溪没園共饒結伴同心欺棋欺溜欺琴欺詩𪮀蛟󰊄溚湄𠖤𢭸詩咏󰳀吏排𠬠篇彼準箕此準尼㛪群挸撰半摸準󰅹老浪泣準江湖埃埃庄別原壼先生潮𢩵𨖲漫𠮾唹船虐些𭝫𩙌南船󱚹些𭝫𩄎源𩙌𫥏埃𪟽俸𠬠𢆥𠬠𤁕朋拯𢷀𪮏法意体㴷麻拯𢵼丕功名忙㴷意全羅仍仃懝󱡡𫏾㴫㴫滝沙渃沚𨍦喑喑旗𢭶兵蹺客邏典𡶨花渚𬈭勾牟吟胣月強高𡎝南𦋦飭英雄娘𡗶𪷉渃𪧚𧍰𣴓𬇚爫垌當𣇜班𣌆月娥榜𣼽𢗌󱳮姅信浪伴姅疑浪埃𡗶冲𣷭𣼽買安𬌓𢚸𣼽泸㖂𢄂典廊打弹打妬共坊𧜖𬌥別縁命別分命世催𩢬戈船塊頭𣼭落𧡊蔑𠊛昆𡛔隣羅溟茫𣷭苦㳥𣼭別浪福善固𡗶女空或欺托形卞爫蒸𡛔半漿咍󰑼苦幸漿茄虚身𥮊玉𣙺牙闭𫢩千萬𣜾穊几羅丐漿時退丐茄時深群𬇚蒌𬞷群𣹓󱝻漿漼𤁠㐌特𢘾恩渃𤐝細彊添𤏣䏾𦎛草舍茹漸𢮀𦝄𡞕劎𨑮𠄼𨑮糁旦漸󱙭謨𬟥差彦戈潮羅𣇜𣌋渃潮漲𨖲渃𡽫漫漠軍情艮魚鹹水渃𣷭漫連𩛂别世情味漫𤁕管包日用𩛷苔為拎徑唐漣豸真坤提襖羔裘羕漣潤實順󰬷𡨧茹漢牢吏咍封爵朱些丕𬋱胯𠁑漢脅邊胸些𢘾漢轉女買衝丰姿骨格𨔍台𠶣𣘈漢漢𩯀𩄲夜夜添奥漚昆洌払浪𫅷駭殷勤彈尼腮󰀎演演拱淹局吝棊塔散𣈜演特𠳒噀演斌迷仍埃唏响仍皮𧵆賖類之𤞺社㹯城撫𢬣昆󰭻㐌驚演演忍別漏漏𢚸本庄碍皮時節因縁斈𠾕湯帝托吒漏机太子令他罪情淤泥林洡待漂㐌𥿁河東沒帶渃冲漂𧐖𪂮都飭朱払漁咹拯朋些渚拮軍𧗱茹劎斫立身共𠊛箕󰠲竹淚染輸潇湘左滴湄毛更迡眉撑𩯀󰺔些𦓅𠰚滯鉑襖󰏢博帝啊咹𤄮氣滯胃寒杏仁庄可乱單合𣈙䋦𢚸添𠦳萬滚昂㐌扜渃浊吏運󱧃苫固槊辰槊渃𬈴停槊渃濁極𢚸𫛈𡥵𣾼戈𨷶𣷭𠓨滝渭潢賖𣾺外准邊陲闍婆賊𤞦𢵋皮紛争𦝄梄拂披牟𤐡𤁕殿玉片貝葉𩂏湄澊潚潚𩚵澆遶澆産弓尼碎𫥨𢬣連𬑰信𠓨𫅩澄如漢拱𤴬羕渃𢌌溇空澄口脂羅澁𦹳勞刀分𥘷之潺奴󰅹呂鄧功恩朱払常欺讀册講坛細勾生我淚潺如𣻆雪𤽸如芃潵𤀜蔑道㨂蒸边𣘃蔑道潯蒸𡧲滝分㤌餒客分洳餒命𬰢𣠒如潭色堵抶𨉞抪桧捍𧚟𢮿工𤍶拙蹎潭蹎超為老𢯢𢲲双每役洡潭𦷾洡𢴾𦷾潭制𣷭學㐌饒春娘卞𥙩筆改題𡨸𫥨潦草势𠫾錦纏嗔㝵君子𢲨唏陽潤蒸馨瀋通氣蔭淡蒸夢枯詔𡗶𩄲撫恩𨕭𩅹潤朱㝵買𭓇𢪀𫀅𢪀潤󰑼𥺻𡽫世撑潢蔑𨉟宇宇准河東汝客提潙𨻫仍𬂙㐌停𧣳𣷭边𡗶鄰󰑼𣈗萡戈潙春撑𡗶瀋瀋賖潙坤透餒𢖵払󰳋󰳋󰅹衝𢄂些𣈗𠃩𣈗𦊛固𠬠𣎃𫤯吏餘潘󱤝恒体翁𫅷𫼳襊潑覩𣌋埋囉法麻朝最吏衛㗂渃㵊𥪝蹎棱浜羅渃㵊沚𨒺𨒺𣳔㩫𥙩尼箕麻淬吏尼意可默󱧢戦埃咍扲種煩麻㐱𫏾𫽄𥙩渃󱧢𢬣𩅹恩𣵴泣洡󰠢㳥𪷧沛曲滝󰠃別牢浘𤀘𠅜洳呐醜煩𤽗𤀗𦷾拯朋妾𬙞𢚸䐗𤀗粓𤀖苔𪤠稚庒咹朱𥽌𤀔𥽌枯埃𪟽𤀔分灰緣志空如志底𢧚極𢚸冲如渃𤀓瀝如𦎛𥓄娘意𦖑𠅜呐洡湥丕𤀒渃𪾺浪典尼時病拯可爫之特丕共󰏙饒𤀒渃𪾺𡗶𩅹朱𣿌蘿𧃷妬埃𥙩特𡥵󰜩𨖅城𥺊𣿅昆𠊛𦣰㐌淋濓𦋦𢚸濃浽蜍於咹𠳚𦣰洳蒙創麻𠫾󱋓𨢇勾踈意興濃些侈体所𬰢氣邪窒濃為払點粉㧅香󰞽濃蕊桃厭厭群封吹𠊛君子恼濃㤕𬁷歌曲滄浪別濁清𠱋冲𠱋濁𬇚茹㐌悁渚㝵濁濁渚些清𥙩沛𪰛中道於經𠇮於殿玉麻𢚸羣代濁蒸詩𤽗杅寮高麻固意激𡄎𧡊人情曲激唭耒得意唭𥢆激激渃𢚸溪裊𨀤群溇封功論賞闭除冲外将士沐湄澮潤㐌停忠孝一門恩𤤰潤澮𠸦𡥵𠰺揚英𠫾船板固欺趿𨂙𠀧沉𬙞浽澪汀󱏹拫𩙍塵󰅹播澡盞攔𢬣伴合制梅公浪𣅶買耒󱱊哿台𦹵蕭箕丕霂沙淫㵩丕湄春淡㵣園藜梗髙梗濕調時𦬑花油尚蘇定易𤽗𫏾誇𩵜鑊𨍦㵢焒󰌎𩈘焒󱳡𤇊𤇊胣油㵢滀滀㵢渃固号水團𩛄㵢渃洫󱧊𢚸妾碎󱧇餒断膓房鵉隻俸𢖵払别包拯𥙩些爫󰜰泟麻朱於共澤𪷩㐱別𤁘創𤁕昆𪾺高冷詰侵㝵味世间𡗉漫𤁕別浪𪉽𤁕怛洙讓󰅹臺買固高嵮屹渃滝平濮濮廣寒自訴樣𫰟娥濕濕唏香淡襖羅錦繡󰋇行衛洞玉聖賢𠀧𥗜濕魂花氣蔭𠓨𣘃高濕梗梗覩如焒候𤈜南北自𫢩𢺹没𨀈滛洟𨀒馭󱧗羕沙𢵼絏吟𥪝󱡎底爫絏唐名𤂬利險坤尋陳公率㐌𤂬鐄賖制𤂩空世俗常情𠬠瓶净水𠬠梗楊枝𦹵撑𦹳胣𢖵空𠅳𤂬瀋女吹沉節玉𡗶撑易遣對肝鐄𠀧秋瀋卒固󰑼包饒傕聀瀋吏𢠩恾黃󰞿唿𢖵子規呌愁醝味道茶巴󱋓瀉𢚸煩䜹𦊚勾𫳘緣𣈙㐌󰉓𧷺󰝡信明吏瀉𢞂闭娄些体蒸𡥚意𢚸些特瀉丕玉渃底𠓨渃瀆時化𫥨𥪝椎槌瀆唏𤎏燶𤓌𥪝𤿦催催𠊛意拯戈只󰝂邪見濫󱧺世間𣈜𣌝󱱽𤑈𥚇㹥𠻗熬󰸦𦙫𤋹或󱹲𦧘或𪹷肝几主婦敬捻捻群如役咹拯別𤍇󱸉調咹𤯨麻傕丐管堵固蒸𡨧󱧱𠒦󱨅餅多芌𩯀扯𦎛强𤐝貝𩄴襖台香吏󱸊添唏𢚸通七竅瀝牟󰌑逞朱特襖癸𬉵遮工身卜𬉵丕麻把恩盎那願𬉵功󰆙尼匝典一切众生架襖𤞼蟳錢𥺊覩半謨𬉵意悶之之㐌債𢚸𡗶乙犯刑𡗶折所酌󰅹默另災𡗶丕台几嘟𢜠灺𠊛争逴𠶆沛雜飭骨󰠱泥𪬮灵𫽄特幽扵吏还俸枚台事情期窖灵灵𠰘窖如如𢚸外時官客灵亭𥪞時娘仍𤴬情别離熣㷙𤋿𤇨㶥煤𤑮𤆺顛𧵑三寶底之𫽄挹底𥹰𣈜奴𪹯燖𤆸身尼󰠲㐌𠹾𫅷𤆸𤇮情貞底𤆣𤇊園𦹳脱吏提澄吝𫥨包󱤗些吏﨤饒雨𢂎固号𢂎炎染撑䗲㶩󰌗蒸誓蔑茹㐌𪸟蒸約調𫅷㐌負閃爍𤎒𪸝索軍𢜝胣𤇮𤇊倒戈埃乃尋塘𧗱营論課冬恒如𤇮朱羝𠫾學朱𧋉於茄朱𬷤𢭿𤇮𡗶坦生𫥨𥒥沒𫇳𤇩爫堆𤗖吼函𩩿臘雞𬷤𤊬臘鵝𪄌𤇨腒󰑼𦧘𪀄𤇨枯𢵷𢲨些󰝂𧗱茹𤇨枯搧泟意󰑼冲功𩃳𦎛𤇥𤍊𥪝萌𩈘𡗶𤇥󱧵暎棱撑𤍊𤉜涅玉𤇥𤍶𨤔𣘈𥊝𤏬𤇥𤑬焒𤐝動𠊚花窖𤇚精神𠃣摆為花𠃣摆春胣俸𤇊𤇊󰟯体固胎楊徐𥄮𦘱𠄩娘澄為辻歳容顔尋常為怒嗔停蠡󰜡𤴬核意實𤍌象悶爫神象丕為蛁蝉号沃丐為節旦务夏長夜󰂻吟清水󰑼渃中為濁水渃獨庄兮吀咹𠄩字功名丙𡲤為萱堂𢜠唉在時𥛉傕𡢐𫏾云為呐共于為𠺙稍号󰑼竹箫弹𬌥𠀲牧觥孤邊岧傷𩵜托為鈎宛󰟴㕠𫽄固昆煩𢚸姅為俸祝技𧏵𨖲制使帆帆拮豸宜昔為𨖲髙󰋇𣅶𬂙為𨋣車丸崙𥕄点册媄𡥵焠桧焠炭𩛂𢚸蔑暈炭炭規模𢌌隊准熙熙意趣牟󰸟炪蓬蘭㐌𤎜𣈘字𣘈炪炪卒鮮拮𠚢和讀固𠳒天書紫微䀡買𨔍羕祿權炤命曲昌夾墀𩛄炟唒浪𤷱𡶀𣴓滝𦎛尼决庒󱧽終貝𠊚娘昆梞竹󱡼區𡎥𫀅左傳春秋蔑𠇮𤒛󰸊𠃩󰸊𦧘󰸊頭隊鎫󰌕車列分索󱖮󰌕覺悟炪壞𥙒棱邪𣈜𨎠黄實謳之󰌕燒官陣連𠰺炪茹各柴哿於丕沛󰌕折渃楊㦖洅𣳢寅󰌕縁󰌕香停抵𣷷緣榜天门𪹘焒名高丐急𭴤𫯳些襖襀些傷課𡎢徵世𣜾特包遲𦤾𣩂平尼𠊛熣𠊛𤈠頭𢴐𠇮惇𤈠冽都𧽈呐𫧇𤈠歇每𠳒於低計𣎃㐌耒𫡦𫷜𤒛𤈟𠃩𤈟𦧘𤈟路𤈝庄仍羅同穭𤈜枯㝵些共每類物乙庄固准㕵梗梗覩如焒侯𤈜俸𤈜𤈜𬰢𡗶木囉㐱合囉蒸威𤍌𤈜𤈜㐱色𡗶班店𤌀𤈛拯別沛花󰅹𣘃󰅹沛浪𪱆𤈛畑𤍶𤑟𤉜󱠠妬庒󰑼束生耒𦋦特功名焒𤈘畑燎𤈘焒燎𤈘𥪝茄一媄二𡥵𫥨塘𡗋几群𤈊欣些𦧘𤈇𤌄肝𦹳馥馥點雪󰅹𡽫頭拯泊烘爐固客𩈘添紅𬈋官他曳才庄𨇜釜錡㘨㐫烘傍福延印𩄴兔漏漏及一豸暈烏𤈜𤈜𦹵碧岑橷烈牟撑𨕭𡌿橘󰡎𪤄自然縁情群烈鬭仙容焒𤉜錦橊准金城府堂𢶿擛𫫤㖫焒𤉜結彩張燈𥪝外𤑟𤉜𠬠𠀲女兒炩炩鄭挼堆方𦛌𤉗燉可責東皇𬟜意私蔑梗枯𤉗蔑梗鮮𠫾奔槹𤉗拱盆拱庄焓𦧘焓𥗩焱焱芃焒拂坡𤏬𤊥摺残焒愛蕯潙滝情於冲𤊧焒宮亭嚴荘𡞕浪𬷤㐌嘅𫯳浪色𡗶󱨂焩侯󱙼竹篾羅󰌗𢯙䜹咳払喂咳払喂妾𤊰縁払固世傕𤊰唏𥠯焒動𢚸𩅹𩄲𥛉排𢜠𤊪𠸦牢吏傳公子户姚逴𢜠蕋花𤊪𤊪𦬑囊𣎀春󰜋刻當鐄別包𤏬𤑟𤏬𤊢𤏬𤎍𤏬徵河東󰜋带渃冲漂𬮌柴這然然冷然然󰞺粉添鮮汜江計歇頭󱠁事𠇮燃火焰焒塘無䖏乂觥觥𡶀𩇛渃碧如幀𤳰圖埃無䖏乂辰無𡥵茄仉𧁷焠炭最𣈜螉焠師󰅹帽尼󰅹袄深𧡊𠳒鉄𥒥知知焠肝翁買申跪󰘂公將𠱾大聖玄𡊨書符神咒庒塘󰅹󰤝油麻特每事盃世間共庄呵爫蔑罪之󰌝𠓨厨𬊭𠬠捻香𠰘𭝫𢬣𥛉𦊚方厨尼𪹷𤌄丐鼈割膾亇鯉𣈜󰅹吏特𣃲𡃋双双襘鳯𧜖鵉𤋾燶𤌋𤋾󰋇鼎香猊秩𦖑信噲姚𧗱萌衙𤋾渃煮茗𤋷茶辦𤋶岧箕𪤄怒𤋵油礙之遣𠊛催𣌋時𣋚𤋵油拖昆劍檜煺𩚵拱羅安命沛甘役賢󱰮些罕㐌別煵埃𪟽昆𥘷𨔍𨓡煬崇坤尔固𢚸爫牢篤𢚸尋孛庄煩塘賖吏𠲖𨁪店麻煩㗂沁吀𠊛𧗱𢪀矯煩煩𠊛且吏絆禅師碎推調󰠃照󰠃床圍盃固𧜖固照空埃𦣰拱塘𠫾千召舘招𨇉茶煎渃謹瓢印月丕買咍法孛重世煉買谷咍無明歇菩提添𤎜𩙍𩙍𩄲𩄲忍泊情盃𦝄煉蔑節𦝄清柴卞煉法投胎出塵󰋇秋苦辱煉肝𨫊没丿𢀭𢀨結伴僊天人𠄩道㷚㷚誠之誠者分明聖賢𧡊𠳒𨂚𨀈朗𦖻𠓑𤉜㷚㷝𠬠𠄩事情半󱧮吳熨斗羅丐盤󱧭𫽄𬊽埃哙󰑼神沒座蓮𪹟唏香御𠄼式𩄲封摄袄朝𦊚方𤐜熄焒𤍎風調雨順民康太平名碎鄧𤍎㗂柴吨賖筆𤍌摩詰𪮏坤摸𡗶坦生物麻厚蒸㝵爲丕㝵爫等𤍌蒸𰿘物顯𤍅曦𤏬𤍄𣈗󰅹𡗶𤓢𤌭𤌭媄𡥵𢲨桧焠炭𩛂𢚸𠃩重占占𡾵皇極𠄼福熙熙𠁑庶民󰆙圣𬮦熙熙𩈘𬦄山狗㹥𤞖強坤僚核扒󰕛埃群敢熙灵魚号沃沁熙熑蜜牢典扒獴熊打昆兎侵蒸職山虞丕喂恬雄朱特󰜋𠄩󰑼𢜠特𠰘󰅹熇𠰘意体焒創𤎒𤎜急𬦶典𦷾体焒創𣊎𤎜急𬦶典𦷾無明歇菩提添𤎜𤎛焒𣈘戈𤎒𣷭湄源咳𠊛知己固𢞂共庒敲石多焒𤎒光仍𪡔𧡊焒創𤎒𤎜急𬦶典𦷾冷㐌固幔鉢絲𤎐㐌固𦑗束府鬱惚𤎐燶󰤟渃𤎏𢭵󰋃皮干𩄲隕𦝄𤍶𤗖情改湼秋波迻𠓨荧火盎盎朗𤍶偷店承恩𠬠𥅞更斜萤𤍶𤐝怨𧍝縈𢭮愁雷光𤎒𤍶󰬾𣈗正旦依如𠸕𠻀𠸟業爫咹𢚸𠊛典𠳨𢚸民熠𤒲差官旦厨延應威儀隊杖旗旙熠燿傳翠翹而熟咾兮經三字而𢖵𣦍輕裘窖熟襖䏧弄𤽗子路初陀願嗔烝猪羅𤞼熝𣇜𣌋󱚢厨景拱生於𨕭㐌固𡗶𤐝󱧴󰝂肝腸热血𤼸𨖲鐄渚歇鑛特𬁒槹𤴬𬁒穭特𬁒穭𪹪𬁒槹玲瓏玉羅玉玲瓏𤏬率𥪝外熒熒畑𤒘𤏬張󰮂茄𤏨𤏨𤏨䏧焦唏𤏦𤏥𫥨買別脿𤷍𦤾欺奇𩙌別𣘃𠡚𥎁𨷶𩄲唉𢌌朱󱚢傳尼吀渚疑垠碎陀𤏣歇浽𧵆浽賖唐雪樁群這印於𠁀坚梗󰋇𠁀矯𠲖󰞿燕仍𠳒𠸦吱仍󱳮論道蜍𫯳𫯳牢妾丕矯強醜燒繡衣襖𥾾燒排詩詠丐火󰌎燉渃熾襖幼炪襖蓮󰅒所時丕𦎛鵉𢯏姅𦄂銅熾堆鉦鐄俸㐌熾西特𣈗󰅹別固𣈗𧘇傕𠏲㐌俸圖伶醜熾怒固貪貪󰩄𧡊財自課意火生不息生固畑𤏬󱧳𦊚方捹樁洒菊𠀧绳𥘷𤒠焒󱦘茶󰜋媒侯𥙩物𤈞𠓨󰮂󰢡班朝𩄲合最𦝄制𠬠縁𠄩𡢻歐打分𠄼𪹷𨑮霜敢管功拯𤍇時𪹷拯迡弹󰜏寡部埃𣈙底朱裊自上古聖神𠰺民𤍇𪹷㕵咹常用炙黄󰑼𪹷朱鐄焒𪹷𤈜顛固味𢯏𢷀𠱋𠯇㗂絲沉𢒎辣𤐡𫗄迻𢯦簾䏾花戾動庵諸抉芒竹羣鮮𤇮買𤐝𤽗李氷昆𪾺󰏙𦷾体𥪞固焒爐鑊𤐝糝𡎝𡗶清瀝𤐜𩂟渃雪𤐚茶󰡎𤇮筆花點册𨕭案𤇮茶𤐚㐌𤐝笀竹娘𦹵𦓿催尾紇夢崔崔燶󱡰旦些󰑼󰠃沉香𣈜永麝初衝花海棠它蔑職燶𠼤󱛽為浽𫯳終燶󱋔生當𤍇鉄燶鐄俸𠵌如渃梗楊洒潤日䜹𦎛燴頭梗𦰟畑𬂙律帳屏乙休摱花曇燭慧爫縁惨傷别󰋇𨑮層𬑉拯燥渃𢚸庒𢢯𫯳金蛇𧋻燥觧藥毒治痢碎羅𡥵𡛔女貞碎𠫾半𨢇戈營翁𠊙些𢪀固󰕛軍𢪀固營壘𠬠𠇮𨻫仍𫺎󱡠發󰠲𫯝㐌𤍎𤑍彙東世麻𤳇𡛔𠁀𧵆鍊󱧸圖五金󱙻榜鐄𤈜𤑭𩄲撑𤈜𤑭𤑭𦖻㾔𤑭赭𤑭馮公奏案廬黄分明狀告𤑟𤉜詞供史青群劄𤑟𤉜𢚸尼󰠲监𦋦󰟯如初拯呵殽混𡛔󰜩󱈘󰑼𤑟仉忠邪𡢐󰑼些𠸕𥙩些每皮臨泉悁奇繁花吏𤑟窖𡗶𦓅旦返吣別𣦍麻英尼吏打𩢬些低枯𤑚爌𧡊𩈘花眉柳卒焒封帳𫃚禫香淹𢪀朱󱨌買羅𠊛知機炭焒𢙇蒸傷物𤒛檜燒㗂哭感神靈拯𤒛時𪹷拯迡𩛄𤒘𢯏𠀧󱰥󱀌𢵮虐𫔳茹散荒停除𤒘花店𤐝󱑹瀋𤒘王者至公󰑼󰡫庒𤐝朱典技隂崖箕埃打𤒘制𣈘油拯爐鬼炪沚㐱戾𧵑債拯𪽝兜默銷散丕畑油楚𤒴𣈘𣈗空𣅶𤎕割𬚸𤍇油底麻熟各次𤿦共底麻𤒴𣇟𤏬𤓇𪺘孟熷𬂙𢜠焒掣包浪徐隔𩈘如󱨍蘿肝跬用覃歆𠇍琰塘媄傷餒𩟻闭𥹰𩛜𩛂拯𬋩𥹙蒌拯嫌固別󰠳羅事世間次一辰𬋩㺔𫅷次二𦺓呐次󰬾󱇙渡工倘𣘓𣈜林爫迸賴𬖅雉爫簾𩂏車默𪠞朝爫𣘃仍鎌爫𡶀仍刀法條卞拮忍愁駭強爫鮮矫欺月𠸍花唭拯咍搭𦖻爫󰘚庒咍仍𠳒花月初󰅒渚兮初𠹾恩楊公㐌𤄮拯𥙩之爫把船埃𥪸直边滝固𢚸待客𫨩空喂船底些結󰒂爫悁腰世繞探堵爫卒世󱙃𤾓方藥賖吹堆󰬾逐味亨配𪜕爫卒宮官祿旺爻妻兒𬖉体㝵𫅷娘牀胡麻𡎢𡧲災旱㐌奇窒𠂫𫽄可去特茹周蒸乘民顛󰅹𫽄固󱸓𠊛率󱨐板垠渃𠓨𦓿穊牒世牒縁辰𥙩𠤆𦖑户行固板粓𥸷固㘨粓𬗂固牒𩛄蒸固𠦻𪺛𨢇調扲牒典𨎠案覩跪讀姅󰌺襖𥯒𩂏衮衮紙𩂏𬮌數𩄲粘隊󰌺埃浪𰿘𨤮𪰛車念丹沒󰌺𫀅󰑼𡬷𡬼𢮬𠅜𤗖𡨸搮𥙩拯率𣎞熾牕𤐜熾篆竹熾梗𦼔筝𮤭𮤭󰬾𤗹每㝵爭𠳨所實爫牢托空墫拮底𪺓柴筭徐昆冲䏾𢼂𪞷拖蓬捞𫼴意廾分爲右土地龍神運襖錦𤻼㾿搠㩍燕𦖑鴻呐妙揚傕唐枚𠸍尋塘󰬷爲爲徵盎那爫经敎尼所㐌急丕𬋱如某底本庒求之眾悲妬幔之朱卒最灲各𣇞旦茄諭通功生浪分陷縁灰敢󰠲𥮊󱥸女槯盘𣘈󰅹咍分泊如灰体尼䏾蛇𣎀畧群𥱬𤑟𤉜𠬠𠀲女兒灯灯碎㤇英萬碎悗英𠦳英㦖𪡦𬟥片迻錢碎摸宝幡片哿身曳𤽸󰌻朱典萡頭死生驚惧爫㝹󰋇吝㺔拯固牙拯典默𤈜𠇮㝵眾語󰏙体仍軍𪫓頭𤛠𪫓獴馱𠀲半𤙭󰕔𠀲半󰤡俚香𧗱謨󰤡𣈙折𫥨爫具底󰅒𠶆廊主欗裊塊散昆𤚇仕弹散𤚇巴爲𧉻亏飭𧉻𪂲亏飭𪂲丐庄固特爫堆特𣈗󰅹別𣈗𧘇傕特𢚸𠊛丕喂秩𢚸𠊛丕喂遣𪀄鳯特吏𥪞盎𩄲昆馭特衛𨕭󰘂隘繡衣襖𫃚牲牲𫪹鉦牢教隨類劄編𢖵埃如𢖵𧆄牢㐌撙吊𫴋吏掏吊𨖲牢空󰝂𪾋古奴吏據底奴呐岩買𫯳牢妾丕矯強醜饒体牢台丕渚哺哙姨朱年初忍牢敬盎那蜍几茶󰑚惑奴𥙩樸𨔍態𡨧棱禅吀渚仍牟燕󰞿等𠊛智午才牟胣神𦖻玉体歐仍󰑼産固江山𦊚趣牟默埃城市默公侯玉門㝵𡛔埃侯庄𬁷強𥹰強𡗋牟𫨩朱甘功几󰈱𢬣樁蓝汗牟灰沛㝵牟卢舍光孤僕卞筭唐尋艾吝梗特牢𡗶生几布牧民蔑衰蔑盛事吝腀光堆牽董鼎及檺迎昂𣼽𦖑湥玉滛𣾸𥛉崔買計比犀事𠇮恬𫅜事与蒸動技丕羕丐𬌣顛黄犢𤚤𠊚獜騎馭策昆鴻文尼吟体某村員身㛪如𬌓𫄉桃拂披𡧲𢄂別𠓨𢬣埃魂𦹳没𬌓𡗶𨷈𨤵𧗱漢咍羅固於低祝版版祝倣曳托京障水板󰑼版振渃尼板豆杜版哿欣俗傳𣎃𬙞𩅹牛𡥵𡗶𥙩𠀲𤛇𤛠拱煩咹如󱨘咹𦝄豹𰡜猿𤢥󱲅猝𦋦才󰋇丈夫𡥙𡦫彊𡗉預猝󱲅拯𭁈体𤠚用󱲅体𤞻󱨙打買空特買嘺蜂𫴋救蝟󱨡𤞐𤠰𤞽𤠴梧桐󰗯𤞖核󱖮𭷽𤞨吒媄抵朱於時傷奴𣌋𣆐𪧚辰󰜏月翁絲之吝買麻𢙇󰝂曷玉朱𭷽󰤵𠄼品棱儒𤜬朔𥙩恩渃群懞添解額福茄𢆧塊犯場規固僞羅陳添平衛渃犯𬮌隘支稜払連扲笔笺𢬣爫状𨕭告念西訴詳𬌥羝㺧㹥調𠫾𠰘時吟状󱚢跪阎王𣅶𧁷拯固埃𥆾𦤾欺杜状𠃩𠦳英㛪󱚢棱𤜯体調跪𥛉迻埃台柴束㑏欣𤜯岧𡽫滝尼󱤱駭群詩被干󰑼𠊚未成丁𣜾𣹓𨑮𦒹󱤱𢀭𠀧𨑮𣦮𠤆𢜠𧁷𠀧𨑮𣦮㛪停固󱳮期頤𤾓𣦮達尊次一󱦟𫅷菭潙󱋓玉弹和𣈗春呐崔柴伵󱦚𢫝𥉫澄京國𨤵紅溟茫空捥麻󱦜𣘃槔拯㐌坤𣦍窖苔台隋𡗶󰘉唐宗戡乱𥙩武治用𥙩文惜台𠬠等英才藝文業武󰅹埃敢皮文辰九品㐌𢀨武辰六品群𫼳鎌侯皮󰮃韜畧皮外弓𥏌娘户武𠸜羅設羅昆𡛔縣南昌丕共昆隊𫵈補船麻𨖲步欺案羅安󰧙真歛奥亦󰧙具𢪀盎那命𬉵官正守掌意嵬朝廷庄𠫾唐正吏𠫾唐邪卞專𥙩󰒂朱正麻𠰺丕正嵬天子台𡗶治民𣈙吏奏𫀅買正刑法蒸役把吏正於𣈜𣈙止頭貝速長箍辣穭止年麗曳些𠳐令玉皇判保朱咍低些吏𧗱𬆄上界唵唵輸𣈘吏𣦎𣈜占占香󰜋𢚸𬆄吏郎旦准每𣈜丁宁𫔳𧯄産扵𧣳城𧼋𣦍𠓨帝隐𠇮󰜋欺󰋇𣋚𫢩固令𤤰差扒碎沛尋歳公主典歳㐌哿代杜礼󰒂娘卞啫景𠫾𣈙蔑備蔑梞𠓇𣈜𬆈𨀐𬲂没󰟯𢯦歷典𦝄󰅹肯呐能共󱪪旗旗旗旐󱦝呵𫽄𫅫派派𠱋󰣳𡥵空沛群疎尚𫴼誇孟𠀲狂斈坤𤾓𠦳𰿘狀蒸鬼󱡶拮調遁鬪恰𨷈𫮡油詳油略院蔑瓢默狀默形𫔳吳弓劍𪧚例狀頭枚拱㩒椲𫔳軒因蒸恨󰍄沛餒眉埃浪󰍄拯固獰戾丐󰍄呌麻昆獴遁󰍄󰅹吏且哏𦀊𫃚猫住󰍄𠫾𢄂塘賖吁蟡墨媄丐螉瓢猫𤝑𤞐𤝑船𧏵𠓨𣷷同狔龍興群待機𡗶固欺𦀊愁埃窖𥿁芒另尼䋥𤟛󱕗唐𦃿㹦路󰑼𤞓朔爫之𢧚时侈𥙩𢧚時𦬑囊鵝󰑼𤞒哿世󰑼雖浪館客狹𤞑准𦣰拱靜准𡎥拱清𤠚丿連堵𤝽𦋦外𢧚蔑𤞻奇𨅸𫀢歆歆𤝞𤝹𤞻𤝰麞尼󱙻本󰣡󰑼㹰治實咍補臟祛󰘩外内固昆㹯折𤽗仲逵拱類昆𤞼昆獴丕台㝵哿愿愿固飭孟朋𤞻夷狄𤞪𤞦坦賖𤞩𤞦蛮夷常時治𫃸常時併吞𤞩元悁𫗁貪殘軍𠄼𨒒萬仍算爭衡責台隋将刘方包仃𦋦胣虎狼害𠊛沛困爲事𪸄𡘮𤠄𤞼狺𬷲共亇𥪞𬇚菓𥪞園獴豺獴狼當𡧲塘牢𠳨昆狐昆狸隘西𨍦固乱兵蹺𤤰車駕親征渃󰹄𤐜𩅜𦁂眞些㹯󰶀排制些嘵嗷内夐棱荒合共狼狽爫廊㹯󰶀嫌為馭唉群賖𤟛皮路俸𬷤它𠰁散橘灰𬥓𠬠銅𨑮柑𠀧銅𠬠橘𡎥猪猪𤡛猝𦋦才󰋇丈夫媄茹拱𬦼𡏦猜𢬣󰥎固𠃣含啀支𡗉昆𬌥猛掑耚𠫾吏㹯猍外𨷶竹共𤽗結伴拱青青鯨猊盃趣鯨猊鯜𩵽時吏盃皮鯜𩵽过真落𫮇細低庄枚俸及獴猉不仁麝猉香梗𤞼󱨠伴佊共鹿唄麋󰉲𦋦󱨟逴最𧗱鬼迻㭲𢴿擼打如車𤞻托啫𪻃吏𦋦爫𠊛猩猩羅𡥵𤢬𤠆䧺鷄𤠄隊合團𥒥制𢚸汝圭准󰅹𪢊蔑㗂𤠄𤠂𤠱󱙻㐱󰑼狒狒形状󰣡𦍛体如人狒狒羅昆𤠂𤠱爫迸賴献孛共眾僧熊𤠰吏固蔑昆呌浪獴𤅶形樣拱𠲃如昆𤠰𤅶麻固𣁔欣鱷牙羅獰獀歆埋弄庄涓朋猿呌酉昆猿𤼸菓供𪀄迻花𢜠謳歌㖫礼孚功類獴𤠹卞遣𥙩丐籠𨫊挹所頭丐椇侖垃所𠰘押典獄九幽伯高寃枉傷台東初補獄󰅹台罪󱙀案苔𪞷郡朔方碎卞𨅿獄尋唐𧗱低獐羅獠𬂙𤤰傷惨工𢚸如𪀄折𦑃如𧏵折㺔朱𢧚𤞺隊虎威呵浪猉獪𢜝之𤞺尼神蛟箕𥙩蒸才邏𤢇獰任改役𥴙隘豹羅𤣄𢶢蒸茹秦如𤞻𤢿拯固𢚸慈㐱仍濫蒸性𤞻𤢿𤝞𤢽大夫恪態𮎦䧺悲歡󰋇餒𣎀迡𦝄髙𣌝夏蓮惨𦝄秋菊𢢈蟛蜞丐既牢牢固弹耰鋤皮既沛時𫯳濕𦓡𥙩𡢼高㘨𧷺𡍙󱸇挹包𣉹𣃣仍㐌扒辰傕他奴矯󰝂󱚰女耒𤤰𠵩𪮏玉笋默平𪯯𫡍紇珠𢧚𢚸吒駭群𢺹裊謨𧵑喝沛󱤌󰰊𠫾嗔翁叔段𠤆涓事意󱬶所或󰑼害𤽗𢢆󰇛𢞂𫺶𫺈𢥈𨱽𢀲丕台𦹵蕭󱪪丕譯𠰘仍𠳒终結朱各官陪審安南󱡓󱩲𢩣霜𠄩𡦂栢舟誓𢚸𣈜撑㐌易兜浪𨻫台󱘲󰊄旬𦝄唉𠊚𣃤﨤蔑𡊲󱠙嶗𣁔𠸜囉俱巴𨕭官斐志󰡎民安𢚸払𢭗彙日斐願每皮忠孝妾嗔院𧷺𢪱𢬣嗔𡄎𧗱𢖖貝𫅜𭁈𬮙𠁀㗂底廊銃󰟯󱯭動𥑲󰟯湄沙更𣅘徬彿𣊍𣊍占包𧡊将󱙻󰑼仲翁尋梅蹺蹅䏾𪩮佯假徒㐌成󱙻噲柴徒𬑵𫽄貪𪽞奇𬇚連𠏲便凛徒徒媄绳盧紀扒姉𡥚黄嵩徒詩𠬠屡皮𧗱鄭歆𫀅𧡊吏𪜝𠳨𠽄曷𩄎㐌律沔臺閣仍𢜠󰠐𩵜渃縁󰡊政刑條律𤑟𤉜禁塘權󰟨戒塘𬈋民府慈山昆喝固名户陶字𡮉羅寒灘别㗂律通文字興吟𠬠律續和糁勾罍戦𨢇律苔繪績律改吝𣘃彳亍𠀲樵樁升固欺阁紫󰠃蹺曲𢝙𡥵喝攄朝琴𢥵沒疑獸󱡳棱𦓅󰀘疑惡党奸邪支低賖𬂙𧵆󱢖合情調󰑼成迹㷚㷚自然𣼽腮㐌𤑟農溇𢪀𠳒香呐𫥨牟㥄𢥈𠾕畨恜𪬺念私𡗶它生𫴋澄尼身名恨𢤡苛𭁈𢤡𠰘浪信𢚸吏𢤡鐄玉蜍共𣜾歇𣦍𥄭羡𢚸𢤝賖𨱽𩅘𨱽勺頭儈𢤝浽命󱋔𠰚房香懶慵丙㦡怺恍𨻫仍艮魚㐌魂𫨩寐吏魔𫨩懶𠬕𫺴或懶怲空開辰仕沛被罰没欵𦥃低󰬦𡊲嗔洳忌翁㐌𢚸腰朕世尼筭暫蔑𣈜咍懺𠦳𢆥慢㦨所㝵𥪞州𠺥役嬰衛時㛪𪠞𫯳衛時𡞕台商周伴𪧘各諸堆役妸它㐌弄庄討某󱜐拯沛味世間所咍彷彿丕令征朱沛洳鎌蚤𣈙𢴑戈󰜋壙寒山征征月㐌擱岸𡽫枚於𫅜﨤事𫽄𫅜堆𪀄征隻𨕭梗保饒户荷𡀯往群𨱽嗔芮頭排哙𡀯户楊悲除棱𩈘壁𦖻彼𥪝買𢘮几外㐌咍木鞴󰑼彼窖世鄧用庄所彼庄所卢量貴妃恨彼鋭連饒昌底尙𪘵𤽸脇𠊛𪘵顛丐彼𥪝𡓇窄狹狹徊待油計󰋇𪹷湄𠊛風流沛風流待𠊛初󰅒調重𠊛眞寔埃乃󰅹於几待盃浙米羅待𥺊耶𪮏𣏾撥待迻扲棹梅生沛雪冷庄嫌乙待特才哿擛時亂嗔待𢚸意默𢶒𠰷疑蔑站樓臺𢌌待景鄧舍清台龍具󰑼襖䏧𬌥徑工坤頑拯路徐𫯳󰬾𠦳銅敕賜夫人𠊛特如𠋥󰑼𠃣固牀边右時撞徐於𦷾丕船徐拱𫺓𧗱西竹債𩙌朱𢧚沛論料從且油些外世𪽐蟒蛇𧋻哿從弄木連疎浪君子赴功嗔傷蒲柳字從𤵶疎徘徊悶𠭤吏㐌拯及丕𪫓鬦閑麻爫卿相補襖𥐆麻默襜𢌌庒󱳮󱁲兎𢕸㹯𧏵群捥曲扵沟待時項王時𥙩操𠸓爫威𥙩暴孟爫德感德佛乙蒸德媄恩德主𡗶庄固欺仃徵意㐱舍須煉徵欺恶獸衝乾油𫽄皇后朕群之𫢩席圍勝賞𫬱𡅳徵凌嚴號令鴈行󰋇隊徵㖫法派棹蘭嗔保所詳特別𢖀歇丕𨉓𠫾痗𬏻尋廊擬󱼐󰟀溇埃別𠊛󱸂󱅷𢭸󱷸連𫷜仍𥊘𥋳󱩘順台𤤰文王求福拯𣒠𧯄𩄲󱷹𡶀𪀄󱸃𢠯吳公𧡊丕拱󱧠㨿尼埃斷𠚢󰠲麻疑净𫀅忠厚恪𩑛鄕村󱲗㗂󰮂外調𠸦𢚸󱹔㤕𨀈風霜姅塘白拱𤂬鐄賒制庄咍󱳮𫏾乙時累𨍦咹渚𩛂󱳮渚旦𡲤𢀭𢀨𡗉辰󱳮㥄𡗋縁箕催丕共油女箕埃吏爫怞󱅷埃𬌔身呢㐌啐為吏群怞󱅷爫󰢔𦓡傷𣌉𣌋𫽄敢󱪀𫹭默蜍德天子渚底責罰典些役𢲨割𫽄敢󱪀𫹭徑道塘必号尼岐旁魂𤍌車駕制外淎撑石公爫𦉼部倍鐄必左庙祠咏𢽙如詞最心渚𤑟冲蜍神之或󰑼枯櫗或爫黄心圯㙴笘菊湥霜渲姉㛪𢖱所步行制春擬𨉟專僣𢖮𢚸埃𢛨𫹰無󰏤像之之吏𠲖灵為期占包阻𪞷吏𫹰論󱚢体句聯衣報牢朱仃󰡎𡗶隊蔑𫽄𠄩節碎昆意𫔬𠁀㐌𢗃蜍嚴父勤專𣅙欥道爫𡥵𫽄敢𡮍𢗃咹菓𢖵几槞𣘃𢖵埃𢠐恨恨𢠐𢖵埃埃𢖵𣊾𣉹𢖵埃賊𦖑呐率催𫽄𢖵耒呂吝戈於下邱部伴共饒義渚忘指𡗶𠳿坦朱公埃涓道主埃忘󰒂柴楚卿㐌𢶾𦀊綱𫮇󰅹月娥染病咀嘆𠄼更淚玉忖控肝鐄𭆺𭈷曾𣅶𠹚勸仍吝尼𠅜忍保客傍覌苦刀伤世坤卢坤忍𨀈𫥨結󰒂拱娘襊英固忍朱娘㧅𢬣團士子忍牙󰡎月曲清遊楽𠯦珠宮牢卞儈頭代濁忌忌𨋤歳翁彭翁殤丕台払自󰳅󱚢尼𫗄𡋥𡖵𦝄尼忋𠖾方㝹𪭱倍塵空每所吹󰝅客興𨑮分𢣸󰑼翁試翁傷埃𪫢翁試𤾓塘翁傕𥪝經句悴𡦂𢗖𢧚立志於𨉓停固𢝙𢗌𧗱事𡞕𡥵蹅穭忽連淹念帳𢷀幔𩂏養育朱𢧚奇𢀲坤生昆念舍酉蒸昆念󰠃公子没房英㛪料帝篤𢚸業儒念經𦗏偈隊欺𢝙念𫢋法𣌋𣌉𫽄奈課重群防固課衰𪠞忱特蔑琰乘𧡊達𨖲边𡶀篤𢞂每餒𢚸陀克快𢞆𤾓朝𨀈吏艮魚体払克快󰜋𠳒麻伤快旦号沃太陽快𦖻𣰴𬷤乖卞便課快忙沛仿昆棋快𨢇苔瓢𤽗天錫咍𥙩忠默蜍𤤰𥙩廉默𢀦𠇮払群㤋志功名想戈會󰀎群仃春𨍦㤇傷埃朱朋㤇𫯳󰋇發庵󰠐羕霹靂麻牢㐌戾春𫅷闭𥹰群𢠣户胡僣兵底𢘮立𤤰茹陳摱兵吏𢘮𢘾威强臣事尼固透咳庒払停固愖咹怲爫買𢧚庵𩄲󰘂怯蔑芹標茹客冷𠖭蔑𠇮怯󰘂殿於𥪝棱常󰬥魔怪帝英𠰚相形䀡窒怪奇注時松嶺英時梅軒李通曰怪怪㗂埃如石生時衰用沛碎奸怪渃𢧚乱負主僣󱠢󰠡𮥷爲蔑𫳘才𫽄台昆造怪𠊛些之𫗃急咍羅𦹵勁濁饒易別唐光春情傳意論盘𣎀𦣰思想事娘𠬠𠄩𢚸創怜怛宁咍挼󰪀𡥵𠫾𢄂㐌𧗱帝於𡥵固怛行空許𡥵高審󰂇朋𫶸共怛肝弄怛爫糝七𠰺𠳒方便堆塘𠳐𠳒矯怑𢚸鐄󰠱傷坤朱𠊛𠰺𢘽朱𠊛傷𫺙𫺙怏怏底朱𠊛恄䐗体㝵君子𢚸些傷㤕㤌𢚸渃𦼨摱𢬣𠊛外㤌肝𩯀𨅸孕𨖲捽鎌㓠案吟篇歌排黎皇㤌𢠣𡗉皮密書差使迻衛乂安人生適志默𠱋󱋓鐄󱡱底𨻫𣊿𩄴𦝄𠮾嗷妾𫺈味甘草咳𡃻払喂味桂枝𫺈戎技𩯀蹎絲艱𮥷󰑼󰋇󰮕𢘾仍兜心羅𢙭心胞絡羅𦟐䊷𫃚債𢙭心尖㐌空几兑𠊛𢙇産低些剑󰜋𠄽𬋟香修行𢘾德世尊㐌醝𫑺道吏𢞂蓬縁包徐书且蓮制月吀採朱𢘾捻𦲿栘群󰬥結𦹵唅𨪪𧗱𡢐𡥵㐌𩛂𣈗𨇜𣎃辰𡥵𬙛朱媄𢘾𢘾𡗶𩄎𩙌順和明人敗陣𢘽鯑唐北𧼌𧗱安勇㨂軍唒𠺘𢜗𢘽拱󰑼𫢧翁爫𠊚辰渚道中庸恳於童貞泟仕󰅬代恰趣牟衛没准𨑮方珠玉院和𨑮泖沚恰怛庄碍𤴬伤㖪掛㐌𤴬𪻒丐蟈拯别蹺󰠳探𠳨鳩𢚸逼息麻渚烏雷𤽗𦖑𠳒些𠰺朱咍固𠬠事𥹰󰅒惍即𠊚坤於𠇍𠊛愚即𠇮𨦧香吀透旦𡗶恬熊朱特󰜋𠄩󰑼𢜠固事之丑叉如固𧤁固𡓋共恪事困如爫丕免特𢚸耒庄群法恪官𪟽󰑼固意恪時遣婆󰀎於共昆中囚㐌願𣷭愛源恩因蒸恨𤝞沛餒眉𤤰嫁公主朱李通公主空𠹾𥙩恨化唫𫯳恨時𡞕爫𫅜𠰘唭𡁚𠼯浪英恨夷㛪恨身㛪買𣜾𫯳湼虐与共來󱜐弄恨陣拱󰑼蔑户吏恨論饒焒恩𫽄𨔾麻空𤎕𣷭愛𠱋恢拱𫽄潙道吾𢱖笏乾魔𦍛体恠光𠲹恠漁樵咍𠀲吝𠾕畨恜瀋念私仰𥊛量𣷭包容恕朱󰡎𨆝𬌓𢚸小兒𬈋𦖑低󰘂繁花𥘷疎唐突吀󰜏恕朱敬礼恒杜工三宝爲蒸𪽝蔑湼𣦍𢚸恒𡞕𫯳道奇𨤰恒造端󰒂意呵浪沛制顛狂恍𢘽計詞欺甲𩈘情人辰病妾買分弭恁采石盤𥒥仍㤨嵬勾歐羅㤥待欺𨖅英㛪些仕决塘𢧚庄𤽗若眞𢜝㤡失色急蹺麻𠳨𠴛𦷾埃喂𠤆倍唭饒󱡧𨉓朱𪟼最𡢐俟唭吳公󱡦意興𠳒浪𢧚勸英咹於朱䝨𫽄󱳮𫺓𡞕𠤆嫌𫺓𡥵𫧣𪫶𣋀𫵈箕𠄼𠀧丐於方東老空粓㐌𦊚𣋚𫢩𢚸辰𩛜蹎𢬣痗𤻻於𤯩𪢍托埃拯固𢚸意𢚸𣛢拱如𢚸𣑁娘󰕛几劫爫𢚸胣󰏙几學路朋賊讐嗔𢚷㐌咍𧖱湈生𦋦𢚸󰅹麻拯㤕𢚷断腸西楼𤿰點郎󰬾月娥𨻫仍㤕𢚷分𠇮𥒥箕群別春𦓅𢚴為埃啐㐌誓𢪀強㥍𢚁𤗲𢚸圭別󰝡𠇮󰀎悲除𢚁󰠲吀払透𣍊󰌵𢚸相思穉𢚁吒𫅷𢚁𡥵𨒻𤞻奴語实󰑼特台馮公𢜠𢙲故人𠶆𧗱私室慇懃咀嘆呵蒸意𢶢甾垠患丕𠱋特豕𤞼特患𣈙曳寧心源空寂無爲悟特卽時果證如來尼仍几忘讐忍耻悉󰑼𠊛富貴荣花𬙞𠊛左右共𠫾𨖅渡東去悉蒙尋岸注石生㐌𠫾耒罕功尼𧗱些悉奇沛𠬠丐悈𦤾𫅷爫妓固傘固繖固香案悇𤤰悅𢚸命拱㝹㝹𢚸𠊛𢃄功名刁苦辱𠊛悁景𫢋𨆁蹎擉仉𨔍瓢仙痗眜𥈶𫳵當𢝙󰖽𫥨𢞂把𤾓咍庒朋𢬣悁石生呐英悁碎耒於遣妾𥘷𦁂𢚸媄𫅷恾𠰷偷店恾㗂浪箕怒胣鉄肝鐄易别𠱋闷恾台𡮍恬藣精誠乙拱固欺感神身𫅷為拙闷恾買台𠃅造循環溋朱𡽫西俸鵶㐌恾曾認嵿松楸往澄式𬛩擬𠬠群恾象悶𠫾吏歲𫅷添󱡫󱈘𠀧𢆥﨤博𠬠吝外時幼主迷昏冲時太后淫奔󱗙乱念𥢆坤掣󰢴󰢧黄鶯唿𢖵子規呌愁權如注則命𤿤証寃朱仉忠󰆹特渚𡬷貞𢜠󰆷𤾓唐辣星传𫇰朋󰟯㐌涓秋旦店戈感𡲤𢜠一藝精一身榮若朋𢜞怲𢖮生𧁷𠍦奏浪𢜜分愚癡󰝂𢚸犬馬填󰆹𣷭滝瀋高敢責𦝄秋責庄責吝唐修𢜗𧗱払停吱妾𢜗𢠿固錢妾拱別税𠼦𠊚百官共旦嵩呼祝𢜏󰬮󰅹拯󰚷󰞺󰅹拯𢛨𠊛淑女仉𠎣童情期埃別嬏𫯳緣𢛨唏𫗄冷𠊛愁𩈘惮花桃㐌惮󰊄東𤤰碎分𬙾嬏𫯳緣𢆧暎𡶀宮撩𪀄忒惨豸湖鈎且𩵜舂升聂惡牟顛似沈某惡号沃坎心𦔙𦓿促𰦫拯𢧚𢜠𫢩固主舜堯𩙌仁𩄎惠沚調闷民昆㐌塊焒矣惜𠇮渚料𠇮女㗂冤𧻭坦案𪟽𤍶𩄲㐌𬏓𣎃衛𬧻𧽈󱡶爫惑矣喂甚丕蒸嫌事疑意坤別麻易惑昆󰑼哀帝𢜗惏孤兒寡婦坤扲江山㐌惏娘嬋娟渚𥙩蒸恩蔑𣈜麻惏蒸斫𤾓𢆥㐱戾𢚸花惇動󱖮柳靳𩵜尼𠄩两泊底停碎嗔報答拙情朱翁𩵽鯜誇𨉟𡗋󰖽𫨩󱓇恨蒸排妾悶勾詩𢪀担𢵋悶曰曰迻埃埃別麻迻𡄎身特准安盃𨅹𨖲𣘃楔姅𣈗𡥵埃𠊛意悴汝娘悲𬮌󱬷蒸𡨧德𫅜蒸𠓹蹎辰仍󱝡悲悲吏扲抪燭𦓡挗蹎𠊚蹎觥𨀈𥪝𢚸敬㥋恩它潤泣𫡦州㗂𬙽吏底𨷈秋󰅹㥃󱢈𪥯惱物命芮󰪀林󰭇等別固英共㛪共󱡯𢚸饒空󱑆毛󰜋命𨆢細󰳊㥬坤塘󱋔𠰚易唐𠴍㖇餒關𢙇𫼳󰳊別包󰕛卞炪香󰠵𭝫浪𢀭𠊛些拯固𫺧𧁷辰些俟些爫些咹吀停𫥨胣北南停吱𧐖𬑶麻𫺧䖳𨱽𫢧󰜏化𫯳麻㐌𡗉歳辰停𢞃𡠣女傷𫯳娘側𢞂𫔬𫽄𦣰眾鬼𢝀丕浪眾奴拯特渚丕拯沛所悶丕強添󰞽𢝀每皮𠽖童懺所𬆅提澄𨖲蔑場恩怨仍散希𪻟譖朗南南帝𢪀中𢚸感事邏𨕭𡗶感德󰡎𡗶勉威𤤰㐱感汝德柴𣈜𣈙挼隔離𠭤𢧚賖感讀䜹𢧚感吟𠿯隊欺𤽗黄卞感疾𤸭𠻇恍惚萬民感景𠿯𠿯惜𤤰太祖創𠁀規模𡗶坦㐌証鬼神見知裺愛宮弹邅㗂喝𬏑丑穭年愛時𫀅朝式点庄安󰖽花愛乃𫃚鵉宇鐄朕恒愛乃歆遙共傷蔑胣共腰蔑皮恩拯汝把󰑼𠊛愚𤵶僥傲𫢩隻埋潭𠬠瓢𫯝坦𢝙愖埃咍弄孛龍泟戈歇工花蓮意物群󰟯意况之󰑼𠊛意群朗蕩濫之女舍惜命制盎水雲朋吏蹺囉𬮌隘卞意風景圭恪意奴拉情刼户杜𫢩𤽗潘㐌衛典茹𤽗張呐意𪬫竜船𤤰𧡊汝娘情箕意怒盘桓女之擼生男子卒台㐌調󰉓愎吏斉育昂期限完愋燈篭劬愈炪店最𡗶拯体外軒絲柳愈賖𧵆𤳇𡛔欣門彦㝵愈饒愁󰠱少陵邊㐌泊自兵梁乱典𫢩民愁征戰𠊛𣈙渃𡽫𩃳旗㗂𪔠賖賖愁𨖲𦰟隘怨𫥨󰘇房所𥪞意固娘翠綃強𥙩爫𡮈措𡨧惵惵𢚸所湼那𪾺𪖫𢆥𠉞甲子次𠀧鄭念想典撻和吟制𬑉𥚆景物惱尼可伤󱡺󰇾宫弹𠱆曲𠸗聀塵󰅹別聀仙𬁑𡅳𡥵自𠫾爫妯𠓀󱡖吒媄麻𡢐敬𫯰功兜麻𫺶𠊛仍添𤷍𣈙𢘾𢌌𨀈塘𩄲吟𢢯道伵󰒂柴渚𫺴㹥𧼌𫥨塘固主󱳮吟恨𢚸狼鳩態與吏傷分泊累裙紅拯𪟽楊后滛邪仕𫯳𦋦態𦝄花乱常尼曰偈准題詩𩈘禅道󱉎𢚸慈氷清尼土芋矩慈甘美炙食󰣡𦍛体馨香月娥冲胣如鉋更遲庄𥄭仍慆式𢙇唭呐雖浪𠸟𠰘丕慄蘆筭仍刼𠊛衝娘户武拱動𫏙禮法䐗曾𥙩事腮𪾺体慄𢚸雖庫拱𠸟停󰠱弭酉𪬡沛忍渚差訛催𪬡𦲿𧺀𬀦悭蕋鐄𭛣萬𦇒女絲扜㐌最如墨吏𢠩如𣎀揞󱚣𫺶𠦳秋駭底待蔑𣈜甘旨吏衝慷慨𢣇𢠇弄慾婬慾扲戒行斷慳貪㐱實意羅彌勒少季𧗱渃渚迡吕嘉通息店𣈜仍慳蘿𢢂眉撑沉渃碧𪀄慳𠶣𧺀永信鐄蔑拯咍蒸𥪞占包𥙩蔑𠅜共安慰丕𬋱傳差中使内臣固分安慰固分𠴗娘穷尼言句㐱庄兮蔑丿碍慮𫗃慈海海迻󱏹錦𦝄慧漏漏豸傘花碧海水渃𣷭慢除風慢興侈吟句碧洞𢜏饒日勝𩛷胡麻呵拯沛𡗶慢𪮏蒸些麻把蒸恩𤽗𠱋時𤳇𡛔城渃趙吏慘欣蒸禍坦長平丕慕𫔳𫢋󰑼尼濟度篤󰜋𢚸皈依𫢋祖准呢󱡚𢣸󰅹埃主𠱊細源花此𠳨共𤯨辰固𣅶𩛂𥸷󰇏茶台茹𪬫氣象習俗体哿拯同才能𪬫𡖼荣華𪬫㖫𡅏賖𧵆乙㐱稽𪬫𪬫玄機𫽄掣𠸦𪬫些𥙩意𤤰哿干烝眉這霜𣌝𪬪披𫽗拯恒双恩情亥渚𢢯𢢇𠊛一死𢜢𠊛三生倍之𦓡𢢇分𢤞縁懃𢢅累之󱦺𢱔𧵑𩛂吏負兵權默󰀢冲外腰埃時拮𢢂埃時𢸝英䧺旦景慈悲𢠼𠸟𡎝福涓𧗱塘名裊㦖官举状師沛立即呈单𨖲官掌理座上審花𦹳𦹳㘃奇棱螉𣜾㦑杜𧊉停噋敲務春務秋拯敢󱪕𫹭役祭祀拯差珠串羅󱡽紇𧕚舟人固意𥈶𥈺包饒珠寶別󱚮𫽄差𠀧塳松菊𥹰賖𩈘󰜋梗桑蓬𢘮󱗡𣘾𢣇𢠇𢚸凶𢣇𢚁𨉟詫之󰑼奴分碎隊吒𬖉󱪞拱沙湥𢣃法所衣冠恆𢢽𢢽禮用郊庙本針針師浪分𢢲緣於明朱堆𡋿㐌皮銅斤河梁𢺺𢬦塘尼边塘𬂙𩃳旗𠖤𢢯𢢯󰠲掣計𰿘愁𠦳腦𫅷時敬懓稚耒腰當𫢩它𨖲𡶀𨃴麟𠇮分唒固清貧拱應㗂竹逞堆𤽗子文拯應高𡎢擬𫢖仍𦊚方几賢午賒𧵆應朋㗂㘇聀槐𣃣𥃱應連占包求嗔懇拜乙特朋𢚸澮浸齋戒懇𡗶麻炪𦷾󰇏𠳒仉吏𠊛戈󱢏󱤗世意𣋾󱓽世󰅹󰬷初㐌感恩情女𢣧閣香怒𢠩懞𨤔𩈘𡽫滝隔阻凭𠀧秋聀𧊉𢠩懞𡶀望夫懜情改步𨡨𡋂爭王鄭𢚸𢧲買哙払𥹰𫢩𧗱道花𬞕𧡊姨㙮坦𦷾㗂󱹴󱹴傕㐌停朝佛朝仙聀𧊉空𢧚恩恨女塘󱞖𢧚𫢩𢯢𣈕搶棧道求戛或𠼯囉蔑𠅜禍侯移典蒸奴丕或浪身㐌化或浪𠰺渃恪庄戒列涅虐与官軍默扵𫡉𣳔睪丸丸戒紫茄羅𣖚戒羝卞齋戒澮浸細滝黄江禁塘權󰟨戒塘濫民交鄰𬮙𭛣㐌衝麻事㐌济麻功㐌成預荄渗󰡎坦娄𢆥成珀傷為堆侶渚成瓶香鉢渃埃仃㝵𡢐願戊甲尼盃除例包𬼀業障召𠅜媒約󰝂信𡞕重干戈𤽸啫銅刀碧离磨羅埋戈雖拯朱󰕛些戈共所㗂𠺙唯盆丕戈弓𥏋默揲蒸渃拯服𡎥仍拱𨻫功𫢩𧜖𬌥戈仕併𣈜把功𤤰傷汝吏嵬嵬过陣仕𢈱𠰷吏咹󱋔功名󰠲女麻懞闷𠫾𢫈𪨅仍空󱢙𡎢悶朱院義金蘭扇簪沛定陳潘𠬠𠳒部將茹𤽗沐𣆭固宫百户𪭘崔沛陣𡘮蒸准廟意𨇒初車馭魂秋草𢨵𡳶楼臺𩃳夕陽绳混𧡊𠊛𢀨扒挄爫户些低茄芸行户唒庒𢀭拱𨇜鉢咹䋦𦀚𦋦飭𫽻衝屯田固所勸農固旬色所裙間翁修定𢴑娘阿蠻燒𨃴旦棱咍蒸柴所於撞李悶如所勢軍打挹𥙩娘麗娘多杜戾灾𪬪跋扈戎仍𣳔𣻆󰬾我邏󰟯包八歹隊番𩈘碧涛耒𪡔堆我北南𢝙尼易我愁󰠲浽貞貞鄭隊㝹𠬠𠇮典我塘合固几𠞹𦛌沉船𫻽浽𨉓𦋦世尼樓髙捽𪔠戞󰋇回讀神咒摳桑格格停針拯呐眉撑隴戢恒碍𥪞𢚸蔑𠇮𡎢戢册咀𨱽花蓮䏧𤞼律𦎛梞椚泊󱣦𢃱鐄錦兢体𠄩㝵𢺤𪮏共𪠞𤵺𠊛𩂏𩂠每尼坤𨉟𢭳󱣤停𤇨𫥨外𢜝朋拯特些欺特吏扲些󱹑󱹑欺𣈜斤󱹨拯耒欺𣈘𡥵算雷催󰡎畑𨕭󱳅时𡗶󰡎因渃坦䋥漁󱣟𩙌𪤄平沙𡨺湼那奴庒旦厨廛𥚯遣仕󱳱𢬣𦓡𡎢丕拖󱹗𣅶䝨才渚達𦖑𠅜些眉𥙩爫仍仍等先民固浪群𠳨蒸几󱧣檜或󱹖或㨋或拪或踏判浪󱹷襖裙𠫾路路等畧朝仪法茹𡮶皮改嫁濫民搙󱽊固昆𡛔沛󱣻離󱣺扲蒸𪮏襖撞丕𥙩𦧘󱣬𠊛𫽄󰠳𠑕𬖉羅𫽄沛德吒𫽄󰠳󱢴𫼰羅𫽄沛德媄甫拜󰑼𥛉𫼩膜拜󰑼執𢬣麻𫼩盛衰別事𠊛些埃信祈禱現𦋦𫼢𢬗朱咍縁刼𪽝𡗶驗䀡報應𫼢𢬗拯差吹𪻒客興𨑮分朋固𬲇與蔑陣𪭱坦麻吏𪭮𪭮渚迡重罪庒他廢興𢬭󰋇局棋𢬧杶𢬧𦀿𡨺𢬥𥙩德𥙩威民使𥙩時兵待𥙩宽喝江𫃚歇招󰝡𫪹𢫝𬙞蛰𨨨𢬥𠀧囬𢬥豆楽朋吉𧡊𡗶扽擛待𢬣英䧺󰬙𢬣月老窖󰝂結願共為攔𢬢捕經從權悲𣇞𢚸㐌別𢚸補功攔𢬢㧅摓闭𥹰吒刧塘修牢𢴑𢬢景盆添喭𡢻情㧅生浪仍性咍悭係󰑼𦓅𢬢乙連𢴑𦀊搔𢬗𦖑𠳒碧月摓𢬄󰂇󰠲󰂇𨔍𨓡庄朱𠁀係固默辰𢫼頭𠓨𥙩𦀊麻𫃚𠄩邊吏尼金挕𫜧尼刀割𦜞𨇜每图庒少次之摳吳固課移昆博挑蜀󰅹欺倒蘿旗深閨永𡴯如詞𠳒尼𠸕貝知音尔渚負琹挑待󰡎𦝄挑麻𥙩挌外名利𢳝頭𢮿挌𥹸挌㙁挌𫇿啫𠊚朱客吏河西坤挈源干𢚶帝低蔑㗂持󰠳󰝡檜月寬寬仍戾兔散暈隊𪰛盃易欣󰅹太尉阮匐丁佃󰝡兵拿捉𦊚边内城盧公奴㐌立机差𠊛𧗱拿没茹户梅汫意青新埃㐌别妬埃敢且拿𧏵𧏵蕯潙𣷭楚拻演滝堯󱯀脉渃添威朱賊󰜋𢆥拵吏󰜋𣎀𨱽産茹拱於没尼待除頭𠄼𠀧𣎃󱢗春拱𤤰太皞拱神勾芒樁子󰑼拱檜差卿課判蒸店朕悶体帝特拯眾奴拯特渚丕拯沛所悶丕或於工󱐤拮頭勒丐拮特坦淮朋炪𬖅鴻奇㗂拮𨖲󰠓𦊚𡎝侯拮爫亏吏拯亏陳公皮意拮頭小姐吏𧡊於󰠲旦𧵆去塵怒渃車琴瑟拫俗箕樁担傘𢂎縁箕縁㐌𢭂拪麻𠊚闺阁仍醝𧗱之拪扲𠄩𣛤桃仙𠰘唭身殘𢭬濁󱢮󰮁𠊛𥙩󱉎麻󱢬造化功碎挭挭𭡅𭡅跙𫥨蹺𫯳𬙞被群𠀧𡾵星斗縈勾欄隔𡗶蔑𭠿㤇饒𦺓󰬬拱󱋃恄饒槹豆𣹓𬂻𫽄𫼳𪮀琴油󱢤𠓨𦀊調高㐌丕埃例審音拱𡎥𡴯󱠘胋花拱𠓨局𨢇拱𫥨𪮀弹提𪮀𢬣𣎀𣅘霜冷雪沙媄𡥵𢴑𢬢𪭴󰑼典艚𢵔𥒥𦹵蹽𢮀葚臘󱧔溪渃洟𢱖蓝岩𤽗潘疑𥪞占包所感卞𢭾𤯩𦷾駭群𡓮帝𫨩𡍙𠫾耒𢭽朋巾𡽫西皮屈𩈘𫯝伵柴𢭼𢩮細尼大提重𠊛𠊛吏重𨉓𢭸詩咏𣑯吏排𠬠篇箕埃核哿閑𫮋𢭸裊固功饒路沛争𢭸檜𣘃𡎢𠺱沫,Nom
vi-du-tu-dien-dan-giai-nf.no.txt,條囂些矣條囂𢹅𡗶𢭴渃默油育昂󰅹别𨕭頭固埃丐󰊎𢭴𦖻㐌决時行妬埃蕯滝𢲣稽𪮻𢭰𢧚所󰖽朋拯擺󰬲嗔傷乙典𦓿𡑝𢭯魯自畨㗂凛󰠓𡃚𢭮扦連󱠏郎沔東鄰搔頭𢭮頭𡎦󰮂𫔳𢯧𢭮書𥙩𫯳𪉥荼塔𢬭𣎃𣈜從容爫𢀭劍𢭢咹觥爫官窖𠲝底命𡾵高別󰠲𢭗𢭸准󰅹󰑼欣翁時𩦓𬮌𢭄杄𠓇皮仁義󰋇篇𠸕𠻀駡𦖑讒佞固𢚸私改𢭄蒸𤽗固飭承丕補饒時渚𢭄饒調之將軍擬𢭄孟美䐗可𥙩𠅜内吘啻𢭄才𢭄飭默分捤摓半𢭂㗂𫢋泣茹眾生𠻵㗂縣仙遊固先生户陳𢭂業朱苔四𬏓𤾓㝵壇次二𢭂󰁰戒朱几買出家蔑𦓿蔑𨨠趣茹圭尼𦣰𡎢准擬宜皇后扲槊󰝂𥓄掩𤤰麻哭捤𡗶𫏾𨍦如丕埃忍收埃雲仙和吏𠬠排捞𪞷屡蜆蜂󰋇𣅶合散干㳥𩙌𦋦𢬣󱏹捚凭拍手捕𪮏嗔停貪𥯉補簦制黎捐榴制𦝄捐畑抶𨉞抪桧捍𧚟𢮿工𫤡拙蹎潭蹎超為老𢯢𢲲双每役蒸條捌𠲝例法𩛂於眉爫牢咍囉𠓨罪㝵些丕台特势渚奚脅捉𦋦恩舍勸要商捽𣦍蹎底檜𠓨襖𬀦捉捇湥高湥𨱽捈拮揞捧拜將庒泥英捇橹封侯群𢖵姉搞媒捃穭捃𥺊係𧡊動𦀊辰於𨕭尼捁𨖲朱毛𨑮糁捁船𫴋𢴾𨑮𠃩󰝂餅𠄩𨑮掉神歌催吏挽浪茹恩𡗶𬌥𦓿拱固𢠣𢞂別󰋇曲挼𣵰𣳢挼渃切台𩛷𩛂𩛷𩛜戈蒸𣈜除廟堂固課㘇㖫㗂助特民𫅜矯𣌝挼渃吹渃虐挼隊朝添固琴蟡恆挼遣𠊚烘𠖾動念西卞遣力士彦㝵撟帝乙吏庄挼擬底典挼意隔阻󱪌挹餒曩𡞕𫯳挸𫾗朱伶尋𠊛性湼賢𫅜買𢧚挷籠畑泊囉外幔覩𠤆挵𢬣𢮩女世唭課怒爲几主婦挴橷侈戈准寠如䊷固󱗤易和矯𦀊𨑮𠀧𢆥振𫽄差茹衰昆𤵺花派蝶殘振渃𨃐𡽫飭鬼神店𣋚共振𠇮𠫾郎底劍𠃣󰝂𧗱爫𦝄闭除娘吏知嘟振裙振奥十殊󰘇𧯄󱡉󱩬掛󰜋挭愁𦋦𠫾𠴝咹堪苦樊󱋔供埃渚决糊塗吝呂󰇾揚󰜏𠾕碎󱚢固役之役𫅜咍役與役咍咍役󰇾󰇾𦋦𫽄別包饒軍國咹調𩛂堵爫双讀詩愁払審曾句縁㐌󰡊據牢吏𨇒仍𤽗仲逵𥘷𥙩蒸態資質󰇵從𰿘軍𢭾没𦀎𥏋群之庒𭡚古空𠻗𥚇船𢀲官扒𫽖粮群隻船𡮣供娘戈滝民強添惜官䝨俸退󰭻𫅷鄰哭隊尼垠塘𫽎襖嗔𠊛扵低𫳵麻吏𫽅𠓨尼空錢粓󱚉𠫅㘨𪨅𫽄咹朱梞𪮊坦易坤𭓇斫巾招梂󰅹特𧡊仙𠃣因汝麻𢧚病𢯦𢴐姅𢆥𩚵𫗓拯唁低些如𣘃󰮂棱呌霜㗂雁𢯦㙴𤗖書迻典宮蟾俸空𠃣因汝麻𢧚病𢯦𢴐姅𢆥𩚵䬰拯唁𢯦襖𪮏空扒𤞻𤼸蒸尼莊公拁鎌脱𨀈典掑嗣聖武德頭時㐌𢯦事庄特渚呵浪閉除戒意𦍛朋補𢯦翁師𢯛㩒𣘃蠟𢯚𦹵𤲌救朱仍几奔波拱如救𩵜𣴓麻𢯙𩻟𢯒䏾𢯒每小僧𡗋𨤔美苗𢯏𢴾朝曆習妙樣清打𢯏曰双耒𢯊𬆄𨖲榾抶𨉞抪桧捍𧚟𢮿工𫤡拙蹎潭蹎超丐𢮿捧産𨕭𡗶𥊚𥊚人影如𠊛𠫾𡖵擱外名利𢳝頭𢮿伯冷共俊交鋒𢮿饒堆𡥚庒通蔑除𠀲搭𧜖𦛊𠀲𦧘𢮿呐耒𢮿果登呈𠰃尼庵寺𠬠命𪞷𠫾𢬣扲半月󱣫𢮵𠅜呐剛𣦛拯𢮬𣒠屈歇縁唒𣑶荼行拱󱋃角底𢮩撟擱𢵯魚翁𧗱遠浦𢮩𧤁牧子吏孤村𢮑𣖙𢮑𫇶漿枵昆掬於边𢬣扲掩昆󰝡𠓨棱尋旦蒸准柴糁𢚸掩掩𡨸鴈封𡎢邊𤂬閣芹鉤自然奇悶󰕛推讓𢄂畨群呂江山群夷異端𠸗唉排排吏添道佛道𡗶冰控𩛂𢚸𤋾𦛋吏卢退控𦖑屯昆𡛔僑公歳皮𠄩糁絲紅渚控調歌接曲空誇蒸𣳔態坦河右太高𠄩省混同意羅武定接共邊氓𤽗子文拯掣恨𠻆陳公𢜠𢙲掣󰠲吀聖躬阻吏茄鐄底小臣吀料塘探咱固課丙探伴𪧘𢚸踈𠦳𨤮月巴更拯别蹺󰠳探𠳨鳩𢚸逼息麻渚󱙊除渚体𢼂𪞷𪮩𢬣鲁𦝉初麻探󰏤𬁷世繞探堵爫卒世󰋇𠲖相数渚安咍󰑼爲𡨸紅顔掛強招掛錢信與群𪟽嵗時皮買堆旬掘𢬣甲子計鄰𣎃𣈜𡽫渃碧𢯏排琴󰋇曲梗簮釋撅𡦂排仃仃󱙻歲𠄩㝵双双吟鍾詠閣禅𬮦󰋇排乳房咍咘木排排疎耒󱅒樾馭吏擬店客嗔特排𠅜𣦍渚鬪羕󰅹美𪜀排保𢚸淹朗空𢧚排𦇒𠰘拱停󰬥呐爫之嘵嗷怒屡排掉桂董䁀箕埃㩡㗂持白藤没𡎝戰場𠳒圭答抇容𨱽摸𢝙拱特󰜋排克更卞排𠄩昆𤳇蒸𥪞茹學庄涓𪟅壁庄咍蹽墻種隊頭掑簮添󰮏種玉翁掑庄𥒮翁掑買掑買耒𥹰拱沛提扲掑仍沕群渚敢渚敢朱𢧚沛扲掑隘関兜㐌𧵆掑細尼𬙞𠊛鄰哭我掑𠅜呐迻掋𬧻拯咍屈󰙯𦝄粓買𠬠果茄魚蝦捤堆掇隐鷗鷺咍機𥄭𥛗丐步掇味灰官渭川吏杜掄会元庭元𨤔尤物𤾓朝𢹓捽色玉意爲埃𢧚扯捽咍㐌固情𥢅共𡽫渃𠸦几㕸󰠃肝鳳卜責払算捽𦛌蚕枯断腸数捽󱙻𫥨断腸疎沛迻麻者𠑬呐耒𠰘𠻵指𢬣𬂙盧杞吏捽𨃐捻蹺捽𣈜𬂙󰅹𧡊唏沁諸将讓朱功第一捽名三傑於蒸頭俸𦖑屯㗂縣紳堛師表固髙人捽潙蚤悶捽𠇮𣦛𢀨𥙩蔑𠅜垠𦷾名𪬫謳𢧚捽價髙𪬫欣物類別潙󰅹匐連捽󰭼刀𦋦刘基扲梞𠊛和迍垠菭𡑝鎌捽𤏬𤍶菓修撝捽渚𧷺俸麻󱋔𠰚渃𡽫包停捺㺔算阻吏茹旗西山㐌𨷑𦋦𣹓城户陳㐌律捹𢲣𦀊𢬦㐌𡗋𦑃𣯡㐌󰬥梗高捹𢲳梗󰑼󱉿料粉臙渚𡮍捲㵢𢪀群買聀竜臺欺初𨀈𫥨𢢆𩈘珠眉功名事業易虧𫥨共𡅳翁不忍隊名几㐌爫福捨身修行捧𢬣𫽄折打杶𫽄通𣊍𣊍人影如𠊛𠫾𡖵霪󱯶𣘃甘棠渚割渚捥捥𣘃自課群嫩𠰺𡥵自課𡥵群𡮲𤵶𦝄柳捥𠰘花唭固蓮骨格固梅精神𡥵滝湖渃碧𠃩曲捥絖身尼捥𢰳爲縁拱甘𠬠㗂婵娟底𠁀㨂梮𦷾札札㨂櫃底於冲宫𣈕𡢐英𠸕绳𦟷𠰚油些襖襀斉床蚧󱣸𩯀埃爲󱣈𬮌馨摆昆信󰣡媄朱事㐌嗔悲除朱󱢳德主枝秋𬑉每𡨧冷欣每事世間双离𪮏奴連亘虚𪠞如桂檜扒庄特小時能󱢳唒㖧奇時𠰺𠴗呈踈呐朝塘作合𡗶箕撴󰈆𰔐每碎旦咹宴傷払寃沛㩜尼獄刑𠦳鐄坤贖唒𫽗𥔦𪮔𥹸𪮔𫇿扽拙斟雜俸皮真𪮏横子󰑼丐屯𪮏𨤰󰠲亇𪮍灰腥麻咍別事鍾情月花栫𢱝貂𢱙丐簪軔羅𢱝𢱘巡店箕埃摳𢱖𩵜𢱖𣘾𩄴葉民𨷈户𢳫𦑃㨢扶渃𠃩重粓茹主𢱖最𣈗𢱖埋𤵺󰝸別身𧡊绳日礼差兵敵共拐子羅几𢰽𢰽朋𥮊配𢰥人情𠬠挭𦟐紅𠬠搂啉浪啉𫽄𥙩𬌥主翁買𢬭󰜋搂𩵜𩹪搁句情欲蹺皮孝貞景𬟗援羣𡽫渃𬟗准󰅹󰑼庄准春風完全撰援󰮛援𦡟昂𤂬碧親征擼𦰟天戈占南元北調羅揲散夫人論特𣈜𫅜買传𢶿揲𠸼生倍鐄䏾揲隂光群汰汰𠓇抛抛曜訴令令𫤯𢜠農窖捹揰穭𡗋𡗉秃底防有餘揬襖襊貪𧵑揬秩䃛容邊奸黨恄邊賢才渚敢朱𢧚沛揬提呐耒𠻵𠰘揩𢬣台丁梨握大權封丁皇后蓮殿正宫雙䐗曾典共昆羅誕尼𢴑揞丕侈麻稔𡃹保浪歇共揖饒爫技揖𤽗胡典󱠴揕𤒘揕渃𬑉揕檜揕焒蜂蠟插螉唐連豸真坤提哭嘆头澤󰬭𡹞𤋵𢚸貝渃提情貝𦝄𦹵𨖲提穭𩵜𣈙托虚提澄買𠳨浪緣故󰅹援群坤窖提杄智𢧚智将謀𢧚謀神𧡊払迻餞提携吟詩麻解𢚸圭嬌濃倍鐄𦥃𣅶流離群󰝡愛女提携𡢐鞍聚落廊哿𢼂㝵提多金銀珠寶提多少之泊鐄無數提多回功柴拯兑戈調之箕文帝𤤰䝨漢代𠳐印封外揆親王𢄂󱗫󰜋𣎃󰮏畨﨤姑行󱢺結姻縁𣃣耒眉𠫾󱢹𫩉𧵑𠊛低㐌固𣈗蹺󱢹𧵑眉娘自托特𨑮𣈜荘王併󱢞𦰟𢬣㐌苔呐催𫽭襊𥙩鐄𢺺朱仍几獄場爫恩神王𦖑別曲挼即𬀦𫽭曳餘𨒒丈髙𪮞𬚸𤞼涝滈屡𦉱払𢲲團󰬾蹎潭蹎超為老𢯢𢲲双每役媄𫅷㐌𫽄台餒底𡥵𢲮𠮾𢺹裴牢安𢲫連𩚵󰢃𠰘𠶆云仙盜濫𢲩𤊬枯搧瀝意󰑼冲功嗔㝵君子𢲨唏陽潤蒸𧯄瀋𪧍𢲧𣛨桂移船㳻賖悶䀡鹏𢲦𦑃𠖤矇牢𡥵會𧏵𩄲及𠊛埃悶用㘨爐𢲥檜或㘨爐𢲥炭辰沛呐共𠊚署意畧𢲥𥶄𢲥襖𥯒闷浪𥺹侼朱𦹳𠀧𦒹𨑮𫤯辰𢲠奇𣈗阿難摆嵬麻曳若派昆五逆摆析歇僕渚那𢸡󱦍摄摄𠓨茹固体秩旦蛇昂載𨖲車固体󱚞朱𬌥捁傳𠾕水手𠽖毛結𦀊𩈘渃搽勾𠁑𣳔𤊬枯搧泟意󰑼冲功搥式卒邏󰁰分外荘嚴事相矣修搣勿𢬣擒權将帥搣勿𢬣擒權將帥𠄼更辰𥄭𥙩󰬾𠄩更𥋳搠𭛣茄爫咹搛吏搛䋥搙𢴚油爫𢧚𧀑棟樑盤搓妬埃麻特如翁𠰚盃群蔑准佛座核撑屹屹庄損怒几搌持鯨茹南茹北搈𣘃搈檜搈梗搈𫳵朱轉󰕛𨉓時搈𠊛淑女聘払君子甘𢚸所𢄸㨢巾保母羅乳㨢𤽗仲逵打特錢朋㨞𧵑𥪞撮𨤔尤物𤾓朝󱱼捽𢚸君王之㤕𨕭𢬣撫筓玉麻沙渃𪾺疎使󱤊默動󰌺𢚸𣒢㵢滝庒拉辰󱣼𡎥𢝙併茁󱣅𢬣併𠫾併吏󱣅尼欣𤾓爫之拱󱣄綱常初󰅒𡦂孝三綱𨅸頭共固六呼𠻃𢧚彦吏䧺󱣂捻󱌡𬅷車󱢾瓢󱢾賁󱢾姉绳吳󱢾姑绳瓢坦平詔󱢽葛籠霜𠖤儢固𠳨軍󱢻之旹呐浪𤤰飭󱢻鐄󱢟𨦩𩈘𦎛𧷺𤐝𩈘媄𡥵󱝣謝皇天𠓇𣈕辭者伷連𫥨𠫾𠊛浪妖恠邪侵姑姨埃乃遣󰝡𠫾󰜗悲除沛𫽻䋦愁朱衝自然﨤𫽻𫡉塘𦓡𢧚𩙌㧺梗核摳𢩮𪮦㳥存𩈘渃𢷵竜󱊚几士爫官羅𤽗文斯立典任所縣傷所𦾢𧅕󰊧湼率㝵民拉𦱊結𦰤寅寅𢀦吏𠄩𢬣𢴟育提昂𦋦𢬣𢶢貝虎狼蔑命愁𥢆𩛷𫽄㦖咹紅顔埃劔埃兜仉車𥿗𧺀𠊛𢴜曷鐄𬏓㭲𣘃桃𣘃柳蘿散梗𢴛𢴚𥴗𢴚𥶇耚𠟸𢴘𢴑𢬢迻饒細󰘂廛拱隊斈呐呐空𢧚林泉渚肯𢴑占包閬苑春残信燕𢴑係󰑼𦓅𢬢乙󰑼𢴑𦀊𢴑𢬢梗樁干𩙌速潭池𦲿柳湥霜招兵蘇󰟨奴孟台娘𦋦塘𢴑𧗱𣈙喝门𡄎庒咹㕵之𣈙𬙞𠊚𢴑𢪀扵排元軍魂漂宮月魄𢴐江湖襖戎𢶒吏靈山咍󰑼夭卦邪奸𢴋核戛老爫唐害人𫩝𫩝丿吏創𦋦𧡊蔑𤞻𤽸洡搽渃撑畑𢴇𥑥倗𢵳佑𢴇防𢳶喃那󱚝㤕更長󰇾絲𢳥吏𠄽唐仕咍吏固𠄩𦖻聰創奇庯坊秩狹𠊚冬鐲㤇饒𢲵梄朱𡄾拱辰𡥵媄𡥵吒攔摾摽𨖲摽扔擺摺𤝞潇洒󰋇𢚸它摸特保庄肯摸蔑𢚸𦹳勾窖玄暉意渚冬頭溋󰬭罢吝䀡恪之底𣷭摸針興何𣈘𫳵𣈘買最摸摸𣈘𦥃包𣉹買𫤤朱王威𦋦飭驅除泟如鱠𣳮摳如𤠄篭芃摳翁隊扲更朱碎𠓨城敦丐皮𤵶鄭歆欺意𪞷𢬣雲仙被𪟡摳𣦍𬺗潙柴胡摳㹥擼𫀅智珥昆床和𠫾和吏和盆陣𢈱道士摳拥佛家𥙩錢摱几穊税穊衝耒買跙𧗱擬宜𠓨安子窒𡽫󰠃弹摛渃𤂬拍𢫝𣘃棱免羅摔特塊身從之几意筭韻麻蹺箕鳥獸󰑼類萬物唒無知共扒㧅摓吟傕搊摌才情㐌𫨩詩𪽗吏精琴棋些𧗱㨿帝底麻𡨺𫀢注㨿遁𠫾底默英尋塘󱳮料埃喂㨿於朱𫅜刼尼𫽄﨤底停刼𡢐㨶昂参板旁齊如离夫人㨳󰭃𡢐󱓽噲𨖲㐌𧡊小姐醒寅𧵑󰠲撩㨳之埃󰀎𠊛宮廣咍𠊛臺陽𠊚󱣏𩈘惰陶𣘃朋󱣉英𠫾󰭼𡞕朱碎󰭼𫯳諧詼儔󱒼󰬯󱒼浪志浪才誇𧧯坤頑𫽄外寔他塵縁𪮴歇是非庄兮󱙂󰬥人我蒸欺意𪮴凌凌歇每縁煉蔑糁𢚸店𣈜敦打𣈙朕投佛出家𤾓唐𪮴歇𢚸和惜之𦼚合𪮯𪮯丕𪮭裙霓𥧪𢃱燕撑扛没󱖧没𡥵童𫃸𦖑𡧲𡗶固㗂沛𢵼打麻哭𡂎𠱾㐌㴷玉沉香過耒𣃣埋𫯝㐌𤎜㝵翁䊷䀡𧡊𢵼𬆄𬨠坡療𢵻昆𩵜洡渃󰋇𠊛𢵻鈎蒸欺橛󰞺茹𢵴蔑棱坤𢶢吏斉如初𣋚怒碎𡎢於准㭲多𧡊𡥵大鵬奴𢵰𠊛弹󰜏輯𢵰吏𣘃箕埃𢬦菓󰅹埃扜𠁀𧍆𧍆𢵯𠁀𧑂𧑂陶𨕭命𢵩渃約潭𨖲𡗶𢵋𩙌𢵋𩄲𫴋滝𢵋渃𧗱低𢵋𠊚經尺羅𡱩經嫩𠬠𡬼底𢵋田土埃乃𢵋饒𠫾會挸𫯳包𣉹錢𡠣招𢬣錢𢴿吏𩈘買𫨩𡞕𫯳為滝累住𢴿渡為𡗶最沛累姑𬥓行𠊛調𢴿𢴑󰭻𫅷匿𢚸尋典共和爫碎𢴾木𪃿𢴾抶巾𢴠襖哉排𪖫刀㐌拉害𠊛忠良特庄撴㩡𪽝機牟𥘑庄撴𢩽爫牢𢴑䋦迻緣拱𪽝𡗶爲埃撴𢩽𢪀如唭𢪀典緣由拱󱋨唭𥘑庒撴𢩵爫牢冘昭隊方𥙩麻撰𦷾遣官侍書户阮撰𠅜曲鴛鴦春净唐花錦封撫𧗱󰠋激𠳒勸塔高垒󰒂𢶢𥾽棹忠瀑󰑼𦰟𤂬飛泉渃撩卞典所准達壇法𦊚皮撩畑張輔𧡊𡁾𠻆牢𠓹体沛鶯撩麻燕恠󰜋𨉓咹歇包饒𣛣撤𢋴撣𬕌妾駭吀𠳐𥯌嫩𨇜𦲿𣠖撣𢧚𬕌𠺥庫𣈘𣈗鳩恾撢𢷏𣋚𣈕吝木㐌北時南典低𠳐命聖皇咤𢝙撟捽貝從權奸𩄲𣇜𣌋渃班𣋂詩吟外槾𨢇撟𥪝𦨻撞伯箕丕歆許丕𥪞渃蒸几固才欣㝵丕𪖫撞𦧘𥸷辰𠃣錢撞如𡽫𦋦󱚢𫀢𧡊仕傷𢢯𢢯撘蔑𤓢香奉蜍䏧𡗶埃染麻撑𡴯澮沁撈𢹉撅削台花蜍奉孛𡗶𧼋昂戈𡶀烏巢發󰠲馭摖𠖈𣻼傷喂㩇分野支󱤅娘法則奇覩停輕醜熾󱣾𧗱停嫌𠍦下停吱𧁷𠨪󱣎䋥狔䋥𤟛󱓁𣖙󱓁𫇶𨔈朱𫾍𪔠竜𨨨耒𡢐些仕立嚴𥙩𫯳才些雖𫵈󰏙共代初拱固𢷆𦷾事世堆孤油事世体梗柳𢷀塘涅時動蒸𢚸賒汝細几戎摟嗔𢷀𢚸寬赦󰉧保德𢌌容停扒𢶿塘朱𤻻𢚸民棟梁才固𠇍朋眉茹奇隊畨𢶢跬台輕皷弄号𢶢區巴回行銅𦋦胣𢬥𨨨京京𦖑𢶢筭𬓲𥙩分車鸞𢶢者倍𨖲塘役兵粮󰠃役村社沛固碎𢶢者買衝唐樁課𢶢蔑𦓿事世包饒揾㐌亏我𢶢共𩅘󰇵擞擛因固客𠫾𧗱戈祠感景𢧚䜹笔排默𠊛抇𦲿抯滝堆些據𡨺𬌓𢚸渚差肩輿擎於𬛕尼帝庭𢧚學𫏾箕潙聖智𠦳斤覩操蔑𣈘制急傳軍轎操𨆢𨖅座都察合𠊚同年腏肉舌操言牟分年㲸澡恪饒𠄩類𠊛悁󰘂佛𨆁蹎擉仉𨔍瓢仙痗眜𥈺抌被禿擉被𥺊𠬠船𠬠俚𫽄衝𠬠埕堆𫧂群擃𢬣󱚢媚娘性󰭻𤵺𤵶擃𫯳爫乱麻𣈙蹺吒兑𫀅些󰄸廛些囉𠓨揞撼些秃頭空𩯀撼󱚢󰠳默𠇮拮撻朝堂𦋦󰟯聖架󱚢󰟯竜宫𣈜閑𫗃寬寬旦撻撻掑牕職槐濬𢭻築㩔体像護法涅𥪞𦝄調㩒丐𥏋侯岌󰽱丕㩒樔麻待𠊛些尋󰜋尼庵清永塊餘從󰜋𨉓咹𣍊包饒󱣚𧍆󰈫𧎜朱𦼔撼𦟿弹指󰑼󱣓夢𪮏㝵柴道󰈴𪮏襖拯兑㐱𠓨𡶀瀋𪠞丕𡎝福声声鋪錦色𪤍仁炭炭󰈴塵緣拯𦖑𠅜奴变𣈙𧻭丕卞󰈴襖𣦛𪠞沛刑麻𫽄固昆蔑瓶蔑鉢𫣝𪮏𠫅蒙𬏓糁𢷮台冬夏唎呐𢷣揚諸亭轉爫𬏓󰁰合蒸准𢷣𦇒䋦情唉擱浽讐渚𫺴𪀄典核高𪀄擬杜橛咍秋冷橛初收牢㝵意𪠞准意役𧵆賖沛債戒尸埃唏󰠳擬󱚢𠊚朱添絆䏾玉欣𣃤擢桃紅押縁金𦰦結𢚸豺狼絲𤽸埋󱣜𠄼塘𣩂停󰝂便𥖩底帝欺󱣙䕯欺也糁𦓡傷箕茹漢𡛔呂雉驕淫麻𡏧動尼壁󱓇襖𠸟吏𢷵𢬣嗔𢜏󰈽冲棱史固凌荍𦹳𫾗伴麻制特柴麻𭓇𢸡𪘵𢸛𢸚之女罪𡗶埃𫼳路󰑼𠯦𠻵扱𢷹𦼔閑無事意樓臺幀比翼𥆾於𪀄怒圖連枝吝擼花箕拯別意仍𡶀𧯄󰅹卞擼囉𫏾𪾺𩙌󰠲擲幅萌萌細𫢩歲㐌包饒些擲擲𥾽肝渚𥙩𫯳𨖅西方陛玉𨅸𨔈𧗱東土座鐄𡎢擲󰅹咍󰠱擲狹回世時𫢋拱𠲝移世间帕󱏻㩫頭勍敵𢶢㩡佛撴㩡吏朱命𧡊𣦍𢭮襖󱣡󰮞媄𡥵丐𪅥󱣠𪫢朱碎平江攊姅山河北羅趙尉南羅蜀王󰦻絏吟𥪝𣷭𠫆𢹫率冘總𢹪刁鑽羅𠀲𢹧扦󱙝浪󱙝𫽄𥙩𬌥別包旗𢹣吏畑招正宮𠱊𥆁尼幔𢹍他撻边𪲝意仍埃𧡊𪀄𨻫想書封𧵆賖奴𠽋燕鸚抛帆拫𩙍塵󰅹播燥盞攔𢬣伴合制攔𪮏共車麻𪠞󰜋浪縁𠄩浪羅𡢻𥿥赤繩埃攑朱𫥨拯丕時𠓹代弋弋拯准󰅹可及攑丕𡥵㹥哭𨅸哭𡓮媄喂𠫾𢄂𢺀碎銅楹𣞁染質𨖲如体𡶀𥚇𦓿攝妬底爫𪳘㩱熾㩱囉𥪝𢚸攡攡几別些意浪𢚸些𤴬便塘楊将󰇥醝吏茹細𨆢銀𪿒𦋦𠓨󰇥揚孝情吏󰇥楊饒默𢚸説催辞謝󰡎幔𧗱楼󰇥席圍鵉祝明別󰑼󰇥浽渃尼共埃孝情𫼔𥘀𠄩边𠸕𠻀仍聀周旋固些𠀲𫼔詩襊𠀲𫼳𨢇瓢妬埃𢩧特花畑千年萬帝㗂𠸦抵𠁀撒網才尾𦬑󰑼乙待特才哿揲時亂夾𩈘耒丿俸󰯞𢬣𡶀𣁔𡮈拯連没支恄饒恄奇宗支户行初生催㐌仍恒支腮𣇜𧵆趿几𢭂經答𥪝避忌分明󱤏𣳔廟茹大宗󰡎𬮌數边西南數郎底翥恒沛官哿所𠵩几沛劫扒拯計於𥪞數意𦑃丐螽斯㗂𫅫敲敲丕昆桃卞敲𬰢儈頭朋蒸形鳩善方之㐌治所教麻吏拯娘所教占民𠳐教𧿨𧗱爫碎啻拯沛妯家妯教塘𩄲𫳵窖𡀍󱫠饒吀𪭟𫔳𦖑碎教𪔠村塢廊悶閉希𡗶㐌定姻縁在𢼂役功𡢻𢧚崇放麻恩𠊛停悁放𫥨纀歇乾坤收吏入一毛端仍羅𥆁眜人情胳丐𪁄㓠𠿃󰟁跡放𡥵㹯敗散家室代曾体填堈󰑼敗莓混耕𦓿既苔同喝敖紫背丐敖朗󱏟羕敖彦餒羕魚謹朝葡萄𨢇燶兀敖冷了𢝙之盎𡎝坡措羅域渃救民疎乳蕉𬝉敏𢫝貞󰘂峝敦奔𠃅厨役茹王敦典朱些𩈘𧡊書胡文破胆𦖻𦖑樂北武敦肝民外安廣𢜝敦渚戈󱯭𩅀吏干雹蓬榖道󱖮畐魯敦旌旗散作𫗃霜𩆪𩂟敢嗔領奴爫碎敢嗔讀吏底推朱穷沙魚羅亇敢摳吳破𦟽㪚如𩽖寅寅援淨時㭲𣘃㐌𬕳梗槯㪚索󰘂茄㪚作群之景安沛𨀈蹎𠫾另命㝵廊別特𥙩昌㪚補於准滝𥙩軍𠃣拯敵特悶𨙝衛乂安姉㛪徵側𦖑唏卞𨖲𦛋馭細尼敵共𠄩边化法対敵沒回𥐆𨱽固𢼂象𡗶㐌𢺹𣈜𠫾穭𣜾𢺹𥢬𣈜𧗱穭㐌𧺃輝苔同𦓡𫢩吏堆塘𢺹技𥊚𥊚𠬠景𬮦山𩄎愁逾惨払床朝𤽗差魯固払林林𬆅𣦍扔墨公平扲斤呵固沛貪裴𤈜扱付默埃扔墨扲斤爵權扔𭛣吒昆𡨺𡃚所𢀨𭛣奇朝廷𭛣扔憲誠治扔敬修恩󰪀朋𡶀怛𡶀𪜀打𠓨滝麻浪拯打亇埃所信丕悶典准山房打蔑職𥄭固𨤰󰠲英吏打𩢬注挾播打到外同招錢𫳭魯同包同𪡔因共㕵𨢇打泊棹蘭閑扒課斜陽蔑發戈蔑邏樣扒罪旦柴寺蒸庄咍𡨺床㐌麻扒畑細𦣰時朋娘黄𢭸玉醒𪡔𡄎吏咍之女𠊚𠊚𫀅体傷喂呌饒扒𨫵調𨆢𪞷塘㗂笛󰖁賖澄凌扐行旗𠖤𩃳𡴯𣊍𣊍花𦹳埃庒闷㧅舘使牢麻景永哨𣋚沁暫遇别埃帝麻迻払𧗱𠃅西房𢪀眞𡗄咍韜畧机權倍𤾓白起执𠦳孫吳所少意几逸人𥪞棱𤂬爫蒸𢩾𫁞浪低呵客淎𧗱拱𢧚𢩽柳撴槐朱冲𡛔箕𫯳𢩽誇才夷㛪󰝂才情𢩳𢫟買紅顔梮𢩱𨷯払彊𧻭𢩮精神興𢧚沒律糁韻吟𨔈󱬚珠户李頭桃渃南局𢝙払㐌過醝瓢劉伶𢩮𨕭𢬣弭󱡈埃󰝂人事染味斜陽門栓扦󰁮凍包秩世扲斤天下𢵯扦横穿固号丐扦昂船庫收風月苔戈耨刁鑽𠀲仕扦簫點㗂經扦𪔠𠽖楳𢫝𠰩偈吝鍾和伽藍扦𨤔市城風光固𠬠景情空𠄩式堵纀扣馭𠒦𠒦箇扜𥺊朱𢧚𡥵拯固吒廊盆吝𤁕𠊛些𨃌扜𢪀𨉟𨉟吏添傷餒𨉟潮𤼸𤅶柳笛扛𨱽群及咍別事𢚸外曳庄安朋㝵扛挭󰪀共饒渚鄧𪯾𣄇𠊚它󰉲托些群爫之㐌擛安屡蜆弹蜂吀𪭟𫔳𦖑碎敎𪔠𢪱古𣖖𫥨渃𫯳𫅷𡞕穉󰑼縁𡞕𫅷𫯳穉󰑼錢𢪥𠫾土官蹺𢪏倍傍时它沈玉沉香㐌耒拯𢪏競𢵋回尼𠄩𡥵精奴报怨石生𬌓𢚸报𦑃󰘂廛󰝂󰝂丐埨択渃丐畧扯頭埃𪟽托拯固咍援拋昆博連󱗠秩魂結共抛網𣌋𣅘伴𤿤月恆刁𨆷春恆唯步折灰謨󰑼丐边滝折茶海若析𢧚梗桂子江妃占特職蟾宮蒸欺渃吸乱離󰝡命投賊計之爫𠊚悲󱤗別𢪀爫牢蔭抑󰝅春徐裊意訴詳事月買曾低尔𤽗自意分安双傷寃抑麻填𡮍分𥪝命産塊砒礵𥙩𦋦啐抑决塘捐生把丐竹烘分𤂬英䧺夷英䧺苫碎朱把焒悉肝英䧺紙𦆙𥿠把冷㝵庄渚𭁈㝵庄咍襖把𠬠萌用蔭𦛋釧鐄堆隻舍𢭂𢬣姑半行𢚸姑𢞂把䏾熾朝䏾我𧗱西𤽗意𧗱典妬𧡊規矩𣈜𠓀𠉞調備把三有四恩些願特把招朱些𥙩𣡚𣘃桃些把𦷾𥙩玉瓊瑤意些折蔑𤽗子嬰麻把蒸讐𦒹渃沛滅𡘮呵󰅹固害之奴拉把讐奇眉連蚤官柱國拯特渚遣㝵逐排𤽗余生吘𥙩蒸意把珠迻妯瑰󰁮連𪮏把𧗱𤞺󰑼大守玄丘典欺林歳把頭𧗱𡽫引渃𤂬苔丐竹抉𦝄𬞚󰠱尚奚拯仙拯孛乙拯凣𢲨𢲨蔞芣苢𠃣浪抇𦷾歇緣𡎥㭲核紅抇花楊后𦋦胣滛汚抆𢲣十道悲除刼󱠢固腰固恄事𠁀𦬑梗撑𦰟扵𠊛𣔢抆技掉破梩渚為𫡉𣳔願庄技𠅜经孛𤴬胣尼𡥵別爫牢埃技固山林城市𡶀𦍛梭瓊意羅尼逸士逍遥姑󰅹𫺓卒𣵴朱技扽捉群縁几扽𠊛迻歇縁永𡴯如厨󰜏釘󱚢棱扽檜半侯𢄂番矯奴聚習斈坤𧋟扽𢧚𡶀蜆扽𢧚滝命掑襜綠批󰬲鳯䏾羡池清宛曲𧏵因𥙩筆批浪補志剛細𢚸欲扒壽蔑紀判官拮筆批浪他𧗱嗔㑏道恒古今大被𧜖哿撫批󰞿奄共答店亏庄移翁停𠜯󰘚批𩭶𠅎錢𨎠固几𠵯𬧻固㝵扶鎫覩𠖰塘𫅷愠𥙩𨢇扶跬和吏涓𢚸庫巾調鑊饒番扶跬渃功名𤈜𤈜唯𨷈代螉蜆群固𤤰碎况之類𠊛𫽄固󰒂扵娄󰡎扲鍱釘凍丐釘卬扲包弋默之麻扲局拱爫之扲扲櫃櫃朱虚奇𢆥𦥃󱟽𫽄餘銅󰅹道𡗶公󱙼羕如弋斤扲𦎛昆体吒時扲渃沫庄特扲朋爫摱摱空功扲如博媄空生辰㛪𫥨庯萬寧朱耒莽㗂縣仙遊固先生户陳扱策𪠞蹺𦷾扱𢬣𫀅治𦊚边順和󰅒聖人正扱𪮏𦊚𣷭語󰏙治料𫔳料茄㛪𥙩𫯳𠫾吏貪𠀲姦𥙩繪扱麻福塊妓𤵺爫害绳囚奴朱𠰘𩛄奴󱣨奇𣈘渃󰝶天竺宫庭蓬莱娘󰯁𠄩乳蓮㺔冲臺固𬌔碑排𫼜句天不可楷𤑟𤉜耳鍬丐𪭧𢭄𧒊𦖻恄𠁀桀紂多淫底民典浽沙𡌢𢫟𡎟㗂旁㗂征咍沒𠊛沒彩𢫟𥺊娘綠衣假爫拯別𡲤𢯏𡲤𢫝順𣳔渃麻𢫙船𠫾朱衝才𢫘隊蔑𥘑󰑼拯𠄩𢫑𦖻甕𢫑𢫈𧤁歌𠱆乃身蜍斉幹斤造化淶󰠲秩𠰘襊乾坤𢫅吏耒彎𢫃弓呐𠳒吏拧𥙩𠳒用拥所𡞕料別所𢚸拥𥙩據恪打𤴬典托𤽗以誠拥㝵𪠞保浪海海慈風拥性俗漏漏智月訴機禅和𠫾和吏和湓陣𠅜道士摳拥𫢋家牢丐色䏧吏空沛許𤽗滝溇爫拠棱撑爫茹箕埃董鼎爫之帝蔑㗂鯨拞蔑𡨸謨拜裴倍怛尾工皿蘭佳納招拠例埋招梗吒埋󰝡梗媄貧賤埃羅几重腰拮命招工怛趿𡹡魂𥒥󱠛嶚別󰠳君子麻招命󱚢祝𡗶退㐌連招隂陽應特每調㐌安節買民些拱沛𬥣拙精神冬蔑點𤐝世界恰𠦳層𮥷初拙瀝漏漏英傷姑𠇮他切切他梗高高俸梗羅羅拖槃預拖連共饒蒲拖要傷󰭼󰅹欺梗󰠱英徐戈橋英拖悲𣇞㛪𫺴撝𢧚𡢻拖𢧚恩産𨉞粓𡥵供吒𡥵底𠶆具𫫜朱拖𩛜萌单節夏燶油默針疊务冬𪶭拖𩂏昆𡛔意歛𪾺𪖫拔渃𪾺浪俸󰠳船拔𠓨清三魂七魄漏漏拨𦋦驚魂鬼使𧼌𦋦拨岸𢴑𠳒娘倍拔𠫾事𤾓𫷜󱀄計之悲𣇞萬寧𥉫𧡊𩂟𩂟姅些披拍姅吳哉排補衣𬡢拍典𧵆𧡊固三關佛堂群𡗶群渃群𡽫意埃拉焒𢮏香底埃湼𥒥派鐄尼低𬖆所𢚸欲時溪𤂬拉拯堵李通𠽖軍󰝂公主𧗱宮耒𥙩𥒥拉𬮌𧯄㕠㕠鵉鳯拱󰭦䏾拉拉熊羆㐌保恬㛪朱娘耨仍𣈜拉󰝂小女森圍結緣呐事昌岌每𠳒󰅹別意𠊛𢩾拉昌文㳥拉廢興𥋳沕論鐘回今古𦗏彊毛㗂毛拉拉如𡗶覩湄𣳔船待僊蘇子拈掉歌曲楚詞所󰏷𠠝󱯹真卒醜斗量𢵋担𢆫𡽫𫅷身菩提𢚸明鏡牌拁𩈘壁行廊抾𩵜押油押𦟐縁埃押𧡊払歲󱎶押爫侶堆魚鹹亇押烏雷帝阿罾肢共布張𪡔罾網底布抵甫拮連卞共娘夾干戈娘拁黄鉞𫥸披蔑囬梗枯急閉尼𢧚檜紇㐱披枯立底瓶裊囉𪰛披𥙩嵬𫏾蔑盎茄些埃敢争喝𰙔㖫𠲥𥪝外󱋓瓊󰤠抧苔潙隊旬買別盛虚它固數腰重𠊚仍羅𧵑改解愁改愁燈簽丐改丘畑防欺車助改燒怪𧗱於圭恪辱改昆𪾺𬖉卞因妾閑冉改𢚸賖蒸改職𠰺𢀦拯𤽗時埃𧼋𠓨吏特改身准尼𠄩繩軍典𨎠𬮌改𠅜畑𤍑𤒘朗收店明皇傷惜𤤰嫌掣包𦋦𢚸駸歛觸租税收無數鉑收無垠車書蔑䋦收𧗱竜城𫀅治垂衣久重𢧚庄仃礼件商周特收收特坤奈𡬷剛師兄斎拙娓𫅷冬迻𠫾修朱𠧆𠫾修咹斎𦣰夢於厨湖蓮冲花今今唏霜𣈜𨎠拯埋沛𠀲󱘱箕所劫頭𡓋皮𠀧𢆥𡓁𠻗󰟴螃浡啉沁󰟴虶毒過𡳪螉枚𡢐𣈗杜固文喃𢞂炪炉鐄香𤁕𤌋愁斟󱋓玉𨢇空唏蟾宮䏾㐌斜斜𡅳浪娘急吏茹買𡥵房𦹳渚律𡮳枚󰊄斜船徐拱𫺓𧗱西竺英暫咱政㛪𫀢蔑𠄩𢆥女料𠊛󰅹欣穭稷箕𢷀料料穭稷箕蒸𢧚󱖮斗量苔斗計庄掣之櫨枅櫨節斗計斗重櫨枅丐斗󰏲櫨節丐斗𫯳𠄼𬙞󱸀󰝂摸蔑妸底𡥵欺出嫁𠱾蹺事世舍防欺特秩𢚸𠊚須断課明傷朋黎景琦咍謀丕麻拯咍断件因賄麻断官因𧵑麻朱健吿吹𠊛典餒漂芻丸毬扲木杓伴禅和斫木誇光結共國鎮家奴斤羅𠬠斤𨑮𦒹两𫏾𦛋萌葸恾匝匝𨕭頭斤雪泊披披汝春𣂷杜蔑丐黄鶯仍𫧇朱年㪯茹意󰑼物㪯固号𣈙鸆鶖埃埃魄落魂漂事牢怪󱘯𠁀󰅹固庒固𠊚於县石河有謀𠸜𫿰俗󰑼薊名畧娄㑏𠬠𢚸斋庄孱䀡娘鐄𥒥拯移彼彷吏旦房斋呈払𨒒分骨格𪯾𣄇𨒒分隅𣃺𥋳㛪固特𪯵𧷺渚󱳮農浽渃𡽫𡢐尼官𫇰臣堛新科情岳父󰒂恩師𪯵𧷺畧󰑼㐌特㗂𤵊𢖖󰑼吏特𪯵󱚧共饒𣃤𧡊蔑核椇自邊西麻㵢典俸󰠳𣃤𧡊𠄩𠊛没山精貝没類水精㨿蹺役畧󱤔󱤔哙尋徐浪苦浽方蹺士浪𢫘沛𠖈岧𬨠𡽫項王迻囉塊𬮌時方東侯創丕噤𫀅𫅷挸方𧷺典兜𢧚𥋳朔𫽄辞󱤞最神魄安胣買特安如空󱤞别回頭羅癡拯朋󱤧吏衛𨕭𠃩陛𩈘𡗶𡬼𡬷夣𢒂𣎃𢒂固𩄎媄𡥵𠫾𣌋𧗱𣌆默𢚸𡗶之生𦋦𤽗宜白尼時󱤫生卒𫅜於󰠲麻典餒意𠀧𫷜鎮守畱屯𣈗旹更店󱤛存役官𬁖㗒𬁖咳𢖵埃𬁖𥊚事払妾擬過傷撝干故爫𬁖𦥃浽尼𣈜𫀅花𬈭拯掑𬮌㝵𣋁顛柴𧡊𤤰説感𣋀禪宗指保濕髙事𢚸𡎥橋𡎥舘𫽄𣋀係埃𠳨𦤾辰包饒钱景恪初𦓡庙唉群印爫󱟓朱客婵娟𣌌𣌌辰默𣌌𣌌約朱塊𪱆塊湄連梗禀两代蜍務𨍦晞𪱆𣋝空粓㐌𦊚𣋚𫢩𢚸辰𩛜蹎𢬣痗𤻻𣋑群蹺仙閣鳳𬁜󱙃𣎃󱙃空湄時𡥵半奇𦓿耚𡥵咹妬埃別𥒥𠇍丸𬮌茹强曠世強煩𬮌茹强曠世强煩󰮂䏾曥𣊍𣌌𬁚㐌熾昂頭牢㛪於買爫𢀭朱吒𣌋亏於准廟茹官沕𣌋𣌉碎博共饒合𣌋衛廊渚於淫蒸州恪舘客丕岌凝𠰘𡁾珠沙淚迢迭𢬣擒曩熾𣆐珠璣悶曩襊貪屠雎史祿差爫𠄩支些乙悶閑官悶冷金龟󰠳吏現靈買咍賊於邊𨉟空賖縁㛪箕群󰇾買空𫅷於㛪或來麻於欲皮庄益事尼寔𤑟果然紗衣默沫襖施宕羅債𡶀施離朱方施𫊚𩂏特𤯩意𠦳餘㝵施歇古改朱几庫巾段𨕭天堂𤾓𢆥併局𣃱𧷺㨶昂叄板旁斉如离固宗固族駡踈台鵝毛吻㨿唎願抵朱軍趙蹺連𩄴旌眉蟳𬑉鳯𠶣崙学医㐌󰋇𠄼𣄇嵬胎𠬠病脉群呐差𡢽家㐌稱𡢽家󱤘𢜠𠄩户𠬠茹成身俸𦝄皮屈𦰟𣘃月娥魂唉制󱤘隂宮󱽇𫥨吏沛早行吏󱤠󱥙𠫾吏󰠃饒盘泊旭羅𩈘𡗶買󱲵亭羅𩈘𡗶正午𪰇𪰇芹竹默鈎蒸滝淇𣘃竹綠𪰇如棧床官柱囯箕吏𡨺馭过𪰇裊塘爫𨁪𣰴鵞朱𢧚賊󱁲蹺它󰤠㝹冲親旧𡥙外親昆柴愿孛舍美所染日払𢭗彙日匪願𡎢插𨆝𣍗𦝄𠫾󰤣縁𬄃𥚯荼行拱𫫜蒸𠳒每󰞿拱可󱤮丕辞官聀决𠫾尋最󰠱𠳒誓啫貝家人󰂇平固埃最末跪真咍󰑼㝵崙欺𤯩吏庄群最末共庄固疾之𤾓斫尋𪱕𠓹拯咍特旦都吏㨿𠳒娘𫽄差爫𠊚庒別旦都據信蹺媒卒卢朱命咍󰑼恩旦𣈜生麻召苦啻平碎生特昆時碎朱󱉎主𡗶旦󰅬代矯𫢩𣈕吏累旦身諸侯勉德納威賖時進貢𧵆𬀦爫碎𠊚初史劄体埃群清閑案冊矣刁𢃄苧麻󱙻󰑼荄無毒󰭼𣠲用𫦵旭𨔍台自技衛𬧻恰蔑旬麻生𥙩𡨸誕達𠸜朱所昆嘲鹊𣌋𠳨鴈𣆐𠀧旬𦝄㐌時皮細尼㕵𬏓旬𤽗黎遇因浪九重傳旨噲鏍御𠾕進士新科𠄼𠊛船昔五湖汀󰜋蘿功欣三傑忍堆𠊛𤞻卞辞𤞺𦋦𧗱𤞺𢜠昔律塊𠀧琰塘体事病㐌󰞬𠹾𠅜易拯𠃣𥙩爫易拯𬮦防蔑店元押𠀧妄日㝹讀䜹嘲諷天庭易󱜸賖吹易吏朱𧵆爫身𡥵蝒𠇍吝𥿁絲莽孛所説調哿盃明𤽗忠遇羅㝵昆奔呐昂梗柨伶俐午昂象󰕛意谷蔑真空用隊根噐𣦍信𡗶固負󰅹卒宫官祿旺爻妻兒𢼂紫微㐌𤋵排貪狼守𠇮乙𣈙旺台了囂外景禅天課𬀭鵑哭課𣎀鵑愁唯塘󰁰琰調𣆐𪠞𣌋杜󱙃吝𢷀襖执𢬣昭󱠢皇后𡎥𫢩𫀅朝苦練木羅𣘃春󰠲苦練子羅果春󰠲錦浪固号花桃春典准󰅹󰑼准庄鮮𤾓𨤔如印詞絏𤽸㝵柴道疑所𤳇𡛔鳩𢚸春因欺𣎞共排限𢬦𥙩花課意𠄩昆𡛔意善花恳浪󰕛妾事春䐗涓𢚸花㐱𢜝月漏漏𨤔秋豸映仍𠲖苦行修行𤁕空味浄永星󰘂慈律貝塵间朱院刼仍如情景拱盆星娘強悴㤕秋波断膓六󰀎󰇾麻𢞂星𣎃仲秋渃󱤦倍欣𣎃仲春渃朝𡮈吏󱤦󱥙𠫾吏󰠃饒盘泊𬈋𠊚𫽄固德共才仍𠲖几晋𠊚秦󰅹咍字偶鄧𧵆字佳媄体昆時盃昆体媄時明傕㫭傕共㫭傕栗子紇󱤩艚固几庄別共几爫事󱤨𤽗爲丕固𣈜天下別共敬德主支秋𣌋𣈜綿𠫾𢄂𪰨彗羅𣇟䒹𡳪𨱽霰羅籺雪潵𤀜如𣇟𣇝耒𣇜斜陽𠰳𡏢淡仙𣇊晦𦝄羣𠃅西買𣇊𫢩公主𫥨制大鵬扒庒別於尼󰅹𢚸㐌决丕丁寧实󱤬粓咹𣇜𩈘𡗶𪰮西姅𣈜耒自在親心󰕛士求些及所𣈜𫅜丕欺𣈚暀及所𣈜𣈙丕民愁征戦𠊛𣈙渃𡽫𤍌默別事吏智默鬦事戈羅事聖人丕叔鵉易尚󰭻昆埃𪟽陸遜智欣雲長󰮂󱤤𣋚意固神报𣦍唉𠊛君子固𢞂台空𬏓𣎃夏天俸󰪀曳絲毫渚報矣群歐汝功餒󰪀歆埋生用托𢪀别𠁀󰅹涓朋𥹙𫢩本名󰑼粥𬁄常用調服堪於𪰰歇所節拯女濫所𤯩𣌝𣉍𣉍𣇜𣌋𩙌迻暏𪹷停坦彭澤店亏姅簾暎𬰢𣎞殘共限㝵𠦳琰調𬖉月姅暈𦝄𦝃詠詠𡮍渚缺暈𤼸香五味誦經三乘󰡫悲󱤗奴於󰠲固排󰳃󰳃󰢜󰬙𠫾遶包𬁊扒特賊傀朱安役渃𫯳碎特𧗱𤢇𧍰対特埃筭蔑𪰹󰝡吏江山李朝󰭍𣉹没𫺙没咍合饒󰅹別固𣈜姅催𢚸㛪㐌决辰停㐌穊辰割貝英𠬠𬁒穭𬁒辰穊朱溇穭秥辰𢭮梗橷買𣃣箕󰠳廛𣌋𢄂𬁑𣖖󱖮󱖮搌𤌋𤎎𤎎󰘰𢀭兜仍几𥄭𬁑旭羅氣𣌋旰羅𧵆𪱂對𣋇𣊎𤏬𤇥𤑬焒𤐝鬼魃爫𣌝𣊌颶羅𩙍暴泣𤥑𦊚方暴歐如𤢿孟歐如𤞻󱙼𣈜夣𫡦意𣈙碎𦣰𥄭𠖾最柴暫眞典課𮎦斉𢀨朝暫𢧚夫婦闭𥹰觧煩𤙭顛朂論𤙭鐄𠄩𡥵朂聀󰝂挄𫴋滝巾󰲎爫清蔑赧朱戈𠸂󱚢時彦𠾒𦋦󱤯唭青竹冷更吝競亇冷更頭爫𠬛胞咍更思𪜀巴胞中外免󰆙車近曳威恩曳腰勉信敬朝直猘狗㹥曳哏乾曳干𢚸欲制排逴󱚢相府結堆𡞕𫯳侈𠵌甕令曳𡗶㗂󰠓油拯固𤽗咍察別時妾侯爫等人物如玉固曰𦋦󱚢没𩃳𠠩𡢐没畑竹化年𧏵蔑咍羅禍罷𢚸為曰擼北爫南恾象威顔幀莫底仰𬂙彊敬敬彊𬂙九州四海朝𧗱𬂙𫀅鄭主底碑皇朝共𬂙吏麻共庒𧡊𧡊撑撑仍󰋇岸橷𣈜󱳎𩈘𦝄𧷺菭拯沛方東時㐌創𬰢𣎞囉蒸󱙼𬲇秋蔑店𣎞恰𡶀捲簾花鐄㝵𢭸勾欄𤍊𦝄𨑮𦊚辰蟳两臀羅𠄩朦㬿臀尖朦㬿侖坤掣𢝙𢜠倍勸出板花桃㐌憚󰊄東㐱撞買羣𡎢拯路耒論事恪遣㝵隴𦇒曲𦛌楼夜雨𣅶曷湄沙𠠩󱠿巾𣌺群秦咍拯群秦昌浪漢㐌替眞群之忍爫魔群鳩魂魄庄曾割例群筭𧴤鹤䀡朱買停馭𦖻𣍁河䐁會渃及㝵洡燒悶世會务百官會合跪奏𢜠台𦊚𣷭給收蔑茹清明󰮃節𣎃󰬾礼󰑼掃墓會󰑼蹅青會𫅜坤限𡶀南山高位位昆𤞺特𪠞𬂆𬂆𣎃󱥡蹎𨀈𠫾𦓿𣎃𠄩擺穭𣈗𣈗𠡏能朱咍浪景固𠊛買𬁷几𢄂茹𤤰所㨂󰑼准京師󱳏尊丫㰙𣠳𡮈樣𢬣彈󰜏𡓮时杺󱳣油耗罪𡥵罰𦊚𨒒󱲮吒陀別罪他還参朱達钱貫󰜋𦊚𨒒𦥃如𣘃󱙆共𫥨体𠊛些咹󰭼丐󱥱怒𣩂𠫾欺𬄯欺𨢇欺琴欺詩想𠊚𥙩柳麻推𠊚欺春檜柳欺秋𣝀審如花𣜳𢼂󱚴𠃩𣜲𨑮𬌥拱𬥣英雄夷英䧺苫碎朱𣜋焒𡘮干英雄琥珀羅澦樁化𫥨備檜号沃薦囊𦹵檜爫照花乃核𢧚課篤霜噉𠳨仍之󰮂檜束𢹿檜尋梗群可惜俱胝長老边縣廚固名固蔑檜牡丹麻昆𡛔意卞檜㭲恠󱓍因芒買涅劍檜半𧗱餒吒媄檜頭礼真佛安棖達檜調庄咍莽實爫固罪㐱戾𠇮昆𥘷拯鄧特檑樾槈檑插産𠄩行差󱚢獄院𠾕払邱魁眉昂𦲿柳踈踈卞檄隊每鬼号𠳨𦷾姉㛪傳檄賖𧵆爫󰜩埃志爲民助𠁀太后𫀅𧡊駭雄𠃣𡗉香㯲日疎䏾梗梗𣘃󱥶奔艚商賣之人帆𬅀安分㳥𫗄𡨺𪲍矇奴拱𫨩𣞊𣙸如𡥵𦟋𦢞鹤唿𪀄坤沛於篭遣頓扒𠀲賊窮櫃送𠀲與哿牢朋補垃尼丘壑𧵆櫃准鄕關檻𡦂亞㐌麻茹𤇮𤼸具鋪排檯稔𪻟明勑遣稟所懒床威儀󰳯杖旦厨報天棱羅類𣞻柚子果𣞻甘抛補𣞻拯時𦋦畧𬮷櫥沛𦖑客念南󰀡󰜋𠳒󰮃外謹櫗如𢫕󰅹埃群监呐能󰜋𠳒梓木楛㰁㰁核㰁磊㰁𢬣秃㰁椇櫶坟櫳咹𬃻汝几櫳核樊󱋔共竹共梅共𣘃󱥷楱共𣘃梧桐渃伮例濫國長拯沛蔑户傳󱞫埃浪𦀊覩𦲿𣠒乙𠅜虚丕台湼𣠑𣔥豆棚欄豆板底除檜𣠲害𧘇茹權固号殯宫些𡾵典上公權高禄󰠱𢱎𣰴馬女尋尼曰拱固欺經拱固權白猿初結孫生景星豸訴恬隆盛嘉慶𣡝圍課太平朋𡶀羅浮𠄩𣡚默湄𬲇合散𤽗忠遇󰠖𣡚密𨅸𩯀𩯂覸角𧼋囉疟民拯服坤蒙𧗱塘𫅷路服𬟥長生𡱩单𠄩𡬷朋姅𡱩刼𡗶南󱥝󱥝月𤋵漏漏絳𧺃朕九重𫢩㐌𧵆𡬼𡱩朕共煚󰒂姉㛪朕朱台𩈘𦋦𫀅𭛣朝朕差𤽗尋拿特娘耒朕仕加陞爵賞係𣈜朔望典期𥺹𤼸供𫢋󰀢時咹初𫯳㛪奴𫽄𫥨夷仍体壁𥒥𥪞固准愈連𥕄𣍵題𠄩句疎浪耳輪准意庄堪朱曳吏固号咍望腮固身𪰛谷可𬈋牢朗凭功虚歲索󰅹窒高油悶朱高女朗蕩牢諸兑老星𤑟𤉜㷚㷝𠬠𠄩事情丐妄昆造窖制朗盧貪妄名利𢀨朝歇荣但辱朗𢀭之埃分𤤰黒帝使朗𭛣𡗶𦎛朗補工架粧蟾輪月朗連空屚屚招𢬢𦣰待如𡗶姅店𧗱朗𤤰移船𦋦庄沛𫯝堯昆俸朝敖喭𡗶最耒除朗拱𥹰󱟻𦊛盃務夏󱟻𦒹𢀨節𪱆娘蘂卿𠻵㗂哿𢜝補𩛷咹職𦣰欣𣎃𣎀𨱽罷没課󰬾冬沈㴷劫劫󰀑拯固期囉包除時咍闭除满任固期几恪吏郎𦊚期文𧁷𫳵試杜没𤗖絲紅𫽄別撝催㐌停朝𫢋朝仙𨱽𦝄巽󰬸咹𩛂吏𦣰𫨩𦣰辰固網桃𨱽𦝄辰固襖朝𤤰朱䝨人君子埃羅庄默埃𠓨朝𪡔𢄂默埃󰙅車󱅒馭󱺅󰠲朱固𠨡𬷤渃󰠲朱固白蛇󰥎湯𢆥卞浪㐌󱦇𢲨𦹵萧割𦰟菽𢚸蒸󱳮丕麻㛪崇后闭除黄皮固号核󱤐堵黄野燐󰑼焒麻󱤐本坦󰣡󱚅耚招榪固湄𫳭𪹷󰁯朱蔭󰣡買固穭󱥸卒塘边梂𦹵󱥸群𡽫仉𤞻𦼔󱥸諸宣𠲣𨻫𩙌椿咷撫佛坡署木爫年茹庄噲󰑼吒茹意爲署意庄𥙩事之󰮂𠇮麻爫茹咳𠊛君子𠫾󰠲妬旦景牢麻𨅸歛𢬣利𫽄貪兀𫽄歐歐旦最些𠓨王府滥圖例󰝂補㭲多鷹鷂歐低群󱯝𤏣𡳪頭𢧚生󰬥傳囬𢖖買詳伷𦖑唎𠳨發𢞂󱯝排心事𢜝群吱𠾦𦖑𠳒妾沛料𠳒呌𰙔𫃚印𨁪艶如初付娘吏拮󱚢𰙔󰮂房拯朋遣些特歇所𢚸𦷾丐衫蠏鱟特常歇枚仍性擬悶𨢇歆彈醝疎㴷景歆歆𠾕仍𪟂破驚魄鬼使𧼌𦋦拨岸閬苑覃歆𣈜𣎃遲陳米杲屡娄𣈜歆黄粓歆咹貝果𫉸𣈜蒸㐌歆丕𬌥羝㐌衛典㮔油忍歆󰅹風雨女乙庄拯負職司晨拯丕時𠇮妾歇𣈜歆󰅒丕懸杙丐木底和僚髙竹生竹木𡑝亭㛪生㛪𥪸𠬠𨉓拱生黒蛇号虎芒顛蚺蛇木適𧋻臻哿曳木桂羅花木艚木穉羅花木些㐱刊文碑爫本劄郎蒸渃天國堆徵蚤本𧵑腰頭眉闷𢬭蚤料扒朱沚渃末弄弄呌哭末󱄸󰂇平固埃最末跪真咍󰑼㝵崙欺𤯩吏庄群最𬑉共庄固疾之𪬪𠺙末𫶸炪幽寂𡽫髙耨命山野朶𩄲愁渃秦麻𢧚色最紅雲没朶迍兜姅證路沛村眞旦𬮌權乙調願朱珊㐌撅朱空性識課尼共吒蔑𧖱生𦋦𡲤吏順和朱𩈘媄吒僚耨唏朱边滝󰡎𪤄割兵包󰘵椥𪱴底停蔑尼𠄩繩軍𥙩杠𨱽纀哿急逐蒸𪠞解口束皿烏絨束束染深伴惡空撝麻束蠡歳𦊚󰁰䐗試杜𠫾󰠳𫽄𥙩𭓇路竹筋杜椥斉饒漉篱󰑼杜𣳮娄𩛜辰咹豆咹芌渚𧡊穭杜𣎃𠄩𦓡𢜠念咒一杖指天二杖指地三連指人強認強浽陣雷娘竜村式袄袍湄滇朋几材高眞急呵拯咍賒拮於蒸边南𡶀南蒸边北𡶀北招朱些𥙩𣡚𣘃李些把𦷾𥙩玉瓊玖代李󰯯仁宗蒸南買連嵬务秋湄娄連𣎃模杉𠨡杉󰬲杉太公初𠬛杆构歆埋滝渭默油制盃易󰟯吏吸杆湄最𡗶象橋呐歇源杆朱𠊛奔半爫涓奴𣈙𫡦吝󰘂㨂杄掑店俸脱𧡊祝夢現𦋦謹世審審恪󰅹殿󰊈儉灰𠬠𡛔旬它噡𠄩圓匣侖似果荼娘浪果實如𢈱嗔吒差几𠶆𠊚󱚢冲浪悲除渚𧡊兜庄󰑼耒旦枚𨍦跡之柴帖󰑼柴帖喂𫢩鐘枚󱁕朱碎動𢚸𫳘浪春不再來鍤󰑼丐枚𠰺浪囂乙唏枚朝秋󰟯共𢧚醝朝𠊚房𦹳渚律𡮳枚󰊄鈄鱣鰉号浪亇枚枚𣗾变粉移移鈞竿勤勾妙頭芳餌枚摻底娄亇饒玳瑁丐頺枚解毒安神庄謳兀庄謳𫅷蹽𦝄𢯏桂噲春󰘉塘騫縶宁意馬林󰑼紙勝帶𫃚扲宁𦝄出處隊𪰛調沛道工代呵固󰋇林埃耒林強添吝卞太隂蒸課中秋店林猛雷㗂代林已車世補孛蒸中𦹵林油林種紙共包侖針亇林撑顛種苜飾蒸𠓨祭敬𡨺枕枕㭲枌油吏𨄹戈梗援庄撟𢯏花𢬣㝵蘭󰋇朶落類山野枉味香王者𡗋台匪所昆丐蒸𬖉朋𣘃松𦀊蘿梅點雪柳迎風㙴𬞕󱋨㗂𨤮松迻香玉群隐𩃳𣘃松婵娟待客英䧺往来噤杺朗𡴯如空寨外刻𪔠营𥪝󰈱㗔木綿核杲仍荄冲朝固几𠸫排浪固弹𥘷歌𣈜𢄂東卞𥙩𦟐卞杯軸車箕翁𦝄㭉於滕東英𧗱竹㐌高朋𦰟𥯌𡞕𫯳斎戒𡽫柴尋𨖲闷𨖅辰北梂翹闷𡥵𫨩𡨸辰㤇𥙩柴固𠄜柴買特爫柴蒌󰅹蝼意裊初箕㝵柴道爲㝵些除事害功德𢌌哿錢𥾾𦄂襊晡晡税藻昆柱窖世尾為𠓨徵揆聖青醪桐羅𣘃柧桐油羅油柧𠀲箕油拯𢀥嗔白查典祠傘圓𤤰卞𧥾㖂買咍查𠳨民𣈙事意固庒枻楫餅梩農查魔曾助𬟥曾查柴𡽫扁鵲師𫅷老君壙𫔭外𣷭油弄捕查𢚸柤拱如𢚸𣑁𢚸㛪𫽄別如𢚸英空㐌生󰑼分女兒於朱染日柔眉買頑变沛東花倍倍浸香乙㐱󰬥鐄㐱固雪它庒染泊庒派昆𡥙馬嫌双曰賤𠦳頭柑橘意羅碎柑橘苔園意仍碎分棦吱𠃣分柑隊󰬥橘爫柑𠹾柑杠𦝄󰑚引𪞷魚鼓某亇打郎边伽牛刀刀鋭某𬌥把刀連卒補皐仍扲清腔爫某打村人庄默某法買通𢚸禪拯朱拯𥙩爫垠梗核𦰟𦹵某分駡兮㨿𠳒佛判敢𢗖某分偎㑍某𤞖扲𢬣習营渃撑吝𨔾𫗃鐄𣦛迻禀柉兩頭丐柁两頭号󰑼丐柁於世忍饒𰿘事枼𥙩俸枷爫准娘身木適𧋻臻架曳闔扇㪯枯咍边凍包体𠬠棟昌枯孛某礼南体旦坦𢷆𥙩𬏓㯲𦰤枯󱏹𬅀安分㳥𫗄𡨺𪲍栽𣑺𣘃𥹰𣈜固木𦑃𠖤胡頺子果𣑵𣑳桂𡑝𡢐吏什󱠒𠃩吝台𡨺役𡗶罕灰平𨎠拯𣑳如初麻𠺼分萡𦣰𥪝𦟐𣑯闷咹𣑁𠃩辰𠓨棱撑󰅹埃別特芃𫨩桧簾桐客唉𢠩忙盘迷花壇圓桐花把桎踈世蔑案蔑冊蔑昆𦫼𪽣娘𬥓歇𢯧蹎𠓨栱庄󱳮船栢𰛻汀𡧲源蒸意校分固部固卒兵噠固𧗱固奇㤇饒𦺓尖拱𫫜恄饒橰豆菭𬂻𫽄𫼳𣎃󰁰丐蟋蟀𠓨󰡎𪲝些打𪲝󱥰椥𦓅底㭲木𣒣油或𠄩𠀧湼𣦍𣒠拯恒金珠買吏𤍊稽仉𢭾𦀾䋥𠊛𢯦梮棹󱃨𦓿羅趣仍村真𠊛𠁀審󰦕戈牟春撑悲除主幼茹梨埃几肯爲埃几肯傷吳江侈𧡊蘿梧𠖤特𬁒捹󰬸捹𫃚卞𥙩頭梞𢬦渃塘渃寅寅𩦓創山查果梖𡳪丐梏𨕭坡滝固㕑㕑意固𣘃梏代初箕𢀲梌名浪椰子㕵渃󰣡热去血散丐梇𠱋𡥵竹梅爫伴興踈濃自欺﨤󰣞𣱆梅欺算車只欺隊出𬮦於𨎠府茹王羣籠陵羕意嘹哰梅𠰘排達讒𠲝朱爵拯涓𠊚直祖封侯群汝几擒梅埃𧗱塘𧘇𠇍渡𠇍梂𠇍舘英朱摱錢風梁梁愈鎮歌頭厦跬世梁橛的才丈夫哭為餒切他事世埃排路𪤄𣷭桹橷妓桷𥙩𫯳郡公麻昆𡛔意卞檜㭲恠󱡶春𨖅𣈜吏唏󱦒蟡呌㗂竹更迡點更弩󰣽吀停彬𢱖汿𫥨𢬣𢆥󰅒𠶒㙁𥜤茄弹翁辰𠃣弹󰜏糁𭪧𡨸斈𣈜初涓歇𬃑月望𪩮𬃂准山房拯固𪲣役侵𠓨店󰋇更殘雷竹椥槞爫𮥷󰡎滝船似𦲿椥𠃅𢴿𢬦渃旗𩂏𪨣𡗶𢯧技橋椥焠肯堯敬天敬地敬灵神鉄椎椎瑟打林娄車㗂𢱜𣛠椌篛笠羅𥶄𦲿椇蒲葵箔藩蘿椇飆風干椂揞棺哭𠯿󱋔呢󰒂夫婦仍𥘀爲渃𡽫𠤆𧡊㳥奇麻野𢬣𢴿論棹排𨖲鎫𡗄蒌𤂬𬏓味孛舍城市𡶀𦍛棱瓊意羅尼逸士逍遙棱枫秋㐌染牟關山文字千千萬萬棱儒坤掣矣群内經棱禅乙𧡊年覃蔭唐世󰅹尼庄𥰊高𠸟吏撫𢬣嗔𢜏𬅉冲棱史固凌荍𦹳掄材署窖𢮪棱墨曹固号肾繩倘宜木像鑿爫像棱庒戈連襘𠬠𣇞夢春𫽄󱚊拱体󰑼棦懿筐棦兜迎庄周旋中外𨑮𫷜𤿤忠棟凭謀深渚洪体𠬠棟昌枯孛某礼南体旦坦棟時拱固㗂工工𬃻棗𬃻槾𬃻楣𦊛皮棱棓泣排干戈初曾𤍇史𥸷經仍蒙及會功名棐願𢬣左󰡎𢶢㐌安𢬣右欺意𣦍連蹺棍𩙌㭼梗核摳𢩮𪮦㳥存𩈘渃撫竜󱊚核󱦃𨅹𨖲債𡶀天台𣖠𥪸𣖠横囷𣖜廩庉始頭終𣖛𣖗芃芃搌𤌋𤎎𤎎󰘰𣔻底茶鮮𦲿蓮𢷀榘蓮沉包饒貴物吏尋貴人𡅳停󰜩𡛔榔桄𡅳停茶𨢇女𫼳吱唭丸極侖千軍調歇飭麻辱立技極饒󰜏媄𧡊楳謠𥙩爫󱳮𢜝麻嘆哭𧋉𣩂吏固銘旌失業𦣰亭固𪔠扲更󱈘羅沫𩈘𡢐羅顕身業人所窖女󰅹庄伤埃别󰡎𣎞及𨔍卞意劫𫏾業把鏟𠝇󰭊楛娘𠵌柴𠰺慇懃󰮂朝醜襖殿楓審外𡎝迎𦖻㗂德㘇体梗楊𢷀塘湼時動蒸𢚸賖汝細几戎樓吏𥙩梗楊仕拂課丿之吏堵𠓹𠇮娘户楊哿𢜝共昆隊𫵈補船麻𨖲步拫俗箕椿担傘𢂎󰠵𥙩蒸詔結竹炪𥙩蒸󰸟𣛿椿丐㮢底𥙩𩵜勃渃滝群𧺃如㮠󰬥尼清歷欣払払唉渚打特𠊛些𩈘𧺃如㮠打特𠊛些𩈘鐄如乂耳輪㮠𦖻󰅒蒸默襖學路𫼳󱥩學路卞哿拯体意丕吏或撩𨖲核𠁑辰質󱥦落麻㷝荔枝𬃻󰬸楼𪳔閣󱯀惮掑源仙念𪳔𤋵𠬠󱋓𪳔󰠃誓茘枝果𣘓𣘄割𬚸楊𠵌仕鄭𢚸𣗾㤕娘吏訴源干貝娘𣛧𣗪𣗪荄核𣗪羅𣗪擦㺔𣗪眉奉𠄜香𤐡𣗓耒󰬾冬𣗒𩵜隱𥱰𩵽無𧡊蔑庵𦹵边左边右槞𬏓𣘃金钱交芽橛都槞制𫤯榾𠸦埃窖窖槞𠊛辰𨖲打仉𡎦𥉫懞𡑝槐特青蚤󰑼明糖盤丐檜槎刁斗𫔯銅固槌昆隊𥙩槌𨫊𥪞𪮏襖打涅几昭冘丐槌瀆雙拱沛𬲇𢴐湄動榾𢶢边南边北石橊荄韶榴𤽸𤡛𤽸如銀𤢇鈍如󱕖牛欄󰑼󱕖𬌥盤𣙺菓拯拥坦牢咍木𣙺𣙯𥯌梁樑榱𣙯𣙬花殘𫀅玉用𤐝月醜矯畑拞𣙬人生𬙞糁󰁰枚𣙪代治兵它𣘾擬博義劬劳󰠱挭𠄩𣘾䊷𫇡察察𦲿椥隻𢵋𠃅𢱜隻掑𣷷𣘽模󰬾󰬾補隂除熱󰅒些呐㐌典調庒來節玉庒標𢚸鐄籬樔疎園春𧊉唉㩒樔闭娄湄鎖󰊄樔外𬮙𠦳𨤮别包饒情菓梅󰭺𬙞㵢󰬾󰑼常㐱𣵰蒸𩄴𨎠樓󰀑𦁂蒸春𥪞院樁舍逋持夢橛樑𥉰蒸茹呌蒸樑拯㐌󱡶𠱋𡧲𡗶占占𢧚樑橛𩙍奇油槞拯拙包初延芸𥙩爫親橛樑𢶢渃𢬣蹎𡨺𠇮𤂬彈㗂樂𠷥𠷥𪀄呌猿唿㐌清𢚸禪𦊚馭𩝺於槽朱咹𦹵𦷾朱咹秃𦷾㨂蹎槶闷沁𠖾𨖲𦰟滝桃闷咹槮𤒙辰󱚢棱𩇛翁奇𡎥𨕭槢鐄奇咹奇𬡶吏強奇󱳮於茹𨀈蹎𠫾踏沛蓓𥯓蔠󰤫𧁷巾𫽄别𣘃怒勁𫨩𣘃怒󱦕列板版󱕝辣排芭蕉珠羅玉󱕘唒𠺘恪種仍終󰜋󰊫𦖑翁國語學𬄞通󰡎軒領命𠚢𠫾湥梧落度󰋇𪳵霜淶化爫童子固縁󰜋𤾓𡥵𤞼拱終𠬠𢚸𣛠灵󰟯㐌冉𩢬别󰠲𣛠畑𣛠渃拱戈𣛠絲拱旦吏戈𠃅梂循環𨤰意拯賖月娥󰑼𡛔僑公歳皮𠄩糁𦟐紅當𣛟特機哰保󰡎𨕭每𠊛渚調忌󰟨命輕易典六輸機奴𠸍𠶣駭餒昆旦長成㐌群簮󰒂橛情拯悁係𣈜𨎠恠橘調𪽝物意丕𧵆姑朱便册畑路󰑼橘渺准繁花之停冷錢蓮溋碧水槞槛樻猫宁扲樸風流當澄年少聘饒共𢵧𢬢𡦂縁𦊛皮𡻗屹䏾𡽫喑󰣑𧡊𤽗樵㐌細𥈶樳結榻㯚落鐸邊滝𢄂𡶀茹𪟂𣘃羣娘𦰟丕󱹒檜羣蹺次丕明皇立𡥵次𠄩󱙻󰑼陳旺𨖲󱠢茹鐄次一𡞕𢘽𥪝茄次二𬌥踸次𠀧𠟹𪟓㐌󰬾次𩯀𨕭頭𡄎冲事世添慪朱代述侯敢欠礼常告哀遣使尋𢀨上位智爫獰𤢇才爫𦑃󱢐󰅹泥浪固󰅹泥浪庄󱙎強尋𦷾事保証欵𡢻次一拱沛编󱚢󰮂文契𧗱欵𡢻次󱳾裊空辰仕沛𠹾各欵罰如𨕭姅𢅬永𨤔侈鳩蒸𠰷𡘮堆体𠖰𨱽茹󰞯𪩪午金風揾𫽄差沫𧗱唏𪹷㐌唯唯社𢀲𤄮典餘󰁰廚社𫵈拯劔𠄼𦒹廚震雷𢀮動疾雷𢀮𬞕𢀨兜仍几醝𫑺最𣈗槞烝𣘃豆󱹫𣘃豆󱹫挭󱺁󱺁󱹫󱹫台𡶀梁山盃𤤰禹使帝𢀦𢀨𠄼𢆥󰅹𢧚仍役之富貴㐌停𢀨重㐌𢺹穭屯支󱠥𥙩󰠲朋𣇜󱠤𨖅當時𨀈󱏝𠊛󱏝𨱽手腕古𪮏婉工次一部吏部兵盎那挼󰪀南於工󱐤帝王連治工代𠦳金約対特咍庄吒昆失力󰟨󰠃󰝡饒卞𧼌󱚢工大岸主滔自於𫔳東汝英𡲤吏工𢚸傷吒工欺𩈘𧡊筆花劄󱚢󱠨𪠞󱠨𡄎回𥹰𨤵長賖𢄂發兜𧵆厨皮澄當六初灵工課巴南㕵仍𫶷媄約夷官㙮塘連矯埃𠫾吏巽錢渡昂𢁊仍粉麝香熏𪥌額顙宁𪩱壙平意准上亭髙闊𫪹娄眉𫶼撑羕柳耶𦟐刼歇堵花蓮座昂𠖰育重重錦䙀糁左昆他合饒仍󰭻猩猩𡮈爫軍國𪩥争爵權卒代茹陳𢀥命𢀨使渃北苦酒佔󱏟朱世石精固号丸󰅬囊槌最筆底群劄編蔑些𪠞𢀦役边南琥珀茯苓認買別𪩧群底助民尼𩛜拯固蒸𩛷可󱠦衛拯固蒸㝵可娘團魚󰑼丐巴巴𫷜巳𫷜午埃固時咹𫷐群圍𪩼苦󱼋蹺分苦󱼋𫥨京𠰺𥘷劎咹学行𠳨浪句踈題班𣈜𤽗牢体吱蒸𡗋丕𬋱𡽫𩇛渃碧如𢂰𤳰圖坤頑於坦茄𡮠𢂎𩂏馭騎𦤾低拱𪬡行󱏹行泊吏𨖅行桃琴迻𫗃默椿弹咍布朱奴所対渴尋梅蹅月雪侵巾𠀧𢆥咹於庫巾俸󰠳茹覩散離󱦑𠄩橛𢶢扶持特安𠸠咍誠敬奉蜍󱠷爫役沛罕羅吉慶𤈜𤈜宫太師户尹𫽄󱧩所𢚸󰑼浪爫牢宋公魚固号亇希群饒吝耒宁欺𣳔曳輕衣襖珥半希󰬥番𠳨月刀希桂󰋇丿朝春劔蘂紅僚𤍇希朱紙帋卷𫡌即𠱾迻帖𠶆払束生梅生停分别牢欺𦋦曰帖欺𠓨𢯢花󰅒鐘枚󱁕朱碎動𢚸𦄓結𠰘帒意帝碎㐌別𣦍𦓡阿綿󰑼帝之󰒂󰑼实如爫丕敬礼菩蕯割𠌊𪮏麻助𢃊吒𢃈𩂏縁絲㐌結𢃄同䕯𫡮約𡨸相逢劫娄𢃄鐄𠄩𠖰頂珠𠀧座麻㝵特功𢃄世時強特福𨕭𡗶女𦝄恆紩𢃄湄潤澮𦄂𢃄𢷀𫴋丕馭紅𢃄鉑袄蓝停呐儒𡮈如𤙭𢃄𣈘尿羅渃𢃄驢溺渃𢃄昆𩢬争𢃄魁元榜𤈜鐄生𦋦顔色恪常婵娟絶價菲芳欣𠊛宁𣳔蕯渃莍帶弋弋駢帶倍分𬉵奥帶鞋帽昂㐱咍𪜀𠀲昆𠌊䏾渚𢚸鐄𠬠拱𬆄緣䐗和蒸帳錦分㐌𤘁蒸𬰊春𨴦茹𥾽練祖螉藏蒸𨕭𢄂体𤽗仲逵𢃱褐如土公園荒𨎠固𧋻𨱽󰁰丈𩺩碧帽覩𬈗麻移𪠞邊北体蔑㝵襖帽極𡨧自称浪官大夫户石󰅾𬡢恒掑相連蕩蕩𣈗遲張傘𣌝屯屯䏾葉撫幔槐咳喂󰋇几朝朗𩂏𨕭㡝輕扇𢅅𪮏尾存芒𢄸吝囬𨖲𡶀天台功髙哏幡會斎正期已逆吒那英牢𡗋浽不󱬤𧁷𠨪蹺𨃴嗕咽󰌵身漘羅𡓁𢆕於連頰滝奴󰀎阿難并仍大󰕛竜王鬼神浪貴辰𠄼諫固𠀧只𠊛淑女并空𫥨䏾怒并㐌仃如世卯怒爫埃𢪀朱𬎷𫶷年㝵庄討󰭼饒皮鄧堆年事世平碁北北嶤行庯哭平句對𧺃事尼干據𪽝爲󰠲丐亘牢麻俸打饒或干或侈生天竺𣩂少林墫𢇉蹎𡽫熊耳姅唭姅呐幽唹限𪰹𦋦𣌋闭除仕咍𡥵󱎶幽唹澄㦖𧻭固種默丕沈仍蘿幼底蒸身幻常制馨羅𥒥共𠁑㭲核庄娘𫔸茹萧條人事㐌衝仍羅𢝙傳内堂廳外俸固𠄩撞報信創𣈜托𥙩役恪𢌌𠳨廚固名𢌌𦋦德政寬平立名黄伯底城頴川棱禅恩㐌𢌌傷懇戈󰬷産畑香願㝵󰭼饒咹於󱡁掑樔𢋬𥉫易𩈘昆顛廬㨂𤯩忌𢬣廊覩唱撝乾󱠶拁󱠶孩󱠶茶𧵑咹朱别渚兮吘香突突幹旗旄幹斤造化淶󰠲𡘮𠰘襊乾坤托吏耒㐌势辰催朱𠖾󱚋𤾓𢆥官府永祥喂觥𢆥奔半於𠻦瀧餒𩟻𠄼𡥵買󰜋𫯳才拫渃德󱠺𠊛仉𢵋𭛣武𠊛辰邊文屋󰆍茹蔑茹共享壽康太平分牢薄買皮催身安𢀨度公侯劔𠱋渚劫𧵑民麻拯度蒸難民度󰠳仍几痴迷渚󰝂塵俗責衛𫢋緣課登途梅𣗓惮𫗄离卑边淎度尋昂𣘾渃𪽣潙𨑮群度󰜋𠄩庫巾曳悅某𪪏居𥙩𡞕朋蒸羕󰅹拯固媒延時拯特𣘃竹𡨧延延固󰬮㝵君子払添式默中𢚸㐌花柳陣吏風霜回燕衣襖染式顛式𫯝錦󰠵別包𨕭梗𪀄呐𬺗𬇚𩵜唭僑公式曳𨀈𦋦𦖑昆嘆咀㤕𢚷𢚸鐄合台昆𡥙眉弋弋丕碑㮛𪜀奈何桥自低買弋胣愁篤𫤍󰘂佛庄欧㗂𠊚弋㨢如鉢渃𣹓𥙩尼恩󰒂対尼𤢇𧍰弋㨢祝拯塊𢬣某除柴等曳弋真庄某丿唏侈丕哿湄張䋥弋𥺊󰡎𣘃扒貓咹𦧘埃咍󰑼之意買別處𠁀隨𣅶弄中阮𪮏弄𦖻仍普冬迻啂浪𠊚世󰋗疎㐌菭丐𧚟弄重傷英䏽𨱽羅丐𥿠打𩵜丸弄蔑𦍛種饒生絹𫃵弄尻骨󰑼昌弄󰠃南於工󱐤媄慈挼昆多吏工󱐤數𡗶安達庄羅拯𨎠定𠳨所户𠸜庄冊時唭麻拯疎曳和俸󰞺庐居𥪞達蔑丐床𩄲󱑹󰮃䋦㐌𠽖娘急𫥨圓囷󰑼庉单圍似蒲庉箕凜奴固餘咤之聀重底朱累命達󱙻買噲妸貂蟬,Nom
vi-du-tu-dien-dan-giai-nf.no.txt,典城府哿竜侯𠓨𫏾果菩提蔑店麻𠃩紇底媄底𪜀命𬌥丐底昆𥙩丐錦黄𫃚底中匣意几安慰㐌变𪠞古改每事庄別底朱埃感德慈悲底饒劫願朱親近㐌麻卞底官𠭤衛殿𧍰底永宫撑𫽄𧗱裕宗感動嵬嵬汝𢈱旺母共𢈱克終𧵑自然意𤳷埃朱擬固乘廬恰汜庯趣𢝙𨔈買𦓡空󰇏無盡庫𡗶𣍊吏撝𦖑𠳒払買珠眉𢪀浪節玉庫𢯦特󰅹皮袴命默庫䏧𫃚掑固殳座𡶀𡶀󰀎故巴等座蓮九品嵬髙㐱重每社本坊支綽像佛共會蒸蔑座㕑延應㗂𠳒迻吏陛𧏵達座諫院挸𣳔仉忠底朱老𡴯呵𡴯享貝𩯀矩行𢭾裙𦲿座啉𠸬𢬣𥮊𢬣󱋓客庶𠄩岸𡶀撑卒世獴狸宁𦝄蔑庶顛犛豸吹是非󰅹典𡎝湮霞蔑庵風月伵𠸟伵𠄩𡦂功名𤽗默𤽗󰜋師頭逐𡎦摳楳𠄩小𦝄𧷺等𡨹庵倉𢉽穭嫌蒸造化拯常󰇾揚縁分呂廊主碎󰅒固𤽗楊天錫於杜廊盈買左色空蔑丿職占包宮廣𬂙澄𡸏𡸏髙奴於工卋間包工怛廛斎廛性朗性買侯安恨𢤞拱渚衫師𥪝朝歇飭𡨹廛仉𠑖詹事𠊛權尙書直廪廪秃曳宜默袈裟南帳紙柳鎫坤彊陣東風嘆咀󰅹埃几透共󰟨危简定弼岸𧗱西渃𣷮冷𦀊萌󰁇𦄵󰁇𦄵𢧚丿弼㗂絲品次弼羝眉衛丕所𧤁朗󱹭󱹭箭󱙺弩𫸶捧爵引𨢇仕宜襖曳索朱媒約典呈引𣳔䧺将排情翁吒彙月𫧧課渃强頂𡶀抛抛甫式泊高蔑丈奇𨑮彙補𩯀昂𦝄乳占𧤁天工󰅹固所私𩂏少年場屋㗂虚𫹊射𪪻錢𨨲摸特󰠩鮮乾飴餅篤排弹散鉢鉢弹朗精固吒固媄辰欣空吒空媄如弹空𦀊麻㝵特功帶世時強特福𨕭𡗶女辰󰜏強據𦖑些䀡此因牢眉固凶𡁝争強白俗蒙欺渃強唒貧寒拱強爫鮮槐綠屯屯伞葉張張昆𥉴娘意乙共昆侯扲彈胡蔑張行𪀄伍欺船杜𠦳琰𫀅𩄲汝圭拯除𢶒印强嗔𧗱,Nom
vi-du-tu-dien-dan-giai-nf.no.txt,󰬷娘拱伴禅僧体𤳇𡛔𠄩㝵𬪽󰂐󱁲饒都唭欣蔑除欺拉𧯄欺监󱚢獄室仍石生刎肝鐄胣鉄定𨀈𨖲馭蔑欺𡧲塘侈𧡊小兒𰙔𠳒吀焒𪪳灶炪頭柴修𩆐動呼呼𧏵󱢒立沛吊咹𬟥牢象架号󰑼彭㺔梭鐄𥿠𢳝烣錢絏𢒎彣院煉形脱殼闭𥹰化身類物俸󰠲𢧚𠊛𠸦朱𡥵造寔才姻縁窖彦𡄎台𫽄咍姨月掛𣈙爫𫳵𥙩影泣𠊛󰠲𫽄𤍊爫𦎛𨕭坦底𤐝終𢪀𢚸油庒决𢚸㩒巢待渃除沖特󰅹茄英固𪽣𠄼巢󰜋坡於𡨌爫𫳵朱連窖台䋦俚拱𠾕吁噅㗂鄭巖𦖻鳯凰惨台芒幅像𫯳渚拥几小人麻󱞪茹渃唁味道片黄卷黄河卷卷沚吹英㛪卷𢭯𣈗𣈔𣈗𣈔些󰠃𢩾拖嘆浪係几義忠渃󱳈牢固󰰄𢚸几奸𦊚𨒒𢆥吏嶟𡻖魏卯晋𧷺司馬刧󱠢𫽄𠪾拱体𡥵𠊛上京仍調𩈘惮眉𪠗庫𥋳猪圈圚𤞼边厦厭厭幔霜待客清清𬮌月徐埃鄰羅厭𠳨每𠳒浪牢奇於恪𠊛閉台吏排𠳒恪厭情底䀡𢚸媽節貞箕󰑼𠀧姑隊𥺊𨖲厨排排𧡊仍干戈兵奴時孟兵嘉󰟨危𠁀皮及課元皇因欺太后染方病危柴𢜠苔伵頑危保浪得道時𧗱麻修煚共昭聖同年斫陳守度㐌𢧚頑危卞𢶒𧜵印麻𪠞乃權𢭂印嫁娘結恩昆𫃸吒傳固法如印𠳨包饒𢆫咳姑𠇮姉拱生麻㛪拱生𠦳𢆥群買丐春撑春香即速移蹎情頭白貝夫人闭𣉹倍𢜠催庒𪿒之󰘚南産𠏲即時󰘉𣦍太后惨切𢚸煩渃󱉲昆𤵺坤全江山課𠨪時別固碎冷𫯳坤𡞕特𠫾𠫅𡞕坤𫯳特𡗉𣈗𢚁𥉫固茹𢌊󱚷󱚷𫢶边東固坊嘲󱚶當姅𣎀貝𡞕傳路壁𫨅󰮂茹厄北古𬌥蒸厄准烏蹲福矯共煩󱷻唐礼󰒂敬信涇陽𢜏㐌治安渃茹上皇𢪀𬢱啌𠸦払尼奇󱚽乙𢧚身𠊛親征𤤰󰭽典尼占城共仍比丘哿咍門参彦㝵共孛共咹共於拯嫌共謀議事共参庙堂朱奴打論饒𫢩群埃些仕料𡂲去𠫾悲除注监去除爫丕辰𣈜𣈕罪意旦埃愛恩冷𠖭別包饒諒羅陸海上游賖𣾺寧海屬󱚢廣安倍鐄𨀈𫴋船茹几涓𠊛屬羣𢪀浪埃𪠞杜買丈夫忠孝油𢚸𪠞北免𧗱南府快州固𤽗徐達侯官𪠞制城東關唐𤞻𤞻𨀈唐猉猉𠫾蔑𣈜𤤰陳𬈗船𠫾制滝珥河失所廊盈迎𩈘𠫾盃𣋀參共𣋀昴𠓨朝拜謝天顔禪家爫禮敢參𠳒浪畫浪像意𫥨支閉𥹰𠬃妬固時如空吀埃停𠬖𪽣荒𤤰唐宣旨召兵𠬕銜都護達行交州道深德厚𥙩之報恩午禍𢚸𡗶固厚共庒𢧚𢚸暮雨朝雲客楚娘秦拯塊某厘身眾碎醜厠如𦹵葿㭉於邊塘宮桂𠦳重夾𡬷𡱸約之𧵆襘𡬷󰱺𭁈朱仃歷𡃓娘朱𤞼󱲠咹蔑浪天神󰠳󱟼隱形左右蒸𫢩𡨹纏隐形左右蒸𫢩𡨹纏𨔍𨓡麻悶𠳨制趙軍𩧍𦥃尽尼𢆥尼歲㐌外𦊛󰁰祖母󰑼󰜏内尼嚴父課尼實意吒庄埃咍尼庄釋歌尼尼姉保朱麻別意准𧯄𤞻渚𢱖𢬣悲除歳索󰠱尼語󰑼年老庒除干戈𩛂󰘚𤾓官朝廷共受教法修行爫尼󰅹帽尼󰅹袄深𣷮鐄固別世尼庄󰑼蒸尼宫廟茹官公侯𠼯尸𦋦朱𪇍奴擂固庄些別事些妙常󰑼󰜋尾𫅷󰑼𠄩共制會合盎盃尾尾之𠄩𡦂情緣𡲤名才子󰠱煩佳人永尾岸箕身𢚸喜捨程豹𪤽包強卞和命色固點顛尾黄𤽗子文𩛂排𫏙𣦆𠅜窒剛𣦛拯𢮬𣒠屈屈寂𡽫高耨命山野吟𠿯几屈𠊛群麻𠳒𣷭𣴓𡽫𤷱爫牢挹屍鄰哭蔑欺边塘昆碎染病𡧲唐補屍𮎦群拙伴䝨󰒂𬞺名屋刘平共伴書生特輸󱠎姅局江山功名催馭𣛠特𡘮世間保浪禿筭升扱𩕳柯沒俞漿沒屡絆為󰜋屡𡥵踈蒙欺奇󰞯闭除仕咍別󰠲悁属改命特安邊花󰟯固裊通󰬭墻倍傍蹺屢客命改幅巾羅麻蒸碎於朝廷𨕭󰡎如㳥蹺𬧻𨎠如屢𪠞慘傷别󰋇𨒒層𣳔𣳔渃眜沚𣦍綽𧗱安子㙮𡏦爫層坦意󰑼𠬠塊擱𢭾󱳍壙𡧲固户有巢𫵦祖𧯄咹果𣘃𦹵度𡳤較搊斲𠞸竑𡳣奔㦖半𤵺𠎪绳󰬲𡥵空固吒如𧓅蝳䋎󰬲𥚇虶毒過󰬲螉臘犬㹥粦逐屯磋城㙮壘役屯分吒𧗱塊分昆吏󱚢𥙩𠅜歌屯𥪞几𢄂白蟻󰑼𧋟咍屯遣𧋟奴屯𬙞糁𡱩高丐賣屯牢𡾭𡹟盡頭𡼈高腰饒三四𡶀拱蹽七八滝拱䟜四九三十六󱠖拱戈體重朋𡽫𡶀多杜戾灾𪬪䏾𡑝𦝄咳群扲你𡽫𠹚𥒥音忱責花切爲󰁰戒𫏾尼賖塘挭󰠱稽柴拋𫶜蒸𡶀𬪄固𥒥嶟󱠕𨕭空𡶀󱠓高撑󰑼𡶀雲梦扁名字排翁庒咍翁𢆫㐌𫅷𠄼󱠞翁拱老低麻󱞶𤽸銳󱠜󱠜欺𢝙󱋓𨢇醝空別𠑕𩈘矑𥊚󱠚𡶀賖𦊚方𪨣仍干戈𪨣𡗶𩄓䏾旌旗自󰳅𨖅東南𡴯𡑩别浪払進討尼󰠲𡽫髙振𡴯𣷭賖潙𥆁澄𤌋𡴯䏾楊裊賖体𠬠𠊚󰟯涓涓爫底碎󱳮𦓡碎𣩂𡴯𠫾󰡫帝𨨨鐄征隻搁邊腮桃綿花𡨧屹群生慧日森林捽𣈗𬂙󰅹𧡊唏沁𣈗𠳨客最𬂙𬁖咳雄𨀈濕𨀈髙岌𡹡岌󰁇𢚸鄭貞𢚸隊欺㕵咹堪苦樊󱋔供埃卞𢱜船蹺邊岸鈴釘岳馭冬冬𢵔𥒥𦹵蹽𢮀甚臘岡含須木藍薝永𦝄辰㐌固𬁖永花千里固桃峝仙㛪𧗱餒丐供𡥵底英𠫾峙渃𡽫髙平土宜物産産床別󰠳君子𦓡招命𠓨百官文武朝臣𰿘󱏙享祿萬民太平𩄲瀋別准󰅹尋𨤔𡶀㐱𪩔𪩁𤤰裕宗崩敬筭末孛昆末庄丿曾崔鐘崔茶𣴓拯固事󰅹女崔时合浦朱珠吏𧗱碁泊埃󰑼於固崇𢜝崇𠳚畧臺粧𨀈𠓨𪀄鶯園󱀄當悲𧿆賖𫀅󰘚𪖬顛痴形高𡻓𡻓異奇叱凶仙浪媄北昆南渃𡽫𡻓𡻓㐌甘𰦫󰀩渃滝平平濮濮㤕傷几化几嵬潇洒自然珥歇命雙𤽗仁者𥙩蒸據汝撞意於恒嵬嵬蔑事君親拯肯嵬朱𢧚荼㙁沛味仍醝牟道麻嵬浽茹𫡦𨑮𢆥女油箕怒霜拯拋嵩雪拯移東南征隻蘿帆󱗠󰅟𬑉天台別𠇍𣈜岑州倚勢源𡼹𨒒𢆥開拓󰋇層渃𡽫𢚸𠊚似󰘚埃埃恪山山水水窖蹺隊收吏蔑圖山合水𡬷𢚸敬仉忠臣連𢬣詠廟詠山𠄩牌長几計曳山顛蠍翅漆羅山𦑃諫醜楛仍卒渃山醜𠊛𬙾湼群欣𬙾𠊛蒲席󰝂川甚連詔帆翁浪窖𨤰󱚩饒險灰没𡛔𥙩兜一二𨤰󰅹󱚩窘󱚩觥特󰅹勸𠰺𠄩昆共蹺隊命茹𤤰蒸譴󱚓𠫾默𠢞𡾵天子𧁷巾𩛜󱟯牢麻拯修劫𫏾化𠚢世尼扱󱟯麻結吏沛焒麻竭𠫾畜物空体󱚈特𦤾𣈜固定令座案上級時固体由令官審判交𠊚看守或發賣倂𪞍課󰁡迻𠊚吏𣷭東馮公奏𠠩󰋇𠳒傳尼眞假畑𡗶吀𤐝󱲐𦝄粓買𠬠果茄買󰝡簮橛旦盘共師情󰮂聀夢𰿘萬共空口啞羅呐共身壞命󰠃莎共地獄役意庒兮之㛪吀𠫾當特㐱庄兮蔑丿碍廬𤤰自在外修行拯兮固𧡊朝廷蔑埃㤇饒三四𡶀拱𨅹七八溪拱𨀤四久三十六岧拱戈𫯍箕卞羅將輸朝边北魂漂於渃南𪸄據殿茹些假冒户𠸜些󰀋易𫀅制腰性朗腰欣珠寶𠳒哏咘拱枚𤍌𠰘插𦑃鴻󱗠𠖝寅𨖲䏾溋󰟯𥋴朝󰝡󰝡朝寬寬仍戾兔散彙󰝡歇大眾乙𬼀庄礙󰝡民駡女秩𢚸民浪陳養子固才󰝡軍謁群庄故礼󰒂祭󰝡庄敬討宜信敬奉除拮󰝡𣡚時斎猿辱󰝡𩚵𤽸窖󰝡移移甘堝内耨泊𣳔𠬠𪪳長族󱚳𨑗𠰺浪渚涓半㹥摸羝盃󰠃鶴内貪之𬷤篭扲蒸𢚸窒公爫蒸法窒公𥙩公麻滅𥙩威麻刑𡗶𫳵𡗶於𫽄公𠊛𠄼𬙞𡞕𠊛空𡞕󰅹孔雀实󰑼号丐占公恩爲些𪵯仍業𭁈𡮍拯固事乱单盃皮𦓿𦔙養𫔮趣圭𧜖单姅𧝡底侯除埃𢚸憲太后单差拯昆立𪧚朱𠊛親王限典林泉𬈋伴頭南節典賞春󰑼節上旬明壽每尼遣𠅜告典㝵君子些拱固𰿘具車丕車銮𤾓具迻𠊛宜家事情󰜋帝󰜋低𥙩󱚄辰特咹粮𥙩柴咹腛咹昌之柴𧡊𠸜𠔦𦥃驚惶掣包屏寳鴨凝冷對味𦹳寠想𠊚玉女添凝𩈘汝餒巫山易鄭𢚸凜迻香蔑月咍㐌𢚸喜舍包容󱷷霜女底冷󰪋心肝埃喂扵吏󰬾𣈗唉𠫾𡗶清𣷭永霜𠖤冷𫥌𠁀𤤰永祚𨖲󱠢𦝄𠄻詠詠𡮍渚缺暈𫥣𫨩詩畫咾通琴棋𫥣芸㪯子才郎吏添𡗋𨤔仙方道牟升量冬木苔升𢆥意务冬焒𤈜内武平原鈴玎岳馭冬冬󱙹𡢐潭廕𬮙分冰傾几蔑魂神女彷彿𡗶高䏾素娥凝󱈝󰄜𦝄尼忋𠖾方㝹固昆𠌊冷昆丐冷爲徵盎那爫经敎尼𡶀隊埃塔𢧚髙我𠀧滝冷埃掏𢧚溇梗矗𠽋香刀桂㳥冷󱧚玉翥瓢𡾵神𡾵聖甫張㐌冷洞玉停冷象𨁪封龍蝨茄况𦹳言况之𡗶用德麻拯用威㝵悶𤯩麻拯悶托况𫢩皇后固𡥵堆边蔑拙󰒂群固宗棱禅𡎝净󰑼饒󱧔𠇮之路󰑼料貝埃尼厨禪定畧固蔑凍㝵蒸代仍噲爫墓婆阿蛮雉習仕枚共𢯏𢽳㗂是非庄凍旦腮渚群盧凌爫害困民吀停爫事凌仍女羅道些通別歇凌凌泣和𡳶買埃埃𢢲𢚸汰汰𦖑𠳒凌凌腰辱饒番愠㐌曾𢚸𠊚事世体凌凌𣼯塵𢷀泟凌凌花紅唭呐雪銀賞盘𩙌𦝄清𨠣󱮽𨢇凌瓢𢬣𢭂渃𬑉凌凌侈𦖑㗂呐頭棱涝滈碎嗔移保官南曹减扒數歳傷民减税蠲租律令用皮刑法用公㛪抌身𠫾朱绳𡮣奴𠫅紆務冬𣎃𠗹奴𦣰𨂗𥪝𢚸針針駢篤𢚸圖報糁𡎝󱈦󱈦所域清昆𬌥丐凛昆几士箕如悶綽𡞕衛朱及禮欺󱮭䐗散几𪞴悲除特𧡊𩈘𧍰𫀅功柴凭如公𡗶𣈙計𤤰𨒒糁𠁀傳𠫾賖󱳮女仕眞吝橘典𧵆厨几耶州旦几助官𨕭共賖𧵆𤳇𡛔欣門彦㝵方之坦几𢄂𤍇𥺊珠𠺙檜桂杙杅丐几押頭󰊩昆𦖻𦖑几𥄭几恒庄故㝵酉出吏庄固𧜖奥院春潭蔭𪱆初唯如𦧜󱘄刀󰭌離󱉊丐刀󱚨橷撅坦炪香讀經楞嚴𬏓𠞺﨤干𩙌奇別𣘃󱚙𣟮刻羅丐󰵳鐮𠟸穭𠟲軟詞章賦六文詩方甎劇󱖮似牙土磚丸劇爿𠠉楛𬰢𪖫殘耗劔共几托爫𧵆中𡉎某練劔時盃世𠠚𦧘剔𠠚刺𠛌𢶸劕朝廷文武󱳮欧宮妃皇后𢚸愁󰤘󰮮經阿含呐𠠝𠛨仙人𦊚位𤑟才神通侈𠻵凸𪤄边東南固㗂哭轉傷𡀯払嗔継次頭劄𪞷嗔柴咺飭𠹾煩𪞷功符咒渚專格󰅹呐耒移𨀈倘衝楊徐何荗𪞷功哙尋科尼仙乙頭功歆油固杜拱空𪞷之遣使者邦綽𠄼函舍利孛釋迦𢩮𢬣𫥧準前堂𫀅𦝄小童𠰺保皮衝化𫥧𪀄䳽声空󰘰𧗱𡽫邏渃清𬈋鬪坦凡𡎝俗隔賖𨉓伮自𨕭𩈘典𠁑蹎伮調󱪛󰬵各次形牢朱心力叶同𠝼肝逆賊妥𢚸女兒俸𠀧𡬷氣󱡹𠫾無常一旦役之拱催嗹󰝡兵細打本處辰㐌󱣽蔑𠃝𠊚嗹慧策如闡課尼刊禪宗吏底󰅒流傳刁玉𪠞蒸寬台武固孟柴㐌𫥨󱞧渃褲𧺃褲𩇢𢀭𢥈亂𧁷󱚞咽催時安分滿分𠱾催𪀄雉𪟤蒸𫅫寬寬所𦑃湿高所㗂𦬶渃氣微寒𫦵特热󰘩德𤤰肇祖些𨖲遣㝵使者󰝂信朱勤官英尋碎爫之𦓡勤󰡫𨨠勤約操園諸子埋冷羣固秋冬女仍勢𪰛埃𠹾特𠲖夏𨖅粓固𥺊菰秋𧗱𨢇菊𦊚󱚟清台每䖏每次𩙋每󱚠每次𩙋沒𢆥𡗶㐌達𫥨𦊚󱚠意󰑼底朱𠊛些別辰別節故㝵𪮏扲刀色爲徵盎那麻訣昆末𢪀雖𡶀𠚥𣘃鎌渃銅搥𨫊䐗通爫堵捽鎌奇切㓠光踸蹎逐𨒻虎狼󰡎楼洒梗甘露切鎌大䧺𫽄補特󰅹牢𫽄切𢧚𧵆朱𡗋呵𢧚賖𡽫髙棱瓊山溪塘𠫾險阻󰬥皮切𫢼渃𠨪昆𤵺空全江山景𢞂𠊛切他𢚸形𣘃霜湥㗂虫𩄎噴隔花朗𥋴䏾蟾𫡮篭他切澜襜𠬠㝵㝵村動別爭傳𥙩𤒘分塘蹺鬪昇平󰑼两頭斤庄欣庄釼平分買皮包除󱙼𡮍蔑分畑麻吸󱜝渃眜課分𢬣餘𤾓陣打雌䧺渚分唐戈西域庄𧵆𡎝夷𡎝夏𫯝分𤑟𤉜糞土分坦堵同迈分伤出召報工巴唐苦埃朋㝵茹漢丕戾磊蒸分𤤰碎悲除主㓜茹梨𬇚光茂㓜𩵜𢧚排󰭈𠝇剧削竹󰁓竹性刚埃谏𫽄𠵌每调麻列昆末麻夌昆婁𦊚𣷭調吏典典󰬥列列丐列号󰑼蜈蚣慈鳥占鷂列礼了卢𪀄列丑叉店亏呌󰁮皿陀𭁈双㝵𪠞侯󰞬列列仍店生刎肝鐄胣鉄後南遣使典茹𠄩𠊛虎渃𢢆𤤰刎𠇮昂育坤移衝突𠓨𦋦刪喜捨軟慈悲𣷭斈塲文恒日摆𨷑𠄼𬮌隘𠭤𠚢𧗱計唐利害呐制賖𧵆檜頭工利洳咍边真賴庄底朱欺利𩈘卞別如𩛄𠫅理匭函別底防拮收咍爲盎那󰡰讀念別錄殳句经埃奏𭛣之𦣰語判𦋦𤤰判李通𤽗𦖑𠳒朕判𤌋𨖲𦤾盡天曹民卞𢜠𠒦𨒒分任延初󰭼人倫𠰺𠊛朝清歷󰖽斎盧午󰀎𪪳哿代初些午󰀎盎那巴代些𤽗宗鷟唭浪理𡗶役㝵共爫初𬧻𠳨鶯每餒初𨍦仍埃羅几𠓨侯悲󰅒琢石羅𠜏𥒥卞篤歇𬟥所懺𥙩瓶鉢𤽸和爫剂蔑祝㕵麻歇管甲刼茹籌嵿𡽫刻𥒥底名朝天𠓨𫏾宫庭𤼸功𣈜意刻意可典󰡎廟𤤰徵王共待或頓昆制默結蔑時蒸盃帳秋風欺俸兎制边輪到工生折㗂冤𠰺坦󰠓𡗶曹郎差扒𥙩𠊛󱚕𠫾娘𪮏󰋇丿威𤞻躡明課太平腰歇則核則堵輝𠬠料󰬾𬙞拱料杏元買計源干浽茹𠝖白挼寃𫼢𢬗𢚸𬈋冷欣𢚸𬈋𭁈爫几士意渚𥙩剛爫噒丕這霜󰑼節瑟剛󰑼𢚸雖恪饒塘庄隔某剛双剛󱎾准僊於䐗曾𪠞吏剛𡗶埃別埃󰠲噤𡶀樣𦎛泊𠝫隔𩂟羕鎫玉收𤛠𠞛創兵空仉摳䘮櫗𪱅秩󰅹埃𢪮技𦼔𧯄割據猫𫅜埃女割腮󰝂韶光吏衛漨暮商勑遣官中書相公先羅杜傑率羣臣調默襖朝填功血食𬮙春勑上等神𬮙刼𤌋香𣴓𠳒翁吏拔𠫾浪如碑意勅箕負之煎藥勅𬟥勉羅潇洒戈𣈜𣎃清閒勉特羅仙𣎃𣈜潇洒煩煩之埃扵𥪝世事運清係󰑼勉特益𠇮時催𠡚飭爫𥙩󱉎麻爫所責罰敬𬖉傷𦷾󱉎劸懞狼茶糁迈歲命強弄娄恩払哏咘樣包𢣚𢚸𠱊󱤵襖桃噉悁於本國箕時󱧥悭𢢂於王朝意時󱧥󰇏𩛂巾𠣶頭𠬠船𠬠俚拯衝𠬠埕堆𫧂群擃𢬣𠓨𣡚匏固墱群蘿䐗可用󰮂柴伵户行匏伴出本朱奔半西東犯蒸罪拯𢧚赦加蒸條拯𢧚赦威𡗶󰢓㖂飭神須加𨑮𠄻𣈜女時功完成󰝂饒𠫾穊䖏兑功泠𫽄特特𠄽𡮍𡥵手箭劳孛扲𪮏固𦋦之分𦟐紅坤󰝂𫳘孝填功𫳘劬燈篭劬𪬪炪店最𡗶金鍰鍰劬刁腮劬劳固号花鯨於連戈林彦劫󰠃庄債𠅜经孛闷助特李九重時尋柴阮明空朱勤小僧本拯咍𬟥吏拯涓方𬟜助注傷餒󱄸扵共守度特用𢭗势夫人䀡如各翁貢𦤾󰠲𠊛些嘲待𦤾帝辰別𤤰閻王固旨遣些隊勘欽差領命𠭤𦋦典尼狀於𠓨茹勘𫀅昆𡛔意吏咍動乙𥙩禮呐乙撰𠅜銓鉋包板旁連油林種紙拱包侖針固伤時察麻唭時寃箜笱稍登匙󰑼待欺渃𣴓底麻拮連梮北𨷯𣘃北梂犯吝次𠄩女時扒罰倍併浪吒媄生𡥵噲󰑼󱳮料󱚦𧷺朱安𫯝牢𦬑負才苓𨎠𦛋萌葸恾󱚥󱚥𣦰徐𦼔𦹵細茄鐄匡樸工命特澮𢀨規模塲屋埃磋支區十道樔圍𦊚城𤲌𨒒畝窮連没區几函𠊚匼質唐涝滈屡罢払𢲲團󰬾匿你點紅𡨧鮮𤽗拯𧡊𡛔尼𡛔化固󰜏公主𪨅𢆫化𫯳卞調化爫𠄩㝵丈夫麻𪠞鰥寡翁化婆侖󰜩空丐化辰𨔈停尼固𡞕𠤆尼固𫯳渚𪟽疾妬忌𠇮忌功矯𫅷吏責󰅹𢚸慈悲力量斤𨋤全每恪綱繩容𫧦奇𠄩边功󰠲麻󰆵𠊛仍添𤷍蔑𠄼固𠄩󱞥𦊚氣𬙞󱞥𠄩候運轉拳𢬣踵𨃴季󱼘元頭共吒羅立言扽茹移𢀨買南丕󰂇刁性渃𢚸𩄲乱秦﨤𣅶魚狐𡗶南𥢆𨷑輿圖没方咃浪拯别朱甘别𫥨仉北𠊛南𧁷𢚸拯平些立志些𠀧秋瀋󰦕固󰑼包饒姅店侈𧡊蔑𠊛騎𧍰󰦕󰦕𨕭𡗶𫴋𫢩苦卋庫卋伤卋伤卋月掛寒山詩半幅山含明月酒干樽坦𦓿午隘𪽏秧花午祸𢚸𡗶固厚共庄𠊚江𦣰語午𡗶几时𦣰䏠泣尼𦍛耒𥙩𣎃𦊛𣈜夢糝除午生蔑昆𡛔眠寐盆午午時𦣰対吏咹欺嘆咀𣅶𡎥󱚬即唏𦓡吏𢢇󰠐沒身老顔𡎥祭󰡤浪𠄩𠊚調𫹰字升𬨠𡗶仍恾盤泊説升雁㙮𬂙澄率率細尼升羅𠬠升𨑮鉢路羅𠴼㘃求名酉浪卓特功令㐱𬲢合行𩙌姉買𦝄姨罪障盎那卓績緝挼卒自意蘇定𦖑信別浪群𡛔婵娟󰰆潙固課盤碁卒𧻐車穭卒苔同積累与穭底防後年𡛔絲麻㐌𤻭藝𣌋牢卒㐌玉約鐄誓油麻隔阻江溪拱料聀卑分小尋常拯咍上憲𫳵詳縁由伯娘博𡛔役博空雙碎𣩂𬆄眾碎飭𮤭才󰬃共饒挭博江山中興󰝡吏还原漢朝劍𠄩𢆫春𡃋󱙃󰪢数生𫥨﨤𣅶陽󰠃茶𫧧𡎝壽尋溋孛仙固𣎀咀𥐆咀𨱽󱖺鵉𧜖翠󱷺𡎥𢭸𢭗歛󱚱殳𦍛庄户養庄卢盎那故恩道哿固名黄鸝𥚇𩞝了卢牿牛𤷍局卢俱𤙭茶庄咍謹喃沛㝵牟卢舍光孤僕卞初和蔑𫢩和𠄩趙王傕𪟽李主歇𠵱仍矇𩵜渃𧵆饒󰅹𪟽𩄲渃俸󰠲隔潙清泉󰑼洡沚𦋦巢府卜礼底和𣳮𪮏渃卜𣷷曹溪群分𩄴𤐝𦎛卞論卷指南尼㐌通天地吏咍人情秩句偈卞隱命庄体㐱卞輕補職位爫㝵几圭些卞󰑼昆茹󰆙公丕朗胣个卞程豹𧤂包強卞計自𣈗買旦京費󱰿贈送人情別包𡨸印黄佛前羣𠓑鬪碑初𫏾固𩦓恾𠆍䏧麻烈𣋚󰅒𨑮𦊚枚󱖉埃闷咹𥺹𫥨𦣰貝師達吏吏捐󱮓𪽝坦秩𠊛添𫥨󱮋𢧚沛𠫾尋𡓃营生𫽄咍昆造撩𤽗故󰢔𦎛印𠬠色清新劍󰢔縭𫡎香色渃冲銀𠁺漊及店旦󱲍槽馭𦣰交竜𢴿拖󱚢󰮂罢𣈙庄󱳮船栢泠汀𫡉源丐襖㛪默扯扯花紅𥪝𧞣大紅󱘻車𡥵算𡭉時𠁸𤿦丕𦊚丐󱙺吏𡭉𠓨准寠丕緡𠁻錢拯歇𨒒𣈜辰屯意㐌󱫵󱫵吏騎馭衝𠓨陣伮󰖽錦熙熙丰糁幅香𡗶滂滂捤和岸㝵主舘𩦓廉逴接嗔德主𡗶赦罪朱碎遂󱘁𠫾󰠳𫽄󰜡𭓇路意錢捧乖𡢻󱙀倂󱝨恩支𢥈𡊰𠄩𠊚署妬戶𠸜羅󱙀耒𦋦𦋦旦𫳘󱙀時𦋦東初補獄󰅹咍罪󱙀阿弥陀𫢋白具碎低疎具𠰺之約之𧵆襘𡬷𡱸丿之丕哿湄𫴋制𦝄𣎃糁秋中占包奴典淫共蔑之𢚁妸恒爲些車䋦車𠱾車渚󰞥絲𫥨𡞕重酉𬼀蕉房房𬝉蕉梳乃𬝉払䀡書唒添煩仍群愛乃𠬠边家堂埃苔㘨乃闷之朱埃𢜠朱𥘷𠀲󰅹𠀲乃𡛔󰜩之調体安𢝙遣埃乃𦖻𦖑𢚸動白涓自𤊰乂鐄昭皇自意平󰟯林占𡽫𩇛渃碧如𢂰𦘧圖󰀎丕某甲敬礼群緣挸亇𢮪羮肉机拮舌拮亇共󰑼底乏蝴蝶乏乏拜篭渃些𧯶乏人才朱尚蘇定於嵬絲紅山東𡽫渃𩆪𩂟念傷浽𢖵別乎固𢢯󱘾󰑼蒸㗂丐蠅撑丐蟋蟀於外㙴茹𢆥𠂫所侯悶󰅒羅𡅳保世間罪󰅹獄意拯寃枉𫡛妾𠉞扵𠃅東鄰為机蒼狗郎君昔岸趣産湮霞英式丹汝漢𢚸群丹󰜋󰌺傷陵頭㐌泊𨑮分念丹付鬼神咍㨢鎫扲箒𠸗𫢩󰜋皮爲丕固㝵覔麻拯沛道中恪󰅹𢀲󱙅𪤍提𠰘踈固渃𣳮朱娘𠶖󱘮辱谷墙隐䏾边㙴連𬙛安分𪧘庄明分恪牟脂粉漣羕乳娘西子󰞯頭乳奇債𦖻𠫅尼魚尾高尼卧蚕󱙂󰬥我人蒸欺意谷墙隐䏾边㙴連󰑼𠄩翁𠻀傳也提丑卒調𪰛󰡥囷花強誇卒辰花𣳮渃渚朱苔渃乙潙船悶埃争敵共󰋇𨒒歇飭堆姑底朱丐𧉻昆𪂲奴争從師李卓󰝡兵打散陣𫗄打争盎𩄲几争功𫏾𠊛󱙇分初㤕台媄化𡥵孤默首󰑼乞頭頷󰑼乞含想𠅜媄浪嘆喂昆󱙁些𪠞爫役󱤧亏拯特𥄭𠀧身香焒想𠃣拯負注群粓朱老沒𠃣老咹朱拖𩛜明㐌伤吏典黄巾力士哙浪𠬠𡗶舌固𫡦旬阴阳趙光典帝𡄩𠳒恩神𢩾飭朱碎擛乱修葺󰑼𢶢魯令突乾𩙍𠺙畑殘添冷了身尼坤斫𠳨劉郎造化荄𢧚窖了台達爫蔑檜底麻磋分了牢它艿湼昂啉𠽍畑杏󱙌更月價北里長󰜋𤾓元北副里󱙌𨑮元時意固繩𥘷𥪝村歳皮󰁰𦊚󰁰𠄻𨒒糁𢆥治歳苔𠄼𠄻𠫾摸花菓制𠄻中秋坡𠄺磋󰕛妾戾磊限𫅜󱙍尋約寠𠇮朋昆燕拯忍特氣冽丕篇次󰬾𨑮󱹩義𡞕𫯳修心練性拯󰪌堆𠊛博士蔑柴加功阻𧗱習井習些咃󰑼𠼽貝雲娘󰋇𠳒仕弹散𤚇巴為馬女朱亏義弟兄店亏昆𡛔𤤰秦學𠺙㗂簫翁浪窖𨤰𠥤饒悶𣦍恩主𦬑󱙒道柴㛪𠤆劔之󰬥只劔朱英𠄩抪朋𠄩榾亭意傕臭𧖱亭貪𠰳鼎鐘之之戈細蔑廊侯𧵆󰏤体𤌋香亭亭亷勤節奇須恒捻𫏾𨍦𠶌𠴜云云渚兮泄漏某分調之㝵些固恒呐亘𡗋時技几士戾拯亘丕各𤽗沛亘飭𠫾尋碎吀亘飭役尼噲󰑼几蒙𠊛𠫅拖饒屈𦰟𢬣嘆才盖世𥙩埃爫状渃南些軍些𧽈威𩂶打油同時合飭默麻打鬼妻󰄯𭁈㝵些責重𠃣蔑之蒸𨎠㯲花𦖑勒亟固㗂𢫈𬮌保浪󰀘𣛤󰀘𤽗咹耒買别󰑼𠊚𤵺坤懇爫丕耒麻如丕󱙋𠀧𦝄果𧡊恬蘭徐𠒷雁蔑𣈗蔑冷󰇾𦎛鵉󱙋𤗖󱙋尼條次𫡵𨑮󰬾丐限𠊚當事特抗告定如𡢐尼𧆄𠄼𠀧吊吸肥抛代茹陳𢆥紹豐次𠄼𡥵尼渚別󰜏低吏筭㗂怒𠳒尼停亨世󰅹丑默𫯳些双离卒葉亦𦋦𫯳𠊛𠄩案意固債𠑬𣃣朋丐󱼕漨󱪞𬇚陶空𧡊𥙩空特󰘚𡗶蔑几於世間濫罪極哿十恶共五逆折補吒媄󰝡󱟤𪠞折𩈘日㐌󱴆󱴆茹殷󱼑士卒打淬󱨸助祭蒸几助茹周󰅹埃𡽫𡶀制󰯜𨻫功呵機祖𫢩群所秘官軍渚立𠭤𢬣馭𫢩渚勝㺔𫢩渚彭𪜾吏𦓡瞻𡗶坦子最𥹰𥹰拱創𣈜𫥨󰜏𠉜𠫾勸敎󱪹信㝵車爫󰞿三信可信𪰛疑可疑因歇排事所𧡊㝵些調𢜝㤡拯信㝵渃占𤼸坦麻稱藩臣軍茹明納信默嗔𨙝衛󰡎閻浮蒸盃拯劔准天曹渚𥙩𡎝塵爫俠丕尼尼姉保朱麻別意准𧯄𤞻渚𢱖𢬣𥙩𠄩𠊚固德行仁政麻保爫正副𠆳船𢵋辰俚拱𢵋寔他拱体俚𬌥㤇傷拱体娘妯媄𫯳𦀚䋦󰠲群别󱖕𡗶况之補俗爫僧南溟㐌决鯤鹏化𫅫𠊛於边𧯅歐罕俗𦝄𠓨中𬮌乙羅𫔮儇伶俐𡗋暈月󰁯課渃强碎󰏙罕寔拯俄夫人形樣寔󰑼主張油固係󰅹𪰹𣦍願󰝡子弟細低助難鷦鷯便便囷世爫祖真夜吏咍奏𡗶󰘩清𬲇沫便娄遣帆因𬲇麻特便𤞺娘𤞻默囉威壓木窖便核󰠲年棱󱪞卞挭渃󰡎沉麻𨖲侵侵𨀈𦥃姅潙𨅹𨖲嵿𡶀等尼石盤𠳚戈韱唸󰡎楼卒朝户胡將茹明羅𠀲張輔分軍𠓨爫賊侵劫几𢄂藞青要要辣唏埋春夏鮮卒審滛秋𧗱萧殺冬侵𤉗殘𪡈侯傳奇隊懺𢯢噐械蹺些𠫾尋𥙩公主𥙩特𡥵侯時奴倡翁碎㕸𢯢𥙩󰬾娘侯事召庫㐌侯耒事福󱉎㐌凜午侯拯沙䋥凡𡞕𫯳侯易𢚸󰅹女𠱋数乙䜹恒謹帝要饒󰒂意買群󱙮󱙣㝵󰬅例呐卒自外𠰘例呐醜自外𠰘專飭爫体意𪽝󱙣𠊛呐讒承官耒買𦤾民碎󰑼𠊛低空沛󰑼魔𦖻常倣𦍛勾埃讀窒人生𬙞糁󰁰㐌移𠓨於准𡶀瀋倣󰋇𢆥󰅒丕𥙩特𡥵侯辰奴倡底朱天下𡗋繩𫨩撞叔箕丕撞伯箕丕眉倡些和蹺眉娘哴詩興拱𢧚僧時先倡碎吀續題咍唭咍𡁾倚󰟯󱖮𩚵几不仁咹倚渚襖𠊚無義默庄時柴卞音倚隊吝南無停分之分約𬇚智戈󰁰買可浪𢧚郎𢀭倚势迎昂及昆𡛔卒爫荒庄爲别󰠲󰅹坦󰅹𡗶𠊛𫀢倘倘坦𫀢𢠩𢠩童浪碎本倘兮病之麻遣𠹾皮渚專𨑮𫔬兵孟倘都戈沔江北帝󰑼扶𬞕倘󰠲徬徬𫗄𡗶迻香賖賖倘倘味香梅生𬂙𥉬𤑟娘小姐丐俸𦝄清湿倘边萌潔短名浪倒枯朱󱖮蘿紅俸倎之尼浽沉翁窮𦥃世催𡢼啉𠻗於𦜘𣜾之功报義𡊰𦓡𠊛㐌倍𨖲仙奇耒小童𦖑律󱚢𦖻弄𢜠倍󰬷𦣰𨱽渚專放埋时買𧗱茹路途遥遠賖吹膀胱俸俸哿世亇恧哿俸傷姑𠇮他切切他次一辰修於茄次二修𢄂次󰬾修厨形㑫昆㑫𣎃𨑮𩆐󱙩𣎃腊𩆐動󰜏䝨妃浪𬷤㐌嘅丕󱙢碎𠓨朝㐌𢮿菭丕坦𪣠摊𫽄𢧚㘨󰋇𠳒𤋵歇𢚸愚嗔󰞿渚󰭼圭務女吱役爫𫽄歇辰嗃󱇩𫣂㝵苓𣎃卒底𪝕仙𠫾󰬾𠦳銅敕賜夫人𠊛特如𠋥󰑼𠃣固󱙹𡢐没偻調共𦋦𥋳匏螺号沃丐保鉅銛偻亇底淆󰝂燒拯婬拯殺拯偷害㝵拯固罪󰠳細命监󰅹窃玉偷香謹𥪝名節另塘繁花明㐌伤吏典伤𤴬偷歇肝𦛌局棋󱋓𨢇從容特偷會意𤁕濃味箕昆𡛔意湼拯謹𫅜性涓珥側傷爲縁渚匪縁保信𧗱典喝门張輔󰟨偪移船雷𦋦󰘂𣷭㨂沔廣東况之仍傳偨𢯦歲尼㐌㤕帽尼𩂏腮偨𧴤吱主茄昆若它瘖媄慈買停咍杜咍停買矯謳欣舌停分事渚料吱低𥙩帝𫳵停吱菓柑𥑥𥙩沛橘灰饒説㐌停饒事磊没番仕𢖵没番𬖉江山停伶恪󰅹𣈗初𧡊𡥵𤝞󱙙𦣰𨱽𠳒咹㗂呐如𠊛渚坤𠶣𫣅咹𫣅𠶖底𫣅兵護𡥙𡥵碎𠶣𫣅昆𠌊於工世間𬉵奥帶鞋帽昂㐱咍𪜀𠀲昆𠌊𡗶㐌固庫無盡爫妓固傘固繖固香案悇𤤰固鐘厨念佛傕媄滕哭女底𡥵料計恪󰭼傍爫󰒂󰭼命爫先固蔑𤙭昆棱𭁈󱚢帝𥙩𧤁傍殼意傍𪠞傍吏朱年湼歇𬚸倘󰠲傍傍𫗄𡗶迻香粓𥹙俸吹𠊛化鬼𥺹𥸷易遣󱟣𢧚麻㐱咍求󱟣懺悔󱟣卞羅主󱲍隂陽𠄼福熙熙󰡎庶民𦖑喑所㗂𩆐於蒸󰡎𡶀南山擼誓𨕭瀋󰡎𣾺拯所默安皮𨕭麻𠓹皮󰡎丕天時地利人和󰡎𨕭聚佔羣𠍣𪖫翁百户𠸦埃窖攤讐僂朋丐捻𢬣𩙌香海海信傳𢚸月花意俸連傾傾釰古芮坤徵茹債固磊債之嗔朱𬟜責高㙮共𫀅事秩群𡎢㐌安固几傳保婆金僊典丕𤤰傳天下旦朱公主挸𫯳𤽗課𥘷爫業學路讀冊傳聖賢劄事跡初𫢩因耒買𢮪劄𦋦據冲史記共󰑼傳之墨鋌催墨顛犛𪀄呌花𦬑𣈜春净𥙩𫯳𦀎女𡛔尼吀催棖謹𦊚边魯催化工𡮍庒朝𠊛麻甘蹅坦隊𡗶𫨩󱙬主翁吀𢬭𠀧𤙭𠃩𬌥󱙜𢭄𬮌󰡊牢㐌󱙜𧡊𠊛仙宮呸皇天撻𠎬君师﨤乱停擛乱買安合𠊛爫𠎪制店爫排呵須𠡚𠎦蹺些𧗱茹共𠎊饒𠎊呂外庵者𠍵咹齋冲󰆐咹𦧘連㝵盃制悲𣇞爫客房僧醝𫑺味道仍仍倍紅僧哴枚㐌細潙時調言志𠬠𠊛𠬠篇鄰近茹𢀭奴𩛷𥼲先羅陶侃咹僣礼衛坦建康椎鈽打瑟鉄椎󰪀僚棲楷湯北僚橰僚買茹青猿󰑼猿如㝵僚核角觸之戲路𤠄僚連廢沼𬇚撑仍潦鬼僚倒宜月娥𨅸預邊房𠳐聖𠰺初𫢩詳尽仍𢚸𡗶㐌罕󰬍𠱋𪧻󰬍𧊉雁花群𧺂𦖑呐園春色㐌深信𪝮卞旦官郎仕庶󰕛民儉穷昆意旦厨求嗔調特如所悶媳婦娘妯儉勤些𧡊𠊚些奴保浪保浪绳儈於宮𦝄民安𧛋詔億𫔬物拯𤷍󰍹𠊛拯奸腥惜咍核桂󰮂棱底朱繩𫣢繩儂奴繚姉𢀭姉𥙩翁儀󰕛㛪碎𧁷𧿨𧗱𥙩𤤰󰑼䏧𤞼採價彦星金𫥨塘當價𠊚貞淑𥪞胣𫳵麻仍𩙋𦝄方之󱙗些堛凣𤾓𫷜空托易塘𪠞󰠳排詩𠳨𠶀官𠐅豹𠅎刼𥒥𠏳紇珠群趣𢝙箕牢庒𤳰責𠊛𠏲𤳰窖無情󰮙民事儨軍官仉𠫾𢜏壽𠊛𨖅祝𫅜急𭉩差使者𠫾𢴿船𫤁琰典圭茄柴北𫣿城潭雁㐌淹𢚸𫽄救𡓮䀡𫳵𦬑渚浪𥢆没𢚸些惨𤾓萬𠊛蹺拱󱙫頭坦腹𦣰𫤋丕䏾位𠑖階次𠑕𢬣䀡𨁪𤍊𨑮丕咍生化机𡗶𨔍台爫身畜物召𤴬交𠊚廊盈𧵆交变𢚸腰縈日𠄩𡶀交吏垠𢚸世間㐱蒸𥪞車執𪮏拯交蔑𠅜呐保浪注語󰑼埃初丁公著貝𠊛㐌交役尼交没𠵴碎底麻䀡杞買梅世󰅹苔唐󰑼丐步㐫𦓡自𣈙吏塊𠅎钱摸桧仍𠊚𣦍倘調荣身虽㐌𠅎麻名唉群乱兵𠅍𤽶𧼌𨱽奉晓哰保共𠊛國家惠皇自𠅍渃𫢩江山棱𦹵𧗱𢬣户陳丑相庫辱庄京虎辱婿󱼊睿𫤤毅𪟙尋𨖲安子󰜋𨉟𦤾𡽫東究天明󱙼𣈗拯別蹺󰠳探𠳨𩾛𢚸逼息麻渚󱳊󱳉箕𬁖𡮈如吉如𣻃埃浪渃宋時賖兗蹎些𬖉可默体𦷾搂摠󰑼屯促兗頭咍边𡄎𠳒弹𥘷歌初𡗶湄渃𠖰兑󰑼方西卞打馭急𩧍拯敢兑󰏙吏𩃳陽底花鐄庒兑𤽗仲逵涓所特拯耒兑事恪武芸考兎打破咍㝵𡗶付性於身些道奇綱常𠄼免󰬾曲戽槃海兔𪮏為光󰮆兔𫃚昂秩卞焒貞節𤇥𤍶边江水准賒准𧵆錦𠒦恰山川臺買固𨤔𠒦𠒥𠒦𠒥准樓臺𬈗唏蔭𦲿𦟐甲宜兢孱註󰡒驚魂吝吏𡢐慷慨驕兢畑𡗶辰𠓇四方畑碎辰𤍊頭𬕌茄碎香宇𪩮禅󱈗域域雲牕㗂玉󰠱󱊚󱊚傷為親戚󰒂眞𢬣𠊚仍喂唉𠊚仍名利𢚸它乙仍仍身世於外𤐜𩄲仍仍𠓹𣈜耒悶󰭼𡞕𬙾仍空固錢唒𥹙蒌仍拱特安𡬷胣𫏻尼巴南𡗶乙哿𬋟庄仍羅同穭𤈜枯㝵些共每類物乙庄固准㕵茹漢𡨺特天下拯仍於蒸𢌌賒囷法麻於蒸坦曲阜典祭兵郎扵𡧲城隆福台奴吏固𢚸仇民吹𢧚仄阻每唐𢪀如情景如王䋦愁收饒穭秃積遺底仃𠳨𠶀英拱旦尼朱仃󰅹羅惜景仃伶丕𧡊𤓢𪰛花㐌别身才德𪰛朱吏固仁才𪰛劔德蔑𠄩分𥅞𣅘買别𣎀𨱽於𥹰買别𡥵𠊛固仁某什風騷珠免玉𡬷𢚸憂愛𩯀共絲𠳨𠸛󰑼落鴈臺𠆳𩄲𩂟𩆪𡴯𡗶終󱖮仍恾吝橘園蘭菊乙𪿒令挣盎槾桃𫯳奴初㐌謀爫仉答𧜖󱖮仉令㳥功令苦辱闭𥹰渚甘富貴吏愁干戈路羅𠴼󱋨求名夫人勸解𠇍𠳒󰠃雲姐𬧐茹外探令鐘廛買買工工㨂楳社𥹰𥹰谷谷令扲權𦋦令𦊚方𡥙𭉆𫽄敢㛪傷𫽄𠳒𤍌令應泣每尼六根運用𥪞外神通䏾揲群隂光汰汰󱰛哭代歇怛玉蘭荄代添明渃治茹安代代帝王𨖲治工代課意方西柴丘囉代職意𠸜意於代剛𣦛拯另几權𢀨些本客方賖情期結縁𫅜双剛󱎾准仙於䐗曾𪠞吏蔑𢚸拯固𡮍嫌共饒𣵰󰋞𠫾尋法仙埃埃庒悶伴排買仙惟願孛伤罪戈他勿助九重下旨卽時𣱆陳他罪吏𧗱聀󱓽𤁕他咹默󰬮荣呐唭佳城節典倘巴抉墓赤子昆他宁廛丁昆爫他庄討眾些柴仕分闲別埃麻結爫縁情期丐𥬩仕仕蹎𫴋渃蔑回𠊛些𣵰越別尼󰅹尋家賓𪀄仕瓮茹㐌姅店因眾㝵𥄭𡗋仕懺所𨄠囉群𠰘似瓶它㐱𡨺紇㐱披諸立底瓶咍爫年門卷特体門𫢋俸牢創泣和塵柴𪟽𫢋降柴連供香吝吲旦沔𡽫渃和安𠬠漨景𫢋瓢𡗶𡶀㨬色碧渃洡𨤔撑道仙道佛道伩據牢庄𠬠甫甫道𫯝众碎昆𡥙柴厨生𦋦糜鹿休於連棱󰆙生催㐌仍恒支腮嗔朱奴伐安南先朝土宇吏󰝡𥙩𧗱𤽗張雖户哿仍拯學詩書䐗塊行伍伍羅𠬠伍𠄼𡱩𦓿伊儈㐌民商顒𦼔葛𦣰退主漢𥉰朋筭蹺鬪翁伊工須君上結知買紅謀冲𬀦𢚁并韶咾通計任欣󰬥淡賖劭公誨件门民牒弄欺時柴數𣅶柴良曷珠眜亇恪㐻吀𦎛淑女𥋴𥋳朱詳𣎃󰬾夢󱙃節苓會𣈙󱙤娓誦經供養石生𠫾󱙹李通󰠃兵𪜯蹺𡢐㐌𬂨󱝭㐌𬂨󱝭牢麻拯衛油拯固蒸𠇮茹𤤰牢沛蒸󰮃葛淋𠇮𡗶𠳐𠁑𠄼𩄲朗拯呐麻𠰷𦷾𠇮吏傷𠇮丕箕埃信𠇖秩𤙭信伴秩𡢼𦣰𨂗󰜋𨉓𢫫𦀊拯你動棱爫之抵㗂小僧世唭𥛉𡗶吀𠖾渼㝹矯師歲作𦋦𠓨班寬顯宗歲作㐌衰𦖑󰛩兵变別之羅󰠳𦹵撑伴作習妙𡗉边净趣𠃣料塵緣咍爫年彦卷特体彦佛朕𣩂辰状供𫅷船情皮㨳細坭時佗簮技瓶淶包𣇞侈󰠲伴索𣃣𪞷直共歆儉佔麻迻仙󰝡大󰕛多正南体𠬠棟昌枯𤵺体泊頭坤体𤽸󰛈細𨆢坤别爫牢雉体决頭午尼拯咍𠊚意衛󰠲佐念典桃源𠳨主人𫨩羅𢜝悶𫯳庄佐唏󰠳𦓡挸𩵜撰羮待𣈜揲賊𥊛澄庒𣾺𦷾低共󰏙饒傷明交合𠁀尼實醒仍埃低埃醒朱些𠺥㗂醝碎㐌別𣦍𦓡英尼吏打𩢬些低㛪𠫾尋伴㛪低想󰠲𣈜𠬠低迷別包謀斫𠫾𧗱低之眾保押遣𨖲𡾵𡨺位沛暫𨖲𡎥爫𤤰孤亭位位石磐𦊚务風月沒團山川󰝂棋𤤰釋𢝙佊伴摱󱋓翁刘斈醒醝奴󰀎阿難并但大󰕛共但比丘僧比丘尼屯屯似蜆𢹣塘東自永𣷭西行頭𡽫船珥𢴿伶劄寠伶伶事固涓𠻵南交羅𡎝離明天書定分伶伶自初李南柴伵吒昆兵家子弟󰬾𫔬敵共係𣈕伵孔伵𠫾𣦍󱜺𠴗自󰅒𢖵𥙩𣈜𠄩茹𪬫氣象習俗体哿拯同雙咍𥙩義共爫伴想勾色色空空板床反𫢚共𦍛種饒𤋵𤋾𩩫侫𣦍𥄻𬑉奸侩𦖑𧡊呐儈唭𪽝𫨩呐𠲝沛𡎢挹𣘃埃乃依限平𠳒𠓇𣈜𡎥合於外我󰬾童𠳐𠓨准花房𠻴𠵌童呐𤑟𤉜形容意玉罕娘如依底𠶆具𫫜朱拖𩛜盎那代保侖庄隊律空如固固如空免戈夏免侖冬矮短悶希㙮侖鰥寡𪪳化婆侖典𫢩計󰋇𠁀侖生𦋦李賁奇坤欣𠊛嗔使君哿𩝺威嚴添󱙼例法旦最些󱚢王府滥图例󰝂補㭲多縁󰅹刁等庫庒赦𡲤吘𥙩制詵羅例代初牢可補丕麻群鳩魂庄曾割例忍典㐌哿乙群鳩汝卢例命直户昆庄咍每辱𡧲塘侈𧡊小兒歌𠳒侈󰠲及伴𠫾詩調排󱙻户沒欺鄧詳鍝鋸鋸侈捁來咍㝵窒奢侈麻𢌌蒸庯花街外娘環玉篆群香手鋸号󰑼鋸𪮏竹篩來孛朗陀抛抛代後胡𡧲𢆥開大胡漢蒼囉侁侈及蒸塘𡨺𢬥󰭼德󰭼威民使󰭼時兵待󰭼威遣使𠓨棱尋柴所准意水木丐使固腮貞埃併吻𡀜運𠊚仙欺伴刧塵麻能崔崔勸渚咀嘆老它併鄧󰜋塘叱咍体孛中林占占丕庄損𣈜𨍦吏占榜春戾之𫢋衛西竺油麻底朱仍種妖魔卦厨娘咍呐卦呐奇初󰅒阴盛陽微常情温潤周易𠇍𢆥斈𩑛螠汫誇光子陽語㐌󰬵荣欣𠊛割𠊛迍准静堂𤽸銀詔素創光甕銅雙羅堆光強卞渚兮性氣光扦湼於庄䝨𠳒呐頑危沛㝵牟卢合光孤僕卞强蔑𣈜强兀旦昌𠰘𠊚似蜜味戈兀剛掛先弩半收兀岸扜𥺊𦷾㗂察察󰥎炊𦷾唏兀兀吏添𠄼兩鉑𣳔妬埃󰣞特𡊰功兩鐄車珠𤾓两𢷆行席春銅雀朋󰟯󰑼低𥛗𠱋𧡊永󰕛些押󱚢𤤰上帝呵拯安呵拯安烝𢚸𫠿祭𠁑金烏婫白雁䏾擂摧𣳔碧小童𠄽󱲙丫鬟𠄩𠸜川流吏拱相通童𠀧𨑮󱘴天同聖人官行譴𪜀鄭佐思聖善媄底𪜀命朋猿呌酉昆肝弄怛𪵯糁七固課江楼𣈜㐌𣋁船和群唯㗂丁丁󰘂营侯下專勤𠓨𦋦限朱除丑𣈘枚𨁪旗号銃𥪝外夾攻𬷤丐嘅󰇌涓身尊吒号布媄卞丐𫢩母指阮丐哿世昆丐於工世间𢁊仍粉麝香熏奥𪵯包𬼀業与丘眞孛浪㝵生於工世盎那沃𪜀酉酉庫酉䝨共𫽄𪿒斈朱典世買男兒吏󰝡白雉󰎓󱚢周王𡽫渃圭𠊚㐱𨔍𨓡𣈙𢜏及伴丕𢚸𬂙𧘇丕尼敬礼賞朱𤾓两金銀𦓡封爵當朝一品几𠫾𠊛吏思量闷遣托生爫𠀲於𩛜鄰祿𣳢汫好酒𨢇極言濃性盃𪪳吕並共󰜏󰀩覡󰲴童皮代茹漢𤤰灵帝𢆥𬧻埃𪟽運奇丁公啫𠁀丿化聀濃荘周󱪞𫀅蒸坦合槞桃石生󱪞𧯄噲公主𫥨𠳨傳𥚆𫀅面貌恪𠊛兼羅𠁝𡽫撑撑渃撑撑𡽫渃𫡁𠄩買有情范公廷重𠁟塘略韜𩈘日邅邅𠓬𠓨爲蒸固数劄編先弩半收兀岸入関中嵬承相府收特秦漢祖功先不和感汝羮充,Nom
